#key	name	year	genre	developer	players
2do Aru Koto wa Sando R (Japan)	Puzzle & Action : 2do Arukoto ha Sand-R	1996	Action / Adventure/Action	CRI	1-2
2Tax Gold (Japan)	2Tax Gold	1997	Quiz / Japanese/Quiz	Atelier Double	1
3D Baseball (USA)	3D Baseball	1996	Sports / Baseball/Sports	Crystal Dynamics	1-2
3D Baseball - The Majors (Japan)	3D Baseball	1996	Sports / Baseball/Sports	Crystal Dynamics	1-2
3D Lemmings (Europe)	3D Lemmings	1996	Action / Adventure/Action	Clockwork Games	1
3D Mission Shooting - Finalist (Japan)	Tunnel B1	1996	Shooter / FPV/Shooter	NEON Software	1
3x3 Eyes - Kyuusei Koushu S (Japan) (Disc 1)	3x3 Eyes : Kyuusei Koushu S	1996	Adventure	Nihon Create	1
6 Inch My Darling (Japan)	6 Inch My Darling	1998	Simulation/Adventure	Kindle Imagine Develop	1
Actua Golf (Europe) (En,Fr,De)	VR Golf '97	1996	Sports / Golf/Sports	Gremlin Interactive	1-4
Actua Soccer (Japan)	VR Soccer	1996	Sports / Football (Soccer)/Sports	Gremlin Interactive	1-2
Actua Soccer - Club Edition (Europe)	Actua Soccer : Club Edition	1997	Sports / Football (Soccer)/Sports	Gremlin Interactive	1-2
Advanced V.G. (Japan)	Advanced Variable Geo	1997	Fighting / Versus/Fighting	Interrupt	1-2
Advanced World War - Sennen Teikoku no Koubou - Last of the Millennium (Japan) (2M)	Advanced World War : Sennen Teikoku no Koubou : Last of the Millennium	1997	Strategy/Simulation	Sega CS2	1-4
AI Igo (Japan)	AI Igo	1997	Go/Asiatic board game	ISCO	1-2
AI Shougi (Japan)	AI Shougi	1995	Shougi/Asiatic board game	Something Good	1
AI Shougi 2 (Japan)	AI Shougi 2	1998	Shougi/Asiatic board game	Something Good	1-2
Air Management '96 (Japan)	Air Management '96	1996	Build And Management/Simulation	Koei	1-4
Airs Adventure (Japan)	Airs Adventure	1996	Role Playing Game	GAME	1
Akumajou Dracula X - Gekka no Yasoukyoku (Japan) (2M)	Akumajou Dracula X : Gekka no Yasoukyoku	1998	Action / Adventure/Action	Konami Computer Entertainment	1
Albert Odyssey - Legend of Eldean (USA)	Albert Odyssey : Legend of Eldean	1997	Role Playing Game	Sunsoft	1
Albert Odyssey Gaiden - Legend of Eldean (Japan) (1M)	Albert Odyssey : Legend of Eldean	1997	Role Playing Game	Sunsoft	1
Album Club (Mune Kyun) - St. Paulia Jogakuin (Japan)	Album Club : Mune Kyun Saint Paulia Jogakuin	1997	Adults/Simulation	Societa Daikanyama	1
Alien Trilogy (USA)	Alien Trilogy	1996	Shooter / FPV/Shooter	Probe Entertainment	1
All-Star Baseball '97 Featuring Frank Thomas (USA)	All-Star Baseball '97 Featuring Frank Thomas	1997	Sports / Baseball/Sports	Iguana Entertainment	1-2
Alone in the Dark - Jack Is Back (Europe) (En,Fr,De,Es,It)	Alone in the Dark : One-Eyed Jack's Revenge	1996	Adventure / Survival Horror/Adventure	Infogrames	1
Alone in the Dark - One-Eyed Jack's Revenge (USA)	Alone in the Dark : One-Eyed Jack's Revenge	1996	Adventure / Survival Horror/Adventure	Infogrames	1
Alone in the Dark 2 (Japan)	Alone in the Dark : One-Eyed Jack's Revenge	1996	Adventure / Survival Horror/Adventure	Infogrames	1
Amagi Shien (Japan)	Amagi Shien	1997	Adventure	Success	1
America Oudan Ultra Quiz (Japan)	America Oudan Ultra Quiz	1995	Quiz / Japanese/Quiz	Pegasus Japan	1-4
Amok (USA)	Amok	1997	Shooter / TPV/Shooter	Lemon	1-2
Andretti Racing (USA)	Andretti Racing	1996	Racing, Driving	Stormfront Studios	1-2
AnEarth Fantasy Stories - The First Volume (Japan)	AnEarth Fantasy Stories : The First Volume	1997	Role Playing Game	Ichimura Engineering	1
Angel Graffiti S - Anata e no Profile (Japan)	Angel Graffiti S : Anata e no Profile	1997	Simulation	Astrovision	1
Angel Paradise Vol. 1 - Sakaki Yuko - Koi no Yokan in Hollywood (Japan)	Angel Paradise Vol. 1 : Sakaki Yuko : Koi no Yokan in Hollywood	1996	Puzzle	Scarab	1
Angel Paradise Vol. 2 - Yoshino Kimika - Isshoni I-ta-i in Hawaii (Japan)	Angel Paradise Vol. 2 : Yoshino Kimika : Isshoni I-ta-i in Hawaii	1996	Puzzle	Scarab	1
Angelique Duet (Japan)	Angelique Duet	1998	Adventure/Strategy/Simulation	Koei	1
Angelique Special (Japan)	Angelique Special	1996	Strategy/Adventure/Simulation	Koei	1
Angelique Special 2 (Japan)	Angelique Special 2	1997	Strategy/Adventure/Simulation	Koei	1
Another Memories (Japan)	Another Memories	1998	Adventure/Simulation	Starlight Marry	1
Aqua-world - Umi Monogatari (Japan)	Aqua-World : Umi Monogatari	1996	Simulation	Mizuki	1
Aquazone - Desktop Life (Japan)	Aquazone Desktop Life	1996	Simulation	9003	1
Aquazone - Desktop Life Option Disc Series 1 - Angel Fish (Japan) (Rev A)	Aquazone Desktop Life : Option Disc Series 1 : Angel Fish	1996	Simulation	OPeNBooK	1
Aquazone - Desktop Life Option Disc Series 2 - Black Molly (Japan) (Rev A)	Aquazone Desktop Life : Option Disc Series 2 : Black Molly	1996	Simulation	OPeNBooK	1
Aquazone - Desktop Life Option Disc Series 3 - Blue Emperor (Japan) (Rev A)	Aquazone Desktop Life : Option Disc Series 3 : Blue Emperor	1996	Simulation	OPeNBooK	1
Aquazone - Desktop Life Option Disc Series 4 - Clown Loach (Japan) (Rev A)	Aquazone Desktop Life : Option Disc Series 4 : Clown Loach	1996	Simulation	OPeNBooK	1
Aquazone - Desktop Life Option Disc Series 5 - False Rummy-Nose (Japan) (Rev A)	Aquazone Desktop Life : Option Disc Series 5 : False Rummy-Nose	1996	Simulation	OPeNBooK	1
Arcade Gears Vol. 1 - Pu-Li-Ru-La (Japan)	Arcade Gears Vol. 1 : Pu-Li-Ru-La	1997	Beat'em Up	GOO!	1-2
Arcade Gears Vol. 2 - Gun Frontier (Japan)	Arcade Gears Vol. 2 : Gun Frontier	1997	Shoot'em Up / Vertical/Shoot'em Up	GOO!	1-2
Arcade Gears Vol. 3 - Wonder 3 (Japan)	Arcade Gears Vol. 3 : Wonder 3	1998	Compilation	MBA International	1-2
Arcade Gears Vol. 4 - ImageFight & XMultiply (Japan)	Arcade Gears Vol. 4 : ImageFight & XMultiply	1998	Shoot'em Up/Compilation	Xing Entertainment	1-2
Arcade's Greatest Hits (USA)	Midway Presents Arcade's Greatest Hits	1996	Compilation	Digital Eclipse	1-2
Arcade's Greatest Hits - The Atari Collection 1 (USA)	Midway Presents Arcade's Greatest Hits : The Atari Collection 1	1997	Compilation	Digital Eclipse	1-2
Arcana Strikes (Japan)	Arcana Strikes	1997	Role Playing Game/Board game	Takara	1
Area 51 (USA)	Area 51	1996	Shooter / FPV/Lightgun Shooter/Shooter	Mesa Logic	1-2
Arthur to Astaroth no Nazo Makaimura - Incredible Toons (Japan)	Arthur to Astaroth no Nazomakaimura : Incredible Toons	1996	Puzzle	Magical Formation	1
Assault Rigs (Japan)	Assault Rigs	1997	Shooter	Psygnosis	1
Assault Suit Leynos 2 (Japan)	Assault Suit Leynos 2	1997	Shooter / Run and Gun/Shoot'em Up/Shooter	Nippon Computer Systems (NCS)	1
Astal (USA) (1S)	Astal	1995	Platform	SEGA	1-2
Astra Superstars (Japan)	Astra Superstars	1998	Fighting / 2D/Fighting	Sunsoft	1-2
Asuka 120% Limited - Burning Fest. Limited (Japan)	Asuka 120% Limited Burning Fest. Limited	1997	Fighting / 2D/Fighting	Fill in Café	1-2
Athlete Kings (Europe)	DecAthlete	1997	Sports / Multisports/Sports	SEGA	1-2
Atlantis - The Lost Tales (Europe) (En,De,Es) (Disc 1)	Atlantis : The Lost Tales	1998	Adventure / Point and Click/Adventure	Cryo Interactive	1
Ayakashi Ninden Kunoichiban Plus (Japan) (Disc 1)	Ayakashi Ninden Kunoichiban Plus	1998	Simulation	Shoeisha	1
Azel - Panzer Dragoon RPG (Japan) (Disc 1) (1M)	Panzer Dragoon Saga	1998	Role Playing Game	SEGA	1
BackGuiner - Yomigaeru Yuushatachi - Hishou-hen - Uragiri no Senjou (Japan) (Disc 1)	BackGuiner : Yomigaeru Yuusha-tachi : Hishou-hen Uragiri no Senjou	1998	Tactical RPG/Role Playing Game	Ving	1
BackGuiner - Yomigaeru Yuushatachi - Kakusei-hen - Guiner Tensei (Japan) (Disc 1)	BackGuiner : Yomigaeru Yuusha-tachi : Kakusei-hen Guiner Tensei	1998	Tactical RPG/Role Playing Game	Ving	1
Baku Baku Animal - Sekai Shiiku Gakari Senshuken (Japan)	Baku Baku Animal	1996	Puzzle	SEGA	1-2
Baku Baku Animal - World Zookeeper Contest (USA)	Baku Baku Animal	1996	Puzzle	SEGA	1-2
Bakuretsu Hunter (Japan)	Bakuretsu Hunter	1996	Adventure / Visual Novel/Adventure	Betop	1
Bakuretsu Hunter R (Japan)	Bakuretsu Hunter R	1997	Role Playing Game	Star Child	1-2
Bakushou!! All Yoshimoto Quiz-ou Ketteisen DX (Japan)	Bakushou!! All Yoshimoto Quiz ou Ketteisen DX	1995	Quiz / Japanese/Quiz	Yoshimoto Kogyo	1-4
Baldy Land (Japan)	Baldy Land	1998	Strategy	Creative Edge Software	1
Baroque (Japan)	Baroque	1998	Role Playing Game/Adventure	Sting Entertainment	1
Baroque Report - CD Data File (Japan)	Baroque	1998	Role Playing Game/Adventure	Sting Entertainment	1
Bases Loaded '96 - Double Header (USA)	Bases Loaded '96 : Double Header	1996	Sports / Baseball/Sports	Jaleco	1-2
Batman Forever - The Arcade Game (USA)	Batman Forever : The Arcade Game	1996	Beat'em Up	Iguana Entertainment	1-2
Batsugun (Japan)	Batsugun	1996	Shoot'em Up/Shoot'em Up / Vertical	Gazelle	1-2
Battle Arena Toshinden Remix (USA)	Battle Arena Toshinden Remix	1996	Fighting / 3D/Fighting	NexTech	1-2
Battle Arena Toshinden URA - Ultimate Revenge Attack (USA)	Battle Arena Toshinden URA : Ultimate Revenge Attack	1996	Fighting / 3D/Fighting	NexTech	1-2
Battle Athletess Daiundoukai (Japan)	Battle Athletess Daiundoukai	1996	Adventure / Visual Novel/Adventure	Studio Orphee	1
Battle Garegga (Japan)	Battle Garegga	1998	Shoot'em Up / Vertical/Shoot'em Up	Raizing	1-2
Battle Monsters (USA)	Battle Monsters	1996	Fighting / Versus/Fighting	Scarab	1-2
Battle Stations (USA) (En,Fr,De)	Battle Stations	1997	Strategy/Simulation	Realtime Associates	1-2
BattleSport (USA)	BattleSport	1997	Sports	Unexpected Development	1-2
Beach de Riichi! (Japan)	Beach de Riichi!	1998	Mahjong/Asiatic board game	Natsu System	1
Bedlam (USA) (Proto) (1997-08-11)	Bedlam	1996	Shooter	Mirage Technologies	1
Big Ichigeki! Pachi-Slot Daikouryaku - Universal Museum (Japan) (1M)	Big Ichigeki! Pachi-Slot Daikouryaku : Universal Museum	1996	Casino / Roulette/Casino	Nihon Syscom	1
Big Thanks - Super Keirin - Dream with Keirin 50 Years (Japan)	Big Thanks Super Keirin : Dream with Keirin 50 Years	1998	Sports / Cycling/Sports	Aspect	1-4
Bio Hazard (Japan)	Resident Evil	1997	Adventure / Survival Horror/Adventure	NexTech	1
Bishoujo Hanafuda Kikou - Michinoku Hitou Koi Monogatari Special (Japan)	Bishoujo Hanafuda Kikou Michinoku Hitou Koi Monogatari Special	1997	Hanafuda/Asiatic board game	O-Two	1
Bishoujo Senshi Sailor Moon SuperS - Various Emotion (Japan)	Bishoujo Senshi Sailor Moon SuperS : Various Emotion	1996	Fighting / 2D/Fighting	Angel	1-2
Black Dawn (USA)	Black Dawn	1997	Shooter / Vehicle, FPV/Shooter	Black Ops Entertainment	1
Black-Matrix (Japan)	Black/Matrix	1998	Tactical RPG/Role Playing Game	Flight-Plan	1
BlackFire (USA) (2S)	Black Fire	1995	Shooter / Vehicle, FPV/Shooter	NovaLogic	1
Blam! Machinehead (Europe)	Machine Head	1996	Shooter / Vehicle, FPV/Shooter	Core Design	1
Blast Chamber (USA)	Blast Chamber	1996	Action / Adventure/Action	Attention To Detail (ATD)	1-4
Blast Wind (Japan)	Blast Wind	1997	Shoot'em Up / Vertical/Shoot'em Up	Technosoft	1-2
Blazing Dragons (USA)	Blazing Dragons	1996	Adventure / Point and Click/Adventure	The Illusions Gaming Company	1
Blazing Heroes (USA)	Blazing Heroes	1996	Tactical RPG/Role Playing Game	Micro Cabin	1
Blood Factory (Japan)	Loaded	1996	Action / Adventure/Action	Gremlin Interactive	1-2
Blue Breaker - Ken yori mo Hohoemi o (Japan)	Blue Breaker : Ken Yori mo Hohoemi o	1997	Role Playing Game	Success	1
Blue Seed - Kushinada Hirokuden (Japan)	Blue Seed : Kushinada Hirokuden	1995	Role Playing Game/Playing cards	SEGA	1
Bomberman Wars (Japan)	Bomberman Wars	1998	Tactical RPG/Role Playing Game	Metro Corporation	1-2
Bottom of the 9th (USA)	Bottom of the 9th	1996	Sports / Baseball/Sports	Konami	1-2
Bouken Katsugeki Monomono (Japan)	Bouken Katsugeki Monomono	1997	Role Playing Game	TamTam	1
Brain Battle Q (Japan)	Brain Battle Q	1996	Quiz / Japanese/Quiz	Clef	1
BrainDead 13 (USA)	Brain Dead 13	1996	Adventure / Interactive Movie/Adventure	ReadySoft	1
Break Point (Europe) (En,Fr)	Break Point Tennis	1996	Sports / Tennis/Sports	Ocean	1-4
Break Point Tennis (USA)	Break Point Tennis	1996	Sports / Tennis/Sports	Ocean	1-4
BreakThru! (Japan)	BreakThru!	1995	Puzzle	Shoeisha	1-2
Bubble Bobble also featuring Rainbow Islands (USA)	Bubble Bobble also featuring Rainbow Islands	1996	Platform/Compilation	Probe Software	1-2
Bubble Symphony (Japan)	Bubble Symphony	1997	Platform	Taito	1-2
Bug Too! (USA)	Bug Too!	1996	Platform	Realtime Associates	1-2
Bug Too! Motto Motto Jump Shite, Funzukechatte, Petchanko (Japan)	Bug Too!	1996	Platform	Realtime Associates	1-2
Bug! (USA)	Bug!	1995	Platform	Realtime Associates	1
Bug! Jump Shite, Funzukechatte, Petchanko (Japan)	Bug!	1995	Platform	Realtime Associates	1
Bulk Slash (Japan)	Bulk Slash	1997	Shoot'em Up	C.A.	1
Burning Rangers (USA)	Burning Rangers	1998	Action / Adventure/Action	Sonic Team	1
Bust-A-Move 2 - Arcade Edition (USA)	Bust-A-Move 2 : Arcade Edition	1996	Puzzle / Throw/Puzzle	Taito	1-2
Bust-A-Move 3 (USA)	Bust-A-Move 3	1997	Puzzle / Throw/Puzzle	Taito	1-2
Can Can Bunny Extra (Japan)	Can Can Bunny Extra	1997	Simulation / Life/Adults/Simulation	Cocktail Soft	1
Can Can Bunny Premiere (Japan) (1M)	Can Can Bunny Premiere	1996	Simulation / Life/Adults/Simulation	Cocktail Soft	1
Can Can Bunny Premiere 2 (Japan) (Disc 1)	Can Can Bunny Premiere 2	1996	Simulation / Life/Adults/Simulation	Cocktail Soft	1
Capcom Generation - Dai-1-shuu Gekitsuiou no Jidai (Japan)	Capcom Generation : Dai 1 Shuu Gekitsuiou no Jidai	1998	Shoot'em Up / Vertical/Compilation/Shoot'em Up	Capcom	1-2
Capcom Generation - Dai-2-shuu Makai to Kishi (Japan)	Capcom Generation : Dai 2 Shuu Makai to Kishi	1998	Platform/Compilation	Capcom	1-2
Capcom Generation - Dai-3-shuu Koko ni Rekishi Hajimaru (Japan)	Capcom Generation : Dai 3 Shuu Koko ni Rekishi Hajimaru	1998	Puzzle/Platform/Shoot'em Up/Compilation	Capcom	1-2
Capcom Generation - Dai-4-shuu Kokou no Eiyuu (Japan)	Capcom Generation : Dai 4 Shuu Kokou no Eiyuu	1998	Shooter / Run and Gun/Compilation/Shooter	Capcom	1-3
Capcom Generation - Dai-5-shuu Kakutoukatachi (Japan)	Capcom Generation : Dai 5 Shuu Kakutouka-tachi	1998	Compilation/Fighting / 2D/Fighting	Capcom	1-2
Casper (USA)	Casper	1996	Action / Adventure/Action	Funcom	1
Cat the Ripper - 13Ninme no Tanteishi (Japan)	Cat the Ripper : 13-Ninme no Tanteishi	1997	Adventure / Point and Click/Adventure	Tonkin House	1
Center Ring Boxing (USA)	Center Ring Boxing	1995	Sports / Boxing/Sports/Various	Victor Entertainment	1-2
Chaos Control (Europe) (En,Fr,De)	Chaos Control	1996	Lightgun Shooter/Shooter / Vehicle, FPV/Shooter	Infogrames	1
Chaos Control Remix (Japan)	Chaos Control Remix	1996	Shooter / Vehicle, FPV/Shooter	Infogrames	1
Chelnov (Japan) (Proto) (1997-07-23)	Chelnov : Atomic Runner	1997	Shooter / Run and Gun/Shooter	Data East	1
Chibi Maruko-chan no Taisen Puzzle-dama (Japan)	Chibi Maruko-Chan no Taisen Pazuru Dama	1995	Puzzle / Fall/Puzzle	Konami	1-2
Choro Q Park (Japan)	Choro Q Park	1998	Racing, Driving	NexTech	1-2
Chou Aniki - Kyuukyoku... Otoko no Gyakushuu (Japan)	Chou Aniki : Kyuukyoku... Otoko no Gyakushuu	1996	Shoot'em Up / Horizontal/Shoot'em Up	Pre-Stage	1-2
Chou Jikuu Yousai Macross - Ai Oboete Imasu ka (Japan) (Disc 1)	Chou Jikuu Yousai Macross : Ai Oboete Imasu ka	1997	Shoot'em Up / Horizontal/Shoot'em Up	Scarab	1
Christmas Nights into Dreams... (USA)	Christmas NiGHTS into Dreams...	1996	Action / Adventure/Action	Sonic Team	1
Cleopatra Fortune (Japan)	Cleopatra Fortune	1997	Puzzle / Fall/Puzzle	Natsume	1-2
ClockWerx (Japan)	ClockWerx	1996	Puzzle	Axes Art Amuse	1-2
Clockwork Knight - Pepperouchau no Daibouken Gekan (Japan) (2M)	Clockwork Knight 2 : Pepperouchau's Adventure	1996	Platform	Team Aquila	1
Clockwork Knight - Pepperouchau no Daibouken Joukan (Japan)	Clockwork Knight : Pepperouchau's Adventure	1995	Platform	Team Aquila	1
Clockwork Knight - Pepperouchau no Fukubukuro (Japan)	Clockwork Knight : Pepperouchau no Fukubukuro	1995	Action / Adventure/Action	SEGA	1
Clockwork Knight - Pepperouchau's Adventure (USA) (3S)	Clockwork Knight : Pepperouchau's Adventure	1995	Platform	Team Aquila	1
Clockwork Knight 2 - Pepperouchau's Adventure (USA, Brazil)	Clockwork Knight 2 : Pepperouchau's Adventure	1996	Platform	Team Aquila	1
Clockwork Knight Puzzle - Pengin War (Japan) (En,Ja) (Proto) (1995-10-21)	Clockwork Knight Puzzle : Pengin War	1996	Action / Labyrinth/Action	SEGA	1-2
Code R (Japan)	Code R	1998	Adventure / Visual Novel/Racing, Driving/Adventure	Team Seven	1
College Slam (USA)	College Slam	1996	Sports / Basketball/Sports	Iguana Entertainment	1-4
Command & Conquer (USA) (Disc 1) (GDI Disc)	Command & Conquer	1996	Strategy	Westwood Studios	1
Command & Conquer - Teil 1 - Der Tiberiumkonflikt (Germany) (Disc 1) (GDI)	Command & Conquer	1996	Strategy	Westwood Studios	1
Congo - The Movie - The Lost City of Zinj (USA)	Congo : The Movie : The Lost City of Zinj	1996	Shooter / FPV/Shooter	Jumpin Jack Software	1
Contra - Legacy of War (USA)	Contra : Legacy of War	1997	Shooter / Run and Gun/Shooter	Appaloosa	1-2
Conveni 2, The - Zenkoku Chain Tenkai da! (Japan)	The Conveni 2 : Zenkoku Chain Tenkai da!	1998	Simulation	Masterpiece	1
Conveni, The - Ano Machi o Dokusen seyo (Japan)	The Conveni : Ano Machi o Dokusen seyo	1997	Simulation	Masterpiece	1
Corpse Killer - Graveyard Edition (USA) (Disc 1) (R)	Corpse Killer : Graveyard Edition	1995	Shooter / FPV/Shooter	Digital Pictures	1
Courier Crisis - The Saga of the Modern Fatalist (USA)	Courier Crisis : The Saga of the Modern Fatalist	1997	Racing, Driving	New Level Software	1
Creature Shock (Japan) (Disc 1)	Creature Shock : Special Edition	1996	Shoot'em Up/Shooter / FPV/Shooter	Argonaut Software	1
Creature Shock - Special Edition (USA) (Disc 1)	Creature Shock : Special Edition	1996	Shoot'em Up/Shooter / FPV/Shooter	Argonaut Software	1
Crime Patrol (USA) (Proto) (1996-09-24)	Crime Patrol	1996	Lightgun Shooter/Shooter / FPV/Shooter	American Laser Games	1
Crimewave (USA)	Crimewave	1997	Shooter / Vehicle, TPV/Racing, Driving/Shooter	Eidos Interactive	1-2
Criticom (USA)	Criticom	1996	Fighting / Versus/Fighting	Kronos Digital Entertainment	1-2
Criticom - The Critical Combat (Japan)	Criticom	1996	Fighting / Versus/Fighting	Kronos Digital Entertainment	1-2
Croc - Legend of the Gobbos (USA)	Croc : Legend of the Gobbos	1997	Platform	Argonaut Software	1
Croc! Pau-Pau Island (Japan)	Croc : Legend of the Gobbos	1997	Platform	Argonaut Software	1
Cross Romance - Koi to Mahjong to Hanafuda to (Japan)	Cross Romance : Koi to Mahjong to Hanafuda to	1997	Hanafuda/Mahjong/Asiatic board game	Digitalware	1
Cross Tantei Monogatari (Japan) (Demo 1)	Cross Tantei Monogatari : Motsureta Nanatsu no Labyrinth	1998	Adventure	Workjam	1
Cross Tantei Monogatari - Motsureta Nanatsu no Labyrinth (Japan) (Disc 1)	Cross Tantei Monogatari : Motsureta Nanatsu no Labyrinth	1998	Adventure	Workjam	1
Crow, The - City of Angels (USA)	The Crow : City of Angels	1997	Fighting	Gray Matter	1-2
Crows - The Battle Action for SegaSaturn (Japan)	Crows : The Battle Action for SegaSaturn	1997	Beat'em Up	Ichimura Engineering	1-2
Crusader - No Remorse (USA)	Crusader : No Remorse	1996	Shooter / TPV/Adventure/Shooter	Realtime Associates	1
Crypt Killer (USA)	Crypt Killer	1997	Lightgun Shooter/Shooter / FPV/Shooter	KCET	1-2
Cube Battler - Story of Anna (Japan)	Cube Battler : Story of Anna	1997	Puzzle	Yanoman Games	1-2
Cube Battler - Story of Shou (Japan)	Cube Battler : Story of Shou	1997	Puzzle	Yanoman Games	1-2
Culdcept (Japan) (Rev A) (10M)	Culdcept	1997	Board game	Omiya Soft	1-4
Cyber Doll (Japan)	Cyber Doll	1996	Role Playing Game	Be Top	1
Cyber Speedway (USA)	Cyber Speedway	1995	Racing, Driving	SEGA	1-2
Cyberbots - Fullmetal Madness (Japan) (1M)	Cyberbots : Fullmetal Madness	1997	Fighting / 2D/Fighting	Capcom	1-2
Cyberia (USA) (En,Fr,De)	Cyberia	1996	Action / Adventure/Action	Xatrix Entertainment	1
D (USA) (Disc 1)	D	1996	Adventure	WARP	1
D no Shokutaku (Japan) (Disc 1)	D	1996	Adventure	WARP	1
D-Xhird (Japan) (1M)	D-Xhird	1997	Fighting / 3D/Fighting	Takara	1-2
Daibouken - Great Adventure - St. Elmos no Kiseki (Japan)	Daibouken : Great Adventure : St. Elmos no Kiseki	1996	Role Playing Game	Soft Office	1
Daikoukai Jidai Gaiden (Japan)	Daikoukai Jidai Gaiden	1998	Strategy/Role Playing Game/Simulation	Koei	1
Daikoukai Jidai II (Japan)	Daikoukai Jidai II	1997	Strategy/Role Playing Game/Simulation	Koei	1
Daisenryaku - Strong Style (Japan)	Daisenryaku : Strong Style	1997	Strategy	System Soft	1-5
Daisuki (Japan) (Disc 1)	Daisuki	1997	Simulation / Life/Simulation	Success	1
Daitoride (Japan)	Daitoride	1996	Mahjong/Asiatic board game	Metro Corporation	1-2
Darius Gaiden (USA)	Darius Gaiden	1996	Shoot'em Up / Horizontal/Shoot'em Up	Aisystem Tokyo	1-2
Darius II (Europe)	Darius II	1996	Shoot'em Up / Horizontal/Shoot'em Up	I.T.L	1-2
Dark Hunter Ge - Youma no Mori (Japan)	Dark Hunter Ge : Youma no Mori	1997	Adventure	Koei	1
Dark Hunter Jou - Ijigen Gakuen (Japan)	Dark Hunter Jou : Ijigen Gakuen	1997	Adventure	Koei	1
Dark Legend (USA)	Dark Legend	1995	Fighting / 2D/Fighting	Data East	1-2
Dark Savior (USA)	Dark Savior	1996	Action RPG/Role Playing Game	Climax Entertainment	1
Dark Seed II (Japan)	Dark Seed II	1997	Adventure / Point and Click/Adventure	Emotion Digital Software	1
Darklight Conflict (USA) (En,Fr,De,Es,It,Sv)	Darklight Conflict	1997	Shooter	Rage Software	1
Darkseed (Japan)	Dark Seed	1995	Adventure / Point and Click/Adventure	Cyberdreams	1
Daytona USA (USA)	Daytona USA	1995	Racing, Driving	SEGA	1
Daytona USA - Championship Circuit Edition (USA)	Daytona USA : Championship Circuit Edition	1996	Racing, Driving	SEGA	1-2
Daytona USA - Circuit Edition (Japan)	Daytona USA : Championship Circuit Edition	1996	Racing, Driving	SEGA	1-2
Daytona USA C.C.E. Net Link Edition (USA)	Daytona USA : C.C.E. Net Link Edition	1998	Racing, Driving	SEGA	1-2
Dead or Alive (Japan) (1M)	Dead or Alive	1997	Fighting / 3D/Fighting	Team Ninja	1-2
Deadalus (Japan) (1M)	Robotica	1995	Shooter / FPV/Shooter	Micronet	1
Death Crimson (Japan)	Death Crimson	1996	Lightgun Shooter/Shooter / FPV/Shooter	Ecole	1
Death Throttle - Kakuzetsu Toshi kara no Dasshutsu (Japan)	Death Throttle : Kakuzetsu Toshi kara no Dasshutsu	1996	Shooter / Vehicle, FPV/Racing FPV/Racing, Driving/Shooter	Media Quest	1
DeathMask (Japan) (Disc 1)	DeathMask	1996	Adventure / Interactive Movie/Adventure	Vantan International	1
DecAthlete (USA)	DecAthlete	1997	Sports / Multisports/Sports	SEGA	1-2
DecAthlete for SegaNet (Japan)	DecAthlete	1997	Sports / Multisports/Sports	SEGA	1-2
Deep Fear (Europe) (Disc 1)	Deep Fear	1998	Adventure / Survival Horror/Adventure	System Sacom	1
Defcon 5 (Europe)	Defcon 5 : Peace Has a Price...	1996	Shooter / FPV/Shooter	Millennium Interactive	1
Defcon 5 - Peace Has a Price... (USA)	Defcon 5 : Peace Has a Price...	1996	Shooter / FPV/Shooter	Millennium Interactive	1
DeJig - Aqua World (Japan)	DeJig : Aqua World	1997	Puzzle	Masudaya	1
DeJig - Lassen - Art Collection (Japan)	DeJig : Lassen Art Collection	1997	Puzzle	Masudaya	1
DeJig - McKnight - Art Collection (Japan)	DeJig : McKnight Art Collection	1997	Puzzle	Masudaya	1
DeJig - Tin Toy (Japan)	DeJig : Tin Toy	1997	Puzzle	Masudaya	1
Deka 4-ku - Tough the Truck (Japan)	TNN Motor Sports HardCore 4X4	1996	Racing, Driving	Gremlin Interactive	1
Delisoba Deluxe (Japan)	Delisoba Deluxe	1997	Motorcycle race TPV/Racing, Driving	Cave	1
Dennou Senki - Virtual On - Cyber Troopers (Japan)	Cyber Troopers : Virtual On	1996	Shooter/Fighting / Versus/Fighting	CRI	1-2
Dennou Senki - Virtual On - Cyber Troopers for SegaNet (Japan)	Cyber Troopers : Virtual On	1996	Shooter/Fighting / Versus/Fighting	CRI	1-2
Denpa Shounen-teki Game (Japan) (Rerelease)	Denpa Shounenteki Game	1998	Casual Game	Fupac	1-7
Densetsu no Ogre Battle (Japan)	Densetsu no Ogre Battle	1996	Role Playing Game/Strategy	Riverhillsoft	1
Densha de Go! EX (Japan)	Densha de Go! EX	1998	Simulation / Vehicle/Simulation	Kan's	1
Derby Analyst (Japan)	Derby Analyst	1997	Horse racing/Simulation/Sports with animals	Media Entertainment	1
Derby Stallion (Japan)	Derby Stallion	1999	Horse racing/Simulation/Sports with animals	Parity Bit	1
Deroon Dero Dero (Japan) (1M)	Deroon Dero Dero	1996	Puzzle / Fall/Puzzle	Tecmo	1-2
Desire (Japan) (Disc 1)	Desire	1997	Adventure / Visual Novel/Adventure	C's Ware	1
Destruction Derby (Europe)	Destruction Derby	1996	Racing, Driving	Reflections Interactive	1
Detana Twinbee Yahoo! Deluxe Pack (Japan) (3M)	Detana Twinbee Yahoo! Deluxe Pack	1995	Shoot'em Up / Vertical/Shoot'em Up/Compilation	Konami	1-2
Device Reign (Japan)	Devicereign	1999	Adventure / Visual Novel/Tactical RPG/Role Playing Game/Adventure	Starlight Marry	1
Devil Summoner - Soul Hackers (Japan) (Disc 1)	Devil Summoner : Soul Hackers	1997	Role Playing Game	Atlus	1
Devil Summoner - Soul Hackers - Akuma Zensho Dainishuu (Japan)	Devil Summoner Soul Hackers : Akuma Zensho Dainishuu	1997	Various	Atlus	1
Devil Summoner - Soul Hackers Extra Dungeon (Japan) (3M)	Devil Summoner : Soul Hackers	1997	Role Playing Game	Atlus	1
Dezaemon 2 (Japan)	Dezaemon 2	1997	Various/Shoot'em Up	Athena	1-2
Die Hard Arcade (USA)	Die Hard Arcade	1997	Beat'em Up	SEGA	1-2
Die Hard Trilogy (USA)	Die Hard Trilogy	1997	Shooter/Lightgun Shooter/Racing, Driving	Probe Software	1
Digital Ange - Dennou Tenshi SS (Japan)	Digital Ange : Dennou Tenshi SS	1997	Adventure / Visual Novel/Simulation/Adventure	Koga Game Factory	1
Digital Dance Mix Vol. 1 - Namie Amuro (Japan) (Rev A) (11M)	Digital Dance Mix Vol.1 Namie Amuro	1997	Dancing/Music and Dancing	SEGA	1
Digital Monster Ver. S - Digimon Tamers (Japan)	Digital Monster Ver. S Digimon Tamers	1998	Role Playing Game/Simulation	Bandai	1
Digital Pinball (Europe) (4S)	Last Gladiators : Digital Pinball	1995	Pinball	KAZe	1
Digital Pinball - Last Gladiators (Japan)	Last Gladiators : Digital Pinball	1995	Pinball	KAZe	1
Digital Pinball - Last Gladiators Ver.9.7 (Japan)	Digital Pinball : Last Gladiators Ver. 9.7	1997	Pinball	KAZe	1
Digital Pinball - Necronomicon (Japan)	Digital Pinball : Necronomicon	1996	Pinball	KAZe	1-2
Digital Pinball - Necronomicon - Revelations (Japan) (Demo)	Digital Pinball : Necronomicon	1996	Pinball	KAZe	1-2
Dino Island (Japan)	Daina Airan	1997	Adventure	Game Arts	1
Dino Island - Yokoku-hen (Japan)	Daina Airan : Yokoku Hen	1996	Various	Game Arts	1
Disc Station Bessatsu - I Miss You. Tanaka Katsumi (Japan) (1M)	Disc Station Bessatsu : I Miss You.	1997	Music and Dancing/Various	Compile	1
Discworld (Japan)	Terry Pratchett's Discworld	1996	Adventure	Perfect World	1
Discworld II - Missing Presumed...! (Europe) (En,Fr,De,Es,It)	Discworld II : Missing Presumed...!?	1997	Adventure / Point and Click/Adventure	Perfect World	1
DJ Wars (Japan) (Rev A) (10M)	DJ Wars	1997	Music and Dancing	Exit	1
DoDonPachi (Japan)	DoDonPachi	1997	Shoot'em Up / Vertical/Shoot'em Up	Cave	1-2
DonPachi (Japan)	DonPachi	1996	Shoot'em Up / Vertical/Shoot'em Up	Cave	1-2
Doom (USA)	Doom	1997	Shooter / FPV/Shooter	Rage Software	1
Doraemon - Nobita to Fukkatsu no Hoshi (Japan)	Doraemon : Nobita to Fukkatsu no Hoshi	1996	Platform	SAS Sakata	1
Double Switch (USA) (Disc 1)	Double Switch	1995	Adventure / Interactive Movie/Adventure	Digital Pictures	1
Doukoku Soshite... (Japan) (1M)	Doukoku Soshite...	1998	Adventure / Point and Click/Adventure	Data East	1
Doukyuusei - if (Japan) (1M, 2M)	Doukyuusei if	1996	Simulation / Life/Adults/Simulation	Flight-Plan	1
Doukyuusei 2 (Japan) (Disc A)	Doukyuusei 2	1997	Simulation / Life/Adults/Simulation	Flight-Plan	1
Dragon Ball Z - Idainaru Dragon Ball Densetsu (Japan)	Dragon Ball Z : Idainaru Dragon Ball Densetsu	1996	Fighting	BEC	1-2
Dragon Ball Z - La Grande Legende des Boules de Cristal (France, Spain)	Dragon Ball Z : Idainaru Dragon Ball Densetsu	1996	Fighting	BEC	1-2
Dragon Ball Z - Shinbutouden (Japan)	Dragon Ball Z : Shinbutouden	1995	Fighting	TOSE	1-2
Dragon Force (USA)	Dragon Force	1996	Role Playing Game/Strategy	SEGA	1
Dragon Force II - Kami Sarishi Daichi ni (Japan)	Dragon Force II : Kami Sarishi Daichi ni	1998	Role Playing Game/Strategy	Chime	1
Dragon Master Silk (Japan)	Dragon Master Silk	1997	Role Playing Game	Gimmick House	1
Dragon's Dream (Japan)	Dragon's Dream	1997	MMORPG/Role Playing Game	SEGA	1
DragonHeart - Fire & Steel (USA)	DragonHeart : Fire & Steel	1996	Beat'em Up	Funcom	1
Dream Generation - Koi ka Shigoto ka!... (Japan)	Dream Generation : Koi ka? Shigoto ka!?...	1998	Simulation / Life/Simulation	Reindeer	1
Dream Square - Hinagata Akiko (Japan) (2M)	Dream Square : Hinagata Akiko	1997	Various	Video System	1
Drift King Shutokou Battle '97 - Tsuchiya Keiichi & Bandou Masaaki (Japan)	Drift King Shutokou Battle '97 : Tsuchiya Keiichi & Bandou Masaaki	1997	Racing, Driving	Genki	1
Druid - Yami e no Tsuisekisha (Japan)	Druid : Yami-He no Tsuiseki Sha	1998	Adventure/Role Playing Game	Koei	1
Duke Nukem 3D (USA)	Duke Nukem 3D	1997	Shooter/Shooter / FPV	Lobotomy Software	1-7
Dungeon Master Nexus (Japan)	Dungeon Master Nexus	1998	Dungeon Crawler RPG/Role Playing Game	Victor Interactive Software	1
Dungeons & Dragons Collection (Japan) (Disc 1) (Tower of Doom)	Dungeons & Dragons Collection	1999	Beat'em Up/Compilation	Capcom	1-2
DX Nippon Tokkyuu Ryokou Game - Let's Travel in Japan (Japan)	DX Nippon Tokkyuu Ryokou Game : Let's Travel in Japan	1996	Board game	Japan Media Programming	1-5
Dynamite Deka (Japan)	Die Hard Arcade	1997	Beat'em Up	SEGA	1-2
Earthworm Jim 2 (USA)	Earthworm Jim 2	1996	Platform	Screaming Pink	1
Eberouge (Japan) (Disc 1) (1M)	Eberouge	1997	Simulation / Life/Simulation	Japan Media Programming	1
Eberouge Special - Koi to Mahou no Gakuen Seikatsu (Japan)	Eberouge Special : Koi to Mahou no Gakuen Seikatsu	1998	Simulation / Life/Simulation	Japan Media Programming	1
Eisei Meijin (Japan) (2M)	Eisei Meijin	1995	Shougi/Asiatic board game	Konami	1-2
Eisei Meijin II (Japan)	Eisei Meijin II	1996	Shougi/Asiatic board game	KCET	1-2
Eiyuu Shigan - Gal Act Heroism (Japan)	Eiyuu Shigan : Gal ACT Heroism	1998	Role Playing Game	Micro Cabin	1
Elevator Action^2 - Returns (Japan)	Elevator Action² : Returns	1997	Shooter/Platform / Run & Jump/Platform	Taito	1-2
Elf o Karu Monotachi (Japan) (Disc 1)	Elf o Karu Monotachi	1997	Adventure	Altron	1
Elf o Karu Monotachi - Hanafuda-hen (Japan)	Elf o Karu Monotachi : Hanafuda Hen	1997	Hanafuda/Asiatic board game	Use Corporation	1
Elf o Karu Monotachi II (Japan) (Disc 1)	Elf o Karu Monotachi II	1998	Adventure / Interactive Movie/Adventure	Altron	1
Emit Vol. 1 - Toki no Maigo (Japan)	EMIT Vol. 1 : Toki no Maigo	1995	Adventure / Visual Novel/Educational/Adventure	Koei	1
Emit Vol. 2 - Inochigake no Tabi (Japan) (Rev A)	EMIT Vol. 2 : Inochigake no Tabi	1995	Adventure / Visual Novel/Adventure	Koei	1
Emit Vol. 3 - Watashi ni Sayonara o (Japan) (Rev A)	EMIT Vol. 3 : Watashi ni Sayonara o	1995	Adventure / Visual Novel/Adventure	Koei	1
Enemy Zero (USA) (Disc 0)	Enemy Zero	1997	Adventure / Interactive Movie/Adventure	WARP	1
Eternal Melody (Japan)	Eternal Melody	1996	Adventure/Simulation / Life/Simulation	Starlight Marry	1
Etude Prologue - Yureugoku Kokoro no Katachi (Japan)	Etude Prologue : Yureugoku Kokoro no Katachi	1998	Adventure / Visual Novel/Adventure	Takuyo	1
Eve - Burst Error (Japan) (Disc 1) (Kojiroh Disc)	EVE : Burst Error	1997	Adults/Adventure	C's Ware	1
Eve - The Lost One (Japan) (Disc 1) (Kyoko Disc) (1M)	EVE : The Lost One	1998	Adventure	C's Ware	1
Exhumed (Europe) (En,Fr,De,Es)	Powerslave	1996	Shooter / FPV/Shooter	Lobotomy Software	1
F-1 Challenge (Europe)	F1 Challenge	1996	Racing, Driving	Sega CS	1
F-1 Live Information (Japan)	F1 Challenge	1996	Racing, Driving	Sega CS	1
F1 Challenge (USA)	F1 Challenge	1996	Racing, Driving	Sega CS	1
Falcom Classics (Japan) (Disc 1) (Game Disc)	Falcom Classics	1997	Role Playing Game/Compilation	JVC	1
Falcom Classics II (Japan)	Falcom Classics II	1997	Role Playing Game/Compilation	EXE Create	1
Fantastep (Japan)	Fantastep	1997	Adventure / Point and Click/Adventure	Jaleco	1
Farland Saga (Japan)	Farland Saga	1998	Tactical RPG/Role Playing Game	Technic(TGL) Technical Group Laboratory	1
Farland Saga - Toki no Michishirube (Japan)	Farland Saga : Toki no Michishirube	1998	Tactical RPG/Role Playing Game	Technic(TGL) Technical Group Laboratory	1
Farland Story - Habou no Mai (Japan)	Farland Story : Habou no Mai	1997	Tactical RPG/Role Playing Game	Technic(TGL) Technical Group Laboratory	1
Father Christmas (Japan)	Father Christmas	1995	Adventure / Point and Click/Adventure	Gaga	1
FEDA Remake! The Emblem of Justice (Japan)	FEDA Remake! : The Emblem of Justice	1996	Tactical RPG/Role Playing Game	Kindle Imagine Develop	1
FIFA - Die WM-Qualifikation 98 (Germany) (En,Fr,De,Es,It,Nl,Sv)	FIFA : Road to World Cup 98	1997	Sports / Football (Soccer)/Sports	EA Canada	1-4
FIFA - En Route pour la Coupe du Monde 98 (France) (En,Fr,De,Es,It,Nl,Sv)	FIFA : Road to World Cup 98	1997	Sports / Football (Soccer)/Sports	EA Canada	1-4
FIFA - Road to World Cup 98 (USA) (En,Fr,De,Es,It,Nl,Sv)	FIFA : Road to World Cup 98	1997	Sports / Football (Soccer)/Sports	EA Canada	1-4
FIFA - Rumbo al Mundial 98 (Spain) (En,Fr,De,Es,It,Nl,Sv)	FIFA : Road to World Cup 98	1997	Sports / Football (Soccer)/Sports	EA Canada	1-4
FIFA 97 (Europe) (En,Fr,De,Es,It,Sv)	FIFA Soccer 97	1997	Sports / Football (Soccer)/Sports	Extended Play Productions	1-4
FIFA Soccer 96 (USA) (En,Fr,De,Es,It,Sv)	FIFA Soccer 96	1995	Sports / Football (Soccer)/Sports	Extended Play Productions	1-6
FIFA Soccer 97 (USA) (En,Fr,De,Es,It,Sv)	FIFA Soccer 97	1997	Sports / Football (Soccer)/Sports	Extended Play Productions	1-4
Fighter's History Dynamite (Japan)	Fighter's History Dynamite	1997	Fighting / 2D/Fighting	Rutubo Games	1-2
Fighters Megamix (USA)	Fighters Megamix	1997	Fighting / 3D/Fighting	SEGA AM2	1-2
Fighting Vipers (USA) (5S, 6S)	Fighting Vipers	1996	Fighting / 3D/Fighting	SEGA	1-2
Final Fight Revenge (Japan)	Final Fight Revenge	2000	Fighting / Versus/Fighting	Capcom	1-2
Find Love 2 - Rhapsody (Japan) (Disc 1)	Find Love 2 : Rhapsody	1998	Simulation / Life/Adventure / Visual Novel/Simulation/Adventure	Daiki	1
Find Love 2 - The Prologue (Japan)	Find Love 2 : The Prologue	1998	Various	Daiki	1
Fire Pro Gaiden Blazing Tornado (Japan)	Fire Pro Gaiden Blazing Tornado	1995	Sports / Wrestling/Fighting/Sports	Human Entertainment	1-2
Fire Prowrestling S - 6Men Scramble (Japan) (1M)	Fire Pro Wrestling S : 6Men Scramble	1996	Fighting/Sports / Wrestling/Sports	Human Entertainment	1-6
Firestorm - Thunderhawk 2 (Europe) (En,Fr)	Thunderstrike 2	1995	Shooter / FPV/Shooter	Core Design	1
Fishing Koushien (Japan)	Fishing Koushien	1996	Fishing/Hunting and Fishing	A Wave Inc	1
Fishing Koushien II (Japan)	Fishing Koushien II	1997	Fishing/Hunting and Fishing	A Wave Inc	1-2
Fist (Japan)	Fist	1996	Fighting / 3D/Fighting	Genki	1-2
Formula Grand Prix - Team Un'ei Simulation (Japan)	Formula Grand Prix Team Unei Simulation	1997	Racing, Driving/Strategy/Simulation	Coconuts Japan	1
Formula Karts - Special Edition (Europe) (En,Fr,De,Es)	Formula Karts : Special Edition	1997	Racing, Driving	Manic Media	1-2
Frank Thomas Big Hurt Baseball (USA)	Frank Thomas Big Hurt Baseball	1996	Sports / Baseball/Sports	Iguana Entertainment	1-2
Frankenstein - Through the Eyes of the Monster (Europe)	Frankenstein : Through the Eyes of the Monster	1997	Adventure / Interactive Movie/Adventure	Amazing Media	1
Free Talk Studio - Mari no Kimamana Oshaberi (Japan)	Free Talk Studio : Mari no Kimamana Oshaberi	1997	Simulation / Life/Simulation	Digitalware	1
Friends - Seishun no Kagayaki (Japan) (Disc 1) (Game Disc)	Friends : Seishun no Kagayaki	1999	Adventure / Visual Novel/Adventure/Simulation	Stack	1
From TV Animation Slam Dunk - I Love Basketball (Japan)	From TV Animation Slam Dunk : I Love Basketball	1995	Sports / Basketball/Sports	BEC	1-2
Fully Cowled Mini Yonku - Super Factory (Japan) (Rev A) (10M)	Fully Cowled Mini Yonku Super Factory	1997	Racing, Driving/Simulation	NexTech	1-5
Funky Fantasy (Japan)	Funky Fantasy	1996	Tactical RPG/Role Playing Game	TOSE	1
Funky Head Boxers (Japan)	Funky Head Boxers	1997	Sports / Boxing/Sports	Yoshimoto Kogyo	1-2
Funky Head Boxers Plus (Japan)	Funky Head Boxers Plus	1997	Sports / Boxing/Sports	Yoshimoto Kogyo	1-2
Fushigi no Kuni no Angelique (Japan)	Fushigi no Kuni no Angelique	1997	Board game	Koei	1
Fuusui Sensei - Feng-Shui Master (Japan)	Fuusui Sensei : Feng-Shui Master	1996	Simulation	Hakuhodo	1
G Vector (Japan)	G Vector	1997	Shoot'em Up	Soft Office	1
Gaia Breeder (Japan)	Gaia Breeder	1997	Strategy/Simulation	Aspect	1
Gakkou no Kaidan (Japan)	Gakkou no Kaidan	1995	Adventure / Interactive Movie/Adventure	Japan Media Programming	1
Gakkou no Kowai Uwasa - Hanako-san ga Kita!! (Japan)	Gakkou no Kowai Uwasa : Hanako-san ga Kita!!	1995	Adventure / Interactive Movie/Adventure	Capcom	1
Gal Jan (Japan)	Gal Jan	1996	Mahjong/Asiatic board game	Warashi	1
Galactic Attack (USA)	Galactic Attack	1995	Shoot'em Up / Vertical/Shoot'em Up	Ving	1-2
Galaxy Fight (USA)	Galaxy Fight	1996	Fighting / Versus/Fighting	Santaclaus	1-2
Galaxy Fight - Universal Warriors (Japan)	Galaxy Fight	1996	Fighting / Versus/Fighting	Santaclaus	1-2
Gale Racer (Japan) (En,Ja) (1A)	Gale Racer	1994	Racing FPV/Racing, Driving	System Sacom	1-2
Gals Panic SS (Japan)	Gals Panic SS	1996	Puzzle	Mainichi Communications	1-2
Game de Seishun (Japan) (Rev A)	Game de Seishun	1998	Board game	Kindle Imagine Develop	1-4
Game Nihonshi - Kakumeiji Oda Nobunaga (Japan)	Game Nihonshi : Kakumeiji Oda Nobunaga	1997	Strategy/Educational	Koei	1
Game no Tatsujin (Japan) (4M)	Game no Tatsujin	1995	Mahjong/Shougi/Go/Board game/Asiatic board game	Success	1-2
Game no Tatsujin 2 (Japan)	Game no Tatsujin 2	1996	Shougi/Renju/Go/Mahjong/Board game/Asiatic board game	Success	1-2
Game no Tetsujin - The Shanghai (Japan)	Game no Tetsujin : The Shanghai	1995	Mahjong/Puzzle/Asiatic board game	Activision	1
Game of Life, The - DX Jinsei Game (Japan)	DX Jinsei Game : The Game of Life	1995	Board game	Takara	1-4
Game of Life, The - DX Jinsei Game II (Japan) (2M)	DX Jinsei Game II : The Game of Life	1997	Board game	Takara	1-4
Game Tengoku - The Game Paradise! (Japan)	Game Tengoku : The Game Paradise!	1997	Shoot'em Up / Vertical/Shoot'em Up	Jaleco	1-2
Garou Densetsu 3 - Road to the Final Victory (Japan)	Garou Densetsu 3 : Road to the Final Victory	1996	Fighting / Versus/Fighting	Sims	1-2
Gebockers (Japan)	Gebockers	1996	Shooter / TPV/Shooter	Riverhillsoft	1-2
GeGeGe no Kitarou - Gentou Kaikitan (Japan)	GeGeGe no Kitarou : Gentou Kaikitan	1996	Adventure / Graphic/Adventure	TOSE	1
Gekiretsu Pachinkers (Japan)	Gekiretsu Pachinkers	1996	Casino	Planning Office Wada	1
Gekirindan (Japan)	Gekirindan	1997	Shoot'em Up / Vertical/Shoot'em Up	Japan Media Programming	1-2
Gekitotsu Koushien (Japan)	Gekitotsu Koushien	1997	Sports / Baseball/Sports	Magical Company	1-2
Gekka Mugentan Torico (Japan) (Disc B) (Houkai-hen) (1M)	Lunacy	1997	Adventure	System Sacom	1
Gekka no Kishi - Ouryuusen (Japan)	Gekka no Kishi : Ouryuu-sen	1996	Shougi/Asiatic board game	Banpresto	1-2
Gensou Suikoden (Japan)	Gensou Suikoden	1998	Role Playing Game	Konami Computer Entertainment	1
Gex (USA)	Gex	1995	Platform	Crystal Dynamics	1
Ghen War (USA)	Ghen War	1995	Shooter / FPV/Shooter	Jumpin' Jack Entertainment	1
Ginga Eiyuu Densetsu (Japan)	Ginga Eiyuu Densetsu	1996	Simulation/Strategy	Micro Vision	1
Ginga Eiyuu Densetsu Plus (Japan)	Ginga Eiyuu Densetsu Plus	1997	Strategy/Simulation	Micro Vision	1
Ginga Ojousama Densetsu Yuna - Mika Akitaka Illust Works (Japan)	Ginga Ojousama Densetsu Yuna : Mika Akitaka Illust Works	1997	Various	Hudson Soft	1
Ginga Ojousama Densetsu Yuna - Mika Akitaka Illust Works 2 (Japan)	Ginga Ojousama Densetsu Yuna : Mika Akitaka Illust Works 2	1997	Various	Red	1
Ginga Ojousama Densetsu Yuna 3 - Lightning Angel (Japan)	Ginga Ojousama Densetsu Yuna 3 : Lightning Angel	1997	Tactical RPG/Adventure/Role Playing Game	Red	1
Ginga Ojousama Densetsu Yuna Remix (Japan)	Ginga Ojousama Densetsu Yuna Remix	1996	Adventure / Visual Novel/Adventure	Red	1
Girl Doll Toy - Tamashii o Kudasai (Japan)	Girl Doll Toy : Tamashii o Kudasai	1998	Adventure / Visual Novel/Adventure	URAN	1
Girls in Motion Puzzle Vol. 1 - Hiyake no Omoide + Himekuri (Japan)	Girls in Motion Puzzle Vol. 1 : Hiyake no Omoide + Himekuri	1995	Puzzle	Japan Media Programming	1-2
Girls in Motion Puzzle Vol. 2 - Body Special 264 (Japan)	Girls in Motion Puzzle Vol. 2 : Body Special 264	1996	Puzzle	Japan Media Programming	1-2
Go III Professional - Taikyoku Igo (Japan)	Go III Professional : Taikyoku Igo	1997	Go/Asiatic board game	Mainichi Communications	1-2
Godzilla - Rettou Shinkan (Japan)	Godzilla : Rettou Shinkan	1995	Strategy	Scarab	1
Goiken Muyou - Anarchy in the Nippon (Japan)	Goiken Muyou : Anarchy in the Nippon	1997	Fighting / 3D/Fighting	KSS	1-2
Gokujou Parodius Da! Deluxe Pack (Japan)	Parodius	1995	Shoot'em Up / Horizontal/Shoot'em Up/Compilation	Konami	1-2
Golden Axe - The Duel (USA)	Golden Axe : The Duel	1996	Fighting / 2D/Fighting	Sega AM1	1-2
Gotha - Ismailia SenEki (Japan)	Gotha : Ismailia SenEki	1995	Strategy/Simulation	Micronet	1
Gotha II - Tenkuu no Kishi (Japan)	Heir of Zendor : The Legend and the Land	1996	Strategy	Micronet	1
Gouketsuji Ichizoku 3 - Groove on Fight (Japan)	Gouketsuji Ichizoku 3 : Groove on Fight	1997	Fighting / 2D/Fighting	Atlus	1-4
Gradius Deluxe Pack (Japan)	Gradius Deluxe Pack	1996	Shoot'em Up / Horizontal/Compilation/Shoot'em Up	Konami	1-2
Gran Chaser (Japan) (3M)	Cyber Speedway	1995	Racing, Driving	SEGA	1-2
Grand Slam (USA)	Grand Slam	1997	Sports / Baseball/Sports	Burst	1-2
Grandia (Japan) (Disc 1) (1M)	Grandia	1997	Role Playing Game	Game Arts	1
Grandia - Digital Museum (Japan)	Grandia : Digital Museum	1998	Role Playing Game	Game Arts	1
Grandia - Prelude (Japan)	Grandia	1997	Role Playing Game	Game Arts	1
GranDread (Japan)	GranDread	1997	Strategy/Simulation	C-Lab	1
Greatest Nine '96 (Japan) (1M)	Greatest Nine '96	1996	Sports / Baseball/Sports	Sega CS1	1-2
Grid Run (Europe)	Grid Runner	1996	Action / Labyrinth/Action	Radical Entertainment	1-2
Grid Runner (USA)	Grid Runner	1996	Action / Labyrinth/Action	Radical Entertainment	1-2
GT24 (Japan)	GT24	1998	Racing, Driving	Jaleco	1-2
Guardian Force (Japan)	Guardian Force	1998	Shoot'em Up / Vertical/Shoot'em Up	Success	1-2
Guardian Heroes (USA)	Guardian Heroes	1996	Beat'em Up	Treasure	1-6
Gun Griffon (Europe)	Gungriffon	1996	Shooter / FPV/Shooter	Game Arts	1
Gunbird (Japan)	Gunbird	1995	Shoot'em Up / Vertical/Shoot'em Up	Psikyo	1-2
GunBlaze-S (Japan)	GunBlaze S	1998	Role Playing Game	Active Software	1
Gungriffon (USA)	Gungriffon	1996	Shooter / FPV/Shooter	Game Arts	1
Gungriffon - The Eurasian Conflict (Japan)	Gungriffon	1996	Shooter / FPV/Shooter	Game Arts	1
Gungriffon II (Japan)	Gungriffon II	1998	Shooter / FPV/Shooter	Game Arts	1-2
Gussun Oyoyo S (Japan)	Gussun Oyoyo-S	1996	Puzzle	Xing Entertainment	1-2
Gyuwambler Jiko Chuushinha - Tokyo Mahjongland (Japan)	Gyuwambler Jiko Chuushinha : Tokyo Mahjongland	1996	Mahjong/Asiatic board game	Game Arts	1
Habitat II (Japan)	Habitat II	1996	Various	SEGA	1
Hang On GP '95 (Japan) (1M)	Hang-On GP	1996	Racing, Driving / Motorcycle/Racing, Driving	Sega CS	1
Hang On GP '96 (Europe)	Hang-On GP	1996	Racing, Driving / Motorcycle/Racing, Driving	Sega CS	1
Hang-On GP (USA)	Hang-On GP	1996	Racing, Driving / Motorcycle/Racing, Driving	Sega CS	1
Hansha de Spark! (Japan)	Hansha de Spark!	1997	Action / Labyrinth/Action	Prism	1-4
Hardcore 4x4 (Europe) (En,Fr,De)	TNN Motor Sports HardCore 4X4	1996	Racing, Driving	Gremlin Interactive	1
Harukaze Sentai V-Force (Japan) (Disc 1)	Harukaze Sentai V-Force	1997	Simulation/Strategy	Ving	1
Hatsukoi Monogatari (Japan)	Hatsukoi Monogatari	1998	Adventure / Visual Novel/Adventure	Axes Art Amuse	1
HatTrick Hero S (Japan)	HatTrick Hero S	1995	Sports / Football (Soccer)/Sports	Taito	1-4
Haunted Casino (Japan) (Disc A)	Haunted Casino	1996	Casino	Societa Daikanyama	1
Heart of Darkness (Japan) (Proto) (1996-05-31)	Heart of Darkness	1996	Platform / Run & Jump Scrolling/Platform	Amazing Studio	1
Heartbeat Scramble (Japan)	Heartbeat Scramble	1996	Simulation / Life/Simulation/Adventure	Japan Media Programming	1
Hebereke's Popoitto (Europe)	Hebereke's Popoitto	1995	Puzzle / Fall/Puzzle	Success	1-2
Heir of Zendor - The Legend and the Land (USA)	Heir of Zendor : The Legend and the Land	1996	Strategy	Micronet	1
Heisei Tensai Bakabon - Susume! Bakabons (Japan)	Heisei Tensai Bakabon : Susume! Bakabons	1995	Puzzle / Fall/Puzzle	General Entertainment	1-2
Heiwa Pachinko Soushingeki (Japan) (1M)	Heiwa Pachinko Soushingeki	1996	Casino	Naxat Soft	1
Henry Explorers (Japan)	Crypt Killer	1997	Lightgun Shooter/Shooter / FPV/Shooter	KCET	1-2
Herc's Adventures (USA) (RE)	Herc's Adventures	1997	Action / Adventure/Action	Big Ape Productions	1-2
Hexen (USA)	Hexen	1997	Shooter / FPV/Shooter	id Software	1
Hexen - Beyond Heretic (Japan)	Hexen	1997	Shooter / FPV/Shooter	id Software	1
Hi-Octane (Europe) (En,Fr,De,Es)	Hi-Octane : The Track Fights Back!	1995	Racing, Driving	Bullfrog	1-2
Hi-Octane - The Track Fights Back! (USA) (En,Fr,De,Es)	Hi-Octane : The Track Fights Back!	1995	Racing, Driving	Bullfrog	1-2
Hideo Nomo World Series Baseball (Japan)	World Series Baseball	1995	Sports / Baseball/Sports	SEGA	1-2
High Velocity - Mountain Racing Challenge (USA)	High Velocity : Mountain Racing Challenge	1995	Racing, Driving	Cave	1-2
Highschool Terra Story (Japan)	Highschool Terra Story	1998	Simulation / Life/Simulation	URAN	1
Highway 2000 (USA)	Highway 2000	1996	Racing, Driving	Genki	1-2
Himitsu Sentai Metamor V (Japan)	Himitsu Sentai Metamor V	1998	Adventure	Feycraft	1
Hissatsu Pachinko Collection (Japan)	Hissatsu Pachinko Collection	1996	Casino	Success	1
Hissatsu! (Japan)	Hissatsu!	1996	Action / Adventure/Action	Emotion Digital Software	1
Hokuto no Ken (Japan)	Hokuto no Ken	1995	Fighting/Strategy/Adventure	Banpresto	1-2
Honkaku 4-nin Uchi Geinoujin Taikyoku Mahjong - The Wareme de Pon (Japan)	Honkaku 4-nin Uchi Geinoujin Taikyoku Mahjong : The Wareme de Pon	1996	Mahjong/Asiatic board game	Video System	1
Honkaku Hanafuda (Japan)	Honkaku Hanafuda	1998	Hanafuda/Asiatic board game	Altron	1
Honkaku Pro Mahjong - Tetsuman Special (Japan)	Honkaku Pro Mahjong : Tetsuman Special	1996	Mahjong/Asiatic board game	Chatnoir	1
Honkaku Shougi Shinan - Wakamatsu Shougi Juku (Japan)	Honkaku Shougi Shinan : Wakamatsu Shougi Juku	1998	Shougi/Asiatic board game	JSH	1-2
Hop Step Idol (Japan)	Hop Step Idol	1997	Simulation / Life/Simulation	Media Entertainment	1
Horde, The (USA)	The Horde	1996	Strategy	Silicon Knights	1
Horror Tour (Japan)	Horror Tour	1996	Adventure / Graphic/Adventure	GOO!	1
Houkago Ren'ai Club - Koi no Etude (Japan) (Disc 1)	Houkago Ren'ai Club : Koi no Etude	1998	Simulation / Life/Simulation	Prosit	1
Houma Hunter Lime Perfect Collection (Japan) (Disc 1)	Houma Hunter Lime Perfect Collection	1995	Adventure / Visual Novel/Compilation/Adventure	Silence	1
House of the Dead, The (USA)	The House of the Dead	1998	Lightgun Shooter	SEGA	1-2
Hyper 3-D Pinball (USA)	Hyper 3-D Pinball	1996	Pinball	NMS Software	1-4
Hyper 3D Pinball (Japan)	Hyper 3-D Pinball	1996	Pinball	NMS Software	1-4
Hyper Duel (Japan)	Hyper Duel	1996	Shoot'em Up / Horizontal/Shoot'em Up	Technosoft	1-2
Hyper Golf, The - Devil's Course (Japan)	Valora Valley Golf	1996	Sports / Golf/Sports	T&E Soft	1-4
Hyper Reverthion (Japan) (2M)	Hyper Reverthion	1996	Shooter/Fighting / 3D/Fighting	Technosoft	1-2
Hyper Securities S (Japan)	Hyper Securities S	1997	Simulation	Pack In Video	1
Ide Yousuke Meijin no Shin Jissen Mahjong (Japan) (2M)	Ide Yousuke Meijin no Shin Jissen Mahjong	1996	Mahjong/Asiatic board game	Capcom	1
Idol Janshi Suchie-Pai II (Japan) (Disc 1)	Idol Janshi Suchie-Pai II	1996	Mahjong/Asiatic board game	Jaleco	1
Idol Janshi Suchie-Pai Mecha Genteiban - Hatsubai 5 Shuunen Toku Package (Japan) (Disc 1)	Idol Janshi Suchie-Pai Mecha Genteiban : Hatsubai 5 Shuunen Toku Package	1998	Adventure/Mahjong/Compilation/Asiatic board game	Jaleco	1
Idol Janshi Suchie-Pai Remix (Japan)	Idol Janshi Suchie-Pai Remix	1995	Mahjong/Asiatic board game	Jaleco	1
Idol Janshi Suchie-Pai Secret Album (Japan)	Idol Janshi Suchie-Pai Secret Album	1999	Various	Jaleco	1
Idol Janshi Suchie-Pai Special (Japan)	Idol Janshi Suchie-Pai Special	1995	Mahjong/Asiatic board game	Jaleco	1
Idol Mahjong - Final Romance 2 (Japan)	Idol Mahjong : Final Romance 2	1995	Mahjong/Asiatic board game	Video System	1
Idol Mahjong - Final Romance 4 (Japan)	Idol Mahjong : Final Romance 4	1998	Mahjong/Asiatic board game	EXE Create	1
Idol Mahjong - Final Romance R (Japan)	Idol Mahjong : Final Romance R	1996	Mahjong/Asiatic board game	Video System	1
Impact Racing (USA)	Impact Racing	1996	Shooter/Racing, Driving	Funcom	1
In the Hunt (USA)	In the Hunt	1996	Shoot'em Up / Horizontal/Shoot'em Up	Sims	1-2
Incredible Hulk, The - The Pantheon Saga (USA)	The Incredible Hulk : The Pantheon Saga	1997	Beat'em Up	Attention To Detail (ATD)	1
Independence Day (USA)	Independence Day	1997	Simulation / Vehicle/Shooter / Plane/Shooter/Simulation	Radical Entertainment	1-2
Independence Day - The Game (Europe) (En,Fr,De,Es,It,Sv)	Independence Day	1997	Simulation / Vehicle/Shooter / Plane/Shooter/Simulation	Radical Entertainment	1-2
International Victory Goal (Europe)	Worldwide Soccer : Sega International Victory Goal Edition	1995	Sports / Football (Soccer)/Sports	Team Aquila	1-4
Ippatsu Gyakuten - Gambling King e no Michi (Japan)	Ippatsu Gyakuten : Gambling King e no Michi	1996	Adventure/Casino	Planning Office Wada	1
Irem Arcade Classics (Japan)	Irem Arcade Classics	1996	Racing, Driving/Sports / Football (American)/Beat'em Up/Compilation/Sports	Irem	1-2
Iron Man & X-O Manowar in Heavy Metal (USA)	Iron Man & X-O Manowar in Heavy Metal	1996	Beat'em Up	Realtime Associates	1-2
Iron Storm (USA)	Iron Storm	1996	Strategy	SEGA	1
Ishin no Arashi (Japan)	Ishin no Arashi	1997	Strategy/Simulation	Koei	1
Isto E Zico - Zico no Kangaeru Soccer (Japan)	Isto E Zico : Zico no Kangaeru Soccer	1996	Sports / Football (Soccer)/Adventure / Interactive Movie/Adventure/Sports	Mizuki	1
J. B. Harold - Blue Chicago Blues (Japan) (Disc 1)	J. B. Harold : Blue Chicago Blues	1995	Adventure / Interactive Movie/Adventure	Riverhillsoft	1
J.League Go Go Goal! (Japan)	J.League Go Go Goal!	1997	Sports / Football (Soccer)/Sports	Tecmo	1-4
J.League Jikkyou Honoo no Striker (Japan) (1M)	J.League Jikkyou Honoo no Striker	1998	Sports / Football (Soccer)/Sports	Konami Computer Entertainment	1-4
J.League Pro Soccer Club o Tsukurou! (Japan)	J.League Pro Soccer Club o Tsukurou!	1996	Sports / Football (Soccer)/Simulation/Sports	SEGA	1-8
J.League Pro Soccer Club o Tsukurou! 2 (Japan) (1M)	J.League Pro Soccer Club o Tsukurou! 2	1997	Sports / Football (Soccer)/Simulation/Sports	SEGA	1-8
J.League Victory Goal '96 (Japan) (2M)	Victory Goal '96	1996	Sports / Football (Soccer)/Sports	Team Aquila	1-4
J.League Victory Goal '97 (Japan)	J.League Victory Goal '97	1997	Sports / Football (Soccer)/Sports	SEGA	1-4
Jantei Battle Cos-Player (Japan) (Disc 1)	Jantei Battle Cos-Player	1997	Mahjong/Asiatic board game	Daiki	1
Jantei Battle Cos-Player - Original Gengashuu (Japan)	Jantei Battle Cos-Player	1997	Mahjong/Asiatic board game	Daiki	1
Japan Super Bass Classic '96 (Japan)	Japan Super Bass Classic '96	1996	Fishing/Hunting and Fishing	Naxat Soft	1
Jewels of the Oracle (Europe) (En,Ja,Fr,De)	Jewels of the Oracle	1996	Thinking/Puzzle	Discis Knowledge Research	1
Jikkyou Oshaberi Parodius - Forever with Me (Japan)	Jikkyou Oshaberi Parodius : Forever with Me	1996	Shoot'em Up/Shoot'em Up / Horizontal	Konami Computer Entertainment	1-2
Jikkyou Powerful Pro Yakyuu '95 - Kaimakuban (Japan) (1M)	Jikkyou Powerful Pro Yakyuu '95 : Kaimakuban	1995	Sports / Baseball/Sports	Konami	1-2
Jikkyou Powerful Pro Yakyuu S (Japan)	Jikkyou Powerful Pro Yakyuu S	1997	Sports / Baseball/Sports	Konami Computer Entertainment	1-2
Jikuu Tantei DD (Dracula Detective) - Maboroshi no Lorelei (Japan) (Disc A)	Jikuu Tantei DD (Dracula Detective) : Maboroshi no Lorelei	1996	Adventure	System Sacom	1
Jissen Mahjong (Japan)	Jissen Mahjong	1995	Mahjong/Asiatic board game	Outback	1
Jissen Pachinko Hisshou-hou! Twin (Japan)	Jissen Pachinko Hisshou-hou! Twin	1997	Casino / Slot machine/Casino	Sammy Corporation	1
Jissen! Pachi-Slot Hisshou-hou! 3 (Japan)	Jissen! Pachi-Slot Hisshou-hou! 3	1996	Casino / Slot machine/Casino	Sammy Corporation	1
Jissen! Pachi-Slot Hisshou-hou! 4 (Japan)	Jissen! Pachi-Slot Hisshou-hou! 4	1997	Casino / Slot machine/Casino	Sammy Corporation	1
Jissen! Pachi-Slot Hisshou-hou! Iron Hook - The Great Marine Adventures (Japan)	Jissen! Pachi-Slot Hisshou-hou! Iron Hook : The Great Marine Adventures	1996	Casino / Slot machine/Casino	Sammy Corporation	1
Johnny Bazooka (Japan)	Johnny Bazookatone	1996	Platform	Arc Developments Limited	1
Johnny Bazookatone (USA)	Johnny Bazookatone	1996	Platform	Arc Developments Limited	1
Jonah Lomu Rugby (Europe)	Jonah Lomu Rugby	1997	Sports / Rugby/Sports	Rage Software	1-4
Joshikousei no Houkago... Pukunpa (Japan)	Joshikousei no Houkago... Pukunpa	1996	Puzzle	Athena	1-2
Junclassic C.C. & Rope Club (Japan) (2M)	Junclassic C.C. & Rope Club	1997	Sports / Golf/Sports	T&E Soft	1-4
Jung Rhythm (Japan)	Jung Rhythm	1998	Rhythm/Music and Dancing	Altron	1-2
Jungle Park - Saturn Shima (Japan) (Rev A)	Jungle Park : Saturn Shima	1998	Adventure / Point and Click/Adventure	Digitalogue	1
K-1 Grand Prix - Fighting Illusion Shou (Japan)	K-1 Grand Prix : Fighting Illusion Shou	1997	Sports / Fighting/Sports	Daft	1-2
Kaitei Daisensou (Japan)	In the Hunt	1996	Shoot'em Up / Horizontal/Shoot'em Up	Sims	1-2
Kaitou Saint Tail (Japan)	Kaitou Saint Tail	1997	Adventure	Access	1-2
Kakinoki Shougi (Japan)	Kakinoki Shougi	1995	Shougi/Asiatic board game	ASCII	1-2
Kakyuusei (Japan) (Disc 1) (1M)	Kakyuusei	1997	Simulation / Life/Adults/Simulation	Elf	1
Kanazawa Shougi (Japan) (1M)	Kanazawa Shougi	1995	Shougi/Asiatic board game	SETA	1-2
Kanzen Chuukei Pro Yakyuu Greatest Nine (Japan) (Rev A)	Kanzen Chuukei Pro Yakyuu Greatest Nine	1995	Sports / Baseball/Sports	SEGA	1-2
Keio Flying Squadron 2 (Europe)	Keio Flying Squadron 2	1996	Platform	Victor Entertainment	1
Keiou Yuugekitai - Katsugeki-hen (Japan)	Keio Flying Squadron 2	1996	Platform	Victor Entertainment	1
Kekkon - Marriage (Japan)	Kekkon : Marriage	1995	Simulation / Life/Adventure/Simulation	Westone	1
Kekkon - Marriage - Zen'ya (Japan)	Kekkon : Marriage : Zen'ya	1995	Various	Bits Laboratory	1
Keriotosse! (Japan)	Keriotosse!	1998	Fighting	Unlimited	1-4
Kidou Senkan Nadesico - The Blank of 3 Years (Japan) (Disc 1)	Kidou Senkan Nadesico : The Blank of 3 Years	1998	Adventure	Fupac	1
Kidou Senkan Nadesico - Yappari Saigo wa Ai ga Katsu (Japan)	Kidou Senkan Nadesico : Yappari Saigo Ha &quot;Ai ga Katsu&quot;?	1997	Simulation / Life/Adventure/Simulation	SEGA	1
Kidou Senshi Gundam - Gihren no Yabou (Japan)	Kidou Senshi Gundam : Gihren no Yabou	1998	Strategy	CRI	1
Kidou Senshi Gundam - Gihren no Yabou - Kouryaku Shireisho (Japan)	Kidou Senshi Gundam : Gihren no Yabou : Kouryaku Shireisho	1998	Various	Bandai	1
Kidou Senshi Z Gundam - Kouhen Uchuu o Kakeru (Japan)	Kidou Senshi Z Gundam : Kouhen Uchuu o Kakeru	1997	Shoot'em Up / Horizontal/Shoot'em Up	Bandai	1
Kidou Senshi Z Gundam - Zenpen Zeta no Kodou (Japan)	Kidou Senshi Z Gundam : Zenpen Zeta no Kodou	1997	Shoot'em Up / Horizontal/Shoot'em Up	Bandai	1
Kindaichi Shounen no Jikenbo - Hoshimitou Kanashimi no Fukushuuki (Japan)	Kindaichi Shounen no Jikenbo : Hoshimitou Kanashimi no Fukushuuki	1998	Adventure / Visual Novel/Adventure	Metro Corporation	1
King of Boxing, The (Japan)	Center Ring Boxing	1995	Sports / Boxing/Sports/Various	Victor Entertainment	1-2
King of Fighters '95, The (Europe)	The King of Fighters '95	1997	Fighting / Versus/Fighting	Rutubo Games	1-2
King of Fighters '96, The (Japan) (1M)	The King of Fighters '96	1996	Fighting / Versus/Fighting	SNK	1-2
King of Fighters '97, The (Japan)	The King of Fighters '97	1998	Fighting	Yumekobo	1-2
Kiss yori... (Japan)	Kiss yori...	1999	Simulation / Life/Adventure / Visual Novel/Simulation/Adventure	Kindle Imagine Develop	1
Kisuishou Densetsu Astal (Japan) (3A)	Astal	1995	Platform	SEGA	1-2
Kochira Katsushikaku Kameari Kouenmae - Hashutsujo - Nakagawa Land Dai-Race! no Maki (Japan)	Kochira Katsushikaku Kameari Kouenmae : Hashutsujo, Nakagawa Land Dai-Race! no Maki	1997	Board game	Warashi	1-6
Koden Koureijutsu - Hyaku Monogatari - Honto ni Atta Kowai Hanashi (Japan) (Disc 1) (Joukan)	Koden Koureijutsu Hyaku Monogatari : Hontoni Atta Kowai Hanashi	1997	Adventure / Graphic/Adventure	Hudson Soft	1
Koi no Summer Fantasy - in Miyazaki Seagaia (Japan)	Koi no Summer Fantasy : in Miyazaki Seagaia	1997	Simulation / Life/Simulation	Japan System Supply	1
Konami Antiques - MSX Collection Ultra Pack (Japan) (2M)	Konami Antiques : MSX Collection Ultra Pack	1998	Sports	Konami Computer Entertainment	1-2
Koudou Saisoku Densetsu - Initial D (Japan)	Koudou Saisoku Densetsu : Initial D	1998	Racing TPV/Racing, Driving	Genki	1
Kouryuu Sangoku Engi (Japan)	Kouryuu Sangoku Engi	1996	Strategy	[RON]	1
Koutetsu Reiiki - Steeldom (Japan) (2M)	Koutetsu Reiiki : Steeldom	1996	Shooter/Fighting / 3D/Fighting	Technosoft	1-2
Krazy Ivan (Europe)	Krazy Ivan	1997	Shooter / FPV/Shooter	Psygnosis	1
Kumitate Battle Kuttu Ketto (Japan)	Kumitate Battle Kuttu Ketto	1998	Strategy	Technosoft	1-2
Kunoichi Torimonochou (Japan)	Kunoichi Torimonochou	1998	Adventure	PoleStar	1
Kuro no Danshou - The Literary Fragment (Japan) (2M)	Kuro no Danshou : The Literary Fragment	1997	Adventure / Visual Novel/Adults/Adventure	Abogado Powers	1
Kurubushi Kyoudai Gekijou Daiikkan - Mahjong-hen (Japan) (2M)	Kurubushi Kyoudai Gekijou Dai-ikkan : Mahjong-hen	1996	Mahjong/Asiatic board game	Chatnoir	1
Kururin Pa! (Japan)	Kururin Pa!	1996	Puzzle / Fall/Puzzle	Sky Think System	1-2
Kuusou Kagaku Sekai Gulliver Boy (Japan) (Disc 1)	Kuusou Kagaku Sekai Gulliver Boy	1996	Role Playing Game	Hudson Soft	1
Kyuukyoku Tiger II Plus (Japan)	Kyuukyoku Tiger II Plus	1997	Shoot'em Up / Vertical/Shoot'em Up	Naxat Soft	1-2
Kyuutenkai (Japan)	Kyuutenkai	1995	Pinball	Technosoft	1
Langrisser - Dramatic Edition (Japan) (1M)	Langrisser : Dramatic Edition	1998	Compilation/Role Playing Game/Strategy	Career Soft	1
Langrisser III (Japan) (1M)	Langrisser III	1996	Role Playing Game/Strategy	Career Soft	1
Langrisser IV (Japan) (1M, 3M)	Langrisser IV	1997	Role Playing Game/Strategy	Career Soft	1
Langrisser V - The End of Legend (Japan) (1M)	Langrisser V : The End of Legend	1998	Role Playing Game/Strategy	Career Soft	1
Last Bronx (USA)	Last Bronx	1997	Fighting / Versus/Fighting / 3D/Fighting	Sega AM3	1-2
Last Gladiators - Digital Pinball (USA) (3S)	Last Gladiators : Digital Pinball	1995	Pinball	KAZe	1
Layer Section (Japan) (3M)	Galactic Attack	1995	Shoot'em Up / Vertical/Shoot'em Up	Ving	1-2
Layer Section II (Japan)	Layer Section II	1997	Shoot'em Up / Vertical/Shoot'em Up	TOSE	1-2
Legend of Heroes I & II, The - Eiyuu Densetsu (Japan)	The Legend of Heroes I & II : Eiyuu Densetsu	1998	Role Playing Game/Compilation	Highwaystar	1
Legend of Oasis, The (USA)	The Legend of Oasis	1996	Adventure/Role Playing Game	Ancient	1-2
LifeScape - Seimei 40 Okunen Haruka na Tabi (Japan) (Disc 1) (Aquasphere) (4M)	Lifescape : Seimei 40 Okunen Haruka na Tabi	1996	Educational	Scitron	1
LifeScape 2 - Body Bionics - Kyoui no Shouuchuu Jintai (Japan)	Lifescape 2 : Body Bionics : Kyoui no Shouuchuu Jintai	1997	Action / Adventure/Action	Scitron	1
Linda^3 Kanzenban (Japan)	Linda³ Kanzenban	1998	Role Playing Game	Mars	1
Linkle Liver Story (Japan)	Linkle Liver Story	1996	Action RPG/Role Playing Game	NexTech	1
Loaded (USA) (En,Fr)	Loaded	1996	Action / Adventure/Action	Gremlin Interactive	1-2
Lode Runner - The Legend Returns (Japan)	Lode Runner : The Legend Returns	1996	Platform	Game Arts	1-2
Lode Runner Extra (Japan)	Lode Runner Extra	1997	Platform	Game Arts	1-2
Logic Puzzle Rainbow Town (Japan)	Logic Puzzle Rainbow Town	1996	Puzzle	Human Entertainment	1
Lost Vikings 2 - Norse by Norsewest (Europe) (En,Fr,De)	Norse by Norsewest : The Return of the Lost Vikings	1997	Platform	Beam Software	1-2
Lost World, The - Jurassic Park (USA)	The Lost World : Jurassic Park	1997	Platform	Appaloosa Interactive	1
Lovely Pop 2 in 1 - Jan Jan Koi Shimasho (Japan)	Lovely Pop 2 in 1 : Jan Jan Koi Shimasho	1998	Hanafuda/Mahjong/Compilation/Asiatic board game	Visco	1
LuLu - Un Conte Interactif de Romain Victor-Pujebet (Japan)	LuLu : Un Conte Interactif de Romain Victor-Pujebet	1996	Adventure / Text/Adventure / Graphic/Adventure	System Sacom	1
Lunacy (USA) (Disc 1)	Lunacy	1997	Adventure	System Sacom	1
Lunar - Silver Star Story (Japan)	Lunar : Silver Star Story	1996	Role Playing Game	Game Arts	1
Lunar - Silver Star Story Complete (Japan)	Lunar : Silver Star Story	1996	Role Playing Game	Game Arts	1
Lunar 2 - Eternal Blue (Japan) (Disc 1)	Lunar 2 : Eternal Blue	1998	Role Playing Game	Game Arts	1
Lupin Sansei - Pyramid no Kenja (Japan)	Lupin the 3rd : Pyramid no Kenja	1998	Action / Adventure/Action	Vantan International	1
m [emu] - Kimi o Tsutaete (Japan) (2M)	m [emu] : Kimi o Tsutaete	1996	Simulation / Life/Simulation	Nexus Interact	1
Maboroshi no Black Bass (Japan)	Maboroshi no Black Bass	1997	Fishing/Hunting and Fishing	Make Software	1
Machi (Japan) (Demo) (4M)	Sound Novel Machi	1998	Adventure / Visual Novel/Adventure	Chunsoft	1
Machine Head (USA)	Machine Head	1996	Shooter / Vehicle, FPV/Shooter	Core Design	1
Madden NFL 97 (USA)	Madden NFL 97	1996	Sports / Football (American)/Sports	Tiburon Entertainment	1-8
Madden NFL 98 (USA)	Madden NFL 98	1997	Sports / Football (American)/Sports	Tiburon Entertainment	1-8
Madou Monogatari (Japan)	Madou Monogatari	1998	Role Playing Game	Compile	1
Magic Carpet (USA)	Magic Carpet	1996	Shoot'em Up/Shooter / FPV/Shooter	Bullfrog	1
Magic Knight Rayearth (USA)	Magic Knight Rayearth	1998	Action RPG/Role Playing Game	Sega RPG Production	1
Magical Drop (Japan)	Magical Drop	1995	Puzzle / Throw/Puzzle	Data East	1-2
Magical Drop 2 (Japan)	Magical Drop 2	1996	Puzzle / Throw/Puzzle	Data East	1-2
Magical Drop III - Toretate Zoukangou! (Japan) (2M)	Magical Drop III : Toretate Zoukan-gou!	1997	Puzzle / Throw/Puzzle	Data East	1-2
Magical Hoppers (Japan)	Pandemonium!	1997	Platform	Jumpin' Jack Software	1
Magical Night Dreams - Cotton 2 (Japan)	Magical Night Dreams : Cotton 2	1997	Shoot'em Up / Horizontal/Shoot'em Up	Success	1-2
Magical Night Dreams - Cotton Boomerang (Japan)	Magical Night Dreams : Cotton Boomerang	1998	Shoot'em Up / Horizontal/Shoot'em Up	Success	1-2
Mahjong Doukyuusei Special (Japan)	Mahjong Doukyuusei Special	1996	Adults/Mahjong/Asiatic board game	Elf	1
Mahjong Gakuensai (Japan)	Mahjong Gakuensai	1997	Adults/Mahjong/Asiatic board game	Make Software	1
Mahjong Gakuensai DX - Zenjitsu ni Matsuwaru Funsenki (Japan)	Mahjong Gakuensai DX : Zenjitsu ni Matsuwaru Funsenki	1998	Adults/Mahjong/Asiatic board game	H Project	1
Mahjong Ganryuujima (Japan) (4M)	Mahjong Ganryuujima	1995	Mahjong/Asiatic board game	Cosmos Computer	1
Mahjong Gokuu Tenjiku (Japan)	Mahjong Gokuu Tenjiku	1994	Mahjong/Asiatic board game	Chatnoir	1
Mahjong Hyper Reaction R (Japan)	Mahjong Hyper Reaction R	1996	Adults/Mahjong/Asiatic board game	Sammy Corporation	1
Mahjong Kaigan Monogatari - Mahjong-kyou Jidai Sexy Idol-hen (Japan) (2M)	Mahjong Kaigan Monogatari : Mahjong-kyou Jidai Sexy Idol-hen	1995	Adults/Mahjong/Asiatic board game	Micronet	1
Mahjong Taikai II Special (Japan) (2M)	Mahjong Taikai II Special	1996	Mahjong/Asiatic board game	Koei	1
Mahjong Tenshi - Angel Lips (Japan)	Mahjong Tenshi : Angel Lips	1996	Adults/Mahjong/Asiatic board game	Nihon Systems	1
Mahjong Yon Shimai - Wakakusa Monogatari (Japan)	Mahjong Yon Shimai : Wakakusa Monogatari	1996	Adults/Mahjong/Asiatic board game	Maboroshi Ware	1
Mahjong-kyou Jidai Cebu Island '96 (Japan) (Disc 1)	Mahjong-kyou Jidai Cebu Island '96	1996	Adults/Mahjong/Asiatic board game	Micronet	1
Mahjong-kyou Jidai Cogal Houkago-hen (Japan)	Mahjong-kyou Jidai Cogal Houkago-hen	1996	Adults/Mahjong/Asiatic board game	Micronet	1
Mahou Gakuen Lunar! (Japan) (1M)	Mahou Gakuen Lunar!	1997	Role Playing Game	Game Arts	1
Mahou no Janshi - Poe Poe Poemy (Japan) (2M)	Mahou no Janshi : Poe Poe Poemy	1995	Adults/Mahjong/Asiatic board game	Eleca	1
Mahou Shoujo Pretty Samy - Heart no Kimochi (Japan)	Mahou Shoujo Pretty Samy : Heart no Kimochi	1998	Adventure	AIC Spirits	1
Mahou Shoujo Pretty Samy - Osorubeshi Shintai Sokutei! Kakubakuhatsu 5-Byou-mae!! (Japan)	Mahou Shoujo Pretty Samy : Osorubeshi Shintai Sokutei! Kakubakuhatsu 5-Byou-mae!!	1997	Adventure	NEC Interchannel	1
Mahoutsukai ni Naru Houhou (Japan)	Mahoutsukai ni Naru Houhou	1998	Action RPG/Role Playing Game	Technic(TGL) Technical Group Laboratory	1
Mainichi Kawaru Quiz Bangumi - Quiz 365 (Japan)	Mainichi Kawaru Quiz Bangumi : Quiz 365	1996	Quiz / Japanese/Quiz	Oz Club	1-6
Manoir des Ames Perdues, Le (France)	The Mansion of Hidden Souls	1995	Adventure	System Sacom	1
Mansion de las Almas Ocultas, La (Spain)	The Mansion of Hidden Souls	1995	Adventure	System Sacom	1
Mansion of Hidden Souls, The (USA)	The Mansion of Hidden Souls	1995	Adventure	System Sacom	1
Manx TT SuperBike (USA)	Manx TT SuperBike	1997	Racing, Driving / Motorcycle/Racing, Driving	Psygnosis	1-2
Maria - Kimitachi ga Umareta Wake (Japan) (Disc 1)	Maria : Kimi-tachi ga Umareta Wake	1997	Adventure	Break	1
Marica - Shinjitsu no Sekai (Japan)	Marica : Shinjitsu no Sekai	1997	Role Playing Game	Feycraft	1
Marie no Atelier Ver. 1.3 - Salburg no Renkinjutsushi (Japan)	Marie no Atelier Ver. 1.3 : Salburg no Renkinjutsushi	1997	Role Playing Game	GOO!	1
Mario Mushano no Chou Shougi Juku - Mario Mushano's Hyper Shogi School (Japan)	Mario Mushano no Chou Shougi Juku : Mario Mushano's Hyper Shogi School	1998	Shougi/Asiatic board game	King Records	1
Marvel Super Heroes (USA)	Marvel Super Heroes	1997	Fighting / 2D/Fighting / Versus/Fighting	Capcom	1-2
Marvel Super Heroes vs. Street Fighter (Japan)	Marvel Super Heroes vs. Street Fighter	1998	Fighting / Versus/Fighting / 2D/Fighting	Capcom	1-2
Mass Destruction (USA)	Mass Destruction	1997	Shooter / Vehicle, TPV/Shooter	NMS Software	1
Mass Destruction - Otousan ni mo Dekiru Soft (Japan)	Mass Destruction	1997	Shooter / Vehicle, TPV/Shooter	NMS Software	1
Master of Monsters - Neo Generations (Japan)	Master of Monsters : Neo Generations	1996	Strategy	SystemSoft	1-2
Masters - Harukanaru Augusta 3 (Japan)	Masters : Harukanaru Augusta 3	1995	Sports / Golf/Sports	T&E Soft	1-4
Matsukata Hiroki no World Fishing (Japan)	Matsukata Hiroki no World Fishing	1996	Fishing/Hunting and Fishing	TOSE	1
Maximum Force (USA)	Maximum Force	1997	Lightgun Shooter	Mesa Logic	1
Mechanical Violator Hakaider - Last Judgement (Japan)	Mechanical Violator Hakaider : Last Judgement	1996	Lightgun Shooter	Japan Media Programming	1
MechWarrior 2 (Japan)	MechWarrior 2 : 31st Century Combat : Arcade Combat Edition	1997	Shooter / Vehicle, FPV/Shooter	Quantum Factory	1
MechWarrior 2 - 31st Century Combat - Arcade Combat Edition (USA)	MechWarrior 2 : 31st Century Combat : Arcade Combat Edition	1997	Shooter / Vehicle, FPV/Shooter	Quantum Factory	1
Mega Man 8 (USA)	Mega Man 8	1997	Platform / Shooter Scrolling/Platform	Capcom	1
Mega Man X3 (Europe)	Mega Man X3	1997	Platform	Capcom	1
Mega Man X4 (USA)	Mega Man X4	1997	Platform / Shooter Scrolling/Platform	Capcom	1
MeltyLancer - Ginga Shoujo Keisatsu 2086 (Japan)	MeltyLancer : Ginga Shoujo Keisatsu 2086	1996	Simulation / Life/Simulation	ALU	1
MeltyLancer - Re-inforce (Japan) (Disc 1)	MeltyLancer : Re-inforce	1998	Tactical RPG/Simulation / Life/Simulation/Role Playing Game	NexTech	1
Metal Black (Japan) (1M)	Metal Black	1996	Shoot'em Up / Horizontal/Shoot'em Up	Ving	1-2
Metal Fighter Miku (Japan)	Metal Fighter Miku	1995	Adventure	Feycraft	1
Metal Slug - Super Vehicle-001 (Japan)	Metal Slug : Super Vehicle-001	1997	Shooter / Run and Gun/Shooter	Yumekobo	1-2
Mezase Idol Star!! Natsuiro Memories - Mahjong-hen (Japan) (2M)	Mezase Idol Star!! Natsuiro Memories : Mahjong-hen	1996	Mahjong/Asiatic board game	Shar Rock	1
Mighty Hits (Europe)	Mighty Hits	1996	Lightgun Shooter	Altron	1-8
Minakata Hakudou Toujou (Japan) (Disc 1) (2M)	Minakata Hakudou Toujou	1997	Adventure	Thinking Rabbit	1
Minami no Shima ni Buta ga Ita - Lucas no Daibouken (Japan) (2M)	Minami no Shima ni Buta ga Ita : Lucas no Daibouken	1996	Thinking/Puzzle	Scholar	1
Minnesota Fats - Pool Legend (USA) (R)	Minnesota Fats : Pool Legend	1995	Sports / Pool/Sports	Data East	1-2
Minton Keibu no Sousa File - Doukeshi Satsujin Jiken (Japan)	Minton Keibu no Sousa File : Doukeshi Satsujin Jiken	1997	Adventure	Thinking Rabbit	1
Mizubaku Daibouken (Japan)	Mizubaku Daibouken	1998	Platform	Ving	1-2
Mizuki Shigeru no Youkai Zukan Soushuuhen (Japan)	Mizuki Shigeru no Youkai Zukan Soushuuhen	1998	Various/Adventure	Highwaystar	1
Mobile Suit Gundam (Japan)	Mobile Suit Gundam	1995	Shoot'em Up / Horizontal/Shoot'em Up	CRI	1
Mobile Suit Gundam Side Story - Optional Guide (Japan)	Mobile Suit Gundam Side Story : The Blue Destiny	1997	Compilation/Shooter / FPV/Shooter	Bandai	1
Mobile Suit Gundam Side Story I - Senritsu no Blue (Japan)	Mobile Suit Gundam Side Story I : Senritsu no Blue	1996	Shooter / FPV/Shooter	Bandai	1
Mobile Suit Gundam Side Story II - Ao o Uketsugu Mono (Japan)	Mobile Suit Gundam Side Story II : Ao o Uketsugu Mono	1996	Shooter/Shooter / FPV	Bandai	1
Mobile Suit Gundam Side Story III - Sabakareshi Mono (Japan)	Mobile Suit Gundam Side Story III : Sabakareshi Mono	1997	Shooter/Shooter / FPV	Bandai	1
Moero!! Pro Yakyuu '95 - Double Header (Japan)	Moero!! Pro Yakyuu '95 : Double Header	1995	Sports / Baseball/Sports	Jaleco	1-2
Momotarou Douchuuki (Japan) (1M)	Momotarou Douchuuki	1997	Board game	Hudson Soft	1-4
Monster Slider (Japan)	Monster Slider	1997	Puzzle / Fall/Puzzle	Datt Japan	1-2
Moon Cradle (Japan) (Disc 1)	Moon Cradle	1997	Adventure	Pack-In-Soft	1
Mortal Kombat II (USA)	Mortal Kombat II	1996	Fighting / Versus/Fighting	Probe Entertainment	1-2
Mortal Kombat II Kanzenban (Japan) (4S)	Mortal Kombat II	1996	Fighting / Versus/Fighting	Probe Entertainment	1-2
Mortal Kombat Trilogy (USA)	Mortal Kombat Trilogy	1997	Fighting / 2D/Fighting	Point of View	1-2
Motteke Tamago with Ganbare! Kamonohashi (Japan)	Motteke Tamago with Ganbare! Kamonohashi	1998	Action / Labyrinth/Action	Naxat Soft	1-4
Mouja (Japan)	Mouja	1996	Puzzle / Fall/Puzzle	Etona	1-2
Mouri Motonari - Chikai no Sanshi (Japan)	Mouri Motonari : Chikai no Sanshi	1997	Strategy/Role Playing Game	Koei	1
Mr. Bones (USA) (Disc 1)	Mr. Bones	1996	Platform	Zono	1
Mujintou Monogatari R - Futari no Love Love Island (Japan)	Mujintou Monogatari R : Futari no Love Love Island	1998	Simulation / Life/Simulation/Adventure	KSS	1
Murakoshi Seikai no Bakuchou Nihon Rettou (Japan)	Murakoshi Seikai no Bakuchou Nihon Rettou	1998	Fishing/Hunting and Fishing	A Wave Inc	1
My Best Friends - St. Andrew Jogakuin-hen (Japan)	My Best Friends : St. Andrew Jogakuin-hen	1996	Puzzle	ISCO	1
My Dream - On Air ga Matenakute (Japan) (Disc 1)	My Dream : On Air ga Matenakute	1997	Simulation / Life/Adventure / Visual Novel/Adventure/Simulation	Nihon Create	1
Myst (USA)	Myst	1995	Adventure / Point and Click/Thinking/Adventure	Interprog	1
Mystaria - The Realms of Lore (USA)	Mystaria : The Realms of Lore	1995	Tactical RPG/Role Playing Game	Micro Cabin	1
Mystery Mansion - Das Haus der verlorenen Seelen (Germany)	The Mansion of Hidden Souls	1995	Adventure	System Sacom	1
Nanatsu Kaze no Shima Monogatari (Japan) (Disc 1)	Nanatsu Kaze no Shima Monogatari	1997	Adventure / Graphic/Role Playing Game/Adventure	Givro	1
Nanatsu no Hikan (Japan) (Disc 1) (1M)	Nanatsu no Hikan	1996	Adventure	Koei	1
NASCAR 98 (USA)	NASCAR 98	1997	Racing, Driving	High Score Entertainment	1-2
NBA Action (USA)	NBA Action	1996	Sports / Basketball/Sports	Gray Matter	1-10
NBA Action 98 (USA)	NBA Action 98	1997	Sports / Basketball/Sports	Visual Concepts	1-10
NBA Jam - Tournament Edition (USA) (3S)	NBA Jam Tournament Edition	1995	Sports / Basketball/Sports	Iguana Entertainment	1-4
NBA Jam Extreme (USA)	NBA Jam Extreme	1996	Sports / Basketball/Sports	Sculptured Software	1-4
NBA Live 97 (USA)	NBA Live 97	1997	Sports / Basketball/Sports	Realtime Associates	1-10
NBA Live 98 (USA)	NBA Live 98	1997	Sports / Basketball/Sports	Electronic Arts	1-8
Nekketsu Oyako (Japan)	Nekketsu Oyako	1995	Beat'em Up	Technosoft	1-2
Neon Genesis - Evangelion - Koutetsu no Girlfriend (Japan) (Disc 1)	Shinseiki Evangelion : Koutetsu no Girlfriend	1998	Adventure	Gainax	1
Neon Genesis Evangelion - Digital Card Library (Japan)	Shinseiki Evangelion : Digital Card Library	1997		SEGA	1
Next King - Koi no Sennen Oukoku (Japan)	Next King : Koi no Sennen Oukoku	1997	Board game/Role Playing Game/Simulation / Life/Simulation	Plex	1-4
NFL '97 (USA)	NFL '97	1996	Sports / Football (American)/Sports	Padded Cell Studios	1-8
NFL Quarterback Club '96 (USA) (5S)	NFL Quarterback Club '96	1996	Sports / Football (American)/Sports	Iguana Entertainment	1-12
NFL Quarterback Club '97 (USA)	NFL Quarterback Club 97	1996	Sports / Football (American)/Sports	Iguana Entertainment	1-12
NHL 97 (USA)	NHL 97	1996	Sports / Hockey/Sports	Visual Concepts	1-8
NHL 98 (USA)	NHL 98	1998	Sports / Hockey/Sports	MBL Research	1-8
NHL All-Star Hockey (USA) (1S)	NHL All-Star Hockey	1995	Sports / Hockey/Sports	Gray Matter	1-12
NHL All-Star Hockey 98 (USA)	NHL All-Star Hockey 98	1997	Sports / Hockey/Sports	Radical Entertainment	1-8
NHL Powerplay '96 (USA)	NHL Powerplay '96	1996	Sports / Hockey/Sports	Radical Entertainment	1-6
Night Striker S (Japan)	Night Striker S	1996	Shooter / Vehicle, TPV/Shooter	Fill in Café	1
Night Warriors - Darkstalkers' Revenge (USA)	Night Warriors : Darkstalkers' Revenge	1996	Fighting / Versus/Fighting / 2D/Fighting	Capcom	1-2
Nightruth - Explanation of the Paranormal - Futatsu dake no Shinjitsu (Japan)	Nightruth : Explanation of the Paranormal : &quot;Futatsu dake no Shinjitsu&quot;	1997	Adventure / Visual Novel/Adventure	Sonnet Computer Entertainment	1
Nightruth - Explanation of the Paranormal - Maria (Japan)	Nightruth : Explanation of the Paranormal : &quot;Maria&quot;	1996	Adventure / Visual Novel/Adventure	Sonnet Computer Entertainment	1
Nightruth - Explanation of the Paranormal 01 - Yami no Tobira (Japan) (2M)	Nightruth : Explanation of the Paranormal #01 : &quot;Yami no Tobira&quot;	1996	Adventure / Visual Novel/Adventure	Sonnet Computer Entertainment	1
Nights into Dreams... (USA, Brazil)	NiGHTS into Dreams...	1996	Action / Adventure/Action	Sonic Team	1-2
Nihon Daihyou Team no Kantoku ni Naruu! Sekaihatsu Soccer RPG - Become the Coach for the National Team! (Japan)	Nihon Daihyou Team no Kantoku ni Naruu! Sekaihatsu Soccer RPG : Become the Coach for the National Team!	1998	Sports / Football (Soccer)/Sports/Role Playing Game	SEGA	1
Nihon Pro Mahjong Renmei Kounin - Doujou Yaburi (Japan)	Nihon Pro Mahjong Renmei Kounin : Doujou Yaburi	1997	Mahjong/Asiatic board game	Chatnoir	1
Nile-gawa no Yoake (Japan) (Rev A)	Nile-gawa no Yoake	1998	Strategy/Build And Management/Simulation	Pack-In-Soft	1
Ninja Jajamaru-kun - Onigiri Ninpouchou Gold (Japan)	Ninja Jajamaru-kun : Onigiri Ninpouchou Gold	1997	Platform	Game Studio	1
Ninkuu - Tsuyokina Yatsura no Daigekitotsu! (Japan)	Ninkuu : Tsuyokina Yatsura no Daigekitotsu!	1996	Fighting / Versus/Fighting / 2D/Fighting	Sims	1-2
Ninpen Manmaru (Japan)	Ninpen Manmaru	1997	Platform	TamTam	1
Nissan Presents - Over Drivin' GT-R (Japan)	Nissan Presents : Over Drivin' GT-R	1996	Racing, Driving	Pioneer Productions	1-2
No-appointment Gals Olympos (Japan)	No-appointment Gals Olympos	1996	Adventure/Simulation	Human Entertainment	1
Nobunaga no Yabou - Returns (Japan)	Nobunaga no Yabou : Returns	1996	Strategy	Koei	1-2
Nobunaga no Yabou - Sengoku Gunyuuden (Japan)	Nobunaga no Yabou : Sengoku Gunyuuden	1998	Strategy	Koei	1-4
Nobunaga no Yabou - Shouseiroku (Japan) (2M)	Nobunaga no Yabou : Shouseiroku	1998	Strategy	Koei	1-8
Nobunaga no Yabou Tenshouki (Japan)	Nobunaga no Yabou Tenshouki	1995	Strategy	Koei	1-8
Nobunaga no Yabou Tenshouki with Power-Up Kit (Japan)	Nobunaga no Yabou Tenshouki with Power-Up Kit	1997	Strategy	Koei	1
Noel 3 (Japan) (Demo)	NOeL 3 : Not Digital	1998	Adventure / Visual Novel/Adventure	Flight-Plan	1
Noel 3 - Not Digital (Japan) (Disc 1)	NOeL 3 : Not Digital	1998	Adventure / Visual Novel/Adventure	Flight-Plan	1
Nonomura Byouin no Hitobito (Japan)	Nonomura Byouin no Hitobito	1996	Adventure / Visual Novel/Adults/Adventure	Silky's	1
Noon (Japan) (Rev A)	Noon	1998	Puzzle	Kouji Oono	1-4
Norse by Norsewest - The Return of the Lost Vikings (USA)	Norse by Norsewest : The Return of the Lost Vikings	1997	Platform	Beam Software	1-2
Ochigee Designer Tsukutte Pon! (Japan)	Ochigee Designer Tsukutte Pon!	1997	Puzzle	Ninelives	1
Off-World Interceptor Extreme (USA)	Off-World Interceptor Extreme	1995	Racing, Driving	Crystal Dynamics	1-2
Oh-chan no Oekaki Logic (Japan)	Oh-chan no Oekaki Logic	1995	Puzzle	GOO!	1-2
Ojousama Express (Japan) (Disc 1)	Ojousama Express	1998	Adventure / Visual Novel/Adventure	MediaWorks	1
Ojousama o Nerae!! (Japan)	Ojousama o Nerae!!	1998	Adventure/Adults	Use Corporation	1
Okudera Yasuhiko no Sekai o Mezase! Soccer Kids - Nyuumon-hen (Japan)	Okudera Yasuhiko no Sekai o Mezase! Soccer Kids : Nyuumon-hen	1996	Educational/Sports / Football (Soccer)/Sports	Japan Media Programming	1
Olympic Soccer (USA)	Olympic Soccer	1996	Sports / Football (Soccer)/Sports	Silicon Dreams	1-4
Omakase! Savers (Japan)	Omakase! Savers	1996	Action / Adventure/Action	Japan Media Programming	1
Ooedo Renaissance (Japan)	Ooedo Renaissance	1997	Build And Management/Simulation	Bits Laboratory	1
Oracle no Houseki - Jewels of the Oracle (Japan) (En,Ja,Fr,De)	Jewels of the Oracle	1996	Thinking/Puzzle	Discis Knowledge Research	1
Ousama Game (Japan) (Disc 1) (Ichigo Disc)	Ousama Game	1998	Board game/Adults	Societa Daikanyama	1
P.T.O. - Pacific Theater of Operations II (USA)	Pacific Theater of Operations II	1996	Simulation/Strategy	Koei	1-2
Pachi-Slot Kanzen Kouryaku Uni-Colle '97 - Universal Collection (Japan)	Pachi-Slot Kanzen Kouryaku Uni-Colle '97 : Universal Collection	1997	Casino / Slot machine/Casino	Nihon Syscom	1
Pachinko Hall - Shinsou Daikaiten (Japan)	Pachinko Hall : Shinsou Daikaiten	1998	Build And Management/Casino / Slot machine/Casino/Simulation	Nexton	1
Pandemonium! (USA)	Pandemonium!	1997	Platform	Jumpin' Jack Software	1
Paneltia Story - Koeln no Daibouken (Japan)	Paneltia Story : Koeln no Daibouken	1997	Role Playing Game	TamTam	1
Panic-chan (Japan) (Rev A) (10M)	Panic-chan	1997	Adventure	Imagineer	1
Panzer Dragoon (USA) (1S)	Panzer Dragoon	1995	Shooter / TPV/Shooter/Shoot'em Up	Team Andromeda	1
Panzer Dragoon II Zwei (USA)	Panzer Dragoon II Zwei	1996	Shooter / TPV/Shooter	SEGA	1
Panzer Dragoon Saga (USA) (Disc 1)	Panzer Dragoon Saga	1998	Role Playing Game	SEGA	1
Pappara Paoon (Japan) (2M)	Pappara Paoon	1995	Puzzle	Ecole	1-2
Parodius (Europe)	Parodius	1995	Shoot'em Up / Horizontal/Shoot'em Up/Compilation	Konami	1-2
Pastel Muses (Japan)	Pastel Muses	1997	Puzzle	Soft Office	1-2
PD Ultraman Link (Japan)	PD Ultraman Link	1996	Puzzle	Sims	1-2
Pebble Beach Golf Links (USA)	Pebble Beach Golf Links	1995	Sports / Golf/Sports	T&E Soft	1-4
Pebble Beach Golf Links - Stadler ni Chousen (Japan)	Pebble Beach Golf Links	1995	Sports / Golf/Sports	T&E Soft	1-4
PGA Tour 97 (USA)	PGA Tour 97	1996	Sports / Golf/Sports	Electronic Arts	1-4
Phantasm (Japan) (Disc 1)	PhantasM	1997	Adventure / Interactive Movie/Adventure/Adventure / Point and Click	Infini Entertainment Technology	1
Photo Genic (Japan)	Photo Genic	1998	Simulation / Life/Adventure/Simulation	Sunsoft	1
Photograph of a Crime, The - Hankou Shashin - Shibarareta Shoujotachi no Mita Mono wa (Japan)	The Photograph of a Crime : Hankou Shashin, Shibarareta Shoujo-tachi no Mita Mono wa	1996	Adventure	Imagineer	1
Pia Carrot e Youkoso!! 2 (Japan) (Disc 1) (Game Disc) (1M)	Pia Carrot e Youkoso!! 2	1998	Adventure / Visual Novel/Adults/Adventure	Stack	1
Pia Carrot e Youkoso!! We've Been Waiting for You (Japan)	Pia Carrot e Youkoso!! We've Been Waiting for You	1998	Adults/Adventure / Visual Novel/Adventure	Stack	1
PictFlash Don Don (Japan)	Pict Flash Dondon	1996	Educational	Hitachi	1
Pinball Graffiti (Europe)	Pinball Graffiti	1997	Pinball	Bell	1-2
Planet Joker (Japan)	Planet Joker	1997	Shoot'em Up	IMP	1
Playboy - Karaoke Collection Volume 1 (Japan)	Playboy : Karaoke Collection Volume 1	1996	Singing/Music and Dancing	Vic Tokai	1
Playboy - Karaoke Collection Volume 2 (Japan) (2M)	Playboy : Karaoke Collection Volume 2	1996	Singing/Music and Dancing	Vic Tokai	1
Pocket Fighter (Japan)	Pocket Fighter	1998	Fighting / 2D/Fighting	Capcom	1-2
Policenauts (Japan) (Disc 1)	Policenauts	1996	Adventure / Point and Click/Adventure	Konami	1
Popoitto Hebereke (Japan)	Hebereke's Popoitto	1995	Puzzle / Fall/Puzzle	Success	1-2
Powerslave (USA)	Powerslave	1996	Shooter / FPV/Shooter	Lobotomy Software	1
PriKura (Princess Kurara) Daisakusen (Japan)	PriCla Daisakusen	1996	Shoot'em Up	Atlus	1-2
Primal Rage (USA)	Primal Rage	1996	Fighting	Probe Entertainment	1-2
Princess Crown (Japan) (1M)	Princess Crown	1997	Action RPG/Role Playing Game	Atlus	1
Princess Maker - Yumemiru Yousei (Japan)	Princess Maker : Yumemiru Yousei	1998	Simulation / Life/Simulation	Gainax	1
Princess Maker 2 (Japan) (1M)	Princess Maker 2	1995	Simulation / Life/Simulation	Gainax	1
Princess Quest (Japan)	Princess Quest	1998	Role Playing Game	TamTam	1
Prisoner of Ice - Jashin Kourin (Japan)	Prisoner of Ice : Jashin Kourin	1997	Adventure / Point and Click/Adventure	Infogrames	1
Private Idol Disc - Data-hen - Race Queen F (Japan)	Private Idol Disc Data Hen Race Queen F	1996	Adults	Sada Soft	1
Private Idol Disc - Data-hen - Race Queen G (Japan)	Private Idol Disc Data Hen Race Queen G	1997	Adults	Sada Soft	1
Private Idol Disc - Tokubetsu-hen - Can Gal '97 (Japan)	Private Idol Disc Tokubetsu Hen Campaign Girl '97	1997	Adults	Sada Soft	1
Private Idol Disc - Tokubetsu-hen - Cosplayers (Japan) (2M)	Private Idol Disc Tokubetsu Hen Cosplayers	1996	Adults	Sada Soft	1
Private Idol Disc - Tokubetsu-hen - Kogal Daihyakka 100 (Japan)	Private Idol Disc Tokubetsu Hen Kogal Daihyakka 100	1997	Adults	Sada Soft	1
Private Idol Disc Vol. 1 - Yuu Kinoshita (Japan)	Private Idol Disc Vol. 1 : Kinoshita Yuu	1996	Adults	Sada Soft	1
Private Idol Disc Vol. 10 - Mai Masaki (Japan)	Private Idol Disc Vol. 10 : Masaki Mai	1997	Adults/Various	Sada Soft	1
Private Idol Disc Vol. 11 - Mayumi Hirose (Japan) (2M)	Private Idol Disc Vol. 11 : Hirose Mayumi	1997	Adults	Sada Soft	1
Private Idol Disc Vol. 2 - Miki Uchiyama (Japan)	Private Idol Disc Vol. 2 : Uchiyama Miki	1996	Adults	Sada Soft	1
Private Idol Disc Vol. 3 - Akemi Ooshima (Japan) (2M)	Private Idol Disc Vol. 3 : Ooshima Akemi	1996	Adults	Sada Soft	1
Private Idol Disc Vol. 4 - Mirei Kuroda (Japan)	Private Idol Disc Vol. 4 : Kuroda Mirei	1997	Adults	Sada Soft	1
Private Idol Disc Vol. 5 - Nanako Fujisaki (Japan)	Private Idol Disc Vol. 5 : Fujisaki Nanako	1997	Adults	Sada Soft	1
Private Idol Disc Vol. 6 - Satomi Yoshida (Japan)	Private Idol Disc Vol. 6 : Yoshida Satomi	1997	Adults	Sada Soft	1
Private Idol Disc Vol. 7 - Kaori Asou (Japan)	Private Idol Disc Vol. 7 : Asou Kaori	1997	Adults	Sada Soft	1
Private Idol Disc Vol. 8 - Emiko Furukawa (Japan)	Private Idol Disc Vol. 8 : Furukawa Emiko	1997	Adults	Sada Soft	1
Private Idol Disc Vol. 9 - Keiko Nagamatsu (Japan)	Private Idol Disc Vol. 9 : Nagamatsu Keiko	1997	Adults	Sada Soft	1
Pro Mahjong Kiwame-S (Japan)	Pro Mahjong Kiwame S	1996	Mahjong/Asiatic board game	Athena	1
Pro Shinan Mahjong - Tsuwamono (Japan)	Pro Shinan Mahjong : Tsuwamono	1999	Mahjong/Asiatic board game	Culture Brain	1
Pro Yakyuu Greatest Nine '97 (Japan) (Rev A)	Pro Yakyuu Greatest Nine '97	1997	Sports / Baseball/Sports	SEGA	1-2
Pro Yakyuu Greatest Nine '97 - Make Miracle (Japan)	Pro Yakyuu Greatest Nine '97 : Make Miracle	1997	Sports / Baseball/Sports	SEGA	1-2
Pro Yakyuu Greatest Nine '98 (Japan) (Rev A)	Pro Yakyuu Greatest Nine '98	1998	Sports / Baseball/Sports	SEGA	1-2
Pro Yakyuu Greatest Nine '98 - Summer Action (Japan)	Pro Yakyuu Greatest Nine '98 : Summer Action	1998	Sports / Baseball/Sports	SEGA	1-2
Pro Yakyuu Team mo Tsukurou! (Japan)	Pro Yakyuu Team mo Tsukurou!	1998	Sports / Baseball/Sports	SEGA	1-2
Pro-Pinball (USA)	Pro-Pinball	1996	Pinball	Cunning Developments	1-4
Pro-Pinball - The Web (Europe)	Pro-Pinball	1996	Pinball	Cunning Developments	1-4
Psychotron, The (Japan)	The Psychotron	1995	Adventure	Merit Software	1
Pup-Breeder (Japan)	Pup-Breeder	1996	Simulation	Sai-Mate	1
Puyo Puyo Sun (Japan) (2M)	Puyo Puyo Sun	1997	Puzzle / Fall/Puzzle	Compile	1-2
Puyo Puyo Sun for SegaNet (Japan)	Puyo Puyo Sun	1997	Puzzle / Fall/Puzzle	Compile	1-2
Puyo Puyo Tsuu (Japan) (3M)	Puyo Puyo Tsuu	1995	Puzzle / Fall/Puzzle	Bits Laboratory	1-2
Puzzle Bobble 2X (Japan) (2M2)	Bust-A-Move 2 : Arcade Edition	1996	Puzzle / Throw/Puzzle	Taito	1-2
Puzzle Bobble 3 (Japan) (1M)	Bust-A-Move 3	1997	Puzzle / Throw/Puzzle	Taito	1-2
Puzzle Bobble 3 for SegaNet (Japan)	Bust-A-Move 3	1997	Puzzle / Throw/Puzzle	Taito	1-2
Pyon Pyon Kyaruru no Mahjong Biyori (Japan) (2M)	Pyon Pyon Kyaruru no Mahjong Hiyori	1996	Mahjong/Asiatic board game	Natsu System	1
Quake (USA)	Quake	1997	Shooter/Shooter / FPV	Lobotomy Software	1
Quantum Gate I - Akumu no Joshou (Japan)	Quantum Gate I : Akumu no Joshou	1995	Adventure / Graphic/Adventure	Success	1
Quarterback Attack (USA)	Quarterback Attack with Mike Ditka	1995	Sports / Football (American)/Sports	Digital Pictures	1
Quiz Nanairo Dreams - Nijiiro-chou no Kiseki (Japan)	Quiz Nanairo Dreams Nijiirochou no Kiseki	1997	Quiz / Japanese/Quiz	Capcom	1-2
QuoVadis (Japan)	QuoVadis	1995	Strategy/Simulation	Glams	1
QuoVadis 2 - Wakusei Kyoushuu Ovan Rei (Japan) (Disc 1)	QuoVadis 2 : Wakusei Kyoushuu Ovan Rei	1997	Strategy/Simulation	Glams	1
Rabbit (Japan)	Rabbit	1997	Fighting / 2D/Fighting	Aorn	1-2
Race Drivin' (Japan) (2M)	Race Drivin'	1995	Racing, Driving	Time Warner Interactive	1
Radiant Silvergun (Japan)	Radiant Silvergun	1998	Shoot'em Up / Vertical/Shoot'em Up	Treasure	1-2
Rampage - World Tour (USA)	Rampage : World Tour	1997	Fighting	Point of View	1-2
Rampo (Japan) (Disc 1)	Rampo	1995	Adventure / Interactive Movie/Adventure	SEGA	1
Rapyulus Panic (Japan)	Rapyulus Panic	1996	Casino	Shoeisha	1
Rayman (USA) (R2)	Rayman	1995	Platform	Ubisoft	1
Real Bout Garou Densetsu (Japan) (En,Ja,Es,Pt) (2M)	Real Bout Garou Densetsu	1996	Fighting / Versus/Fighting / 2D/Fighting	SNK	1-2
Real Bout Garou Densetsu Special (Japan)	Real Bout Garou Densetsu Special	1997	Fighting / 2D/Fighting / Versus/Fighting	Yumekobo	1-2
Real Mahjong Adventure Umi e - Summer Waltz (Japan)	Real Mahjong Adventure Umi e : Summer Waltz	1998	Adventure	SETA	1
Real Sound - Kaze no Regret (Japan) (Disc 1) (4M)	Real Sound : Kaze no Regret	1997	Adventure	WARP	1
Refrain Love - Anata ni Aitai (Japan) (Disc 1)	Refrain Love : Anata ni Aitai	1997	Simulation / Life/Simulation/Strategy	Flight-Plan	1
Resident Evil (USA)	Resident Evil	1997	Adventure / Survival Horror/Adventure	NexTech	1
Return to Zork (Japan) (1M)	Return to Zork	1996	Adventure	Activision	1
Revolution X - Music Is the Weapon (USA) (1S)	Revolution X : Music is the Weapon	1996	Shooter / FPV/Shooter	Rage Software	1-2
Riglordsaga (Japan) (Made in Japan) (1M)	Mystaria : The Realms of Lore	1995	Tactical RPG/Role Playing Game	Micro Cabin	1
Riglordsaga 2 (Japan) (1M)	Riglordsaga 2	1996	Tactical RPG/Role Playing Game	SEGA	1
Rise 2 - Resurrection (USA) (En,Fr,De,Es,It)	Rise 2 : Resurrection	1996	Fighting / Versus/Fighting	Mirage Technologies	1-2
Riven - A Sequencia de Myst (Brazil) (Disc 1)	Riven : The Sequel to Myst	1998	Adventure	Interprog	1
Riven - The Sequel to Myst (Europe) (Disc 1)	Riven : The Sequel to Myst	1998	Adventure	Interprog	1
RMJ - The Mystery Hospital (Japan)	R?MJ : The Mystery Hospital	1997	Adventure / Interactive Movie/Adventure / Survival Horror/Adventure	Bandai	1
Road & Track Presents - The Need for Speed (USA) (En,De)	Road & Track Presents : The Need for Speed	1996	Racing, Driving	Pioneer Productions	1-2
Road Rash (USA)	Road Rash	1996	Motorcycle race TPV/Racing, Driving	Buzz Puppet	1-2
Robo Pit (USA)	Robo Pit	1996	Fighting	Altron	1-2
Robotica (USA)	Robotica	1995	Shooter / FPV/Shooter	Micronet	1
Robotica - Cybernation Revolt (Europe)	Robotica	1995	Shooter / FPV/Shooter	Micronet	1
Rockman 8 - Metal Heroes (Japan)	Mega Man 8	1997	Platform / Shooter Scrolling/Platform	Capcom	1
Rockman X3 (Japan) (2M)	Mega Man X3	1997	Platform	Capcom	1
Rockman X4 (Japan) (1M)	Mega Man X4	1997	Platform / Shooter Scrolling/Platform	Capcom	1
Romance of the Three Kingdoms IV - Wall of Fire (USA)	Romance of the Three Kingdoms IV : Wall of Fire	1995	Strategy	Koei	1-8
Ronde (Japan) (Disc 1)	Ronde	1997	Tactical RPG/Role Playing Game	Multimedia Intelligence Transfer	1
Roommate - Inoue Ryouko (Japan)	Roommate : Inoue Ryouko	1997	Simulation / Life/Adventure / Visual Novel/Simulation/Adventure	Fupac	1
Roommate - Ryouko in Summer Vacation (Japan) (2M)	Roommate : Ryouko in Summer Vacation	1997	Simulation / Life/Adventure / Visual Novel/Simulation/Adventure	Vision Works	1
Roommate 3 - Ryouko Kaze no Kagayaku Asa ni (Japan)	Roommate 3 : Ryouko Kaze no Kagayaku Asa ni	1998	Simulation / Life/Adventure / Visual Novel/Simulation/Adventure	Datam Polystar	1
Roommate W - Futari (Japan) (Disc 1)	Roommate W : Futari	1999	Simulation	Datam Polystar	1
RoX - 6 = Six (Japan)	Rox 6=Six	1998	Puzzle / Fall/Puzzle	Altron	1-2
Ruriiro no Yuki (Japan)	Ruriiro no Yuki	1998	Adventure / Visual Novel/Simulation/Adventure	Ail-Soft	1
Ryouko no Oshaberi Room (Japan)	Ryouko no Oshaberi Room	1999	Various	Fupac	1
Ryouri no Tetsujin - Kitchen Stadium Tour (Japan)	Ryouri no Tetsujin : Kitchen Stadium Tour	1996	Various	Scitron	1
Ryuuteki Gosennen - Dragons of China (Japan)	Ryuuteki Gosennen : Dragons of China	1997	Adventure	Office l.	1
Sakamoto Ryouma - Ishin Kaikoku (Japan)	Sakamoto Ryouma : Ishin Kaikoku	1998	Strategy	[RON]	1
Sakura Taisen (Japan) (Disc 1) (6M)	Sakura Taisen	1996	Strategy/Adventure/Role Playing Game	NexTech	1
Sakura Taisen - Hanagumi Taisen Columns (Japan) (1M)	Sakura Taisen : Hanagumi Taisen Columns	1997	Puzzle / Fall/Puzzle/Various	SEGA	1-2
Sakura Taisen - Hanagumi Tsuushin (Japan) (1M)	Sakura Taisen Hanagumi Tsuushin	1997		SEGA	1
Sakura Taisen - Jouki Radio Show (Japan) (Disc 1) (Yuugi-ban)	Sakura Wars - Steam Radio Show	1997		Red Company Corporation	1
Sakura Taisen - Teigeki Graph - Teigeki Graph in Sakura Wars (Japan) (Disc 1)	Sakura Taisen : Teigeki Graph	1998	Various	Red Company Corporation	1
Sakura Taisen 2 - Kimi, Shinitamou Koto Nakare (Japan) (Disc 1) (Shokai Tokutenban)	Sakura Taisen 2 : Kimi, Shinitamou Koto Nakare	1998	Role Playing Game/Strategy	Overworks	1
Sakura Tsuushin (Japan)	Sakura Tsuushin	1998	Adventure	Media Gallop	1
Salamander Deluxe Pack Plus (Japan)	Salamander Deluxe Pack Plus	1997	Shoot'em Up/Compilation	Konami	1-2
Samurai Spirits - Amakusa Kourin (Japan) (En,Ja,Es,Pt)	Samurai Spirits : Amakusa Kourin	1997	Fighting / Versus/Fighting	SNK	1-2
Samurai Spirits - Zankurou Musouken (Japan)	Samurai Spirits : Zankurou Musouken	1996	Fighting / 2D/Fighting	Sims	1-2
Sangokushi Eiketsuden (Japan)	Sangokushi Eiketsuden	1996	Strategy/Role Playing Game	Koei	1
Sangokushi IV (Japan)	Romance of the Three Kingdoms IV : Wall of Fire	1995	Strategy	Koei	1-8
Sangokushi IV with Power-Up Kit (Japan)	Sangokushi IV with Power-Up Kit	1997	Strategy/Simulation	Koei	1-8
Sangokushi Koumeiden (Japan)	Sangokushi Koumeiden	1997	Strategy/Role Playing Game	Koei	1
Sangokushi Returns (Japan)	Sangokushi Returns	1997	Strategy/Role Playing Game	Koei	1-8
Sangokushi V (Japan)	Sangokushi V	1996	Simulation/Strategy	Koei	1-8
Sanguozhi IV (Taiwan)	Romance of the Three Kingdoms IV : Wall of Fire	1995	Strategy	Koei	1-8
Sanguozhi V (Taiwan)	Sangokushi V	1996	Simulation/Strategy	Koei	1-8
Sanguozhi Yingjiezhuan (Taiwan)	Sangokushi Eiketsuden	1996	Strategy/Role Playing Game	Koei	1
Sankyo Fever - Jikki Simulation S (Japan)	Sankyo Fever : Jikki Simulation S	1997	Casino / Slot machine/Casino	Fill in Café	1
Sankyo Fever - Jikki Simulation S Vol. 2 (Japan)	Sankyo Fever : Jikki Simulation S Vol. 2	1998	Casino / Slot machine/Casino	TEN Institute	1
Sankyo Fever - Jikki Simulation S Vol. 3 (Japan)	Sankyo Fever : Jikki Simulation S Vol. 3	1998	Casino / Slot machine/Casino	TEN Institute	1
Saturn Bomberman (USA) (1S)	Saturn Bomberman	1997	Action / Labyrinth/Action	Hudson Soft	1-10
Saturn Bomberman Fight!! (Japan)	Saturn Bomberman Fight!!	1997		Hudson Soft	1-4
Saturn Music School (Japan)	Saturn Music School	1997	Music and Dancing	Success	1
Saturn Music School 2 (Japan) (Rev A)	Saturn Music School 2	1998	Music and Dancing/Educational	Success	1
Savaki (Japan) (2M)	Savaki	1998	Fighting / 3D/Fighting	Cynus	1-2
Scorcher (USA)	Scorcher	1997	Racing, Driving	Zyrinx	1
Scud - The Disposable Assassin (USA)	Scud : The Disposable Assassin	1997	Shoot'em Up	Syrox Developments	1-2
SD Gundam - GCentury S (Japan)	SD Gundam : GCentury S	1998	Tactical RPG/Strategy/Simulation/Role Playing Game	Japan Art Media	1-4
Sea Bass Fishing (Europe) (En,Fr,De)	Sea Bass Fishing	1996	Fishing/Simulation/Sports/Hunting and Fishing	Victor Interactive Software	1
SeaBass Fishing (Japan)	Sea Bass Fishing	1996	Fishing/Simulation/Sports/Hunting and Fishing	Victor Interactive Software	1
SeaBass Fishing 2 (Japan)	SeaBass Fishing 2	1997	Fishing/Simulation/Sports/Hunting and Fishing	A Wave Inc	1
Sega Ages - After Burner II (Japan)	Sega Ages : After Burner II	1996	Shooter / Plane, TPV/Shooter	SEGA	1
Sega Ages - Columns Arcade Collection (Japan)	Sega Ages : Columns Arcade Collection	1996	Puzzle / Fall/Compilation/Puzzle	SEGA	1-4
Sega Ages - Fantasy Zone (Japan)	Sega Ages : Fantasy Zone	1997	Shoot'em Up	SEGA	1-2
Sega Ages - Galaxy Force II (Japan)	Sega Ages : Galaxy Force II	1998	Shoot'em Up	Appaloosa Interactive	1
Sega Ages - I Love Mickey Mouse - Fushigi no Oshiro Daibouken & I Love Donald Duck - Georgia Ou no Hihou (Japan)	Sega Ages : I Love Mickey Mouse, Fushigi no Oshiro Daibouken & I Love Donald Duck, Georgia Ou no Hihou	1998	Compilation	SEGA	1
Sega Ages - Memorial Selection Vol. 1 (Japan)	Sega Ages : Memorial Selection Vol. 1	1997	Compilation	SEGA	1-2
Sega Ages - Memorial Selection Vol. 2 (Japan)	Sega Ages : Memorial Selection Vol. 2	1997	Compilation	SEGA	1-2
Sega Ages - OutRun (Japan)	Sega Ages : OutRun	1996	Racing, Driving	SEGA AM2	1
Sega Ages - Phantasy Star Collection (Japan)	Sega Ages : Phantasy Star Collection	1998	Compilation/Various/Role Playing Game	SEGA	1
Sega Ages - Power Drift (Japan)	Sega Ages : Power Drift	1998	Racing, Driving	Phant	1
Sega Ages - Rouka ni Ichidanto R (Japan)	Sega Ages : Rouka ni Ichidanto R	1996	Compilation	Kuusou Kagaku	1-4
Sega Ages - Shukudai ga Tanto R (Japan)	Sega Ages : Shukudai ga Tanto R	1996	Compilation	SEGA	1-2
Sega Ages - Space Harrier (Japan)	Sega Ages : Space Harrier	1996	Shooter / TPV/Shooter	Rutubo Games	1
Sega Ages Volume 1 (USA)	Sega Ages Volume 1	1997	Compilation/Racing, Driving	SEGA	1
Sega International Victory Goal (Japan) (5M)	Worldwide Soccer : Sega International Victory Goal Edition	1995	Sports / Football (Soccer)/Sports	Team Aquila	1-4
Sega Rally Championship (USA)	Sega Rally Championship	1995	Racing, Driving	SEGA	1-2
Sega Rally Championship Plus (Japan)	Sega Rally Championship	1995	Racing, Driving	SEGA	1-2
Sega Rally Championship Plus Netlink Edition (USA)	Sega Rally Championship	1995	Racing, Driving	SEGA	1-2
Sega Saturn Bootleg II - On the Road (USA)	Sega Saturn Bootleg II : On the Road	1996	Demo	SEGA	1
Sega Saturn de Hakken!! Tamagotchi Park (Japan)	Sega Saturn de Hakken!! Tamagotchi Park	1998	Simulation	Ancient	1
Sega Touring Car Championship (USA)	Sega Touring Car Championship	1997	Racing, Driving	CSK	1-2
Sega Worldwide Soccer '97 (USA)	Sega Worldwide Soccer '97	1996	Sports / Football (Soccer)/Sports	Team Aquila	1-4
Sega Worldwide Soccer '98 (Japan)	Worldwide Soccer '98	1997	Sports / Football (Soccer)/Sports	SEGA	1-4
Sega Worldwide Soccer '98 - Club Edition (Europe) (En,Fr,Es)	Worldwide Soccer '98	1997	Sports / Football (Soccer)/Sports	SEGA	1-4
Sega Worldwide Soccer 97 (Europe)	Sega Worldwide Soccer '97	1996	Sports / Football (Soccer)/Sports	Team Aquila	1-4
Segata Sanshirou - Shinken Yuugi (Japan)	Segata Sanshirou : Shinken Yuugi	1998	Casual Game	Ecole	1
Seifuku Densetsu - Pretty Fighter X (Japan) (1M)	Seifuku Densetsu : Pretty Fighter X	1995	Fighting	SOL	1-2
Seikai Risshiden - Yoi Kuni, Yoi Seiji (Japan)	Seikai Risshiden : Yoi Kuni, Yoi Seiji	1997	Board game	Digitalware	1-4
Seireki 1999 - Pharaoh no Fukkatsu (Japan)	Powerslave	1996	Shooter / FPV/Shooter	Lobotomy Software	1
Sengoku Blade - Sengoku Ace Episode II (Japan) (Disc 1)	Sengoku Blade : Sengoku Ace Episode II	1996	Various/Shoot'em Up / Horizontal/Shoot'em Up	Psikyo	1-2
Senken Kigyouden (Japan)	Senken Kigyouden	1999	Role Playing Game	Softstar Entertainment	1
Senkutsu Katsuryu Taisen - Chaos Seed (Japan) (Disc 2) (Omake Disc)	Senkutsu Katsuryu Taisen : Chaos Seed	1998	Simulation/Role Playing Game	Neverland	1
Senryaku Shougi (Japan)	Senryaku Shougi	1995	Shougi/Asiatic board game	Electronic Arts	1-2
Sentimental Graffiti (Japan) (Disc 1) (Game Disc) (4M)	Sentimental Grafitti	1998	Simulation	Marcus	1
Sentimental Graffiti - First Window (Japan)	Sentimental Graffiti : First Window	1997		Cybelle	1
Sento Monogatari Sono I (Japan)	Sento Monogatari Sono I	1995	Various	Ariadne	1
Sexy Parodius (Japan)	Sexy Parodius	1996	Shoot'em Up / Horizontal/Shoot'em Up	Konami	1-2
Shadows of the Tusk (Japan)	Shadows of the Tusk	1998	Strategy	Hudson Soft	1-2
Shanghai - Banri no Choujou - The Great Wall (Japan) (1M)	Shanghai : Triple-Threat	1995	Mahjong/Board game/Asiatic board game	Activision	1-2
Shanghai - Great Moments (Japan) (1M)	Shanghai : Great Moments	1996	Mahjong/Asiatic board game	Sunsoft	1-2
Shanghai - Triple-Threat (USA)	Shanghai : Triple-Threat	1995	Mahjong/Board game/Asiatic board game	Activision	1-2
She'sn (Japan)	She'sn	1998	Adventure / Visual Novel/Adventure	Gaibrain	1
Shellshock (USA)	Shellshock	1996	Shooter / Vehicle, FPV/Shooter	Core Design	1
Shellshock - Jus' Keepin' da Peace (Japan)	Shellshock	1996	Shooter / Vehicle, FPV/Shooter	Core Design	1
Shichisei Toushin Guyferd - Crown Kaimetsu Sakusen (Japan)	Shichisei Toushin Guyferd : Crown Kaimetsu Sakusen	1998	Adventure	Kouyousha	1-2
Shichuu Suimei Pitagraph (Japan) (2M)	Shichuu Suimei Pitagraph	1996		Datam Polystar	1
Shienryuu (Japan)	Shienryuu	1997	Various/Shoot'em Up / Vertical/Shoot'em Up	Warashi	1-2
Shin Kaitei Gunkan - Koutetsu no Kodoku (Japan)	Shin Kaitei Gunkan : Koutetsu no Kodoku	1997	Strategy/Simulation	ASCII	1
Shin Megami Tensei - Devil Summoner (Japan) (Rev A)	Shin Megami Tensei : Devil Summoner	1995	Role Playing Game	Atlus	1
Shin Megami Tensei - Devil Summoner - Akuma Zensho (Japan)	Shin Megami Tensei : Devil Summoner, Akuma Zensho	1996	Role Playing Game/Various	Atlus	1
Shin Seiki Evangelion (Japan)	Shin Seiki Evangelion	1996	Adventure	Sega CS	1
Shin Seiki Evangelion - 2nd Impression (Japan)	Shin Seiki Evangelion : 2nd Impression	1996		SEGA	1
Shin Seiki Evangelion - Eva to Yukai na Nakamatachi (Japan)	Shin Seiki Evangelion : Eva to Yukaina Nakama-tachi	1998	Mahjong/Asiatic board game	TamTam	1
Shin Shinobiden (Japan)	Shinobi Legions	1995	Platform	SEGA	1
Shin Theme Park (Japan)	Shin Theme Park	1997	Build And Management/Simulation	Electronic Arts	1
Shingata Kururin Pa! (Japan)	Shingata Kururin Pa!	1996	Puzzle	Sky Think System	1-2
Shining Force III (USA)	Shining Force III	1998	Tactical RPG/Role Playing Game/Strategy	Camelot Software Planning	1
Shining Force III - Scenario 1 - Outo no Kyoshin (Japan)	Shining Force III : Scenario 1, Outo no Kyoshin	1997	Tactical RPG/Role Playing Game	Sonic! Software Planning	1
Shining Force III - Scenario 2 - Nerawareta Miko (Japan)	Shining Force III : Scenario 2, Nerawareta Miko	1998	Tactical RPG/Role Playing Game	Camelot Software Planning	1
Shining Force III - Scenario 3 - Hyouheki no Jashinguu (Japan)	Shining Force III : Scenario 3, Hyouheki no Jashinguu	1998	Tactical RPG/Role Playing Game	Camelot Software Planning	1
Shining Force III Premium Disc (Japan)	Shining Force III Premium Disc	1998	Tactical RPG/Role Playing Game	Camelot Software Planning	1
Shining the Holy Ark (USA)	Shining the Holy Ark	1997	Role Playing Game	SEGA	1
Shining Wisdom (USA)	Shining Wisdom	1995	Role Playing Game	Sonic! Software Planning	1
Shinobi Legions (USA)	Shinobi Legions	1995	Platform	SEGA	1
Shinobi-X - Shin Shinobi Den (Europe)	Shinobi Legions	1995	Platform	SEGA	1
Shinouken (Japan)	Shinouken	1997	Fighting / 2D/Fighting	System Vision	1-2
Shinpi no Sekai El-Hazard - El-Hazard - The Magnificent World for Sega Saturn (Japan) (2M)	Shinpi no Sekai : El-Hazard	1996	Adventure	TamTam	1
Shinrei Jusatsushi Taroumaru (Japan)	Shinrei Jusatsushi Taroumaru	1997	Platform	Time Warner Interactive	1-2
Shinsetsu Samurai Spirits - Bushidou Retsuden (Japan)	Shinsetsu Samurai Spirits : Bushidou Retsuden	1997	Role Playing Game	SNK	1
Shinsetsu Yumemi Yakata - Tobira no Oku ni Dareka ga... (Japan) (Rev A) (1M)	The Mansion of Hidden Souls	1995	Adventure	System Sacom	1
Shippuu Mahou Daisakusen - Kingdom-Grandprix (Japan)	Shippuu Mahou Daisakusen : Kingdom-Grandprix	1996	Shoot'em Up	Raizing	1-2
Shiroki Majo - Mou Hitotsu no Eiyuu Densetsu (Japan) (Disc 1)	Shiroki Majo : Mou Hitotsu no Eiyuu Densetsu	1998	Role Playing Game	Falcom	1
Shockwave Assault (USA)	Shockwave Assault	1996	Shoot'em Up	Electronic Arts	1
Shougi Matsuri (Japan)	Shougi Matsuri	1995	Shougi/Asiatic board game	SETA	1-2
Shoujo Kakumei Utena - Itsuka Kakumei Sareru Monogatari (Japan) (Disc 1)	Shoujo Kakumei Utena : Itsuka Kakumei Sareru Monogatari	1998	Adventure	SEGA	1
Shouryuu Sangoku Engi (Japan)	Shouryuu Sangoku Engi	1996	Strategy	[RON]	1
Shunsai (Japan)	Shunsai	1996	Racing, Driving	Naxat Soft	1
Shusse Mahjong Daisettai (Japan)	Shusse Mahjong Daisettai	1996	Mahjong/Asiatic board game	King Records	1
Shutsudou! Miniskirt Police (Japan) (2M)	Shutsudou! Mini-skirt Police	1997		Genki	1
Sid Meier's Civilization - Shin Sekai Shichidai Bunmei (Japan)	Sid Meier's Civilization : Shin Sekai Shichidai Bunmei	1997	Build And Management/Simulation	MicroProse	1
Side Pocket 2 - Densetsu no Hustler (Japan)	Minnesota Fats : Pool Legend	1995	Sports / Pool/Sports	Data East	1-2
Side Pocket 3 (Japan)	Side Pocket 3	1997	Sports / Pool/Sports	Data East	1-4
Silhouette Mirage (Japan)	Silhouette Mirage	1997	Platform	Treasure	1
SimCity 2000 (USA)	SimCity 2000	1995	Build And Management/Simulation	Maxis Software	1
Simulation RPG Tkool (Japan)	Simulation RPG Tkool	1998	Various	Pegasus Japan	1
Simulation Zoo (Japan)	Simulation Zoo	1997	Build And Management/Simulation	C&E	1
Skeleton Warriors (USA)	Skeleton Warriors	1996	Platform	Neversoft	1
Skull Fang - Kuuga Gaiden (Japan)	Skull Fang : Kuuga Gaiden	1997	Shoot'em Up	Aisystem Tokyo	1-2
Sky Target (USA)	Sky Target	1997	Shooter / Plane, TPV/Shooter	Appaloosa Interactive	1
Slam 'n Jam '96 featuring Magic & Kareem (Japan)	Slam 'n Jam '96 featuring Magic & Kareem : Signature Edition	1996	Sports / Basketball/Sports	Left Field Productions	1-4
Slam 'n Jam '96 featuring Magic & Kareem - Signature Edition (USA)	Slam 'n Jam '96 featuring Magic & Kareem : Signature Edition	1996	Sports / Basketball/Sports	Left Field Productions	1-4
Slayers Royal (Japan)	Slayers Royal	1997	Tactical RPG/Role Playing Game	Onion Egg	1
Slayers Royal 2 (Japan) (1M)	Slayers Royal 2	1998	Role Playing Game	Onion Egg	1
Snatcher (Japan)	Snatcher	1996	Adventure	Konami	1
Soeldnerschild (Japan)	Soeldnerschild	1997	Simulation	SEGA	1
Sokkou Seitokai - Sonic Council (Japan)	Sokkou Seitokai : Sonic Council	1998	Fighting / 2D/Fighting	Sims	1-2
Sol Divide (Japan)	Sol Divide	1998	Shoot'em Up / Horizontal/Shoot'em Up	Psykio	1-2
Solar Eclipse (USA) (2S)	Solar Eclipse	1995	Shoot'em Up	Crystal Dynamics	1
Solo Crisis (Japan) (1M)	Solo Crisis	1998	Simulation	Quintet	1
Sonic 3D - Flickies' Island (Europe)	Sonic 3D Blast	1996	Platform	Traveller's Tales	1
Sonic 3D Blast (USA)	Sonic 3D Blast	1996	Platform	Traveller's Tales	1
Sonic Jam (USA)	Sonic Jam	1997	Platform	SEGA	1-2
Sonic R (USA, Brazil)	Sonic R	1997	Racing, Driving	SEGA	1-4
Sonic Wings Special (Japan)	Sonic Wings Special	1996	Shoot'em Up / Vertical/Shoot'em Up	Video System	1-2
Sorvice (Japan)	Sorvice	1998	Role Playing Game	Altron	1-2
Sotsugyou - Graduation S (Japan)	Sotsugyou : Graduation S	1997	Simulation	NEC	1
Sotsugyou Album (Japan)	Sotsugyou Album	1998		Westone	1
Sotsugyou Crossworld (Japan)	Sotsugyou Crossworld	1997	Adventure	Shogakukan	1
Sotsugyou II - Neo Generation (Japan) (1M)	Sotsugyou II : Neo Generation	1995	Simulation	Headroom	1
Sotsugyou III - Wedding Bell (Japan)	Sotsugyou III : Wedding Bell	1998	Simulation	Westone	1
Soukuu no Tsubasa - Gotha World (Japan) (Disc 1)	Soukuu no Tsubasa : Gotha World	1997	Simulation	Micronet	1-2
Soukyuu Gurentai (Japan)	Soukyuu Gurentai	1997	Shoot'em Up/Shoot'em Up / Vertical	Eighting	1-2
Soukyuu Gurentai - Otokuyou (Japan)	Soukyuu Gurentai : Otokuyou	1997	Shoot'em Up / Vertical/Shoot'em Up	Raizing	1-2
Sound Novel Machi (Japan) (Disc 1) (10.11-10.13 Incl.) (1M)	Sound Novel Machi	1998	Adventure / Visual Novel/Adventure	Chunsoft	1
Sound Novel Tkool 2 (Japan)	Sound Novel Tkool 2	1997	Various / Utilities/Various	Success	1
Sound Qube (Japan)	Sound Qube	1998	Puzzle	Media Entertainment	1
Soviet Strike (USA)	Soviet Strike	1997	Shoot'em Up	Tiburon Entertainment	1
Space Hulk - Vengeance of the Blood Angels (USA)	Space Hulk : Vengeance of the Blood Angels	1996	Strategy	Krisalis Software	1
Space Invaders (Japan)	Space Invaders	1996	Shooter / Space Invaders Like/Shooter/Shoot'em Up	Taito	1-2
Space Jam (USA)	Space Jam	1996	Sports / Basketball/Sports	Sculptured Software	1-6
Spot Goes to Hollywood (USA)	Spot Goes to Hollywood	1997	Platform	Burst	1
Stakes Winner - GI Kanzen Seiha e no Michi (Japan)	Stakes Winner : GI Kanzen Seiha e no Michi	1996	Horse racing/Sports with animals	Saurus	1-2
Stakes Winner 2 - Saikyouba Densetsu (Japan)	Stakes Winner 2 : Saikyouba Densetsu	1997	Horse racing/Sports with animals	Saurus	1-2
Standby Say You! (Japan)	Stand By Say You	1997	Adventure	Human Entertainment	1
Star Bowling Vol. 2, The (Japan) (Disc 1)	The Star Bowling	1998	Sports / Bowling/Sports	Four Winds Software	1-4
Star Bowling, The (Japan) (Disc 1)	The Star Bowling	1997	Sports / Bowling/Sports	Yumedia	1-2
Star Fighter (USA)	Star Fighter	1996	Shoot'em Up	Krisalis Software	1
StarFighter 3000 (Europe) (En,Fr,De,Es,It)	Star Fighter	1996	Shoot'em Up	Krisalis Software	1
Steam-Heart's (Japan)	Steam-Heart's	1998	Shoot'em Up / Vertical/Adults/Lightgun Shooter/Shoot'em Up	Technic(TGL) Technical Group Laboratory	1-2
Steamgear Mash (Japan) (1M)	Steamgear Mash	1995	Shooter / Run and Gun/Shooter	Tamsoft	1
Steep Slope Sliders (USA)	Steep Slope Sliders	1997	Sports	Cave	1
Stellar Assault SS (Japan)	Stellar Assault SS	1998	Shoot'em Up	SEGA	1-2
Story of Thor 2, The (Europe)	The Legend of Oasis	1996	Adventure/Role Playing Game	Ancient	1-2
Strahl - Himerareshi Nanatsu no Hikari (Japan)	Strahl : Himerareshi Nanatsu no Hikari	1995	Action / Adventure/Action	Media Entertainment	1
Street Fighter - Real Battle on Film (Japan) (2M)	Street Fighter : The Movie	1995	Fighting	Capcom	1-2
Street Fighter - The Movie (USA)	Street Fighter : The Movie	1995	Fighting	Capcom	1-2
Street Fighter Alpha - Warriors' Dreams (USA)	Street Fighter Alpha : Warriors' Dreams	1996	Fighting/Fighting / 2D	Capcom	1-2
Street Fighter Alpha 2 (USA)	Street Fighter Alpha 2	1996	Fighting	Capcom	1-2
Street Fighter Collection (USA) (Disc 1)	Street Fighter Collection	1997	Compilation/Fighting	Capcom	1-2
Street Fighter II Movie (Japan) (Disc 1)	Street Fighter II Movie	1996	Action / Adventure/Action		1
Street Fighter Zero (Japan) (1M)	Street Fighter Alpha : Warriors' Dreams	1996	Fighting/Fighting / 2D	Capcom	1-2
Street Fighter Zero 2 (Japan)	Street Fighter Alpha 2	1996	Fighting	Capcom	1-2
Street Fighter Zero 2' (Japan)	Street Fighter Alpha 2	1996	Fighting	Capcom	1-2
Street Fighter Zero 3 (Japan)	Street Fighter Zero 3	1999	Fighting/Fighting / 2D	Capcom	1-2
Street Racer (Europe)	Street Racer	1996	Racing, Driving	Vivid Image	1-8
Street Racer Extra (Japan)	Street Racer	1996	Racing, Driving	Vivid Image	1-8
Striker 96 (USA) (En,Fr,De,Es,It)	Striker 96	1996	Sports / Football (Soccer)/Sports	Rage Software	1-4
Strikers 1945 (Japan)	Strikers 1945	1996	Shoot'em Up / Vertical/Shoot'em Up	Psikyo	1-2
Strikers 1945 II (Japan)	Strikers 1945 II	1998	Shoot'em Up / Vertical/Shoot'em Up	Psikyo	1-2
Suchie-Pai Adventure - Doki Doki Nightmare (Japan) (Disc 1)	Suchie-Pai Adventure : Doki Doki Nightmare	1998	Adventure/Puzzle	Jaleco	2-4
Sugoventure - Dragon Master Silk Gaiden (Japan)	Sugoventure : Dragon Master Silk Gaiden	1998	Board game	Gimmick House	1-5
Suiko Enbu (Japan)	Dark Legend	1995	Fighting / 2D/Fighting	Data East	1-2
Suiko Enbu - Fuuun Saiki (Japan)	Suiko Enbu : Fuuun Saiki	1996	Fighting / 2D/Fighting	Data East	1-2
Suikoden - Tendou Hyaku Hachi-sei (Japan)	Suikoden : Tendou Hyaku Hachi-sei	1997	Simulation/Strategy	Koei	1
Suikoden - Tenmei no Chikai (Japan) (2M)	Suikoden : Tenmei no Chikai	1996	Simulation/Strategy	Koei	1-7
Super Adventure Rockman (Japan) (Disc 1) (Episode 1 - Tsuki no Shinden)	Super Adventure Rockman	1998	Adventure	Capcom	1
Super Casino Special (Japan)	Super Casino Special	1997	Casino	Coconuts Japan	1-4
Super Puzzle Fighter II Turbo (USA)	Super Puzzle Fighter II Turbo	1997	Puzzle / Fall/Puzzle	Capcom	1-2
Super Puzzle Fighter II X (Japan)	Super Puzzle Fighter II Turbo	1997	Puzzle / Fall/Puzzle	Capcom	1-2
Super Real Mahjong Graffiti (Japan) (2M)	Super Real Mahjong Graffiti	1995	Mahjong/Adults/Compilation/Asiatic board game	SETA	1
Super Real Mahjong P.V (Japan) (2M)	Super Real Mahjong PV	1995	Adults/Mahjong/Asiatic board game	SETA	1
Super Real Mahjong P7 (Japan) (3M)	Super Real Mahjong P7	1998	Adults/Mahjong/Asiatic board game	SETA	1
Super Real Mahjong PVI (Japan)	Super Real Mahjong PVI	1996	Adults/Mahjong/Asiatic board game	SETA	1
Super Robot Taisen F (Japan) (Rev B) (21M)	Super Robot Taisen F	1997	Simulation/Role Playing Game/Strategy	Winky Soft	1
Super Robot Taisen F - Kanketsu-hen (Japan) (4M)	Super Robot Wars F Kanketsuhen	1998	Role Playing Game/Strategy	Winky Soft	1
Super Tempo (Japan)	Super Tempo	1998	Platform	Red Company Corporation	1
Swagman (Europe) (En,Fr,De)	Swagman	1997	Adventure	Core Design	1
Sword & Sorcery (Japan) (2M)	Sword & Sorcery	1996	Role Playing Game	Micro Cabin	1
Tactical Fighter (Japan)	Tactical Fighter	1997	Strategy/Fighting/Various	Media Rings	1
Tactics Formula (Japan)	Tactics Formula	1997	Racing, Driving	AKI Corporation	1-4
Tactics Ogre - Let Us Cling Together (Japan)	Tactics Ogre : Let Us Cling Together	1996	Role Playing Game/Strategy	Riverhillsoft	1
Tadaima Wakusei Kaitaku-chuu! (Japan)	Tadaima Wakusei Kaitaku-chuu!	1995	Simulation/Strategy	Altron	1-2
Taiheiyou no Arashi 2 - 3D Heiki Data-shuu (Japan)	Taiheiyou no Arashi 2 : Shippuu no Moudou	1997	Strategy/Simulation	Gam	1
Taiheiyou no Arashi 2 - Shippuu no Moudou (Japan)	Taiheiyou no Arashi 2 : Shippuu no Moudou	1997	Strategy/Simulation	Gam	1
Taikou Risshiden II (Japan) (2M)	Taikou Risshiden II	1996	Strategy/Simulation	Koei	1
Taikyoku Shougi - Kiwame II (Japan)	Taikyoku Shougi : Kiwame II	1996	Shougi/Asiatic board game	Log	1-2
Taito Chase H.Q. + S.C.I. (Japan)	Taito Chase H.Q. + S.C.I.	1996	Compilation	Taito	1
Taklamakan - Tonkou Denki (Japan)	Taklamakan : Tonkou Denki	1996	Adventure	Alfa System	1
Tama - Adventurous Ball in Giddy Labyrinth (Japan)	Tama : Adventurous Ball in Giddy Labyrinth	1994	Puzzle	Time Warner Interactive	1
Tanjou - Debut S (Japan) (1M)	Tanjou : Debut S	1996	Simulation	Access Games	1
Tantei Jinguuji Saburou - Mikan no Report (Japan)	Tantei Jinguuji Saburou : Mikan no Report	1996	Adventure	Data East	1
Tantei Jinguuji Saburou - Yume no Owari ni (Japan) (3M)	Tantei Jinguuji Saburou : Yume no Owari ni	1998	Adventure	Data East	1
Techno Motor (Japan)	Techno Motor	1998	Various / Utilities/Various	Denshi Media Services	1
Teitoku no Ketsudan II (Japan)	Pacific Theater of Operations II	1996	Simulation/Strategy	Koei	1-2
Teitoku no Ketsudan III (Japan)	Teitoku no Ketsudan III	1997	Strategy/Simulation	Koei	1
Teitoku no Ketsudan III with Power-Up Kit (Japan)	Teitoku no Ketsudan III with Power-Up Kit	1998	Strategy/Simulation	Koei	1
Tekkyuu - True Pinball (Japan)	True Pinball	1996	Pinball	Digital Illusions	1-8
Tempest 2000 (USA)	Tempest 2000	1996	Shoot'em Up	High Voltage	1
Ten Pin Alley (USA)	Ten Pin Alley	1997	Sports / Bowling/Sports	Adrenalin Interactive	1-6
Tenant Wars (Japan)	Tenant Wars	1998	Board game	Kindle Imagine Develop	1-4
Tenchi Muyou! Mimiri Onsen - Yukemuri no Tabi (Japan) (Disc 1)	Tenchi Muyou! Mimiri Onsen : Yukemuri no Tabi	1996	Adventure	Yumedia	1
Tenchi Muyou! Rensa Hitsuyou (Japan)	Tenchi Muyou! Rensa Hitsuyou	1997	Puzzle	Access Games	1-2
Tenchi Muyou! Ryououki Gokuraku CD-ROM for Sega Saturn (Japan) (1M)	Tenchi Muyou! Ryououki Gokuraku CD-ROM for Sega Saturn	1995	Various	Yumedia	1
Tenchi Muyou! Toukou Muyou - Aniraji Collection (Japan) (Disc 1)	Tenchi Muyou! Toukou Muyou : Aniraji Collection	1997	Adventure/Various	Xing Interactive	1
Tenchi o Kurau II - Sekiheki no Tatakai (Japan)	Tenchi o Kurau II : Sekiheki no Tatakai	1996	Beat'em Up	Capcom	1-2
Tenga Seiha (Japan)	Tenga Seiha	1997	Simulation/Strategy	Ron	1
Tengai Makyou - Daiyon no Mokushiroku - The Apocalypse IV (Japan) (Disc 1)	Tengai Makyou : Daiyon no Mokushiroku, The Apocalypse IV	1997	Role Playing Game	Red Company Corporation	1-2
Tennis Arena (Japan)	Tennis Arena	1998	Sports / Tennis/Sports	Smartdog	1-8
Terra Cresta 3D (Japan) (2M)	Terra Cresta 3D	1997	Shoot'em Up/Shoot'em Up / Vertical	Nichibutsu	1
Terra Phantastica (Japan)	Terra Phantastica	1996	Role Playing Game	Chime	1
Terry Pratchett's Discworld (Europe) (En,Fr,De,Es,It)	Terry Pratchett's Discworld	1996	Adventure	Perfect World	1
Tetris Plus (USA)	Tetris Plus	1996	Puzzle / Fall/Puzzle	Natsume	1-2
Tetris S (Japan)	Tetris S	1996	Puzzle / Fall/Puzzle	Bullet Proof Software	1-2
Texthoth Ludo - Arcana Senki (Japan)	Texthoth Ludo : Arcana Senki	1997	Strategy/Board game	Pai	1-4
Theme Park (USA)	Theme Park	1995	Build And Management/Simulation	Krisalis Software	1
Thor - Seireioukiden (Japan)	The Legend of Oasis	1996	Adventure/Role Playing Game	Ancient	1-2
Three Dirty Dwarves (USA) (RE)	Three Dirty Dwarves	1996	Beat'em Up	Appaloosa	1-3
Thunder Force Gold Pack 1 (Japan)	Thunder Force Gold Pack 1	1996	Shoot'em Up/Compilation	Technosoft	1
Thunder Force Gold Pack 2 (Japan) (Rev A)	Thunder Force Gold Pack 2	1996	Shoot'em Up/Compilation	Technosoft	1
Thunder Force V (Japan)	Thunder Force V	1997	Shoot'em Up / Horizontal/Shoot'em Up	Technosoft	1
Thunder Storm & Road Blaster (Japan) (Disc 1) (Thunder Storm)	Thunder Storm & Road Blaster	1995	Compilation	Ecseco Development	1
Thunderhawk II (Japan)	Thunderstrike 2	1995	Shooter / FPV/Shooter	Core Design	1
Thunderstrike 2 (USA)	Thunderstrike 2	1995	Shooter / FPV/Shooter	Core Design	1
Tilk - Aoi Umi kara Kita Shoujo (Japan)	Tilk : Aoi Umi kara Kita Shoujo	1997	Role Playing Game	Technic(TGL) Technical Group Laboratory	1
Tilt! (Europe) (En,Fr,De)	Hyper 3-D Pinball	1996	Pinball	NMS Software	1-4
Time Bokan Series - Bokan to Ippatsu! Doronbow Kanpekiban (Japan)	Time Bokan Series : Bokan to Ippatsu! Doronboo Kanpekiban	1997	Shoot'em Up	Tatsunoko	1-2
Time Commando (Japan)	Time Commando	1998	Beat'em Up	Virtual Studio	1
Time Gal & Ninja Hayate (Japan) (En,Ja) (Disc 1) (Time Gal)	Time Gal & Ninja Hayate	1997	Compilation	Ecseco Development	1-2
Titan Wars (Europe)	Solar Eclipse	1995	Shoot'em Up	Crystal Dynamics	1
TNN Motor Sports HardCore 4X4 (USA)	TNN Motor Sports HardCore 4X4	1996	Racing, Driving	Gremlin Interactive	1
Tokimeki Mahjong Paradise - Koi no Tenpai Beat (Japan)	Tokimeki Mahjong Paradise : Koi no Tenpai Beat	1995	Mahjong/Asiatic board game	Sonnet Computer Entertainment	1
Tokimeki Memorial - Forever with You (Japan) (1M)	Tokimeki Memorial : Forever with You	1996	Simulation	Konami	1
Tokimeki Memorial Drama Series Vol. 1 - Nijiiro no Seishun (Japan)	Tokimeki Memorial Drama Series Vol. 1 : Nijiiro no Seishun	1997	Adventure	KCE Japan	1
Tokimeki Memorial Drama Series Vol. 2 - Irodori no Love Song (Japan) (Disc 1) (2M)	Tokimeki Memorial Drama Series Vol. 2: Irodori no Lovesong	1998	Adventure	KCE Japan	1
Tokimeki Memorial Drama Series Vol. 3 - Tabidachi no Uta (Japan) (Disc 1)	Tokimeki Memorial Drama Series Vol 3 : Tabaidachi No Uta	1999	Adventure	KCE Japan	1
Tokimeki Memorial Selection - Fujisaki Shiori (Japan)	Tokimeki Memorial Selection : Fujisaki Shiori	1997	Various	Konami	1
Tokimeki Memorial Taisen Puzzledama (Japan) (1M)	Tokimeki Memorial Taisen Tokkaedama	1997	Puzzle	Konami	1-2
Tokimeki Memorial Taisen Tokkaedama (Japan)	Tokimeki Memorial Taisen Tokkaedama	1997	Puzzle	Konami	1-2
Tokuso Kidoutai J-SWAT (Japan)	Tokuso Kidoutai J-SWAT	1996	Shooter / FPV/Shoot'em Up/Shooter	Japan Media Programming	1
Tokyo Shadow (Japan) (Disc 1)	Tokyo Shadow	1997	Adventure / Interactive Movie/Adventure	Taito	1
Tomb Raider (USA) (2S)	Tomb Raider	1996	Adventure	Core Design	1
Tomb Raiders (Japan)	Tomb Raider	1996	Adventure	Core Design	1
Top Anglers - Super Fishing Big Fight 2 (Japan)	Top Anglers : Super Fishing Big Fight 2	1997	Fishing/Hunting and Fishing	Geo Factory	1
Torico (Europe) (Disc 1)	Lunacy	1997	Adventure	System Sacom	1
Touge King the Spirits (Japan)	High Velocity : Mountain Racing Challenge	1995	Racing, Driving	Cave	1-2
Touge King the Spirits 2 (Japan)	Touge King the Spirits 2	1997	Racing, Driving	Atlus	1-2
Tour Party - Sotsugyou Ryokou ni Ikou (Japan) (Rev A)	Tour Party : Sotsugyou Ryokou ni Ikou	1998	Board game	Japan Media Programming	1-4
Tournament Leader (Japan)	Virtual Golf	1996	Sports / Golf/Sports	Core Design	1-4
Touryuu Densetsu Elan Doree (Japan)	Touryuu Densetsu Elan Doree	1999	Fighting	Sai-Mate	1-2
Toushinden S (Japan)	Battle Arena Toshinden Remix	1996	Fighting / 3D/Fighting	NexTech	1-2
Toushinden URA (Japan)	Battle Arena Toshinden URA : Ultimate Revenge Attack	1996	Fighting / 3D/Fighting	NexTech	1-2
Tower, The (Japan)	The Tower	1996	Simulation	OPeNBooK	1
Transport Tycoon (Japan)	Transport Tycoon	1997	Build And Management/Simulation	MicroProse	1
Trash It (Europe) (En,Fr,De,Es,It)	Trash It	1997		Rage Software	1
True Pinball (USA)	True Pinball	1996	Pinball	Digital Illusions	1-8
Tryrush Deppy (Japan)	Tryrush Deppy	1996	Platform	System Supply N-Tech	1
Tsuukai!! Slot Shooting (Japan)	Tsuukai!! Slot Shooting	1996	Puzzle	Shoeisha	1-2
Tunnel B1 (USA)	Tunnel B1	1996	Shooter / FPV/Shooter	NEON Software	1
TurfWind '96 - Take Yutaka Kyousouba Ikusei Game (Japan)	TurfWind '96 : Take Yutaka Kyousouba Ikusei Game	1996	Simulation	Jaleco	1
Tutankhamen no Nazo - A.N.K.H (Japan) (Disc 1)	Tutankhamen no Nazo : A.N.K.H	1997	Adventure	Ray	1
Twinkle Star Sprites (Japan) (Disc 1) (Game Disc)	Twinkle Star Sprites	1997	Shoot'em Up / Vertical/Shoot'em Up	ADK	1-2
UEFA Euro 96 - England (Europe) (En,Fr,De,Es,It,Pt)	UEFA Euro 96 England	1996	Sports / Football (Soccer)/Sports	Gremlin Interactive	1-4
Ultimate Mortal Kombat 3 (USA)	Ultimate Mortal Kombat 3	1996	Fighting / Versus/Fighting	Eurocom	1-2
Ultraman - Hikari no Kyojin Densetsu (Japan)	Ultraman : Hikari no Kyojin Densetsu	1996	Fighting	Sims	1-2
Ultraman Zukan (Japan)	Ultraman Zukan	1996	Various	Kodansha	1
Ultraman Zukan 2 (Japan)	Ultraman Zukan 2	1997	Various	Kodansha	1
Ultraman Zukan 3 (Japan)	Ultraman Zukan 3	1998	Various	Kodansha	1
Umanari 1 Furlong Theater (Japan)	Umanari 1 Furlong Gekijou	1997	Simulation	Micro Vision	1
Universal Nuts (Japan)	Universal Nuts	1997	Adventure	Sonnet Computer Entertainment	1
Uno DX (Japan)	Uno DX	1998	Board game	Media Quest	1-2
Unsolved, The (Japan) (Disc 1)	The Unsolved	1997	Adventure	Japan Media Programming	1
Valora Valley Golf (USA)	Valora Valley Golf	1996	Sports / Golf/Sports	T&E Soft	1-4
Vampire Hunter - Darkstalker's Revenge (Japan) (En,Ja) (Demo)	Night Warriors : Darkstalkers' Revenge	1996	Fighting / Versus/Fighting / 2D/Fighting	Capcom	1-2
Vampire Hunter - Darkstalkers' Revenge (Japan) (1M)	Night Warriors : Darkstalkers' Revenge	1996	Fighting / Versus/Fighting / 2D/Fighting	Capcom	1-2
Vampire Savior - The Lord of Vampire (Japan)	Vampire Savior	1998	Fighting	Capcom	1-2
Vandal Hearts - Ushinawareta Kodai Bunmei (Japan)	Vandal Hearts : Ushinawareta Kodai Bunmei	1997	Role Playing Game/Strategy	Konami	1
Vatlva (Japan) (Rev A)	Vatlva	1996		Ancient	1-6
Victory Boxing (Europe)	Center Ring Boxing	1995	Sports / Boxing/Sports/Various	Victor Entertainment	1-2
Victory Goal (Japan) (1A)	Victory Goal	1995	Sports / Football (Soccer)/Sports	SEGA	1-4
Victory Goal Worldwide Edition (Japan)	Sega Worldwide Soccer '97	1996	Sports / Football (Soccer)/Sports	Team Aquila	1-4
Virtua Cop (USA) (7S)	Virtua Cop	1995	Lightgun Shooter	SEGA	1-2
Virtua Cop 2 (USA)	Virtua Cop 2	1996	Lightgun Shooter	SEGA	1-2
Virtua Fighter (USA)	Virtua Fighter	1995	Fighting / 3D/Fighting	SEGA	1-2
Virtua Fighter 2 (USA)	Virtua Fighter 2	1996	Fighting / 3D/Fighting	SEGA	1-2
Virtua Fighter CG Portrait Series - The Final - Dural (Japan)	Virtua Fighter CG Portrait Series The Final Dural	1996	Various	SEGA AM2	1
Virtua Fighter CG Portrait Series Vol. 1 - Sarah Bryant (Japan) (1M)	Virtua Fighter CG Portrait Series Vol. 1 Sarah Bryant	1995	Various	SEGA	1
Virtua Fighter CG Portrait Series Vol. 10 - Jeffry McWild (Japan) (4M)	Virtua Fighter CG Portrait Series Vol. 10 Jeffry McWild	1996	Various	SEGA AM2	1
Virtua Fighter CG Portrait Series Vol. 2 - Jacky Bryant (Japan)	Virtua Fighter CG Portrait Series Vol. 2 Jacky Bryant	1995	Various	SEGA	1
Virtua Fighter CG Portrait Series Vol. 3 - Akira Yuki (Japan) (2M)	Virtua Fighter CG Portrait Series Vol. 3 Akira Yuki	1995	Various	SEGA	1
Virtua Fighter CG Portrait Series Vol. 4 - Pai Chan (Japan) (2M)	Virtua Fighter CG Portrait Series Vol. 4 Pai Chan	1995	Various	SEGA AM2	1
Virtua Fighter CG Portrait Series Vol. 5 - Wolf Hawkfield (Japan)	Virtua Fighter CG Portrait Series Vol. 5 Wolf Hawkfield	1995	Various	SEGA	1
Virtua Fighter CG Portrait Series Vol. 6 - Lau Chan (Japan) (4M)	Virtua Fighter CG Portrait Series Vol. 6 Lau Chan	1995	Various	SEGA	1
Virtua Fighter CG Portrait Series Vol. 7 - Shun Di (Japan) (2M)	Virtua Fighter CG Portrait Series Vol. 7 Shun Di	1996	Various	SEGA AM2	1
Virtua Fighter CG Portrait Series Vol. 8 - Lion Rafale (Japan) (2M)	Virtua Fighter CG Portrait Series Vol. 8 Lion Rafale	1996	Various	SEGA	1
Virtua Fighter CG Portrait Series Vol. 9 - Kage Maru (Japan) (2M)	Virtua Fighter CG Portrait Series Vol. 9 Kage Maru	1996	Various	SEGA AM2	1
Virtua Fighter Kids (USA)	Virtua Fighter Kids	1996	Fighting / 3D/Fighting	SEGA	1-2
Virtua Fighter Remix (USA)	Virtua Fighter Remix	1995	Fighting / 3D/Fighting	SEGA	1-2
Virtua Photo Studio - Cameraman Simulation (Japan) (1M, 2M)	Virtua Photo Studio: Cameraman Simulation	1996	Simulation	High-Tech Lab Japan	1
Virtua Racing (USA) (12S)	Virtua Racing	1995	Racing, Driving	Time Warner Interactive	1-2
Virtuacall S (Japan) (Disc 1) (Game Honpen)	Virtuacall S	1998	Simulation	Kindle Imagine Develop	1
Virtual Casino (USA)	Virtual Casino	1996	Casino	Digital Factory	1-2
Virtual Golf (Europe)	Virtual Golf	1996	Sports / Golf/Sports	Core Design	1-4
Virtual Hydlide (USA) (P4H)	Virtual Hydlide	1995	Role Playing Game	T&E Soft	1
Virtual Kyoutei (Japan)	Virtual Kyoutei	1996	Sports / Water/Racing, Driving/Sports	Nichibutsu	1
Virtual Kyoutei 2 (Japan) (1M)	Virtual Kyoutei 2	1997	Sports / Water/Racing, Driving/Sports	Nichibutsu	1
Virtual Mahjong (Japan)	Virtual Mahjong	1998	Mahjong/Asiatic board game	Micronet	1
Virtual Mahjong 2 - My Fair Lady (Japan)	Virtual Mahjong 2 : My Fair Lady	1998	Mahjong/Asiatic board game	Micronet	1
Virtual On - Cyber Troopers (USA)	Cyber Troopers : Virtual On	1996	Shooter/Fighting / Versus/Fighting	CRI	1-2
Virtual On - Cyber Troopers Net Link Edition (USA)	Cyber Troopers : Virtual On	1996	Shooter/Fighting / Versus/Fighting	CRI	1-2
Virtual Open Tennis (USA)	Virtual Open Tennis	1996	Sports / Tennis/Sports	Imagineer	1-4
Virtual Volleyball (Japan)	Virtual Volleyball	1995	Sports / Volleyball/Sports	Sims	1-8
Virus (Japan) (Disc 1)	Virus	1997	Adventure	Hudson Soft	1
Voice Fantasia S - Ushinawareta Voice Power (Japan) (Disc 1)	Voice Fantasia S : Ushinawareta Voice Power	1997	Adventure	Japan Media Programming	1
Voice Idol Maniacs - Pool Bar Story (Japan) (Disc 1) (2M)	Voice Idol Maniacs : Pool Bar Story	1997	Sports / Pool/Board game/Sports	Data East	1
VR Golf '97 (USA)	VR Golf '97	1996	Sports / Golf/Sports	Gremlin Interactive	1-4
VR Soccer (USA)	VR Soccer	1996	Sports / Football (Soccer)/Sports	Gremlin Interactive	1-2
Wachenroeder (Japan)	Wachenröder	1998	Strategy/Role Playing Game	Scarab	1
Waialae no Kiseki - Extra 36 Holes (Japan)	Waialae no Kiseki : Extra 36 Holes	1997	Sports / Golf/Sports	T&E Soft	1-4
Waku Waku 7 (Japan)	Waku Waku 7	1997	Fighting	Sunsoft	1-2
Waku Waku Puyo Puyo Dungeon (Japan) (3M)	Waku Waku Puyo Puyo Dungeon	1998	Role Playing Game	Compile	1
Waku^2 Monster (Japan)	Waku Waku Monster	1998	Puzzle	Altron	1-2
WanChai Connection (Japan) (Disc A)	WanChai Connection	1994	Adventure	Micronet	1
Wangan Dead Heat (Japan)	Highway 2000	1996	Racing, Driving	Genki	1-2
Wangan Dead Heat + Real Arrange (Japan) (Disc 1)	Wangan Dead Heat + Real Arrange		Racing, Driving	Genki	1-2
Wangan Trial Love (Japan)	Wangan Trial Love	1998	Racing, Driving	Pack-In-Soft	1-2
Wara Wara Wars - Gekitou! Daigundan Battle (Japan)	Wara² Wars: Gekitou! Daigundan Battle	1997	Simulation/Strategy	Shoeisha	1
WarCraft II - The Dark Saga (USA)	WarCraft II : The Dark Saga	1997	Simulation/Strategy	Climax	1
Welcome House (Japan)	Welcome House	1997	Adventure	Highwaystar	1
Whizz (Europe)	Whizz	1997	Platform	MicroValue	1
Willy Wombat (Japan)	Willy Wombat	1997	Action / Adventure/Action	Westone	1
Wing Arms (USA) (4S)	Wing Arms	1996	Simulation/Shoot'em Up	Bell	1
Wing Arms - Kareinaru Gekitsuiou (Japan) (Rev A)	Wing Arms	1996	Simulation/Shoot'em Up	Bell	1
Winning Post (USA)	Winning Post	1995	Horse racing/Sports with animals	Koei	1
Winning Post 2 (Japan) (2M)	Winning Post 2	1996	Horse racing/Sports with animals	Koei	1
Winning Post 2 - Final '97 (Japan)	Winning Post 2 : Final '97	1997	Horse racing/Sports with animals	Koei	1
Winning Post 2 - Program '96 (Japan)	Winning Post 2 : Program '96	1996	Horse racing/Sports with animals	Koei	1
Winning Post 3 (Japan) (2M)	Winning Post 3	1998	Horse racing/Sports with animals	Koei	1
Winning Post 3 - Program '98 (Japan)	Winning Post 3 : Program '98	1998	Horse racing/Sports with animals	Koei	1
Winning Post EX (Japan)	Winning Post	1995	Horse racing/Sports with animals	Koei	1
Winter Heat (USA)	Winter Heat	1998	Sports / Multisports/Sports	Data East	1-4
Wipeout (USA)	WipEout	1996	Racing, Driving	Psygnosis	1
Wipeout 2097 (Europe)	WipEout 2097	1997	Racing, Driving	Psygnosis	1
Wipeout XL (Japan)	WipEout 2097	1997	Racing, Driving	Psygnosis	1
With You - Mitsumeteitai (Japan) (Disc 1)	With You : Mitsumeteitai	1999	Simulation	Cocktail Soft	1
Wizard's Harmony (Japan)	Wizard's Harmony	1995	Simulation	Arc System Works	1
Wizard's Harmony 2 (Japan) (1M)	Wizard's Harmony 2	1997	Simulation	Arc System Works	1
Wizardry - Llylgamyn Saga (Japan)	Wizardry : Llylgamyn Saga	1998	Role Playing Game/Compilation	Soliton Soft	1
Wizardry Nemesis - The Wizardry Adventure (Japan) (Disc 1)	Wizardry Nemesis : The Wizardry Adventure	1998	Adventure/Role Playing Game	Sir-tech Software	1
Wizardry VI & VII Complete (Japan) (3M)	Wizardry VI & VII Complete	1996	Compilation/Role Playing Game	Data East	1
Wolf Fang SS - Kuuga 2001 (Japan)	Wolf Fang SS : Kuuga 2001	1997	Shoot'em Up	Tsuji Jimusho	1-2
World Advanced Daisenryaku - Koutetsu no Senpuu (Japan) (2M)	Iron Storm	1996	Strategy	SEGA	1
World Advanced Daisenryaku - Sakusen File (Japan) (1M)	World Advanced Daisenryaku : Sakusen File	1996	Strategy/Simulation	SEGA	1-5
World Cup '98 France - Road to Win (Japan)	World Cup France '98 : Road to Win	1998	Sports / Football (Soccer)/Sports	SEGA	1-4
World Cup Golf - In Hyatt Dorado Beach (Japan) (En,Ja)	World Cup Golf : Professional Edition	1996	Sports / Golf/Sports	Arc Developments Limited	1-2
World Cup Golf - Professional Edition (USA) (RE2)	World Cup Golf : Professional Edition	1996	Sports / Golf/Sports	Arc Developments Limited	1-2
World Evolution Soccer (Japan)	World Evolution Soccer	1997	Sports / Football (Soccer)/Sports	Jack Pot	1-4
World Heroes Perfect (Japan)	World Heroes Perfect	1996	Fighting/Fighting / 2D	SNK	1-2
World League Soccer '98 (Europe)	World League Soccer '98	1998	Sports / Football (Soccer)/Sports	Silicon Dreams	1-2
World Series Baseball (USA)	World Series Baseball	1995	Sports / Baseball/Sports	SEGA	1-2
World Series Baseball 98 (USA)	World Series Baseball 98	1997	Sports / Baseball/Sports	SEGA	1-2
World Series Baseball II (USA) (1S)	World Series Baseball II	1996	Sports / Baseball/Sports	SEGA	1-2
Worldwide Soccer '98 (USA) (En,Fr,Es)	Worldwide Soccer '98	1997	Sports / Football (Soccer)/Sports	SEGA	1-4
Worldwide Soccer - Sega International Victory Goal Edition (USA) (RE)	Worldwide Soccer : Sega International Victory Goal Edition	1995	Sports / Football (Soccer)/Sports	Team Aquila	1-4
Worms (USA)	Worms	1996	Strategy	Team 17	1-16
WWF In Your House (USA)	WWF In Your House	1996	Sports / Fighting/Sports	Sculptured Software	1-4
WWF WrestleMania - The Arcade Game (USA)	WWF WrestleMania : The Arcade Game	1996	Sports / Fighting/Sports	Sculptured Software	1-2
X Japan - Virtual Shock 001 (Japan) (3M)	X Japan : Virtual Shock 001	1995	Various	I2Project	1
X-Men - Children of the Atom (USA)	X-Men : Children of the Atom	1996	Fighting / 2D/Fighting	Rutubo Games	1-2
X-Men vs. Street Fighter (Japan) (1M)	X-Men vs. Street Fighter	1997	Fighting	Capcom	1-2
Xianjian Qixiazhuan (Taiwan)	Senken Kigyouden	1999	Role Playing Game	Softstar Entertainment	1
Yakyuuken Special, The - Kon'ya wa 12-kaisen!! (Japan) (1M)	The Yakyuuken Special : Kon'ya wa 12-kaisen!!	1995	Adults/Various	Societa Daikanyama	1
Yellow Brick Road (Japan) (3M)	Yellow Brick Road	1996	Adventure	Synergy	1
Yoshimoto Mahjong Club (Japan)	Yoshimoto Mahjong Club	1998	Mahjong/Asiatic board game	Yoshimoto Kogyo	1
Yoshimura Shougi (Japan)	Yoshimura Shougi	1998	Shougi/Asiatic board game	Konami	1-2
Yu-No - Konoyo no Hate de Koi o Utau Shoujo (Japan) (Disc A)	Yu-No : Konoyo no Hate de Koi o Utau Shoujo	1997	Adults/Adventure	Elf	1
Yumimi Mix Remix (Japan)	Yumimi Mix Remix	1995	Adventure	Game Arts	1
Yuukyuu Gensoukyoku (Japan)	Yuukyuu Gensoukyoku	1997	Simulation	Starlight Marry	1
Yuukyuu Gensoukyoku 2nd Album (Japan)	Yuukyuu Gensoukyoku 2nd Album	1998	Adventure/Simulation	Starlight Marry	1
Yuukyuu Gensoukyoku Ensemble (Japan)	Yuukyuu Gensoukyoku Ensemble	1998	Various	Starlight Marry	1
Yuukyuu Gensoukyoku Ensemble 2 (Japan)	Yuukyuu Gensoukyoku ensemble 2	1999	Various	Starlight Marry	1-2
Yuukyuu no Kobako Official Collection (Japan)	Yuukyuu no Kobako Official Collection	1997	Various	Starlight Marry	1
Yuushun - Classic Road (Japan)	Yuushun : Classic Road	1997	Horse racing/Sports with animals	Victor Interactive Software	1-4
Z (Europe)	Z	1998	Simulation	The Bitmap Brothers	1
Zanma Chou Ougi - Valhollian (Japan)	Zanma Chou Ougi : Valhollian	1998	Role Playing Game	Datt Japan	1
Zap! Snowboarding Trix '98 (Japan)	Zap! Snowboarding Trix '98	1997	Sports / Skiing/Sports	Atelier Double	1
Zap! Snowboarding Trix (Japan)	Zap! Snowboarding Trix	1997	Sports / Skiing/Sports	Atelier Double	1
Zen Nihon Pro Wres featuring Virtua (Japan)	Zen Nihon Pro Wres Featuring Virtua	1997	Fighting	Scarab	1-2
Zenkoku Seifuku Bishoujo Grand Prix - Find Love (Japan)	Zenkoku Seifuku Bishoujo Grand Prix : Find Love	1997	Puzzle	Lyceen	1
Zero Divide - The Final Conflict (Japan)	Zero Divide : The Final Conflict	1997	Fighting	Zoom	1-2
Zero4 Champ DooZy-J Type-R (Japan)	Zero4 Champ DooZy-J Type-R	1997	Racing, Driving	Media Rings	1-2
Zoku Gussun Oyoyo (Japan) (2M)	Zoku Gussun Oyoyo	1997	Puzzle	Irem	1-2
Zoku Hatsukoi Monogatari - Shuugaku Ryokou (Japan) (Disc 1) (Shougakusei Jidai)	Zoku Hatsukoi Monogatari : Shuugaku Ryokou	1998	Simulation / Life/Simulation	Koga Game Factory	1
Zoop (Japan)	Zoop	1996	Puzzle	Hookstone	1
Zork I - The Great Underground Empire (Japan)	Zork I : The Great Underground Empire	1996	Adventure	Activision	1
