#key	synopsis
3 Ninjas Kick Back (USA)	3 Ninjas Kick Back sur Mega CD est un jeu de plates-formes tiré du film d'action éponyme. Le joueur incarne l'un des trois jeunes ninjas et doit aider un samouraï à retrouver une dague, volée par son plus grand rival. Chacun des 3 personnages possède ses propres caractéristiques et correspond à un style de jeu particulier.
A-Rank Thunder - Tanjou-hen (Japan)	Ce RPG est sorti uniquement au Japon, et pour cause : il s'agit d'une tentative de transposition d'une série Tokusatsu (genre X-Or) en jeu vidéo ! On incarne le jeune Thunder (?) qui se réveille dans ce qui sembe être un complexe scientifique. Rapidement, il se fait aborder par un type louche avec un grand chapeau, une moustache et des lunettes noires. Commence alors une phase de dialogue entièrement doublée (ce sera le cas de tous les dialogues importants) dans laquelle on est amené, à un moment donné, à choisir une attitude..
A-X-101 (USA) (RE)	AX-101 sur Mega CD est un shoot'em up futuriste en vue à la première personne dont l'objectif est de protéger l'humanité d'attaques extraterrestres. Le joueur incarne un pilote de vaisseau spatial et doit manier le canon lors de joutes spatiales, aériennes et parfois dans des environnements souterrains. 3 types d'armes sont disponibles : le canon simple, le canon rechargé beaucoup plus puissant ainsi que des bombes à manier avec précaution car limitées en nombre.
Adventures of Batman and Robin, The (USA)	The Adventures of Batman & Robin est un jeu d'action sur Mega-CD. Incarnez l'homme chauve-souris et son fidèle acolyte Robin, qui utiliseront tous deux leurs gadgets pour défaire l'infâme Mr. Freeze dans ce jeu inspiré du dessin animé. Mais ce ne sera pas le seul ennemi car d'autres méchants se joindront au combat avec parmi eux le Joker ou encore Double Face.
Adventures of Willy Beamish, The (USA)	The Adventures of Willy Beamish sur Mega CD est un jeu d'aventure au style cartoon prononcé et non dénué d'humour. Le joueur incarne Willy, un jeune écolier dont le rêve est de placer sa grenouille sur la plus haute place du podium au concours de sauts. Pour avancer dans l'histoire, il faut résoudre de nombreuses énigmes et braver tous les obstacles liés à son jeune âge, du proviseur à la baby-sitter sans oublier les sempiternelles punitions parentales.
After Armageddon Gaiden - Majuu Toushouden Eclipse (Japan)	L'histoire se déroule dans le futur, des centaines d'années après l'extinction de l'humanité due à un holocauste nucléaire. Les démons dirigent maintenant la planète, mais ils sont engagés dans une bataille sans mercis pour la domination de la terre avec certains aliens / robots. Le gameplay est similaire à Final Fantasy et presque identique à Last Armageddon. Les combats sont au tour par tour et, comme dans Last Armageddon, le blocage prévient tous les dégâts de l'ennemi.
After Burner III (USA)	After Burner III sur Mega CD est un jeu d'action qui projette le joueur en pleine guerre du Golfe. Prenez les commandes du F14 et engagez le combat avec les armes à disposition à savoir un canon, des missiles et n'oubliez pas d'esquiver les tirs adverses. Trois modes sont présents : une campagne (enchaînement de niveaux) et deux modes défis où l'objectif est d'atteindre le score le plus élevé.
AH3 - Thunderstrike (USA)	Thunderhawk est un jeu d'action sur Mega-CD qui vous donne les commandes d'un hélicoptére de combat dans une série de six campagnes futuristes. La version originale comprend un total de 60 opérations aux objectifs variés. Avant de se lancer dans les airs, le joueur peut adapter à sa convenance l'arsenal embarqué. Le pilotage est technique et accessible, sans pour autant être aussi complexe que d'autres simulations de l'époque.
Aisle Lord (Japan)	Aisle Lord sur Mega-CD est un jeu de rôle se déroulant dans un univers médiéval fantastique. C'est l'exploration de donjons qui est à l'honneur dans ce titre où il vous faudra faire preuve de courage pour pénétrer dans ces dédales remplis de pièges et de créatures hostiles à votre présence.
Alshark (Japan)	Alshark sur Mega CD est un jeu de rôle prenant place dans un univers futuriste où l'humanité a conquis l'espace, éparpillant la civilisation sur de nombreuses planètes. Le joueur incarne Shiron, un jeune homme vivant sous le foyer familial. L'histoire débute lorsque le père de Shiron est assassiné par l'un de ses proches, apparemment contrôlé par un esprit maléfique. Shiron décide alors d'enquêter sur cette subite disparition et tente de retrouver l'esprit maléfique.
Amazing Spider-Man vs. The Kingpin, The (USA)	Spider-Man vs. The Kingpin sur Mega-CD est un jeu d'action/plates-formes dans lequel vous incarnez l'homme-araignée. Wilson Fisk alias The Kingpin déclare à la presse qu'une bombe placée quelque part dans New York va exploser d'ici 24 heures. Il accuse directement Spider-Man, qui se retrouve avec la police sur le dos. Vous devez trouver la bombe et redorer votre blason, mais Octopus, Electro et Mysterio tenteront de vous barrer la route.
Android Assault - The Revenge of Bari-Arm (USA)	Android Assault est un shoot'em up à scrolling vertical. Il est également connu sous le nom de Bari-Arm au Japon. Techniquement irréprochable, 7 longs niveaux, des boss énormes, une bande son agréable et une jouabilité parfaite. La difficulté est progressive mais il faut bien admettre que le stage final est vraiment difficile. Les amateurs de boulettes seront comblés !
Annett Futatabi (Japan)	Annet Futatabi sur Mega-CD est l'épisode final d'une trilogie incluant les jeux Earnest Evans et El Viento. Contrairement à ses prédécesseurs, Annet Futatabi n'est plus un jeu de plates-formes mais un shoot'em up classique. Vous incarnez Annette, jeune fille aux pouvoirs magiques très puissants, et tentez de sauver le Monde. Toute une histoire !
Aoki Ookami to Shiroki Mejika - Genchou Hishi (Japan)	Genghis Khan II : Clan of the Grey Wolf est un jeu d'action/stratégie sur Mega-CD. En début de partie, il est possible de choisir entre une conquête mondiale, ou la conquête mongole. Dans la première, vous devez conquérir tous les pays afin de bâtir le Monde comme vous le souhaitez. Dans la deuxième vous incarnez le grand Temujin et vous devez réunir toutes les petites tribus de la Mongolie.
Arcus I, II, III (Japan)	Arcus I-II-III est un jeu RPG (donjon) à la première personne sorti exclusivement sur Sega Mega-CD au Japon. Il combine les trois premiers jeux de la série Arcus (de Wolf Team); Arcus, Arcus II: Silent Symphony et Arcus III, initialement sortis pour les ordinateurs japonais entre 1988 et 1991.
Arslan Senki (Japan)	Arslan Senki est un jeu vidéo de rôle sorti en 1993 sur Mega-CD au Japon. Il est basé sur la série de romans Les Chroniques d'Arslân de Yoshiki Tanaka, également adapté en manga et anime.
AX-101 (Japan)	AX-101 sur Mega CD est un shoot'em up futuriste en vue à la première personne dont l'objectif est de protéger l'humanité d'attaques extraterrestres. Le joueur incarne un pilote de vaisseau spatial et doit manier le canon lors de joutes spatiales, aériennes et parfois dans des environnements souterrains. 3 types d'armes sont disponibles : le canon simple, le canon rechargé beaucoup plus puissant ainsi que des bombes à manier avec précaution car limitées en nombre.
Bakuden - The Unbalanced Zone (Japan)	Le jeu commence par une intro des plus cinglées et une musique ravageuse avant de déboucher sur un jeu dans lequel quatre personnages déboulent sans prévenir en cassant le mur de la chambre d'un pauvre type et, vous, vous êtes justement ce pauvre type.... Dans ce jeu vous pouvez exercer les actions simples comme regarder, prendre, utiliser, parler et avoir des descriptions d'objets. C'est rempli d'humour mais voilà le problème, c'est que tout est en japonais, donc il est difficile de comprendre l'histoire et les blagues...
Bari-Arm (Japan)	Android Assault est un shoot'em up à scrolling vertical. Il est également connu sous le nom de Bari-Arm au Japon. Techniquement irréprochable, 7 longs niveaux, des boss énormes, une bande son agréable et une jouabilité parfaite. La difficulté est progressive mais il faut bien admettre que le stage final est vraiment difficile. Les amateurs de boulettes seront comblés !
Batman Returns (USA)	Batman Returns sur Mega-CD est un jeu d'action qui permet au joueur d'incarner le célèbre homme chauve-souris. L'objectif du jeu est de faire baisser l'insécurité à Gotham City à bord de votre Batmobile, du Batskiboat (Jet-Ski dans les égouts) ou directement en combat singulier.
Battle Fantasy (Japan) (Rev A)	Par l'introduction on est en droit d'attendre un RPG vu que tous les éléments de l'heroic fantasy sont réunis : châteaux, dragons, lutins, ogres, elfes, chevaliers... et bien pas du tout ! Ces personnages sont tous de valeureux combattants que vous devrez affronter en combat singulier. Dès que le combat commence, la déception nous gagne : les graphismes sont moyens mais passent encore, le plus gros défaut restant la jouabilité. En effet, l'animation est catastrophique, les déplacements et les coups sont d'une rare lenteur, les prises spéciales ne sortent vraiment pas facilement, bref tout ce qui peut gâcher le plaisir pour ce genre de jeu. Si l'idée de base partait d'un bon sentiment, le résultat est un échec, dommage car l'intro nous laissait présager de bons moments, tant pis !
Battlecorps (USA)	Battlecorps sur Mega CD est un jeu d'action qui prend place sur la planète Mandlebrot's World où un virus informatique a renversé les machines contre leurs créateurs. 12 missions durant, pilotez votre robot bipède, combattez les machines hostiles pour venir à bout de l'ordinateur central, investigateur du mal qui ronge votre planète.
BC Racers (USA)	BC Racers est un jeu de courses sur Mega-CD. Directement inspiré de l'univers décalé de Chuck Rock, le titre permet de se mettre au volant de Side Cars dans des courses toutes plus déjantées les unes que les autres. Le jeu propose quatre niveaux de difficulté différents, composés chacun de 8 circuits qui prennent place dans 8 environnements distincts (jungle, village préhistorique, désert, jungle nocturne, etc.).
Beast II (Europe)	Shadow of the Beast 2 sur Mega CD est un jeu mêlant plates-formes, action et réflexion. Dans ce second opus, le héros est à la recherche de sa soeur, kidnappée par le mage Zelek. Pour la retrouver, il traverse les mondes de Karamoon et affronte toutes sortes de créatures (monstres, dragons...).
Bill Walsh College Football (USA)	Bill Walsh College Football est un jeu de football américain sur Mega-CD. Ce jeu s'intéresse particulièrement à la ligue étudiante très appréciée aux États-Unis. Choisissez parmi les équipes les plus prestigieuses et faites honneur à votre université. Le titre propose les 25 équipes de la saison 92 auxquelles viennent s'ajouter une sélection de 25 équipes de légendes (Pitt '80, Auburn '83, Florida '84, Brigham Young University Provo' 84, Texas '81, Notre Dame '88...).
Black Hole Assault (Japan)	Black Hole Assault sur Mega CD est un jeu de combat futuriste. L'action se déroule courant 22ème siècle, alors que l'exploration du système solaire n'est plus seulement possible mais nécessaire pour la survie de l'humanité. Incarnez l'une des machines au choix et battez-vous contre des aliens dans une des 10 planètes et lunes réalisées.
Blackhole Assault (USA)	Black Hole Assault sur Mega CD est un jeu de combat futuriste. L'action se déroule courant 22ème siècle, alors que l'exploration du système solaire n'est plus seulement possible mais nécessaire pour la survie de l'humanité. Incarnez l'une des machines au choix et battez-vous contre des aliens dans une des 10 planètes et lunes réalisées.
Bloodshot (Europe) (En,Fr,De,Es)	Nous sommes en l'an 2049 et une armée extraterrestre est sur le point d'envahir tout le système solaire. Vous avez été choisi et l'armée vous a implanté une puce &quot;Battle Frenzy&quot; faisant de vous le meilleur soldat au monde. Avancez dans les vaisseaux ennemis pour les anéantir de l'intérieur et utilisez toutes les armes à votre disposition pour vaincre cette menace.
Bouncers (USA)	Bouncers sur Mega CD est un jeu d'action où le joueur incarne un ballon de basket. A l'instar du basket-ball, l'objectif est de marquer plus de points que l'adversaire en faisant des paniers. La difficulté est qu'il faut s'aider du ballon adverse pour atteindre le précieux sésame. Différents bonus peuvent aider à remporter la partie, soit en augmentant le nombre de points, soit en augmentant temporairement les capacités de votre avatar.
Bram Stoker's Dracula (USA)	Le joueur incarne Jonathan Harker qui, dans sa quête pour anéantir le vampire de Transylvanie, doit traverser neuf niveaux, en commençant par une taverne située près du château de Dracula, puis le château lui-même. De retour en Angleterre, il faudra chasser Dracula et ses sbires d'un couvent, d'une abbaye et de la maison de Mina, la fiancée de Jonathan, entre autres. nnnnL'une des tâches principales de chaque niveau consiste à trouver et à détruire plusieurs cercueils contenant de la terre de Transylvanie. Jonathan est gêné dans sa progression par des sbires ainsi que par des créatures sous le contrôle du vampire : chauves-souris, rats, serpents et bien d'autres encore. Le dernier cercueil de chaque lieu est généralement gardé par l'un des sbires les plus puissants de Dracula, parmi lesquels figurent ses trois épouses, le fou Renfield et l'amie de Mina, Lucy, désormais transformée en mort-vivante.nnnn
Brutal - Paws of Fury (USA)	Tous les quatre ans sur la célèbre et isolée, île Brutale, les meilleurs artistes martiaux du monde sont invités à concourir dans le tournoi le plus éprouvant, bien connu sous le nom de Tournoi de l'île Brutale. Seul le vainqueur de ce tournoi a le privilège de défier Dali Llama, le plus grand combattant du monde, pour la très convoité Ceinture du Ciel. Contrairement aux jeux similaires de l'époque, Brutal : paws of fury, joue la carte de l'originalité en proposant des personnages anthropomorphiques, tel qu'un lapin moine ou encore un lion rock star.
Burai - Yatsudama no Yuushi Densetsu (Japan)	Burai sur Mega-CD est un jeu de rôle se déroulant dans le monde de Kypros, peuplé de nombreuses races et de dieux différents cohabitant dans la joie et la bonne humeur. Lorsque Lord Bido tente de ressusciter Daar, le Dieu obscur, c'est tout l'équilibre de Kypros qui est remis en question. Selon la prophétie, huit héros sont à même de faire tomber Bido. Le joueur incarne Gonza et Mamai durant l'histoire introductive, à savoir la rencontre entre les héros.
Cadillacs and Dinosaurs - The Second Cataclysm (USA, Brazil) (RE)	Cadillacs and Dinosaurs: The Second Cataclysm est un jeu Sega Mega-CD (et DOS) basé sur la série de bandes dessinées Xenozoic Tales, et l'émission de télévision du même nom. A ne pas confondre avec le beat-'em-up arcade Cadillacs et Dinosaurs par Capcom. Le jeu Mega-CD n'a été lancé qu'en Amérique du Nord et au Brésil. Situé dans l'ère appelée «Xenozoic Age», après une catastrophe en l'an 2020 poussant tous les habitants précédents de la planète à partager la Terre (dont les dinosaures...). Afin de maintenir l'équilibre perturbé par une race de mutants connue sous le nom de Girth, vous vous mettez au volant d'une Cadillac de 1953, armée de mitrailleuses. Il s'agit d'un jeu de type rail-shooter à base de FMV (vidéos interactives), où vous passez la plupart du temps à éviter des obstacles et des tirs ennemis.
Captain Tsubasa (Japan)	Captain Tsubasa sur Mega CD est un jeu de sport adapté du manga éponyme, plus connu en France sous le nom d'Olive et Tom. Le joueur prend les commandes d'une équipe de football et dirige le match au travers d'actions contextuelles. Chaque partie se découpe en un ensemble d'actions où le joueur prend une décision, à savoir tirer, frapper, dribbler, etc.
CD Sonic the Hedgehog (Japan) (Beta) (1992-12-04)	Sonic CD est un jeu de plates-formes sur Mega-CD. Il s'agit toujours de traverser les niveaux à toute vitesse en ramassant un maximum d'anneaux mais des adversaires de plus en plus coriaces viendront se frotter à notre héros.
Championship Soccer '94 (USA) (En,Fr,De,It)	La mouture European Champions de Sensible Soccer sur Mega-CD inclut les noms des joueurs présents en clubs européens lors de la saison 92/93. Vous pouvez aussi participer aux qualifications pour la Coupe du Monde 94. L'un des arguments majeurs du jeu à l'époque était la prise en compte des cartons.
Chuck Rock (USA)	Chuck Rock sur Mega CD est un jeu de plates-formes. Le joueur dirige un homme préhistorique prénommé Chuck, à la recherche de sa femme faite prisonnière par Garry Gritter. Pour se défendre, le héros peut donner des coups de ventre ou jeter des pierres sur ses ennemis. Il peut également leur monter dessus pour atteindre des zones inaccessibles.
Chuck Rock II - Son of Chuck (USA)	Chuck Rock II : Son of Chuck sur Mega CD est un jeu de plates-formes préhistorique. Chuck Rock, qui tient une usine d'automobiles, a été enlevé par l'un de ses rivaux. En incarnant Junior, le rejeton, le joueur doit traverser les niveaux pour retrouver Chuck. Armé d'un gourdin pour se défendre face aux dinosaures, Junior peut chevaucher certains animaux pour atteindre des zones inaccessibles.
Cliffhanger (USA)	Cliffhanger est l'adaptation sur Mega CD du film du même nom sorti en 1992. Vous incarnez Gabe (Silvester Stallone) et revivez le scénario du film. Gabe doit escalader les montagnes, éviter les avalanches et éliminer les ennemis. Pour ce faire, il peut se battre à mains nues ou ramasser les armes de ses adversaires.
Cobra Command (USA)	Cobra Command est un shoot'em up sur Mega-CD. Vous êtes aux commandes d'un hélicoptère et au cours des différents niveaux, vous devez exterminer tous les ennemis qui fondent vers vous.
Colors of Modern Rock, The (USA)	The Colors of Modern Rock est un disque contenant six clips musicaux, publié par Sega et Warner Custom Music, qui peut être lu via le Sega Mega-CD, et était disponible via une offre spéciale de Sega. Les 6 clips inclus sont les suivants : Too Much Joy - Donna Everywhere T-Ride - Back Door Romeo The Belltower - Outshine the Sun Xtra Large - Hooker Mr. Big - To Be With You Dramarama - Haven't Got a Clue
Compton's Interactive Encyclopedia (USA) (Version 2.00S)	L'Encyclopédie interactive de Compton est, comme son nom l'indique, une encyclopédie multimédia concédée sous licence par la série d'encyclopédies imprimées de Compton, avec 34 000 sujets, 5 000 images et 30 articles vidéo de l'American Library Accociation. Il fait partie d'une série importante qui a vraisemblablement commencé en 1989 et a eu un certain nombre d'entrées tout au long des années 90; Une relation possible entre ce produit Mega-CD et le produit de nom similaire sur CD-i en 1992 est inconnue. Il existe une &quot;version 2.10&quot;; les différences sont inconnues.
Corpse Killer (USA)	Corpse Killer sur Mega-CD est un jeu de tir se déroulant comme un film interactif. Le joueur incarne une élite des forces spéciales en mission sur une île tropicale infestée de zombies. Il faudra tirer sur tout ce qui bouge pour arrêter cette armée de morts-vivants créée par le Dr. Hellman. La vue est à la première personne et il suffit de viser et tirer pour avancer dans le jeu.
Cosmic Fantasy Stories (Japan)	Il s'agit d'une réédition de deux jeux Turbo CD: Cosmic Fantasy: Bouken Shounen Yuu et Cosmic Fantasy II. Le premier jeu raconte l'histoire d'un jeune homme nommé Yuu, qui est en quête de devenir un Chevalier cosmique. Le second décrit les aventures d'un autre jeune homme, Van, dont la petite amie a été enlevée par un sorcier maléfique. Les deux jeux se déroulent dans un univers de science-fiction avec des voyages intergalactiques. L'édition Sega CD présente des graphismes et de la musique améliorés (ce changement est particulièrement perceptible pour le premier Cosmic Fantasy). Il reproduit également le système de jeu du premier, permettant aux personnages précédemment passifs de participer aux combats, mais aussi d'augmenter la quantité d'ennemis rencontrés dans les batailles et de modifier le niveau de difficulté.
Crime Patrol (USA)	Ce thriller-action à base de FMV (vidéos interactives) met le joueur au défi de progresser à travers les rangs de la police en combattant pléthores de criminels. En tant que jeune recrue (rookie), le joueur défait des membres de gang, des voleurs armés et d'autres criminels de rue. Promu détective signifie travailler sous couverture contre les dealers de drogue et autres go-fast. Soyez prêt à affronter des ravisseurs de banque et terroristes une fois sélectionné pour rejoindre l'équipe des SWAT. Seul le meilleur joueur sera en mesure de rejoindre les Delta Force et ainsi tenter de stopper un criminel menaçant la sécurité nationale.
Cyborg 009 (Japan)	Cyborg 009 est un jeu de plates-formes sur Mega Cd qui raconte l'histoire de 9 adolescents originaires des quatre coins du monde, enlevés par l'organisation criminelle Black Ghost afin de les transformer en cyborgs. Grâce à l'aide du Dr Isaac Gilmore, les 9 adolescents parviennent à s'échapper et décident de mener une lutte acharnée contre leur créateur.
Daihoushinden (Japan)	Honnêtement, très peu de choses sont connus de ce jeu en occident. L'intrigue semble impliquer une armée envahissante et le héros doit faire face aux problèmes qui se posent. Le jeu est très lourd de texte (japonais), donc même avec une sorte de guide de traduction, jouer à ce jeu est une tâche intimidante. Le combat est également très difficile, donc seul les joueurs les plus hardcore continueront probablement à jouer. Pourtant, il dispose de musique de qualité et introduit comme fonctionnalité, vous l'avez deviné, des scènes animées comme il est fréquent d'en voir sur Mega-CD. Le jeu lui-même est agréable à regarder. Le gameplay est un JRPG (jeu de rôle japonais) au tour par tour.
Dark Wizard (USA)	Dark Wizard sur Mega CD est un jeu de rôle qui entraîne le joueur au coeur du royaume de Cheshire tombé entre les mains du machiavélique Velonese. Incarnez l'un des quatre personnages au choix et restaurez l'ordre et la loi dans un univers en perdition. Les phases de combat se déroulent en tour par tour et chaque combat gagné est récompensé par des points d'expérience pour faire évoluer les caractéristiques du personnage.
Dark Wizard - Yomigaerishi Yami no Madoushi (Japan)	Dark Wizard sur Mega CD est un jeu de rôle qui entraîne le joueur au coeur du royaume de Cheshire tombé entre les mains du machiavélique Velonese. Incarnez l'un des quatre personnages au choix et restaurez l'ordre et la loi dans un univers en perdition. Les phases de combat se déroulent en tour par tour et chaque combat gagné est récompensé par des points d'expérience pour faire évoluer les caractéristiques du personnage.
Death Bringer (Japan)	Death Bringer sur Mega CD est un jeu de rôle à la première personne se déroulant dans le monde de Mezron. L'histoire débute lors de la résurrection du maléfique Azazael, parti à la recherche de cinq pierres précieuses donnant de grands pouvoirs. Le joueur incarne un aventurier qui tente de stopper Azazael dans sa quête.
Demolition Man (USA)	Demolition Man est un jeu de plateforme au rythme effréné, dont certains niveaux se déroulent en vue aérienne (à l'instar de Smash TV). Dans la peau de John Spartan, le joueur passera la majeure partie de son temps à tirer sur des vagues incessantes de « cryocons » déchaînés dans un monde futuriste aseptisé. L'arme standard peut être améliorée avec un fusil à pompe et un magnum, tous deux dotés d'un nombre limité de munitions. De plus, divers types de grenades peuvent être ramassés et lancés indépendamment de l'arme à feu. Simon Phoenix apparaît en tant que boss à la fin de chaque niveau, en lien direct avec le film.
Dennin Aleste - Nobunaga and His Ninja Force (Japan)	Robo Aleste sur Mega-CD est un shoot'em up se déroulant dans le pays du soleil levant. L'histoire débute lorsque le clan Oda, ravagé par les seigneurs de guerre Chugoko, décide de prendre sa revanche grâce à une arme secrète. Le joueur dirige un robot de guerre dans ce shoot'em up où chaque niveau se ponctue par un affrontement face à un boss.
Detonator Orgun (Japan)	Detonator Orgun est un jeu d'aventure à choix multiples dans le genre de Snatcher. Nombreuses digits vocales, design style animé années 70-80 réussi, cadrages dynamiques. Il ne manque à ce jeu que d'être traduit, car pour l'instant il est à réserver à ceux qui parlent japonais !
Devastator (Japan)	Ryo commence à travailler pour une compagnie appelée Yaesu en remplacement de son ami Masato. Au cours d'un tour d'essai avec une nouvelle machine, il est en quelque sorte projeté dans une autre dimension. Après avoir été secouru par un groupe de pilotes mecha des griffes de viles créatures nommées Devastators, il apprend que celles-ci projettent de rejoindre sa propre dimension, et s'engage à les arrêter.
Double Switch (USA)	Double Switch est un jeu d'aventure sur Mega-CD. Animé par le Full Motion Video (FMV), il consiste en la surveillance électronique d'un bâtiment couplée à certaines interventions qu'il faudra opérer au moment crucial afin d'empêcher vos ennemis de triompher. L'action se déroule dans un complexe d'habitations qui renfermerait, selon la rumeur, un précieux artefact égyptien dont la mafia aimerait s'emparer.
Dracula Unleashed (USA) (Disc 1)	Dracula Unleashed combine la qualité d'un film hollywoodien, un mystère difficile à résoudre et une nouvelle tournure de la légende de Dracula. Dix ans après les événements décrits dans le roman original de Bram Stoker, Alexander Morris, un riche Américain, est arrivé en Angleterre pour découvrir les véritables circonstances de la mort mystérieuse de son frère.
Dragon's Lair (USA)	Dragon's Lair est un dessin animé interactif sur Mega-CD adapté du célèbre jeu sorti en 1983 sur les bornes d'arcade. Vous incarnez l'aventurier Dirk qui part à la rescousse de la princesse Daphné, capturée par Singe, le dragon maléfique. Avant d'arriver dans la tanière du dragon, le chevalier doit sortir vivant de tous les pièges du château en misant tout sur ses réflexes.
Dune (USA) (En,Fr,De,Es,It)	Dune sur Mega CD est un jeu mêlant aventure, gestion et stratégie. L'histoire qui se déroule sur la planète Arrakis, est centrée sur un conflit entre deux maisons autour de l'extraction de l'épice, substance la plus précieuse de l'univers. Le scénario suit les aventures de Paul Atréides, qui met toutes ses compétences à l'oeuvre pour défendre les intérêts des siens. Tissez des relations avec les tribus locales, assurez l'extraction de l'épice et chassez les cruels Harkonnen.
Dungeon Explorer (USA)	Dungeon Explorer sur Mega-CD est un jeu de rôle basé sur le combat et l'exploration de donjons lugubres. Le jeu propose huit classes de personnages, chacune possédant ses forces, ses faiblesses, et ses attaques spéciales. Dès lors, rétablissez le calme dans votre royaume et renvoyez les monstres envahisseurs d'où ils viennent.
Dungeon Master II - Skullkeep (USA) (RE3)	Dans Dungeon Master II : The Legend of Skullkeep, vous incarnez Thoram Zed qui doit pénétrer dans le château Skullkeep pour tuer l'infâme Dragoth. L'accès au château nécessitant les quatre clefs du destin, le joueur doit d'abord se préoccuper de trouver celles-ci avant de débuter sa quête. Pour ce faire, réunissez une équipe de quatre combattants et réalisez un certain nombre de missions. Le jeu fusionne les combats en temps réel avec la résolution d'énigmes et les voyages. La cartographie est désormais automatique. Les effets de la pluie et de la magie sont intégrés au moteur. La première partie du jeu se déroule en surface, avec la visite de villages dotés de boutiques et de temples ainsi que la traversée de forêts.
Dynamic Country Club (Japan)	Dynamic Country Club est un jeu de simulation de golf proposant un parcours original avec 18 trous, ainsi que plusieurs modes standard dont Tournoi, Stroke Play pour jusqu'à quatre joueurs, Match Play pour jusqu'à deux joueurs, et un mode coopératif à quatre joueurs appelé Foursome. En dehors des modes de jeu principaux, il existe un soi-disant mode d'échauffement où le joueur peut choisir un trou pour s'entraîner de diverses manières, notamment en pratiquant des tirs à partir de nombreux endroits sur et en dehors du fairway. En outre, il existe également un mode dictionnaire où une large gamme de termes de golf sont expliqués en japonais.
Earnest Evans (Japan)	Earnes Evans sur Mega-CD est un jeu d'action/plates-formes où l'on incarne un jeune archéologue à la recherche de trois artefacts censés apporter gloire et prospérité. Le héros rencontre de nombreux obstacles (lave, falaises, rochers, gangsters et monstres) au cours de ses recherches et doit dénicher les précieux objets avant qu'ils tombent entre de mauvaises mains.
Earthworm Jim - Special Edition (USA) (RE)	Earthworm Jim Special Edition est un jeu de plates-formes narrant les aventures d'un ver de terre dans un univers où humour et second degré sont les maîtres mots. Cette édition spéciale sur Mega CD est une reprise du premier opus avec des niveaux plus vastes, de nouvelles armes et des ennemis inédits.
Ecco - The Tides of Time (USA)	Ecco : The Tides of Time sur Mega-CD est la suite de la première aventure du courageux dauphin. L'océan est menacé par la Reine du Vortex et le cours du temps a été divisé en 2 futurs, l'un normal, et un autre où règnent les ténèbres instaurées par la Reine. Votre tâche consiste évidemment à rétablir le plus agréable des deux. La possibilité de se transformer en méduses ou en petits poissons-fourrage pour passer inaperçu a été ajoutée.
Ecco the Dolphin (USA)	Ecco the Dolphin sur Mega-CD est un jeu d'action qui a l'originalité de mettre le joueur aux commandes d'un dauphin. L'histoire débute lorsque Ecco assiste impuissant à la disparition de tout l'écosystème, emporté par une mystérieuse tempête. 25 niveaux durant, explorez les abîmes et résolvez de nombreuses énigmes afin de ramener le calme au sein de la crique.
Ecco the Dolphin CD (Japan) (Disc 1) (Ecco the Dolphin)	Ecco the Dolphin sur Mega-CD est un jeu d'action qui a l'originalité de mettre le joueur aux commandes d'un dauphin. L'histoire débute lorsque Ecco assiste impuissant à la disparition de tout l'écosystème, emporté par une mystérieuse tempête. 25 niveaux durant, explorez les abîmes et résolvez de nombreuses énigmes afin de ramener le calme au sein de la crique.
Egawa Suguru no Super League CD (Japan)	Egawa Suguru no Super League CD est le quatrième et dernièr jeu sur Sega 16-bit de la franchise Super League baseball, avec l'aval du commentateur de baseball Suguru Egawa, lanceur star pour les Yomiuri Giants de 1979 à 1987. Comme d'habitude, le jeu dispose d'une licence NPB Et comprend toutes les 12 équipes de la Ligue Pacifique et centrale de 1993, avec des équipes All-Star pour chaque ligue. Le gameplay est pratiquement inchangé par rapport aux précédentes versions, en utilisant la vue standard du receveur pour le batteur et le lanceur. Le jeu comprend les habituels modes &quot;Pennant Race&quot; et &quot;Exhibition match&quot;. Les nouveautés de cette version sont les ajouts d'un mode &quot;Home Run Contest&quot; et d'une base de données d'équipes. Outre Hyper Dunk de Konami, Super League CD est l'un des rares jeux commercialisés qui supporte jusqu'à huit joueurs avec l'utilisation de deux adaptateurs SegaTap.
ESPN Baseball Tonight (USA)	ESPN Baseball Tonight sur Mega CD est un jeu de base-ball développé en collaboration avec la chaîne télévisée ESPN. Ce jeu permet de se mettre aux manettes de l'une des équipes nationales américaines de base-ball lors de matchs amicaux, de tournois ou durant une saison de championnat.
ESPN National Hockey Night (USA)	ESPN National Hockey Night sur Mega CD est un jeu de Hockey proposant de contrôler l'intégralité des équipes américaines et canadiennes lors de rencontres amicales, de tournois ou durant une saison entière. La saison peut être composée de 29 ou 82 matchs et s'achève lors de matchs à élimination directe nommés Play offs.
ESPN NBA Hangtime '95 (USA)	NBA Hangtime sur Mega-CD est un jeu de basket-ball réalisé en partenariat avec la chaîne télévisée ESPN. Commenté par les voix de Brent Musberger and Stuart Scott, ce jeu permet de prendre les commandes de votre équipe américaine préférée lors des 82 matchs de saison régulière et, si vous avez le niveau, de disputer les play-off.
ESPN Sunday Night NFL (USA)	ESPN Sunday Night NFL a été l'un des nombreux jeux de football américains sortis dans la période. Il dispose de l'ensemble des 28 équipes officielles de la NFL et de leurs logos respectifs, mais ne dispose pas d'une licence de la NFLPA, donc le jeu ne contient pas de noms de joueurs réels. Il existe quatre modes de jeu différents: &quot;Playoffs&quot;, &quot;Single Game&quot;, &quot;Season&quot; et un autre mode de saison qui permet au joueur de jouer le calendrier de la saison 1994 de la NFL. Il bénéficie également de conditions météorologiques variables sur le terrain modifiant le comportement des joueurs, et dispose d'un mode de sauvegarde. Chris Berman, en plus de triompher fièrement sur la couverture du jeu, le commente également.
Eternal Champions - Challenge from the Dark Side (USA)	Challenge from the Dark Side, également appelé Eternal Champions 2, reprend le principe de l'original Eternal Champions : quelques guerriers ressuscités à la fin du monde pour un tournoi. Ce volet apporte de plus un autre guerrier, le Dark Champion (dont le but est de tuer le vainqueur du tournoi), ainsi que quelques nouveaux compétiteurs.
Eye of the Beholder (USA)	Eye of the Beholder sur Mega-CD est un jeu de rôle consistant en l'exploration de souterrains infestés de créatures maléfiques. Le scénario démarre alors que la ville d'Eauprofonde connaît des problèmes d'égouts infestés de créatures en tout genre. Le prince de la cité fait appel à quatre valeureux héros pour enquêter sur ce mystère. La progression du jeu consiste en l'exploration de souterrains de plus en plus profonds.
F1 Circus CD (Japan)	F1 Circus CD est un jeu de course F1 sorti sur Sega Mega-CD exclusivement au Japon. Il s'agit de la suite de F1 Circus MD, et il est le 9ème jeu de la série (multi-plateformes), sur un total de 12.
Fahrenheit (USA) (Disc 1) (Key Disc) (Sega CD)	Fahrenheit sur Mega-CD est un film interactif vous faisant incarner un pompier qui est muté dans une nouvelle escouade alors qu'il vient de sauver trois vies lors d'un incendie. Il vous faut donc faire vos preuves. Vous regardez les scènes du film interactif et décidez dans quelle direction le héros doit aller pour tenter de sauver le plus de vies possible.
Fatal Fury Special (USA)	Fatal Fury Special sur Mege CD est un jeu de baston en 2D, qui est une version améliorée de Fatal Fury 2. 16 personnages au style unique s'affrontent ici. Battez-vous dans des décors variables et maîtrisez le système de combo qui permet de vider la barre de vie adverse en un clin d'oeil.
FIFA International Soccer (USA) (En,Fr,De,Es)	FIFA International Soccer sur Mega-CD est une simulation de football. Premier titre de la série la plus vendue au monde, FIFA donne la possibilité à 1 ou 2 joueurs de prendre le contrôle d'équipes nationales et internationales lors de matches amicaux, de tournois ou de championnats. Privilégiant les courses et passes courtes, le jeu permet d'adopter une stratégie parmi 5 au choix afin de mieux contrer le jeu de l'adversaire.
FIFA International Soccer - Championship Edition (Europe) (En,Fr,De,Es)	FIFA International Soccer sur Mega-CD est une simulation de football. Premier titre de la série la plus vendue au monde, FIFA donne la possibilité à 1 ou 2 joueurs de prendre le contrôle d'équipes nationales et internationales lors de matches amicaux, de tournois ou de championnats. Privilégiant les courses et passes courtes, le jeu permet d'adopter une stratégie parmi 5 au choix afin de mieux contrer le jeu de l'adversaire.
Final Fight CD (USA)	Dans les années 1990, Metro City est rongée par le crime et la violence. Nouvellement élu maire, l'ancien catcheur professionnel Mike Haggar est décidé à éliminer les gangs qui font régner la terreur sur sa ville. Afin de l'en empêcher, Mad Gear, une puissante organisation criminelle, enlève sa fille Jessica et tente de le corrompre. Haggar n'étant pas si facilement impressionnable, il contacte alors Cody, le petit ami de Jessica, et Guy, tous deux rompus aux arts martiaux et au combat de rue. Les trois hommes décident de se faire justice eux-mêmes, et s'enfoncent dans les bas quartiers de Metro City à la recherche de Jessica. Chacun des protagonistes possède un style de combat différent.
Flashback (Europe) (Demo)	L'histoire débute en 2042 lorsque Conrad B. Hart prend connaissance d'un complot lié à l'existence d'extraterrestres hostiles disséminés parmi la population. Ces derniers le kidnappent mais Hart parvient à s'enfuir. Il est vite rattrapé et atterrit en catastrophe au coeur de la jungle de Titan, un satellite de Saturne. Le joueur doit braver les dangers de la jungle environnante et déjouer le complot en place. Bien qu'une grande partie du gameplay soit consacrée à courir, sauter et tirer sur des ennemis, le jeu comporte également un élément d'exploration considérable, ainsi qu'une partie de résolution d'énigmes. Le joueur fait naviguer Conrad à travers des structures de plates-formes, en effectuant différents mouvements. Il est possible de sauter, courir, grimper, s'accrocher aux rebords et de ramasser des objets ... Pour se défendre, Conrad peut tirer sur les ennemis avec son pistolet et utiliser divers objets pour les blesser ou les distraire.
Flashback - The Quest for Identity (USA)	L'histoire débute en 2042 lorsque Conrad B. Hart prend connaissance d'un complot lié à l'existence d'extraterrestres hostiles disséminés parmi la population. Ces derniers le kidnappent mais Hart parvient à s'enfuir. Il est vite rattrapé et atterrit en catastrophe au coeur de la jungle de Titan, un satellite de Saturne. Le joueur doit braver les dangers de la jungle environnante et déjouer le complot en place. Bien qu'une grande partie du gameplay soit consacrée à courir, sauter et tirer sur des ennemis, le jeu comporte également un élément d'exploration considérable, ainsi qu'une partie de résolution d'énigmes. Le joueur fait naviguer Conrad à travers des structures de plates-formes, en effectuant différents mouvements. Il est possible de sauter, courir, grimper, s'accrocher aux rebords et de ramasser des objets ... Pour se défendre, Conrad peut tirer sur les ennemis avec son pistolet et utiliser divers objets pour les blesser ou les distraire.
Flink (USA) (En,Fr,De,Es,Nl)	Flink sur Mega CD est un jeu de plates-formes se déroulant dans le monde fantastique d'Imagica. L'histoire débute lorsque les quatre anciens sont capturés par le diabolique Wainwright. Le joueur incarne Flink, un apprenti sorcier qui doit sauver les anciens et vaincre Wainwright. Pour ce faire, il peut faire usage de magie dès lors qu'il a accumulé une quantité suffisante de fioles rouges.
Formula One World Championship - Beyond the Limit (USA)	Formula One World Championship : Beyond the Limit est un jeu de courses de F1 sur Mega CD. Le joueur débute par une course sur un circuit de test et se voit attribué un contrat avec une écurie plus ou moins prestigieuse selon ses performances. Participez au championnat de 1993 à bord de l'une des voitures officielles et faites évoluer la carrière de votre pilote en fonction des résultats. Ce jeu est connu au Japon sous le nom de Heavenly Symphony.
Game no Kandume Vol. 1 (Japan)	Quand un éditeur est un peu en panne d'inspiration, il ressort des cartons des vieux jeux et là deux possibilités s'offrent à lui : soit il les met à jour graphiquement, soit il joue la carte de la nostalgie pour en faire une compilation. Visiblement c'est cette dernière option qui a été retenue pour ce titre. On retrouve les jeux :nn- Flicky : il faut réunir tous ses canetons pour finir le niveau à la manière d'un Wiz 'n Liznn- Hyper Marbles : (jeu aussi simple que prenant ) dans une arène, vous devrez être l'ultime survivant en poussant vos adversaires sur des surfaces électrisées ; vraiment sympa ! - Paddle Fighter : fameux jeu de hockey sur table, un régal qui testera vos réflexesnn- Pyramid Magic : un petit jeu d'archéologie à la manière d'un Rick Dangerous mais en beaucoup moins bien réussinn- Phantasy star 2 (Shilka's Adventure, Amia's Adventure, Huey's Adventure et Eusis's Adventure) : un jeu textuel réservé aux amateurs du genre
Game no Kandume Vol. 2 (Japan)	Game no Kanzume Vol. 2 , également connu sous le nom Sega Games Can Vol. 2, est une compilation de plusieurs jeux: 16 Ton Hero in the Sky Medal City Penguin Land Phantasy Star 2: Anne's Adventure Phantasy Star 2: Kind's Adventure Phantasy Star 2: Nei's Adventure Phantasy Star 2: Rudger's Adventure Putter Golf Robot Battler Shin no Mekyu (Fatal Labyrinth) Teddy Boy Blues
Garou Densetsu Special (Japan)	Fatal Fury Special sur Mege CD est un jeu de baston en 2D, qui est une version améliorée de Fatal Fury 2. 16 personnages au style unique s'affrontent ici. Battez-vous dans des décors variables et maîtrisez le système de combo qui permet de vider la barre de vie adverse en un clin d'oeil.
Gen'ei Toshi - Illusion City (Japan)	Genei Toshi: Illusion City est un port Mega CD du jeu MSX Turbo R du même nom. Le jeu se déroule à Hong Kong au cours de l'année 202X. Une invasion de démons a infecté tous les asiatiques, Hong Kong étant particulièrement touché. Finalement, les gens commencent à rentrer dans la ville pour constater qu'une société mystérieuse appelée SIVA a pris le contrôle de la ville. SIVA a déclaré que Hong Kong était un État indépendant, la Chine et le Royaume-Uni acceptant tous deux de devenir son nouvel État.
Ground Zero Texas (USA) (Disc 1)	Ground Zero Texas est un jeu de tir à la première personne sur Mega-CD. Des Aliens infiltrent les États-Unis à partir d'une petite ville endormie sur la frontière du Mexique afin d'ouvrir la voie à une plus grande invasion. Le gouvernement vous désigne - un technicien en armes à feu - pour suivre l'activité des Aliens dans la ville, et réagir pour protéger la vie des citoyens et de vos agents.
Gyuwambler Jiko Chuushinha 2 - Gekitou! Tokyo Mahjongland-hen (Japan)	Gambler Jiko Chuushinha 2 est un jeu de mahjong sortis au Japon sur la console Mega CD.Nouveaux personnages pour ce second épisode qui après être choisis s'opposeront sur une banale partie de mahjong.
Heart of the Alien - Out of This World Parts I and II (USA) (RE)	Heart of the Alien sur Mega CD est une aventure qui reprend le jeu Another World et lui ajoute une suite. Le scénario débute lorsque la foudre s'abat sur le laboratoire de Lester Chaykin, un jeune scientifique qui procède à des expériences. L'explosion le projetera dans un monde parallèle particulièrement hostile. Rapidement emprisonné par une espèce humanoïde, Lester fait la rencontre d'un compagnon de fortune.
Heavenly Symphony - Formula One World Championship 1993 (Japan)	Formula One World Championship : Beyond the Limit est un jeu de courses de F1 sur Mega CD. Le joueur débute par une course sur un circuit de test et se voit attribué un contrat avec une écurie plus ou moins prestigieuse selon ses performances. Participez au championnat de 1993 à bord de l'une des voitures officielles et faites évoluer la carrière de votre pilote en fonction des résultats. Ce jeu est connu au Japon sous le nom de Heavenly Symphony.
Heavy Nova (Japan)	Heavy Nova est un beat them all: Il y a deux modes de jeu, le mode un joueur (où l'on progresse tout en rencontrant des ennemis) et le mode deux joueurs (combat classique). On peut éviter les coups adverses en se baissant ou en sautant (alors que l'on recule pour parer et que l'on est vulnérable lors d'un saut dans beaucoup d'autres jeux de ce genre). De plus, si la barre d'endurance est trop basse, il est impossible de taper ou de se relever. Ce système a d'ailleurs été décrié par le Joueur du Grenier
Heimdall (USA)	Heimdall sur Mega CD est un jeu de rôle basé sur la mythologie nordique. Selon la légende, Heimdall est un demi-dieu gardant le royaume d'Asgard de toute forme d'intrusion. Alors que le Ragnarok approche, les armes de défense ont été dérobées par Loki, le Dieu de la malice. Retrouvez les armes éparpillées sur trois continents et défendez le royaume coûte que coûte.
Hook (USA)	Hook sur Mega CD est un jeu de plates-formes inspiré du film Hook : La Revanche du Capitaine Crochet. Le joueur incarne Peter Banning (Peter Pan adulte) et doit sauver ses enfants, kidnappés par le Capitaine Crochet. 11 niveaux durant, traversez villages, plaines et forêts et usez de vos pouvoirs spéciaux afin de rendre aux enfants leur liberté.
IIIrd World War, The (Japan)	Third World War sur Mega CD est un jeu de stratégie au tour par tour traitant une hypothétique troisième guerre mondiale au terme de la guerre froide. Le joueur se met aux commandes de l'une des grandes puissances mondiales et doit gérer l'économie, les armées, la démographie et faire des alliances stratégiques. Soyez le plus grand stratège et sortez victorieux du conflit qui se profile.
Iron Helix (USA)	Un navire de marine malhonnête, Jeremiah Obrian, menace de commencer une guerre. Un virus a effacé son équipage, mais la menace de son arme du diable &quot;Iron Helix&quot; est toujours là. Vous devez piloter à distance un robot scientifique non armé pour explorer le navire et déterminer comment détruire l'arme. Le jeu utilise des séquences interactives d'un quart d'écran pour afficher les intérieurs du navire. Le défi principal est qu'un dispositif de sécurité automatisé vous poursuit et doit être évité et finalement détruit. Un délai entre vos commandes et la réception de celles-ci par le robot vous oblige à accorder une attention particulière au drone de sécurité et à planifier vos actions avec plusieurs tours d'avance.
Ishii Hisaichi no Daiseikai (Japan)	Ishii Hisaichi no Daiseikai (le grand monde politique de Hisaichi Ishii) est un jeu de stratégie politique farouche basé sur les travaux du dessinateur cartoon Hisaichi Ishii. Le joueur prend le rôle d'un politicien en herbe qui doit rouler sa boose jusqu'à devenir le Premier ministre du Japon. Le jeu au travers de menus invite le joueur à choisir des actions pour chaque jour de progression, comme visiter un endroit spécifique ou rencontrer une personne particulière. Le but ultime est d'acquérir de l'expérience en résolvant les problèmes des citoyens, pour enfin gagner assez de popularité en faisant campagne - ou en utilisant des éléments pour faire basculer l'opinion publique en faveur du joueur - pour gagner le vote populaire.
Jaguar XJ220 (USA)	Jaguar XJ220 est un jeu de courses sur Mega-CD. Le soft est donc dédié exclusivement à cette célèbre voiture de luxe la XJ220. Toutes les courses sont précédées d'une phase de qualification. En fonction du classement, la récompense financière est plus ou moins élevée et vous permet, entre chaque course, de réparer les dégâts que la voiture a pu subir ou d'améliorer ses caractéristiques, techniques et son aérodynamique, à travers un menu d'upgrades très complet.
Jangou World Cup (Japan)	Jangou World Cup est une version numérique du mahjong, un jeu de table populaire, et fait partie de la longue série Jangou. Le mode principal est le mode dit Coupe du Monde, où un large éventail d'adversaires du monde entier, chacun avec leur propre style de jeu distinct, doit être battu. Le jeu inclut également un mode de jeu libre où le joueur peut faire un match avec n'importe lequel des adversaires informatiques disponibles. Une caractéristique particulière du jeu est qu'il sauvegarde les informations de jeu pour chaque joueur enregistré, et donne même la possibilité de jouer contre les &quot;versions informatisées&quot; d'autres joueurs en fonction de leurs enregistrements de jeu.
Jeopardy! (USA)	Basé sur l'émission télévisée de quiz du même nom. Ce jeu CD comporte des FMV du présentateur Alex Trebek et des concurrents, et des pistes audio numériques incluant le générique de l'émission et la voix du présentateur. Vous pouvez jouer en mode multijoueur ou contre l'ordinateur et pouvez sélectionner le nombre de participants, le sexe et l'apparence de votre propre concurrent. Il existe une plus grande base de données de questions que n'importe laquelle des versions cartouches du jeu, en raison de la capacité accrue du support CD par rapport aux supports cartouches de l'époque.
Joe Montana's NFL Football (USA)	Cette version améliorée de la série Joe Montana propose des modèles 3D et même des vidéos en full-motion de Joe Montana lui-même. Il porte une licence complète de la NFL avec les 28 équipes de l'époque avec leurs pseudonymes et logos respectifs, ainsi que 10 des plus grandes équipes du Super Bowl, incluant les 85 Bears, les 72 Dolphins, pour n'en citer que quelques-uns, que le joueur pourra tenter de défier pour le plus gros match de l'année. La vue est placée derrière le quaterback, avec des angles 3D, incluant quatre options de replay différentes dont une &quot;Cam Casque&quot;. Il comprend des voix numérisées et des vidéos dont celles de Joe Montana, personnage que le joueur peut consulter trois fois pendant une partie. Les modes de jeu habituels s'appliquent (Exhibition, ...) et un mode saison complète avec les séries éliminatoires et bien évidemment le Super Bowl.
Jurassic Park (USA) (RE)	Cette version Mega-CD de Jurassic Park diffère des autres. Il s'agit principalement d'un jeu d'aventure en point'n click se déroulant après les événements du premier film. Votre mission consiste à mettre la main sur douze oeufs de dinosaures. Un par espèce présente sur l'île. Quelques phases d'action interviennent au fil de la progression et mettront vos réflexes à rude épreuve.
Kamen Rider ZO (Japan)	The Masked Rider: Le Kamen Rider ZO, connu au Japon simplement sous le nom de Kamen Rider ZO (amen), est un jeu d'action pour le Mega-CD Sega. Il est basé sur le film de 1993 Kamen Rider ZO
Keio Flying Squadron (USA)	Keio Flying Squadron sur Mega CD est un shoot'em up. Le joueur incarne Rami Nana-Hikari, une jeune fille dont la famille est détentrice d'un trésor depuis des siècles. Avec l'aide de son Dragon, Rami doit récupérer ce trésor, dérobé par le Dr Pon. Le jeu regorge de bonus de tirs alternatifs dont des modules de soutien incarnés par des mini dragons, qu'il est possible de sacrifier en derniers recours grâce à la puissante attaque Kamikaze.
Keiou Yuugekitai (Japan)	Keio Flying Squadron sur Mega CD est un shoot'em up. Le joueur incarne Rami Nana-Hikari, une jeune fille dont la famille est détentrice d'un trésor depuis des siècles. Avec l'aide de son Dragon, Rami doit récupérer ce trésor, dérobé par le Dr Pon. Le jeu regorge de bonus de tirs alternatifs dont des modules de soutien incarnés par des mini dragons, qu'il est possible de sacrifier en derniers recours grâce à la puissante attaque Kamikaze.
Kids on Site (USA)	Rappelez-vous votre enfance, lorsque vous étiez fascinés par ces grandes machines sur les chantiers de construction. Avec ce jeu, vous avez la possibilité de les essayer! Vous pouvez utiliser soit l'excavatrice, le bulldozer, le rouleau compresseur ou encore la balle de démolition. Le contrôle des engins ne pouvait pas être plus facile, il n'y a que trois boutons : gauche, droite et action. Avec chaque machine, vous obtenez une tâche simple, par ex. Transporter trois pelles de terre sur un camion. Mais la chose amusante est que vous n'êtes pas restreint à cela et vous pouvez simplement vous balader... Pourquoi détruire une vieille maison lorsque la fosse septique est tellement plus tentante ? L'ensemble du jeu est présenté en FMV (full motion video) avec des réactions très humoristiques. Pour améliorer la motivation à long terme, il y a même plusieurs vidéos pour chaque action, par exemple, la première fois que vous brisez un bloc routier avec la pelle vous conduisez sur une autoroute, la deuxième fois dans un canyon, la troisième fois sur une montagne russe et ainsi de suite ...
Lawnmower Man, The (USA)	The Lawnmower Man est un jeu de plates-formes/action sur Mega-CD adapté du film du même nom (Le Cobaye en français). Un scientifique du nom de Dr. Lawrence conduit des expériences pour améliorer artificiellement l'intelligence de ses sujets. Cependant Jobe Smith, l'un de ses cobayes deviendra violent et obtiendra des pouvoirs de télékinésie. Son but : se venger. Les phases de plates-formes du jeu peuvent amener d'autres phases de jeu en vue à la première personne dans un monde en 3D.
Lethal Enforcers (USA)	Lethal Enforcers sur Mega CD est un jeu de tir à la première personne. L'action se déroule à Los Angeles et le joueur incarne un fonctionnaire appartenant au L.A.P.D. Il doit déjouer les plans de malfrats lors de courses-poursuites, d'attaques de banque, prises d'otages et autres scènes d'action tout en évitant de tirer sur ses collègues à képi et autres civils. Armé d'un six coups, le joueur peut parfois récupérer les armes plus efficaces des bandits.
Lethal Enforcers II - Gun Fighters (USA)	Lethal Enforcers 2 : Gun Fighers sur Mega CD est un jeu de tir se déroulant à l'époque du Far West. La campagne principale est composée de cinq niveaux retraçant des classiques du genre tels que l'attaque de banque, de train ou la fusillade au Saloon. L'objectif est toujours le même : faire taire de manière définitive les bandits à l'aide de votre six coups tout en évitant les civils. Lethal Enforcers 2 est jouable en solo ou à deux.
Lethal Enforcers II - The Western (Japan)	Lethal Enforcers 2 : Gun Fighers sur Mega CD est un jeu de tir se déroulant à l'époque du Far West. La campagne principale est composée de cinq niveaux retraçant des classiques du genre tels que l'attaque de banque, de train ou la fusillade au Saloon. L'objectif est toujours le même : faire taire de manière définitive les bandits à l'aide de votre six coups tout en évitant les civils. Lethal Enforcers 2 est jouable en solo ou à deux.
Links - The Challenge of Golf (USA)	Links: The Challenge of Golf est un jeu de golf pour le Sega Mega-CD sorti dans le cadre de la série Links. Il n'est sorti qu'en Amérique du Nord. Par rapport à la version PC, cette version comprend une vidéo animée et un commentateur, ainsi que des graphismes différents pour mieux s'adapter au Mega-CD. A l'instar des versions PC, cependant, le jeu manque de musique pendant la partie et les coups sont séparés par de longs temps de chargement.
Loadstar - The Legend of Tully Bodine (USA, Brazil)	Loadstar est un jeu de type rail-shooter, vous devez tirer sur des ennemis tout en naviguant avec votre vaisseau, tout comme le jeu Sewer Shark. Vous êtes réellement sur les rails dans ce jeu, vous voyagez dans un camion / train appelé Loadstar le long d'un réseau ferroviaire magnétique couvrant la lune. Si vous déplacez le curseur vers le bord de l'écran, vous risquez des sorties de pistes, des virages incorrects qui pourront soit vous tuer instantanément ou soit vous éloigner de la fin du niveau. Les indicateurs de direction et les points de repère lointains vous aident à rester dans la bonne direction, tandis que les accidents, les fermetures de pistes et les robots policier mettent tout en oeuvre pour vous empêcher de le faire. Vos armes &quot;taguent&quot; les ennemis et les force à exploser, ou peuvent taguer les tirs ennemis et les détourner.
Lords of Thunder (USA)	Lords of Thunder sur Mega CD est un shoot'em up. Le joueur incarne le dernier des chevaliers Drak, un guerrier volant aux grands pouvoirs qui doit traverser six continents pour éradiquer la menace de l'empire Garuda. Pour faciliter sa quête, le héros dispose de différents bonus (boucliers, bombes et armes) en amont de chaque niveau. L'acquisition se fait en magasin avec les gemmes gagnés en tuant les ennemis du niveau précédent.
Lunar - Eternal Blue (USA) (RE)	Lunar : Eternal Blue sur Mega CD est un jeu de rôle se déroulant 1000 années après le premier opus. Le joueur prend les commandes d'une équipe composée de trois combattants, le protagoniste principal Hiro, un chat volant nommé Ruby, et sa nouvelle amie Lucia. Tous trois partent à l'assaut du machiavélique &quot;destructeur&quot;. Chaque combattant possède ses propres spécificités. Les victoires augmentent l'expérience et permettent une évolution pour apprendre des attaques inédites.
Lunar - The Silver Star (USA)	Lunar : The Silver Star sur Mega CD est un jeu de rôle dans lequel on incarne Alex, un garçon qui rêve de devenir DragonMaster à l'instar de son idole, le légendaire Dyne. Avec ses amis Nall et Luna, le jeune homme se lance en quête des quatre dragons. Les combats se déroulent en tour par tour et chaque victoire permet au héros d'acquérir des points d'expérience, et par la même occasion de gagner de nouvelles attaques spéciales.
Mad Dog II - The Lost Gold (USA)	Mad Dog II : The Lost Gold sur Mega-CD est un jeu de tir à la première personne se déroulant au Far West. Entrez en plein coeur d'un film interactif et testez vos réflexes en tirant plus vite que votre ombre face aux gangsters, indiens, et autres ennemis. Enfin, retrouvez votre plus grand ennemi, Mad Dog pour un face-à-face qui promet d'être enflammé.
Mad Dog McCree (USA)	Mad Dog McCree sur Mega-CD est un jeu de tir se déroulant au Far-West. L'action consiste en un Western interactif dans lequel le joueur doit faire preuve de rapidité et ouvrir le feu plus vite que ses ennemis. Tout au long du jeu, soyez rapide, précis, et mettez fin au règne de terreur de l'infâme Mad Dog McCree.
Mahou no Shoujo - Silky Lip (Japan)	Magical Girl : Silky Lip est un jeu de réflexion sur Mega-CD. Plein de jolies filles vous accompagnent dans vos recherches pour résoudre des énigmes. Ces dernières sont variées et de plus en plus difficiles.
Make My Video - INXS (USA)	La série des Make My Video fut l'une des rares séries de jeu à destination du Mega-CD à réellement tirer profit de ce nouveau support. Il ne s'agit d'ailleurs pas à proprement parler d'un jeu tel qu'on l'imagine, mais plutôt d'un programme original réellement inclassable. Les Make My Video font certes appel très légèrement à vos réflexes ou plutôt, à votre présence d'esprit, mais l'élément qui sera le plus mis à contribution est votre sens artistique. Ben oui, avec Make my video, vous voilà promu réalisateur de vidéo-clip !
Make My Video - Kris Kross (USA)	Yo! Maintenant, vous avez le pouvoir de créer vos propres vidéos musicales pour le groupe hip-hop Kri Kross. Dans cette nouvelle expérience révolutionnaire de musique vidéo pour Sega CD, VJ arrive devant vous et vous dit exactement les types de vidéos qu'il recherche. Ensuite, c'est à vous de décider si vous les livrées. Vous avez le plein contrôle tout en sélectionnant, éditant, coupant vos séquences. Vous travaillez avec des centaines d'extraits de vidéos réelles, de films et de séquences vidéo inédites - tout cela synchronisé avec des effets spéciaux vertigineux et la musique la plus fraîche et la plus chaude de tous les temps. Obtenez la reconnaissance directement de Veejay lui-même. Si votre vidéo est assez bonne, vous passez au niveau suivant. Sinon ... bien, disons simplement que notre VJ s'en fiche un peu de vos hacks. Si vous avez besoin d'affiner votre travail, le mode d'édition vous permet d'éditer vos vidéos musicales à la perfection - tout comme les pros dans les studios. Et si vous voulez enregistrer votre travail, utilisez simplement votre magnétoscope !
Make My Video - Marky Mark and the Funky Bunch (USA)	Make My Video: Marky Mark and the Funky Bunch est un jeu vidéo en full motion video de montage multimédia sorti en 1992 sur Mega-CD. Le jeu a été développé par Digital Pictures puis édité par Sega of America.
Mansion of Hidden Souls (USA)	Yumemi Mystery Mansion sur Mega CD est un jeu d'aventure en vue à la première personne. Le joueur doit traverser une demeure emplie de mystères, à la recherche de sa soeur disparue. Ce titre est également connu sous les noms de Mansion of Hidden Souls et de Yumemi Yataki no Monogatari.
Marko's Magic Football (Europe) (En,Fr,De,Es)	Marko's Magic Football est un jeu de plates-formes sur Mega-CD. Vous contrôlez Marko, qui doit à tout prix arrêter le Colonel Brown qui transforme les gens en mutants. Armé de votre ballon magique, il faudra traverser tous les niveaux du jeu en faisant plusieurs tricks de football pour vous débarrasser de vos ennemis.
Mary Shelley's Frankenstein (USA)	Mary Shelley's Frankenstein est un jeu vidéo qui est basé sur le film de 1994 du même nom. Cette version inclut un jeu bonus: Bram Stoker's Dracula. Le joueur contrôle le monstre de Frankenstein alors qu'il ère dans les rues d'Ingolstadt, en Bavière, en 1793, cherchant à se venger d'un certain Victor pour l'avoir rejeter après l'avoir créé. Puisqu'il est un produit de fabrication artificielle, il est condamné et déclaré paria par les paysans et les soldats. Les gens ordinaires qui s'efforcent de tuer le monstre de Frankenstein sont très ignorants au sujet de la science moderne et croient qu'il est vraiment un démon. Le joueur utilise un bâton en bois pour repousser les ennemis. Le bâton que le monstre de Frankenstein porte peut être enflammé si il est balancé en direction du feu. Frankenstein a également une attaque supplémentaire; Une boule bleue d'énergie négative qui apparaît lorsque le joueur relâche le bouton. Les paysans dans le jeu peuvent soit être des hommes ou de femmes; Les soldats sont toujours des hommes. Les paysannes attaquent avec des pots tandis que les paysans mâles attaquent avec des armes de mêlée. Cependant, les soldats (habillés en rouge) attaquent le joueur avec des tirs de mousquets. Des puzzles simples impliquant des interrupteurs et des poulies doivent être résolus afin de progresser dans les niveaux.
Masked Rider, The - Kamen Rider ZO (USA)	The Masked Rider: Le Kamen Rider ZO, connu au Japon simplement sous le nom de Kamen Rider ZO (amen), est un jeu d'action pour le Mega-CD Sega. Il est basé sur le film de 1993 Kamen Rider ZO
Mega Schwarzschild (Japan)	Mega Schwarzschild est un portage modifié du jeu de stratégie Super Schwarzschild. Le système de combat a été repensé pour jouer en temps réel, plutôt que les escarmouches au tour par tour de la version PC Engine, mais les principaux éléments de stratégie et le scénario sont par ailleurs identiques à la version d'origine.
MegaRace (USA)	MegaRace sur Mega-CD est un jeu de courses futuriste où tous les coups sont permis pour arriver en tête. Le joueur choisit son bolide favori puis se lance dans une course effrénée dans les quatorze circuits du jeu répartis dans cinq environnements différents. Plusieurs armes sont accessibles et il est possible de ramasser des bonus le long du chemin. Le plus rapide et le plus féroce l'emportera.
Mickey Mania (Europe)	Mickey Mania (aussi appelé Mickey Mania : The Timeless Adventures of Mickey Mouse) sur Mega-CD est un jeu de plates-formes. Le joueur incarne Mickey Mouse dans sept niveaux inspirés des dessins animés les plus célèbres de son histoire.
Mickey Mania - The Timeless Adventures of Mickey Mouse (USA)	Mickey Mania (aussi appelé Mickey Mania : The Timeless Adventures of Mickey Mouse) sur Mega-CD est un jeu de plates-formes. Le joueur incarne Mickey Mouse dans sept niveaux inspirés des dessins animés les plus célèbres de son histoire.
Microcosm (USA)	Microcosm sur Mega-CD est un jeu d'action à la première personne qui se déroule dans un univers futuriste. En l'an 2051, deux compagnies se livrent une guerre sans merci pour le pouvoir suprême. Lorsque le président de l'une d'elle, Anton Korsby, se fait injecter un virus, le dernier recours est d'aller dans son corps pour détruire l'infection de l'intérieur. Le joueur devra retrouver son chemin tout en débarrassant les lieux des organismes malveillants et du virus qui domine le cerveau de Korsb
Midnight Raiders (USA)	Le jeu est principalement fait de FMV et de quick-time events. Vous incarnez Joker. Vous et votre équipe, Stryker, Sparks et Linus, obtenez l' ordre d'exécuter une mission top secrète. Malheureusement pour vous, la CIA ne veut pas de survivants. En volant des hélicoptères Apache AH-64, votre équipe débarque dans l'installation d'Al-Shakkur. Alors à pied, vous seul devez trouver et sauver un scientifique enlevé détenu quelque part à l'intérieure du complexe. Le professeur Victor Mensch détient (dans sa mémoire) la formule pour un nouveau gaz mortel. Tout repose entre vos mains. Mais attention! Les choses ne sont pas ce qu'elles semblent être...
Might and Magic III - Isles of Terra (Japan)	Might and Magic III : Isles of Terra est la suite de Might and Magic sur Mega-CD. Après avoir vaincu Sheltem dans le deuxième épisode, le groupe de six aventuriers constitué d'humains, nains, bêtes et elfes, devra aider Corak à exterminer Sheltem une fois pour toutes dans son propre monde appelé Terra. Le joueur dirige les six personnages en même temps et progresse dans les donjons remplis d'énigmes et d'informations à recueillir.
Mighty Morphin Power Rangers (USA)	Mighty Morphin Power Rangers sur Mega CD est un jeu de combat tiré de la série télévisée éponyme. Le joueur incarne l'un des combattants à culotte bariolée lors de combats contre les monstres de Rita. Au terme de l'affrontement, le monstre grandit. Une seconde phase débute alors où le joueur incarne Megazord.
Mortal Kombat (USA)	Battez vos adversaires pour défier le guerrier Shokan nommé Goro, champion du tournoi depuis plus de 500 ans. Adaptation du célébrissime jeu d'arcade, Mortal Kombat sur Mega-CD vous permet d'incarner 8 prétendants à la victoire finale, dont les protégés du seigneur Raiden, seuls remparts contre la menace qui pèse sur le Royaume de la Terre.
Mortal Kombat Kanzenban (Japan)	Battez vos adversaires pour défier le guerrier Shokan nommé Goro, champion du tournoi depuis plus de 500 ans. Adaptation du célébrissime jeu d'arcade, Mortal Kombat sur Mega-CD vous permet d'incarner 8 prétendants à la victoire finale, dont les protégés du seigneur Raiden, seuls remparts contre la menace qui pèse sur le Royaume de la Terre.
My Paint (USA)	My Paint : The Animated Paint Program sur Mega CD est un jeu de dessin et de coloriage. Deux modes sont proposés au joueur qui peut s'exprimer librement avec les options standards de la palette graphique (crayon, cercles, carrés, traits, spray...) ou se contenter de faire du remplissage en partant de dessins sans couleur. Le joueur peut également donner vie à ses chefs-d'oeuvre en les agrémentant d'icônes animées.
NBA Jam (USA)	NBA Jam sur Mega-CD est le premier jeu de basket à proposer de jouer avec des joueurs professionnels mais avec les règles de la rue. Les matches se disputent donc en deux contre deux et les fautes sont presque absentes. En revanche, les actions sont volontairement irréalistes, afin de pouvoir admirer ses stars de NBA préférées réaliser des dunks de plusieurs mètres de hauteur, tout en faisant des figures spectaculaires.
NFL Football Trivia Challenge (USA)	NFL Football Trivia Challenge est un jeu-questionnaire avec la licence de la Ligue nationale de football. Chaque joueur peut choisir son équipe préférée pour jouer avec. Les commentateurs TV Pat Summerall et Tom Bookshier décrivent diverses situations de jeu accompagnées de 1200 images et 300 clips en FMV. 1500 questions à choix multiples attendent une réponse dans le jeu. Pour chaque bonne réponse, le joueur gagne du métrage dans le jeu et augmente ses chances de marquer un point. Le joueur avec le plus de points après 60 questions remporte la partie. Il y a trois niveaux de difficulté différents pour jouer.
NFL's Greatest - San Francisco vs. Dallas 1978-1993 (USA)	Les plus grandes stars des &quot;Cowboys&quot; et des &quot;49ers&quot; des années 70, 80 et 90 en un seul jeu. Staubach, Dorsett, «Too Tall» Jones, Aikman, Irvin, Smith - incarnez ces joueurs et foulez le terrain contre Montana, Lott, Clark, Rice, Watters, Young - pour n'en nommer que quelques-uns! Vous choisissez le quarterback, &quot;call the plays&quot; - puis regardez l'action se dérouler en couleur TruVideo! Imaginez Tony Dorsett et Troy Aikman en milieu offensif, ou Steve Young frappant Dwight Clark avec un touchdown, ou &quot;Too Tall&quot; Jones poursuivant Young - c'est possible! 15 ans d'images réelles de football de la &quot;NFL Films Library&quot; avec le son et la technologie dernier cri de la Sega CD.
NHL '94 (USA)	NHL '94 est un jeu de hockey sur glace sur Mega-CD. Choisissez votre équipe favorite grâce à la licence officielle de la National Hockey League (saison 1993-1994) et faites-la entrer dans l'histoire. Trois modes de jeu sont disponibles : &quot;Regular Season&quot;, &quot;Playoffs&quot; et &quot;Shootout&quot; qui permet de s'entraîner aux tirs aux buts. De nouvelles animations ont été ajoutées et il est désormais possible de contrôler le gardien pendant le match.
NHL Hockey '94 (Europe)	NHL '94 est un jeu de hockey sur glace sur Mega-CD. Choisissez votre équipe favorite grâce à la licence officielle de la National Hockey League (saison 1993-1994) et faites-la entrer dans l'histoire. Trois modes de jeu sont disponibles : &quot;Regular Season&quot;, &quot;Playoffs&quot; et &quot;Shootout&quot; qui permet de s'entraîner aux tirs aux buts. De nouvelles animations ont été ajoutées et il est désormais possible de contrôler le gardien pendant le match.
Night Striker (Japan, Korea)	Voici l'adaptation de Night Striker, sorti d'abord en 1989 sur borne d'arcade et qui fit le bonheur des amateurs de tube shooter futuristes. Aux commandes de votre hovercraft, préparez-vous à affronter moult ennemis terrestres ou aériens avec bien sur les classiques boss en fin de niveaux. A l'instar d'un Darius vous pourrez aussi choisir votre chemin (deux possibilités) symbolisé par des lettres.
Night Trap (USA) (Disc 1)	Night Trap sur Mega-CD est un jeu d'aventure qui se déroule comme un film interactif. Le joueur incarne un agent du S.C.A.T. et doit protéger 5 jeunes filles d'une horde de vampires à l'intérieur d'une maison. Il faut tendre un maximum de pièges et surveiller en permanence l'action à l'aide des caméras de surveillance pour arrêter les buveurs de sang. De vrais acteurs sont présents pour les scènes cinématiques du jeu.
Ninja Warriors, The (Japan)	Le tyran Benglar se sert de son pouvoir pour laver le cerveau de tous ses prisonniers, et il semble désormais invincible. Cependant, la Résistance a trouvé une nouvelle arme, des machines capables de penser et de combattre : les Ninjas Warriors. Dans le beat'em all The Ninja Warriors sur Mega-CD, le joueur peut choisir parmi 3 héros : Ninja, Kunoichi ou Kamaitachi. Chacun se joue différemment et possède une super-attaque personnelle.
Nobunaga no Yabou - Haouden (Japan)	Nobunaga no Yabou: Haouden (&quot;L'ambition de Nobunaga: Le conte du conquérant&quot;) est un simulateur de stratégie de Koei et le cinquième de leur série phare &quot;Nobunaga's Ambition&quot; (simulations féodales de l'époque Sengoku). Une fois encore, le joueur assume l'un des daimyos, y compris Oda Nobunaga lui-même, et tente de s'emparer du reste du Japon.
Nostalgia 1907 - In North Atlantic Sea (Japan)	Nostalgia 1907 est un jeu d'aventure sorti sur Mega-CD et qui nous renvoie à l'époque des années 10, en 1907 très exactement, époque connue sous le nom de l'Age des Hommes. Le joueur doit explorer l'environnement de cette époque, tout en se plongeant dans l'histoire afin de résoudre l'intrigue proposée. Pas facile sachant que le jeu est uniquement disponible en japonais !
Novastorm (USA)	Novastorm sur Mega-CD est un shoot'em up spatial dans lequel le joueur pilote son vaisseau alors que la caméra est en vue de dos. Le but est de détruire tous les ennemis qui se présentent tout en évitant les différents obstacles de l'environnement.
Panic! (USA) (RE)	Panic ! (intitulé Switch ! au Japon) sur Mega CD est un jeu de réflexion à l'univers décalé. Un Virus informatique a corrompu l'intégralité du réseau mondial mais un programme appelé Panic a été créé pour contrer le virus. Le joueur incarne Slap, un garçon en charge de prendre les commandes du programme Panic et de remettre le réseau en ordre.
Pier Solar and the Great Architects - The Definitive Original Soundtrack (Europe) (Disc 4) (Enhanced Soundtrack Disc)	En utilisant l'extension Mega-CD/Sega CD pour le Mega Drive/Genesis, vous pouvez améliorer votre expérience de jeu sur Pier Solar grâce à la bande sonore hi-fi et aux effets sonores ambiants du disque optionnel Enhanced Soundtrack Disc, qui crée une atmosphère plus riche avec une plus grande intensité émotionnelle.
Pier Solar and the Great Architects Enhanced Soundtrack Disc (USA)	En utilisant l'extension Mega-CD/Sega CD pour le Mega Drive/Genesis, vous pouvez améliorer votre expérience de jeu sur Pier Solar grâce à la bande sonore hi-fi et aux effets sonores ambiants du disque optionnel Enhanced Soundtrack Disc, qui crée une atmosphère plus riche avec une plus grande intensité émotionnelle.
Pitfall - The Mayan Adventure (USA)	Pitfall sur Mega CD est un jeu de plates-formes. Le joueur incarne Pitfall Harry, un explorateur qui doit évoluer dans la jungle en évitant toutes sortes d'obstacles tels que sables mouvants, serpents, tapirs, singes, jaguars, etc. Il peut éviter les trous, sauter par dessus les obstacles, rebondir sur les toiles d'araignées, se balancer de liane en liane et attraper d'autres lianes élastiques qui lui permettent de monter verticalement.
Popful Mail (USA) (RE)	Popful Mail est un jeu d'action sur Mega-CD. Situé dans un monde fantastique, vous incarnez Popful Mail. Vous attrapez un criminel mais pas de chance celui-ci s'enfuit et vous ne pouvez réclamer aucune prime. Frustré, une fois de plus, vous prenez la route du prochain village, où vous vous rendez compte avec stupeur que votre propre tête est mise à prix. Afin d'échapper aux chasseurs de têtes, vous vous lancez dans une grande aventure.
PopfulMail (Japan)	Popful Mail est un jeu d'action sur Mega-CD. Situé dans un monde fantastique, vous incarnez Popful Mail. Vous attrapez un criminel mais pas de chance celui-ci s'enfuit et vous ne pouvez réclamer aucune prime. Frustré, une fois de plus, vous prenez la route du prochain village, où vous vous rendez compte avec stupeur que votre propre tête est mise à prix. Afin d'échapper aux chasseurs de têtes, vous vous lancez dans une grande aventure.
Power Factory (USA)	Dans Power Factory featuring C+C Music Factory, votre mission est de monter en temps réel trois clips pour le groupe C + C. Pour cela, vous verrez trois pistes vidéo défiler et vous devrez à la volée sélectionner la piste appropriée suivant la demande de votre patron. Il vous sera aussi possible d'ajouter des effets sur les images pour tenter de plaire à Clivillès et Cole.
Power Monger (USA)	PowerMonger est un jeu de stratégie sur Mega CD. Vous incarnez un seigneur qui a été dépossédé et devez tout faire pour reconquérir vos territoires d'antan. Il faudra guider votre peuple au mieux et vous développer dans différents domaines : économie, invention ou encore diplomatie. D'autres seigneurs sont présents sur la carte. A vous de les détruire ou de les prendre comme alliés.
PowerMonger (Europe)	PowerMonger est un jeu de stratégie sur Mega CD. Vous incarnez un seigneur qui a été dépossédé et devez tout faire pour reconquérir vos territoires d'antan. Il faudra guider votre peuple au mieux et vous développer dans différents domaines : économie, invention ou encore diplomatie. D'autres seigneurs sont présents sur la carte. A vous de les détruire ou de les prendre comme alliés.
Prince of Persia (USA)	Prince of Persia sur Mega CD est un jeu de plates-formes se déroulant dans le Moyen-Orient. Le joueur contrôle le Prince de Perse qui peut marcher, courir, se baisser, sauter, s'accrocher, et combattre à l'épée. Le but est de terminer tous les niveaux pour libérer la princesse dans le temps imparti, c'est-à-dire une heure. Chaque niveau consiste en un donjon de plus en plus grand et parsemé d'embûches (précipices, dalles se dérobant sous les pieds, pics sortant du sol).
Prize Fighter (USA) (Disc 1)	Prize Fighter est un jeu de boxe sur Mega-CD. Entraînez-vous, suivez une évolution progressive de votre personnage et devenez le meilleur boxeur de tous les temps. Le titre vous propose différents modes de jeu pour vous aguerrir et gagner de l'expérience pour vos combats. Faites les bons choix et les sacrifices nécessaires pour accéder à l'élite mondiale.
Pro Yakyuu Super League CD (Japan)	Pro Yakyuu Super League CD est un jeu de base-ball pour Mega-CD. Le titre vous permet de revivre toute la saison 91 grâce à une base de données regroupant toutes les équipes et tous les joueurs de cette année-là.
Psychic Detective Series Vol. 3 - Aya (Japan)	Un jeu de détective privé où il va falloir faire preuve de perspicacité et d'observation pour avancer dans sa quête. Vous serez amené à bavarder pour soutirer quelques indices, observer les pièces et les objets à la découverte de détails, ramasser et utiliser des instruments pour continuer l'aventure.
Psychic Detective Series Vol. 4 - Orgel (Japan)	Un jeu de détective privé où il va falloir faire preuve de perspicacité et d'observation pour avancer dans sa quête. Vous serez amené à bavarder pour soutirer quelques indices, observer les pièces et les objets à la découverte de détails, ramasser et utiliser des instruments pour continuer l'aventure.
Puggsy (USA)	Puggsy est un jeu de plates-formes sur Mega-CD combinant des séquences d'action et des énigmes. Le joueur contrôle une créature qui a écrasé son vaisseau spatial sur une planète inconnue. Puggsy doit donc explorer les différents environnements et trouver un vaisseau en état de marche pour être en mesure de rentrer chez lui.
Quiz Scramble Special (Japan) (Rev B)	Un vieux docteur fou a réussi à téléporter sa maison à l'autre bout de la planète, avec lui et sa fille à l'intérieur! Ils sont en sécurité, mais le téléporteur est complètement hors tension. Le téléporteur est alimenté par la connaissance, et le seul moyen de le recharger est de communiquer avec la faune locale et de répondre à leurs questions triviales!
Quiz Tonosama no Yabou (Japan)	Dans un Japon féodal divisé par la gouvernance des daimyo (seigneurs locaux) vous choisissez votre fief et partez affronter les autres seigneurs afin de prendre leurs territoires et ainsi régner sur tout le pays. Pour y parvenir vous devrez combattre avec votre tête ! Choisissez vos catégories (musique, animé, sport, etc...) et répondez aux questions, le vainqueur s'accaparera le comté du perdant. Un peu à la manière du jeu Risk, ce quizz fera travailler vos méninges pour prendre le contrôle total du Japon. Mais il y a un hic : c'est tout en japonais.
Racing Aces (USA)	Au terme de la Guerre Froide, les constructeurs d'avions de chasse inventent un nouveau sport : les grands prix aériens. Dans Racing Aces, le joueur prend alors les commandes d'avions des Première et Seconde Guerres mondiales ainsi que des chasseurs modernes dans des courses à basse altitude.
Radical Rex (USA)	Sauvez les dinosaures de l'extinction dans Radical Rex sur Mega-CD. Le sorcier Sethron a lancé un sort aux dinosaures afin qu'ils se battent entre eux jusqu'à leur disparition qui laissera place aux mammifères. Vous contrôlez Rex, un dinosaure qui tente de survivre à l'agressivité de ses copngénères, causée par le sort maléfique. Il peut se déplacer en skate et pour combattre, il crache du feu, donne des coups de poing et pousse un cri qui détruit tout à l'écran.
Ranma 1-2 - Byakuranaika (Japan)	Ranma 1/2 : White Orchid Serenade sur Mega-CD propose un roman vidéo avec une interaction du joueur basée sur le pierre-feuille-ciseau. Les combats se déroulent de la même manière puisque vous aurez à choisir entre trois propositions pour espérer vaincre votre adversaire.
RDF - Global Conflict (USA)	Utilisant une combinaison palpitante de rendu 3D et d'action de combat explosive, RDF: GLOBAL CONFLICT est une expérience multimédia interactive qui pousse le système Sega CD à ses limites! En tant que commandant de char du RDF (Rapid Deployment Force) - la Force de Déploiement Rapide d'élite - vous testerez votre aptitude au combat dans un monde virtuel réaliste, depuis la campagne déchirée par la guerre en Europe de l'Est jusqu'à la toundra désolée de l'Alaska! Mais attention! Un génie maléfique peut constituer une menace non seulement pour votre unité, mais pour toute l'humanité!
Record of Lodoss War (Japan)	Lodoss-tou Senki présente les aventures du protagoniste Parn, de son meilleur ami Etoh et de l'elfe Deedlit. Dans les systèmes d'exploration et de combat, il brise un paradigme en abandonnant la navigation libre sur la carte et les combats aléatoires au profit d'un parcours plus linéaire et d'affrontements prédéfinis.
Revenge of the Ninja (USA)	L'histoire a lieu au Japon, vous incarnez Hayate, un jeune guerrier ninja en devenir et prêt à arrêter le démon Lougi et son armée de goules et gobelins. Vous souhaitez venger la mort de votre père ainsi que l'empereur et sauver votre petite amie des griffes du démon et mettre fin à la terreur sur vos terres. Quelques-uns des ennemis que vous affrontez sont Marco Killmore (un demi-homme, demi guerrier samouraï d'aigle), Zallen (un guerrier samouraï déshonoré pour détruire Hayate), Vengor (un caractère de type Shiva de pierre), Desfal (une femme médusée) , Le Destructeur MPK (une collection possédée d'armure samouraï) et bien sûr le chevalier samouraï démon lui-même, Lougi. Pour jouer au jeu, vous devez réaliser des quick-time events à la manière de Dragon's Lair et Space Ace. Il ya trois niveaux de difficulté, chacun vous donnant un certain temps pour appuyer sur les boutons.
Revengers of Vengeance (USA)	Par l'introduction on est en droit d'attendre un RPG vu que tous les éléments de l'heroic fantasy sont réunis : châteaux, dragons, lutins, ogres, elfes, chevaliers... et bien pas du tout ! Ces personnages sont tous de valeureux combattants que vous devrez affronter en combat singulier. Dès que le combat commence, la déception nous gagne : les graphismes sont moyens mais passent encore, le plus gros défaut restant la jouabilité. En effet, l'animation est catastrophique, les déplacements et les coups sont d'une rare lenteur, les prises spéciales ne sortent vraiment pas facilement, bref tout ce qui peut gâcher le plaisir pour ce genre de jeu. Si l'idée de base partait d'un bon sentiment, le résultat est un échec, dommage car l'intro nous laissait présager de bons moments, tant pis !
Rise of the Dragon (USA)	Rise of the Dragon est un jeu d'aventure sur Mega-CD. Dans un univers à la Blade Runner, vous enquêtez sur un sombre virus qui fait muter les gens en d'horribles créatures, et les tue. Vous parcourez donc les rues à la recherche d'indices, et vous parlez à un grand nombre de personnes pour faire avancer votre enquête.
Rise of the Dragon - A Blade Hunter Mystery (Japan)	Rise of the Dragon est un jeu d'aventure sur Mega-CD. Dans un univers à la Blade Runner, vous enquêtez sur un sombre virus qui fait muter les gens en d'horribles créatures, et les tue. Vous parcourez donc les rues à la recherche d'indices, et vous parlez à un grand nombre de personnes pour faire avancer votre enquête.
Road Avenger (USA)	Road Avenger est un jeu de courses sur Mega-CD. Le titre se présente sous la forme d'un dessin animé interactif dans lequel vous devez appuyer au bon moment sur la bonne touche. Tout est histoire de vengeance... Vous incarnez un jeune homme dont la compagne a été tuée par un gang de chauffards. Vous partez donc à leur recherche et les traquez jusqu'à leur dernier souffle.
Road Blaster FX (Japan)	Road Avenger est un jeu de courses sur Mega-CD. Le titre se présente sous la forme d'un dessin animé interactif dans lequel vous devez appuyer au bon moment sur la bonne touche. Tout est histoire de vengeance... Vous incarnez un jeune homme dont la compagne a été tuée par un gang de chauffards. Vous partez donc à leur recherche et les traquez jusqu'à leur dernier souffle.
Road Rash (USA)	Road Rash sur Mega-CD est un jeu de motos qui sort des sentiers battus. Vous disputez des courses sur le continent américain, le plus souvent sur route, où vous avez la possibilité d'infliger les pires crasses à vos opposants. Les victoires vous rapporteront de l'argent qui vous permettra de vous payer une moto plus puissante.
Robo Aleste (USA)	Robo Aleste sur Mega-CD est un shoot'em up se déroulant dans le pays du soleil levant. L'histoire débute lorsque le clan Oda, ravagé par les seigneurs de guerre Chugoko, décide de prendre sa revanche grâce à une arme secrète. Le joueur dirige un robot de guerre dans ce shoot'em up où chaque niveau se ponctue par un affrontement face à un boss.
Samurai Shodown (USA) (RE)	Samurai Shodown est un jeu de combat se déroulant au XVIIIème siècle au Japon. Le titre intègre des modifications par rapport aux classiques du genre telles que l'utilisation d'armes blanches, un système de zoom ainsi qu'une jauge POW se remplissant au fil du combat et débloquant des attaques puissantes.
San Diego Zoo Presents... The Animals!, The (USA)	Ce &quot;jeu&quot; vous permet de voir et d'entendre plus de 200 mammifères exotiques mais aussi des oiseaux et des reptiles dans plus de 60 minutes de séquences vidéo. Des informations le plus complet à ce jour sur nos voisins les animaux en provenance des experts à la renommée mondiale du zoo de San Diego. Sur la carte, cliquez sur un habitat et vous avez instantanément les animaux qui vivent dans l'une des principales zones climatiques de la Terre, comprenant : les forêts tropicales, les déserts, la savanes, ou la toundra. Montez à bord de l'autobus multimédia pour une visite des espèces sauvages menacées.
Sangokushi III (Japan)	Romance of the Three Kingdoms III : Dragon of Destiny sur Mega-CD est un jeu de stratégie prenant place dans la Chine ancienne. Le but est de conquérir le plus de territoire possible pour devenir le nouvel empereur. Le système de jeu repose essentiellement sur des tableaux et des statistiques ainsi que sur des plans fixes pour la narration.
Secret of Monkey Island, The (USA) (RE)	The Secret of Monkey Island nous entraîne dans une grande aventure en compagnie de l'apprenti pirate Guybrush Threepwood. Au fil d'une histoire remplie d'humour et de situations cocasses, Guybrush devra notamment faire ses preuves dans un combat d'insultes avant de tenter de percer le mystère de la fameuse Ile aux Singes.
Sega Classic Arcade Collection - Limited Edition (Japan)	Sega Classics Arcade Collection 4-in-1 sur Mega CD est une compilation rassemblant quatre portages de jeux Megadrive : le puzzle-game Columns, le jeu d'action The Revenge of Shinobi et les beat'em all Golden Axe et Streets of Rage. En europe, seule la version 5-en-1 est sortie (incluant en plus Super Monaco GP), et le jeu a été renommé &quot;Sega Classics Arcade Collection Limited Edition&quot;.
Sega Classics Arcade Collection (USA) (5-in-1)	&quot;Sega Classics Arcade Collection 5-in-1&quot; sur Mega CD est une compilation rassemblant cinq portages de jeux Megadrive : le puzzle-game Columns, le jeu de course Super Monaco GP, le jeu d'action The Revenge of Shinobi et les beat'em all Golden Axe et Streets of Rage. Les jeux de ces compilations comportent des graphismes et des musiques améliorées par rapport aux versions originales.
Sega Classics Arcade Collection - Limited Edition (Europe) (Rev A)	&quot;Sega Classics Arcade Collection 5-in-1&quot; sur Mega CD est une compilation rassemblant cinq portages de jeux Megadrive : le puzzle-game Columns, le jeu de course Super Monaco GP, le jeu d'action The Revenge of Shinobi et les beat'em all Golden Axe et Streets of Rage. Les jeux de ces compilations comportent des graphismes et des musiques améliorées par rapport aux versions originales.
Seima Densetsu 3x3 Eyes (Japan, Korea)	3x3 Eyes : Seima Densetsu est un jeu de rôle sur Sega Mega-CD. Littéralement traduit &quot;La légende du démon divin&quot;, ce jeu commence avec la rencontre entre notre héroïne Pai avec Yakumo et suit fidèlement l'histoire de l'anime jusqu'à la confrontation finale. Les combats se déroulent en tour par tour avec un menu permettant de choisir les différentes attaques.
Seirei Shinseiki - Fhey Area (Japan)	Un RPG intéressant utilisant un look final fantasy pour l'environnement, mais l'écran de combat aurait pu être un peu plus intéressant. C'est le même écran encore et encore. Pas de changement de fond, seulement les monstres.
Sengoku Denshou (Japan)	Sengoku Denshou est le premier épisode d'une trilogie de beat'em-all. Jouable à deux, il met en scène deux combattants qui doivent se frayer un chemin à la force des poings et des pieds dans des niveaux qui alternent sans cesse entre des environnements urbains et un monde parallèle inspiré du moyen-âge japonais et de ses légendes folkloriques.
Sensible Soccer (Europe) (En,Fr,De,It)	La mouture European Champions de Sensible Soccer sur Mega-CD inclut les noms des joueurs présents en clubs européens lors de la saison 92/93. Vous pouvez aussi participer aux qualifications pour la Coupe du Monde 94. L'un des arguments majeurs du jeu à l'époque était la prise en compte des cartons.
Sewer Shark (USA)	Sewer Shark est un jeu de tir à la première personne sur Mega-CD. Dans le futur, les humains vivent dans des tunnels souterrains, mais malheureusement, ceux-ci sont infestés de ratigators (mi-rat, mi-alligator). Vous devez nettoyer cette vermine avec votre Shewer Shark, un petit vaisseau de combat.
Shadow of the Beast II (USA)	Shadow of the Beast 2 sur Mega CD est un jeu mêlant plates-formes, action et réflexion. Dans ce second opus, le héros est à la recherche de sa soeur, kidnappée par le mage Zelek. Pour la retrouver, il traverse les mondes de Karamoon et affronte toutes sortes de créatures (monstres, dragons...).
Shadow of the Beast II - Juushin no Jubaku (Japan)	Shadow of the Beast 2 sur Mega CD est un jeu mêlant plates-formes, action et réflexion. Dans ce second opus, le héros est à la recherche de sa soeur, kidnappée par le mage Zelek. Pour la retrouver, il traverse les mondes de Karamoon et affronte toutes sortes de créatures (monstres, dragons...).
Shadowrun (Japan)	Shadowrun sur Mega-CD est inspiré du jeu de rôle sur table du même nom. Bien qu'il en reprenne l'univers futuriste, le jeu vidéo diffère beaucoup de l'original. Vous contrôlez Jake qui se réveille avec une grave amnésie après une fusillade à Seattle en 2050. Vous allez découvrir en même temps que lui comment les Nains, les Orcs et les Humains cohabitent dans les grandes villes et apprendrez à survivre malgré les dangers qui vous attendent à chaque coin de rue.
Sherlock Holmes - Consulting Detective (USA)	Sherlock Holmes : Consulting Detective : Vol. I sur Mega-CD est un jeu d'aventure tiré du célèbre Roman d'Arthur Conan Doyle. Glissez-vous dans la peau du détective le plus célèbre de Scotland Yard et résolvez 3 affaires de meurtre à Londres. Elémentaire ? Pas tant que ça.
Sherlock Holmes - Consulting Detective - Vol. II (USA) (Disc 1)	Sherlock Holmes : Consulting Detective : Vol. II sur Mega-CD est un jeu d'aventure tiré du célèbre Roman d'Arthur Conan Doyle. Insérez-vous dans la peau du détective le plus célèbre de Scotland Yard et résolvez 3 affaires de meurtre à Londres. Elémentaire ? Pas tant que ça.
Shin Megami Tensei (Japan)	Shin Megami Tensei est la suite sur Mega-CD de la série de jeux de rôle sortie sous le nom Megami Tensei sur NES. Dans son rêve, un garçon fait la rencontre d'un esprit, de deux hommes mystérieux et d'une femme qui semble le connaître. Réveillé par sa mère avec qui il vit à Tokyo, il découvre que ce rêve est lié aux événements dramatiques que la Terre va connaître. Il apprend qu'il est alors le seul capable de sauver le monde, en devenant invocateur de démons.
Shining Force CD (USA) (3R)	Shining Force CD sur Mega-CD est un jeu de rôle tactique dans lequel vous dirigez une équipe de combattants devant lutter contre les Forces du Mal. Le jeu se décompose en deux parties : l'aventure, dans laquelle vous explorez la carte, vendez et achetez des objets et de l'équipement, puis les combats au tour par tour sur un terrain découpé en cases où chacune dispose de caractéristiques affectant le joueur ou l'ennemi.
Silpheed (USA)	Silpheed sur Mega CD est une suite du shoot-em-up du même nom sur ordinateur personnel. Le gameplay est similaire : il s'agit essentiellement d'un jeu de tir en 2D avec des graphismes en 3D. Le titre utilise des vidéos pré-rendues pour les arrière-plans, et des graphiques polygonaux pour le vaisseau du joueur et les ennemis. L'histoire ici est typique pour un jeu de ce type. Le système informatique central qui contrôle le réseau de la galaxie a été piraté par des terroristes. Les terroristes utilisent l'ordinateur pour attaquer les planètes coloniales du système. Vous êtes le dernier recours de la Galaxy Union : vous devez vous frayer un chemin à travers 11 étapes pour atteindre la Terre et reprendre le contrôle de l'ordinateur.
SimEarth (Japan)	Dans Sim Earth, vous créez une planète sur votre Mega-CD. Le jeu est basé sur l'Hypothèse Gaïa de James Lovelock qui dit que la Terre a développé un système d'autorégulation entre ses constituants vivants et non-vivants et les interactions extérieures. Il est possible de demander à la Terre ce qui est le mieux pour son évolution et varier sa masse, ses composants ou la température. Vous commencez à partir de quatre périodes différentes : géologique, évolution, civilisation et technologie.
Sing!! Sega Game Music Presented by B. B. Queens (Japan)	SING!! est un album de musique repris par le groupe pop japonais B.B.Queens. L'album a été arrangé par Masao Akashi et interprété par Yuko Tsubokura, Keiko Utoku, Yuichii Ikusawa, Maki Ohguro, Fusanosuke Kondou, Seiichiroh Kuribayashi et Keiji Katayama. Alors que l'on pense généralement qu'il n'y a pas de musique liée à Sonic, la chanson &quot;Funky Brothers&quot; est en fait tirée du jeu d'arcade inédit, SegaSonic Bros. qui était à l'époque encore en développement. La première &quot;piste&quot; est en fait une version spéciale du jeu Teddy Boy Blues pour le Mega-CD qui permet au joueur de choisir n'importe laquelle des pistes audio de l'album comme musique de fond pour le jeu.
Slam City with Scottie Pippen (USA) (Disc 1) (Fingers)	Slam City with Scottie Pippen est un jeu de basketball en FMV (vidéo interactive). Le gameplay est relativement simple, en utilisant un peu plus que des touches fléchées, et est très différent de toute autre simulation de basket-ball. Le basketball est simplement le sujet de l'intrigue du jeu, impliquant Ace (le joueur), et une foule d'autres personnages, des joueurs de basket-ball ou tout simplement des spectateurs, tous avec des personnalités différentes. Il s'agit essentiellement d'affronter des joueurs en un contre un dans une cour et &quot;grimper les échelles&quot; jusqu'à ce que vous gagnez assez de respect pour jouer contre Scottie Pippen. Le jeu dispose d'un total de 13 personnages, dont 5 avec qui le joueur a une option de jouer contre, et tous sont joués par des acteurs réels.
Smurfs, The (Europe) (En,Fr,De,Es,It)	Les Schtroumpfs sur Mega CD est un jeu de plates-formes inspiré de la bande dessinée du même nom. Le joueur incarne l'une de ces adorables créatures bleues et part libérer ses amis, emprisonnés par l'horrible Gargamel. 20 niveaux durant, frayez-vous un chemin dans des décors variés et fidèles à l'univers imaginé par Peyo.
Snatcher (USA)	Snatcher se déroule dans la ville futuriste de Neo Kobe, une ville de folie et de décadence. Nous sommes en 2047. L'humanité est confrontée à sa plus grave crise. Une mystérieuse forme de vie bio-roïde est apparue. Sa vraie nature et son but sont inconnus. Est-ce l'arme secrète d'un pays ou extraterrestre ? Ils apparaissent en hiver, tuent les gens et prennent leur place dans la société. Ils ont une peau artificielle, transpirent et saignent. Une nouvelle force de police, spécialement formée pour combattre les Snatchers, a été formée : les JUNKERs. Chaque fois que vous rencontrez quelqu'un, vous devez vous poser une question difficile : est-ce une personne ou un snatcher ? Le joueur prend le contrôle de Gillian Seed, un JUNKER. Le gameplay suit largement la structure d'une aventure de style japonais. Le joueur utilise une interface pilotée par des menus pour exécuter des commandes, ce qui inclut le déplacement entre les lieux et l'interaction avec l'environnement.
Software Toolworks' Star Wars Chess, The (USA)	Star Wars Chess est un jeu d'échecs où les pièces sont des personnages de l'univers Star Wars. Quand des pièces sont prises, une bataille animée est montrée, comme dans Battle Chess.
Sol-Feace (USA) (RE)	Sol-Feace est un shoot'em up sur Mega-CD comprenant six niveaux différents et plusieurs armes (balles au plasma, lasers ou encore missiles). Il est possible en cours de jeu de réaligner ses armes pour les faire tirer dans une autre direction.
Sonic CD (USA)	Sonic CD est un jeu de plates-formes sur Mega-CD. Il s'agit toujours de traverser les niveaux à toute vitesse en ramassant un maximum d'anneaux mais des adversaires de plus en plus coriaces viendront se frotter à notre héros.
Sonic the Hedgehog CD (Japan)	Sonic CD est un jeu de plates-formes sur Mega-CD. Il s'agit toujours de traverser les niveaux à toute vitesse en ramassant un maximum d'anneaux mais des adversaires de plus en plus coriaces viendront se frotter à notre héros.
SoulStar & Battlecorps (Europe) (Demo)	Soul Star est un shoot'em up sur Mega-CD qui vous entraîne dans plus de 40 missions à travers 6 planètes. Pas de pitié pour vos ennemis, seule votre survie compte.
SoulStar (USA)	Soul Star est un shoot'em up sur Mega-CD qui vous entraîne dans plus de 40 missions à travers 6 planètes. Pas de pitié pour vos ennemis, seule votre survie compte.
Space Ace (USA)	La petite amie de Ace, la belle Kimberley a été enlevée par l'infâme Borf qui a aussi pour ambition de réduire la Terre et ses occupants à l'état d'esclavage grâce à un rayon laser qui transforme tout ce qu'il touche en bébé. Le sauvetage du monde commence avec Space Ace sur Mega-CD, un dessin animé interactif basé sur vos réflexes.
Space Adventure, The - Cobra - The Legendary Bandit (USA)	Il s'agit de la suite d'un jeu japonais intitulé Cobra: Kokuryuuou no Densetsu sorti sur PC Engine CD en 1989, tous deux basés sur le manga et anime série Cobra (par Buichi Terasawa). Il a été l'un des derniers jeux à être publié pour la Sega CD en Amérique du Nord et en Europe. Le format du jeu est similaire à Snatcher tandis que l'intrigue est basé sur l'une des premières aventures de Cobra. Le joueur incarne le héros du manga Cobra, qui après avoir été dans un bar, apprend qu'une prime a été placée sur sa tête par la &quot;Galaxy Patrol&quot; et qu'il est traqué par un chasseur de primes nommé Jane Royal. Après avoir découvert que l'ennemi de Cobra Crystal Boy en a après un trésor caché par le père de Jane, dont le lieu est codé sous la forme de tatouages sur ses trois filles, Cobra et Jane s'accordent à unir leurs forces pour localiser ses s?urs et vaincre Crystal Boy.
Star Wars - Rebel Assault (USA)	Star Wars : Rebel Assault sur Mega-CD est un jeu d'action basé sur l'univers de La Guerre des Etoiles. Le joueur incarne Rookie one, un jeune fermier sur Tatooine qui vient de s'engager dans l'alliance rebelle et doit accomplir différents types de missions : destruction de vaisseaux, missions d'infiltration, etc.
Starblade (USA)	StarBlade sur Mega-CD est un jeu de tir vous mettant aux commandes d'un Geosword, un redoutable vaisseau spatial de combat. 10 missions durant, traversez la galaxie et réduisez en poussière la menace extraterrestre pour parvenir à rejoindre votre planète. Le joueur ne commande pas le vaisseau mais se contente de tirer sur tout ce qui bouge en suivant consciencieusement les conseils du wingman, son chef d'escadrille.
Stellar-Fire (USA)	La redoutable race de Draxon s'est imposé, reléguant la race humaine à un stade inférieur, souhaitant soit asservir les 10 milliards d'humains ou les éliminer complètement. En tant que dernier pilote survivant envoyé en mission pour contrecarrer les plans des Draxons, tout espoir repose sur vous. Envahissez chacune des lunes fortifiées en orbite autour du monde des Draxons d'Arctaurus et ensuite viser la planète mère elle-même. L'action se déroule dans votre vaisseau &quot;hovermorph&quot;. Dans l'introduction du jeu, celui-ci se révèle être un chasseur mortel. Quand il pénètre dans l'atmosphère de la lune et s'approche de la surface, l'hovermorph se transforme en un puissant hovership. Détruisez les ennemis Draxon, à la fois terrestres et aériens, à partir d'une perspective en première personne sur un champ de bataille polygonal en 3D.
Supreme Warrior (USA) (Disc 1) (Fire & Earth)	Supreme Warrior sur Mega-CD est un jeu de combat qui se présente comme un film interactif. L'histoire se déroule en Chine ancienne et votre rôle est de protéger un masque magique. Le maléfique Wang Tu désire s'en emparer et il faudra vous battre contre ses troupes en faisant attention au timing, avant de l'affronter en duel.
Surgical Strike (USA)	L'heure est grave, un déséquilibré s'amuse depuis quelque temps à tirer des roquettes contre des civils innocents. Les Nations Unies décident de contre-attaquer en envoyant leur arme ultime, un Hovercraft. Surgical Strike sur Mega CD est un jeu d'action vous mettant aux commandes de cet engin de guerre dernier cri pour réduire la menace terroriste à néant.
Switch (Japan)	Panic ! (intitulé Switch ! au Japon) sur Mega CD est un jeu de réflexion à l'univers décalé. Un Virus informatique a corrompu l'intégralité du réseau mondial mais un programme appelé Panic a été créé pour contrer le virus. Le joueur incarne Slap, un garçon en charge de prendre les commandes du programme Panic et de remettre le réseau en ordre.
Syndicate (Europe) (En,Fr,De)	Le jeu de stratégie Syndicate sur Mega-CD présente un univers futuristique dans lequel les grandes compagnies ne respectent aucune règle de moral pour couler la concurrence. Vous êtes le directeur marketing de l'une d'entre elles. Avec les hommes de mains que vous aurez engagez, vous devez imposer votre loi dans des missions d'infiltration et de sabotage à l'intérieur des bâtiments adverses.
Tenbu Mega CD Special (Japan)	Tenbu Mega CD Special est un jeu vidéo de stratégie au tour par tour sorti en 1992 sur Mega-CD.
Tenkafubu - Eiyuutachi no Houkou (Japan)	Tenkafubu : Eiyuutachi no Houkou sur Mega-CD se présente comme un film interactif. D'ailleurs, c'est l'un des premiers jeux Mega-CD à avoir utilisé l'insertion de séquences vidéo. Le titre vous emporte à l'époque des samouraïs.
Terminator, The (USA)	The Terminator sur Mega-CD est un jeu de plates-formes respectant fidèlement la trame du film du même nom. Vous incarnez Kyle Reese et devez sauver Sarah Connor du robot exterminateur. Chacun des niveaux retrace l'une des scènes les plus mémorables du film, en commençant par le combat contre l'ordinateur Skynet.
Theme Park (Europe) (En,Fr,De,Es)	Dans Theme Park, le joueur doit gérer son parc d'attraction. Pour le développer, il doit faire venir un maximum de visiteurs souhaitant un parc divertissant mais propre. Pour cela, il est possible de construire bon nombre d'attractions, allant du château gonflable aux montagnes russes ... Le joueur peut aussi construire des magasins comme des vendeurs de boissons, frites, glaces ... Il devra alors gérer les prix, les stocks et d'autres paramètres. La recherche de nouvelles attractions et de nouveaux commerces est possible en investissant dans les recherches. On peut également rechercher de nouveaux décors (arbres, fleurs) ou des infrastructures (poubelles, toilettes...). La gestion du personnel est également de la partie, il faudra recruter des mécaniciens, des agents de sécurité, des animateurs et des agents de propreté. La qualité de leur travail dépendra bien entendu de leur rémunération.
Third World War (USA)	Third World War sur Mega CD est un jeu de stratégie au tour par tour traitant une hypothétique troisième guerre mondiale au terme de la guerre froide. Le joueur se met aux commandes de l'une des grandes puissances mondiales et doit gérer l'économie, les armées, la démographie et faire des alliances stratégiques. Soyez le plus grand stratège et sortez victorieux du conflit qui se profile.
Thunder Storm FX (Japan)	Cobra Command est un shoot'em up sur Mega-CD. Vous êtes aux commandes d'un hélicoptère et au cours des différents niveaux, vous devez exterminer tous les ennemis qui fondent vers vous.
Thunderhawk (Europe) (En,Fr,De,Es) (RE)	Thunderhawk est un jeu d'action sur Mega-CD qui vous donne les commandes d'un hélicoptére de combat dans une série de six campagnes futuristes. La version originale comprend un total de 60 opérations aux objectifs variés. Avant de se lancer dans les airs, le joueur peut adapter à sa convenance l'arsenal embarqué. Le pilotage est technique et accessible, sans pour autant être aussi complexe que d'autres simulations de l'époque.
Time Gal (USA)	Time Gal est un jeu d'action sur Mega-CD. En l'an 4001, le perfide Cyber Amadeus a dérobé une machine à remonter le temps pour ainsi contrôler l'Histoire. Il a l'intention de s'en servir pour dominer le monde. Reika Kirishima, jolie jeune scientifique et héroïne de l'histoire, part en mission pour arrêter Cyber Amadeus. Son périple la mènera à travers plusieurs époques, où elle parcourra 16 niveaux.
TimeCop (Europe) (Demo)	Timecop est un jeu d'action vaguement basé sur le film du même nom. Il est sorti pour la Super Nintendo Entertainment System au début de 1995. Un portage amélioré pour le Sega Mega-CD était également en développement à un moment donné et aurait été achevé, mais annulé à la dernière minute en raison de la décision de son éditeur, JVC. Timecop a même été publié au public, bien que sous forme de démo dans le numéro 45 de Sega Pro CD. Timecop est à peu près le même que son cousin Super Nintendo, mais dispose d'une bande son audio CD et de scènes cinématiques supplémentaires. Bien que l'on puisse présumer qu'une sortie PAL était prévue (pour le milieu de 1995), on ne sait pas si Timecop aurait été publié pour le Mega-CD dans d'autres régions. Le jeu complet est sorti sur internet en 2007 par son programmeur, Jean Charles Meyrignac.
Tomcat Alley (USA)	Tomcat Alley est un jeu d'action sur Mega-CD. Dans sept missions, vous naviguez, effectuez des manoeuvres de défense et communiquez afin d'atteindre vos objectifs dans les airs à bord d'un avion de combat F-14 Tomcat.
Trivial Pursuit (USA)	Trivial Pursuit : Interactive Multimedia Game sur Mega-CD est la version multimédia du célèbre jeu de société. Pour fêter son arrivée dans l'univers vidéoludique, l'éditeur a utilisé des photos, des animations, des vidéos... pour proposer pas moins de 2000 questions.
Ultraverse Prime (USA)	Ultraverse Prime sur Mega CD est un beat'em all qui suit les aventures du jeune Kevin Green, capable de se transformer en super-héros adulte et surpuissant. Ultraverse Prime n'est jamais réellement sorti tout seul, il fut uniquement proposé en pack avec le jeu Microscosm sur la même machine.
Urusei Yatsura - Dear My Friends (Japan)	Urusei Yatsura : My Dear Friends sur Mega CD est un jeu d'aventure inspiré du manga intitulé Lamu en France. Le but du jeu est d'explorer les différents lieux, d'utiliser de manière cohérente les objets à disposition et de discuter avec les personnages afin d'avancer dans l'histoire.
Vay (USA)	Vay est l'histoire du prince Sandor de Lorath et sa quête pour venger l'assassinat de ses parents et sauver sa bien-aimée Lady Elin. Sur ce qui doit être le jour de leur mariage, le château de Lorath est assailli par les Danek, qui ont été en mesure de reconstruire partiellement la technologie mecha étrangère d'il ya un millénaire. Les défenses du château sont impuissantes contre les robots géants, et le roi et la reine sont tués dans l'attaque. Les envahisseurs kidnappent Elin au milieu de ses v?ux de mariage. Prince Sandor, maintenant le roi du royaume, se propose de sauver sa fiancée et de trouver un moyen de vaincre la terrible technologie étrangère. Le jeu est un «RPG de style japonais» à l'ancienne, ce qui signifie que l'objectif du jeu est de lutter contre des ennemis aléatoires dans des combats au tour par tour, en gagnant de l'expérience et de l'or au passage, sans aucun gadget supplémentaire. Les personnages ont des «classes» prédéfinies (magicien, barde, etc.) et apprennent leurs propres capacités / sorts magiques automatiquement au fur et à mesure qu'ils gagnent des niveaux.
Vay - Ryuusei no Yoroi (Japan)	Vay est l'histoire du prince Sandor de Lorath et sa quête pour venger l'assassinat de ses parents et sauver sa bien-aimée Lady Elin. Sur ce qui doit être le jour de leur mariage, le château de Lorath est assailli par les Danek, qui ont été en mesure de reconstruire partiellement la technologie mecha étrangère d'il ya un millénaire. Les défenses du château sont impuissantes contre les robots géants, et le roi et la reine sont tués dans l'attaque. Les envahisseurs kidnappent Elin au milieu de ses v?ux de mariage. Prince Sandor, maintenant le roi du royaume, se propose de sauver sa fiancée et de trouver un moyen de vaincre la terrible technologie étrangère. Le jeu est un «RPG de style japonais» à l'ancienne, ce qui signifie que l'objectif du jeu est de lutter contre des ennemis aléatoires dans des combats au tour par tour, en gagnant de l'expérience et de l'or au passage, sans aucun gadget supplémentaire. Les personnages ont des «classes» prédéfinies (magicien, barde, etc.) et apprennent leurs propres capacités / sorts magiques automatiquement au fur et à mesure qu'ils gagnent des niveaux.
Wakusei Woodstock - Funky Horror Band (Japan)	Wakusei Woodstock: Funky Horror Band est un RPG de 5 chapitres que l'on pourrait qualifier de &quot;RPG Musical&quot;. Le Funky Horror Band est un groupe de six musiciens extraterrestres qui propagent un message de paix et d'amour à travers les styles intemporels de la musique des années 80. Cependant, après ils sont chassés de leur planète d' Horahora, leur fusée s'écrase sur une autre planète, où un jeune garçon du village voisin de Funky trouve l'épave et la bande à l'intérieur. Ils doivent travailler ensemble pour réparer le vaisseau de la bande... et leurs instruments , bien sûr! Ce jeu s'apparente à des JRPG style Dragon Quest, mais il n'y a pas de système d'expérience ou de niveau, la customisation des personnages est limitée à changer l'équipement, et certaines histoires sont présentés comme des visuals novels.
Warau Salesman (Japan)	Warau Salesman est un jeu d'aventure tiré de la série télévisée éponyme. Le joueur incarne le protagoniste principal de la série et doit interagir avec les objets et personnages pour faire avancer la trame du scénario.
Wheel of Fortune (USA)	Wheel of Fortune sur Mega-CD n'est ni plus ni moins que l'adaptation de la célèbre émission télévisée &quot;La Roue de la Fortune&quot;. Le but du jeu est donc de deviner, lettre après lettre, la phrase ou le mot mystère. Plusieurs types d'éléments sont à deviner : phrase, personne, titre, etc. Vous pouvez jouer contre deux autres joueurs, ordinateurs ou humains.
Who Shot Johnny Rock (USA)	C'est les folles années 30 et quelqu'un a tué le chanteur populaire Johnny Rock dans ce jeu de gangster plein d'action. Le joueur devra naviguer dans les ruelles sombres, les salles de jeux, les salons funéraires et les bas fonds de la ville pour obtenir les indices détenus par un certain nombre de sombres personnages et résoudre ce mystérieux meurtre. Les bad guys aux mitrailleuses vous donneront du fil à retordre.
Wild Woody (USA)	Un aventurier nommé Dusty rentre chez lui avec un Totem enchanté. En raison d'un ensemble d'événements rares, les esprits du Totem ont été libérés et ils ont créé un univers parallèle bizarre qui peut dévorer le monde. Lowman, le « chef » du Totem, a besoin de « muscles », comme il l'appelle, pour les ramener. Il trouve un crayon sur le bureau et lui donne vie. Le crayon dit à Lowman de l'appeler Woody, WILLLLLLLLD Woody. Lowman explique ce qui est arrivé à ses frères Totem et maintenant Woody se rend dans l'univers parallèle, dimension par dimension, et rassemble les frères Totem de Lowman.
Wing Commander (USA)	Wing Commander sur Mega-CD est un jeu de combat spatial qui place le joueur au coeur d'un conflit mettant aux prises les hommes et les Kilrathis, créatures mi-humaines, mi-félines. Le joueur incarne un jeune pilote, tout juste sorti de l'académie, intégré dans la campagne Vega. Il existe différents types de vaisseaux, chacun possédant ses propres caractéristiques. Les missions se déroulent sous les ordres du Wingman, vaisseau allié qu'il est indispensable de préserver des attaques ennemies.
Winning Post (Japan)	Winning Post est une simulation de course hippique sur Mega-CD. Prenez votre fier destrier et amenez-le dans les compétitions les plus prestigieuses. Suez à grosses gouttes en assistant aux différentes courses et faites appel à votre sens des affaires dans la partie gestion que propose le titre.
WireHead (USA)	Wirehead sur Mega-CD est un film interactif où le joueur prend les décisions à la place du héros. Muni d'un implant cérébral, Ned Hubbard répond au doigt et à l'oeil à chacune des commandes indiquées. Recherché par le FBI pour son incroyable don, chacune des décisions prises par le joueur est cruciale car la vie du héros ne tient qu'à un fil.
Wolfchild (USA)	Wolfchild est un jeu d'action/plates-formes sur Mega CD qui vous met dans la peau de Saul Morrow, à la recherche de son père, un expert en génétique récemment enlevé. En exploitant les recherches de ce dernier, vous pouvez vous transformer en loup-garou à condition d'avoir trouvé suffisamment de capsules d'énergie dans le niveau. Cette transformation vous confère des pouvoirs spéciaux.
Wonder Dog (USA) (RE)	Wonder Dog est un jeu de plateforme à défilement latéral mettant en scène un chien doté d'une capacité de saut exceptionnelle et de puissants lanceurs d'étoiles. Wonder Dog a ces capacités car il n'est pas originaire de la Terre, mais de la planète K-9. Lorsque Wonder Dog était un chiot, les scientifiques de K-9 l'ont envoyé sur Terre pour échapper à l'invasion imminente de l'Armada Pitbully. Maintenant, armé du sérum miracle, Wonder Dog doit se frayer un chemin pour libérer K-9.
WonderMega Collection (Japan) (Rev 2)	Wondermega Collection était un CD fourni avec le matériel Wondermega de marque Victor au Japon, contenant quatre chansons karaoké CD + G et les jeux suivants: Paddle Fighter Flicky Pyramid Magic Quiz Scramble
World Cup USA '94 (USA) (En,Fr,De,Es,It,Nl,Pt,Sv)	World Cup USA 94 sur Mega CD est le jeu officiel de la Coupe du Monde de football 1994, à laquelle la France n'a pas participé. Qu'à cela ne tienne, vous pourrez changer le cours de l'histoire en tentant de qualifier les bleus, mais aussi nos amis Anglais, compagnons d'infortune en cette triste année. Bien que peu esthétique, le tacle est de rigueur dans ce jeu où il se révèle le moyen le plus efficace pour s'emparer du ballon.
WWF - Rage in the Cage (USA)	WWF Rage in the Cage sur Mega CD est un jeu de catch vous mettant aux prises avec des combattants officiels tels Randy Savage, Irs, Shawn Michaels et bien d'autres. Seul ou en équipe, réduisez votre adversaire en poussière grâce aux nombreuses techniques et coups spéciaux. En solo ou à deux, le jeu propose divers modes de combat dont un duel en cage, le vainqueur étant le premier parvenant à s'échapper.
WWF Mania Tour - WWF - Rage in the Cage (Japan)	WWF Rage in the Cage sur Mega CD est un jeu de catch vous mettant aux prises avec des combattants officiels tels Randy Savage, Irs, Shawn Michaels et bien d'autres. Seul ou en équipe, réduisez votre adversaire en poussière grâce aux nombreuses techniques et coups spéciaux. En solo ou à deux, le jeu propose divers modes de combat dont un duel en cage, le vainqueur étant le premier parvenant à s'échapper.
Yumemi Mystery Mansion (Europe) (Made in EU)	Yumemi Mystery Mansion sur Mega CD est un jeu d'aventure en vue à la première personne. Le joueur doit traverser une demeure emplie de mystères, à la recherche de sa soeur disparue. Ce titre est également connu sous les noms de Mansion of Hidden Souls et de Yumemi Yataki no Monogatari.
Yumemi Yakata no Monogatari (Japan)	Yumemi Mystery Mansion sur Mega CD est un jeu d'aventure en vue à la première personne. Le joueur doit traverser une demeure emplie de mystères, à la recherche de sa soeur disparue. Ce titre est également connu sous les noms de Mansion of Hidden Souls et de Yumemi Yataki no Monogatari.
Yumimi Mix (Japan)	Yumimi Mix est un Digital Comics sur Mega CD, autrement dit un dessin animé interactif où chaque décision prise par le joueur influe sur le déroulement de l'histoire. Le joueur suit les aventures d'une jeune écolière au Japon prénommée Yumimi au coeur d'un manga fantastique créé par Izumi Takemoto.
