#key	synopsis
3 Ninjas Kick Back (USA)	Devi aiutare un vecchio samurai a recuperare un pugnale che ha ricevuto una volta come premio per i suoi risultati nelle arti marziali. Il pugnale è stato rubato da qualcuno che invidiava il vecchio guerriero - ora non può dare questo premio ai guerrieri della prossima generazione. Scegli uno dei tre giovani ninja per aiutare il vecchio! Questo è un gioco platform tradizionale basato sul film 3 Ninjas Kick Back. Ognuno dei tre ninja ha armi e abilità uniche. Tutti e tre possono correre, schivare, gattonare, arrampicarsi, saltare e appendere alberi, corde, ecc. Incontrerai molti ostacoli e nemici, sia normali che simili a boss, che dovrai superare e sconfiggere.
A-Rank Thunder - Tanjou-hen (Japan)	Questo gioco di ruolo è uscito solo in Giappone, e per una buona ragione: è un tentativo di trasporre una serie Tokusatsu (genere X-Gold) in un videogioco! Incarniamo il giovane Tuono (?) che si sveglia in quello che sembra essere un complesso scientifico. Viene rapidamente avvicinato da un ragazzo sospettoso con un grande cappello, baffi e occhiali scuri. Inizia quindi una fase di dialogo completamente raddoppiato (così sarà per tutti i dialoghi importanti) in cui si è portati, in un dato momento, a scegliere un atteggiamento.
A-X-101 (USA) (RE)	Il gioco è uno sparatutto su rotaie, con il gameplay visto dalla prospettiva della cabina di pilotaggio in prima persona. La nave del giocatore si muove automaticamente attraverso lo spazio pre-renderizzato e gli ambienti planetari e solo il mirino di mira può essere spostato liberamente. Cannoni laser e testate a fusione sono disponibili per colpire i numerosi nemici. I laser hanno munizioni illimitate ma hanno bisogno di qualche istante per ricaricarsi. Le testate funzionano come bombe intelligenti e liberano lo schermo dai nemici, ma sono disponibili solo in quantità limitata. Vengono riforniti al raggiungimento di un determinato punteggio. Lo scudo energetico della nave funziona come una barra della vita.
Adventures of Batman and Robin, The (USA)	Avete mai sognato di guidare la Batmobile nel centro della città di Gotham e di volare con il Batplame nei cieli notturni? Beh, questa è la nostra occasione, riuscirà il dinamico duo a sfidare la micidiale bellezza di Poison Ivy, oppure sarà Jocker a ridere per ultimo? Il loro futuro e il desitino della città di Gotham è nelle vostre mani
Adventures of Willy Beamish, The (USA)	Le avventure di Willy Beamish è apparso su PC nel 1991 e l'anno successivo ha ricevuto una versione migliorata su CD per quella stessa piattaforma. Il porting per Sega CD si basa su quest'ultimo, con una trama che copre quattro giorni di vacanza estiva per Willy, un bambino medio di 8 anni che deve fare i conti con i suoi genitori, tate e bulli nelle situazioni quotidiane. Come per ogni punta e clicca, ci sono oggetti da ispezionare e enigmi che devono essere risolti. A causa dei lunghi caricamenti del CD Sega, in queste schermate è stato incluso un minigioco in cui il giocatore controlla alcune sfere.
After Armageddon Gaiden - Majuu Toushouden Eclipse (Japan)	La storia si svolge in futuro, centinaia di anni dopo l'estinzione dell'umanità a causa di un olocausto nucleare. I demoni ora sono i dominatori del pianeta, ma sono impegnati nella battaglia per il dominio della terra da parte di alcuni alieni / robot. Il gameplay è simile a Final Fantasy e quasi identico a Last Armageddon. Le battaglie sono a turni e, come in Last Armageddon, il blocco previene tutti i danni del nemico.
After Burner III (USA)	Quando entra in azione l'After Burner resti incollato alla poltrona:Sei solo contro il nemico, ma possiedi un eccezionale oggetto volante, il tuo F 14 Tomcat!
AH3 - Thunderstrike (USA)	Thunderhawk è un gioco d'azione su Mega-CD che ti dà il controllo di un elicottero da combattimento in una serie di sei campagne futuristiche. La versione originale include un totale di 60 operazioni con vari obiettivi. Prima di volare nel cielo, il giocatore può adattare l'arsenale imbarcato per adattarlo. Il pilotaggio è tecnico ma accessibile, senza essere complesso come altre simulazioni disponibili nel 1993.
Aisle Lord (Japan)	Aisle Lord è un gioco di ruolo sotterraneo in 3D nella tradizione dei giochi di ruolo occidentali come Wizardry e Might and Magic, anche se la storia e la progressione del personaggio sono molto più vicine ai giochi di ruolo in stile giapponese con un cast fisso che sale di livello automaticamente. L'intero gioco, comprese le città e gli interni degli edifici, è esplorato da una prospettiva 3D in terza persona; le singole stanze e le aree di transizione vengono esplorate in uno stile di gioco di avventura punta e clicca. Le battaglie si svolgono in modo semi-attivo, con il giocatore che impartisce comandi specifici a ciascun personaggio, che seguiranno fino a quando non gli verrà chiesto di fare diversamente.
Alshark (Japan)	Alshark è ambientato in un mondo futuristico in cui l'umanità ha conquistato lo spazio e portato la civiltà su molti pianeti. Interpreti come un ragazzino di nome Shion che vive insieme a suo padre. Un giorno, il padre della sua ragazza Shoko viene posseduto da una misteriosa forza del male e di conseguenza uccide il padre di Shion. Shion deve ora indagare su questa terribile vicenda e scoprire quale sia stata la forza oscura che l'ha portata. Il gioco è un tradizionale gioco di ruolo in stile giapponese (i tuoi personaggi salgono di livello, equipaggiano una varietà di armi e armature, partecipano a combattimenti a turni su un campo di battaglia limitato) con alcuni combattimenti spaziali (puoi acquistare vari gadget per potenziare la tua astronave, rendendo è più efficace in combattimento e più forte in diversi modi). La versione Turbo CD presenta una grafica e una voce fuori campo migliorate.
Amazing Spider-Man vs. The Kingpin, The (USA)	Entra in una rete viziosa di pericoli e disastri! Il re del crimine incastra Spiderman per aver piazzato una bomba a New York; e l'unica speranza di Spidey è trovare le chiavi della posizione della bomba prima che esploda. Aiuta Spiderman ad attaccarlo al Kingpin e alla sua orda di feroci assassini lungo la strada.
Android Assault - The Revenge of Bari-Arm (USA)	Lanciata dal pianeta alieno Zias, un'armata di androidi ha annientato la flotta spaziale convenzionale della Terra. Disperate e sconfitte, le Nazioni Unite della Terra non hanno altra scelta che contrattaccare con la propria macchina da combattimento vivente, Bari-Arm.
Annett Futatabi (Japan)	Annet Futatabi (Annet Again) su Mega-CD è l'episodio finale di una trilogia che include i giochi Earnest Evans e The Wind. A differenza dei suoi predecessori, Annet Futatabi non è più un gioco platform, ma un classico sparatutto. Interpreti come Annette, una ragazza con poteri magici molto potenti, e cerchi di salvare il mondo. Tutta una storia!
Aoki Ookami to Shiroki Mejika - Genchou Hishi (Japan)	Gengis Khan II: Clan of the Grey Wolf è un gioco di azione/strategia. All'inizio del gioco è possibile scegliere tra la conquista del mondo o la conquista mongola. Nella prima, devi conquistare tutti i paesi per costruire il mondo come desideri che sia. Nella seconda, interpreti il grande Temujin e devi unire tutte le piccole tribù della Mongolia.
Arcus I, II, III (Japan)	Combina i primi tre giochi della serie Arcus di Wolf Team; Arcus, Arcus II: Silent Symphony e Arcus III, originariamente pubblicati per computer giapponesi tra il 1988 e il 1991.
Arslan Senki (Japan)	È basato sui romanzi e sugli anime di Arslan Senki ed è stato pubblicato solo in Giappone.
AX-101 (Japan)	Il gioco è uno sparatutto su rotaie, con il gameplay visto dalla prospettiva della cabina di pilotaggio in prima persona. La nave del giocatore si muove automaticamente attraverso lo spazio pre-renderizzato e gli ambienti planetari e solo il mirino di mira può essere spostato liberamente. Cannoni laser e testate a fusione sono disponibili per colpire i numerosi nemici. I laser hanno munizioni illimitate ma hanno bisogno di qualche istante per ricaricarsi. Le testate funzionano come bombe intelligenti e liberano lo schermo dai nemici, ma sono disponibili solo in quantità limitata. Vengono riforniti al raggiungimento di un determinato punteggio. Lo scudo energetico della nave funziona come una barra della vita.
Bakuden - The Unbalanced Zone (Japan)	Il gioco inizia con un'introduzione pazzesca e una musica devastante prima di inventare un gioco in cui quattro personaggi, senza preavviso, rompono il muro della stanza di un povero ragazzo e tu sei proprio quel povero ragazzo... In questo gioco puoi esercitare azioni semplici come guardare, prendere, usare, parlare e avere descrizioni di oggetti. È pieno di umorismo ma ecco il problema, è tutto in giapponese, quindi è difficile capire la storia e le battute (a meno che tu non parli giapponese!)...
Bari-Arm (Japan)	Lanciata dal pianeta alieno Zias, un'armata di androidi ha annientato la flotta spaziale convenzionale della Terra. Disperate e sconfitte, le Nazioni Unite della Terra non hanno altra scelta che contrattaccare con la propria macchina da combattimento vivente, Bari-Arm.
Batman Returns (USA)	Il Pinguino e la banda del circo del triangolo rosso hanno Gotham City in una morsa mortale! Attenzione! Catwoman si aggira per le strade. È tempo di duellare con i famigerati teppisti di Gotham proprio come nel film di successo...
Battle Fantasy (Japan) (Rev A)	Revengers of Vengeance è una combinazione di RPG, sparatutto verticale e gioco di combattimento con uno stile fantasy/anime. Ci sono dieci personaggi disponibili, ognuno con il proprio retroscena animato e tecniche di combattimento. Devi scegliere un eroe e guidare le sue statistiche per creare un formidabile combattente in grado di abbattere il Re Diavolo e liberare la terra.
Battlecorps (USA)	Piazza il tuo corpo cibernetico nell'abitacolo della distruttiva bipede bi cannone macchina da guerra e fai piazza pulita in più di venti teatri di battaglia tridimensionale in un incredibile sparatutto tattico d'azione!
BC Racers (USA)	Millston Rockerfella, il milionario playboy delle caverne, organizza una corsa della bile Bc selvaggia e stravagante, il cui vincitore riceve l'ULTIMA BOULDERERDASH BIKE. Cool'n'crazy Cliff Ace ha i suoi occhiali da sole montati su una bici boulderdash da quando era alto al ginocchio per un bambino diplodocus, quindi si iscrive alla gara portando con sé la sua ragazza delle caverne Roxy! Unisciti a loro mentre sfrecciano e distruggono la loro strada su una moto da cross alimentata da dinosauri attraverso 32 manche ululanti in una folle corsa 3D a cartoni animati contro una schiera di corridori rocciosi!
Beast II (Europe)	In sostanza, un picchiaduro a scorrimento laterale, ma con una trama epica e puzzle. L'introduzione, ora un classico di Amiga, mostra il Mago Zelek che rapisce la sua sorellina e l'obiettivo del gioco è di salvarla. Lungo la strada, una varietà di enigmi, missioni secondarie e mostri davvero cattivi inseguono ogni tuo passo.
Bill Walsh College Football (USA)	Il gioco presenta 24 squadre di college football della stagione 1993 e 24 delle squadre universitarie di tutti i tempi dal 1978. Le modalità di gioco includono esibizione, playoff e playoff di tutti i tempi e la versione SNES ha anche una modalità stagione di undici settimane. Con il Campionato Nazionale. come obiettivo finale. Il playbook è composto da 56 giochi offensivi e 52 giochi difensivi. In attacco, i running back possono tuffarsi, girare e ostacolare. Inoltre, il passaggio viene gestito avendo i ricevitori nelle loro scatole finestrate. In difesa, i difensori possono tuffarsi verso il portatore di palla e alzare le mani per bloccare i calci o intercettare i passaggi. Il gioco presenta anche quattro condizioni meteorologiche (sereno, ventoso, pioggia e neve) e tre diverse lunghezze dei quarti (20, 40 e 60 minuti).
Black Hole Assault (Japan)	Secondo Blackhole Assault, il 22 ° secolo vede la tecnologia terrestre avanzare al punto in cui l'esplorazione dell'immediato sistema solare non è solo possibile, ma necessaria a causa dei limiti delle risorse. Gli esseri umani stanno tentando di raccogliere le risorse dell'intero sistema solare, ma hanno incontrato problemi da parte di invasori alieni. Spetta a una piccola forza umana che riconosce e comprende la minaccia di affrontare gli alieni a testa alta.
Blackhole Assault (USA)	Secondo Blackhole Assault, il 22 ° secolo vede la tecnologia terrestre avanzare al punto in cui l'esplorazione dell'immediato sistema solare non è solo possibile, ma necessaria a causa dei limiti delle risorse. Gli esseri umani stanno tentando di raccogliere le risorse dell'intero sistema solare, ma hanno incontrato problemi da parte di invasori alieni. Spetta a una piccola forza umana che riconosce e comprende la minaccia di affrontare gli alieni a testa alta.
Bloodshot (Europe) (En,Fr,De,Es)	L'anno è il 2049. Un'armata aliena assalta il Sistema Solare. Sei un eroe senza nome la cui missione è salire a bordo dell'incrociatore da battaglia principale del nemico e disabilitare tutti e sedici i suoi principali nodi plasma. Uno speciale chip Battle Frenzy (nome in codice Bloodshot) viene impiantato nella tua rete neurale, rendendoti l'unico soldato definitivo da cui l'intera umanità dipende ora. Questo è uno sparatutto in prima persona 3D. Ti muovi attraverso i corridoi labirintici della nave aliena, ottieni armi e oggetti e fai esplodere tutto ciò che incontri sulla tua strada. C'è anche una modalità a due giocatori con schermi divisi.
Bouncers (USA)	Gioco di basket arcade in cui TU sei la palla. Non puoi saltare abbastanza in alto da solo per passare attraverso il cerchio, quindi devi rimbalzare sugli altri giocatori. Ci sono otto personaggi tra cui scegliere, potenziamenti (e abbassamenti) che influenzano la velocità e la capacità di salto. I giochi possono trasformarsi in una sorta di combattimento, poiché i giocatori possono calciarsi a vicenda per far volare l'avversario. Con la pratica, puoi imparare a tirare tre punti e schiacciare te stesso nel canestro. I campi vanno da un campo cittadino standard a un campo lunare sottomarino e a bassa gravità.
Bram Stoker's Dracula (USA)	Dracula di Bram Stoker ti risucchia in un terrificante mondo di malvagità. E c'è solo un modo per sopravvivere. Uccidi il principe delle tenebre! Ma non sarà facile. Dalle fredde e oscure segrete del castello di Dracula alla brutale campagna della Transilvania, sarai in una lotta costante per la tua vita. Mentre il sole tramonta, il malvagio principe delle tenebre si alza e attacca come un pipistrello, un lupo feroce, persino un uomo anziano.
Brutal - Paws of Fury (USA)	In tutto il mondo sono stati consegnati gli inviti. Sotto l'occhio vigile del grande maestro Dall Liama. i più grandi artisti marziali del mondo sarebbero tornati in un posto che conoscevano bene... l'isola brutale. Ognuno utilizzerà il proprio stile e allenamento di arti marziali mentali e fisici, in un torneo per dimostrare al mondo un vero campione.
Burai - Yatsudama no Yuushi Densetsu (Japan)	Burai su Mega-CD è un gioco di ruolo nel mondo di Kypros, popolato da molte razze e divinità diverse che convivono in allegria e buon umore. Quando Lord Bido cerca di resuscitare Daar, l'oscuro dio, l'equilibrio di Kypros viene messo a dura prova. Secondo la profezia, otto eroi sono in grado di abbattere Bido. Il giocatore interpreta Gonza e Mamai durante la storia introduttiva: l'incontro tra gli eroi.
Cadillacs and Dinosaurs - The Second Cataclysm (USA, Brazil) (RE)	Benvenuti in un mondo impazzito. L'era Xenozoica, un mondo di 600 anni nel futuro in una disperata lotta per la sopravvivenza. Alimenta la tua Cadillac del '53 attraverso 9 livelli di pericolo post-apocalittico mentre Jack &quot;Cadillac&quot; Tenrec e Hannah Dundee corrono attraverso giungle insidiose piene di bracconieri, predatori e pericoli innaturali, per fermare il Secondo Cataclisma e ripristinare l'equilibrio naturale del pianeta.
Captain Tsubasa (Japan)	Captain Tsubasa per il MEGA CD è un gioco di calcio che segue lo stile della Tecmo Cup. Proprio come la versione giapponese della Tecmo Cup, si basa sulla serie anime che narrano le avventure del giovane Tsubasa, dai suoi esordi nella squadra di Nankatsu, fino alla fine del Campionato Nazionale, dove gareggerà contro il suo più grande rivale in la serie, Kojro Hyuga, protagonista del Meiwa. Durante le partite, vedrai un'animazione del giocatore che controlli e sotto di lui una mappa che indica le posizioni di tutti i giocatori in competizione, evidenziando la tua posizione. Se nessun rivale si presenta sulla tua strada, avrai totale libertà di avanzare verso l'obiettivo rivale e, quando lo trovi appropriato, interrompi il gioco per eseguire un'azione, quindi apparirà un menu che ti chiederà se lo desideri passare, sparare o fare una mossa speciale (a seconda di quanto è alto il tuo misuratore di forza).
CD Sonic the Hedgehog (Japan) (Beta) (1992-12-04)	Questo è un classico gioco d'azione a scorrimento laterale di Sonic the Hedgehog. Il Dr. Robotnik ha conquistato il Piccolo Pianeta, catturato Amy e creato Metal Sonic con l'obiettivo di raccogliere tutte le Time Stones per poter manipolare il tempo e conquistare il mondo. Spetta a Sonic fermarlo, sfrecciando attraverso livelli ambientati in periodi di tempo diversi, raccogliendo Time Stones. Sonic CD dispone di funzionalità che sfruttano il formato CD come CD audio, clip video e altri livelli (oltre 50 in totale).
Championship Soccer '94 (USA) (En,Fr,De,It)	Con un'ampia scelta di squadre tra cui scegliere, con 100 club europei e una grande varietà di squadre provenienti da vari paesi del mondo, Sensible Soccer (o Championship Soccer '94) ti consente di giocare amichevoli o partecipare a campionati o coppe, oltre come consentire la modifica dei club. La partita è vista da una prospettiva sopra il campo come se una telecamera aerea stesse sorvolando lo stadio. Questa versione si distingue dalle altre principalmente per presentare migliori effetti sonori grazie alla qualità del CD.
Chuck Rock (USA)	Chuck è arrabbiato e non ce la fa più! Quel masticatore di ghiaia, bassa forma di vita, anche per un uomo delle caverne, Gary Gritter, è fuggito con sua moglie Ofelia! Ora Chuck deve usare il suo fisico enorme per riconquistarla. In questa avventura ad alta potenza per Sega CD, Chuck si fa strada, puzza e si lancia rocce attraverso un'era glaciale, su un vulcano e in una palude.
Chuck Rock II - Son of Chuck (USA)	A diciotto mesi dalla vittoria su Gary Gritter, Chuck Rock è diventato il proprietario della Chuck Motors, una fabbrica di grande successo ed è diventato papà di Brick Jagger. Il suo terribile nemico ha rapito Chuck Rock, che rischia di essere tolto definitivamente dalla circolazione se qualcuno non lo salverà... Improvvisamente si sente un forte rumore, è Chuck Junior che è riuscito ad uscire dal box. Goo Goo Gaa Gaa, torno subito!
Cliffhanger (USA)	Cliffhanger ti sfida ad affrontare valanghe tonanti, scogliere ghiacciate e le vette da capogiro delle Montagne Rocciose mentre combatti un feroce gruppo di fuggitivi estremamente pericolosi ben armati. Basato sul film d'azione e d'avventura con le nocche bianche con protagonista Sylvester Stallone, resisterai per tutta la vita attraverso sette entusiasmanti livelli che richiedono tutta la tua forza e abilità solo per sopravvivere.
Cobra Command (USA)	Lanciati in un combattimento esplosivo con l'elicottero direttamente dal successo arcade! I missili a ricerca di calore del tuo Cobra e le mitragliatrici di grosso calibro sono le uniche armi nel tuo ultimo disperato assalto contro una minaccia militare omicida!
Colors of Modern Rock, The (USA)	The Colours of Modern Rock è una raccolta di sei video musicali che sono stati venduti e spediti da Sega solo per posta, rendendolo uno degli oggetti più rari nella libreria di CD di Sega. Inizialmente, era previsto di comporre una serie chiamata Virtual VCR, che aveva i titoli Prince and the N.P.G.: Diamonds and Pearls e March of Time cancellati prima dell'uscita. Tra le canzoni e gli artisti di questo pacchetto ci sono, rispettivamente: Donna Everywhere (Too Much Joy), Back Door Romeo (T-Ride), Outshine the Sun (The Belltower), Hooker (Xtra Large), To Be With You (Mr. Big) e non ne ho idea (Dramarama).
Compton's Interactive Encyclopedia (USA) (Version 2.00S)	L'Enciclopedia interattiva di Compton è, ovviamente, un'enciclopedia multimediale concessa in licenza dalla serie di enciclopedie a stampa di Compton, che sfoggia un impressionante numero di 34.000 soggetti, 5.000 immagini e 30 articoli video dell'American Library Accociation. Fa parte di una serie consistente iniziata presumibilmente nel 1989 e che ha avuto numerosi ingressi nel corso degli anni '90; una possibile relazione tra questo prodotto Mega-CD e il prodotto CD-i del 1992 dal titolo simile è sconosciuta. Esiste una &quot;versione 2.10&quot;; le differenze sono sconosciute.
Corpse Killer (USA)	Corpse Killer è un video sparatutto in full motion. Interpreti come un soldato delle forze speciali d'élite, che si paracaduta su una remota isola tropicale. Sembra che il genio del male Dr. Hellman abbia trovato un modo per resuscitare i morti e abbia creato un'isola di zombi. Sta a te farti strada attraverso le orde di non morti e fermare il dottor Hellman. Il gioco si gioca da una prospettiva in prima persona. Vari zombi compaiono davanti a uno sfondo video e li abbatti spostando un cursore sullo schermo o usando una pistola leggera. La versione Saturn ha alcune caratteristiche diverse tra cui potenziamenti extra e filmati aggiuntivi dei nemici.
Cosmic Fantasy Stories (Japan)	Cosmic Fantasy Stories è una riedizione di due giochi su CD per PC Engine (TurboGrafx): Cosmic Fantasy: Bōken Shōnen Yū e Cosmic Fantasy 2. L'edizione Sega CD presenta grafica e musica migliorate (il cambiamento è particolarmente evidente nel primo Cosmic Fantasy). Rinnova anche il sistema di gioco del primo gioco, consentendo ai personaggi precedentemente passivi di partecipare alle battaglie, ma anche aumentando la quantità di nemici incontrati nelle battaglie. I livelli di difficoltà sono stati modificati; in particolare, le battaglie con i boss sono diventate notevolmente più facili nella prima puntata. Molte aree sono state ridisegnate, diventando spesso più complesse.
Crime Patrol (USA)	Questo thriller d'azione dal vivo a più livelli sfida il giocatore a progredire attraverso i ranghi della polizia combattendo una varietà di elementi criminali. Da principiante, il giocatore affronta membri di gang, rapinatori armati e altri criminali di strada.
Cyborg 009 (Japan)	Cyborg 009 è un gioco platform su Mega Cd che racconta la storia di 9 adolescenti di tutto il mondo, rapiti dall'organizzazione criminale Black Ghost per trasformarli in cyborg. Con l'aiuto del dottor Isaac Gilmore, i 9 adolescenti riescono a fuggire e decidono di intraprendere una feroce lotta contro il loro creatore.
Daihoushinden (Japan)	A dire il vero, in occidente non si sa molto di questo gioco. La trama apparentemente coinvolge un esercito invasore e l'eroe che deve affrontare i problemi che sorgono. Il gioco è molto pesante, quindi anche con una sorta di guida alla traduzione, giocare è un compito arduo. Anche il combattimento è molto duro, quindi solo i più accaniti continueranno a giocare. Tuttavia, presenta musica di qualità e le caratteristiche del gioco, hai indovinato, scene animate. Neanche il gioco in sé è troppo malandato da guardare. Si gioca come un JRPG standard a turni.
Dark Wizard (USA)	Questi sono tempi epici per la gente del Cheshire. Il regno di Quentin è l'ultima roccaforte in al of Cheshire contro le forze dell'oscurità. Ma il re di Quentin è stato ucciso in battaglia. Cheshire ha un disperato bisogno di un successore che si faccia avanti e guidi i guerrieri della luce contro le forze dell'oscurità e alla fine contro lo stesso mago oscuro. Se fallisci, l'oscurità dominerà il Cheshire - per sempre!
Dark Wizard - Yomigaerishi Yami no Madoushi (Japan)	Questi sono tempi epici per la gente del Cheshire. Il regno di Quentin è l'ultima roccaforte in al of Cheshire contro le forze dell'oscurità. Ma il re di Quentin è stato ucciso in battaglia. Cheshire ha un disperato bisogno di un successore che si faccia avanti e guidi i guerrieri della luce contro le forze dell'oscurità e alla fine contro lo stesso mago oscuro. Se fallisci, l'oscurità dominerà il Cheshire - per sempre!
Death Bringer (Japan)	Death Bringer su Mega CD è un gioco di ruolo FPS (gioco di ruolo in prima persona) nel mondo di Mezron. La storia inizia con la resurrezione del malvagio Azazael, alla ricerca di cinque pietre preziose che conferiscono grandi poteri. Il giocatore interpreta un avventuriero che cerca di fermare Azazael nella sua ricerca.
Demolition Man (USA)	Due uomini entrano nel futuro, portando con sé i valori di un passato brutale. Un poliziotto. Un criminale. Una missione: distruggere prima l'altro uomo! Sei John Spartan, appena scongelato dalla Cryo-prigione di San Angeles . Armato di fucili, magnum, pistole e granate, da' la caccia Simon Phoenix attraverso 10 livelli esplosivi.
Dennin Aleste - Nobunaga and His Ninja Force (Japan)	Un'alleanza di potenti signori feudali sta tramando per distruggere il tuo sovrano, Nobunaga. Dipende da te e da Robo Aleste riuscire a fermarli.
Detonator Orgun (Japan)	In fuga dalla sua stessa razza, Orgun - un essere alieno con abilità sovrumane e armi ultraterrene - viaggia sulla Terra per trovare una risposta alla sua origine. Lì, si lega a un giovane di nome Tomoru per difendere la Terra dagli Evoluder, che non cercano altro che la distruzione di altre civiltà.
Devastator (Japan)	Ryo inizia a lavorare per un'azienda chiamata Yaesu in sostituzione del suo amico Masato. Durante un giro di prova con una nuova macchina, tuttavia, viene in qualche modo catapultato in un'altra dimensione. Dopo essere stato salvato lì da un gruppo di piloti di mecha da creature vili di nome Devastators, scopre che persone malvagie stanno lavorando su una connessione tra quella e la sua stessa dimensione e si propone di fermarli.
Double Switch (USA)	Puoi aiutarlo, se ne hai il coraggio. Prova a catturare alcuni degli sconosciuti stranieri intorno a questa vecchia casa di cattivo gusto. Eddie dice di intrappolare questo o quello. Ti senti fortunato? vero?
Dracula Unleashed (USA) (Disc 1)	Dracula Unleashed combina la qualità di un film di Hollywood, un mistero impegnativo da risolvere e una nuova svolta sulla leggenda di Dracula. Dieci anni dopo gli eventi descritti nel romanzo originale di Bram Stoker, Alexander Morris, un ricco americano, è arrivato in Inghilterra per scoprire le vere circostanze della misteriosa morte di suo fratello.
Dragon's Lair (USA)	Armato di spada e di coraggio, conduci Dirk l'impavido attraverso l'oscuro castello incantato nella sua ricerca per salvare la principessa Daphne dalle grinfie di Singe, il malvagio drago!
Dune (USA) (En,Fr,De,Es,It)	Anno 10.191 Questo universo non è il nostro, ma quello descritto nei romanzi di fantascienza della serie Dune, dei classici che hanno fatto vincere al loro autore, Frank Herbert i premi più prestigiosi della letteratura fantascientifica. Questa versione CD contiene delle conversazioni interattive con oltre 30 minuti di dialoghi e più di mezz'ora di filmati digitalizzati tratti dal film di David Linch.
Dungeon Explorer (USA)	Imprigionata nel profondo dei labirinti sotto la torre oscura, la bellissima dea dell'ambizione esaudirà un desiderio a chiunque la salvi. Innumerevoli guerrieri sono entrati nel dungeon, ma nessuno è tornato. Se cerchi la dea, vedrai mai più la luce del giorno.
Dungeon Master II - Skullkeep (USA) (RE3)	Castle Skullkeep ti aspetta... Immergiti nella più vasta avventura 3D mai stampata per il Mega CD. Nei vasti terreni di Castle Skullkeep, i pezzi di Zo link sono nascosti. Tu e un gruppo selezionato dovete impedire alle forze del male di acquisire la loro potente tecnologia in un viaggio in un gioco di ruolo con una profondità che non avete mai sperimentato, ma che avete sempre desiderato!
Dynamic Country Club (Japan)	Dynamic Country Club è un gioco di golf arcade del 1991 di Sega pubblicato su hardware Sega System 24. Esistono entrambe le versioni del gioco basate su floppy disk e ROM board. Il gioco si presenta in un'ambientazione pseudo-3D a la T&E Soft golf games come Pebble Beach Golf Links dove lo schermo si ridisegna lentamente a determinati intervalli nel tuo swing. È stato prodotto un gioco con lo stesso nome per il Sega Mega-CD, ma pubblicato solo in Giappone. Non è noto se questo sia lo stesso gioco o meno.
Earnest Evans (Japan)	La storia del gioco è collegata a quella di El Viento. Earnest Evans è un coraggioso cacciatore di tesori. Suo nonno era un famoso archeologo che negli anni '30 cercò tre idoli leggendari. Si diceva che quegli idoli avrebbero potuto portare disastri sulla Terra se caduti nelle mani sbagliate. Ma nonostante i suoi sforzi, non riuscì mai a trovare nemmeno uno degli idoli. Ora tocca al nipote continuare il suo lavoro, cinquant'anni dopo. Ma il malvagio leader del sindacato Brady Tressider ha i suoi piani e farà di tutto per fermare Earnest...
Earthworm Jim - Special Edition (USA) (RE)	Questa edizione speciale comprende un sistema basato sull' uso di parole d'ordine, un nuovo mondo e nuovi luoghi misteriosi, una nuova arma, e più di 1000 nuovi frame di animazione. Colonna sonora di qualità CD tutta nuova, finali completamente nuovi in due dei mondi. Tutte le idee e le funzioni speciali che la Shiny non è riuscita ad infilare nella cartuccia sono in questa edizione speciale.
Ecco - The Tides of Time (USA)	Ecco è più veloce, più potente ma è avvolto dal pericolo! Lo spietato Vortice ha mandato in frantumi il mentore di Eco, la mistica Asterite. Ecco e Trellia, uno straordinario delfino del futuro, deve attraversare 100 milioni di anni di tempo per ripristinare l'Asterite e salvare la vita sulla Terra! * Ecco si trasforma! Ariete una metasfera per diventare un potente squalo! Trasformati in un gabbiano e vola! Supera in sicurezza i pericoli come una medusa! * Oltre 40 livelli di spettacolare avventura acquatica. Più 5 fasi di impegnativi viaggi 3D attraverso vasti oceani! * Tocca i glifi video per rivelare l'affascinante storia animata al computer della ricerca di Ecco per trovare la sua famiglia. # Lo stereo all'avanguardia QSound ti immerge in autentiche canzoni di delfini e balene!
Ecco the Dolphin (USA)	Aiutate il delfino Ecco ad attraversare un magico ecosistema marino e a ritrovare i suoi amici.
Ecco the Dolphin CD (Japan) (Disc 1) (Ecco the Dolphin)	Aiutate il delfino Ecco ad attraversare un magico ecosistema marino e a ritrovare i suoi amici.
Egawa Suguru no Super League CD (Japan)	Egawa Suguru no Super League CD è la quarta e ultima entrata nel franchise di baseball della Super League a 16 bit di Sega, con l'approvazione del commentatore di baseball Suguru Egawa, lanciatore stellare degli Yomiuri Giants dal 1979 al 1987. Come al solito, il gioco presenta un NPB licenza e include tutte le 12 squadre della Pacific e della Central League con i roster completi del 1993, insieme alle squadre All-Star per ogni lega. Il gameplay è sostanzialmente invariato rispetto alle puntate precedenti, utilizzando la visuale standard del ricevitore sia per la battuta che per il lancio. Il gioco include le consuete modalità di gara Pennant Race ed Exhibition. Novità in questa versione sono le aggiunte di una modalità Home Run Contest e un database di squadra.
ESPN Baseball Tonight (USA)	Approvato da ESPN, una famosa rete televisiva via cavo specializzata in trasmissioni sportive, ESPN Baseball Tonight prende il nome dal programma televisivo del canale che mostra la vita quotidiana delle Major League ed è stato trasmesso dal 1990. Puoi scegliere tra 28 squadre della lega professionistica , intitolato a diverse scene FMV che danno al titolo un tono più coinvolgente. D'altra parte, non presenta una grafica troppo semplice per un'epoca in cui gli altri giochi sulla console avevano già una grafica di gran lunga superiore a quella vista in questo titolo.
ESPN National Hockey Night (USA)	ESPN National Hockey Night è stato uno dei tanti giochi di hockey rilasciati nel corso della giornata. Questo presentava tutte le squadre NHL per il suo tempo, ma mancava di una licenza ufficiale per i giocatori. Aveva quattro modalità di gioco tra cui scegliere: Esibizione, Sfida, Playoff e Stagione. Il gioco presenta anche una prospettiva orizzontale e verticale del ghiaccio, una batteria di riserva per salvare i progressi e presenta anche la voce di Bill Clement per il commento play-by-play.
ESPN NBA Hangtime '95 (USA)	NBA HAngtime '95 lo porta al canestro con il massimo dell'azione 2 contro 2 a metà campo. Scegli tra 81 dei giocatori più in voga della NBA da tutte le 27 squadre. Le speciali combinazioni di pulsanti ti consentono di scatenare fantastiche mosse del giocatore: schiacciate potenti a due mani di Hakeem Olajuwon, schiacciate inverse di Chris Webber, mosse rotanti di Scottie Pippen e altro ancora! Quindi, per qualcosa di completamente diverso, gioca alla modalità ESPN 2-on-2 World Tour con giocatori di streetball di tutto il mondo. NBA Hangtime '95, tutto il resto è solo pratica.
ESPN Sunday Night NFL (USA)	ESPN Sunday Night NFL è stato uno dei tanti giochi di calcio rilasciati nel corso della giornata. Presenta tutte le 28 squadre ufficiali della NFL e i rispettivi loghi, ma non presenta una licenza della NFLPA, quindi non ci sono nomi di giocatori reali nel gioco. Ci sono quattro diverse modalità di gioco tra cui scegliere: Playoff, Single Game, Season e un'altra modalità stagionale che consente al giocatore di recitare il programma della stagione NFL 1994. Aveva anche condizioni meteorologiche variabili a cui i giocatori in campo avrebbero reagito e una batteria di backup per salvare le partite. C'era anche Chris Berman, che non solo ha abbellito la copertina, ma ha anche commentato.
Eternal Champions - Challenge from the Dark Side (USA)	Come il prequel, il gioco segue lo stesso schema tranne che per ciò che accade dopo. Quello che segue è una riproduzione esatta della trama visualizzata nell'opzione &quot;Informazioni di accesso&quot; nel menu principale del gioco
Eye of the Beholder (USA)	Schiera i tuoi migliori guerrieri e penetra nei sinistri cunicoli scavati sotto Deepwater. Soltanto le tue doti di leadership potranno permetterti di condurre i tuoi uomini di fronte a &quot;colui che osserva&quot; sfidando orde di scheletri armati di asce.
F1 Circus CD (Japan)	Successore di F1 Circus MD, pubblicato per Mega Drive nel 1991, F1 Circus CD, presenta il mondo veloce e competitivo delle corse di Formula 1. il tuo nome, sesso, data di nascita, gruppo sanguigno e nazionalità. Anche gli aspetti visivi sono personalizzabili, come la forma della testa, del naso e della bocca, il colore degli occhi e dei capelli. Tra le modalità, la più interessante è F-1 World Championship, che ti mette in lizza per il titolo mondiale della stagione.
Fahrenheit (USA) (Disc 1) (Key Disc) (Sega CD)	La gente è ancora viva lì dentro! Ma non dureranno a lungo se non li salvi! leader i vigili del fuoco della Compagnia 13 nell'incendio, devi trovare le vittime intrappolate all'interno e uscirne vive! Denso di fumo e quasi 1.000 gradi vicino al soffitto, c'è pericolo intorno a tutti gira! Apri la porta sbagliata e sei tostato, per trovare le vittime, devi prendere decisioni fulminee, superare i pericoli, attraversare le porte con la motosega ed esplorare passaggi segreti, il tutto prima che l'ossigeno si esaurisca!, Tre diverse sfide: una casa avvolta dalle fiamme, un hotel in fiamme con 112 camere e un'enorme sula universitaria intrappolata da un fisico nucleare impazzito.
Fatal Fury Special (USA)	LA FURIA ARRIVA A CASA Confezione dello stesso marchio di combattimenti uno contro uno senza restrizioni, l'azione che ti ha lasciato inchiodato nella sala giochi, Fatal Fury Special ti lancia per strada con 15 dei più grandi combattenti del mondo, inclusi tutti i boss che abbiano mai visto in una schermata di Fatal Fury. E se questo, ragazzi non vi colpisce, più colori e l'animazione migliorata sicuramente lo farà. Abbiamo anche riportato la velocità di gioco fulminea e il &quot;ben riposato&quot; Geese Howard. Quindi, se è la pietà che stai cercando, torna ai giochi con cartucce
FIFA International Soccer (USA) (En,Fr,De,Es)	.Gameplay più veloce .Avversari computerizzati più forti .16 nuove squadre .Opzioni più estese - 8 nuove modalità di gioco segrete .Oltre 150 videoclip in full motion
FIFA International Soccer - Championship Edition (Europe) (En,Fr,De,Es)	.Gameplay più veloce .Avversari computerizzati più forti .16 nuove squadre .Opzioni più estese - 8 nuove modalità di gioco segrete .Oltre 150 videoclip in full motion
Final Fight CD (USA)	Negli anni '90, Metro City è piena di crimini e violenze. Appena eletto sindaco, l'ex wrestler professionista Mike Haggar è determinato a eliminare le bande che stanno portando il terrore nella sua città. Per fermarlo, Mad Gear, una potente organizzazione criminale, rapisce sua figlia Jessica e cerca di corromperlo. Haggar non si lascia impressionare facilmente e contatta Cody, il ragazzo di Jessica, e Guy, entrambi esperti di arti marziali e combattimenti di strada. I tre uomini decidono di farsi giustizia da soli e di addentrarsi nei bassifondi di Metro City alla ricerca di Jessica. Ciascuno dei protagonisti ha uno stile di combattimento diverso.
Flashback (Europe) (Demo)	Flashback, noto negli Stati Uniti come Flashback: The Quest for Identity, è senza dubbio il più grande lavoro di Delphine Software. Le versioni basate su CD tendono a includere filmati video in full motion e una colonna sonora musicale migliorata, ma sono essenzialmente lo stesso gioco. L'anno è il 2142. Giochi nei panni di Conrad B. Hart, un uomo che ha perso la memoria. Dopo essere scappata a malapena da alieni ostili, la moto di Conrad si schianta su un pianeta sconosciuto. Conrad si ritrova nella giungla, e da ora in poi la sua ricerca per la sopravvivenza.
Flashback - The Quest for Identity (USA)	Flashback, noto negli Stati Uniti come Flashback: The Quest for Identity, è senza dubbio il più grande lavoro di Delphine Software. Le versioni basate su CD tendono a includere filmati video in full motion e una colonna sonora musicale migliorata, ma sono essenzialmente lo stesso gioco. L'anno è il 2142. Giochi nei panni di Conrad B. Hart, un uomo che ha perso la memoria. Dopo essere scappata a malapena da alieni ostili, la moto di Conrad si schianta su un pianeta sconosciuto. Conrad si ritrova nella giungla, e da ora in poi la sua ricerca per la sopravvivenza.
Flink (USA) (En,Fr,De,Es,Nl)	Il disastro colpisce l'isola di lmagica e Wicked Wainwright ha preso il sopravvento! Ha rapito i quattro leader dell'isola, li ha separati e li ha tenuti sotto gli occhi vigili dei Demoni Guardiani. Eccitato grazie al suo ritrovato controllo, è assolutamente impazzito! Sta gettando nuvole scure di fumo sulla terra, portando un clima sgradevole e molta tristezza alla gente di lmagica. In preda al panico, gli isolani nominano Flink, un apprendista mago, per sfidare Wicked Wainwright e per costringere i Demoni Guardiani a rilasciare i leader dell'isola. Individua i leader, unisci i loro poteri e aiuta a rendere Flink il mago a tutti gli effetti che ha sempre desiderato essere! CARATTERISTICHE: • 6 stili grafici con oltre 55 livelli. • Miscelazione incantesimi guidata da menu con 13 incantesimi. • Testo in inglese, francese. tedesco, olandese o spagnolo. • Modalità pratica con continue illimitate (nessun accesso ai livelli finali in questa modalità).
Formula One World Championship - Beyond the Limit (USA)	Prodotto in partnership tra Fuji Television e Sega, Formula One World Championship è stato sviluppato da un team interno di quest'ultima. Una squadra diversa da quella che ha prodotto i due titoli della serie Super Monaco GP. Nonostante abbia coinvolto tutti i piloti della stagione 1993 di Formula 1, il gioco lascia fuori Ayrton Senna per motivi di licenza. L'esperienza immersiva è arricchita da diverse clip in esecuzione che provengono direttamente dagli archivi Fuji TV. Il giocatore continuerà a ricevere istruzioni dalla sua squadra all'interno della cabina dell'auto.
Game no Kandume Vol. 1 (Japan)	Game on Kanzume Vol. 1 è una raccolta di giochi rilasciati per MegaNet, in cui il Sega Mega Modem era collegato a Mega Drive e questo permetteva al giocatore di competere con altri online. Il primo volume di questa raccolta presentava i seguenti titoli: Flicky, Hyper Marbles, Paddle Fighter, Phantasy Star II: Amia's Adventure, Phantasy Star II: Huey's Adventure, Phantasy Star II: Shilka's Adventure, Phantasy Star II: Yushis's Adventure, Pyramid Magic, Pyramid Magic II, Pyramid Magic III e Pyramid Magic Special. Tutti i giochi relativi a Phantasy Star II sono avventure testuali, in cui l'interazione avviene attraverso i menu.
Game no Kandume Vol. 2 (Japan)	Il secondo volume della serie Sega Games Can raccoglie altri dodici titoli esclusivi Meganet su un disco, e di nuovo è confezionato in un barattolo di latta: 16t Aworg: Hero in the Sky Fatal Labyrinth Ikasuze! Koi no Doki Doki Penguin Land MD Medal City Phantasy Star II: Anne's Adventure Phantasy Star II: Kinds's Adventure Phantasy Star II: Nei's Adventure Phantasy Star II: Rudger's Adventure Putter Golf Robot Battler Teddy Boy Blues Come con il primo volume, tutti i giochi includono musica su CD appena arrangiata, ma sono comunque identici alle versioni originali di Meganet.
Garou Densetsu Special (Japan)	LA FURIA ARRIVA A CASA Confezione dello stesso marchio di combattimenti uno contro uno senza restrizioni, l'azione che ti ha lasciato inchiodato nella sala giochi, Fatal Fury Special ti lancia per strada con 15 dei più grandi combattenti del mondo, inclusi tutti i boss che abbiano mai visto in una schermata di Fatal Fury. E se questo, ragazzi non vi colpisce, più colori e l'animazione migliorata sicuramente lo farà. Abbiamo anche riportato la velocità di gioco fulminea e il &quot;ben riposato&quot; Geese Howard. Quindi, se è la pietà che stai cercando, torna ai giochi con cartucce
Gen'ei Toshi - Illusion City (Japan)	All'inizio del 21° secolo un terribile disastro, chiamato &quot;crisi dell'arrivo dei demoni&quot;, devastò il continente asiatico. Hong Kong è stata la più colpita dal misterioso attacco demoniaco. Malattie terribili hanno trasformato la città un tempo prospera in una pallida ombra di se stessa. Ma una volta che le persone sono tornate per vedere cosa è successo alla città isolata, hanno visto che era governata da un nuovo ordine: una società chiamata SIVA. Il nuovo ordine ha proclamato New Hong Kong uno stato indipendente. La Repubblica popolare cinese e il Regno Unito hanno firmato un accordo in cui entrambi hanno rinunciato alle loro pretese sulla città.
Ground Zero Texas (USA) (Disc 1)	Preparatevi all'incontro più esplosivo della vostra vita! Numerosi extraterrestri hanno invaso una città del Texas. In qualità di esperto tattico dovrete controllare un terribile sistema di armi mediante radio e telecamere installate in tutta la città. La vostra unica speranza consiste nel trovare l'arsenale nemico e organizzare una bella festa di benvenuto in stile texano!
Gyuwambler Jiko Chuushinha 2 - Gekitou! Tokyo Mahjongland-hen (Japan)	Gambler Jiko Chuushinha 2 è un gioco di mahjong uscito in Giappone per la console Mega CD Nuovi personaggi per questo secondo episodio che, dopo essere stati scelti, si sfideranno su un banale gioco di mahjong.
Heart of the Alien - Out of This World Parts I and II (USA) (RE)	Entra nel pluripremiato universo fantascientifico di fuori dal mondo. Un fantastico mondo blu dove il passato e il futuro convivono. Dove le camere di tortura elettriche sono presidiate da umanoidi primitivi. E i misericordiosi diventano spietati solo per sopravvivere. Immagina una prigione aliena. Dove ogni passaggio in cui entri è uno da cui potresti non uscire mai. Ogni creatura vive per cercare di toglierti la vita. E più corri, più ti avvicini al sadico che chiamano The Warden.
Heavenly Symphony - Formula One World Championship 1993 (Japan)	Prodotto in partnership tra Fuji Television e Sega, Formula One World Championship è stato sviluppato da un team interno di quest'ultima. Una squadra diversa da quella che ha prodotto i due titoli della serie Super Monaco GP. Nonostante abbia coinvolto tutti i piloti della stagione 1993 di Formula 1, il gioco lascia fuori Ayrton Senna per motivi di licenza. L'esperienza immersiva è arricchita da diverse clip in esecuzione che provengono direttamente dagli archivi Fuji TV. Il giocatore continuerà a ricevere istruzioni dalla sua squadra all'interno della cabina dell'auto.
Heavy Nova (Japan)	In un'era di frequenti attacchi alieni, la Terra ha un governo unificato, che si basa su una linea di cyborg conosciuti come le bambole pesanti per la difesa. I più grandi di questi sono conosciuti come Heavy Nova, un titolo guadagnato superando un rigoroso regime di allenamento. Stai affrontando i terreni di prova simulati, che sono suddivisi in due stili di azione alternata. Nella prima devi avanzare (inizialmente puramente orizzontalmente, ma in seguito anche con scorrimento verticale) attraverso un ambiente ostile di nemici, bombe e trappole, guadagnando punti per farlo rapidamente e con molta energia rimasta. Inizialmente puoi volare e calciare secondo necessità. Una volta completata questa sezione, si passa al combattimento uno contro uno in stile Street Fighter 2.
Heimdall (USA)	Salpa per un'epica avventura RPG progettata sia per i giocatori di ruolo professionisti che per i principianti. Armato di una potente spada e di un'interfaccia punta e clicca facile da usare, la tua missione è recuperare le armi rubate del dio in questa conversione su CD del leggendario titolo per PC. Nei panni di Heimdall, la manna dal cielo, verrai catapultato in un mitico mondo vichingo dove, insieme a un gruppo eterogeneo di signori della guerra, maghi, ladri e ranger, dovrai dimostrare la tua abilità vichinga lottando con i cinghiali... salvando le esuberanti bariste... lanciando incantesimi... combattendo e barattando con un cast di personaggi sinistri... e infine recuperare le potenti armi degli dèi.
Hook (USA)	Basato sul film bomba di Spielberg, Hook combina azione non stop con la possibilità di gioco ricevuta con consensi e notevoli suoni e grafica. Giocate con il cresciuto Peter Pan ritornando a Neverland (isola che non c'è) e salvare i suoi bambini rapiti. Il viaggio è pieno di lotte, magia e incredibili scene di voli e termina con una lotta contro il malefico Hook (CAPITAN UNCINO).
IIIrd World War, The (Japan)	La terza guerra mondiale è un wargame &quot;ipotetico/e se&quot; con una svolta. Ambientato alla fine del XX secolo, quando sono scoppiati conflitti in tutto il mondo e la pace mondiale è solo un ricordo del passato. Come leader di una delle 16 nazioni, il tuo obiettivo finale non è altro che il dominio del mondo. Per raggiungere questo obiettivo hai una moltitudine di opzioni che vanno dalla pura potenza militare, alla diplomazia, alla politica di investimento estera o interna, all'aiuto ai terroristi o ai rivoluzionari, alla manipolazione dei media. In altre parole, è proprio come il mondo reale. Il gioco offre 5 scenari distinti, ognuno dei quali richiede strategie diverse per vincere.
Iron Helix (USA)	UN GIOCO LETALE DI GATTO E TOPO Preparati per la più incredibile avventura di strategia 3D mai creata. Iron Helix è un thriller di fantascienza che ti immerge in un mondo di suspense VR pieno di pericoli e intrighi. Controlla una sonda robot la cui missione è fermare un'astronave rinnegata che trasporta un'arma apocalittica... prima che raggiunga la sua destinazione. Pilota la sonda attraverso il labirinto come i corridoi della nave alla ricerca di modi per fermarlo mentre cerchi di eludere il letale difensore della nave.
Ishii Hisaichi no Daiseikai (Japan)	Ishii Hisaichi no Daiseikai (Il grande mondo politico di Hisaichi Ishii) è un gioco da tavolo di strategia a tema politico farsesco basato sulle opere del fumettista Hisaichi Ishii. Il giocatore assume il ruolo di un politico in erba che deve farsi strada per diventare il Primo Ministro del Giappone. Il gioco è completamente guidato da menu, con il giocatore che sceglie le azioni per ogni giorno mentre il gioco procede, come visitare un determinato luogo o incontro con una persona specifica. L'obiettivo finale è acquisire esperienza nella risoluzione dei problemi dei cittadini e guadagnare abbastanza popolarità facendo una campagna elettorale o utilizzando oggetti per far oscillare l'opinione pubblica a favore del giocatore per vincere il voto popolare.
Jaguar XJ220 (USA)	Corri alla massima velocità che sai raggiungere! Fai allenamento sui circuiti che hai costruito, poi affronta i migliori piloti al mondo e conquista il trofeo!
Jangou World Cup (Japan)	Jangō World Cup è una versione digitale del popolare gioco da tavolo competitivo mahjong e fa parte della lunga serie Jangō. La modalità principale è la cosiddetta modalità Coppa del mondo, in cui una vasta gamma di avversari provenienti da tutto il mondo, ognuno con il proprio stile di gioco distinto, deve essere sconfitto. Il gioco include anche una modalità di gioco libero in cui il giocatore può organizzare una partita con uno qualsiasi degli avversari computer disponibili. Una caratteristica speciale del gioco è che tiene traccia delle informazioni di gioco per ogni giocatore registrato e offre anche la possibilità di giocare contro una ricreazione computerizzata di altri giocatori in base ai loro record.
Jeopardy! (USA)	.Enorme database di risposte e riprese video dell'ospite Alex Trebek girate appositamente per questo gioco. .Basato su uno dei giochi a premi più popolari in America. .Completo delle scene, musiche ed effetti sonori di Jeopardy!
Joe Montana's NFL Football (USA)	Grafica nella tua faccia! Le nuove visualizzazioni 3D ti consentono di scansionare il campo, quindi seguire la palla nella mano del ricevitore. Incredibile zoommata! Il video autentico di Joe Montana che elabora strategie con il più grande QB della NFL tramite video reali. Il grande giocatore controlla il potere dritto davanti a sé, gira di 360 per trovare la luce del giorno, guarda i caschi volare da virate punitive. Suono CD sbalorditivo! Entra nel gioco con i veri effetti sonori del calcio di Sega CD. Tutte le 28 squadre della NFL! Fatti strada attraverso un'intera stagione e premiati per il Super Bowl.
Jurassic Park (USA) (RE)	Questo è il gioco Sega CD basato sul film di Steven Spielberg del 1993 basato sul libro di Michael Crichton. Questo gioco è molto diverso dagli altri giochi di Jurassic Park. È un gioco d'avventura punta e clicca, con una forte enfasi sulle sequenze d'azione che richiedono una frazione di secondo. La storia si svolge dopo gli eventi del film / libro. Verrai rimandato a Jurassic Park per recuperare le uova di dinosauro da tutto il parco e metterle in un'incubatrice. Hai solo 12 ore per recuperare un uovo da ogni specie di dinosauro nel parco. Sfortunatamente, poco prima di arrivare al parco, il tuo elicottero si schianta!
Kamen Rider ZO (Japan)	Il cavaliere mascherato kamen rider zo Il prodotto della ingegneria genetica di uno scienziato pazzo, The masked Rider è diventato un supereroe metà uomo e metà insetto. Nei panni di The masked Rider, devi combattere malvagi mutanti qenetici che farebbero scappar via a nascondersi anche Godzilla! Tu controlli The Masked Rider mentre prende a pugni e calci la sua strada attraverso 10 scene di battaglie Tru Video ricche di azione! Reagisci velocemente o diventerai un ragno per l'Aracnia! La tua missione è salvare il giovane Hiroshi dalle grinfie (e dall'alito cattivo) di Doras! Dimentica di saltare su edifici alti in un solo balzo: guida la tua Z-Cycle attraverso di loro!
Keio Flying Squadron (USA)	In un'eccitante e misteriosa storia giapponese, diventa un giovane intrepido avventuriero orientale. Rami cavalca in battaglia sul suo fidato drago &quot;Spot&quot; mentre incontra un mostro marino polpo, la Marina degli Stati Uniti e l'esercito russo fino a quando non arriva alla nave del Dr. Pon, pubblicizzata come la creatura più intelligente sulla terra con un QI di 1400, gas l'aspetto di un procione, appropriato per il ladro che è.
Keiou Yuugekitai (Japan)	In un'eccitante e misteriosa storia giapponese, diventa un giovane intrepido avventuriero orientale. Rami cavalca in battaglia sul suo fidato drago &quot;Spot&quot; mentre incontra un mostro marino polpo, la Marina degli Stati Uniti e l'esercito russo fino a quando non arriva alla nave del Dr. Pon, pubblicizzata come la creatura più intelligente sulla terra con un QI di 1400, gas l'aspetto di un procione, appropriato per il ladro che è.
Kids on Site (USA)	Ricordi i giorni in cui da bambino eri affascinato da queste grandi macchine in cantiere? Con questo gioco hai l'opportunità di provarli! Puoi usare l'escavatore, il bulldozer, il rullo compressore o la palla da demolizione. La gestione non potrebbe essere più semplice, ci sono solo tre pulsanti da premere: sinistra, destra e usa.
Lawnmower Man, The (USA)	Il Tagliaerba Jobe, un tagliaerba sempliciotto, viene dotato di poteri sovrumani con l'aiuto di un sistema. Questi poteri, inizialmente previsti, vengono abusati da &quot;The Shop&quot;, un ente governativo degli esperimenti del Dr. Angelo. Il loro intervento trasforma Jobe da soggetto passivo in Cyberjobe, uno psicopatico altamente distruttivo intento a risucchiare tutto il mondo all'interno della sua rete di computer. IL GIOCO Cyberjobe è entrato nella Realtà Virtuale all'interno delle reti informatiche mondiali e ora cerca vendetta contro il Dr. Angelo per l'ingiustizia compiuta nei suoi confronti. Usando i suoi nuovi poteri, riesce a trascinare nel suo dominio virtuale, il dottor Angelo, Carla e Peter. Nei panni di Dr. Angelo, spingi le tue abilità di gioco al limite mentre ti metti, sia mentalmente che fisicamente, contro l'ultima delle incarnazioni del computer.
Lethal Enforcers (USA)	Ecco come sperimentare a casa propria il massimo delle emozioni che fino ad ora poteva offrire solo una macchina da sala giochi! Un coraggioso poliziotto, grande esperto dei problemi della strada, deve combattere il crimine nella zona più pericolosa della città per riuscire ad emergere nel suo comando di polizia, deve affrontare quotidianamente assalti alle banche, terribili inseguimenti in macchina, tentativi di rapimento e dirottamenti mettendo sempre a repentaglio la propria vita.
Lethal Enforcers II - Gun Fighters (USA)	Lethal Enforcers 2: Gun Fighers su Mega CD è uno sparatutto ambientato ai tempi del Vecchio West. La campagna principale è composta da cinque livelli che ripercorrono classici del genere come l'attacco alla banca, l'attacco al treno o la sparatoria al Saloon. L'obiettivo è sempre lo stesso: mettere a tacere permanentemente i banditi con i tuoi sei colpi evitando i civili. Lethal Enforcers 2 è giocabile da solo o in due.
Lethal Enforcers II - The Western (Japan)	Lethal Enforcers 2: Gun Fighers su Mega CD è uno sparatutto ambientato ai tempi del Vecchio West. La campagna principale è composta da cinque livelli che ripercorrono classici del genere come l'attacco alla banca, l'attacco al treno o la sparatoria al Saloon. L'obiettivo è sempre lo stesso: mettere a tacere permanentemente i banditi con i tuoi sei colpi evitando i civili. Lethal Enforcers 2 è giocabile da solo o in due.
Links - The Challenge of Golf (USA)	Links è un franchise di giochi di golf che è stato lanciato per la prima volta con Links: The Challenge of Golf nel 1990 per DOS. La versione CD di Sega è derivata da quel titolo, ma ha una serie di miglioramenti e aggiunte, come le riprese FMV, la presenza del commentatore Ben Wright, i suggerimenti del golfista Steve Elkington, nonché un significativo salto di qualità nella grafica . Un differenziale tra lui e gli altri è la possibilità che fino a 6 giocatori giochino la stessa partita.
Loadstar - The Legend of Tully Bodine (USA, Brazil)	Siediti al posto di comando nei panni di Tully Bodine, skipper veterano del vintage loadstar mentre accetta un incarico pericoloso: prendere un carico di contrabbando venuto dalla Luna. Devi muoverti velocemente e pensare più velocemente mentre schivi camionisti rivali, incidenti stradali, rallentatori ed eviti SAP e &quot;Toaster&quot; della polizia all'inseguimento. Già che ci sei, non farti catturare dallo sceriffo Wompler o passerai un po' di tempo al fresco. Loadstar offre una grafica straordinaria ed effetti speciali: fullmotion, video a schermo intero e colonna sonora di qualità CD.
Lords of Thunder (USA)	Il malvagio dio Deoric ha scatenato parassiti striscianti, draghi meccanici e flotte fantasma vichinghe sulle terre di Mistral. Come unico sopravvissuto di una dinastia di cavalieri, hai ereditato quattro semi di armature mistiche che sfruttano gli elementi più potenti della natura terra, acqua, vento e fuoco. Solo tu puoi usare gli elementi per sconfiggere l'orda demoniaca di Deoric.
Lunar - Eternal Blue (USA) (RE)	Torna nell'incantevole mondo di Lunar! Unisciti a Hiro e Ruby 1.000 anni dopo la prima avventura, mentre lavorano per svelare i segreti della Guglia Blu e della strana ragazza che hanno trovato al suo interno! Ma fa attenzione! Le forze sono al lavoro cercando di far rivivere il malvagio Zophar e immergere Lunar nell'oscurità per sempre! Viaggia in terre lontane alla ricerca della Dea Althena, che potrebbe essere l'unica abbastanza potente da fermare Zophar. Lungo la strada, incontrerai nuovi entusiasmanti personaggi, combatterai mostri completamente animati, attraverserai vette innevate e camminerai attraverso viscidi sotterranei mentre lavori verso il terrificante climax!
Lunar - The Silver Star (USA)	Benvenuto nel mondo di Lunar, dove i draghi vivono ancora e la magia è apprezzata sopra ogni altra cosa. Unisciti ad Alex, il giovane avventuriero, mentre inizia una missione con i suoi amici per salvare la loro terra dall'avanzata schiacciante dell'Imperatore Magico. Esplora dungeon, combatti mostri terrificanti e raccogli informazioni dalla gente del posto mentre avanzi verso lo scontro esplosivo con l'Imperatore Magico in persona! Emozionanti combattimenti guidati da menu ti terranno sfidato fino all'ultimo. E grazie alla capacità di memorizzazione del CD, Lunar contiene fantastiche sequenze di animazione che ti coinvolgeranno nella storia, velocemente! Preparati per la corsa della tua vita...
Mad Dog II - The Lost Gold (USA)	Mad Dog II: The Lost Gold è un videogioco laserdisc live-action prodotto da American Laser Games, pubblicato per arcade, Sega CD, 3DO, CD-i e DOS, la prima versione del 1992; la qualità del video è la più bassa su Sega CD. Un sequel del moderatamente popolare Mad Dog McCree, il gioco ha abbandonato lo stile piuttosto semplice dell'originale, introducendo elementi che possono essere considerati &quot;Hollywood&quot;, comprese scene di sparatorie dinamiche e musica di gioco, in contrasto con la quasi totale mancanza dell'originale. . Come il primo gioco, il giocatore segue la trama ed è tenuto a sparare rapidamente a determinati nemici per procedere nella ricerca.
Mad Dog McCree (USA)	Mag Dog McCree e la sua banda hanno rapito il sindaco e sua figlia, e sta a te salvarli. Devi far saltare in aria bar e rapine in banca per eliminare la banda e salvare tutto ciò che consideri buono e vero. Dove il gioco differiva dagli altri sparatutto influenzati da Operazion Wolf era nell'uso di video dal vivo, con persone reali che apparivano sullo schermo prima che tu le abbattessi. Hai un numero illimitato di continue con cui arrivare alla fine, quindi gli attori vedranno la loro morte sullo schermo da tante persone quante se avessero recitato in un film.
Mahou no Shoujo - Silky Lip (Japan)	Con un grande tocco comico, Mahou no Shoujo: Silky Lip racconta la storia di Lip, una ragazza che vive in un mondo magico ed è destinata a diventare una regina, ma tende ad abusare dei suoi poteri. Per evitare grossi problemi, viene inviata sulla Terra, dove può studiare la magia lontano dalla sua terra natale. Il gioco può essere definito come un misto di avventura e gioco di ruolo, che richiede l'interazione con le persone, l'ispezione delle cose e la lotta per continuare la trama. Sono disponibili due modalità: la modalità Film, basata su scene anime, e la modalità RPG, in cui i personaggi devono esplorare e combattere.
Make My Video - INXS (USA)	Make My Video: INXS è un videogioco basato sull'editing in tempo reale di filmati musicali. L'installazione è che una coppia di amiche è in giro per un bar e monopolizza il tavolo da biliardo. Il gioco esplora le interazioni interpersonali del duo con gli altri clienti del bar: c'è la mosca, un ragazzo freddo e distaccato; Ted e Gomez, surfisti senza cervello che cercano di rimorchiare le signore, e che sono parodie sottilmente velate di Bill & Ted; Poindexter, il secchione che sta anche cercando di trovare il coraggio di parlare con le donne; e Flo e Tiger, una coppia di ragazze toste vestite di pelle il cui interesse è battere i soggetti principali del gioco in modo che possano controllare la musica del bar e riprodurre la loro videocassetta Megadeth.
Make My Video - Kris Kross (USA)	Yo! Controlla. Ora hai il potere di creare i tuoi video musicali per il mega rap Kris Kross. In questa nuova e rivoluzionaria esperienza video musicale per il CD Sega, un VJ ospite ti viene in faccia e ti dice esattamente il tipo di video che sta cercando. Poi sta a te consegnare. Puoi controllare tutto mentre selezioni, modifichi, affetta e dadi. Stai lavorando con centinaia di clip da veri video musicali, film e riprese video mai viste prima, il tutto in sincronia con effetti speciali da capogiro e la musica più fresca e più calda di sempre.
Make My Video - Marky Mark and the Funky Bunch (USA)	È UN RAP!!! Che cosa succede? Riprese video grezze e colonne sonore calde, ecco cosa. Per permetterti di mettere insieme i tuoi video personali della band più funky che l'uomo conosca: Marky Mark e il funky Bunch. Tieni conto di questo. Tu scegli i tagli. Scegli tu i colpi al volo. Si mescolano le fette e i dadi, si congela e si gira. e molto di più. Che tornare indietro. È il momento della riproduzione. Se va bene: dal vivo ti grida! Se non lo è: fallo di nuovo. E hai anche due modi per farlo: giocare (è una sfida) o crearne uno tuo (diventa creativo). Ad ogni modo ottieni un video funky!!! È tutto tuo!!!
Mansion of Hidden Souls (USA)	Mansion of Hidden Souls è un gioco di avventura creato interamente con video in full motion. Si svolge in una villa pre-renderizzata che il giocatore esplora da una prospettiva in prima persona. Mentre vagano da una stanza all'altra, l'azione si svolge tramite sequenze video. Il giocatore assume il ruolo di Jonathan, un ragazzo la cui sorella ha vagato nella villa spettrale. Quando è entrata nella villa, è scomparsa! Inoltre, la villa è piena di farfalle parlanti. Il giocatore deve cercare in tutta la villa per svelarne i segreti e trovare la sorella di Jonathan.
Marko's Magic Football (Europe) (En,Fr,De,Es)	Marko's Magic Football, noto semplicemente come Marko in Nord America, è un gioco platform del 1994 sviluppato e pubblicato da Domark per Sega Mega Drive, Sega Mega-CD e Sega Game Gear. Le versioni Mega-CD e Game Gear furono rilasciate esclusivamente in Europa, sebbene il porting per Mega-CD fu portato ufficiosamente negli Stati Uniti attraverso Good Deal Games, che iniziò a vendere riproduzioni senza licenza nel decennio degli anni 1920. 2000. In Magic Football di Marko , interpreti Marko, un calciatore che usa il suo calcio per completare varie attività di platforming. Sonic the Comic dal Regno Unito presentava diverse strisce basate sul personaggio durante i suoi primi anni. Secondo quanto riferito, una versione del Sega Master System era in fase di sviluppo ad un certo punto, sebbene sia stata cancellata.
Mary Shelley's Frankenstein (USA)	Dalle pagine del romanzo classico di Mary Shelley e del film campione d'incassi arriva il tuo incubo vivente. .Tre viste di gioco - isometrica, isometrica forzata e vista laterale - offrono un ambiente 3D migliorato. . Sei enormi livelli di azione dalle strade infestate dal colera di Ingolstadt ai ghiacciati campi di ghiaccio dell'Artico. .Fantastico assortimento di boss tra cui fuorilegge, proprietari terrieri e lupi. . Grafica e musica si combinano per creare un'autentica atmosfera gotica direttamente dal romanzo di Mary Shelley. . La maggior parte dei personaggi si basa su animazioni rotoscoped di attori reali.
Masked Rider, The - Kamen Rider ZO (USA)	Il cavaliere mascherato kamen rider zo Il prodotto della ingegneria genetica di uno scienziato pazzo, The masked Rider è diventato un supereroe metà uomo e metà insetto. Nei panni di The masked Rider, devi combattere malvagi mutanti qenetici che farebbero scappar via a nascondersi anche Godzilla! Tu controlli The Masked Rider mentre prende a pugni e calci la sua strada attraverso 10 scene di battaglie Tru Video ricche di azione! Reagisci velocemente o diventerai un ragno per l'Aracnia! La tua missione è salvare il giovane Hiroshi dalle grinfie (e dall'alito cattivo) di Doras! Dimentica di saltare su edifici alti in un solo balzo: guida la tua Z-Cycle attraverso di loro!
Mega Schwarzschild (Japan)	Mega Schwarzschild è un port modificato del gioco di strategia Super Schwarzschild. Il sistema di battaglia è stato ridisegnato per giocare in tempo reale, piuttosto che per le schermaglie a turni della versione PC Engine, ma gli elementi strategici e lo scenario principali sono per il resto identici alla versione originale.
MegaRace (USA)	QUESTA È LA CORSA DELLA TUA CORSA... O LA MORTE! Devi lottare per finire È l'incredibile autostrada delle comunicazioni visive del futuro e tu sei la star della trasmissione del mondo virtuale, lo show televisivo di successo MEGARACE con un pubblico assetato di sangue. Per aumentare le valutazioni (più sei cattivo, più alto diventa) sei contrapposto a cinque dei piloti più cattivi che abbiano mai preso il volante in una selvaggia corsa televisiva virtuale fino al traguardo... il tuo... o il loro.
Mickey Mania (Europe)	LE AVVENTURE TIMELES DI MICKEY MOUSE Con i personaggi creati dai leggendari Disney Studios, una storia tutta d'azione in technicolor che incorpora una miriade di possibilità di gioco che ti faranno scorrere, ruotare e spingerti attraverso la magica carriera della star dei cartoni animati più famosa del mondo.
Mickey Mania - The Timeless Adventures of Mickey Mouse (USA)	LE AVVENTURE TIMELES DI MICKEY MOUSE Con i personaggi creati dai leggendari Disney Studios, una storia tutta d'azione in technicolor che incorpora una miriade di possibilità di gioco che ti faranno scorrere, ruotare e spingerti attraverso la magica carriera della star dei cartoni animati più famosa del mondo.
Microcosm (USA)	Planet Bodor, 2051 Una grande ombra di devastazione e caos è ovunque ... Le grandi corporazioni dominano e sfruttano la maggior parte della terra, distruggendo l'ambiente nella selvaggia ricerca del denaro. Tengono sotto il loro controllo quasi tutta la popolazione che vive in uno stato di assoluta miseria. Lontano dalla protezione delle corporazioni, non c'è lavoro, cibo, speranza di sopravvivenza. Ma dove tutto sembra chiaro e immutabile, qualcosa sta per accadere ... aiuterai a cambiare il futuro di Bodor! Nella mente del più grande leader sul pianeta per controllare le tue azioni e il destino dei milioni di Bodor? No, non stiamo parlando di telepatia. Questo è un ricordo del passato! Il trucco sta nella più elaborata tecnologia di miniaturizzazione dei componenti. Esatto, la tua missione non è invadere fortezze, pianeti o cose del genere. Preparati per un'entusiasmante crociata in un posto diverso dove nessun altro umano è stato. Il cervello di un altro uomo!
Midnight Raiders (USA)	TU SEI SACRIFICABILE! Sei Joker. Tu e la tua squadra, Stryker, Sparks e Linus ricevete l'ordine di eseguire una missione top secret. Sfortunatamente per te, il CL non vuole sopravvissuti. Volando con i letali elicotteri ApaelwAH-64, la tua squadra irrompe nell'installazione di Lhe AI-Shakkur. Quindi, per sbaglio, devi solo trovare e salvare uno scienziato rapito tenuto da qualche parte dentro. Il professor Victor Mensch tiene in testa la formula per un nuovo micidiale gas nervino. Il suo destino è nelle tue mani. Ma attenzione! Le cose non sono come sembrano.
Might and Magic III - Isles of Terra (Japan)	Il terzo capitolo della serie di giochi di ruolo, con una trama sfaccettata e piena di colpi di scena. La facilità d'uso era fondamentale per il gameplay e l'interfaccia, e la trama includeva pile di nuovi colpi di scena. Guida un gruppo di avventurieri all'appuntamento con il leggendario mago Corak. Da oscuri sotterranei ammuffiti, attraverso corridoi di pietra squadrata e legname, e poi verso le alte vette ghiacciate della Terra, scoprirai i misteri che circondano le isole esotiche nel Grande Mare.
Mighty Morphin Power Rangers (USA)	La malvagia maga galattica, Rita Repulsa, e la sua armata di alieni spaziali sono tornati. Sta a te aiutare i nostri eroi adolescenti a sconfiggere ger e salvare il pianeta Terra! .Non solo un gioco di combattimento, un gioco di avventura video d'azione dal vivo prodotto direttamente da nove episodi della serie televisiva di successo! .Da' pugni, calci e muoviti con tutti i tuoi Power Ranger preferiti: Jason (Ranger rosso), Billy (Ranger blu), Kimberly (Ranger rosa), Zack (Ranger nero), Trini (Ranger giallo) e persino Tommy (Ranger verde). . Evoca gli spiriti degli antichi dinosauri per aiutarti a sconfiggere gli scagnozzi di Rita: Golar, Squatt e The Putty Patrol.
Mortal Kombat (USA)	Cinquecento anni fa, un antico e prestigioso torneo di combattimento Shaolin, tenuto ogni 50 anni, fu corrotto da un malvagio e anziano mago di nome Shang Tsung. Shang era accompagnato dal principe Goro, un guerriero della razza Shokan (un mezzo umano / mezzo drago a quattro braccia). Sapendo che se l'Outworld Champion avesse vinto dieci tornei di fila, la terra sarebbe stata conquistata dal male e sarebbe caduta nell'oscurità, Shang entrò in Goro e lo lasciò sconfiggere il grande Kung Lao. Goro è stato il campione di combattimento imbattuto per cinquecento anni. Con l'avvicinarsi dell'ultimo torneo richiesto, Raiden, dio del tuono e protettore della terra, mette in atto un piano per far pendere la bilancia a favore degli umani. Sette combattenti entrano nell'arena sull'isola misteriosa di Shang Tsung: il guerriero Shaolin Liu Kang, le forze speciali l'agente Sonya Blade, il pipistrello mercenario Kano, il famoso attore Johnny Cage, il guerriero Lin Kuei armato di ghiaccio Sub-Zero e il suo avversario non morto Scorpion e Raiden self.
Mortal Kombat Kanzenban (Japan)	Cinquecento anni fa, un antico e prestigioso torneo di combattimento Shaolin, tenuto ogni 50 anni, fu corrotto da un malvagio e anziano mago di nome Shang Tsung. Shang era accompagnato dal principe Goro, un guerriero della razza Shokan (un mezzo umano / mezzo drago a quattro braccia). Sapendo che se l'Outworld Champion avesse vinto dieci tornei di fila, la terra sarebbe stata conquistata dal male e sarebbe caduta nell'oscurità, Shang entrò in Goro e lo lasciò sconfiggere il grande Kung Lao. Goro è stato il campione di combattimento imbattuto per cinquecento anni. Con l'avvicinarsi dell'ultimo torneo richiesto, Raiden, dio del tuono e protettore della terra, mette in atto un piano per far pendere la bilancia a favore degli umani. Sette combattenti entrano nell'arena sull'isola misteriosa di Shang Tsung: il guerriero Shaolin Liu Kang, le forze speciali l'agente Sonya Blade, il pipistrello mercenario Kano, il famoso attore Johnny Cage, il guerriero Lin Kuei armato di ghiaccio Sub-Zero e il suo avversario non morto Scorpion e Raiden self.
My Paint (USA)	IL PROGRAMMA DI PITTURA DI ULTIMA GENERAZIONE My Paint, il primo programma di pittura animato al mondo ti dà il potere di spingere la tua creatività a nuovi livelli! È un programma di pittura completo che non solo vedi, ma ascolti! Disegna a mano libera il tuo capolavoro o scegli tra gli oltre 200 disegni incorporati. Sono inclusi di tutto, da aerei, treni e automobili a velociraptor, pipistrelli e pantere. Usa uno dei tanti modelli come pelli di dinosauro, acqua in movimento, strisce, punti o i fantastici adesivi animati per dare vita ai tuoi disegni!
NBA Jam (USA)	L'ultimissimo Jam arcade sbarca a casa tua sul Mega CD! Controlli le super mosse, le incredibili bloccate e le potentissime schiacciate nel canestro delle più grandi stelle della NBA. .Liste aggiornate dei giocatori, tutte le stelle come: Hardaway, Webber, Mashburn, C. Robinson, Rider e Sprewell. .Schiacciate aeree: palla di cannone, tomahawk, elicottero ecc...
NFL Football Trivia Challenge (USA)	NFL Football Trivia Challenge è un gioco a quiz con una licenza della National Football League. Ciascun giocatore può scegliere la sua squadra preferita con cui giocare. I commentatori televisivi Pat Summerall e Tom Bookshier descrivono varie situazioni di gioco accompagnate da 1200 immagini e 300 filmati Full Motion. 1500 domande a risposta multipla aspettano una risposta nel gioco. Per ogni risposta corretta il giocatore guadagna yard nel gioco e aumenta le sue possibilità di segnare un punto. Il giocatore con più punti dopo 60 domande vince la partita. Ci sono tre diversi livelli di difficoltà a cui giocare.
NFL's Greatest - San Francisco vs. Dallas 1978-1993 (USA)	Le migliori stelle dei Cowboys e dei 49ers degli anni '70, '80 e '90 in un unico gioco. Staubach, Dorsett, &quot;Too Tall&quot; Jones, Aikman, Irvin, Smith - scendi in campo contro Montana, Lott, Clark, Rice, Watters, Young - solo per citarne alcuni! Scegli il quarterback, chiami le giocate e poi guarda l'azione svolgersi a colori TruVideo! Immagina Tony Dorsett e Troy Aikman nello stesso backfield, o Steve Young che colpisce Dwight Clark con un passaggio TD, o &quot;Too Tall&quot; Jones che insegue Young: può succedere! 15 anni di riprese calcistiche reali dalla NFL Films Library e l'ultimo suono e tecnologia Sega CD danno vita al gioco dei tuoi sogni.
NHL '94 (USA)	NHL '94 è un gioco di hockey su ghiaccio su Mega CD. Scegli la tua squadra preferita con la licenza ufficiale della National Hockey League (stagione 1993-1994) e scrivila nella storia. Sono disponibili tre modalità di gioco: &quot;Regular Season&quot;, &quot;Playoff&quot; e &quot;Shootout&quot; che ti permettono di esercitarti a tirare in porta. Sono state aggiunte nuove animazioni ed è ora possibile controllare il Guardian durante la partita.
NHL Hockey '94 (Europe)	NHL '94 è un gioco di hockey su ghiaccio su Mega CD. Scegli la tua squadra preferita con la licenza ufficiale della National Hockey League (stagione 1993-1994) e scrivila nella storia. Sono disponibili tre modalità di gioco: &quot;Regular Season&quot;, &quot;Playoff&quot; e &quot;Shootout&quot; che ti permettono di esercitarti a tirare in porta. Sono state aggiunte nuove animazioni ed è ora possibile controllare il Guardian durante la partita.
Night Striker (Japan, Korea)	Ecco a voi l'adattamento di Night Striker, pubblicato per la prima volta nel 1989 su una macchina arcade e che ha deliziato i fan del futuristico sparatutto a tubo. Ai comandi del tuo hovercraft, preparati ad affrontare tanti nemici, terrestri o aerei, con ovviamente i classici boss alla fine dei livelli. Come un Dario puoi anche scegliere il tuo percorso (due possibilità) simboleggiato da lettere.
Night Trap (USA) (Disc 1)	Night Trap è il primo titolo CD in FMV proprio come un film, per ore ed ore di gioco appassionante.
Ninja Warriors, The (Japan)	Il tirannico Benglar usa il suo potere per fare il lavaggio del cervello a tutti i suoi prigionieri, e ora sembra invincibile. Tuttavia, la Resistenza ha trovato una nuova arma, macchine capaci di pensare e combattere: i Ninjas Warriors. Nel beat'em all The Ninja Warriors su Mega-CD, il giocatore può scegliere tra 3 eroi: Ninja, Kunoichi o Kamaitachi. Ognuno è giocato in modo diverso e ha un super attacco personale.
Nobunaga no Yabou - Haouden (Japan)	&quot;Nobunaga's Ambition&quot; New Clothes Rush Ora è il momento di diventare il campione. Come generale, guardi i cuori dei signori della guerra sotto il tuo controllo e dai una buona grazia al mondo. Storia autentica macchia &quot;Il potere del gioco Notion è abbandonato' I Producer Shibuzafukou) Contenuti esclusivi per Mega CD ● Primo della serie / dopo l'incidente di Honnoji
Nostalgia 1907 - In North Atlantic Sea (Japan)	Nostalgia 1907 è un romanzo visivo che si svolge nell'anno 1907 a bordo della nave &quot;Nostalgia&quot;. Mentre la nave stava attraversando l'Oceano Atlantico, un'esplosione la danneggiò. Assumendo il ruolo di diversi personaggi, tra cui il capitano della nave e alcuni passeggeri, il giocatore deve scoprire chi ha causato l'esplosione e perché. Il gioco è composto principalmente da testo che accompagna immagini fisse; l'interazione è limitata a diverse occasioni durante le quali il giocatore deve fare delle scelte per il personaggio attualmente considerato protagonista. La grafica del gioco è interamente realizzata in tonalità seppia. Nonostante la sua origine giapponese, la grafica disegnata a mano di Nostalgia 1907 evita la solita estetica in stile manga.
Novastorm (USA)	TU SEI L'ULTIMO BALUARDO ANNO 2129: IL SISTEMA BATOR . Una rete di computer senzienti nota come Data Grid ha iniziato a dichiarare guerra alla Federazione. In un ultimo disperato tentativo di salvare l'umanità, è stato lanciato il caccia sperimentale Scavenger 4. La sua missione: rintracciare e distruggere il controllo pesantemente corazzato di Data Grid centro: Scarabeo X. Afferra i comandi e pilota il supersonico Scavenger 4 in una disperata sortita. Fatti strada attraverso la rete difensiva di Data Grid tracciando una scia attraverso le città, tra i canyon, sui ghiacciai e per distruggere lo Scarab X.
Panic! (USA) (RE)	Un virus ha infettato la rete informatica mondiale, che colpisce tutti i dispositivi elettronici sulla terra. Tuttavia, un programma speciale chiamato &quot;Panic!&quot; è progettato per contrastare gli effetti del virus e ripristinare le condizioni di funzionamento della rete. Interpreti Slap the Boy e il suo compagno, Stick the Dog (non sono azioni, sono i loro nomi) che si sono proposti di riportare la rete alla normalità.
Pier Solar and the Great Architects - The Definitive Original Soundtrack (Europe) (Disc 4) (Enhanced Soundtrack Disc)	Utilizzando l'add-on Mega-CD/Sega CD per Mega Drive/Genesis, puoi migliorare la tua esperienza di gioco Pier Solar con la colonna sonora hi-fi e gli effetti sonori ambientali dell'Enhanced Soundtrack Disc opzionale, che crea un'atmosfera più ricca con emozione più forte.
Pier Solar and the Great Architects Enhanced Soundtrack Disc (USA)	Utilizzando l'add-on Mega-CD/Sega CD per Mega Drive/Genesis, puoi migliorare la tua esperienza di gioco Pier Solar con la colonna sonora hi-fi e gli effetti sonori ambientali dell'Enhanced Soundtrack Disc opzionale, che crea un'atmosfera più ricca con emozione più forte.
Pitfall - The Mayan Adventure (USA)	Un'avventura così reale, che sentirai il sudore! Il leggendario PITFALL è tornato Dodici anni dopo, il classico ritorna con un gameplay rivoluzionario che farà tremare Unisciti a Harry Jr, figlio di Pitfall Harry, mentre insegue un malvagio spirito guerriero Maya, per salvare suo padre rapito... rovine di templi che puzzano di nemici letali e trappole mortali... finché non affronti il ​​maestro del malvagio Zakelua.
Popful Mail (USA) (RE)	Kazyr, Necros, Ulgar, .Ghosts dal passato che hanno quasi distrutto il mondo di Popful Mail. Ora, il Sigillo Nero sta per essere spezzato in modo che possano tornare a seminare il caos nel mondo ancora una volta. Tre avventurieri disordinati diventano l'unica speranza di fermare la seconda venuta del male. Gioca nei panni di Mail, aspirante cacciatore di taglie maschiaccio che è abile con una lama Tatt, l'ulta-educato apprendista mago con un bastone mortale. o Guarda un blob blu alato con alito di fuoco, mentre cerchi il maniaco Muttonhead, che detiene tutte le risposte. Durante la tua missione, cambia personaggio in qualsiasi momento! Ne avrai bisogno, perché lo Schiaccianoci e i tirapiedi di Evil non si fermeranno davanti a nulla per terminare la tua festa prima che inizi! E, grazie alla capacità di memorizzazione del CD, Popful Mail arriva con oltre 2,5 ore: di dialoghi parlati e 20 minuti di animazione da batticuore! Affrontalo, il tuo didietro sarà incollato al divano fino a quando ai titoli di coda
PopfulMail (Japan)	Kazyr, Necros, Ulgar, .Ghosts dal passato che hanno quasi distrutto il mondo di Popful Mail. Ora, il Sigillo Nero sta per essere spezzato in modo che possano tornare a seminare il caos nel mondo ancora una volta. Tre avventurieri disordinati diventano l'unica speranza di fermare la seconda venuta del male. Gioca nei panni di Mail, aspirante cacciatore di taglie maschiaccio che è abile con una lama Tatt, l'ulta-educato apprendista mago con un bastone mortale. o Guarda un blob blu alato con alito di fuoco, mentre cerchi il maniaco Muttonhead, che detiene tutte le risposte. Durante la tua missione, cambia personaggio in qualsiasi momento! Ne avrai bisogno, perché lo Schiaccianoci e i tirapiedi di Evil non si fermeranno davanti a nulla per terminare la tua festa prima che inizi! E, grazie alla capacità di memorizzazione del CD, Popful Mail arriva con oltre 2,5 ore: di dialoghi parlati e 20 minuti di animazione da batticuore! Affrontalo, il tuo didietro sarà incollato al divano fino a quando ai titoli di coda
Power Factory (USA)	In Power Factory con C + C Music Factory, la tua missione è modificare in tempo reale tre clip per il gruppo C + C. Per questo, vedrai scorrere tre tracce video e dovrai selezionare al volo la traccia appropriata in base alla richiesta del tuo capo. Potrai anche aggiungere effetti alle immagini per cercare di accontentare Clivillès e Cole.
Power Monger (USA)	In un mondo senza re, il potere è l'unica legge Nessun leader controlla ancora il destino di questo nuovo mondo. Sarai tu a riuscirci? Riunisci ogni territorio con la parola o con la spada o affronta un' amara sconfitta per mano degli altri Power Mongers.
PowerMonger (Europe)	In un mondo senza re, il potere è l'unica legge Nessun leader controlla ancora il destino di questo nuovo mondo. Sarai tu a riuscirci? Riunisci ogni territorio con la parola o con la spada o affronta un' amara sconfitta per mano degli altri Power Mongers.
Prince of Persia (USA)	Un' avventura ed un terrore da far fermare il cuore ti aspettano, quando tu, il principe di Persia, proverai a superare i numerosi pericoli della prigione sotterranea per salvare la principessa.
Prize Fighter (USA) (Disc 1)	Gioco di boxe interattivo live action, gareggia in un incontro pugilistico in cui tu sei il vero protagonista. Sei sicuro di farcela?
Pro Yakyuu Super League CD (Japan)	Pro Yakyuu Super League CD è un gioco di baseball pubblicato come parte della serie Super League per Sega Mega-CD esclusivamente in Giappone. È il terzo titolo della serie di baseball a 16 bit di Sega e il primo per il Mega CD. È di nuovo una simulazione di baseball standard con vista catcher con una licenza NPB con i roster completi delle squadre della Central and Pacific League del 1992, insieme a due squadre all-star. Il gioco presenta modalità Pennant Race ed Exhibition, sei diversi stadi e la possibilità di giocare una partita diurna o notturna.
Psychic Detective Series Vol. 3 - Aya (Japan)	Terza versione della serie Psychic Detective - Aya, che è stata rilasciata anche per FM Towns, PC-98, PC Engine CD e Windows. Segui uno stile di avventura basato sull'interazione e l'esplorazione con menu che ti consentono di scegliere quali azioni possono essere eseguite in diversi contesti. La trama parla di analisti psichici, persone come Katsuya Furuyagi, capaci di leggere la mente e conoscere i segreti più profondi dei loro coetanei. Un giorno, un vecchio fa visita a Furuyagi e in mezzo ai suoi ricordi trova il fantasma di una donna che vuole vendicare la propria morte.
Psychic Detective Series Vol. 4 - Orgel (Japan)	Terza versione della serie Psychic Detective - Aya, che è stata rilasciata anche per FM Towns, PC-98, PC Engine CD e Windows. Segui uno stile di avventura basato sull'interazione e l'esplorazione con menu che ti consentono di scegliere quali azioni possono essere eseguite in diversi contesti. La trama parla di analisti psichici, persone come Katsuya Furuyagi, capaci di leggere la mente e conoscere i segreti più profondi dei loro coetanei. Un giorno, un vecchio fa visita a Furuyagi e in mezzo ai suoi ricordi trova il fantasma di una donna che vuole vendicare la propria morte.
Puggsy (USA)	Naviga con Puggsy attraverso oltre 50 livelli di gioco per aiutarlo a trovare la sua astronave. esplora il segretonnlivelli delle stanze e scopri altre fantastiche sorprese. RISOLVI ROMPICAPI RADICALI E ZAP OLTRE 100nndiverse creature aliene mentre Puggsy si fa strada attraverso 17 strane terre La versione SEGA CD'&quot;nndi Pugsy caratteristiche:nn• Coloratissime introduzione in stile cartone animato che porta la storia di Puggsy in vita. • Suono stereo di qualità CD che ti immerge nel mondo di Puggsy. • Incredibilmente eccitanti sequenze di fine livello che ti portano nel mondo di Puggsynnpiù boss di livello che offrono azione e sfide di gioco imbattibili.
Quiz Scramble Special (Japan) (Rev B)	Un vecchio dottore stravagante è riuscito a teletrasportare la sua casa dall'altra parte del pianeta, con se stesso e sua figlia dentro! Sono al sicuro, ma il teletrasporto è completamente spento. Il teletrasporto è alimentato dalla conoscenza e l'unico modo per ricaricarlo è comunicare con la fauna locale e rispondere alle loro domande trivia! Quiz Scramble Special è un gioco a quiz in stile manga e. In ogni zona, ci sono più avversari che sfideranno il giocatore a rispondere alle domande e l'obiettivo è rispondere correttamente a un certo numero prima che scada il timer. Rispondere a una domanda in modo errato farà perdere tempo al giocatore; allo scadere del tempo, il giocatore perde una vita e quando tutte le vite sono finite, il gioco finisce. Il gioco include sia una modalità per giocatore singolo che una modalità cooperativa per due giocatori. Ci sono anche mini-giochi tra le fasi, come una gara di lancio di torte.
Quiz Tonosama no Yabou (Japan)	In un Giappone feudale diviso dal governo dei daimyo (signori locali), scegli la tua terra e vai a confrontarti con gli altri signori per prendere i loro territori, e quindi regnare su tutto il paese. Per ottenerlo, dovrai combattere con la testa! Scegli le tue categorie (musica, animazione, sport, ecc...) e rispondi alle domande, il vincitore prenderà la contea del perdente. Un po' come il gioco Risiko, questo quiz ti scalderà il cervello per prendere il pieno controllo del Giappone. Ma c'è un problema: è tutto in giapponese.
Racing Aces (USA)	La guerra fredda è finita. I grandi appaltatori della difesa, in particolare quelli che costruiscono aerei da combattimento, organizzano un nuovo sport. I piloti pilotano aerei di vario significato storico in gare a bassa quota per grandi premi. nnRacing Aces ti mette dietro il bastone della prima guerra mondiale, della seconda guerra mondiale e dei moderni aerei da combattimento. Ogni competizione è un duello tanto quanto una gara e dovrai sparare ai tuoi nemici per vincere. Le piste sono disseminate di palloncini potenziati per darti armi e velocità extra. nnLe gare sono viste da una prospettiva dietro l'aereo e i percorsi sono disegnati in 3D usando poligoni.
Radical Rex (USA)	Radical Rex è un tirannosauro sputafuoco su skateboard che deve salvare la razza dei dinosauri sotto l'incantesimo di una creatura malvagia. Il gioco consiste in 10 livelli ambientati nell'era preistorica. Radical Rex può fare skateboard o scivolare giù per le colline, saltare, calciare e sputare fuoco. I nemici più duri hanno bisogno di più colpi e quando viene bruciato Rex deve prenderli a calci ancora una volta per distruggerli o usare il suo urlo (colpisce tutto sullo schermo). Durante il gioco Rex raccoglie uova, salute, potenziamenti per il suo respiro di fuoco e ricariche di urla. I checkpoint sono mostrati come torce che devono essere caricate con il fuoco. Dopo ogni livello, c'è una sequenza simile a Bomberman per guadagnare una continuazione extra. I nemici includono mosche, tartarughe, rospi e tutti i tipi di dinosauri.
Ranma 1-2 - Byakuranaika (Japan)	Ranma ½: Byakuran Aika è un gioco di avventura per Mega-CD. È stato il primo di tre giochi di Ranma ½ ad essere pubblicato nel 1993 e l'unico pubblicato su Mega-CD. Il titolo può essere tradotto come &quot;White Orchid Serenade&quot;. Il gioco è arrivato con una scheda telefonica e ha una colonna sonora, la Electronic Game Music Collection. Il gioco presenta una storia originale incentrata su un nuovo personaggio, Arisa Nanjo. Dopo che gli amici di Ranma Saotome sono scomparsi, tocca a lui rintracciarli. Il gioco è un videoromanzo che coinvolge il giocatore, che agisce come Ranma, selezionando da una serie di scelte, come cosa fare o dire a qualcuno. I risultati vengono quindi riprodotti in una sequenza animata. Usa un sistema di battaglia in stile Rock-Paper-Scissors. I personaggi sono doppiati dal cast originale della serie.
RDF - Global Conflict (USA)	Utilizzando un'emozionante combinazione di rendering 3D e azione di combattimento esplosiva, RDF: GLOBAL CONFLICT è un'esperienza multimediale interattiva che spinge il sistema CD di Sega ai suoi limiti! In qualità di comandante di carri armati dell'RDF, l'élite Rapid Deployment Force, metterai alla prova la tua astuta battaglia in un mondo virtuale realistico, dalla campagna devastata dalla guerra dell'Europa orientale alla desolata tundra dell'Alaska! Ma guardati le spalle! Un genio del male può rappresentare una minaccia non solo per la squadra, ma per tutta l'umanità!
Record of Lodoss War (Japan)	Basato sulla serie di romanzi del 1988 di Ryo Mizuno, Record of Lodoss War, si concentra sulle avventure dell'eroe principale del ciclo di romanzi Parn, del suo migliore amico Etoh e dell'adorabile sciamano alto elfo Deedlit Invece della più tradizionale navigazione dall'alto verso il basso della mappa del mondo in stile RPG giapponese e delle battaglie casuali, il gioco ha una mappa del mondo lineare e battaglie preimpostate. L'elemento strategico delle battaglie è più forte, poiché gli schermi di battaglia sono più grandi e non è possibile impostare le battaglie in automatico. Ogni attacco viene mostrato graficamente su uno schermo separato. Le aree ostili hanno una navigazione standard dall'alto verso il basso, mentre le città sono viste dalla prospettiva in prima persona e la navigazione in esse è basata su menu.
Revenge of the Ninja (USA)	La storia si svolge in Giappone, nei panni di Hayate, un giovane guerriero ninja emergente per fermare il male di Lougi e il suo esercito di demoni e goblin. Hai intenzione di vendicare la morte di tuo padre e dell'imperatore e salvare la tua ragazza dalle grinfie del male e porre fine al terrore che ha colpito le tue terre. Alcuni dei malvagi che affronti sono Marco Killmore (un guerriero samurai metà uomo e metà aquila), Zallen (un guerriero samurai caduto in disgrazia per distruggere Hayate), Vengor (un personaggio di tipo shiva di pietra), Desfal (una donna simile a una medusa) , Destroyer MPK (una collezione posseduta di armature da samurai) e, naturalmente, lo stesso malvagio cavaliere samurai, Lougi. Per giocare devi premere i pulsanti corrispondenti sullo schermo in un determinato momento, come premere il pulsante sinistro per andare a sinistra o possibilmente per evitare un'arma nemica o premere uno dei pulsanti normali per estrarre la tua arma e attaccare un certo nemico, molto come Dragon's Lair e Space Ace. Ci sono tre livelli di difficoltà, ognuno dei quali ti dà una certa quantità di tempo per premere i pulsanti, l'impostazione più difficile ti dà il minor tempo possibile.
Revengers of Vengeance (USA)	Revengers of Vengeance è una combinazione di RPG, sparatutto verticale e gioco di combattimento con uno stile fantasy/anime. Ci sono dieci personaggi disponibili, ognuno con il proprio retroscena animato e tecniche di combattimento. Devi scegliere un eroe e guidare le sue statistiche per creare un formidabile combattente in grado di abbattere il Re Diavolo e liberare la terra.
Rise of the Dragon (USA)	Rise of the Dragon è un'avventura che ha debuttato nel 1990 per DOS e Macintosh. La trama inizia nel 2053, in un futuro distopico in cui la figlia del sindaco di Los Angeles è stata assassinata e il suo corpo brutalmente mutilato. Il nostro protagonista, Willian 'Blade' Hunter, viene assunto per risolvere il caso, ma viene coinvolto in una grande cospirazione. Il gioco ha un orologio interno che ti costringe a essere nel luogo e all'ora corretti affinché determinati eventi accadano. Alcune scelte possono terminare l'avventura prematuramente, poiché ci sono più finali. La versione Sega CD ha aggiunto voci, ma ha una gamma di colori più piccola rispetto agli originali per computer.
Rise of the Dragon - A Blade Hunter Mystery (Japan)	Rise of the Dragon è un'avventura che ha debuttato nel 1990 per DOS e Macintosh. La trama inizia nel 2053, in un futuro distopico in cui la figlia del sindaco di Los Angeles è stata assassinata e il suo corpo brutalmente mutilato. Il nostro protagonista, Willian 'Blade' Hunter, viene assunto per risolvere il caso, ma viene coinvolto in una grande cospirazione. Il gioco ha un orologio interno che ti costringe a essere nel luogo e all'ora corretti affinché determinati eventi accadano. Alcune scelte possono terminare l'avventura prematuramente, poiché ci sono più finali. La versione Sega CD ha aggiunto voci, ma ha una gamma di colori più piccola rispetto agli originali per computer.
Road Avenger (USA)	Hai dichiarato guerra ad un gruppo di assassini, ora ti trovi solo con la tua macchina contro un esercito di fuorilegge in questa appassionante avventura cinematica.
Road Blaster FX (Japan)	Hai dichiarato guerra ad un gruppo di assassini, ora ti trovi solo con la tua macchina contro un esercito di fuorilegge in questa appassionante avventura cinematica.
Road Rash (USA)	Intensi combattimenti motociclistici e musica thrashin si uniscono per l'ultima Road Rash!nnCorri al ritmo della musica dei gruppi A&M Soundgarden, Paw, Swervedriver, Therapy?, Monster Magnet e Hammerbox.
Robo Aleste (USA)	Un'alleanza di potenti signori feudali sta tramando per distruggere il tuo sovrano, Nobunaga. Dipende da te e da Robo Aleste riuscire a fermarli.
Samurai Shodown (USA) (RE)	Nell'antico Giappone, un uomo di nome Shiro Tokisada Amakusa predica una religione eretica. Nessuno sa che Amakusa è davvero un servitore del malvagio Ambrosia, che ha assunto il corpo di Amakusa. Ambrosia desidera avvolgere il mondo nelle tenebre. Ora scegli tra 12 guerrieri (e 3 personaggi bonus) per combattere per l'onore di distruggere Amakusa e portare a termine una missione.
San Diego Zoo Presents... The Animals!, The (USA)	Tecnologia video con audio rivoluzionaria in The Animals! ti consente di vedere e ascoltare oltre 200 mammiferi, uccelli e rettili esotici in oltre 60 minuti di videoclip. Utilizzando film, suoni e storie, The Animals! ti offre anche le informazioni più complete e aggiornate sui nostri vicini animali dagli esperti del famoso zoo di San Diego. Se ami gli animali, adorerai The Animals! È facile e divertente per bambini e adulti esplorare le vaste risorse di The Animals! Facendo clic sulla mappa dell'habitat si accede immediatamente agli animali che vivono in una delle principali zone climatiche della terra, tra cui: foreste tropicali, deserti, savane o tundra. Sali a bordo del tour bus multimediale per un tour narrato di Animals in Disguise, Fact or Fable e Jaws, Claws and Creature Features. Nello Storybook Theatre, ascolterai affascinanti storie di animali come Raising Gordy Gorilla, Protecting Endangered Species e Wild Safari.
Sangokushi III (Japan)	Sangokushi III, noto in Occidente come Romance of the Three Kingdoms III: Dragon of Destiny, è il terzo gioco della serie Sangokushi di Koei, una parte della serie di simulazione storica e un sequel di Romance of the Three Kingdoms II. È stato rilasciato per la prima volta nel 1992 su vari computer domestici ed è stato portato su una varietà di altre piattaforme, incluso il Sega Mega Drive nel 1992 e il Sega Mega-CD nel 1993.
Secret of Monkey Island, The (USA) (RE)	Ayyyyye CIURMAGLIA!nnBenvenuto al porto di Melee, signor Gybrush Threepwood. Quindi sai cosa significa essere un pirata spavaldo e assetato di sangue come il resto di noi, vero? si pensaun giovane mozzo come te sarà il primo a domare la misteriosa Monkey Island? Be', signorina, essere un bucaniere è molto di più che brandire una spada e trangugiare galloni di Grog. Prima devi superare il test del cane da caccia. Buona fortuna amico... ne avrai bisogno. .Innumerevoli enigmi da far grattare la testa. . Facile interfaccia &quot;punta e clicca&quot; per il controllo totale del personaggio. . Cast di personaggi e personalità completamente interattivo. Universo di avventura grafica estremamente grande con centinaia di oggetti e luoghi da esaminare ed esplorare.
Sega Classic Arcade Collection - Limited Edition (Japan)	Venduto solo in un pack-in con il Sega Mega-CD, la collezione ha aggiunto Super Monaco GP ma era identica al 4-in-1, inclusa la versione di Revenge of Shinobi inclusa. Columns Golden Axe Revenge of Shinobi Streets of Rage Super Monaco GP
Sega Classics Arcade Collection (USA) (5-in-1)	&quot;Sega Classics Arcade Collection 5-in-1&quot; è una raccolta di cinque porte di gioco Megadrive: il gioco puzzle Columns, il gioco di corse Super Monaco GP, il gioco d'azione The Revenge of Shinobi e il beat'em all Golden Axe e Streets di rabbia. I giochi in queste compilation presentano grafica e musica migliorate rispetto alle versioni originali.
Sega Classics Arcade Collection - Limited Edition (Europe) (Rev A)	&quot;Sega Classics Arcade Collection 5-in-1&quot; è una raccolta di cinque porte di gioco Megadrive: il gioco puzzle Columns, il gioco di corse Super Monaco GP, il gioco d'azione The Revenge of Shinobi e il beat'em all Golden Axe e Streets di rabbia. I giochi in queste compilation presentano grafica e musica migliorate rispetto alle versioni originali.
Seima Densetsu 3x3 Eyes (Japan, Korea)	Ispirato al manga 3x3 Eyes, scritto e disegnato da Yuzo Takada, il gioco segue fedelmente la storia dell'opera che lo ha ispirato, con protagonista il protagonista Yakumo, che è stato accidentalmente trasformato in un &quot;wu&quot; (un servo immortale obbediente e riluttante) da Pai (un essere della razza sanzhiyan che ha un potente terzo occhio e l'eterna giovinezza) mentre cerca di proteggerlo dall'attacco di un uccello. Seguendo il tradizionale stile JRPG, Selma Densetsu 3x3 Eyes offre incontri casuali e battaglie a turni.
Seirei Shinseiki - Fhey Area (Japan)	Ambientato in un mondo medievale, Seirei Shinseiki Fhey Area mette il giocatore al comando di un giovane di nome Raphael. Un giorno, la regina visita il suo villaggio e racconta di una guerra avvenuta 1200 anni prima e della leggenda di un coraggioso cavaliere. Notando uno strano anello al dito, la regina lo invita ad andare al castello, ma improvvisamente scompare. Ora, l'aspirante eroe deve scoprire cosa è successo. Nello stampo di altri giochi di ruolo orientali, l'esplorazione, l'aumento di livelli attraverso le battaglie e l'acquisto di nuove attrezzature e armi diventa essenziale.
Sengoku Denshou (Japan)	Il primo episodio del noto franchise di picchiaduro di SNK è arrivato su Sega CD portando tutti i contenuti visti nelle sale giochi. Presentando però gravi perdite sia nella grafica che negli effetti sonori. La trama tratta della lotta tra due samurai che secoli fa si opposero all'opprimente feudatario, e quest'ultimo, caduto sconfitto, fece voto di tornare. Ora, la sua promessa è soddisfatta e torna portando con sé creature malvagie del periodo Sengoku. Spetta ai due discendenti dei mitici eroi contenere gli invasori del passato.
Sensible Soccer (Europe) (En,Fr,De,It)	Con un'ampia scelta di squadre tra cui scegliere, con 100 club europei e una grande varietà di squadre provenienti da vari paesi del mondo, Sensible Soccer (o Championship Soccer '94) ti consente di giocare amichevoli o partecipare a campionati o coppe, oltre come consentire la modifica dei club. La partita è vista da una prospettiva sopra il campo come se una telecamera aerea stesse sorvolando lo stadio. Questa versione si distingue dalle altre principalmente per presentare migliori effetti sonori grazie alla qualità del CD.
Sewer Shark (USA)	Una nuova e rivoluzionaria avventura per Mega CD con attori in carne ed ossa. Grafica incredibile e sonoro fantastico. Unitevi all' asso delle fogne Jokey ghost, per trasportare approvvigionamenti vitali tramite il labirinto di tunnel infestato dai ratti. Seguite le istruzioni di volo del vostro droide di navigazione, friggete i parassiti e pregate di rivedere ancora la luce del sole.
Shadow of the Beast II (USA)	In sostanza, un picchiaduro a scorrimento laterale, ma con una trama epica e puzzle. L'introduzione, ora un classico di Amiga, mostra il Mago Zelek che rapisce la sua sorellina e l'obiettivo del gioco è di salvarla. Lungo la strada, una varietà di enigmi, missioni secondarie e mostri davvero cattivi inseguono ogni tuo passo.
Shadow of the Beast II - Juushin no Jubaku (Japan)	In sostanza, un picchiaduro a scorrimento laterale, ma con una trama epica e puzzle. L'introduzione, ora un classico di Amiga, mostra il Mago Zelek che rapisce la sua sorellina e l'obiettivo del gioco è di salvarla. Lungo la strada, una varietà di enigmi, missioni secondarie e mostri davvero cattivi inseguono ogni tuo passo.
Shadowrun (Japan)	Shadowrun su Mega-CD è ispirato all'omonimo gioco di ruolo da tavolo. Sebbene ne tragga l'universo futuristico, il videogioco differisce molto dall'originale. Controlli Jake che si sveglia con una grave amnesia dopo una sparatoria a Seattle nel 2050. Scoprirai insieme a lui come Nani, Orchi e Umani convivono nelle grandi città e imparano a sopravvivere nonostante i pericoli che ti aspettano ad ogni angolo di strada.
Sherlock Holmes - Consulting Detective (USA)	Insieme al suo inseparabile amico e consulente Watson, il detective più famoso della storia dovrà dipanare tre casi inizialmente irrisolvibili. Il primo è l'omicidio di tre uomini che sono stati apparentemente uccisi da una mummia, il secondo tratta di una donna smemorata che è stata condannata per aver ucciso il suo amante, e l'ultimo presenta il misterioso omicidio di un vecchio generale la cui risposta potrebbe trovarsi nel suo passato. L'unico modo per scoprire la verità è indagare sugli indizi e interrogare le persone. Dopo aver presentato tutte le prove decisive al giudice, chiuderà il caso.
Sherlock Holmes - Consulting Detective - Vol. II (USA) (Disc 1)	Il secondo volume della saga di Sherlock Holmes presenta lo stesso senso di indagine e stimolazione dell'intelligenza del giocatore visto nel gioco precedente. Tre nuovi casi irrisolvibili arrivano a Holmes, che mette subito in pratica il suo acuto intuito. La prima tratta della morte di due leoni che facevano parte di uno spettacolo itinerante. Il secondo ha scioccato il mondo dell'arte con il furto di una coppia di dipinti che erano nella galleria nazionale e il terzo è avvolto nel mistero con l'omicidio di un ricco produttore di armi.
Shin Megami Tensei (Japan)	Un giorno, un giovane fa uno strano sogno in cui viene risucchiato in un'altra dimensione con una struttura simile a un labirinto. Entra in contatto con uno spirito ed un popolo enigmatico. Poi sua madre lo sveglia e riceve un'e-mail che profetizza la fine del mondo, solo per scoprire che è stato aperto un portale per consentire ai demoni di entrare a Tokyo. Tutti gli esseri nel gioco sono impegnati in una delle tre ideologie: Legge, Caos e Neutrale, e gran parte della narrazione è supportata dal conflitto tra queste forze opposte.
Shining Force CD (USA) (3R)	Unitevi alla Shining force nella loro lotta coraggiosa per sconfiggere il magalomane King Ian e il suo esercito invasore. Giocate nel ruolo di massimo 12 personaggi appartenenti a 20 categorie uniche la cui forza e abilità aumentano nel corso del gioco. In questo CD troverete il meglio della serie Shining Force in quattro avventure complete con altre cinquanta battaglie!
Silpheed (USA)	Silpheed per Sega CD è il sequel dell'omonimo titolo per PC. Il gameplay è simile: si tratta fondamentalmente di uno sparatutto 2D con grafica 3D. La nave si muove su un piano 2D che raggiunge lo schermo, come un flipper. La versione Mega CD di Silpheed utilizza video prerenderizzati per gli sfondi e grafica poligonale per la nave del giocatore e i nemici. La storia è quella tipica di un gioco di questo tipo. Il sistema informatico centrale che controlla la rete galattica è stato violato dai terroristi. I terroristi usano il computer per attaccare i pianeti colonia in tutto il sistema. Siete l'ultima risorsa della Galaxy Union: dovete combattere attraverso 11 fasi per raggiungere la Terra e riprendere il controllo del computer.
SimEarth (Japan)	SimEarth è un'altra brillante idea del geniale Will Wright, la mente responsabile della creazione di franchise come The Sims e SimCity. L'obiettivo qui è quello di gestire un pianeta e le forme di vita che esistono su di esso, partendo da organismi unicellulari e attraverso miliardi di anni di evoluzione per comandarli nelle loro prime incursioni nello spazio. È essenziale mantenere i bisogni primari dei suoi abitanti, poiché qualsiasi focolaio di malcontento può generare conflitti ed epidemie a livello globale.
Sing!! Sega Game Music Presented by B. B. Queens (Japan)	SING!! Sega Game Music Presentato da B.B. Queens è un album di musica per Sega Mega Drive e Mega-CD coperta dal gruppo pop giapponese B.B.Queens. L'album è stato arrangiato da Masao Akashi ed eseguito da Yuko Tsubokura, Keiko Utoku, Yuichii Ikusawa, Maki Ohguro, Fusanosuke Kondou, Seiichiroh Kuribayashi e Keiji Katayama. nnSebbene si pensi principalmente che non ci sia musica relativa a Sonic, la canzone &quot;Funky Brothers&quot; è in realtà dal gioco arcade inedito, SegaSonic Bros. che era all'epoca, ancora in fase di sviluppo. La prima &quot;traccia&quot; è in realtà una versione speciale del gioco Teddy Boy Blues per Mega-CD con nuovissimi livelli e permette al giocatore di scegliere una qualsiasi delle tracce audio dell'album come musica di sottofondo per il gioco.
Slam City with Scottie Pippen (USA) (Disc 1) (Fingers)	Slam City con Scottie Pippen è un videogioco di basket in full motion. Utilizza una tecnologia proprietaria per consentire il passaggio da una scena all'altra senza ritardi, il che consente un video interattivo più fluido. nnIl gioco è relativamente semplice, utilizza poco più dei tasti freccia ed è molto diverso da qualsiasi altra simulazione di basket. Il basket è semplicemente il soggetto della trama del gioco, che coinvolge il nuovo arrivato, Ace (il giocatore), e una miriade di altri personaggi, giocatori di basket o semplicemente spettatori, tutti con personalità diverse. Fondamentalmente è giocare uno contro uno su un campo magazzino e salire le &quot;scale&quot; finché non guadagni abbastanza rispetto per giocare contro Scottie Pippen. Il gioco presenta un totale di 13 personaggi, 5 dei quali il giocatore ha la possibilità di giocare contro, tutti interpretati da attori reali.
Smurfs, The (Europe) (En,Fr,De,Es,It)	Gargamella ha appena perfezionato un terribile complotto per rapire TUTTI i Puffi. Quattro di loro sono già scomparsi. Dovrai sfidare i Puffi arrabbiati e mosche ronzanti prima di puffare la montagna su una slitta, viaggiare sul dorso di una cicogna e finalmente sfidare il famigerato GARGAMELLA!nnINTRODUZIONE ANIMATA porta la magia dei Puffi nel Mega CD SEGA!nnATTENZIONE al Puffo volante, è fuori controllo! Corri e salta verso la tua strada per il successo con GRAFICA e ANIMAZIONI incredibili!nnMUSICA E AUDIO DI QUALITÀ CD rendono questo il più grande gioco Puffi di sempre. Allora, cosa stai aspettando? INIZIA A PUFFARE!!
Snatcher (USA)	Snatcher si svolge nella città futuristica di Neo Kobe, una città di follia e degrado. L'anno è il 2047. L'umanità sta affrontando la sua più grande crisi. È apparsa una misteriosa forma di vita bio-roidea. La sua vera natura e il suo scopo sono sconosciuti. È l'arma segreta di un paese o un alieno? Appaiono in inverno, uccidono le persone e prendono il loro posto nella società. Hanno una pelle artificiale, sudano e sanguinano. È stata formata una nuova forza di polizia, appositamente addestrata per combattere gli Snatcher: i JUNKER. Ogni volta che si incontra qualcuno, bisogna porsi una domanda difficile: è una persona o un ladro? Il giocatore assume il controllo di Gillian Seed, una JUNKER. Il gameplay segue in gran parte la struttura di un'avventura in stile giapponese. Il giocatore utilizza un'interfaccia guidata da un menu per eseguire i comandi, che comprendono lo spostamento da un luogo all'altro e l'interazione con l'ambiente.
Software Toolworks' Star Wars Chess, The (USA)	Star Wars Chess è un gioco di scacchi in cui i pezzi sono personaggi dell'universo di Star Wars. Quando vengono presi i pezzi, viene mostrata una battaglia animata, proprio come in Battle Chess.
Sol-Feace (USA) (RE)	Nel terzo millennio l'umanità ha lanciato un nuovo esperimento: un circuito di intelligenza artificiale viene trapiantato in una macchina. Il risultato è GCS-WT, un super computer progettato per fungere da unificatore della società umana. Ma GCS-WT si trasforma invece in un dittatore e inizia a sopprimere l'umanità. Uno scienziato, Edwin Feace, si propone di contrastare il male di GCS-WT. Feace progetta un rivoluzionario caccia spaziale biposto, Sol-Feace, che utilizzerà per distruggere GCS-WT e liberare la Terra oppressa. Feace viene assassinato da una caccia all'uomo in tutta la galassia inviata da GCS-WT, e due giovani sopravvissuti fanno rotta con Sol-Feace per la Terra. Nel grande vortice di luce e calore, inizia la tragedia del sangue e dell'olio...
Sonic CD (USA)	Questo è un classico gioco d'azione a scorrimento laterale di Sonic the Hedgehog. Il Dr. Robotnik ha conquistato il Piccolo Pianeta, catturato Amy e creato Metal Sonic con l'obiettivo di raccogliere tutte le Time Stones per poter manipolare il tempo e conquistare il mondo. Spetta a Sonic fermarlo, sfrecciando attraverso livelli ambientati in periodi di tempo diversi, raccogliendo Time Stones. Sonic CD dispone di funzionalità che sfruttano il formato CD come CD audio, clip video e altri livelli (oltre 50 in totale).
Sonic the Hedgehog CD (Japan)	Questo è un classico gioco d'azione a scorrimento laterale di Sonic the Hedgehog. Il Dr. Robotnik ha conquistato il Piccolo Pianeta, catturato Amy e creato Metal Sonic con l'obiettivo di raccogliere tutte le Time Stones per poter manipolare il tempo e conquistare il mondo. Spetta a Sonic fermarlo, sfrecciando attraverso livelli ambientati in periodi di tempo diversi, raccogliendo Time Stones. Sonic CD dispone di funzionalità che sfruttano il formato CD come CD audio, clip video e altri livelli (oltre 50 in totale).
SoulStar & Battlecorps (Europe) (Demo)	La biosfera si sta scaldando in soulstar e con oltre 40 emozionanti missioni da conquistare su 6 pianeti non ti raffredderai mai in questo fantastico sparatutto in 3D.
SoulStar (USA)	La biosfera si sta scaldando in soulstar e con oltre 40 emozionanti missioni da conquistare su 6 pianeti non ti raffredderai mai in questo fantastico sparatutto in 3D.
Space Ace (USA)	Il malvagio comandante Borf ha rapito la fidanzata di Ace, la bella Kimberly, e sta tramando per schiavizzare la Terra usando il suo temuto &quot;Ray Infant&quot;, un'arma che cambia tutti a colpi di pistola in un bambino indifeso. Armato solo di una pistola laser, Ace deve trovare e distruggere l'Infanto Ray, salvare Kimberly e salvare la Terra. Tutto in una giornata di lavoro per un supereroe, giusto?
Space Adventure, The - Cobra - The Legendary Bandit (USA)	Lanciati in una nuova dimensione di avventura di gioco con l' ultimo pirata spaziale... COBRA!!nnCobra è tornato! Un nuovo travestimento nasconde la sua vera identità mentre torna a far esplodere la spazzatura spaziale che sta terrorizzando le vittime innocenti dell'universo. Con la mega-potente Psycho-gun nascosta nel suo braccio sinistro e il suo fedele partner Armaroid Lady in sella a un fucile, sarà il duro da battere. Ma è con le spalle al muro. La malvagia gilda dei pirati è alla ricerca del suo scalpo, la Galaxy Patrol lo vuole vivo o morto e c'è una bella donna in agguato nelle oscure profondità dello spazio che lo aspetta. Uff... parliamo di azione hot! È tutto qui in questo brillante adattamento della serie animata giapponese di successo dell'artista di fama mondiale Buichi Terasawa. Quindi tieni duro e preparati a sfrecciare verso i confini esterni del tempo e dello spazio con il maestro rinnegato di primo grado.. . COBRA!!
Star Wars - Rebel Assault (USA)	Star Wars: Rebel Assault su Mega-CD è un gioco d'azione basato sull'universo di Star Wars. Il giocatore interpreta Rookie One, un giovane contadino su Tatooine che si è appena unito all'alleanza ribelle e deve compiere diversi tipi di missioni: distruzione di navi, infiltrazione ...
Starblade (USA)	&quot;Geosword. Geosword. EseguinnOperazione Starblade! Pianeta RossonnL'occhio deve essere distrutto! Ripetere. Il pianeta Red Eye deve essere distrutto!&quot;nnAlla fine si è arrivati a questo. Tu, solo sulla sedia da artigliere con l'intera armata degli Occhi Rossi in faccia. Afferra il tuo cannone laser da 1 5 tonnellate e rimbomba con ondate di mercenari alieni implacabili. Scendi in profondità nel malvagio pianeta meccanizzato Red Eye e annienta la fonte di energia di Octopus. Distruggi l'onnipotente corazzata Iceberg e l'imbattibile ammiraglia Commander. Esegui l'operazione Starblade. Starblade... Blink e tu sei la storia.
Stellar-Fire (USA)	I cybernauti Draxon marciano attraverso la galassia hackerando... facendo esplodere... schiacciando tutti coloro che si oppongono a loro. E ora la razza senza cuore delle macchine sta puntando la sua potenza di fuoco sulla Terra stessa. Come l'ultimonnrimanendo pilota di caccia nello Stellar e, devi combattere attraverso strati o lune infestate dai nemici per raggiungere il pianeta natale di Droxon e distruggerlo. Solo le tue abilità di pilotaggio e le tue armi possono impedire che i 10 miliardi di esseri umani della Terra vengano invasi e ridotti in schiavitù ... Quindi,prendi i comandi. Falli esplodere! Il Draxon DEVE morire!
Supreme Warrior (USA) (Disc 1) (Fire & Earth)	CHE LA BATTAGLIA ABBIA INIZIO SEI UN COMBATTENTE DA STRADA DI KUNG-FU IN UN MONDO GOVERNATO DA SIGNORI DELLA GUERRA E MAESTRI DI CULTI MALVAGI, TRANNE QUESTA VOLTA... È REALE! • Video reale al 100% • Girato in esterni a Hong Kong • I veri campioni di arti marziali sono i tuoi avversari (non cartoni animati) • Decine di incredibili mosse speciali ed effetti speciali • Dodici avversari: 1 Master, 3 Warlords, 8 Bodyguards • Regolabile su tre livelli di abilità Il selvaggio signore della guerra Fang Tu promette di mettere il cuore di tutti sul rogo a meno che non ottenga la maschera che hai nascosto nel tuo sacco. Il tuo vecchio maestro Kai consegna la sfida di questo guerriero: devi combattere ciascuno dei signori della guerra di Fang Tu, ottenere i loro poteri speciali e sconfiggere Fang Tu per salvare la situazione. Lungo la strada, la bellissima Yu Ching - un'altra allieva del Maestro Kai - vi darà tutto l'aiuto che può.. Non sarà facile .. questi sono alcuni dei tizi più cattivi in Cina!
Surgical Strike (USA)	Cerca e distruggi! In futuro, la guerra sarà combattuta su un campo di battaglia aperto. I guerriglieri urbani ad alta tecnologia attaccheranno del nulla e poi svanire nelle città e nei villaggi nascondersi tra la popolazione innocente. Per scovare questo nemico invisibile senza causare vittime civili, le nazioni del mondo si sono unite per creare un unità d'élite delle forze speciali, il Surgical Strike Team. Hai il controllo totale di un hovercraft altamente manovrabile che carica i nemici direttamente. volta per esplorare nuove strade. o ruota di 180 gradi per affrontare un attacco da dietro! Scegli la tua arma! Cecchini terroristi Pepper con una mitragliatrice da 3 mm o razzi a guida laser per eliminare i carri armati nemici con la massima precisione. Accedi alla mappatura elettronica di bordo per rilevare postazioni nascoste mentre un AWACs C-130 in cerchio ti fornisce informazioni aggiornate.
Switch (Japan)	Un virus ha infettato la rete informatica mondiale, che colpisce tutti i dispositivi elettronici sulla terra. Tuttavia, un programma speciale chiamato &quot;Panic!&quot; è progettato per contrastare gli effetti del virus e ripristinare le condizioni di funzionamento della rete. Interpreti Slap the Boy e il suo compagno, Stick the Dog (non sono azioni, sono i loro nomi) che si sono proposti di riportare la rete alla normalità.
Syndicate (Europe) (En,Fr,De)	Nell'anno 2096, le grandi società controllano tutte le sfere della società, in particolare la politica. Dietro le quinte, c'è una guerra implicita tra loro per la supremazia e il potere. Il protagonista è un cyber agent di uno di questi sindacati, che deve svolgere missioni eticamente discutibili a favore dei propri datori di lavoro. Syndicate è un gioco di ruolo strategico con una vista isometrica che è stato molto acclamato alla sua uscita quando è arrivato sui personal computer nel 1993.
Tenbu Mega CD Special (Japan)	Tenbu: Mega CD Special è un adattamento di Tenbu: Sangokushi Seishi pubblicato nel 1991 solo in Giappone per computer PC 98 di NEC. Segue uno stile di battaglia basato sulla tradizione del genere strategico in tempo reale con combattimenti dinamici e intensi con una forte attenzione alla storia e alle tradizioni orientali e probabilmente molto più attraente per il pubblico in queste regioni.
Tenkafubu - Eiyuutachi no Houkou (Japan)	Tenka Fubu è un gioco di strategia, sviluppato e pubblicato da Game Arts, che è stato rilasciato in Giappone nel 1991. Sviluppato da Takeshi Miyaji, il fondatore di Game Arts, che ha anche avuto ruoli chiave nelle serie Silpheed, Lunar e Grandia. Il sistema del gioco è stato rielaborato per questa versione. Il concetto centrale della serie è spesso citato come &quot;la visione sbagliata del Giappone da parte di uno straniero&quot;
Terminator, The (USA)	Kyle Reese, guerriero solitario del futuro, torna nel passato per proteggere l'unica donna che detiene la chiave per la sopravvivenza della razza umana. Insieme devono affrontare non solo tutto ciò che Los Angeles ha da offrire loro, ma anche la terrificante potenza di un cyborg noto come Terminator... Che non si fermerà davanti a nulla per ucciderli entrambi.
Theme Park (Europe) (En,Fr,De,Es)	In Theme Park, il giocatore deve gestire un parco divertimenti. Per svilupparlo, deve attirare il massimo numero di visitatori che desiderano un parco divertente ma pulito. Per fare ciò, è possibile costruire una serie di attrazioni, dai castelli gonfiabili alle montagne russe... Il giocatore può anche costruire negozi come distributori di bevande, patatine, gelati... Il giocatore dovrà gestire prezzi, scorte e altri parametri. La ricerca di nuove attrazioni e negozi è possibile investendo nella ricerca. Si possono anche cercare nuove decorazioni (alberi, fiori) o infrastrutture (pattumiere, servizi igienici...). Anche la gestione del personale fa parte del processo: si dovranno assumere meccanici, guardie di sicurezza, animatori e addetti alle pulizie. La qualità del loro lavoro dipenderà ovviamente dalla loro retribuzione.
Third World War (USA)	La terza guerra mondiale è un wargame &quot;ipotetico/e se&quot; con una svolta. Ambientato alla fine del XX secolo, quando sono scoppiati conflitti in tutto il mondo e la pace mondiale è solo un ricordo del passato. Come leader di una delle 16 nazioni, il tuo obiettivo finale non è altro che il dominio del mondo. Per raggiungere questo obiettivo hai una moltitudine di opzioni che vanno dalla pura potenza militare, alla diplomazia, alla politica di investimento estera o interna, all'aiuto ai terroristi o ai rivoluzionari, alla manipolazione dei media. In altre parole, è proprio come il mondo reale. Il gioco offre 5 scenari distinti, ognuno dei quali richiede strategie diverse per vincere.
Thunder Storm FX (Japan)	Lanciati in un combattimento esplosivo con l'elicottero direttamente dal successo arcade! I missili a ricerca di calore del tuo Cobra e le mitragliatrici di grosso calibro sono le uniche armi nel tuo ultimo disperato assalto contro una minaccia militare omicida!
Thunderhawk (Europe) (En,Fr,De,Es) (RE)	Thunderhawk è un gioco d'azione su Mega-CD che ti dà il controllo di un elicottero da combattimento in una serie di sei campagne futuristiche. La versione originale include un totale di 60 operazioni con vari obiettivi. Prima di volare nel cielo, il giocatore può adattare l'arsenale imbarcato per adattarlo. Il pilotaggio è tecnico ma accessibile, senza essere complesso come altre simulazioni disponibili nel 1993.
Time Gal (USA)	TIME GALnnIl subdolo Luda è libero nel tempo e vuole cambiare la storia dell'umanità. Aiuta Time Gal a fermarlo prima che il mondo che conosci venga distrutto. Tieniti stretto alla tua macchina del tempo mentre viaggi dalla preistoria al futuro. Salta da un aereo all'altro in un combattimento tra cani della seconda guerra mondiale, naviga su un galeone spagnolo in alto mare, cavalca un siluro attraverso l'oceano, combatti contro i robot in una stazione spaziale futuristica e fuggi da dinosauri affamati. Sei abbastanza coraggioso e veloce da affrontare le sfide che ti aspettano prima che scada il tempo?
TimeCop (Europe) (Demo)	Timecop è un gioco d'azione vagamente basato sul film con lo stesso nome. È stato rilasciato per il Super Nintendo Entertainment System all'inizio del 1995. nnA un certo punto era in fase di sviluppo anche un port potenziato per Sega Mega-CD, che secondo quanto riferito è stato completato, ma annullato all'ultimo minuto a causa della decisione del suo editore, JVC, di ritirare il supporto per il sistema. Il famigerato Timecop è stato persino rilasciato al pubblico, anche se in forma demo, insieme al numero 45 di Sega Pro CD - originariamente previsto per il numero 40, ma una riluttante JVC ha fatto sì che un disco demo di Mickey Mania fosse invece allegato alla rivista.
Tomcat Alley (USA)	Tomcat Alley è uno degli ultimi giochi TruVideo di Sega per SegaCD, con te e il tuo Tomcat F-14 che fate ciò che sapete fare meglio: combattimenti tra cani Mig russi!nnQuesta volta, un comandante sovietico rinnegato sta minacciando gli Stati Uniti con armi chimiche dalla sua base nel deserto messicano, e sta a te e ai tuoi gregari mettere a punto le strategie di combattimento aria-aria per rendere sicuro l'intero emisfero occidentale ancora!nnTomcat Alley è stato uno degli ultimi giochi TruVideo di Sega, caratterizzato da quello che viene chiamato il software &quot;Active Matrix&quot;, che consente molti risultati diversi in ogni situazione. Questo significa solo una cosa: molta più interazione e variazione rispetto ai precedenti giochi FMV (Full Motion Video)!
Trivial Pursuit (USA)	Questa è la prima versione multimediale del classico gioco da tavolo Parker Brothers. Utilizza foto, animazioni, video e clip vocali per porre oltre 2000 domande e risposte alle domande di Trivial Pursuit. Nel gioco classico, fino a 6 giocatori lanciano un dado sullo schermo e spostano il segnalino &quot;torta&quot; attorno al tabellone di gioco a raggi e ruote, proprio come nel gioco da tavolo. La piazza su cui atterri è codificata a colori in base a una delle sei categorie di curiosità: Persone e luoghi, Sport e tempo libero, Storia, Arte e intrattenimento, Scienza e natura e Wild Card. Rispondere correttamente alla domanda banale ti consente di fare un'altra svolta. Inoltre, se ti trovi sulla casella 'premio' alla fine di ogni raggio (1 raggio per ogni colore di categoria), la risposta corretta ti garantisce un pezzo di torta colorato nel tuo indicatore del piatto per quella categoria. Una volta che hai tutti e 6 i pezzi di torta nel tuo piatto, devi tornare all'hub per un'ultima domanda casuale per vincere la partita.
Ultraverse Prime (USA)	I giocatori controllano il supereroe Prime, un ragazzo di tredici anni chiamato Kevin Green che ha il potere di trasformarsi in una versione adulta di se stesso da supereroe. Prime può dare pugni, calci e saltare e combinarli in nuove mosse e combo. Il giocatore così come i nemici possono anche trovare occasionalmente armi o oggetti da raccogliere e lanciare. Alcune fasi sono molto più veloci poiché Prime vola ad alta velocità e deve colpire ostacoli e nemici in aria.
Urusei Yatsura - Dear My Friends (Japan)	Urusei Yatsura: Dear My Friends è un gioco di avventura punta e clicca basato sull'anime e sul manga con lo stesso nome im Italia conosciuto come &quot;Lamù, la ragazza dello spazio&quot;. È la storia di Ataru, un liceale libertino che non ama altro che tentare la fortuna con ogni bella ragazza che incontra. Sebbene sia generalmente di buon cuore, fa un buon lavoro nel nascondere questo fatto. Urusei Yatsura: Dear My Friends è una storia originale delle loro avventure. È dotato di animazione a schermo intero e il cast vocale originale della serie animata. Il giocatore avanza nella storia esaminando e interagendo con gli oggetti sullo schermo utilizzando l'icona di un cursore.
Vay (USA)	Vay è la storia del principe Sandor di Lorath e della sua ricerca per vendicare l'assassinio dei suoi genitori e salvare la sua amata Lady Elin. In quello che sarà il giorno del loro matrimonio, Castle Lorath viene assalito dai Danek, che sono stati in grado di ricostruire parzialmente la tecnologia mecha aliena di un millennio fa. Le difese del castello sono impotenti contro i robot giganti e il re e la regina vengono uccisi durante l'attacco. Gli invasori rubano Elin nel bel mezzo dei suoi voti nuziali. Il principe Sandor, ora re del regno, si propone di salvare la sua fidanzata e trovare un modo per sconfiggere la temibile tecnologia aliena.
Vay - Ryuusei no Yoroi (Japan)	Vay è la storia del principe Sandor di Lorath e della sua ricerca per vendicare l'assassinio dei suoi genitori e salvare la sua amata Lady Elin. In quello che sarà il giorno del loro matrimonio, Castle Lorath viene assalito dai Danek, che sono stati in grado di ricostruire parzialmente la tecnologia mecha aliena di un millennio fa. Le difese del castello sono impotenti contro i robot giganti e il re e la regina vengono uccisi durante l'attacco. Gli invasori rubano Elin nel bel mezzo dei suoi voti nuziali. Il principe Sandor, ora re del regno, si propone di salvare la sua fidanzata e trovare un modo per sconfiggere la temibile tecnologia aliena.
Wakusei Woodstock - Funky Horror Band (Japan)	Wakusei Woodstock offre una storia che sfugge alle convenzioni della maggior parte dei JRPG: The Funky Horror Band è una band composta da sei pacifici musicisti alieni fan della musica POP degli anni '80. Tuttavia, dopo essere stati banditi dal loro pianeta natale, la loro nave si schianta in un altro pianeta, dove un ragazzo di una città vicina li trova e deve aiutarli a riparare il veicolo spaziale e i suoi strumenti. È interessante notare che qui i personaggi non guadagnano livelli di esperienza: l'unica personalizzazione possibile è attraverso lo scambio di equipaggiamento.
Warau Salesman (Japan)	Warau Salesman si ispira all'omonimo manga che si inserisce in un genere noto come commedia nera, che tratta temi seri o tabù con un tocco di umorismo, ovvero l'umorismo nero. Il gioco presenta tre episodi, ognuno con protagonista un personaggio diverso e che consente risultati multipli. La partecipazione del giocatore è richiesta attraverso scelte nelle caselle di testo o toccando oggetti che hanno qualche tipo di ruolo nella trama.
Wheel of Fortune (USA)	Una delle tante versioni della ruota della fortuna rilasciate, la versione CD di SEGA ha 6.000 diversi puzzle con video in full motion della stessa Vanna White, tuttavia Pat Sajak fa la sua apparizione nel gioco. Il gameplay era lo stesso degli altri giochi, usando un misuratore di potenza per far girare la ruota, scegliere le lettere per riempire i puzzle e risolverli per arrivare al round bonus per avere la possibilità di vincere o un sacco di soldi.
Who Shot Johnny Rock (USA)	Siamo negli anni '30 e qualcuno ha ucciso il famoso cantante Johnny Rock in questo giallo ricco di azione. Il giocatore dovrà percorrere le strade secondarie, le sale da gioco, le pompe funebri e le sezioni sporche della città per ottenere gli indizi tenuti dal numero di loschi personaggi e risolvere questo mistero di omicidio. I cattivi con mitragliatrici offrono alti livelli di sfida.
Wild Woody (USA)	Dopo uno dei suoi viaggi, Dustin indossa con sé un totem, ma lo spirito che è dentro di lui si libera, creando un universo parallelo in grado di assorbire il mondo. Lowman, l'essere nella parte superiore del totem, trova una matita sul tavolo e la vita della vita, chiamando Wild Woody. Ora, l'aspirante eroe deve viaggiare in molte dimensioni alla ricerca dei fratelli di Lowman. Tra i vari modi per sconfiggere i nemici, puoi saltarci sopra e attaccarli anche con la tua carta assorbente.
Wing Commander (USA)	LA CONFEDERAZIONE HA BISOGNO DI UN EROE! Siamo nel 27° secolo e l'umanità è impegnata in una guerra mortale con l'Impero Kilrathi, una razza di alieni simili a gatti determinati a conquistare la Confederazione Terrestre. Lanciandoti dal TCS Tiger's Claw, tu e i tuoi fedeli gregari combattete senza paura a testa alta contro gli assi Kilrathi in accesi combattimenti aerei nello spazio profondo. Come uno dei piloti deboli della Confederazione, sei stato convocato per difendere l'Artiglio di Tigre del TCS. Se non puoi superare in astuzia i gatti Kilrathi, nessuno può! Non è sufficiente vincere una sola battaglia, devi prevalere durante l'intera campagna per salvare tutta l'umanità.
Winning Post (Japan)	Winning Post consente al giocatore di prendere il controllo di una scuderia di cavalli, allevandoli e addestrandoli per l'obiettivo finale, vincere il Gran Premio di Francia. nnIl giocatore può assumere allevatori, addestratori e fantini e gareggiare in oltre 240 diverse gare per guadagnare più soldi per acquistare personale ancora migliore e cavalli più veloci e più forti, oltre a mantenere sani i propri cavalli. I giocatori possono anche scommettere sulle corse. nnIl gameplay consiste nella scelta delle opzioni prima delle gare, come scegliere quali cavalli addestrare e quale reggimento intraprendere, visualizzare le statistiche, assumere personale e piazzare scommesse. Tuttavia il giocatore non ha alcun controllo sulle gare e non può partecipare e vedere solo come spettatore.
WireHead (USA)	Wirehead ti fa controllare Ned Hubbard, un uomo con un controller wireless impiantato nel cervello, tramite il suo joypad Genesis. nnI cattivi stanno inseguendo Ned per il suo &quot;impianto mentale&quot; e, naturalmente, l'unico modo per ottenerlo è aprirgli la testa. Ricordando Dragon's Lair, il percorso si aprirà e dovrai scegliere la direzione giusta o Ned la prenderà. nnI set e le location sono probabilmente il più grande ambito mai visto per un gioco FMV, con sequenze di inseguimenti e acrobazie nella vita reale che portano il giocatore attraverso aree come la Queen Mary, una rissa in un saloon, un aereo, una zattera d'acqua, più inseguimenti in auto e lottando con un orso!
Wolfchild (USA)	Il dottor Kal Morrow, esperto di ricerca genetica e creazione di ibridi uomo-animale, è stato rapito e la sua famiglia brutalmente assassinata dall'organizzazione terroristica CHIMERA. Il figlio superstite Saul decide di vendicare la sua famiglia. Usando la ricerca di suo padre, si trasforma in un uomo-lupo e si propone di trovare la base di CHIMERA e sconfigge il loro capo Karl Draxx. nnNei panni di Saul, il tuo compito è attraversare cinque diverse aree sulla strada per Draxx. Quando Saul raccoglie abbastanza potenziamenti, si trasforma nella sua forma di lupo e ottiene uno speciale attacco con colpi psichici, che può essere migliorato raccogliendo ulteriori potenziamenti. Tuttavia, se Saul perde salute, torna nella sua forma umana e ha solo i pugni per combattere i numerosi nemici.
Wonder Dog (USA) (RE)	Wonder Dog è un gioco platform a scorrimento laterale con un cane con abilità di salto super e potenti stelle da lancio. Wonder Dog ha queste abilità perché non proviene dalla Terra, ma dal pianeta K-9. Quando Wonder Dog era un cucciolo, gli scienziati di K-9 lo hanno sentito sulla Terra per sfuggire all'imminente invasione del Pitbully Armada. Ora armato del siero delle meraviglie, Wonder Dog deve tornare indietro per liberare K-9. nnQuesto gioco presenta una varietà di livelli colorati, diversi round bonus nascosti e un grande boss alla fine di quasi tutti i livelli.
WonderMega Collection (Japan) (Rev 2)	Wondermega Collection è un CD fourni avec the matériel Wondermega di Marque Victor au Japon, contenant quatre chansons karaoke CD + G et les jeux suivants:nnPaddle FighternnFlickynnPyramid MagicnnQuiz Scramble
World Cup USA '94 (USA) (En,Fr,De,Es,It,Nl,Pt,Sv)	World Cup USA 94 su Mega CD è il gioco ufficiale della Coppa del Mondo FIFA 1994, a cui la Francia non partecipò. Poco male, si può cambiare il corso della storia provando a qualificare gli azzurri, ma anche i nostri amici inglesi, compagni di sventura in questo triste anno. Sebbene non molto estetico, il placcaggio è richiesto in questo gioco in cui è il modo più efficace per afferrare la palla.
WWF - Rage in the Cage (USA)	WWF Rage in the Cage consente ai giocatori di scegliere tra 30 Superstar WWF uniche tra cui The Undertaker, Yokozuna, Bret Hart, Bam Bam Bigelow, Shawn Michaels, Razor Ramon e molti altri. Ogni superstar ha i propri punti di forza e di debolezza e ha una finitura personalizzata come la Tombstone per Undertaker, Sweet Chin Music per Shawn Michaels, ecc., Insieme ai suplex standard, ai body slam. nnCi sono una miriade di modalità di gioco tra cui scegliere, tra cui un normale single-fall match, tag team, 6-man tag team, battle royal e il temuto omonimo dei giochi, Steel Cage. Il gameplay principale ricorda WWF Royal Rumble con l'aspetto e la sensazione, ma presenta audio e grafica migliorati che utilizzano le capacità del Sega CD.
WWF Mania Tour - WWF - Rage in the Cage (Japan)	WWF Rage in the Cage consente ai giocatori di scegliere tra 30 Superstar WWF uniche tra cui The Undertaker, Yokozuna, Bret Hart, Bam Bam Bigelow, Shawn Michaels, Razor Ramon e molti altri. Ogni superstar ha i propri punti di forza e di debolezza e ha una finitura personalizzata come la Tombstone per Undertaker, Sweet Chin Music per Shawn Michaels, ecc., Insieme ai suplex standard, ai body slam. nnCi sono una miriade di modalità di gioco tra cui scegliere, tra cui un normale single-fall match, tag team, 6-man tag team, battle royal e il temuto omonimo dei giochi, Steel Cage. Il gameplay principale ricorda WWF Royal Rumble con l'aspetto e la sensazione, ma presenta audio e grafica migliorati che utilizzano le capacità del Sega CD.
Yumemi Mystery Mansion (Europe) (Made in EU)	Mansion of Hidden Souls è un gioco di avventura creato interamente con video in full motion. Si svolge in una villa pre-renderizzata che il giocatore esplora da una prospettiva in prima persona. Mentre vagano da una stanza all'altra, l'azione si svolge tramite sequenze video. Il giocatore assume il ruolo di Jonathan, un ragazzo la cui sorella ha vagato nella villa spettrale. Quando è entrata nella villa, è scomparsa! Inoltre, la villa è piena di farfalle parlanti. Il giocatore deve cercare in tutta la villa per svelarne i segreti e trovare la sorella di Jonathan.
Yumemi Yakata no Monogatari (Japan)	Mansion of Hidden Souls è un gioco di avventura creato interamente con video in full motion. Si svolge in una villa pre-renderizzata che il giocatore esplora da una prospettiva in prima persona. Mentre vagano da una stanza all'altra, l'azione si svolge tramite sequenze video. Il giocatore assume il ruolo di Jonathan, un ragazzo la cui sorella ha vagato nella villa spettrale. Quando è entrata nella villa, è scomparsa! Inoltre, la villa è piena di farfalle parlanti. Il giocatore deve cercare in tutta la villa per svelarne i segreti e trovare la sorella di Jonathan.
Yumimi Mix (Japan)	Yumimi Mix è un Digital Comics su Mega CD, ovvero un cartone interattivo dove ogni decisione presa dal giocatore influenza il corso della storia. Il giocatore segue le avventure di una giovane studentessa in Giappone di nome Yumimi, all'interno di un fantastico manga creato da Izumi Takemoto.
