#key	synopsis
3 Ninjas Kick Back (USA)	3 Ninjas Kick Back auf Mega CD ist ein Plattformspiel, das auf dem gleichnamigen Actionfilm basiert. Der Spieler spielt einen von drei jungen Ninjas und muss einem Samurai helfen, einen Dolch zu finden, der von seinem größten Rivalen gestohlen wurde. Jeder der 3 Charaktere hat seine eigenen Eigenschaften und entspricht einem bestimmten Spielstil.
A-Rank Thunder - Tanjou-hen (Japan)	Dieses Rollenspiel wurde nur in Japan veröffentlicht, und das aus gutem Grund: Es ist ein Versuch, eine Tokusatsu-Serie (wie X-Or) in ein Videospiel umzusetzen! Sie verkörpern den jungen Thunder (?), der in einem scheinbar wissenschaftlichen Komplex aufwacht. Schnell wird er von einem zwielichtigen Kerl mit großem Hut, Schnurrbart und schwarzer Brille erwischt. Dann beginnt eine Dialogphase (alle wichtigen Dialoge werden verdoppelt) und zu verschiedenen Zeitpunkten werden wir aufgefordert, Entscheidungen zu treffen.
A-X-101 (USA) (RE)	AX-101 auf Mega CD ist ein futuristisches Ego-Shooter-Spiel, dessen Ziel es ist, die Menschheit vor außerirdischen Angriffen zu schützen. Der Spieler spielt einen Raumschiffpiloten und muss die Kanone bei Weltraumkämpfen, Luftschlachten und manchmal auch in unterirdischen Umgebungen bedienen. Es stehen 3 Waffentypen zur Verfügung: die einfache Kanone, die viel stärkere Nachladekanone sowie Bomben, die vorsichtig gehandhabt werden müssen, da ihre Anzahl begrenzt ist.
Adventures of Batman and Robin, The (USA)	In The Adventures of Batman and Robin sind Robin und Commissioner Gordon verschwunden. Der Dunkle Ritter vermutet, dass einer oder mehrere der üblichen Verdächtigen darin verwickelt sein könnten, darunter Poison Ivy, Riddler und der Joker. Er macht sich in seinem treuen Batmobil auf den Weg, um die Situation zu bereinigen. Ein Großteil des Spiels besteht aus 3D-Action hinter dem Steuer des Batmobils. Es gibt auch Levels, in denen der Titelheld mit dem Batwing einen Angriff aus der Luft starten muss. Zwischen den Levels wird der Spieler mit einer Reihe von Zwischensequenzen verwöhnt, die fast eine ganze exklusive Episode von Batman: The Animated Series umfassen, auf der das Spiel basiert.
Adventures of Willy Beamish, The (USA)	Willy Beamish ist ein Junge, der gerne herumalbert und Spaß hat. Natürlich kommen ihm alle Erwachsenen in die Quere, indem sie ihn zwingen, zur Schule zu gehen, sein Zimmer aufzuräumen usw. Aber jetzt, wo die Schule für den Sommer aus ist, ist Willy fest entschlossen, sich zu amüsieren und vielleicht sogar seinen Lieblingsfrosch den Froschsprungwettbewerb gewinnen zu lassen. Doch Willy hat die Angewohnheit, in Schwierigkeiten zu geraten, und das bedeutet natürlich, dass es eine Herausforderung sein wird, da wieder herauszukommen.
After Armageddon Gaiden - Majuu Toushouden Eclipse (Japan)	Die Geschichte spielt in der Zukunft, Hunderte von Jahren nach der Ausrottung der Menschheit durch einen nuklearen Holocaust. Dämonen sind jetzt die Herrscher des Planeten, aber sie werden von einigen Außerirdischen/Robotern in den Kampf um die Herrschaft über die Erde verwickelt. Das Gameplay ähnelt Final Fantasy und ist nahezu identisch mit Last Armageddon. Die Kämpfe sind rundenbasiert und wie in „Last Armageddon“ verhindert das Blocken jeglichen Schaden durch den Feind.
After Burner III (USA)	After Burner III ist der dritte Teil der Arcade-Flugsimulationsreihe von Sega und führt dich zurück ins Cockpit der F-14 Tomcat, um mit deinem Arsenal an Sidewinder-Raketen und deiner treuen Vulkan-Kanone so viele Terroristenflugzeuge wie möglich zu bekämpfen. Der exklusive Titel für Sega-CD ist eigentlich eine Portierung von SEGAs Arcade-Kampfsim Strike Fighter, einer nur in Japan erschienenen Arcade-Version, die versuchte, das Sim-&quot;Lite&quot;-Gameplay von G-Loc Air Battle mit den Arcade-Gimmicks von After Burner zu kombinieren. So bietet das Spiel die Möglichkeit, sowohl im Cockpit als auch in der klassischen Third-Person-Perspektive zu spielen. Sowohl Nacht- als auch Tag-Szenarien sind jetzt verfügbar, mit Missionszielen, die neue Luft-Boden-Angriffe beinhalten. Das Spiel enthält 3 Spielmodi: Arcade, Timed und Hits. In Hits wird gezählt, wie viele Feinde man in bestimmten Wellen abschießen kann. Es ist Keine Multiplayer-Unterstützung verfügbar.
AH3 - Thunderstrike (USA)	Thunderhawk ist ein Actionspiel auf Mega-CD, das Ihnen die Kontrolle über einen Kampfhubschrauber in einer Reihe von sechs futuristischen Kampagnen gibt. Die Originalversion umfasst insgesamt 60 Operationen mit unterschiedlichen Zielsetzungen. Vor dem Flug in den Himmel kann der Spieler das eingeschiffte Arsenal anpassen. Die Pilotierung ist technisch, aber zugänglich, ohne so komplex zu sein wie andere Simulationen, die 1993 verfügbar waren.
Aisle Lord (Japan)	Aisle Lord ist ein 3D-Dungeon-RPG in der Tradition westlicher RPGs wie Wizardry und Might and Magic, obwohl die Geschichte und die Charakterentwicklung viel näher an RPGs im japanischen Stil mit einer festen Besetzung, die automatisch aufsteigt, angelehnt sind. Das gesamte Spiel, einschließlich Städte und Gebäudeinnenräume, wird aus der 3D-Perspektive einer dritten Person erkundet; Durch die einzelnen Räume und Übergangsbereiche wird im Stil eines Point-and-Click-Adventures navigiert. Die Kämpfe finden halbaktiv statt, wobei der Spieler jedem Charakter spezifische Befehle gibt, die er befolgt, bis er dazu aufgefordert wird, etwas anderes zu tun.
Alshark (Japan)	Ein junger Mann namens Sion Asmarn lebt mit seinem Vater, einem berühmten Forscher, in der Stadt Cosma auf dem Planeten Homu. Eines Tages fällt ein riesiger Meteorit auf den Planeten. Sions Vater macht sich mit dem Physiker Mamon Penrose auf den Weg, um den Vorfall zu untersuchen. Sion und seine Freundin Shoko, Mamons Tochter, wagen sich in die Schlucht, in die der Meteorit gefallen ist, doch sie sehen, wie Mamon, der offenbar von einer geheimnisvollen Kraft besessen ist, Sions Vater tötet und dann flieht. Entschlossen, Licht in diese schreckliche Angelegenheit zu bringen, begeben sich die beiden jungen Leute auf eine Reise, die sie in verschiedene Ecken des Universums führt.
Amazing Spider-Man vs. The Kingpin, The (USA)	Die Stadt New York ist sicherlich ein großartiger Ort, aber nicht, wenn dort das kriminelle Element sein Unwesen treibt. Zum Glück hat die NYPD den heldenhaften Spider-Man an ihrer Seite! Doch nun teilt einer der größten Verbrecher der Stadt, Wilson Fisk, alias The Kingpin, der Presse mit, dass eine irgendwo in New York platzierte Bombe innerhalb von 24 Stunden explodieren wird. Er beschuldigt direkt Spider-Man, der am Ende die Polizei im Nacken hat. Du musst die Bombe finden und dein Image wiederherstellen, aber Dr. Octopus, Electro und Mysterio werden versuchen, dir den Weg zu versperren.
Android Assault - The Revenge of Bari-Arm (USA)	Android Assault ist ein vertikal scrollendes Shoot'em Up. In Japan ist es auch als Bari-Arm bekannt. Technisch einwandfrei, 7 lange Level, riesige Bosse, angenehmer Soundtrack und perfektes Gameplay. Der Schwierigkeitsgrad ist progressiv, aber man muss zugeben, dass die letzte Etappe wirklich schwierig ist. Fleischbällchen-Liebhaber werden begeistert sein!
Annett Futatabi (Japan)	Die Geschichte spielt zwei Jahre nach „El Viento“. Nachdem sie von Earnest Evans vor dem sicheren Opfer gerettet wurde, reist Annet durch Europa und trifft auf eine Gruppe, die einen Anhänger in ihrem Besitz haben möchte. Nachdem sie von ihnen überfallen wurde, entkommt sie und begibt sich auf die Suche, um die Welt vor der Zerstörung zu schützen.
Aoki Ookami to Shiroki Mejika - Genchou Hishi (Japan)	Genghis Khan II: Clan of the Grey Wolf ist ein Action-/Strategiespiel. Zu Beginn des Spiels besteht die Möglichkeit, zwischen einer Welteroberung oder der Mongoleneroberung zu wählen. Im ersten Teil müssen Sie alle Länder erobern, um die Welt so aufzubauen, wie Sie es sich wünschen. Im zweiten Teil spielen Sie den großen Temujin und müssen alle kleinen Stämme der Mongolei vereinen.
Arcus I, II, III (Japan)	Arcus I-II-III ist ein First-Person-Dungeon-Rollenspiel, das exklusiv für die Sega Mega-CD Japan veröffentlicht wurde. Es kombiniert die ersten drei Spiele der Arcus-Serie von Wolf Team. Arcus, Arcus II: Silent Symphony und Arcus III, ursprünglich zwischen 1988 und 1991 für japanische Computer veröffentlicht.
Arslan Senki (Japan)	Arslan Senki ist ein Rollenspiel-Videospiel, das 1993 in Japan auf Mega-CD veröffentlicht wurde. Es basiert auf der Romanreihe The Chronicles of Arslân von Yoshiki Tanaka, die ebenfalls als Manga und Anime adaptiert wurde.
AX-101 (Japan)	AX-101 auf Mega CD ist ein futuristisches Ego-Shooter-Spiel, dessen Ziel es ist, die Menschheit vor außerirdischen Angriffen zu schützen. Der Spieler spielt einen Raumschiffpiloten und muss die Kanone bei Weltraumkämpfen, Luftschlachten und manchmal auch in unterirdischen Umgebungen bedienen. Es stehen 3 Waffentypen zur Verfügung: die einfache Kanone, die viel stärkere Nachladekanone sowie Bomben, die vorsichtig gehandhabt werden müssen, da ihre Anzahl begrenzt ist.
Bakuden - The Unbalanced Zone (Japan)	Das Spiel beginnt mit einem verrückten Intro und verheerender Musik, bevor es zu einem Spiel kommt, in dem vier Charaktere ohne Vorwarnung die Wand im Zimmer eines armen Kerls durchbrechen und Sie einfach dieser arme Kerl sind ... In diesem Spiel können Sie einfache Aktionen ausführen wie das Beobachten, Nehmen, Benutzen, Sprechen und Beschreiben von Objekten. Es ist voller Humor, aber hier liegt das Problem: Es ist alles auf Japanisch, daher ist es schwierig, die Geschichte und die Witze zu verstehen (es sei denn, man spricht Japanisch!) ...
Bari-Arm (Japan)	Android Assault ist ein vertikal scrollendes Shoot'em Up. In Japan ist es auch als Bari-Arm bekannt. Technisch einwandfrei, 7 lange Level, riesige Bosse, angenehmer Soundtrack und perfektes Gameplay. Der Schwierigkeitsgrad ist progressiv, aber man muss zugeben, dass die letzte Etappe wirklich schwierig ist. Fleischbällchen-Liebhaber werden begeistert sein!
Batman Returns (USA)	Donnern Sie im Batmobile durch feindlichen Verkehr, rasen Sie im Batskiboat durch Abwasserkanäle, oder kämpfen Sie Mann gegen Mann mit Gothams Lumpenpack!
Battle Fantasy (Japan) (Rev A)	Von der Einleitung an können wir zu Recht ein Rollenspiel erwarten, da alle Elemente der Heldenfantasie vorhanden sind: Burgen, Drachen, Elfen, Oger, Elfen, Ritter ... na ja, überhaupt nicht! Diese Charaktere sind allesamt mutige Kämpfer, denen Sie im Einzelkampf gegenübertreten müssen. Sobald der Kampf beginnt, sind wir enttäuscht: Die Grafik ist durchschnittlich, aber immer noch in Ordnung, der größte Fehler bleibt die Spielbarkeit. Tatsächlich ist die Animation katastrophal, die Bewegungen und Schüsse sind extrem langsam, die Spezialschüsse gelingen wirklich nicht so leicht, kurz gesagt, alles, was den Spaß an dieser Art von Spiel verderben kann. Wenn die Grundidee mit einem guten Gefühl begann, ist das Ergebnis ein Misserfolg, schade, denn das Intro ließ uns gute Zeiten vorhersagen, schade!
Battlecorps (USA)	Battlecorps ist ein Giant-Mech-Spiel, das auf einem Bergbauplaneten namens Mandlebrot's World spielt. Der Supercomputer der Kolonie wurde mit einem Virus infiziert, und jetzt wenden sich die riesigen Maschinen des Planeten gegen die Menschen, die sie erschaffen haben. Sie müssen Ihre zweibeinige Angriffsmaschine durch 12 Missionen steuern, um den Computer neu zu starten. Die Grafiken in diesem Spiel verwenden skalierte und gedrehte Sprites, um eine 3D-Umgebung zu erreichen. Der Effekt ist ähnlich wie bei anderen Core Design-Spielen für die Sega-CD.
BC Racers (USA)	BC Racers ist ein Kart-Rennspiel mit Charakteren aus der Chuck Rock-Serie von Core Design. Jeder der Rennfahrer in diesem Spiel fährt ein prähistorisches Motorrad mit einem Seitenwagen. In jedem Zweierteam fährt eine Person das Motorrad, während die andere die Gegner mit Knüppeln, Schlägen, Tritten usw. abwehrt. Die Grafik von BC Racers besteht aus einer flachen Landschaft mit skalierten Sprites, die die Strecke und die Szenerie gestalten.
Beast II (Europe)	Im Grunde genommen hat ein Side-On-Scrolling sie verprügelt, aber mit einer epischen Handlung und Rätseln. Das Intro, jetzt ein Amiga-Klassiker, zeigt, wie Magier Zelek seine kleine Schwester entführt und das Ziel des Spiels ist, sie zu retten. Auf dem Weg verfolgen eine Vielzahl von wirklich fiesen Rätseln, Unterquests und Monstern jeden Schritt.
Bill Walsh College Football (USA)	Das Spiel umfasst 24 College-Football-Teams aus der Saison 1993 und 24 aller College-Teams aller Zeiten seit 1978. Zu den Spielmodi gehören Exhibition, Playoffs und Alltime-Playoffs, und die SNES-Version hat auch einen elfwöchigen Saisonmodus mit der National Championship als oberstes Ziel. Das Spielbuch besteht aus 56 Offensivspielen und 52 Defensivspielen. In der Offensive können Running Backs tauchen, drehen und hürden. Auch das Passen wird dadurch gehandhabt, dass die Empfänger in ihren eigenen Boxen sind. In der Verteidigung können Verteidiger den Ballträger angreifen und die Hände heben, um Tritte zu blocken oder Pässe abzufangen. Das Spiel bietet auch vier Wetterbedingungen (schön, windig, Regen und Schnee) und drei verschiedene Viertellängen (20, 40 und 60 Minuten).
Black Hole Assault (Japan)	Black Hole Assault auf Mega CD ist ein futuristisches Kampfspiel. Laut Blackhole Assault schreitet die Technologie der Erde im 22. Jahrhundert so weit voran, dass die Erforschung des unmittelbaren Sonnensystems nicht nur möglich, sondern aufgrund von Ressourcenbeschränkungen notwendig ist. Menschen versuchen, die Ressourcen des gesamten Sonnensystems zu ernten, sind aber von außerirdischen Eindringlingen angegriffen worden. Es liegt an einer kleinen Gruppe von Menschen, den Aliens frontal entgegenzutreten. Die Waffe der Wahl in diesem Spiel ist die Cybernetic Anthropomorphized Machine. Es ist ein großartiger Roboter, der 1 vs. 1 gegen außerirdische Roboter kämpft. Es gibt 10 Arenen, gegen die die Roboter schlagen können, darunter verschiedene Planeten und Monde im Sonnensystem.
Blackhole Assault (USA)	Black Hole Assault auf Mega CD ist ein futuristisches Kampfspiel. Laut Blackhole Assault schreitet die Technologie der Erde im 22. Jahrhundert so weit voran, dass die Erforschung des unmittelbaren Sonnensystems nicht nur möglich, sondern aufgrund von Ressourcenbeschränkungen notwendig ist. Menschen versuchen, die Ressourcen des gesamten Sonnensystems zu ernten, sind aber von außerirdischen Eindringlingen angegriffen worden. Es liegt an einer kleinen Gruppe von Menschen, den Aliens frontal entgegenzutreten. Die Waffe der Wahl in diesem Spiel ist die Cybernetic Anthropomorphized Machine. Es ist ein großartiger Roboter, der 1 vs. 1 gegen außerirdische Roboter kämpft. Es gibt 10 Arenen, gegen die die Roboter schlagen können, darunter verschiedene Planeten und Monde im Sonnensystem.
Bloodshot (Europe) (En,Fr,De,Es)	Wir schreiben das Jahr 2049. Eine außerirdische Armada greift das Sonnensystem an. Sie sind ein namenloser Held, dessen Mission es ist, den Hauptschlachtkreuzer des Feindes zu entern und alle sechzehn seiner Hauptplasmaknoten zu deaktivieren. Ein spezieller Battle Frenzy-Chip (Codename Bloodshot) wird in Ihr neuronales Netz implantiert und macht Sie zum einzigen ultimativen Soldaten, von dem jetzt die gesamte Menschheit abhängt. Dies ist ein 3D-Ego-Shooter. Sie bewegen sich durch labyrinthartige Korridore des außerirdischen Schiffes, holen sich Waffen und Gegenstände und sprengen alles, was Ihnen auf Ihrem Weg begegnet. Es gibt auch einen Zwei-Spieler-Modus mit geteilten Bildschirmen.
Bouncers (USA)	Bouncers on Mega CD ist ein Actionspiel, bei dem der Spieler Basketball spielt. Wie beim Basketball besteht das Ziel darin, durch das Werfen von Körben mehr Punkte als der Gegner zu erzielen. Die Schwierigkeit besteht darin, dass man den gegnerischen Ball nutzen muss, um an den kostbaren Sesam zu gelangen. Verschiedene Boni können Ihnen helfen, das Spiel zu gewinnen, indem sie entweder die Anzahl der Punkte erhöhen oder die Fähigkeiten Ihres Avatars vorübergehend verbessern.
Bram Stoker's Dracula (USA)	Bram Stokers Dracula auf Mega-CD folgt der Handlung des 1992 erschienenen Films von Francis Ford Coppola. Dieser Titel konzentriert sich im Wesentlichen auf Plattformspiele und versetzt Sie in die Rolle des jungen Anwalts Jonathan Harker, der Graf Vlad Drakul besiegen muss, um seine Liebe Mina zu retten .
Brutal - Paws of Fury (USA)	Überall auf der Welt wurden Einladungen verschickt. Unter dem wachsamen Auge des großen Meisters Dali Llama kehrten die größten Kampfkünstler der Welt an einen Ort zurück, den sie gut kannten: Brutal Island. Jeder wird seinen eigenen einzigartigen mentalen und physischen Kampfkunststil und Training in einem Turnier anwenden, um den wahren Weltmeister zu beweisen.
Burai - Yatsudama no Yuushi Densetsu (Japan)	Burai auf Mega-CD ist ein Rollenspiel in der Welt von Kypros, bevölkert von vielen verschiedenen Rassen und Göttern, die in Freude und guter Laune zusammenleben. Als Lord Bido versucht, Daar, den obskuren Gott, wiederzubeleben, gerät Kypros' Gleichgewicht in Frage. Der Prophezeiung zufolge sind acht Helden in der Lage, Bido zu Fall zu bringen. Der Spieler spielt Gonza und Mamai während der Einführungsgeschichte: der Begegnung zwischen den Helden.
Cadillacs and Dinosaurs - The Second Cataclysm (USA, Brazil) (RE)	Cadillacs and Dinosaurs: The Second Cataclysm ist ein Spiel für den Sega-Mega-CD, das auf der Comicserie Xenozoic Tales und der gleichnamigen Fernsehserie basiert. Es ist nicht zu verwechseln mit dem Arcade-Beat-'em-up Cadillacs and Dinosaurs von Capcom. Das Mega-CD-Spiel wurde nur in Nordamerika und Brasilien veröffentlicht. Das Spiel spielt im &quot;Xenozoischen Zeitalter&quot;, das nach einer Katastrophe im Jahr 2020 eintritt, bei der alle früheren Bewohner der Erde auf einmal den Planeten teilen. Um das Gleichgewicht aufrechtzuerhalten, das durch eine mutantenähnliche Rasse namens Girth gestört wurde, machst du dich in einem 1953er Cadillac mit Maschinengewehren auf den Weg. Die meiste Zeit des Spiels wirst du Hindernissen ausweichen und Feinde abschießen.
Captain Tsubasa (Japan)	Captain Tsubasa für die SEGA-CD ist ein Fußballspiel, das dem Stil des Tecmo Cups folgt. Genau wie die japanische Version von Tecmo Cup basiert es auf der Anime-Serie, die die Abenteuer des jungen Tsubasa erzählt, von seinen Anfängen im Nankatsu-Team bis zum Ende der Nationalmeisterschaft, wo er gegen seinen größten Rivalen antreten wird der Serie, Kojro Hyuga, Starstürmer der Meiwa. Während der Spiele sehen Sie eine Animation des Spielers, den Sie steuern, und unter ihm eine Karte, die die Standorte aller teilnehmenden Spieler anzeigt, wobei Ihre Position hervorgehoben wird. Wenn Ihnen kein Gegner im Weg steht, haben Sie die völlige Freiheit, zum gegnerischen Ziel vorzurücken. Wenn Sie es für angebracht halten, unterbrechen Sie das Spiel, um eine Aktion auszuführen. Anschließend wird ein Menü angezeigt, in dem Sie gefragt werden, ob Sie möchten Passen, schießen oder einen Spezialzug ausführen (je nachdem, wie hoch Ihr Mut-Zähler ist).
CD Sonic the Hedgehog (Japan) (Beta) (1992-12-04)	Es handelt sich um ein Standard-Side-Scrolling-Actionspiel von Sonic the Hedgehog. Dr. Robotnik hat Little Planet übernommen, Amy gefangen genommen und Metal Sonic mit dem Ziel erschaffen, alle Zeitsteine zu sammeln, um die Zeit manipulieren und die Welt erobern zu können. Es liegt an Sonic, ihn aufzuhalten, indem er durch Levels eilt, die in verschiedenen Zeitepochen angesiedelt sind, und Zeitsteine sammelt. Sonic CD verfügt über Funktionen, die das CD-Format ausnutzen, wie CD-Audio, Videoclips und mehr Level (insgesamt über 50).
Championship Soccer '94 (USA) (En,Fr,De,It)	Sensible Soccer auf Mega-CD enthält die Spielernamen der europäischen Vereine während der Saison 92/93. Sie können auch an der Qualifikation für die Weltmeisterschaft 94 teilnehmen. Eines der Hauptargumente des Spiels bei seiner Veröffentlichung war die Berücksichtigung der Fouls und Karten.
Chuck Rock (USA)	Chuck Rock auf Mega CD ist ein Plattformspiel. Der Spieler leitet einen prähistorischen Mann namens Chuck auf der Suche nach seiner Frau, die von Garry Gritter gefangen genommen wurde. Um sich zu verteidigen, kann sich der Held in den Magen treten oder Steine ​​auf seine Feinde werfen. Er kann auch auf ihnen reiten, um unzugängliche Bereiche zu erreichen.
Chuck Rock II - Son of Chuck (USA)	Chuck Rock II: Son of Chuck auf Mega CD ist ein prähistorisches Plattformspiel. Chuck Rock, dem eine Autofabrik gehört, wurde von einem seiner Rivalen entführt. Indem er Junior, den Sprössling, verkörpert, muss der Spieler die Levels durchqueren, um Chuck zu finden. Bewaffnet mit einer Keule, um sich gegen Dinosaurier zu verteidigen, kann Junior auf bestimmten Tieren reiten, um unzugängliche Gebiete zu erreichen.
Cliffhanger (USA)	Cliffhanger ist die Mega-CD-Adaption des gleichnamigen Films von 1992. Du spielst als Gabe (Silvester Stallone) und erlebst das Szenario des Films nach. Gabe muss Berge erklimmen, Lawinen ausweichen und Feinde ausschalten. Dazu kann er mit seinen bloßen Händen kämpfen oder die Waffen seiner Gegner aufheben und nutzen.
Cobra Command (USA)	Cobra Command ist eine Arcade-Umsetzung eines Helikopter-Ballerspiels von Data East. Es ist ein Shooter im Stil von &quot;on rails&quot;, bei dem der Spieler nur das Zielen des Schießens kontrolliert, aber nicht die Richtung des Hubschraubers. Ihre Aufgabe ist es, die Feinde abzuschießen, während Sie durch Aufnahmen von New Yorks Straßen, der Freiheitsstatue, dem Atlantik, Italien, dem Grand Canyon und schließlich den tückischen Ecken fliegen und das Feuer der feindlichen Festung auf der Osterinsel erwidern. Es gibt keine Hintergrundmusik zu den Soundeffekten. Die Levels sind ziemlich kurz, wobei ein gesamtes Spiel in etwa 20 Minuten durchgespielt werden kann.
Colors of Modern Rock, The (USA)	„The Colors of Modern Rock“ ist eine von Sega und Warner Custom Music veröffentlichte CD mit sechs Musikvideos, die über die Sega-Mega-CD abgespielt werden kann und über ein Sonderangebot von Sega erhältlich war. Die 6 enthaltenen Clips sind wie folgt: Too Much Joy - Donna Everywhere T-Ride - Back Door Romeo The Belltower - Outshine the Sun Xtra Large - Hooker Mr. Big - To Be With You Dramarama - Haven't Got a Clue
Compton's Interactive Encyclopedia (USA) (Version 2.00S)	Die Compton Interactive Encyclopedia ist, wie der Name schon sagt, eine von der Compton Print Encyclopedia Series lizenzierte Multimedia-Enzyklopädie mit 34.000 Themen, 5.000 Bildern und 30 Videoartikeln der American Library Accociation. Es ist Teil einer wichtigen Serie, die vermutlich im Jahr 1989 begann und in den 90er Jahren mehrere Einträge hatte; Eine mögliche Beziehung zwischen diesem Mega-CD-Produkt und dem gleichnamigen CD-i-Produkt aus dem Jahr 1992 ist unbekannt. Es gibt eine „Version 2.10“; Die Unterschiede sind unbekannt.
Corpse Killer (USA)	Corpse Killer ist ein Full-Motion-Video-Shoot-'em-up. Du spielst einen Elitesoldaten der Special Forces, der mit dem Fallschirm auf einer abgelegenen tropischen Insel abspringt. Das böse Genie Dr. Hellman scheint einen Weg gefunden zu haben, Tote zu erwecken, und hat eine Insel voller Zombies geschaffen. Es liegt an dir, dich durch die untoten Horden zu schießen und Dr. Hellman aufzuhalten. Das Spiel wird aus der Ich-Perspektive gespielt. Verschiedene Zombies tauchen vor einem Videohintergrund auf, und du schießt sie ab, indem du einen Cursor auf dem Bildschirm bewegst oder eine Light Gun benutzt.
Cosmic Fantasy Stories (Japan)	Dies ist eine Neuveröffentlichung von zwei Turbo-CD-Spielen: Cosmic Fantasy: Bouken Shounen Yuu und Cosmic Fantasy II. Das erste Spiel erzählt die Geschichte eines jungen Mannes namens Yuu, der auf der Suche ist, ein kosmischer Ritter zu werden. Der zweite Teil beschreibt die Abenteuer eines anderen jungen Mannes, Van, dessen Freundin von einem bösen Zauberer entführt wurde. Beide Spiele spielen in einem Science-Fiction-Universum mit intergalaktischen Reisen. Die Sega-CD-Ausgabe bietet verbesserte Grafik und Musik (die Änderung macht sich besonders im ersten Cosmic Fantasy bemerkbar). Außerdem wird das Gameplay-System des ersten Spiels überarbeitet, sodass zuvor passive Charaktere an Schlachten teilnehmen können, aber auch die Anzahl der in Schlachten getroffenen Feinde erhöht und der Schwierigkeitsgrad geändert wird.
Crime Patrol (USA)	Dieser auf FMV (interaktives Video) basierende Actionthriller fordert den Spieler heraus, sich durch die Ränge der Polizei zu entwickeln und dabei gegen eine Vielzahl von Kriminellen zu kämpfen. Als Neuling besiegt der Spieler Bandenmitglieder, bewaffnete Räuber und andere Straßenkriminelle. Zum Detektiv befördert zu werden bedeutet, verdeckt gegen Drogendealer und andere Draufgänger zu arbeiten. Seien Sie bereit, sich Bankräubern und Terroristen zu stellen, sobald Sie für das SWAT-Team ausgewählt wurden. Nur der beste Spieler kann sich der Delta Force anschließen und versuchen, einen Kriminellen aufzuhalten, der die nationale Sicherheit bedroht.
Cyborg 009 (Japan)	Cyborg 009 ist ein Mega-CD-Plattformspiel, das die Geschichte von 9 Teenagern aus aller Welt erzählt, die von der kriminellen Organisation Black Ghost entführt werden, um sie in Cyborgs zu verwandeln. Mit der Hilfe von Dr. Isaac Gilmore gelingt den neun Teenagern die Flucht und sie beschließen, einen erbitterten Kampf gegen ihren Schöpfer zu führen.
Daihoushinden (Japan)	Ehrlich gesagt ist im Westen einfach nicht viel über dieses Spiel bekannt. In der Handlung geht es offenbar darum, dass eine Armee einmarschiert und der Held sich mit den auftretenden Problemen auseinandersetzen muss. Das Spiel ist sehr textlastig, so dass das Spielen selbst mit einer Art Übersetzungsanleitung eine entmutigende Aufgabe ist. Auch die Kämpfe sind sehr hart, sodass wahrscheinlich nur die Hardcore-Fans weiterspielen werden. Dennoch bietet es hochwertige Musik und das Spiel bietet, Sie ahnen es schon, animierte Zwischensequenzen. Das Spiel selbst ist auch nicht allzu schäbig anzusehen. Es spielt sich wie ein standardmäßiges rundenbasiertes JRPG.
Dark Wizard (USA)	Dark Wizard auf Mega-CD ist ein Rollenspiel, das den Spieler in das Herz des Königreichs Cheshire entführt, das in die Hände der machiavellistischen Veloneser gefallen ist. Spielen Sie als einer der vier Charaktere Ihrer Wahl und stellen Sie Ordnung und Gesetz in einem Universum in Not wieder her. Die Kampfphasen finden rundenbasiert statt und jeder gewonnene Kampf wird mit Erfahrungspunkten belohnt, um die Eigenschaften des Charakters zu entwickeln.
Dark Wizard - Yomigaerishi Yami no Madoushi (Japan)	Dark Wizard auf Mega-CD ist ein Rollenspiel, das den Spieler in das Herz des Königreichs Cheshire entführt, das in die Hände der machiavellistischen Veloneser gefallen ist. Spielen Sie als einer der vier Charaktere Ihrer Wahl und stellen Sie Ordnung und Gesetz in einem Universum in Not wieder her. Die Kampfphasen finden rundenbasiert statt und jeder gewonnene Kampf wird mit Erfahrungspunkten belohnt, um die Eigenschaften des Charakters zu entwickeln.
Death Bringer (Japan)	Das Dungeon-Crawler-Genre entstand parallel zu den frühen Rollenspielen, die sich mit dem Thema der mittelalterlichen Fantasie befassten und in denen es darum ging, dichte, enge Labyrinthe und Verliese zu erkunden, die viele Schätze, aber auch enorme Gefahren bargen. Death Bringer bringt dieselbe Erkundungsstruktur auf die Sega CD und erzählt die Geschichte eines namenlosen Helden, der sich einem mächtigen Zauberer entgegenstellen muss, der eines Tages ein magisches Buch findet, das ihm die Macht gibt, Armeen von Menschen und Dämonen zu kontrollieren, und anfängt, Städte anzugreifen, zu beschießen und alle ihre Bürger zu vernichten.
Demolition Man (USA)	Demolition Man ist die Mega-CD-Adaption des 1993 erschienenen amerikanischen Films. Erleben Sie die Geschichte dieses Films in einem futuristischen Universum noch einmal, mit der Verfolgungsjagd zwischen Simon Phoenix (Wesley Snipes) und John Spartan (Sylvester Stallone), den Sie verkörpern. Um sich Phoenix zu stellen, einem Kriminellen, der 1996 kryogen eingefroren und 2032 aufgetaut wurde, beschließt die Polizei, den ehemaligen spartanischen Polizisten aufzutauen, der die Verhaftung seines Feindes übernehmen muss.
Dennin Aleste - Nobunaga and His Ninja Force (Japan)	Der Overhead-Shooter spielt in Japan. Die blutrünstigen Chugoko Warlords des Westens haben den einst souveränen Oda-Clan beherrscht und verwüstet. Zeit, sich zu rächen. Dies ist ein Overhead-Shooter mit großen Bossen und massiven Power-Ups.
Detonator Orgun (Japan)	Detonator Orgun ist eine Manga-Serie, die aus drei Bänden besteht, die zwischen August 1991 und März 1992 veröffentlicht wurden und auch eine Anime-Adaption erhielten, die in drei Kapitel unterteilt war, darunter das, das Rede Manchete 1997 im US-amerikanischen Manga-Programm zeigte. Das Spiel folgt getreu den Ereignissen von andere Medien und versetzt den Spieler in die Rolle des Protagonisten Tomoru Shindo, eines Studenten, der kurz vor seinem Universitätsabschluss steht und in einem Mecha gegen eine Gruppe von Außerirdischen namens Evoluted kämpfen muss, die in die Heimatstadt des Protagonisten eingedrungen sind. Das Spiel wird durch Auswahlen entwickelt, die während der Interaktion zwischen den Charakteren und den Kontexten des Spiels auf dem Bildschirm getroffen werden.
Devastator (Japan)	Ryo beginnt als Ersatz für seinen Freund Masato bei einer Firma namens Yaesu zu arbeiten. Bei einer Probefahrt mit einer neuen Maschine wird er jedoch irgendwie in eine andere Dimension geworfen. Nachdem er dort von einer Gruppe Mecha-Piloten vor abscheulichen Kreaturen namens Devastators gerettet wurde, erfährt er, dass ruchlose Menschen an einer Verbindung zwischen dieser und seiner eigenen Dimension arbeiten, und macht sich daran, sie aufzuhalten.
Double Switch (USA)	Double Switch ist eines der vielen Full-Motion-Videospiele von Digital Pictures aus der Mitte der 90er Jahre. In diesem „filmischen Mysterium“ müssen Sie Ihre Überwachungskameras im Auge behalten, um Eindringlinge im Herrenhaus von Edward Arms zu fangen. In Double Switch spielt Corey Haim und Deborah Harry und verfügt über eine Musikpartitur von Thomas Dolby.
Dracula Unleashed (USA) (Disc 1)	Dracula Unleashed kombiniert Hollywood-Filmqualität, ein schwer fassbares Geheimnis und eine neue Version der Legende von Dracula. Zehn Jahre nach den Ereignissen, die im Originalroman von Bram Stoker beschrieben wurden, kam Alexander Morris, ein wohlhabender Amerikaner, nach England, um die wahren Umstände des mysteriösen Todes seines Bruders herauszufinden.
Dragon's Lair (USA)	Eine Konvertierung des Don Bluth-Cartoonspiels von 1983 mit Münzeinwurf. Die Spieler steuern Dirk den Wagemutigen, der sich durch einen Dungeon kämpft, um Singe den Drachen zu bekämpfen und die schöne Prinzessin Daphne zu retten. Da das Spiel nur eine begrenzte Bewegungsfreiheit bietet, liegt der Schwerpunkt auf der atemberaubenden Grafik.
Dune (USA) (En,Fr,De,Es,It)	Das Computerspiel Dune ist eine Mischung aus Strategiespiel und Adventure und stark von David Lynchs Romanverfilmung Der Wüstenplanet aus dem Jahr 1984 beeinflusst. Der Spieler übernimmt die Rolle des jungen Paul Atreides, der mit seiner Familie vom galaktischen Imperator auf den Wüstenplaneten Arrakis gesandt wurde, um dort den Abbau von Spice voranzutreiben, welches für interstellare Reisen benötigt wird. Die ersten Anweisungen bekommt Paul von seinem Vater, bis dieser von einem Vergeltungsangriff gegen ein Harkonnen-Fort nicht mehr zurückkehrt. Danach wird die Handlung von anderen Personen weiter vorangetrieben. Der Spieler muss sich im Spielverlauf mit den einheimischen Fremen verbünden, um die Harkonnen bekämpfen zu können. Im Gegenzug kann den Fremen geholfen werden, den Wüstenplaneten durch Bepflanzung bewohnbarer zu machen. Ziel des Spieles ist es, die Harkonnen von Arrakis zu vertreiben und eine große Verschwörung aufzudecken.
Dungeon Explorer (USA)	Dungeon Explorer auf Mega-CD ist ein Rollenspiel, das auf Kämpfen und der Erkundung düsterer Dungeons basiert. Das Spiel bietet acht Charakterklassen, jede mit ihren eigenen Stärken, Schwächen und Spezialangriffen. Stelle nun die Ruhe in deinem Königreich wieder her und schicke die einfallenden Monster dorthin zurück, wo sie hergekommen sind.
Dungeon Master II - Skullkeep (USA) (RE3)	Dungeon Master II: The Legend of Skullkeep auf Mega-CD ist ein Rollenspiel, in dem Sie Thoram Zed spielen, der Skullkeep Castle betreten muss, um den berüchtigten Dragoth zu töten. Der Zugang zum Schloss erfordert die vier Schlüssel des Schicksals, der Spieler muss sich zuerst darum kümmern, diese zu finden, bevor er seine Suche beginnt. Stellen Sie dazu ein Team aus vier Kämpfern zusammen und führen Sie eine Reihe von Missionen durch.
Dynamic Country Club (Japan)	Dynamic Country Club ist ein Arcade-Golfspiel von Sega aus dem Jahr 1991, das auf Sega System 24-Hardware veröffentlicht wurde. Es gibt sowohl diskettenbasierte als auch ROM-Board-basierte Versionen des Spiels. Das Spiel präsentiert sich in einer Pseudo-3D-Umgebung im Stil von T&E Soft-Golfspielen wie Pebble Beach Golf Links, bei denen sich der Bildschirm in bestimmten Abständen Ihres Schwungs langsam neu zeichnet. Ein gleichnamiges Spiel für die Sega Mega-CD wurde produziert, aber nur in Japan veröffentlicht. Ob es sich hierbei um dasselbe Spiel handelt, ist unbekannt.
Earnest Evans (Japan)	Die Geschichte des Spiels ist mit der von El Viento verbunden. Earnest Evans ist ein mutiger Schatzsucher. Sein Großvater war ein berühmter Archäologe, der in den 1930er Jahren nach drei legendären Idolen suchte. Es hieß, dass diese Götzen Unheil über die Erde bringen könnten, wenn sie in die falschen Hände fielen. Doch trotz seiner Bemühungen konnte er nicht einmal eines der Idole finden. Nun liegt es an seinem Enkel, sein Werk, fünfzig Jahre später, fortzuführen. Aber der böse Syndikatsführer Brady Tressider hat seine eigenen Pläne und wird alles tun, um Earnest aufzuhalten ... Dies ist ein Action-Plattformspiel, in dem Sie Earnest Evans steuern, bewaffnet mit seiner treuen Peitsche. Der Held kann springen, Seile hochklettern, sich ducken und krabbeln. In den Levels gibt es viele Hindernisse (Boden ohne Boden, Stacheln, zermalmende Brücken, Lava usw.) sowie Gangster und Monster, die es zu beseitigen gilt.
Earthworm Jim - Special Edition (USA) (RE)	Diese Sonderausgabe bietet einfach alles: ein Kennwortsystem, eine neue Welt und versteckte Gebiete, eine brandneue Wa?e und zusätzliche Animationen mit über 1000 Einzelbildern. Dazu gibt es einen heißen neuen Soundtrack in CD-Qualität und ein absolut verblüffendes Ende in zwei der Level-Wellen. Kurz und gut: all die supercoolen Ideen und besonderen Fea- tures, die Shiny auf dem Modul nicht mehr unterbringen konnte.
Ecco - The Tides of Time (USA)	Der Nachfolger von Ecco the Dolphin, in dem Ecco erfolgreich den Vortex zerstörte. Leider stellt sich heraus, dass die Wirbelkönigin ihm auf die Erde gefolgt ist und schließlich das Asterit zerstört hat. Alle Ozeane der Welt sind bedroht und eigentlich schon dem Untergang geweiht. Um das Asterit wiederherzustellen und die Vortex-Königin endgültig zu besiegen, muss sich Ecco erneut den Gezeiten der Zeit stellen, die sich in zwei mögliche Zukünfte aufgespalten haben: die normale und die dunkle, die von der Vortex-Königin beherrscht wird. Ecco: The Tides of Time bietet eine noch bessere Grafik als sein Vorgänger und führt einen neuen Spielmodus ein, bei dem die Kamera dem Delphin von hinten statt von der Seite folgt.
Ecco the Dolphin (USA)	Reise mit Ecco dem Delfin in dem einzigen Spiel durch die Zeit, das sich selbst als &quot;Delfin-Simulator&quot; bezeichnen kann. In der Tat kannst du so ziemlich alles tun, was ein typischer Delfin tut, einschließlich Fische fressen, auftauchen, um zu atmen, dein biologisches Sonar benutzen und natürlich aus dem Wasser springen, um deine Freunde zu verblüffen. Die Geschichte ist viel tiefgründiger, als man anhand der Schachtelillustration vermuten könnte. Als Ecco bist du der einzige Delfin, dem es gelungen ist, aus einem riesigen Strudel zu entkommen, der deine gesamte Spezies verschluckt hat. Die fünf leuchtenden Sterne auf deiner Stirn zeigen, dass du der Auserwählte bist, der sie retten soll. Aber diese Aufgabe wird nicht leicht sein, denn du musst mit der atlantischen Zeitmaschine durch Zeit und Raum reisen und den mystischen Asterit treffen, um die Wirbelkönigin zu besiegen.
Ecco the Dolphin CD (Japan) (Disc 1) (Ecco the Dolphin)	Reise mit Ecco dem Delfin in dem einzigen Spiel durch die Zeit, das sich selbst als &quot;Delfin-Simulator&quot; bezeichnen kann. In der Tat kannst du so ziemlich alles tun, was ein typischer Delfin tut, einschließlich Fische fressen, auftauchen, um zu atmen, dein biologisches Sonar benutzen und natürlich aus dem Wasser springen, um deine Freunde zu verblüffen. Die Geschichte ist viel tiefgründiger, als man anhand der Schachtelillustration vermuten könnte. Als Ecco bist du der einzige Delfin, dem es gelungen ist, aus einem riesigen Strudel zu entkommen, der deine gesamte Spezies verschluckt hat. Die fünf leuchtenden Sterne auf deiner Stirn zeigen, dass du der Auserwählte bist, der sie retten soll. Aber diese Aufgabe wird nicht leicht sein, denn du musst mit der atlantischen Zeitmaschine durch Zeit und Raum reisen und den mystischen Asterit treffen, um die Wirbelkönigin zu besiegen.
Egawa Suguru no Super League CD (Japan)	„Egawa Suguru no Super League CD“ ist der vierte und letzte Eintrag in Segas 16-Bit-Super-League-Baseball-Franchise mit der Unterstützung des Baseball-Kommentators Suguru Egawa, Star-Pitcher der Yomiuri Giants von 1979 bis 1987. Wie üblich verfügt das Spiel über einen NPB Lizenz und umfasst alle 12 Pacific- und Central-League-Teams mit vollständigen Kadern von 1993 sowie All-Star-Teams für jede Liga. Das Gameplay ist gegenüber früheren Teilen weitgehend unverändert und nutzt die Standard-Fängeransicht sowohl zum Schlagen als auch zum Werfen. Das Spiel beinhaltet die üblichen Spielmodi Pennant Race und Exhibition. Neu in dieser Version sind die Hinzufügung eines Home-Run-Contest-Modus und einer Teamdatenbank. Neben Konamis Hyper Dunk ist Super League CD eines der wenigen kommerzialisierten Spiele, das mit zwei SegaTap-Adaptern bis zu acht Spieler unterstützt.
ESPN Baseball Tonight (USA)	ESPN Baseball Tonight ist ein Baseball-Videospiel für MS-DOS, Sega CD, Sega Genesis und Super Nintendo Entertainment System mit Ausstellungs- und Playoff-Modi. Andere Modi sind sowohl der Übungsmodus (sowohl Pitching als auch Batting) als auch der Home Run Derby-Modus. Das Spiel enthält 28 echte MLB-Teams, aber keine tatsächlichen Spieler. Zu den Spieloptionen gehört das Ein- und Ausschalten von Fehlern und das Ein- und Ausschalten des Feldes. Das Gameplay hat den Blickwinkel hinter dem Schlagmann, egal ob Pitching oder Batting. Beim Aufstellen muss der Spieler den Ball manuell zum Werfer zurückwerfen, damit das Spiel fortgesetzt werden kann. Die Sega-CD-Version ist ein Update, das die Option für eine Saison mit 162 Spielen enthält und über 10 Minuten Video-Highlights enthält.
ESPN National Hockey Night (USA)	ESPN National Hockey Night auf Mega CD ist ein Hockeyspiel, bei dem Sie die Kontrolle über die gesamten amerikanischen und kanadischen Teams bei Freundschaftsspielen, Turnieren oder während einer gesamten Saison übernehmen können. Die Saison kann aus 29 oder 82 Spielen bestehen und endet in K.-o.-Spielen, den sogenannten Play-offs.
ESPN NBA Hangtime '95 (USA)	NBA Hangtime auf Mega-CD ist ein Basketballspiel, das in Zusammenarbeit mit dem Fernsehsender ESPN entwickelt wurde. Dieses von den Stimmen von Brent Musberger und Stuart Scott kommentierte Spiel ermöglicht es Ihnen, während der 82 Spiele der regulären Saison die Kontrolle über Ihr amerikanisches Lieblingsteam zu übernehmen und, wenn Sie das nötige Niveau haben, in den Play-offs anzutreten.
ESPN Sunday Night NFL (USA)	ESPN Sunday Night NFL war eines von mehreren American-Football-Spielen, die in dieser Zeit veröffentlicht wurden. Es zeigt alle 28 offiziellen NFL-Teams und ihre jeweiligen Logos, ist jedoch nicht von der NFLPA lizenziert, sodass das Spiel keine tatsächlichen Spielernamen enthält. Es gibt vier verschiedene Spielmodi: „Playoffs“, „Einzelspiel“, „Saison“ und einen weiteren Saisonmodus, der es dem Spieler ermöglicht, den Zeitplan der NFL-Saison 1994 zu spielen. Es profitiert außerdem von wechselnden Wetterbedingungen auf dem Spielfeld, die das Verhalten der Spieler verändern, und verfügt über einen Speichermodus. Chris Berman prangt nicht nur stolz auf dem Cover des Spiels, sondern kommentiert es auch.
Eternal Champions - Challenge from the Dark Side (USA)	Die 13 größten Kämpfer aller Zeiten wurden vor dem richtigen Zeitpunkt getötet. Der Ewige Champion hat ihnen eine neue Chance gegeben, ihr Schicksal zu ändern. Dafür müssen sie in einem tödlichen Turnier gegeneinander antreten. Der Dunkle Champion wird ebenfalls teilnehmen. Zeige deine Ängste nicht, sonst wird er deine Angst benutzen, um dich zu zerstören. Leider wird nur einer den Sieg davontragen. Der Preis? Dein Leben. Eternal Champions: Challenge from the Dark Side beitet jede Menge Action mit den neun Kämpfern aus der Originalversion plus 4 neuen Charakteren und 11 versteckten Kämpfern. Jeder Champion wendet dabei einen anderen Kampfsportstil an: Kenpo, Karate, Tae Kwon Do, Thai Kickboxing, Capoeira und mehr. Außerdem gibt es neue Kombinationen und Spezialbewegungen in 15 verschiedenen Turniermodi.
Eye of the Beholder (USA)	Stelle Deine besten Kämpfer an die Front und tritt ein in die tückischen Ahwasserkanäle unterhalb des Deepwater. Nur durch Deine Hilfe gelingt es Deinem Team sieher an den Horden axtschwingender Skelette vorbeizukommen. um Euch schließlich dem Kampf gegen den Beholder zu stellen.
F1 Circus CD (Japan)	Als Nachfolger von F1 Circus MD, das 1991 für Mega Drive veröffentlicht wurde, präsentiert die F1 Circus CD die schnelle und wettbewerbsorientierte Welt des Formel-1-Rennsports. Ihr Name, Geschlecht, Geburtsdatum, Blutgruppe und Nationalität. Auch visuelle Aspekte sind anpassbar, etwa die Form von Kopf, Nase und Mund, Augen- und Haarfarbe. Unter den Modi ist F-1 World Championship der interessanteste, der Sie ins Rennen um den Weltmeistertitel der Saison bringt.
Fahrenheit (USA) (Disc 1) (Key Disc) (Sega CD)	Fahrenheit ist ein interaktiver Film, der die Spieler in den flammfesten Anzug eines Feuerwehrmanns steckt. Du bist der Neue in der Feuerwehr. Letzte Woche hast du drei Leben gerettet. Aber jetzt bist du in einem neuen Kader und musst dich ihnen beweisen. Wie die meisten interaktiven Filme wird Fahrenheit vollständig abgespielt, während ein digitalisiertes Video angesehen wird. An bestimmten kritischen Stellen im Video müssen die Spieler bestimmte Richtungen auf dem Steuerkreuz oder den Aktionstasten drücken, um im Spiel voranzukommen. Fahrenheit geht noch einen Schritt weiter, indem es mehrere Gebäude bereitstellt, in denen der Spieler die Möglichkeit hat, sich auf nichtlineare Weise von Raum zu Raum zu bewegen. Während sich die Spieler von Raum zu Raum bewegen, müssen sie Opfer lokalisieren und Brandgefahren neutralisieren.
Fatal Fury Special (USA)	Fatal Fury Special ist eine verbesserte Version von SNKs 2D-Einzelkämpfer Fatal Fury 2, das eine Umsetzung des gleichnamigen Arcade-Spiels von 1993 ist. Das Ziel ist, das Turnier zu gewinnen, indem alle anderen Kämpfer einschließlich Endboss Wolfgang Krauser besiegt werden. Fatal Fury Special bietet eine ziemlich große Auswahl an Kämpfern, darunter die acht regulären Kämpfer von Fatal Fury 2: Terry Bogard, Andy Bogard, Joe Higashi, Kim Kaphwan, Jubei Yamada, Cheng Sinzan, Mai Shiranui und Big Bear. Die vier Bosse von Fatal Fury 2: Billy Kane, Axel Hawk, Lawrence Blood und Wolfgang Krauser (diesmal sind sie alle sofort spielbar). Drei Charaktere kehren aus dem ersten Fatal Fury zurück: Duck King, Tung Fu Rue und Geese Howard (der Endboss aus Fatal Fury). Weitere Verbesserungen sind ein neuer Countdown-Modus (besiege so viele Gegner wie möglich in 3 Minuten), zusätzliche Farbschemata für jeden Charakter, neue und verbesserte Hintergrundgrafiken und die Unterstützung für Dolby Surround Sound. Fatal Fury Special bietet immer noch die für die Serie typische Pseudo-3D-Bewegung entlang zweier Ebenen.
FIFA International Soccer (USA) (En,Fr,De,Es)	Das Spiel, mit dem die vom Weltverband des Fußballs lizenzierte Bestseller-Serie begann, verwendete in diesem ersten Teil der langjährigen Serie eine dimetrische Sichtweise, die zuvor bei Fußballspielen ungewöhnlich war, aber schnell von mehreren Titeln nachgeahmt wurde. Die Fernsehpräsentation, einer der einzigartigen Punkte der frühen EA Sports-Titel, mit Moderatoren, die die Spiele vorstellten, war eine weitere Sache, die das Spiel von einem Markt abhebt, der von Sensible Soccer- und Kick-Off-Spielen dominiert wird. Basierend auf internationalen Teams, werden ihre Fähigkeiten in jedem Fähigkeitsbereich mit bis zu 10 bewertet, um dem Spieler einen Gesamteindruck davon zu vermitteln, wie gut sie sind.
FIFA International Soccer - Championship Edition (Europe) (En,Fr,De,Es)	Das Spiel, mit dem die vom Weltverband des Fußballs lizenzierte Bestseller-Serie begann, verwendete in diesem ersten Teil der langjährigen Serie eine dimetrische Sichtweise, die zuvor bei Fußballspielen ungewöhnlich war, aber schnell von mehreren Titeln nachgeahmt wurde. Die Fernsehpräsentation, einer der einzigartigen Punkte der frühen EA Sports-Titel, mit Moderatoren, die die Spiele vorstellten, war eine weitere Sache, die das Spiel von einem Markt abhebt, der von Sensible Soccer- und Kick-Off-Spielen dominiert wird. Basierend auf internationalen Teams, werden ihre Fähigkeiten in jedem Fähigkeitsbereich mit bis zu 10 bewertet, um dem Spieler einen Gesamteindruck davon zu vermitteln, wie gut sie sind.
Final Fight CD (USA)	In den 1990er Jahren wird Metro City von Verbrechen und Gewalt zerfressen. Der neu gewählte Bürgermeister und ehemalige Profi-Wrestler Mike Haggar ist fest entschlossen, die Gangs, die seine Stadt terrorisieren, auszuschalten. Um ihn daran zu hindern, entführt Mad Gear, eine mächtige kriminelle Organisation, seine Tochter Jessica und versucht, ihn zu korrumpieren. Da Haggar nicht so leicht zu beeindrucken ist, kontaktiert er Jessicas Freund Cody und Guy, die beide in Kampfsportarten und Straßenkämpfen bewandert sind. Die drei Männer beschließen, das Gesetz in die eigenen Hände zu nehmen, und begeben sich auf der Suche nach Jessica in die Slums von Metro City. Jeder der Protagonisten hat einen anderen Kampfstil.
Flashback (Europe) (Demo)	Die Geschichte beginnt im Jahr 2042, als Conrad B. Hart von einer Verschwörung erfährt, die mit der Existenz feindlich gesinnter Außerirdischer in der Bevölkerung in Verbindung steht. Die Aliens entführen ihn, doch Hart gelingt es, zu fliehen. Er wird jedoch schnell eingeholt und landet inmitten des Dschungels auf dem Saturnmond Titan. Der Spieler muss den Gefahren des umgebenden Dschungels trotzen und die bestehende Verschwörung vereiteln. Obwohl ein Großteil des Gameplays aus Laufen, Springen und Schießen auf Feinde besteht, enthält das Spiel auch ein beträchtliches Element der Erkundung sowie einen Teil, in dem Rätsel gelöst werden müssen. Der Spieler navigiert Conrad durch plattformartige Strukturen, wobei er verschiedene Bewegungen ausführt. Er kann springen, rennen, klettern, sich an Vorsprüngen festhalten und Gegenstände aufheben ... Um sich zu verteidigen, kann Conrad mit seiner Pistole auf Feinde schießen und verschiedene Gegenstände benutzen, um sie zu verletzen oder abzulenken.
Flashback - The Quest for Identity (USA)	Die Geschichte beginnt im Jahr 2042, als Conrad B. Hart von einer Verschwörung erfährt, die mit der Existenz feindlich gesinnter Außerirdischer in der Bevölkerung in Verbindung steht. Die Aliens entführen ihn, doch Hart gelingt es, zu fliehen. Er wird jedoch schnell eingeholt und landet inmitten des Dschungels auf dem Saturnmond Titan. Der Spieler muss den Gefahren des umgebenden Dschungels trotzen und die bestehende Verschwörung vereiteln. Obwohl ein Großteil des Gameplays aus Laufen, Springen und Schießen auf Feinde besteht, enthält das Spiel auch ein beträchtliches Element der Erkundung sowie einen Teil, in dem Rätsel gelöst werden müssen. Der Spieler navigiert Conrad durch plattformartige Strukturen, wobei er verschiedene Bewegungen ausführt. Er kann springen, rennen, klettern, sich an Vorsprüngen festhalten und Gegenstände aufheben ... Um sich zu verteidigen, kann Conrad mit seiner Pistole auf Feinde schießen und verschiedene Gegenstände benutzen, um sie zu verletzen oder abzulenken.
Flink (USA) (En,Fr,De,Es,Nl)	The Misadventures of Flink auf Mega CD ist ein Plattformspiel, das in der Fantasy-Welt von Imagica spielt. Die Geschichte beginnt, als die vier Ältesten vom bösen Wainwright gefangen genommen werden. Der Spieler übernimmt die Rolle von Flink, einem Zauberlehrling, der die Ältesten retten und Wainwright besiegen muss. Dazu kann er Magie einsetzen, sobald er eine ausreichende Menge an roten Fläschchen angesammelt hat.
Formula One World Championship - Beyond the Limit (USA)	Beyond the Limit ist eine Rennsimulation, die auf der Formel 1 um 1993 basiert. Sie enthält echte Autos, Strecken und Fahrer aus der Welt der F1. Die Grafiken in Beyond the Limit werden aus skalierten und gedrehten Sprites erstellt, die einen 3D-Effekt erzeugen. Es enthält auch viele Vollbild-Videoclips aus der Berichterstattung von Fuji TV über aktuelle Rennen. Es gibt zwei Hauptspielmodi: Grand Prix und 1993. Der Grand Prix-Modus ist eine punktebasierte Meisterschaft, die sich über 16 Rennen erstreckt. Im 1993-Modus können Sie bestimmte Herausforderungen in den Rennen dieses Jahres nachstellen.
Game no Kandume Vol. 1 (Japan)	Wenn einem Verlag die Inspiration fehlt, hat er zwei Möglichkeiten für seine alten Spiele: Entweder er aktualisiert sie grafisch oder er erstellt eine Zusammenstellung. Offensichtlich ist dies die letzte Option, die für diesen Titel gewählt wurde. Wir finden also folgende Spiele: - Flicky: Alle seine Entenküken müssen zusammengesetzt werden, um das Level in der Art von Wiz 'n Liz zu beenden - Hyper Marbles: In einer Arena müssen Sie der ultimative Überlebende sein, indem Sie Ihre Gegner auf elektrifizierten Oberflächen anstoßen; wirklich nett ! - Paddle Fighter: ein berühmtes Tischhockeyspiel, ein Vergnügen, das Ihre Reflexe auf die Probe stellt - Pyramid Magic: ein kleines Archäologiespiel im Stil von Rick Dangerous, aber viel weniger erfolgreich - Phantasy Star 2 (Shilka's Adventure, Amia's Adventure, Huey's Adventure und Eusis's Adventure): ein Textspiel, das Fans des Genres vorbehalten ist
Game no Kandume Vol. 2 (Japan)	Spiel ohne Kanzume Vol. 2 ist eine Zusammenstellung von Sega Meganet-Spielen, die exklusiv in Japan für die Sega Mega-CD veröffentlicht wurde. Es wurde zusammen mit Vol.1 veröffentlicht und es folgte Game no Kanzume Otokuyou. Diese Zusammenstellung wurde teilweise von M.I.J.E.T. übersetzt. , dass nur die Phantasy Star II Text Adventures und Fatal Labyrinth übersetzt wurden. Spiele: 16t Aworg: Hero in the Sky Fatal Labyrinth Ikasuze! Koi no Doki Doki Penguin Land MD Medal City Phantasy Star II: Anne's Adventure Phantasy Star II: Kinds's Adventure Phantasy Star II: Nei's Adventure Phantasy Star II: Rudger's Adventure Putter Golf Robot Battler Teddy Boy Blues
Garou Densetsu Special (Japan)	Fatal Fury Special ist eine verbesserte Version von SNKs 2D-Einzelkämpfer Fatal Fury 2, das eine Umsetzung des gleichnamigen Arcade-Spiels von 1993 ist. Das Ziel ist, das Turnier zu gewinnen, indem alle anderen Kämpfer einschließlich Endboss Wolfgang Krauser besiegt werden. Fatal Fury Special bietet eine ziemlich große Auswahl an Kämpfern, darunter die acht regulären Kämpfer von Fatal Fury 2: Terry Bogard, Andy Bogard, Joe Higashi, Kim Kaphwan, Jubei Yamada, Cheng Sinzan, Mai Shiranui und Big Bear. Die vier Bosse von Fatal Fury 2: Billy Kane, Axel Hawk, Lawrence Blood und Wolfgang Krauser (diesmal sind sie alle sofort spielbar). Drei Charaktere kehren aus dem ersten Fatal Fury zurück: Duck King, Tung Fu Rue und Geese Howard (der Endboss aus Fatal Fury). Weitere Verbesserungen sind ein neuer Countdown-Modus (besiege so viele Gegner wie möglich in 3 Minuten), zusätzliche Farbschemata für jeden Charakter, neue und verbesserte Hintergrundgrafiken und die Unterstützung für Dolby Surround Sound. Fatal Fury Special bietet immer noch die für die Serie typische Pseudo-3D-Bewegung entlang zweier Ebenen.
Gen'ei Toshi - Illusion City (Japan)	Genei Toshi: Illusion City ist eine Mega-CD-Portierung des gleichnamigen MSX Turbo R-Spiels. Das Spiel findet im Jahr 202X in Hongkong statt. Eine Dämoneninvasion hat alle Asiaten infiziert, wobei Hongkong besonders betroffen ist. Schließlich kehren die Menschen in die Stadt zurück und stellen fest, dass ein mysteriöses Unternehmen namens SIVA die Stadt übernommen hat. SIVA erklärte Hongkong zum unabhängigen Staat, wobei sowohl China als auch das Vereinigte Königreich zustimmten, sein neuer Staat zu werden.
Ground Zero Texas (USA) (Disc 1)	Ground Zero Texas ist ein Ego-Shooter-Spiel auf Mega-CD. Aus einer verschlafenen Stadt an der mexikanischen Grenze dringen Außerirdische in die Vereinigten Staaten ein, um den Weg für eine größere Invasion zu ebnen. Die Regierung beauftragt Sie – einen Schusswaffentechniker – damit, die Aktivitäten von Außerirdischen in der Stadt zu überwachen und zu reagieren, um das Leben der Bürger und Ihrer Agenten zu schützen.
Gyuwambler Jiko Chuushinha 2 - Gekitou! Tokyo Mahjongland-hen (Japan)	Mahjong ist ein Brettspiel chinesischen Ursprungs, das jahrhundertelang nur in diesem Land verbreitet war. Es wurde Anfang des 20. Jahrhunderts in den Rest der Welt, auch in den Westen, exportiert. Es besteht aus 144 Steinen genannten Teilen, die der Form von Dominosteinen sehr ähneln. Sie sind in Farben eingeteilt, von denen 36 aus der Kreisfarbe stammen, weitere 36 aus dem Bambus, plus 36 aus dem Zeichen, 16 aus dem Ostwind, 12 aus den drei Drachen, 4, die Blumen darstellen, und die letzten 4, die das symbolisieren 4 Saisons, mit dem Ziel, mehr Punkte als die anderen Spieler zu sammeln.
Heart of the Alien - Out of This World Parts I and II (USA) (RE)	Heart of the Alien ist seinem Vorgänger vom Gameplay und vom grafischen Stil her ähnlich und spielt direkt nach den Ereignissen von Another World. Es enthält wieder den „Alien-Freund“, der dem menschlichen Protagonisten durch das Original geholfen hat. Auf die Ereignisse des Vorgängers wird nur in der verlängerten Einführung Bezug genommen. Die Story knüpft genau am Ende des ersten Teils an. Lesters Alien-Freund landet den Flugsaurier in den Ruinen seines Heimatdorfes, legt Lester zur Erholung in eine Hütte und läuft durch das Dorf, wobei er sich an seine Vergangenheit erinnert. Diese Sequenz enthält viele monochrome Rückblenden, die die bisherigen Ereignisse, die zur Gefangenschaft des Aliens und dessen sowie Lesters Entkommen aus dem Gefängnis darstellen. Durch das gesamte Spiel hindurch sucht der Freund den rotäugigen Alien, der für die Zerstörung seines Dorfes und die Gefangennahme seiner Bewohner verantwortlich ist. Nachdem Lester genesen ist, hilft er seinem Freund bei dieser Aufgabe. Am Ende werden alle Gefangenen befreit, die Festung niedergebrannt, allerdings stirbt Lester dabei und wird feuerbestattet.
Heavenly Symphony - Formula One World Championship 1993 (Japan)	Beyond the Limit ist eine Rennsimulation, die auf der Formel 1 um 1993 basiert. Sie enthält echte Autos, Strecken und Fahrer aus der Welt der F1. Die Grafiken in Beyond the Limit werden aus skalierten und gedrehten Sprites erstellt, die einen 3D-Effekt erzeugen. Es enthält auch viele Vollbild-Videoclips aus der Berichterstattung von Fuji TV über aktuelle Rennen. Es gibt zwei Hauptspielmodi: Grand Prix und 1993. Der Grand Prix-Modus ist eine punktebasierte Meisterschaft, die sich über 16 Rennen erstreckt. Im 1993-Modus können Sie bestimmte Herausforderungen in den Rennen dieses Jahres nachstellen.
Heavy Nova (Japan)	In einer Zeit häufiger außerirdischer Angriffe verfügt die Erde über eine einheitliche Regierung, die sich zur Verteidigung auf eine Reihe von Cyborgs verlässt, die als „Heavy Dolls“ bekannt sind. Die größten davon sind als Heavy Nova bekannt, ein Titel, den man sich durch das Bestehen eines strengen Trainingsprogramms verdient. Sie nehmen es mit dem simulierten Testgelände auf, das in zwei abwechselnde Aktionsarten unterteilt ist. Im ersten müssen Sie sich (zunächst rein horizontal, später auch mit vertikalem Flick-Scrolling) durch eine feindliche Umgebung aus Feinden, Bomben und Fallen bewegen und dabei Punkte sammeln, wenn Sie es schnell und mit viel verbleibender Energie schaffen. Zunächst können Sie nach Bedarf fliegen und treten. Sobald dieser Abschnitt abgeschlossen ist, geht es weiter mit Einzelkämpfen im Street Fighter 2-Stil. Die frühen Feinde haben weitaus weniger Energie als Sie zu Beginn haben. Im Verlauf des Spiels erhalten Sie zusätzliche Angriffsbewegungen.
Heimdall (USA)	Heimdall auf Mega CD ist ein Rollenspiel, das auf der nordischen Mythologie basiert. Der Legende nach ist Heimdall ein Halbgott, der das Königreich Asgard vor jeglichem Eindringen schützt. Als sich Ragnarok nähert, wurden die Verteidigungswaffen von Loki, dem Gott des Unfugs, gestohlen. Finden Sie auf drei Kontinenten verstreute Waffen und verteidigen Sie das Königreich um jeden Preis.
Hook (USA)	In dieser Videospiel-Adaption des Steven Spielberg-Films Hook schlüpft der Spieler in die Rolle eines erwachsenen Peter Pan, dessen Kinder von Captain Hook entführt wurden. Tinker Bell bringt Peter zurück nach Nimmerland, wo er wieder Pan werden und seine Kinder zurückfordern muss. Diese besondere Interpretation ist ein seitlich scrollendes Actionspiel, in dem sich die Spieler durch 11 Level an Hooks Bewohnern vorbei hacken müssen. Dazu gehören Wälder, eisige Regionen und Städte, durch die Peter springen, klettern und schwimmen muss. Für besondere Kräfte können magische Gegenstände wie Äpfel und Feenstaub gesammelt werden. Wenn Feinde angegriffen werden, heben sie einfach ihre Hände, anstatt zu sterben, um das Spiel kinderfreundlicher zu machen.
IIIrd World War, The (Japan)	Der Dritte Weltkrieg ist ein „hypothetisches/Was wäre wenn“-Kriegsspiel mit einer Wendung. Es spielt irgendwann im späten 20. Jahrhundert, als überall auf der Welt Konflikte ausbrachen und der Weltfrieden nur noch der Vergangenheit angehört. Als Anführer einer von 16 Nationen ist Ihr ultimatives Ziel nichts anderes als die Weltherrschaft. Um dies zu erreichen, haben Sie eine Vielzahl von Möglichkeiten, die von roher militärischer Macht, Diplomatie, ausländischer oder inländischer Investitionspolitik, der Unterstützung von Terroristen oder Revolutionären bis hin zur Medienmanipulation reichen. Mit anderen Worten, es ist genau wie in der realen Welt. Das Spiel bietet 5 verschiedene Szenarien, die alle unterschiedliche Strategien erfordern, um zu gewinnen.
Iron Helix (USA)	Ein abtrünniges Marineschiff, Jeremiah Obrian, droht, einen Krieg zu beginnen. Ein Virus hat seine Besatzung ausgelöscht, aber die Gefahr, dass er seine Weltuntergangswaffe Iron Helix abfeuert, besteht immer noch. Sie müssen einen unbewaffneten Wissenschaftsroboter aus der Ferne steuern, um das Schiff zu erkunden und herauszufinden, wie Sie die Waffe abschalten können. Das Spiel verwendet interaktives Viertelbildschirmmaterial, um die Innenräume des Schiffes anzuzeigen. Die größte Herausforderung besteht darin, dass Sie von einem automatisierten Sicherheitsgerät verfolgt werden, dem Sie ausweichen und das Sie letztendlich zerstören müssen. Eine Verzögerung zwischen Ihren Befehlen und deren Empfang durch den Roboter zwingt Sie dazu, der Sicherheitsdrohne große Aufmerksamkeit zu schenken und mehrere Schritte im Voraus zu planen. Während Sie das Schiff erkunden, werden Sie auf Datenanschlüsse stoßen, die angeschlossen werden können, um Informationen zu erhalten oder Türen zu öffnen.
Ishii Hisaichi no Daiseikai (Japan)	Ishii Hisaichi no Daiseikai (Hisaichi Ishiis große politische Welt) ist ein skurriles Strategie-Brettspiel mit politischem Thema, das auf den Werken des Karikaturisten Hisaichi Ishii basiert. Der Spieler übernimmt die Rolle eines angehenden Politikers, der sich zum japanischen Premierminister hocharbeiten muss. Das Spiel ist vollständig menügesteuert, wobei der Spieler im Verlauf des Spiels Aktionen für jeden Tag auswählt, z. B. den Besuch eines bestimmten Ortes oder das Treffen mit einer bestimmten Person. Das ultimative Ziel besteht darin, Erfahrungen bei der Lösung der Probleme der Bürger zu sammeln und durch Kampagnen – oder durch den Einsatz von Gegenständen, um die öffentliche Meinung zugunsten des Spielers zu beeinflussen – genügend Popularität zu erlangen, um die Volksabstimmung zu gewinnen.
Jaguar XJ220 (USA)	Anfang der 90er Jahre war der Jaguar XJ220 das schnellste Serienauto aller Zeiten. Core Design erwarb das Recht, ein Spiel darum herum zu bauen, um Gremlins immens erfolgreicher Lotus-Serie entgegenzuwirken. Genau wie Lotus ist der Jaguar XJ200 ein Blick von hinten Renner. Es gibt 32 Strecken auf der ganzen Welt mit unterschiedlichen Straßenverhältnissen und lebhaften Wetterbedingungen wie Regen und Nebel in England, Schnee in der Schweiz und Tumbleweed, das die Straße in Ägypten überquert. Sie fahren mit Ihrem Jaguar in einem Konstrukteurs-Grand-Prix mit Gegnern für Porsche, Ferrari und andere berühmte Hersteller. Zwischen den Rennen müssen Sie den Schaden reparieren, den Ihr Auto erlitten hat, was Ihr Preisgeld auffrisst. Die Hintergrundmusik wird über einen CD-Player im Armaturenbrett ausgewählt, der auch einige eher langweilige Radiosender bietet. Das Spiel kann auch im Zwei-Spieler-Modus mit geteiltem Bildschirm gespielt werden und verfügt über einen Streckeneditor, wenn Sie die integrierten Kurse satt haben.
Jangou World Cup (Japan)	Jangou World Cup ist eine digitale Version des beliebten Tischspiels Mahjong und Teil der langjährigen Jangou-Serie. Der Hauptmodus ist der sogenannte Weltcup-Modus, in dem eine Vielzahl von Gegnern aus der ganzen Welt mit jeweils eigenem Spielstil besiegt werden müssen. Das Spiel beinhaltet auch einen kostenlosen Spielmodus, in dem der Spieler ein Match mit einem der verfügbaren Computergegner veranstalten kann. Eine Besonderheit des Spiels besteht darin, dass es Spielinformationen für jeden registrierten Spieler verfolgt und sogar die Möglichkeit bietet, auf der Grundlage ihrer Aufzeichnungen gegen eine computergestützte Nachbildung anderer Spieler zu spielen.
Jeopardy! (USA)	Basierend auf der gleichnamigen Fernsehquizshow. Dieses CD-Set enthält FMVs von Moderator Alex Trebek und den Teilnehmern sowie digitale Audiotracks, einschließlich Show-Credits und der Stimme des Moderators. Sie können im Mehrspielermodus oder gegen den Computer spielen und die Anzahl der Teilnehmer, das Geschlecht und das Aussehen Ihres eigenen Konkurrenten auswählen. Aufgrund der größeren Kapazität von CD-Medien im Vergleich zu Kassettenmedien der damaligen Zeit gibt es eine größere Fragendatenbank als bei allen Kassettenversionen des Spiels.
Joe Montana's NFL Football (USA)	Diese erweiterte Version der Joe Montana-Serie enthält 3D-Modelle und sogar Full-Motion-Videos von Joe Montana selbst. Es verfügt über eine vollständige NFL-Lizenz mit allen 28 Teams der Ära mit ihren jeweiligen Spitznamen und Logos sowie 10 der größten Super Bowl-Teams, darunter die 85 Bears, die 72 Dolphins, um nur einige zu nennen. -uns, die die Der Spieler kann versuchen, um das größte Spiel des Jahres zu kämpfen. Die Ansicht wird hinter dem Quarterback platziert, mit 3D-Winkeln, einschließlich vier verschiedener Wiedergabeoptionen, einschließlich einer „Helmet Cam“. Es enthält digitalisierte Stimmen und Videos, darunter die von Joe Montana, einer Figur, die der Spieler während eines Spiels dreimal konsultieren kann. Es gelten die üblichen Spielmodi (Exhibition, ...) und ein kompletter Saisonmodus mit den Playoffs und natürlich dem Super Bowl.
Jurassic Park (USA) (RE)	Dies ist das Mega-CD-Spiel, das auf dem Steven Spielberg-Film von 1993 basiert, der auf dem Buch von Michael Crichton basiert. Dieses Spiel unterscheidet sich stark von anderen Jurassic Park-Spielen. Es ist ein Point-and-Click-Abenteuerspiel mit einem starken Schwerpunkt auf Action-Sequenzen, die ein Sekundenbruchteil-Timing erfordern. Die Geschichte spielt nach den Ereignissen des Films/Buches. Sie werden zurück in den Jurassic Park geschickt, um Dinosauriereier aus dem ganzen Park zu holen und sie in einen Inkubator zu legen. Sie haben nur 12 Stunden Zeit, um ein Ei von jeder Dino-Art im Park zu bergen. Leider stürzt Ihr Helikopter kurz vor der Ankunft im Park ab!
Kamen Rider ZO (Japan)	The Masked Rider: The Kamen Rider ZO, in Japan einfach als Kamen Rider ZO (amen) bekannt, ist ein Actionspiel für die Sega Mega-CD. Es basiert auf dem Film Kamen Rider ZO aus dem Jahr 1993
Keio Flying Squadron (USA)	Übernehmen Sie in dieser spannenden. geheimnisvollen Geschichte aus Japan die Rolle eines unerschrockenen orientalischen Teenagers. Rami reitet auf ihrem treuen Drachen Spot von einem Abenteuer ins nächste und muß einen Riesenkraken, die US Navy und die russische Armee besiegen, bevor sie das Schiff von Dr. Pon erreicht. Dieser skrupellose Wissenschaftler, der mit einem IQ von 1400 als das intelligenteste Wesen der Erde gilt, hat die Gestalt eines Waschbären, was hervorragend zu seinem diebischen Charakter paßt.
Keiou Yuugekitai (Japan)	Übernehmen Sie in dieser spannenden. geheimnisvollen Geschichte aus Japan die Rolle eines unerschrockenen orientalischen Teenagers. Rami reitet auf ihrem treuen Drachen Spot von einem Abenteuer ins nächste und muß einen Riesenkraken, die US Navy und die russische Armee besiegen, bevor sie das Schiff von Dr. Pon erreicht. Dieser skrupellose Wissenschaftler, der mit einem IQ von 1400 als das intelligenteste Wesen der Erde gilt, hat die Gestalt eines Waschbären, was hervorragend zu seinem diebischen Charakter paßt.
Kids on Site (USA)	Erinnern Sie sich an die Tage als Kind, als Sie von diesen großen Maschinen auf der Baustelle fasziniert waren? Mit diesem Spiel haben Sie die Möglichkeit, sie auszuprobieren! Sie können entweder den Bagger, den Bulldozer, die Dampfwalze oder die Abrissbirne verwenden. Die Handhabung könnte nicht einfacher sein, es müssen nur drei Tasten gedrückt werden: links, rechts und verwenden. Mit jeder Maschine erhalten Sie eine einfache Aufgabe, z.B. drei Schaufeln Erde auf einem Lastwagen tragen. Aber das Lustige ist, dass Sie nicht darauf beschränkt sind und einfach herumschrauben können. Warum ein altes Haus demolieren, wenn die Grubenlatrine so viel verlockender ist? Das ganze Spiel wird in Full-Motion-Video präsentiert – die Reaktionen sind sehr humorvoll und mit einer ordentlichen Portion Slapstick. Zur Steigerung der Langzeitmotivation gibt es zu jeder Aktion sogar mehrere Videos, z.B. Beim ersten Mal durchbrichst du mit dem Bagger eine Straßensperre, fährst du auf einer Autobahn, beim zweiten Mal in eine Schlucht, beim dritten Mal auf eine Achterbahn und so weiter...
Lawnmower Man, The (USA)	The Lawnmower Man ist ein Plattform-/Actionspiel auf Mega-CD, adaptiert aus dem gleichnamigen Film (Le Cobaye auf Französisch). Ein Wissenschaftler namens Dr. Lawrence führt Experimente durch, um die Intelligenz seiner Probanden künstlich zu verbessern. Jobe Smith, eines seiner Versuchskaninchen, wird jedoch gewalttätig und erhält Kräfte der Telekinese. Sein Ziel: Rache. Die Plattformphasen des Spiels können in einer 3D-Welt zu anderen Spielphasen in der Ego-Perspektive führen.
Lethal Enforcers (USA)	Nehmen Sie Ihre Pistole und seien Sie der Polizist, der Sie sein müssen, um die Straßen von den Kriminellen zu befreien, die Ihren Tag zur Hölle machen. Zielen Sie mit Bedacht und schnell, sonst geht Ihr Leben in diesem First Person Arcade-Shooter, der die Straßen aufräumt, schnell verloren. Je höher der Schwierigkeitsgrad, desto mehr Verbrecher müssen beseitigt werden. Achten Sie jedoch auf die anderen Waffen, die Ihnen dabei helfen können. Gehen Sie direkt ins Chaos, üben Sie im Zielbereich oder lassen Sie sich von einem Freund im Zwei-Spieler-Modus unterstützen. Verwenden Sie ein Waffenzubehör oder spielen Sie mit dem Gamepad.
Lethal Enforcers II - Gun Fighters (USA)	Lethal Enforcers II ist ein Arcade-Spiel aus dem Jahr 1994 und Vorläufer der ursprünglichen Lethal Enforcers. Im Gegensatz zum modernen Strafverfolgungsthema des ersten Spiels findet Lethal Enforcers II im amerikanischen &quot;Old West&quot; statt. In diesem Spiel ist es das Ziel, Gesetzlose zu erschießen, um das Verbrechen in einer typischen Stadt des amerikanischen Westen des Jahres 1873 auszurotten. Zu Beginn des Spiels stehen drei bis fünf Lebenseinheiten zur Verfügung. Weitere Lebenseinheiten werden basierend darauf vergeben, wie viele Punkte der Spieler während des Spiels erzielt. Jedes Mal, wenn der Spieler, ein unschuldiger Zivilist oder Anwalt erschossen wird, geht eine Lebenseinheit verloren. Das Spiel endet, wenn alle Lebenseinheiten verschwunden sind, aber das weitere Spiel verfügbar ist. Lethal Enforcers II besteht aus fünf Phasen: &quot;The Bank Robbery&quot;, &quot;The Stage-Holdup&quot;, &quot;Saloon Showdown&quot;, &quot;The Train Robbery&quot; und &quot;The Hide-Out&quot;. In jeder Phase muss der Spieler die bewaffneten Gesetzlosen erschießen, ohne unschuldige Stadtbewohner oder Hilfs Sheriffs zu verletzen. Ein Schuss reicht aus, um die meisten Fei
Lethal Enforcers II - The Western (Japan)	Lethal Enforcers II ist ein Arcade-Spiel aus dem Jahr 1994 und Vorläufer der ursprünglichen Lethal Enforcers. Im Gegensatz zum modernen Strafverfolgungsthema des ersten Spiels findet Lethal Enforcers II im amerikanischen &quot;Old West&quot; statt. In diesem Spiel ist es das Ziel, Gesetzlose zu erschießen, um das Verbrechen in einer typischen Stadt des amerikanischen Westen des Jahres 1873 auszurotten. Zu Beginn des Spiels stehen drei bis fünf Lebenseinheiten zur Verfügung. Weitere Lebenseinheiten werden basierend darauf vergeben, wie viele Punkte der Spieler während des Spiels erzielt. Jedes Mal, wenn der Spieler, ein unschuldiger Zivilist oder Anwalt erschossen wird, geht eine Lebenseinheit verloren. Das Spiel endet, wenn alle Lebenseinheiten verschwunden sind, aber das weitere Spiel verfügbar ist. Lethal Enforcers II besteht aus fünf Phasen: &quot;The Bank Robbery&quot;, &quot;The Stage-Holdup&quot;, &quot;Saloon Showdown&quot;, &quot;The Train Robbery&quot; und &quot;The Hide-Out&quot;. In jeder Phase muss der Spieler die bewaffneten Gesetzlosen erschießen, ohne unschuldige Stadtbewohner oder Hilfs Sheriffs zu verletzen. Ein Schuss reicht aus, um die meisten Fei
Links - The Challenge of Golf (USA)	Links: The Challenge of Golf ist ein Golfspiel für die Sega Mega-CD, das als Teil der Links-Reihe veröffentlicht wurde. Es wurde nur in Nordamerika veröffentlicht. Im Vergleich zur PC-Version enthält diese Version ein animiertes Video und einen Kommentator sowie andere Grafiken, um besser zur Mega-CD zu passen. Allerdings fehlt dem Spiel wie den PC-Versionen Musik beim Spielen und Hits sind durch lange Ladezeiten getrennt.
Loadstar - The Legend of Tully Bodine (USA, Brazil)	Loadstar ist ein Rail-Shooter-Spiel. Sie müssen Feinde abschießen, während Sie Ihr Schiff steuern, genau wie beim Sewer Shark-Spiel. In diesem Spiel befinden Sie sich tatsächlich auf den Schienen und reisen in einem Lastwagen/Zug namens Loadstar entlang eines magnetischen Schienennetzes, das den Mond umspannt. Wenn Sie den Cursor zum Rand des Bildschirms bewegen, riskieren Sie, von der Spur abzukommen und falsche Wendungen zu machen, die Sie entweder sofort töten oder vom Ende des Levels wegbringen könnten. Fahrtrichtungsanzeiger und entfernte Orientierungspunkte helfen Ihnen, die richtige Richtung zu halten, während Unfälle, Gleissperrungen und Polizeiroboter alles tun, um Sie davon abzuhalten. Ihre Waffen „markieren“ Feinde und zwingen sie zum Explodieren, oder können feindliches Feuer markieren und sie ablenken.
Lords of Thunder (USA)	In dem einst friedlichen Land Mistral hält sich die Legende von einem tapferen Ritter namens Drak, der einen bösen Gott namens Deoric unter den sechs Kontinenten des Landes versiegelt hat. Frieden hält jedoch nie an. Das Garuda-Imperium ist in die Länder von Mistral eingedrungen, und die sechs Dunklen Generäle, angeführt von Sornbul, haben die Kontinente erobert. Sornbuls Ehrgeiz ist nichts Geringeres, als Deoric wiederzubeleben und das Land ins Chaos zu stürzen. Duran, Nachkomme von Drak, ist der Einzige, der den verrückten Plan des Garuda-Imperiums aufhalten kann, und mit der Macht von Draks mystischen Rüstungen macht er sich auf den Weg, um Sornbul um jeden Preis aufzuhalten.
Lunar - Eternal Blue (USA) (RE)	Bei &quot;Lunar 2: Eternal Blue Complete&quot; handelt es sich um eine Neuauflage des Spiels &quot;Lunar: Eternal Blue&quot;, das erstmals 1994 auf dem Sega CD in Japan erschien. Inhaltlich greift der Titel die bereits im Vorgänger angedeutete Zerstörung des Blue Stars und die Übersiedlung der Menschheit auf den Silver Star auf. Die Gruppe im Kampf gegen ein UngeheuerIm Jahr 1998 erschien ein Remake des Titels für den Sega Saturn, das - wie auch beim Remake von &quot;Lunar: The Silver Star&quot; - mit einigen storytechnischen und spielerischen Änderungen aufwartete. So wurde unter Anderem nicht nur der Plot erweitert und genauer auf die Vorstellungen der Entwickler abgestimmt, sondern auch die im Animestil gehaltenen Zwischensquenzen erneuert oder die Zufallskämpfe auf der Weltkarte entfernt. Im Jahr 1999 wurde Lunar 2 auf die Playstation konvertiert und ist im Prinzip rein inhaltlich mit dem Remake für den Sega Saturn identisch. Einzig die Anzahl der Speicherslots und der Epilog nach dem Endkampf wurden eingefügt, was eine weitere kleine Storyänderung zur Folge hatte. Des Weiteren kamen weitere Sprachsamples und Zwischensequenzen hinzu, woraus auch die insgesamt drei Spiel-CDs resultieren.
Lunar - The Silver Star (USA)	Lunar: Silver Star Story Complete ist eine Neuauflage des Spiels Lunar: The Silver Star, welches erstmals im Jahre 1992 auf dem Sega CD in Japan erschien. Auf dem Weg in die SuempfeIm Jahre 1993, also genau ein Jahr nach der Erstveröffentlichung, wurde es von Working Designs auch in den USA vermarktet und errang dort rasch einen bis heute anhaltenden Kultstatus. Dabei ist das Spiel eines der ersten Konsolenspiele, die eine voll umfängliche Sprachausgabe nutzten (die Pioniere auf diesem Gebiet waren Ys: Book 1 & 2). Im Laufe der darauffolgenden Jahre erschienen einige Neuauflagen von Lunar. So veröffentlichte Game Arts im Jahre 1996 ein Remake für den Sega Saturn, das den Namen &quot;Silver Star Story&quot; trug, wobei sich das Remake sowohl von der grafischen als auch von der storybedingten Seite im neuen Gewand zeigte. Als Beispiel sei der Tod von Dyne zu nennen, der im Original eine völlig andere Bewandnis hat und die Beziehung zwischen ihm und seinem Freund Ghaleon inklusive aller daran anhängigen Aspekte grundlegend verändert. Neben Grafik und Spielverlauf wurden auch einige Animesequenzen eingefügt, welche die Lebhaftigkeit und die Seele der Spielwelt unterstreichen sollten. Wenig später erschien auf derselben Konsole eine spezielle Version mit MPEG-Unterstützung, um diverse Qualitätseinbußen während der Sequenzen einzudämmen. Im Großen und Ganzen allerdings blieb das Spiel selbst dem vorangegangenen Remake gleich.
Mad Dog II - The Lost Gold (USA)	Mad Dog II: The Lost Gold auf Mega-CD ist ein Ego-Shooter, der im Wilden Westen spielt. Betreten Sie das Herzstück eines interaktiven Films und testen Sie Ihre Reflexe, indem Sie schneller als Ihr Schatten gegen Gangster, Indianer und andere Feinde schießen. Treffen Sie schließlich Ihren größten Feind, Mad Dog, zu einem persönlichen Treffen, das feurig zu werden verspricht.
Mad Dog McCree (USA)	Mag Dog McCree und seine Bande haben den Bürgermeister und seine Tochter entführt, und es liegt an dir, sie zu retten. Du musst dich durch Bars und Banküberfälle schlagen, um die Bande auszuschalten und alles zu retten, was du für gut und richtig hälst. Das Spiel unterscheidet sich von anderen Operation Wolf-beeinflussten Shoot 'em ups durch den Einsatz von Live-Video, bei dem echte Menschen auf dem Bildschirm erscheinen. Du hast unbegrenzt Zeit, um das Ende zu erreichen, so dass die Tode der Schauspieler auf dem Bildschirm von so vielen Zuschauern gesehen wurden, als wenn sie in einem Film mitgespielt hätten.
Mahou no Shoujo - Silky Lip (Japan)	Mit einem großartigen komödiantischen Touch erzählt „Mahou no Shoujo: Silky Lip“ die Geschichte von Lip, einem Mädchen, das in einer magischen Welt lebt und dazu bestimmt ist, Königin zu werden, aber dazu neigt, ihre Kräfte unangemessen einzusetzen. Um weiteren Ärger zu vermeiden, wird sie auf die Erde geschickt, wo sie außerhalb ihrer Heimat Magie studieren kann. Das Spiel kann als eine Mischung aus Abenteuer und Rollenspiel definiert werden, bei der es darum geht, mit Menschen zu interagieren, Dinge zu inspizieren und zu kämpfen, um die Handlung fortzusetzen. Es stehen zwei Modi zur Verfügung: der Filmmodus, der auf Anime-Szenen basiert, und der RPG-Modus, in dem die Charaktere erkunden und kämpfen müssen.
Make My Video - INXS (USA)	Die Make My Video-Serie war eine der wenigen Spieleserien für die Mega-CD, die dieses neue Medium wirklich nutzte. Es ist nicht wirklich ein Spiel, wie wir es uns vorstellen, sondern ein originelles Programm, das wirklich nicht klassifizierbar ist. Make My Video fordert sicherlich ein wenig Ihre Reflexe oder vielmehr Ihre Geistesgegenwart, aber das Element, das am meisten zur Geltung gebracht wird, ist Ihr künstlerisches Gespür. Ja, mit Make My Video werden Sie zum Videoclip-Regisseur befördert!
Make My Video - Kris Kross (USA)	Yo! Jetzt haben Sie die Möglichkeit, Ihre eigenen Musikvideos für die Hip-Hop-Gruppe Kri Kross zu erstellen. In diesem revolutionären neuen Musikvideo-Erlebnis für Sega CD tritt VJ vor Sie und sagt Ihnen genau, nach welchen Arten von Videos er sucht. Dann liegt es an Ihnen, ob Sie sie liefern. Sie haben die volle Kontrolle beim Auswählen, Bearbeiten und Schneiden Ihres Filmmaterials. Sie arbeiten mit Hunderten von Clips echter Videos, Filmen und nie zuvor gesehenem Videomaterial – alles synchronisiert mit schwindelerregenden Spezialeffekten und der frischesten, heißesten Musik aller Zeiten. Erhalten Sie Anerkennung direkt von Veejay selbst. Wenn Ihr Video gut genug ist, gelangen Sie zum nächsten Level. Ansonsten ... nun, sagen wir einfach, unser VJ kümmert sich nicht wirklich um Ihre Hacks. Wenn Sie Ihre Arbeit verfeinern müssen, können Sie Ihre Musikvideos im Bearbeitungsmodus perfekt bearbeiten – genau wie die Profis im Studio. Und wenn Sie Ihre Arbeit aufzeichnen möchten, nutzen Sie einfach Ihren Videorecorder!
Make My Video - Marky Mark and the Funky Bunch (USA)	Lange bevor Mark Wahlberg ein angesehener Schauspieler wurde, war er ein Musiker von zweifelhafter Qualität, bekannt als Marky Mark, der die Hip-Hop-Gruppe Marky Mark and the Funky Bunch anführte. Die Gruppe hatte kommerziellen Erfolg und war zwischen 1989 und 1993 aktiv. In dieser Ausgabe der Make My Video-Serie werden die Songs Good Vibrations, I Need Money, You Gotta Believe und die dazugehörigen Clips vorgestellt. Es sei daran erinnert, dass dies der einzige Titel der Serie war, der nicht in Europa, sondern nur in den Vereinigten Staaten veröffentlicht wurde.
Mansion of Hidden Souls (USA)	Mansion of Hidden Souls ist ein Abenteuerspiel, das vollständig mit Full-Motion-Video erstellt wurde. Es findet in einer vorgerenderten Villa statt, die der Spieler aus der Ego-Perspektive erkundet. Während sie von Raum zu Raum wandern, entfaltet sich die Handlung über Videosequenzen. Der Spieler übernimmt die Rolle von Jonathan, einem Jungen, dessen Schwester in die gruselige Villa gewandert ist. Als sie die Villa betrat, verschwand sie! Außerdem ist das Herrenhaus voller sprechender Schmetterlinge. Der Spieler muss die gesamte Villa durchsuchen, um ihre Geheimnisse zu lüften und Jonathans Schwester zu finden.
Marko's Magic Football (Europe) (En,Fr,De,Es)	Marko's Magic Football, in Nordamerika einfach als Marko bekannt, ist ein Plattformspiel aus dem Jahr 1994, das von Domark für Sega Mega Drive, Sega Mega-CD und Sega Game Gear entwickelt und veröffentlicht wurde. Die Mega-CD- und Game Gear-Versionen wurden ausschließlich in Europa veröffentlicht, obwohl der Mega-CD-Port inoffiziell über Good Deal Games in die USA gebracht wurde, die irgendwann in den 2000er Jahren begannen, nicht lizenzierte Reproduktionen zu verkaufen. In Marko's Magic Football schlüpfst du in die Rolle von Marko, einem Fußballspieler, der mit seinem Fußball verschiedene Plattformaufgaben erledigt. Der britische Sonic the Comic zeigte in seinen frühen Jahren mehrere Streifen, die auf der Figur basierten. Berichten zufolge war auch eine Sega Master System-Version irgendwann in der Entwicklung, wurde jedoch eingestellt.
Mary Shelley's Frankenstein (USA)	Mary Shelleys Frankenstein ist ein Videospiel, das auf dem gleichnamigen Film von 1994 basiert. Diese Version enthält ein Bonusspiel: Bram Stoker's Dracula. Der Spieler steuert Frankensteins Monster, während er 1793 durch die Straßen von Ingolstadt, Bayern, streift, um sich an einem gewissen Victor zu rächen, der ihn nach seiner Erschaffung zurückgewiesen hat. Da es sich um ein künstlich hergestelltes Produkt handelt, wird er von Bauern und Soldaten verurteilt und zum Paria erklärt. Die einfachen Leute, die versuchen, Frankensteins Monster zu töten, haben keine Ahnung von der modernen Wissenschaft und glauben, dass er in Wirklichkeit ein Dämon ist.
Masked Rider, The - Kamen Rider ZO (USA)	The Masked Rider: The Kamen Rider ZO, in Japan einfach als Kamen Rider ZO (amen) bekannt, ist ein Actionspiel für die Sega Mega-CD. Es basiert auf dem Film Kamen Rider ZO aus dem Jahr 1993
Mega Schwarzschild (Japan)	Mega Schwarzschild ist eine Portierung des Strategiespiels Super Schwarzschild, das ursprünglich als Spin-off der Schwarzschild-Franchise für die PC Engine veröffentlicht wurde. Das früher rundenbasierte Kampfsystem wurde geändert, um einem Echtzeit-Kampfansatz näher zu kommen. Die Handlung und das Setting blieben jedoch gleich: Der Spieler steuert Alcyon, den Prinzen des Königreichs Auraclume, der gezwungen ist, sein Studium abzubrechen und in seine Heimat zurückzukehren, um seine Untertanen vor schrecklichen Bedrohungen zu verteidigen.
MegaRace (USA)	Virtual Television hat uns die Möglichkeit gegeben, die Dinge zu tun, die wir im Alltag nicht verwirklichen können: Rennen Sie durch 14 großartige Strecken in 5 verschiedenen Umgebungen an einem völlig virtuellen Ort, an dem Sie sich ganz einfach mit Kumpels oder Waffen gegenseitig töten können. Auf jeder Strecke werden Sie einige Symbole sehen, die Ihr Auto schneller, langsamer oder sogar explodieren lassen können, wie Ihr Mega-Moderator Lance Boyle sagt: „Wer weiß, wen interessiert das?“ Alles, was Sie in MegaRace sehen, ist virtuell und niemand stirbt dort wirklich. Dann habt Spaß!
Mickey Mania (Europe)	Mickey Mania: The Timeless Adventures of Mickey Mouse ist ein 2D-Jump 'n' Run. Du steuerst Mickey Maus durch unterschiedliche Side-Scrolling Level, die alle einen klassischen Mickey-Maus-Cartoon von 1928 bis 1990 repräsentieren und nach diesen gestaltet sind.
Mickey Mania - The Timeless Adventures of Mickey Mouse (USA)	Mickey Mania: The Timeless Adventures of Mickey Mouse ist ein 2D-Jump 'n' Run. Du steuerst Mickey Maus durch unterschiedliche Side-Scrolling Level, die alle einen klassischen Mickey-Maus-Cartoon von 1928 bis 1990 repräsentieren und nach diesen gestaltet sind.
Microcosm (USA)	Im Jahr 2051 kämpfen zwei Megakonzerne um die Vorherrschaft auf einem überbevölkerten, verschmutzten Planeten. CyberTech Industries, das dominierende Unternehmen auf dem Planeten, wird von Axiom herausgefordert, das ersteres für den Tod ihres Präsidenten verantwortlich macht. Um sich zu rächen, injizieren sie dem Präsidenten von CyberTech, Anton Korsby, heimlich einen Virus, der droht, seinen Körper zu übernehmen und ihn und CyberTech letztendlich zu zerstören. Ihre Mission ist es, in Korsbys Körper einzudringen, das Virus zu zerstören und den Organismus zu besiegen, der sein Gehirn kontrolliert.
Midnight Raiders (USA)	Ein FMV-Rail-Shooter, der Sie in den Helm des Rookie-Chopper-Schützen „Joker“ versetzt. Terroristen haben einen deutschen Biochemiker entführt und in eine Ölraffinerie im Nahen Osten gebracht, wo er gezwungen wird, an einem tödlichen Gift zu arbeiten. Joker und Crew müssen zur Raffinerie fliegen und feindliche Panzer und Helikopter abschießen, dann muss sich Joker zur Raffinerie abseilen und den Chemiker zu Fuß retten. Die Hubschrauberabschnitte folgen einem ähnlichen Muster wie Tomcat Alley und zeigen kurze Clips der Besetzung im Cockpit, gefolgt von einer &quot;Nasenkamera&quot; -Aufnahme eines sich nähernden Feindes. Während dieses Schusses haben Sie die Möglichkeit, ein Fadenkreuz über den Feind zu bewegen und die „Feuer“-Taste zu drücken. Wenn Sie am Ziel sind, werden Sie mit Militärarchivaufnahmen von Hubschraubern, die Raketen abfeuern, und Nahaufnahmen von explodierenden Modellen belohnt.
Might and Magic III - Isles of Terra (Japan)	Der dritte Teil der Rollenspielreihe mit einer facettenreichen Handlung voller Wendungen. Diesmal wurde der Fokus auf die Benutzerfreundlichkeit des Gameplays gelegt; außerdem enthielt die Handlung jede Menge neue interessante Wendungen. Führe eine Gruppe Abenteurer zu einem Treffen mit dem legendären Zauberer Corak. Von dunklen, schimmeligen Kerkern über Korridore aus behauenen Steinen und Holz bis hin zu den hohen, gefrorenen Gipfeln von Terra werden Sie die Geheimnisse entdecken, die die exotischen Inseln im Großen Meer umgeben.
Mighty Morphin Power Rangers (USA)	Diese Version der Power Rangers-Franchise unterscheidet sich von vielen anderen Power Ranger-Spielen, da sie FMV mit echtem Video der eigentlichen TV-Show enthält. Das Filmmaterial besteht aus neun verschiedenen Episoden und das Gameplay erinnert an Spiele wie Dragon's Lair und Space Ace, bei denen der Spieler zu einem bestimmten Zeitpunkt einen Knopf drücken muss, um zu vermeiden, dass er geschlagen oder getreten wird, einer Falle ausweicht usw Eine Schaltfläche spielt das Filmmaterial weiter ab, führt jedoch dazu, dass der Spieler ein Leben verliert. Nachdem eine bestimmte Anzahl von Leben verloren gegangen ist, ist das Spiel vorbei.
Mortal Kombat (USA)	Vor fünfhundert Jahren wurde ein uraltes und angesehenes Shaolin-Kampfturnier, das alle 50 Jahre stattfindet, von einem bösen und älteren Zauberer namens Shang Tsung korrumpiert. Shang wurde von Prinz Goro begleitet, einem Krieger der Shokan-Rasse (ein vierarmiger halb Mensch / halb Drache). Da Shang wusste, dass wenn zehn Turniere hintereinander vom Outworld-Champion gewonnen würden, das Erdreich vom Bösen erobert und in die Dunkelheit fallen würde, trat er in Goro ein und ließ ihn den großen Kung Lao besiegen. Goro ist seit fünfhundert Jahren der unbesiegte Kampfmeister. Als das letzte erforderliche Turnier näher rückt, erlässt Raiden, Donnergott und Beschützer des Erdreichs, einen Plan, um die Waage zugunsten der Menschen zu kippen. Sieben Kämpfer betreten die Arena auf Shang Tsungs mysteriöser Insel: Shaolin-Krieger Liu Kang, Special Forces Die Agentin Sonya Blade, der Söldnerschläger Kano, der berühmte Schauspieler Johnny Cage, der eisschwingende Lin Kuei-Krieger Sub-Zero und sein untoter Gegner Scorpion sowie Raiden selbst.
Mortal Kombat Kanzenban (Japan)	Vor fünfhundert Jahren wurde ein uraltes und angesehenes Shaolin-Kampfturnier, das alle 50 Jahre stattfindet, von einem bösen und älteren Zauberer namens Shang Tsung korrumpiert. Shang wurde von Prinz Goro begleitet, einem Krieger der Shokan-Rasse (ein vierarmiger halb Mensch / halb Drache). Da Shang wusste, dass wenn zehn Turniere hintereinander vom Outworld-Champion gewonnen würden, das Erdreich vom Bösen erobert und in die Dunkelheit fallen würde, trat er in Goro ein und ließ ihn den großen Kung Lao besiegen. Goro ist seit fünfhundert Jahren der unbesiegte Kampfmeister. Als das letzte erforderliche Turnier näher rückt, erlässt Raiden, Donnergott und Beschützer des Erdreichs, einen Plan, um die Waage zugunsten der Menschen zu kippen. Sieben Kämpfer betreten die Arena auf Shang Tsungs mysteriöser Insel: Shaolin-Krieger Liu Kang, Special Forces Die Agentin Sonya Blade, der Söldnerschläger Kano, der berühmte Schauspieler Johnny Cage, der eisschwingende Lin Kuei-Krieger Sub-Zero und sein untoter Gegner Scorpion sowie Raiden selbst.
My Paint (USA)	My Paint: Das Animated Paint Program auf der Mega-CD ist ein Zeichen- und Malspiel. Dem Spieler werden zwei Modi angeboten, die sich mit den Standardoptionen der Grafikpalette (Bleistift, Kreise, Quadrate, Linien, Spray usw.) frei ausdrücken oder einfach mit Zeichnungen ohne Farbe ausfüllen können. Der Spieler kann seine Meisterwerke auch zum Leben erwecken, indem er sie mit animierten Symbolen dekoriert.
NBA Jam (USA)	NBA Jam ist ein Zwei-gegen-zwei-Basketballspiel. Du kannst gegen jedes NBA-Team antreten und als Spieler wie Barkley, Starks, Pippen und Grant spielen. Jeder menschliche Spieler kontrolliert einen einzelnen Spieler, also wähle deinen Trupp mit Bedacht aus, um die Fähigkeiten der Teamkollegen zu berücksichtigen. Das Spiel ist aktionsorientiert und die Spieler können unrealistische Slam-Dunks ausführen. Vollständige Leistungsstatistiken werden automatisch aufgezeichnet. Es gelten die Spieluhr und die 3-Punkte-Linie, aber andere Regeln werden weitgehend übersehen.
NFL Football Trivia Challenge (USA)	NFL Football Trivia Challenge ist ein von der National Football League lizenziertes Quizspiel. Jeder Spieler kann seine Lieblingsmannschaft auswählen, mit der er spielen möchte. Die TV-Kommentatoren Pat Summerall und Tom Bookshier beschreiben verschiedene Spielsituationen, begleitet von 1200 Bildern und 300 FMV-Clips. Im Spiel warten 1.500 Multiple-Choice-Fragen auf eine Antwort. Mit jeder richtigen Antwort gewinnt der Spieler an Distanz im Spiel und erhöht seine Chancen auf einen Punkt. Der Spieler mit den meisten Punkten nach 60 Fragen gewinnt das Spiel. Es gibt drei verschiedene Schwierigkeitsgrade zum Spielen.
NFL's Greatest - San Francisco vs. Dallas 1978-1993 (USA)	Topstars der Cowboys und 49ers aus den 70er, 80er und 90er Jahren in einem Spiel. Staubach, Dorsett, „Too Tall“ Jones, Aikman, Irvin, Smith – treten gegen Montana, Lott, Clark, Rice, Watters, Young an – um nur einige zu nennen! Sie wählen den Quarterback, geben die Spielzüge vor – und sehen sich dann die Action in farbenfrohem TruVideo an! Stellen Sie sich Tony Dorsett und Troy Aikman im selben Backfield vor, oder Steve Young, der Dwight Clark mit einem TD-Pass schlägt, oder „Too Tall“ Jones, der Young verfolgt – das kann passieren! 15 Jahre echtes Football-Material aus der NFL Films Library und der neueste Sega-CD-Sound und die neueste Technologie erwecken Ihr Traumspiel zum Leben.
NHL '94 (USA)	Nachdem sich EA in den virtuellen Stadien etabliert hatte, kombinierte EA in NHL '94 sowohl NHL- als auch NHLPA-Lizenzen, sodass sie zum ersten Mal in der Serie alle 26 realen Teams (einschließlich der beiden Erweiterungsteams) und Spieler der neuen NHL-Saison präsentieren konnten. Abgesehen von den Lizenzen enthält das Gameplay für diese Ausgabe zum ersten Mal den verheerenden One-Time-Shot, aber um die Stürmer (buchstäblich) in Schach zu halten, bieten die Verteidiger auch härtere Bodychecks mit neuen Animationen. Für eine zusätzliche Herausforderung können die Spieler den Torhüter auch manuell steuern. Das Kämpfen ist ein beliebtes Feature in früheren Ausgaben und wurde vollständig aus dem Spiel entfernt. Zu den Spielmodi gehören Show-Spiele (oder „reguläre Saison“ im Spiel), Playoffs (Best of One oder Best of Seven) und ein brandneuer Shoot-Out-Modus. Die Hauptoptionen sind seit der Einführung der Serie im Wesentlichen dieselben geblieben – Periodendauer (5, 10 oder 20 Minuten), Zeilenwechsel (Aus, Manuell oder der neue automatische Modus) und Strafen (Aus, An, An, aber kein Abseits).
NHL Hockey '94 (Europe)	Nachdem sich EA in den virtuellen Stadien etabliert hatte, kombinierte EA in NHL '94 sowohl NHL- als auch NHLPA-Lizenzen, sodass sie zum ersten Mal in der Serie alle 26 realen Teams (einschließlich der beiden Erweiterungsteams) und Spieler der neuen NHL-Saison präsentieren konnten. Abgesehen von den Lizenzen enthält das Gameplay für diese Ausgabe zum ersten Mal den verheerenden One-Time-Shot, aber um die Stürmer (buchstäblich) in Schach zu halten, bieten die Verteidiger auch härtere Bodychecks mit neuen Animationen. Für eine zusätzliche Herausforderung können die Spieler den Torhüter auch manuell steuern. Das Kämpfen ist ein beliebtes Feature in früheren Ausgaben und wurde vollständig aus dem Spiel entfernt. Zu den Spielmodi gehören Show-Spiele (oder „reguläre Saison“ im Spiel), Playoffs (Best of One oder Best of Seven) und ein brandneuer Shoot-Out-Modus. Die Hauptoptionen sind seit der Einführung der Serie im Wesentlichen dieselben geblieben – Periodendauer (5, 10 oder 20 Minuten), Zeilenwechsel (Aus, Manuell oder der neue automatische Modus) und Strafen (Aus, An, An, aber kein Abseits).
Night Striker (Japan, Korea)	Night Striker ist ein Third-Person-Shooter, der an Space Harrier erinnert und aus dem Taito-Coin-Op von 1989 stammt. Der Laseroptik-Experte Dr. Lindvery Maska und seine Tochter wurden von einer Terroristengruppe entführt, und Dick Dagras, Leiter der Special Service Agency, mobilisiert zur Rettung eine Gruppe Elitesoldaten, die Erfahrung im Umgang mit speziellen gepanzerten Flugwagen haben Dr. Maska und zerstören Sie diese Terroristengruppe. Der Spieler fliegt durch jede Stufe, steuert seinen Panzerwagen und schießt Wellen von Feinden ab. Am Ende jeder Stufe erscheint ein Boss, und danach muss der Spieler wie in Darius entscheiden, welchen Weg er in der nächsten Stufe einschlagen möchte. Anstelle von Leben verfügt der Spieler über einen Schild, der bei jedem Treffer Schaden erleidet, am Ende jeder Stufe jedoch wieder aufgeladen wird. Die Sega-CD-Version des Spiels enthält neu gemischte CD-Audiodaten und die Saturn-Version bietet eine Reihe exklusiver Bonuslevel.
Night Trap (USA) (Disc 1)	Night Trap auf Mega-CD ist ein Abenteuerspiel, das sich wie ein interaktiver Film spielt. Der Spieler spielt einen S.C.A.T.-Agenten. und muss 5 junge Mädchen vor einer Horde Vampire in einem Haus beschützen. Wir müssen so viele Fallen wie möglich aufstellen und das Geschehen ständig mit Überwachungskameras überwachen, um den Bluttrinkern Einhalt zu gebieten. Bei den Zwischensequenzen des Spiels sind echte Schauspieler anwesend.
Ninja Warriors, The (Japan)	Side-Scrolling-Beat-Em-Up für zwei Spieler, konvertiert vom Taito-Münzautomaten mit drei nebeneinander liegenden Monitoren. Die Amiga-Version wurde im Letterbox-Format entwickelt, um möglichst viele der Breitbild-Hintergrundgrafiken anzuzeigen. Die Spieler steuerten Roboter-Ninjas, die sich mit Shuriken und Messern durch die Level kämpften. Als die Ninjas Schaden erlitten, wurde ihr klassisches Ninja-Gewand weggerissen, um die Gliedmaßen, den Rumpf oder den Kopf eines Roboters freizulegen. Wenn der Schaden einen kritischen Wert erreichte, explodierte der Ninja-Roboter und zerstreute mechanische Körperteile. Wie beim späteren Titel SWIV von The Sales Curve nutzten The Ninja Warriors das Dynamic Loading System des Unternehmens, um Sprites, Sound und Hintergrundgrafiken im Handumdrehen von der Festplatte zu laden.
Nobunaga no Yabou - Haouden (Japan)	Nobunaga's Ambition: Tale of the Conqueror ist ein Sega Mega Drive- und Sega Mega-CD-Strategiespiel von Koei, das exklusiv in Japan veröffentlicht wurde. „Nobunagas Ambition: Haoden“ ist ein Strategiespiel, das das Leben von Oda Nobunaga schildert, der mit herausragenden Talenten und intensiven Leidenschaften zum Weltmeister aufgestiegen ist, und das Überleben von Gruppenmitgliedern, die die turbulente Kriegsära durchlebten. Klassensimulationsspiel. In diesem Film wurden verschiedene Spezifikationen hinzugefügt, die für Mobiltelefone nicht verfügbar sind, wie zum Beispiel mehr als 900 Darstellungen von Kriegsherren, insgesamt 64 Länder, eine Karte von Japan, die durch 110 Burgen dargestellt wird, und Allianzen für drei Typen. Und den Krieg der verfeindeten Staaten realistisch nachbilden.
Nostalgia 1907 - In North Atlantic Sea (Japan)	Nostalgia 1907 ist ein visueller Roman, der im Jahr 1907 an Bord des Schiffes „Nostalgia“ spielt. Während das Schiff den Atlantik überquerte, wurde es durch eine Explosion beschädigt. Der Spieler schlüpft in die Rolle mehrerer Charaktere, darunter des Schiffskapitäns und einiger Passagiere, und muss herausfinden, wer die Explosion verursacht hat und warum. Das Spiel besteht hauptsächlich aus Text, der Standbilder begleitet; Die Interaktion ist auf mehrere Gelegenheiten beschränkt, bei denen der Spieler Entscheidungen für den Charakter treffen muss, der derzeit als Protagonist gilt. Die Grafiken des Spiels sind vollständig in Sepiatönen gehalten. Trotz seines japanischen Ursprungs vermeiden die handgezeichneten Grafiken von Nostalgia 1907 die übliche Manga-Ästhetik.
Novastorm (USA)	Der Traum eines Shooters aus der &quot;Behind-The-View&quot;-Perspektive: Vernichten Sie Feinde vor einer filmischen Kulisse. Zerstören Sie die computergesteuerten Kämpfer, bevor sie die Welt übernehmen! Im Gegensatz zu interaktiven Filmen der ersten Generation mit Action hat Novastorm einen Haken in der Umgebung; Wenn Sie sich in den Weg eines vorgerenderten Hindernisses bewegen und es Sie &quot;trifft&quot;, erleiden Sie Schaden usw.
Panic! (USA) (RE)	Panik! (in Japan „Switch!“ genannt) auf Mega-CD ist ein Puzzlespiel mit einem ausgefallenen Universum. Ein Computervirus hat das gesamte Weltnetzwerk beschädigt, aber ein Programm namens Panic wurde entwickelt, um dem Virus entgegenzuwirken. Der Spieler verkörpert Slap, einen Jungen, der dafür verantwortlich ist, das Kommando über das Panic-Programm zu übernehmen und das Netzwerk wieder in Ordnung zu bringen.
Pier Solar and the Great Architects - The Definitive Original Soundtrack (Europe) (Disc 4) (Enhanced Soundtrack Disc)	Mit dem SEGA Mega CD/SEGA CD Add-On für den SEGA Mega Drive/Genesis kannst Du Dein &quot;Pier Solar&quot; Spielerlebnis mit dem HiFi Soundtrack und den 3D Umgebungsgeräuschen durch die Enhanced Soundtrack CD verbessern! CD mit verbesserten Soundtrack, kompatibel mit dem &quot;Pier Solar&quot; Modul für den SEGA Mega Drive/Genesis. Lege die CD zusammen mit dem &quot;Pier Solar&quot; Spielmodul in Dein SEGA Mega CD/SEGA CD. Die CD ist außerdem mit PC & MAC für zusätzliche digitale Inhalte kompatibel. Hinweis für Benutzer der &quot;Reprint Edition&quot;: Um die funktionen der CD nutzen zu können musst Du sie auf dem Titelbildschirm unter Optionen aktivieren.
Pier Solar and the Great Architects Enhanced Soundtrack Disc (USA)	Mit dem SEGA Mega CD/SEGA CD Add-On für den SEGA Mega Drive/Genesis kannst Du Dein &quot;Pier Solar&quot; Spielerlebnis mit dem HiFi Soundtrack und den 3D Umgebungsgeräuschen durch die Enhanced Soundtrack CD verbessern! CD mit verbesserten Soundtrack, kompatibel mit dem &quot;Pier Solar&quot; Modul für den SEGA Mega Drive/Genesis. Lege die CD zusammen mit dem &quot;Pier Solar&quot; Spielmodul in Dein SEGA Mega CD/SEGA CD. Die CD ist außerdem mit PC & MAC für zusätzliche digitale Inhalte kompatibel. Hinweis für Benutzer der &quot;Reprint Edition&quot;: Um die funktionen der CD nutzen zu können musst Du sie auf dem Titelbildschirm unter Optionen aktivieren.
Pitfall - The Mayan Adventure (USA)	Pitfall: The Mayan Adventure ist ein seitlich scrollendes Actionspiel, in dem Sie den Abenteurer Pitfall Harry Jr. auf der Suche nach seinem Vater Pitfall Harry spielen. Du kämpfst dich durch den Maya-Dschungel, Wasserfälle, verlassene Minen und kannst dich mit Bungee-Jumping und Bumerang in Sicherheit bringen. Es gibt 13 Level und die Action ist schnell und fesselnd. Sie müssen aufmerksam sein – und schnell. Oder sich auf den Tod vorbereiten.
Popful Mail (USA) (RE)	Popful Mail ist ein Actionspiel auf Mega-CD. In einer Fantasy-Welt spielen Sie als Popful Mail. Sie fangen einen Kriminellen, aber unglücklicherweise rennt er weg und Sie können kein Kopfgeld fordern. Wieder einmal frustriert machen Sie sich auf den Weg zum nächsten Dorf, wo Sie mit Erstaunen feststellen, dass auf Ihren eigenen Kopf ein Preis ausgesetzt ist. Um den Headhuntern zu entkommen, begeben Sie sich auf ein großes Abenteuer.
PopfulMail (Japan)	Popful Mail ist ein Actionspiel auf Mega-CD. In einer Fantasy-Welt spielen Sie als Popful Mail. Sie fangen einen Kriminellen, aber unglücklicherweise rennt er weg und Sie können kein Kopfgeld fordern. Wieder einmal frustriert machen Sie sich auf den Weg zum nächsten Dorf, wo Sie mit Erstaunen feststellen, dass auf Ihren eigenen Kopf ein Preis ausgesetzt ist. Um den Headhuntern zu entkommen, begeben Sie sich auf ein großes Abenteuer.
Power Factory (USA)	In Power Factory mit C+C Music Factory besteht deine Mission darin, in Echtzeit drei Clips für die Band C+C zu bearbeiten. Sie können den Bildern auch Effekte hinzufügen, um Clivillès und Cole zu gefallen.
Power Monger (USA)	Powermonger übernimmt das grundlegende Design und die Konzepte von Bullfrogs vorherigem Spiel Populous und stellt es in einen Kriegskontext. Das Spiel versetzt den Spieler in die Rolle eines enteigneten Kriegsherrn, der sich auf dem Weg zur Welteroberung seinen Weg durch 195 Gebiete bahnt. Mehrere andere Führer haben das gleiche Ziel. Die Spielwelt besteht jetzt aus Polygonen, sodass die Ansicht mit größerer Freiheit gedreht und verschoben werden kann als bei Populous. Handel, Diplomatie, Erfindungen und Invasionen der verbrannten Erde spielen alle eine Schlüsselrolle dabei, wie der Spieler im Spiel vorankommt. Zwei-Spieler-Spiele über Modemverbindungen sind auf Computerversionen verfügbar.
PowerMonger (Europe)	Powermonger übernimmt das grundlegende Design und die Konzepte von Bullfrogs vorherigem Spiel Populous und stellt es in einen Kriegskontext. Das Spiel versetzt den Spieler in die Rolle eines enteigneten Kriegsherrn, der sich auf dem Weg zur Welteroberung seinen Weg durch 195 Gebiete bahnt. Mehrere andere Führer haben das gleiche Ziel. Die Spielwelt besteht jetzt aus Polygonen, sodass die Ansicht mit größerer Freiheit gedreht und verschoben werden kann als bei Populous. Handel, Diplomatie, Erfindungen und Invasionen der verbrannten Erde spielen alle eine Schlüsselrolle dabei, wie der Spieler im Spiel vorankommt. Zwei-Spieler-Spiele über Modemverbindungen sind auf Computerversionen verfügbar.
Prince of Persia (USA)	Der Großwesir Jaffar hat dich in einen dunklen Kerker geworfen und plant, in einer Stunde das Mädchen deiner Träume zu heiraten. Das wirst du nicht zulassen, oder? Versuche aus dem Verlies zu entkommen, schalte Jaffars Wachen aus, finde deinen Weg durch den Palast des Sultans und besiege Jaffar selbst. Jetzt los, du hast 60 Minuten! Prince of Persia ist ein 2D-Plattformer mit Lauf- und Sprung-Gameplay. Dein Held muss tödlichen Fallen ausweichen, einige einfache Rätsel lösen und mit den Wachen Schwertkämpfe bestreiten. Der Spieler hat unendlich viele Leben, muss aber jedes Mal, wenn er stirbt, am Anfang eines Levels neu beginnen und das Spiel innerhalb einer Stunde beenden. Ein besonders bemerkenswerter Aspekt des Spiels ist die sehr flüssige Animation Ihres Charakters. Die Game Boy Color- und SNES-Versionen des Spiels bieten zusätzliche Level und neue Feinde. Die Genesis-Version hat ein neues Intro und eine veränderte Grafik, aber das Level-Layout bleibt fast identisch mit dem des Originals.
Prize Fighter (USA) (Disc 1)	Prize Fighter ist ein Boxspiel auf Mega-CD. Trainiere, verfolge die schrittweise Entwicklung deines Charakters und werde der beste Boxer aller Zeiten. Der Titel bietet Ihnen verschiedene Spielmodi, um sich zu stärken und Erfahrungen für Ihre Kämpfe zu sammeln. Treffen Sie die richtigen Entscheidungen und Opfer, um die Elite der Welt zu erreichen.
Pro Yakyuu Super League CD (Japan)	Pro Yakyuu Super League CD ist ein Baseballspiel, das als Teil der Super League-Reihe exklusiv in Japan für die Sega Mega-CD veröffentlicht wurde. Ist der dritte Titel in Segas 16-Bit-Baseball-Franchise und der erste für die Mega-CD. Es handelt sich wieder um eine Standard-Baseballsimulation mit Catcher-Ansicht und einer NPB-Lizenz mit vollständigen Mannschaftsaufstellungen der Central und Pacific League von 1992 sowie zwei All-Star-Teams. Das Spiel bietet die Modi Pennant Race und Exhibition, sechs verschiedene Stadien und die Möglichkeit, entweder ein Tag- oder ein Nachtspiel zu spielen.
Psychic Detective Series Vol. 3 - Aya (Japan)	Psychic Detective Series Vol. 3: Aya ist ein Abenteuerspiel für die Sega Mega-CD. Es wurde nur in Japan veröffentlicht. Es folgte Psychic Detective Series Vol. 4: Orgel im selben Jahr. Nur wenige Menschen besitzen die einzigartige Fähigkeit, die Herzen anderer Menschen zu lesen; Diese Leute werden psychische Analytiker genannt, und Katsuya Furuyagi ist einer von ihnen. Eines Tages stattet ihm ein Analytikerkollege einen unerwarteten Besuch ab und führt ihn zu einem mysteriösen alten Mann namens Kamiya. Furuyagi liest die Gedanken des alten Mannes und wagt sich in das Reich der Erinnerungen, wo der Geist einer Frau versucht, ihren eigenen Mord zu rächen. Aya ist der dritte Teil der Psychic Detective-Reihe. Wie in den vorherigen Einträgen handelt es sich um ein Abenteuerspiel im japanischen Stil mit Ego-Perspektive und menübasierter Interaktion und Navigation. Auf den meisten Bildschirmen müssen Befehle wie „Schauen“, „Fragen“ und „Bewegen“ verwendet werden, um die Handlung voranzutreiben.
Psychic Detective Series Vol. 4 - Orgel (Japan)	Psychic Detective Series Vol. 3: Aya ist ein Abenteuerspiel für die Sega Mega-CD. Es wurde nur in Japan veröffentlicht. Es folgte Psychic Detective Series Vol. 4: Orgel im selben Jahr. Nur wenige Menschen besitzen die einzigartige Fähigkeit, die Herzen anderer Menschen zu lesen; Diese Leute werden psychische Analytiker genannt, und Katsuya Furuyagi ist einer von ihnen. Eines Tages stattet ihm ein Analytikerkollege einen unerwarteten Besuch ab und führt ihn zu einem mysteriösen alten Mann namens Kamiya. Furuyagi liest die Gedanken des alten Mannes und wagt sich in das Reich der Erinnerungen, wo der Geist einer Frau versucht, ihren eigenen Mord zu rächen. Aya ist der dritte Teil der Psychic Detective-Reihe. Wie in den vorherigen Einträgen handelt es sich um ein Abenteuerspiel im japanischen Stil mit Ego-Perspektive und menübasierter Interaktion und Navigation. Auf den meisten Bildschirmen müssen Befehle wie „Schauen“, „Fragen“ und „Bewegen“ verwendet werden, um die Handlung voranzutreiben.
Puggsy (USA)	Puggsy ist ein Plattformer mit einer Kombination aus Action und Puzzle Elementen. Du steuerst Puggsy, dessen Raumschiff nach einem Absturz auf einem fremden Planeten gestohlen wurde. Dein Ziel ist es das gestohlene Raumschiff wiederzufinden, um zu fliehen und zurück nach hause zu kommen. Um dies zu schaffen musst du dir deinen Weg durch etliche Levels mit verschiedensten Umgebungen bahnen. In jedem Level gibt es verschiedene Objekte zu finden, es liegt an dir herauszufinden wie sie zu nutzen sind um das Ende des Levels zu erreichen. Manche Gegenstände können benutzt (z.B. Waffen und Schlüssel), geworfen, bewegt und gestappelt werden. Natürlich verfügt jedes Level über eine Auswahl von Gegnern, die Puggsy ein Leben kosten, sollten sie ihn erwischen. Auf deiner Reise wirst du auf sechs böse Wächter treffen die besiegt werden müssen bevor du dein Raumschiff zurückerhältst.
Quiz Scramble Special (Japan) (Rev B)	Einem verrückten alten Arzt ist es gelungen, sein Haus mit sich und seiner Tochter auf die andere Seite des Planeten zu teleportieren! Sie sind in Sicherheit, aber der Teleporter hat keinen Strom mehr. Der Teleporter wird durch Wissen angetrieben, und die einzige Möglichkeit, es wieder aufzuladen, besteht darin, mit der örtlichen Tierwelt zu kommunizieren und ihre Quizfragen zu beantworten! Quiz Scramble Special ist ein komisches Quizspiel im japanischen Stil. In jeder Zone gibt es mehrere Gegner, die den Spieler dazu herausfordern, Fragen zu beantworten. Das Ziel besteht darin, eine bestimmte Zahl richtig zu beantworten, bevor der Timer abläuft. Die falsche Beantwortung einer Frage führt dazu, dass der Spieler Zeit verliert; Wenn der Timer abgelaufen ist, verliert der Spieler ein Leben, und wenn alle Leben aufgebraucht sind, ist das Spiel vorbei. Das Spiel umfasst sowohl einen Einzelspielermodus als auch einen kooperativen Zweispielermodus. Zwischen den Etappen gibt es auch Minispiele, zum Beispiel einen Kuchenwurfwettbewerb.
Quiz Tonosama no Yabou (Japan)	In einem feudalen Japan, das durch die Herrschaft der Daimyo (lokale Herren) geteilt ist, wählen Sie Ihr Land und stellen sich den anderen Herren, um deren Gebiete einzunehmen und so über das ganze Land zu herrschen. Um es zu erreichen, müssen Sie mit Ihrem Kopf kämpfen! Wählen Sie Ihre Kategorien (Musik, Animation, Sport usw.) und beantworten Sie die Fragen. Der Gewinner erhält den Kreis des Verlierers. Ein bisschen wie das Spiel Risk wird dieses Quizz Ihr Gehirn dazu anregen, die volle Kontrolle über Japan zu übernehmen. Aber es gibt einen Haken: Es ist alles auf Japanisch.
Racing Aces (USA)	Am Ende des Kalten Krieges erfanden Kampfflugzeughersteller eine neue Sportart: den Luft-Grand-Prix. In Racing Aces übernimmt der Spieler dann die Kontrolle über Flugzeuge aus dem Ersten und Zweiten Weltkrieg sowie moderne Jäger bei Rennen in geringer Höhe.
Radical Rex (USA)	Rette die Dinosaurier vor dem Aussterben in Radical Rex auf Mega-CD. Der Zauberer Sethron verzauberte die Dinosaurier, so dass sie untereinander kämpften, bis sie verschwanden und den Säugetieren Platz machten. Sie steuern Rex, einen Dinosaurier, der versucht, die durch den bösen Zauber verursachte Aggression seiner Dinosaurierkollegen zu überleben. Er kann sich auf einem Skateboard fortbewegen und um zu kämpfen, spuckt er Feuer, schlägt zu und stößt einen Schrei aus, der alles auf dem Bildschirm zerstört.
Ranma 1-2 - Byakuranaika (Japan)	Ranma ½: Byakuran Aika ist ein Abenteuerspiel für die Mega-CD. Es war das erste von drei Ranma ½-Spielen, die 1993 veröffentlicht wurden, und das einzige, das auf der Mega-CD veröffentlicht wurde. Der Titel kann als „White Orchid Serenade“ übersetzt werden. Das Spiel wurde mit einer Telefonkarte geliefert und verfügt über einen Soundtrack, die Electronic Game Music Collection. Das Spiel bietet eine originelle Geschichte rund um einen neuen Charakter, Arisa Nanjo. Nachdem Ranma Saotomes Freunde verschwunden sind, liegt es an ihm, sie aufzuspüren. Bei dem Spiel handelt es sich um einen Videoroman, bei dem der Spieler als Ranma aus einer Reihe von Möglichkeiten auswählt, beispielsweise was er jemandem sagen oder tun möchte. Die Ergebnisse werden dann in einer animierten Sequenz ausgespielt. Es verwendet ein Stein-Schere-Papier-Kampfsystem. Die Charaktere werden von der Originalbesetzung der Serie gesprochen.
RDF - Global Conflict (USA)	Mit einer spannenden Kombination aus 3D-Rendering und explosiver Kampf-Action ist RDF: GLOBAL CONFLICT ein interaktives Multimedia-Erlebnis, das das Sega-CD-System an seine Grenzen bringt! Als Panzerkommandant der RDF (Rapid Deployment Force) – der Elite-Rapid Deployment Force – testen Sie Ihre Kampffähigkeiten in einer realistischen virtuellen Welt, von der vom Krieg zerrütteten Landschaft Osteuropas bis zur trostlosen Tundra Alaskas! Aber Vorsicht! Ein böses Genie kann nicht nur eine Bedrohung für Ihre Einheit, sondern für die gesamte Menschheit darstellen!
Record of Lodoss War (Japan)	Es basiert auf der Romanreihe „Record of Lodoss War“ von Ryo Mizuno aus dem Jahr 1988 und konzentriert sich auf die Abenteuer des Haupthelden des Romanzyklus, Parn, seines besten Freundes Etoh und des liebenswerten Hochelfenschamanen Deedlit. Anstelle der eher traditionellen japanischen RPG-Weltkarten-Top-Down-Navigation und Zufallsschlachten verfügt das Spiel über eine lineare Weltkarte und voreingestellte Schlachten. Das strategische Element der Schlachten ist stärker, da die Kampfbildschirme größer sind und es nicht möglich ist, Schlachten automatisch einzustellen. Jeder Angriff wird auf einem separaten Bildschirm grafisch dargestellt. Feindliche Gebiete verfügen standardmäßig über eine Top-Down-Navigation, während Städte aus der Ego-Perspektive betrachtet werden und die Navigation darin menübasiert erfolgt. Das Spiel verfügt über Sprachausgabe und echte Anime-Filmsequenzen anstelle der üblichen 2D-Zwischensequenzen, die für Sega-CD-Spiele im Anime-Stil typisch sind.
Revenge of the Ninja (USA)	Die Geschichte spielt in Japan. Sie spielen Hayate, einen jungen Ninja-Krieger, der bereit ist, den Dämon Lougi und seine Armee aus Ghulen und Kobolden aufzuhalten. Du willst den Tod deines Vaters und des Kaisers rächen, deine Freundin aus den Klauen des Dämons retten und dem Terror in deinem Land ein Ende setzen. Zu den Feinden, denen du gegenüberstehst, gehören Marco Killmore (ein Samurai-Krieger, halb Mann, halb Adler), Zallen (ein Samurai-Krieger, der in Ungnade gefallen ist, weil er Hayate zerstört hat), Vengor (ein Charakter vom Typ Stone Shiva), Desfal (eine verblüffte Frau), The MPK Destroyer (eine besessene Sammlung von Samurai-Rüstungen) und natürlich der Dämonen-Samurai-Ritter selbst, Lougi. Um das Spiel zu spielen, müssen Sie Quick-Time-Events wie Dragon's Lair und Space Ace abschließen. Es gibt drei Schwierigkeitsstufen, die Ihnen jeweils eine bestimmte Zeit zum Drücken der Tasten geben.
Revengers of Vengeance (USA)	Von der Einleitung an können wir zu Recht ein Rollenspiel erwarten, da alle Elemente der Heldenfantasie vorhanden sind: Burgen, Drachen, Elfen, Oger, Elfen, Ritter ... na ja, überhaupt nicht! Diese Charaktere sind allesamt mutige Kämpfer, denen Sie im Einzelkampf gegenübertreten müssen. Sobald der Kampf beginnt, sind wir enttäuscht: Die Grafik ist durchschnittlich, aber immer noch in Ordnung, der größte Fehler bleibt die Spielbarkeit. Tatsächlich ist die Animation katastrophal, die Bewegungen und Schüsse sind extrem langsam, die Spezialschüsse gelingen wirklich nicht so leicht, kurz gesagt, alles, was den Spaß an dieser Art von Spiel verderben kann. Wenn die Grundidee mit einem guten Gefühl begann, ist das Ergebnis ein Misserfolg, schade, denn das Intro ließ uns gute Zeiten vorhersagen, schade!
Rise of the Dragon (USA)	Rise of the Dragon ist ein Abenteuerspiel, das 1990 für DOS und Macintosh veröffentlicht wurde. Die Handlung beginnt im Jahr 2053, in einer dystopischen Zukunft, in der die Tochter des Bürgermeisters von Los Angeles ermordet und ihre Leiche brutal verstümmelt worden ist. Unser Protagonist, William 'Blade' Hunter, wird mit der Lösung des Falles beauftragt, wird aber in eine große Verschwörung verwickelt. Das Spiel verfügt über eine interne Uhr, die dich zwingt, am richtigen Ort und zur richtigen Zeit zu sein, damit bestimmte Ereignisse eintreten. Bestimmte Entscheidungen können das Abenteuer vorzeitig beenden, da es mehrere Enden gibt. Die Sega-CD-Version wurde mit Stimmen versehen, hat aber im Vergleich zu den Computer-Originalen eine kleinere Farbpalette.
Rise of the Dragon - A Blade Hunter Mystery (Japan)	Rise of the Dragon ist ein Abenteuerspiel, das 1990 für DOS und Macintosh veröffentlicht wurde. Die Handlung beginnt im Jahr 2053, in einer dystopischen Zukunft, in der die Tochter des Bürgermeisters von Los Angeles ermordet und ihre Leiche brutal verstümmelt worden ist. Unser Protagonist, William 'Blade' Hunter, wird mit der Lösung des Falles beauftragt, wird aber in eine große Verschwörung verwickelt. Das Spiel verfügt über eine interne Uhr, die dich zwingt, am richtigen Ort und zur richtigen Zeit zu sein, damit bestimmte Ereignisse eintreten. Bestimmte Entscheidungen können das Abenteuer vorzeitig beenden, da es mehrere Enden gibt. Die Sega-CD-Version wurde mit Stimmen versehen, hat aber im Vergleich zu den Computer-Originalen eine kleinere Farbpalette.
Road Avenger (USA)	Road Avenger stammt aus der Zeit, als interaktive Filme (z. B. Dragon's Lair, Escape from Cybercity, Time Gal ...) mit Grafiken in Filmqualität, aber begrenzter Spielerbewegung, sehr beliebt waren. Die Spieler übernehmen die Rolle eines wütenden Polizisten auf einer wilden Fahrt, während er eine Bande von Bikern verfolgt, die seine Frau getötet haben. Die Spieler müssen durch den Gegenverkehr rasen, sich zwischen Lastwagen quetschen, Motorräder demolieren und durch viele Explosionen steuern. Das einzige, was benötigt wird, sind schnelle Reflexe, um den Anweisungen auf dem Bildschirm (mit zunehmender Schwierigkeit) zu folgen, um die Animation am Laufen zu halten. Die Action wird aus der Ego-Perspektive gezeigt und ist rasant, während die flüssige und detaillierte Anime-Grafik beibehalten wird.
Road Blaster FX (Japan)	Road Avenger stammt aus der Zeit, als interaktive Filme (z. B. Dragon's Lair, Escape from Cybercity, Time Gal ...) mit Grafiken in Filmqualität, aber begrenzter Spielerbewegung, sehr beliebt waren. Die Spieler übernehmen die Rolle eines wütenden Polizisten auf einer wilden Fahrt, während er eine Bande von Bikern verfolgt, die seine Frau getötet haben. Die Spieler müssen durch den Gegenverkehr rasen, sich zwischen Lastwagen quetschen, Motorräder demolieren und durch viele Explosionen steuern. Das einzige, was benötigt wird, sind schnelle Reflexe, um den Anweisungen auf dem Bildschirm (mit zunehmender Schwierigkeit) zu folgen, um die Animation am Laufen zu halten. Die Action wird aus der Ego-Perspektive gezeigt und ist rasant, während die flüssige und detaillierte Anime-Grafik beibehalten wird.
Road Rash (USA)	Road Rash auf Mega-CD ist ein Motorradspiel abseits der ausgetretenen Pfade. Sie nehmen an Rennen auf dem amerikanischen Kontinent teil, meist auf der Straße, wo Sie die Möglichkeit haben, Ihren Gegnern den schlimmsten Dreck zuzufügen. Durch Siege verdienen Sie Geld, das es Ihnen ermöglicht, ein leistungsstärkeres Motorrad zu kaufen.
Robo Aleste (USA)	Der Overhead-Shooter spielt in Japan. Die blutrünstigen Chugoko Warlords des Westens haben den einst souveränen Oda-Clan beherrscht und verwüstet. Zeit, sich zu rächen. Dies ist ein Overhead-Shooter mit großen Bossen und massiven Power-Ups.
Samurai Shodown (USA) (RE)	Im frühen Japan predigt ein Mann namens Shiro Tokisada Amakusa eine ketzerische Religion. Kaum jemand weiß, dass Amakusa wirklich ein Diener der bösen Ambrosia ist, die Amakusas Körper übernommen hat. Ambrosia möchte die Welt in Dunkelheit hüllen. Wähle jetzt zwischen 12 Kriegern (und 3 Bonuscharakteren), die um die Ehre kämpfen, Amakusa zu zerstören und eine Mission zu erfüllen.
San Diego Zoo Presents... The Animals!, The (USA)	Bahnbrechende Video-mit-Ton-Technologie in The Animals! lässt Sie über 200 exotische Säugetiere, Vögel und Reptilien in über 60 Minuten Videoclips sehen und hören. Mit Filmen, Sounds und Geschichten, The Animals! bringt Ihnen auch die vollständigsten und aktuellsten Informationen über unsere tierischen Nachbarn von Experten des weltberühmten Zoos von San Diego. Wenn Sie Tiere lieben, werden Sie The Animals lieben! Es macht Spaß und ist für Kinder und Erwachsene einfach, die riesigen Ressourcen von The Animals zu erkunden! Ein Klick auf die Lebensraumkarte bringt Sie sofort zu den Tieren, die in einer der wichtigsten Klimazonen der Erde leben, darunter: tropische Wälder, Wüsten, Savannen oder Tundra. Steigen Sie an Bord des Multimedia-Tourbusses für eine kommentierte Tour durch Animals in Disguise, Fact or Fable und Jaws, Claws and Creature Features. Im Storybook Theatre hören Sie faszinierende Tiergeschichten wie Gordy-Gorilla aufziehen, gefährdete Arten schützen und wilde Safari.
Sangokushi III (Japan)	Zu Beginn des Spiels wählen die Spieler eines der sechs Szenarien, die die anfängliche Machtverteilung im alten China bestimmen. Nach der Wahl des Szenarios bestimmen die Spieler den oder die Kriegsherren, die sie kontrollieren. Jeder Charakter verfügt über mehrere Statistiken: Kriegsführung, Intelligenz, Politik, Charisma, Heeresführung, Seekriegsführung. Der Spieler gewinnt das Spiel, indem er alle Territorien Chinas erobert.
Secret of Monkey Island, The (USA) (RE)	In The Secret of Monkey Island übemehmen Sie die Rolle von Guybrush Threepwood, einem jungen Mann, der gerade auf Melee Island (das liegt irgendwo in der Karibik) angekommen ist. Hier möchte unser Held das Training erhalten, um seine Lebensbestimmung anzutreten: ein Dasein als Piraten-Kapitän. Guybrush weiß noch nichts von den vielen seltsamen Dingen, die sich in der Gegend von Melee Island und insbesondere auf dem geheimnisvollen Monkey Island ereignet haben. Im Laufe der Geschichte wird Guybrush erkennen müssen, daß es Dinge gibt, vor denen sich sogar Piraten fürchten dürfen...
Sega Classic Arcade Collection - Limited Edition (Japan)	Die Sega Classics Arcade Collection 4-in-1 auf Mega-CD ist eine Zusammenstellung, die vier Versionen von Megadrive-Spielen vereint: das Puzzlespiel Columns, das Actionspiel The Revenge of Shinobi und die Beat'em All-Spiele Golden Axe und Streets of Rage. In Europa wurde nur die 5-in-1-Version veröffentlicht (einschließlich Super Monaco GP), und das Spiel wurde in „Sega Classics Arcade Collection Limited Edition“ umbenannt.
Sega Classics Arcade Collection (USA) (5-in-1)	„Sega Classics Arcade Collection Limited Edition“ ist eine Zusammenstellung von fünf Megadrive-Gameports: dem Puzzlespiel Columns, dem Rennspiel Super Monaco GP, dem Actionspiel The Revenge of Shinobi und dem Beat'em all Golden Axe and Streets of Rage. Die Spiele in diesen Zusammenstellungen bieten verbesserte Grafik und Musik im Vergleich zu den Originalversionen.
Sega Classics Arcade Collection - Limited Edition (Europe) (Rev A)	„Sega Classics Arcade Collection Limited Edition“ ist eine Zusammenstellung von fünf Megadrive-Gameports: dem Puzzlespiel Columns, dem Rennspiel Super Monaco GP, dem Actionspiel The Revenge of Shinobi und dem Beat'em all Golden Axe and Streets of Rage. Die Spiele in diesen Zusammenstellungen bieten verbesserte Grafik und Musik im Vergleich zu den Originalversionen.
Seima Densetsu 3x3 Eyes (Japan, Korea)	Inspiriert durch den Manga „3x3 Eyes“, geschrieben und illustriert von Yuzo Takada, folgt das Spiel getreu der Geschichte des Werks, das es inspiriert hat, mit dem Protagonisten Yakumo, der von Pai versehentlich in einen „Wu“ (einen gehorsamen und unermüdlichen Diener) verwandelt wurde (ein Sanzhiyan-Wesen mit einem mächtigen dritten Auge und ewiger Jugend), während er versucht, ihn vor einem Vogelangriff zu schützen. Selma Densetsu 3x3 Eyes folgt dem traditionellen JRPG-Stil und bietet zufällige Begegnungen und rundenbasierte Schlachten.
Seirei Shinseiki - Fhey Area (Japan)	In diesem Spiel steuerst du einen jungen Mann namens Raphael, der mit seiner Mutter in dem kleinen Dorf Serdia lebt. Eines Tages besucht die Königin des Landes das Dorf. Sie trifft Raphael und erzählt ihm von einem Krieg vor 1200 Jahren und dem legendären Helden Spirit Rider. Sie bemerkt, dass Raphael einen seltsamen Ring an seinem Finger trägt und vermutet, dass es einen Zusammenhang zwischen diesem Ring und der Legende gibt. Sie lädt Raphael in ihren Palast ein, verschwindet dann aber plötzlich. Es scheint, dass der junge Held zunächst versuchen muss, das Rätsel auf eigene Faust zu lösen, bevor er Freunde findet, die ihm auf seiner Reise helfen.
Sengoku Denshou (Japan)	Die erste Folge der bekannten SNK-Beat 'em Up-Reihe landete auf einer Mega-CD mit allen Inhalten, die in den Spielräumen zu sehen waren. Allerdings weist es sowohl bei der Grafik als auch bei den Soundeffekten erhebliche Einbußen auf. Die Handlung handelt vom Kampf zwischen zwei Samurai, die sich vor Jahrhunderten dem unterdrückerischen Feudalherrn widersetzten, und dieser versprach, nach seiner Niederlage zurückzukehren. Nun hat sich sein Versprechen erfüllt und er kehrt mit bösen Kreaturen aus der Sengoku-Zeit zurück. Es bleibt den beiden Nachkommen der mythischen Helden überlassen, die Eindringlinge aus der Vergangenheit einzudämmen.
Sensible Soccer (Europe) (En,Fr,De,It)	Sensible Soccer auf Mega-CD enthält die Spielernamen der europäischen Vereine während der Saison 92/93. Sie können auch an der Qualifikation für die Weltmeisterschaft 94 teilnehmen. Eines der Hauptargumente des Spiels bei seiner Veröffentlichung war die Berücksichtigung der Fouls und Karten.
Sewer Shark (USA)	Sewer Shark ist ein FMV-basierter Shooter und eines der ersten Spiele, die für die Sega CD veröffentlicht wurden. Du bewegst ein Fadenkreuz auf dem Bildschirm und schießt auf Ziele. Ab und zu kannst du die Richtung an bestimmten Punkten im Spiel ändern. Die eigentliche Attraktion eines solchen Spiels ist natürlich die Geschichte. In der Zukunft, vielleicht im Jahr 2000, werden die Menschen gezwungen sein, unter die Erde zu gehen und in Tunneln zu leben. Leider sind diese Tunnel von mutierten Ratten-/Alligator-Kreaturen, den so genannten &quot;Ratigators&quot;, befallen. Du bist der Pilot eines Kanalhais, eines Raumschiffs, das sich in den Tunneln bewegt und sie von den Ratten befreien soll. Es ist ein gefährlicher Job, aber wenn du genug Ungeziefer beseitigst, kannst du eine einfache Reise nach Solar City und an sonnige Strände gewinnen.
Shadow of the Beast II (USA)	Im Grunde genommen hat ein Side-On-Scrolling sie verprügelt, aber mit einer epischen Handlung und Rätseln. Das Intro, jetzt ein Amiga-Klassiker, zeigt, wie Magier Zelek seine kleine Schwester entführt und das Ziel des Spiels ist, sie zu retten. Auf dem Weg verfolgen eine Vielzahl von wirklich fiesen Rätseln, Unterquests und Monstern jeden Schritt.
Shadow of the Beast II - Juushin no Jubaku (Japan)	Im Grunde genommen hat ein Side-On-Scrolling sie verprügelt, aber mit einer epischen Handlung und Rätseln. Das Intro, jetzt ein Amiga-Klassiker, zeigt, wie Magier Zelek seine kleine Schwester entführt und das Ziel des Spiels ist, sie zu retten. Auf dem Weg verfolgen eine Vielzahl von wirklich fiesen Rätseln, Unterquests und Monstern jeden Schritt.
Shadowrun (Japan)	Wir leben im 21. Jahrhundert und die Menschheit steht vor einer schwierigen Zeit, die auf verheerende Kriege und andere Katastrophen folgt. Magie und Technologie existieren nebeneinander, übernatürliche Kräfte, Fabelwesen, Geister, Cyberspace, wo Hacker sich treffen und gegeneinander kämpfen, Straßendecker, die für die Drecksarbeit angeheuert werden können, Anarchie und Kampf zwischen mächtigen und korrupten Konzernen – das ist die Welt von Shadowrun. Im Gegensatz zu den beiden anderen Shadowrun-Spielen, die der Überlieferung nach in Seattle spielen, spielt „Shadowrun“ für Sega CD im futuristischen Neo-Tokio. Sie steuern eine Gruppe von Charakteren mit unterschiedlichem Hintergrund: den Straßensamurai Rikudo, das Schamanenmädchen Mao, den Decker (einen angeheuerten Söldner) D-Head, der zufällig auch ein Elf ist, und Shiun, ein ehemaliges Mitglied eines mächtigen Konzerns.
Sherlock Holmes - Consulting Detective (USA)	Sherlock Holmes: Consulting Detective ist ein Full-Motion-Videospiel, das auf einem gleichnamigen Tabletop-Game-Gamebook-Hybrid basiert. Das Spiel verwendet Live-Schauspieler und -Sets, während der Spieler Sherlock Holmes und seinen langjährigen Partner Dr. Watson steuert und versucht, drei verschiedene Verbrechen aufzuklären, indem er verschiedene Orte besucht, dem Dialog zuhört, die mitgelieferten gefälschten Londoner Zeitungen liest und, wenn der Spieler bekommt genügend Beweise, Beantwortung der Fragen des Richters. Zu Beginn jedes Falls zeigt ein Full-Motion-Videoclip, wie Holmes und Watson einen Klienten treffen und ein paar Hintergrundhinweise über den Fall erfahren. Dann muss der Spieler einen bestimmten Ort oder eine bestimmte Person besuchen, die Londoner Zeitungen nach Hinweisen lesen oder einen der jungen Baker Street Irregulars bitten, Nachforschungen anzustellen. Das Ziel jedes Falls ist es, in kürzester Zeit genügend Hinweise zu sammeln und dann vor einen Richter zu gehen, der den Spieler dann auffordert, die wichtigen Fragen zu dem Fall zu beantworten. Wenn der Spieler erfolgreich ist, führt ein Full-Motion-Videoclip den Spieler zurück zu Holmes und Watsons Arbeitszimmer, wo sie die Ereignisse überprüfen, die sich ereignet haben, und Dr. Watson wird den Spieler über seine Punktzahl informieren, basierend auf der Länge von Zeit, um den Fall zu lösen.
Sherlock Holmes - Consulting Detective - Vol. II (USA) (Disc 1)	Sherlock Holmes: Beratender Detektiv: Bd. II auf Mega-CD ist ein Abenteuerspiel, das auf dem berühmten Roman von Arthur Conan Doyle basiert. Schlüpfen Sie in die Rolle des berühmtesten Detektivs von Scotland Yard und lösen Sie drei Mordfälle in London. Grundschule? Nicht sehr viel.
Shin Megami Tensei (Japan)	Ein junger Mann lebt zusammen mit seiner Mutter in Kichijoji, einem Stadtteil im modernen Tokio. Eines Tages hat er einen seltsamen Traum: Er wird in eine andere Dimension gesaugt, eine seltsame, labyrinthartige Struktur. Ein Geist erscheint vor ihm und fragt ihn nach seinem Namen. Als er weitergeht, trifft er auf einen Mann, der an einem Kreuz hängt, auf einen anderen, der von einem Dämon gequält wird, und auf eine mysteriöse junge Frau, die in einem Pool badet ... „Wach auf!“ - Die Stimme seiner Mutter durchschneidet den Traum. Der junge Mann wacht auf und überprüft seinen Computer. Plötzlich kommt eine Nachricht: Die Welt ist auf dem Weg zur Zerstörung. Nur wer Dämonen durch einen virtuellen Raum beschwören kann, kann eine Katastrophe verhindern. Was könnte das bedeuten? Der junge Mann geht nach draußen und findet heraus, dass im nahegelegenen Park ein Mord geschehen ist. Der Bezirk muss vom Rest der Stadt abgeschnitten werden, bis der Mörder gefunden ist. Dies war der Beginn der Geschichte des Dämonenbeschwörers ...
Shining Force CD (USA) (3R)	Dies ist eine Zusammenstellung von zwei Strategie-RPG-Titeln von Shining Force-Titeln: Shining Force Gaiden (die Originalversion, die nur in Japan veröffentlicht wurde) und ihre Fortsetzung, die außerhalb Japans als Shining Force II: The Sword of Hajya bekannt ist, beide für GameGear. In diesen Spielen steuerst du Nick, den Prinzen von Cypress. Im ersten Spiel ist es seine Aufgabe, Arni, die Prinzessin von Gardiana, zu retten; Im zweiten Spiel muss er sein Königreich zurückerobern, das vom bösen Imperium von Iom erobert wurde. Die Neuveröffentlichung enthält neu gemasterte Grafiken und Musik in höherer Qualität.
Silpheed (USA)	Silpheed für den Sega CD ist ein Shoot-'em-up-Nachfolger des gleichnamigen PC-Titels. Das Gameplay ist ähnlich: Es handelt sich im Grunde um einen 2D-Shooter mit 3D-Grafik. Du bewegst dein Schiff in einer 2D-Ebene, die in den Bildschirm hineinreicht, ähnlich wie ein Flippertisch. Die Sega-CD-Version von Silpheed verwendet vorgerenderte Videos für die Hintergründe und gefüllte Polygongrafiken für das Spielerschiff und die Gegner. Die Geschichte ist typisch für ein Spiel dieser Art. Das zentrale Computersystem, das das Netzwerk der Galaxie steuert, wurde von Terroristen gehackt. Die Terroristen benutzen den Computer, um Kolonieplaneten im ganzen System anzugreifen. Du bist der letzte Ausweg der Galaxienunion: Du musst dich durch 11 Levels kämpfen, um die Erde zu erreichen und die Kontrolle über den Computer wiederzuerlangen.
SimEarth (Japan)	SimEarth ist eine weitere großartige Idee des brillanten Will Wright, dem Kopf, der für die Entwicklung von Franchises wie Die Sims und SimCity verantwortlich ist. Das Ziel hier besteht darin, einen Planeten und die darauf existierenden Lebensformen zu verwalten, indem man diese Reise mit einzelligen Organismen und über Milliarden von Jahren der Evolution beginnt, um sie auf ihren ersten Weltraumausflügen zu befehligen. Es ist wichtig, die Grundbedürfnisse seiner Bewohner aufrechtzuerhalten, da jeder Ausbruch von Unzufriedenheit weltweit zu Konflikten und Ausbrüchen führen kann.
Sing!! Sega Game Music Presented by B. B. Queens (Japan)	SING!! ist ein Musikalbum, das von der japanischen Popgruppe B.B.Queens gecovert wurde. Das Album wurde von Masao Akashi arrangiert und von Yuko Tsubokura, Keiko Utoku, Yuichii Ikusawa, Maki Ohguro, Fusanosuke Kondou, Seiichiroh Kuribayashi und Keiji Katayama aufgeführt. Während allgemein angenommen wird, dass es keine Musik gibt, die mit Sonic zu tun hat, stammt der Song „Funky Brothers“ tatsächlich aus dem unveröffentlichten Arcade-Spiel SegaSonic Bros. die sich damals noch in der Entwicklung befand. Der erste „Titel“ ist eigentlich eine spezielle Version des Teddy Boy Blues-Spiels für die Mega-CD, die es dem Spieler ermöglicht, einen beliebigen Audiotitel des Albums als Hintergrundmusik für das Spiel auszuwählen.
Slam City with Scottie Pippen (USA) (Disc 1) (Fingers)	Slam City mit Scottie Pippen ist ein FMV-Basketballspiel (interaktives Video). Das Gameplay ist relativ einfach, verwendet kaum mehr als Pfeiltasten und unterscheidet sich stark von jeder anderen Basketballsimulation. Basketball ist einfach das Thema der Handlung des Spiels, an dem Ace (der Spieler) und eine Vielzahl anderer Charaktere, Basketballspieler oder einfach nur Zuschauer, beteiligt sind, alle mit unterschiedlichen Persönlichkeiten. Im Grunde genommen geht es darum, in einem Innenhof gegen Spieler eins gegen eins anzutreten und „die Leitern hochzuklettern“, bis man genug Respekt hat, um gegen Scottie Pippen zu spielen. Das Spiel verfügt über insgesamt 13 Charaktere, von denen der Spieler gegen fünf antreten kann, und alle werden von echten Schauspielern gespielt.
Smurfs, The (Europe) (En,Fr,De,Es,It)	Die Schlümpfe auf Mega CD ist ein Plattformspiel, das vom gleichnamigen Comic inspiriert wurde. Der Spieler verkörpert eine dieser entzückenden blauen Kreaturen und macht sich auf den Weg, um seine Freunde zu befreien, die vom schrecklichen Gargamel gefangen gehalten werden. Begeben Sie sich in 20 Levels in eine Vielzahl von Landschaften und getreu dem von Peyo erdachten Universum.
Snatcher (USA)	2047 N. CHR.. Neo Kobe City, Japan, ein Ort des Wahnsinns und der Dekadenz... Eine mysteriöse bio-roide Lebensform ist aufgetaucht. Ihre wahre Natur und ihr Zweck sind unbekannt. Handelt es sich um die Geheimwaffe eines Landes oder um einen Außerirdischen aus einer anderen Welt? Sie töten ihre Opfer und nehmen deren Platz ein, was ihnen den Spitznamen &quot;SNATCHERS&quot; einbrachte. Eine neue Polizeiabteilung - die J.U.N.K.E.R.s - wurde gegründet. Sie sind speziell für die Bekämpfung der SNATCHERS ausgebildet. Das Schicksal der Menschheit steht auf dem Spiel. Der Krieg zwischen den SNATCHERS und den J.U.N.K.E.R.s hat begonnen!
Software Toolworks' Star Wars Chess, The (USA)	Star Wars Chess ist ein Schachspiel, bei dem die Figuren Charaktere aus dem Star Wars-Universum sind. Wenn Figuren genommen werden, wird ein animierter Kampf gezeigt, ähnlich wie beim Battle Chess.
Sol-Feace (USA) (RE)	Sol-Feace (Sol-Deace in Genesis) ist ein typischer 2D-Shooter mit Waffen-Powerups. Das Spiel bietet sechs Level: Sirius, Enemy Arsenal, ArtifiStar, Pluto Base, Almathea und Final Battle. Unterwegs können verschiedene Waffen eingesammelt werden, darunter Plasmageschosse, Doppelplasmageschosse, Laser und Raketen. Das einzigartigste Feature des Spiels ist, dass Sie Ihre verbesserten Waffen neu ausrichten können, um von vorne nach hinten, von oben nach unten, eng gestreut, weit gestreut oder was auch immer die aktuelle Situation erfordert, zu feuern.
Sonic CD (USA)	Es handelt sich um ein Standard-Side-Scrolling-Actionspiel von Sonic the Hedgehog. Dr. Robotnik hat Little Planet übernommen, Amy gefangen genommen und Metal Sonic mit dem Ziel erschaffen, alle Zeitsteine zu sammeln, um die Zeit manipulieren und die Welt erobern zu können. Es liegt an Sonic, ihn aufzuhalten, indem er durch Levels eilt, die in verschiedenen Zeitepochen angesiedelt sind, und Zeitsteine sammelt. Sonic CD verfügt über Funktionen, die das CD-Format ausnutzen, wie CD-Audio, Videoclips und mehr Level (insgesamt über 50).
Sonic the Hedgehog CD (Japan)	Es handelt sich um ein Standard-Side-Scrolling-Actionspiel von Sonic the Hedgehog. Dr. Robotnik hat Little Planet übernommen, Amy gefangen genommen und Metal Sonic mit dem Ziel erschaffen, alle Zeitsteine zu sammeln, um die Zeit manipulieren und die Welt erobern zu können. Es liegt an Sonic, ihn aufzuhalten, indem er durch Levels eilt, die in verschiedenen Zeitepochen angesiedelt sind, und Zeitsteine sammelt. Sonic CD verfügt über Funktionen, die das CD-Format ausnutzen, wie CD-Audio, Videoclips und mehr Level (insgesamt über 50).
SoulStar & Battlecorps (Europe) (Demo)	Soulstar für die Sega-CD/Mega-CD ist ein 3D-Shoot-'em-up, das verschiedene Arten von Gameplay in einem Spiel kombiniert. Einige Levels in diesem Spiel befinden sich auf einem festen Pfad, ähnlich wie bei Space Harrier oder Star Fox. In anderen Levels kann Ihr Raumschiff frei in einer 3D-Umgebung schweben, und in anderen Levels verwandelt sich Ihr Raumschiff in einen Walker-Roboter für Nahangriffe.
SoulStar (USA)	Soulstar für die Sega-CD/Mega-CD ist ein 3D-Shoot-'em-up, das verschiedene Arten von Gameplay in einem Spiel kombiniert. Einige Levels in diesem Spiel befinden sich auf einem festen Pfad, ähnlich wie bei Space Harrier oder Star Fox. In anderen Levels kann Ihr Raumschiff frei in einer 3D-Umgebung schweben, und in anderen Levels verwandelt sich Ihr Raumschiff in einen Walker-Roboter für Nahangriffe.
Space Ace (USA)	Nach dem Erfolg von Dragon's Lair veröffentlichte Don Bluth diese zweite Umsetzung seiner Laserdisc-Spiele-Serie. Du spielst Dexter, einen Mann, der gegen den bösen verrückten Borf kämpft, der deine Freundin Kimberly entführt hat und nun die Welt mit seiner gefürchteten Waffe, dem &quot;Infanto Ray&quot;, der Erwachsene in kleine Kinder verwandelt, bedroht. Das Spiel spielt sich wie ein Comicstrip - die Grafik erinnert an viele Zeichentrickfilme. In jeder Szene musst du entscheiden, in welche Richtung das Steuerkreuz gedrückt werden muss, um einen der unzähligen Todesbildschirme zu vermeiden und zum nächsten Bildschirm zu gelangen...
Space Adventure, The - Cobra - The Legendary Bandit (USA)	Es ist die Fortsetzung eines Spiels nur in Japan mit dem Titel Cobra: Kokuryuuou no Densetsu, das 1989 für die PC Engine CD veröffentlicht wurde und beide auf der Manga- und Anime-Serie Cobra von Buichi Terasawa basiert. Es war eines der letzten Spiele, das sowohl in Nordamerika als auch in Europa für die Sega-CD veröffentlicht wurde. Das Format des Spiels ähnelt Snatcher, während die Handlung auf einem der frühen Abenteuer von Cobra basiert. Der Spieler übernimmt die Rolle des Manga-Helden Cobra, der, nachdem er eine Bar betreten hat, erfährt, dass die Galaxy Patrol ein Kopfgeld auf ihn ausgesetzt hat und dass er von einer Kopfgeldjägerin namens Jane Royal gejagt wird. Nachdem entdeckt wurde, dass Cobras Erzfeind Crystal Boy hinter einem von Janes Vater versteckten Schatz her ist, dessen Ort er in Form von Tätowierungen auf seinen Drillingstöchtern verschlüsselt hat, vereinbaren Cobra und Jane, sich zusammenzuschließen, um ihre Schwestern zu finden und Crystal Boy zu besiegen.
Star Wars - Rebel Assault (USA)	Star Wars: Rebel Assault auf Mega-CD ist ein Actionspiel, das auf dem Universum von Star Wars basiert. Der Spieler spielt Rookie One, einen jungen Farmer auf Tatooine, der sich gerade der rebellischen Allianz angeschlossen hat und verschiedene Arten von Missionen erfüllen muss: Zerstörung von Schiffen, Infiltration und vieles mehr.
Starblade (USA)	Sie sitzen in der Kanonenposition eines „GeoSword“-Kampfflugzeugs, müssen Sie sich Ihren Weg durch die feindliche Armada schießen und den Kampf zu ihrem Basisplaneten Redeye bringen. Insgesamt müssen Sie ungefähr 10 Missionen meistern, bevor die Galaxie sicher ist, und Ihre Flügelmänner werden Ihnen dabei helfen. Und während dieser Missionen wird von Ihnen erwartet, riesige feindliche Schlachtkreuzer abzuschießen, in feindliche Flugzeugträger einzudringen und durch die Schluchten von Redeye zu reisen, um Ihre Nutzlast abzuliefern.
Stellar-Fire (USA)	Die gefürchtete Draxon-Rasse hat es wieder einmal geschafft, die Menschheit herumzuschubsen und daran zu arbeiten, entweder alle 10 Milliarden Menschen zu versklaven oder sie vollständig auszulöschen. Als letzter überlebender Pilot, der auf eine Mission geschickt wurde, um die Pläne der Draxons zu vereiteln, ruht alle Hoffnung auf Ihnen. Erobern Sie jeden der befestigten Monde, die die Heimatwelt der Draxone, Arctaurus, umkreisen, und zielen Sie dann auf den Mutterplaneten selbst ab. Die Aktion findet in Ihrem Hovermorph-Fahrzeug statt. In der Einleitung des Spiels erweist sich das Schiff als tödlicher Sternenjäger. Wenn es in die Mondatmosphäre eintritt und sich der Oberfläche nähert, verwandelt sich der Schwebemorph in ein mächtiges Schwebeschiff. Vernichten Sie Draxon-Feinde, sowohl boden- als auch in der Luft, aus der Ego-Perspektive auf einem 3D-polygonalen Schlachtfeld.
Supreme Warrior (USA) (Disc 1) (Fire & Earth)	Supreme Warrior ist ein Full-Motion-Video-Kampfspiel. Das Spiel bzw. der interaktive Film spielt vor Hunderten von Jahren in China. Ihre Aufgabe ist es, die Hälfte einer magischen Maske zu schützen. Dem Träger der Maske wird ungeahnte Macht zuteil. Leider hat der bösartige Wang Tu die andere Hälfte der Maske und will unbedingt deine Hälfte. Sie müssen also die Schergen von Wang Tu und schließlich auch Fang Tu selbst bekämpfen. Das Gameplay in Supreme Warrior besteht aus digitalisierten Videos mit interaktiven Elementen. An vielen Stellen im Video können Sie einen Schlag, einen Tritt oder einen Block ausführen. Wenn Ihr Timing stimmt, fügen Sie Ihrem Gegner Schaden zu. Wenn Ihr Timing nicht stimmt, verletzt Sie Ihr Gegner.
Surgical Strike (USA)	Ein Wahnsinniger aus dem Nahen Osten hat begonnen, Raketen gegen unschuldige zivile Bevölkerungszentren abzufeuern. Die Vereinten Nationen haben dieses Verhalten für inakzeptabel gehalten und der Generalsekretär hat einen chirurgischen Schlag angeordnet, um diese Angriffe einzudämmen. Zu diesem Zweck müssen Sie das fortschrittlichste Kriegsfahrzeug steuern, das bisher entwickelt wurde - ein schwer gepanzertes und bewaffnetes Luftkissenfahrzeug. Surgical Strike ist ein On-Rail-Action-Shooter, das vor einem Full-Motion-Videohintergrund stattfindet, der chaotische, vom Krieg verwüstete Stadtlandschaften zeigt. Sie müssen das Hovercraft steuern, in günstigen Momenten entweder Kugeln oder Raketen abfeuern und an entscheidenden Stellen wenden. Wenn Sie einen Boot verlieren, kommt ein weiteres wertvolles militärisches Hovercraft zum Einsatz und Sie werden von Ihrem Vorgesetzten und Ihren Kollegen gleichermaßen in die Mangel genommen.
Switch (Japan)	Panik! (in Japan „Switch!“ genannt) auf Mega-CD ist ein Puzzlespiel mit einem ausgefallenen Universum. Ein Computervirus hat das gesamte Weltnetzwerk beschädigt, aber ein Programm namens Panic wurde entwickelt, um dem Virus entgegenzuwirken. Der Spieler verkörpert Slap, einen Jungen, der dafür verantwortlich ist, das Kommando über das Panic-Programm zu übernehmen und das Netzwerk wieder in Ordnung zu bringen.
Syndicate (Europe) (En,Fr,De)	In der Zukunft wird die Welt von einer Handvoll globaler Konzerne (Syndikate) kontrolliert. Du bist der Marketing-Direktor (Auftragskiller) für eines dieser Unternehmen. Deine Aufgabe ist es, der Konkurrenz die Kontrolle zu entziehen. Dabei geht es nicht um Diplomatie, sondern um brachiale Gewalt und physische Kontrolle. Steige an die Spitze des Unternehmens auf, indem du deine Missionen erfolgreich abschließt und das Geld verwaltest, das du in deinen Gebieten verdienst.
Tenbu Mega CD Special (Japan)	Tenbu: Mega CD Special ist eine Adaption von Tenbu: Sangokushi Seishi, die 1991 nur in Japan für den PC 98-Computer von NEC veröffentlicht wurde. Es folgt einem Kampfstil, der auf der Tradition des Echtzeitstrategie-Genres basiert, mit dynamischen und intensiven Kämpfen, mit einem starken Fokus auf die Geschichte und Traditionen des Ostens und wahrscheinlich viel ansprechender für das Publikum in diesen Regionen.
Tenkafubu - Eiyuutachi no Houkou (Japan)	Tenka Fubu ist ein von Game Arts entwickeltes und veröffentlichtes Strategiespiel, das 1991 in Japan veröffentlicht wurde. Entwickelt von Takeshi Miyaji, dem Gründer von Game Arts, der auch eine Schlüsselrolle in den Serien Silpheed, Lunar und Grandia spielte. Das System des Spiels wurde für diese Version überarbeitet. Das zentrale Konzept der Serie wird oft als „die fehlgeleitete Sicht eines Ausländers auf Japan“ bezeichnet.
Terminator, The (USA)	Ähnlich wie bei den Terminator-Verfilmungen auf anderen Systemen handelt es sich bei dem Sega-CD-Spiel um einen Platformer, bei dem der Spieler Kyle Reese steuert, der in das Jahr 2029 zurückreist, um Sarah Connor vor der unaufhaltsamen Tötungsmaschine namens Terminator zu schützen.
Theme Park (Europe) (En,Fr,De,Es)	In diesem Strategiespiel von Bullfrog ist es Ihr Ziel, die aufregende Welt der Themenparkbesitzer zu dominieren. Die erste Aufgabe besteht darin, Ihre Fahrgeschäfte innerhalb des verfügbaren Landes einzurichten, bequeme Wege und Warteschlangen zu strukturieren und idealerweise etwas Platz für größere Fahrgeschäfte zu lassen, sobald sie verfügbar sind, und einige Seen und Bäume einzubeziehen, um die Attraktivität des Parks zu erhöhen. Die Fahrgeschäfte reichen von Teacups und Haunted Houses bis hin zur größten und kunstvollsten Achterbahn, die Sie entwerfen können, und Wasserfahrgeschäften, die sich um andere Fahrgeschäfte winden. Auch Geschäfte müssen einbezogen werden, damit die Besucher Lebensmittel, Getränke und Souvenirs kaufen können - der schlaue Spieler kombiniert Salz-, Zucker- und Koffeineinstellungen, um das Interesse der Verbraucher zu maximieren. Damit alles reibungslos läuft, müssen Mitarbeiter eingestellt werden, und sie werden nur für eine ihrer Meinung nach faire Bezahlung arbeiten.
Third World War (USA)	Der Dritte Weltkrieg ist ein „hypothetisches/Was wäre wenn“-Kriegsspiel mit einer Wendung. Es spielt irgendwann im späten 20. Jahrhundert, als überall auf der Welt Konflikte ausbrachen und der Weltfrieden nur noch der Vergangenheit angehört. Als Anführer einer von 16 Nationen ist Ihr ultimatives Ziel nichts anderes als die Weltherrschaft. Um dies zu erreichen, haben Sie eine Vielzahl von Möglichkeiten, die von roher militärischer Macht, Diplomatie, ausländischer oder inländischer Investitionspolitik, der Unterstützung von Terroristen oder Revolutionären bis hin zur Medienmanipulation reichen. Mit anderen Worten, es ist genau wie in der realen Welt. Das Spiel bietet 5 verschiedene Szenarien, die alle unterschiedliche Strategien erfordern, um zu gewinnen.
Thunder Storm FX (Japan)	Cobra Command ist eine Arcade-Umsetzung eines Helikopter-Ballerspiels von Data East. Es ist ein Shooter im Stil von &quot;on rails&quot;, bei dem der Spieler nur das Zielen des Schießens kontrolliert, aber nicht die Richtung des Hubschraubers. Ihre Aufgabe ist es, die Feinde abzuschießen, während Sie durch Aufnahmen von New Yorks Straßen, der Freiheitsstatue, dem Atlantik, Italien, dem Grand Canyon und schließlich den tückischen Ecken fliegen und das Feuer der feindlichen Festung auf der Osterinsel erwidern. Es gibt keine Hintergrundmusik zu den Soundeffekten. Die Levels sind ziemlich kurz, wobei ein gesamtes Spiel in etwa 20 Minuten durchgespielt werden kann.
Thunderhawk (Europe) (En,Fr,De,Es) (RE)	Thunderhawk ist ein Actionspiel auf Mega-CD, das Ihnen die Kontrolle über einen Kampfhubschrauber in einer Reihe von sechs futuristischen Kampagnen gibt. Die Originalversion umfasst insgesamt 60 Operationen mit unterschiedlichen Zielsetzungen. Vor dem Flug in den Himmel kann der Spieler das eingeschiffte Arsenal anpassen. Die Pilotierung ist technisch, aber zugänglich, ohne so komplex zu sein wie andere Simulationen, die 1993 verfügbar waren.
Time Gal (USA)	Wir schreiben das Jahr 4001. Die böse Luna hat eine Zeitmaschine gestohlen und plant, damit die Weltherrschaft zu übernehmen. Du bist die Time Gal, eine geschickte und hübsche Wissenschaftlerin, und deine Mission ist es, Luna durch verschiedene Zeiträume zu jagen, die Zeitmaschine zurückzubekommen und die Welt zu retten. Time Gal wurde im ersten Zeitalter des „Full Motion“-Stils entwickelt und ist eine Umsetzung eines frühen Arcade-Titels. Sie sehen sich Animationen Ihrer Heldin an, während sie durch die Levels reist, und überwinden Hindernisse, indem Sie im richtigen Moment den richtigen Knopf drücken. Sie können die Richtung ändern, springen, schießen usw., aber alles wird während der endlosen fließenden Bewegung des Time Gal gesteuert. An bestimmten Punkten stoppt die Heldin die Zeit, und Sie haben drei Möglichkeiten zur Auswahl.
TimeCop (Europe) (Demo)	Timecop ist ein Actionspiel, das lose auf dem gleichnamigen Film basiert. Es wurde Anfang 1995 für das Super Nintendo Entertainment System veröffentlicht. Eine verbesserte Portierung für die Sega Mega-CD befand sich zeitweise ebenfalls in der Entwicklung und wurde Berichten zufolge fertiggestellt, aber in letzter Minute abgesagt, da sich der Herausgeber JVC dazu entschloss, das Spiel einzustellen Unterstützung für das System. Berüchtigterweise wurde Timecop sogar der Öffentlichkeit zugänglich gemacht, wenn auch in Demoform, zusammen mit Ausgabe Nr. 45 der Sega Pro-CD – ursprünglich war es für Ausgabe Nr. 40 geplant, aber ein zögerlicher JVC veranlasste, dass stattdessen eine Mickey Mania-Demo-CD mit dem Magazin gebündelt wurde.
Tomcat Alley (USA)	Tomcat Alley ist eines der letzten TruVideo-Spiele von Sega für den Sega-CD, in dem du und deine F-14 Tomcat das tun, was sie am besten können - russische Migs bekämpfen! Diesmal bedroht ein abtrünniger sowjetischer Kommandant die Vereinigten Staaten mit chemischen Waffen von seinem Stützpunkt in der mexikanischen Wüste aus. Es liegt an dir und deinen Flügelmännern, deine Luft-Luft-Kampfstrategien zu verfeinern, um die gesamte westliche Hemisphäre wieder sicher zu machen! Tomcat Alley war eines der letzten TruVideo-Spiele von Sega, das mit der so genannten &quot;Active Matrix&quot;-Software ausgestattet war, die viele verschiedene Möglichkeiten für jede Situation bietet. Das bedeutet nur eines - viel mehr Interaktion und Abwechslung als bei früheren FMV-Spielen!
Trivial Pursuit (USA)	Dies ist die erste Multimedia-Version des klassischen Brettspiels Parker Brothers. Es verwendet Fotos, Animationen, Videos und Sprachclips, um über 2000 Fragen und Antworten auf Trivial Pursuit-Fragen zu stellen. Im klassischen Spiel würfeln bis zu 6 Spieler mit einem Würfel auf dem Bildschirm und bewegen ihren „Kuchenteller“-Marker auf dem Speichen-und-Rad-Spielbrett, genau wie beim Brettspiel. Das Feld, auf dem Sie landen, ist farblich einer von sechs Quizkategorien zugeordnet: Menschen und Orte, Sport und Freizeit, Geschichte, Kunst und Unterhaltung, Wissenschaft und Natur sowie Platzhalter. Wenn Sie die Quizfrage richtig beantworten, können Sie noch einmal an die Reihe kommen. Wenn Sie sich außerdem auf dem „Preis“-Feld am Ende jeder Speiche befinden (1 Speichenende für jede Kategoriefarbe), erhalten Sie mit der richtigen Antwort ein farbiges Tortenstück in Ihrem Kuchenform-Marker für diese Kategorie. Sobald Sie alle 6 Kuchenstücke in Ihrem Gericht haben, müssen Sie zum Hub zurückkehren, um eine letzte zufällige Frage zu stellen, um das Spiel zu gewinnen.
Ultraverse Prime (USA)	Die Spieler steuern den Superhelden Prime, einen dreizehnjährigen Jungen namens Kevin Green, der die Macht hat, sich in eine Superhelden-Erwachsenenversion seiner selbst zu verwandeln. Prime kann schlagen, treten und springen und diese zu einigen neuen Bewegungen und Combos kombinieren. Sowohl der Spieler als auch die Feinde können gelegentlich auch Waffen oder Gegenstände finden, die sie aufheben und werfen können. Einige Level sind viel schneller, da Prime mit hoher Geschwindigkeit fliegt und Hindernisse und Feinde aus der Luft schlagen muss.
Urusei Yatsura - Dear My Friends (Japan)	Urusei Yatsura: Dear My Friends ist ein Point-and-Click-Abenteuerspiel, das auf dem gleichnamigen Anime und Manga basiert, der in Italien als „Lamù, das Weltraummädchen“ bekannt ist. Es ist die Geschichte von Ataru, einem freizügigen High-School-Schüler, der nichts mehr liebt, als sein Glück mit jedem schönen Mädchen zu versuchen, das er trifft. Obwohl er im Allgemeinen gutherzig ist, gelingt es ihm gut, diese Tatsache zu verbergen. Urusei Yatsura: Dear My Friends ist eine originelle Geschichte ihrer Abenteuer. Es verfügt über eine Vollbildanimation und die Originalstimme aus der Zeichentrickserie. Der Spieler schreitet durch die Geschichte voran, indem er mithilfe eines Cursorsymbols Objekte auf dem Bildschirm untersucht und mit ihnen interagiert.
Vay (USA)	Vay ist die Geschichte von Prinz Sandor von Lorath und seinem Bestreben, den Mord an seinen Eltern zu rächen und seine geliebte Lady Elin zu retten. An ihrem Hochzeitstag wird Schloss Lorath von den Danek angegriffen, denen es gelungen ist, die außerirdische Robotertechnologie von vor einem Jahrtausend teilweise zu rekonstruieren. Die Verteidigungsanlagen der Burg sind gegen die riesigen Roboter machtlos und der König und die Königin werden bei dem Angriff getötet. Die Eindringlinge stehlen Elin mitten in ihrem Eheversprechen. Prinz Sandor, der jetzt König ist, beschließt, seine Braut zu retten und einen Weg zu finden, die furchterregende außerirdische Technologie zu besiegen. Das Spiel ist ein klassisches rundenbasiertes Kampf-Rollenspiel, bei dem man Erfahrung und Gold sammelt. Charaktere haben vordefinierte Klassen (Zauberer, Barde usw.) und erlernen automatisch Fähigkeiten/Zauber, wenn sie aufsteigen.
Vay - Ryuusei no Yoroi (Japan)	Vay ist die Geschichte von Prinz Sandor von Lorath und seinem Bestreben, den Mord an seinen Eltern zu rächen und seine geliebte Lady Elin zu retten. An ihrem Hochzeitstag wird Schloss Lorath von den Danek angegriffen, denen es gelungen ist, die außerirdische Robotertechnologie von vor einem Jahrtausend teilweise zu rekonstruieren. Die Verteidigungsanlagen der Burg sind gegen die riesigen Roboter machtlos und der König und die Königin werden bei dem Angriff getötet. Die Eindringlinge stehlen Elin mitten in ihrem Eheversprechen. Prinz Sandor, der jetzt König ist, beschließt, seine Braut zu retten und einen Weg zu finden, die furchterregende außerirdische Technologie zu besiegen. Das Spiel ist ein klassisches rundenbasiertes Kampf-Rollenspiel, bei dem man Erfahrung und Gold sammelt. Charaktere haben vordefinierte Klassen (Zauberer, Barde usw.) und erlernen automatisch Fähigkeiten/Zauber, wenn sie aufsteigen.
Wakusei Woodstock - Funky Horror Band (Japan)	Wakusei Woodstock bietet eine Geschichte, die den Konventionen der meisten JRPGs entkommt: Die Funky Horror Band ist eine Band bestehend aus sechs friedlichen außerirdischen Musikern, die Fans der POP-Musik der 80er Jahre sind. Nachdem sie jedoch von ihrem Heimatplaneten verbannt wurden, stürzt ihr Schiff auf einen anderen Planeten, wo ein Junge aus einer nahegelegenen Stadt sie findet und ihnen bei der Reparatur des Raumfahrzeugs und ihrer Instrumente helfen muss. Interessanterweise gewinnen die Charaktere hier nicht an Erfahrungsstufen: Die einzig mögliche Anpassung erfolgt durch den Austausch von Ausrüstung.
Warau Salesman (Japan)	Warau Salesman ist vom gleichnamigen Manga inspiriert, der zu einem Genre namens Black Comedy gehört, das ernste oder tabuisierte Themen mit einer Prise Humor, also schwarzem Humor, behandelt. Das Spiel besteht aus drei Episoden, jede mit einem anderen Charakter und mehreren Ausgängen. Die Teilnahme der Spieler wird durch das Treffen von Entscheidungen in Textfeldern oder durch das Berühren von Objekten, die in der Handlung irgendeine Funktion haben, angeregt.
Wheel of Fortune (USA)	Als eine der vielen veröffentlichten Glücksrad (Wheel of Fortunes)-Versionen enthält die SEGA-CD-Version 6.000 verschiedene Rätsel mit einem Full-Motion-Video von Vanna White selbst, allerdings taucht Pat Sajak im Spiel auf. Das Gameplay war das gleiche wie bei anderen Spielen: Mit einem Leistungsmesser drehte man das Rad, wählte Buchstaben aus, füllte Rätsel aus und löste sie, um in die Bonusrunde zu gelangen und die Chance auf einen großen Geldgewinn zu haben.
Who Shot Johnny Rock (USA)	Es sind die ausgelassenen 30er Jahre und jemand hat den beliebten Sänger Johnny Rock in diesem actiongeladenen Gangsterkrimi umgebracht. Der Spieler muss sich durch die Seitenstraßen, Spielhallen, Beerdigungsinstitute und die schmutzigen Gegenden der Stadt bewegen, um an die Hinweise einer Reihe zwielichtiger Gestalten heranzukommen und diesen Mordfall zu lösen. Bösewichte mit Maschinengewehren sorgen für ein hohes Maß an Herausforderung.
Wild Woody (USA)	Nach einer seiner Reisen trägt Dustin ein Totem bei sich, doch der Geist in ihm wird befreit und erschafft ein Paralleluniversum, das die Welt absorbieren kann. Lowman, das Wesen an der Spitze des Totempfahls, findet einen Bleistift auf dem Tisch und der Taille des Lebens und ruft Wild Woody. Nun muss der aufstrebende Held auf der Suche nach Lowmans Brüdern viele Dimensionen bereisen. Unter den verschiedenen Möglichkeiten, Feinde zu besiegen, können Sie auf sie springen und sie auch mit Ihrem Papiertuch angreifen.
Wing Commander (USA)	Wing Commander auf Mega-CD ist ein Weltraumkampfspiel, das den Spieler in den Mittelpunkt eines Konflikts zwischen Menschen und den Kilrathis, halb Mensch, halb Katze, versetzt. Der Spieler spielt einen jungen Piloten, der gerade die Akademie verlassen hat und in die Vega-Kampagne integriert ist. Es gibt verschiedene Schiffstypen, jeder mit seinen eigenen Eigenschaften. Die Missionen erfolgen auf Befehl des Wingman, einem alliierten Schiff, das vor feindlichen Angriffen geschützt werden muss.
Winning Post (Japan)	Mit „Winning Post“ übernimmt der Spieler die Kontrolle über einen Pferdestall, züchtet und trainiert sie für das ultimative Ziel, den Großen Preis von Frankreich zu gewinnen. Der Spieler kann Züchter, Trainer und Jockeys einstellen und an über 240 verschiedenen Rennen teilnehmen, um mehr Geld zu verdienen, um noch besseres Personal zu kaufen, schnellere und stärkere Pferde zu züchten und ihre Pferde gesund zu halten. Spieler können auch auf Rennen wetten. Das Gameplay besteht darin, vor den Rennen Optionen auszuwählen, z. B. auszuwählen, welche Pferde trainiert werden sollen und welches Regiment sie absolvieren, Statistiken anzuzeigen, Personal einzustellen und Wetten zu platzieren. Allerdings hat der Spieler keine Kontrolle über die Rennen und kann nicht teilnehmen, sondern nur als Zuschauer zusehen.
WireHead (USA)	Mit Wirehead steuern Sie Ned Hubbard, einen Mann mit einem in sein Gehirn implantierten drahtlosen Controller, über Ihr Genesis-Joypad. Die Bösewichte jagen Ned nach seinem „Geistesimplantat“, und der einzige Weg, es zu bekommen, besteht natürlich darin, seinen Kopf zu öffnen. Es erinnert an Dragon's Lair: Es öffnet sich ein Weg, und Sie müssen die richtige Richtung wählen, sonst erwischt Ned ihn. Die Sets und Schauplätze bieten wahrscheinlich den größten Umfang, den es je in einem FMV-Spiel gegeben hat, mit realen Verfolgungsjagden und Stunts, die den Spieler durch Bereiche wie die Queen Mary, eine Saloon-Schlägerei, ein Flugzeug, ein Wasserfloß, mehrere Verfolgungsjagden und sogar mehrere Verfolgungsjagden mit Autos führen Ringen mit einem Bären!
Wolfchild (USA)	Dr. Kal Morrow, Experte für Genforschung und die Herstellung von Mensch-Tier-Hybriden, wurde von der Terrororganisation CHIMERA entführt und seine Familie brutal ermordet. Sein überlebender Sohn Saul nimmt es auf sich, seine Familie zu rächen. Mithilfe der Forschungen seines Vaters verwandelt er sich in einen Wolfsmenschen und macht sich auf, die Basis von CHIMERA zu finden und ihren Anführer Karl Draxx zu besiegen. Als Saul ist es Ihre Aufgabe, auf Ihrem Weg nach Draxx fünf verschiedene Gebiete zu durchqueren. Wenn Saul genug Power-Ups gesammelt hat, verwandelt er sich in seine Wolfsgestalt und erhält einen speziellen Psycho-Schuss-Angriff, der durch das Sammeln weiterer Power-Ups verbessert werden kann. Wenn Saul jedoch an Gesundheit verliert, verwandelt er sich wieder in seine menschliche Form und hat nur noch seine Fäuste, um die zahlreichen Feinde zu bekämpfen.
Wonder Dog (USA) (RE)	Wonder Dog ist ein seitlich scrollendes Plattformspiel mit einem Hund mit Supersprungfähigkeit und mächtigen Wurfsternen. Wonder Dog hat diese Fähigkeiten, weil er nicht von der Erde stammt, sondern vom Planeten K-9. Als Wonder Dog ein Welpe war, schickten K-9-Wissenschaftler ihn zur Erde, um der drohenden Invasion der Pitbully-Armada zu entkommen. Jetzt muss sich Wonder Dog, bewaffnet mit dem Wunderserum, zurückkämpfen, um K-9 zu befreien. Dieses Spiel bietet eine Vielzahl von farbenfrohen Levels, mehrere versteckte Bonusrunden und einen großen Boss-Charakter am Ende fast jedes Levels.
WonderMega Collection (Japan) (Rev 2)	Wondermega Collection war eine CD, die in Japan mit Wondermega-Hardware der Marke Victor gebündelt wurde und vier CD+G-Karaoke-Songs und die folgenden Spiele enthielt: Paddle Fighter Flicky Pyramid Magic Quiz Scramble
World Cup USA '94 (USA) (En,Fr,De,Es,It,Nl,Pt,Sv)	World Cup USA 94 ist ein Top-Down-Fußballspiel, das das gleichnamige Turnier nachbildet. Neben den 24 Mannschaften, die sich für die eigentliche Weltmeisterschaft qualifiziert haben, können auch andere bedeutende Fußballnationen wie England, Frankreich und Dänemark berufen werden. Das Zweikämpfen ist schwierig und das Passen ist einfach, was zu einem fließenden End-to-End-Spielstil führt. Die Präsentation der Menüs ist weitgehend symbolbasiert, wobei das offizielle Maskottchen prominent vertreten ist.
WWF - Rage in the Cage (USA)	In WWF Rage in the Cage kann der Spieler aus 30 einzigartigen WWF-Superstars wählen, darunter The Undertaker, Yokozuna, Bret Hart, Bam Bam Bigelow, Shawn Michaels, Razor Ramon und viele mehr. Jeder Superstar hat seine eigenen Stärken und Schwächen und verfügt über einen persönlichen Finisher wie den Tombstone für den Undertaker, Sweet Chin Music für Shawn Michaels usw., zusammen mit den Standard-Suplexen und Body Slams. Es gibt eine Fülle von Spielmodi zur Auswahl, darunter ein reguläres Einzelkampf-Match, Tag-Team, 6-Mann-Tag-Team, Battle Royal und der gefürchtete Namensgeber des Spiels, der Steel Cage. Das Haupt-Gameplay erinnert vom Look and Feel her an WWF Royal Rumble, bietet aber verbesserte Audio- und Grafikfunktionen, die die Möglichkeiten der Sega CD nutzen.
WWF Mania Tour - WWF - Rage in the Cage (Japan)	In WWF Rage in the Cage kann der Spieler aus 30 einzigartigen WWF-Superstars wählen, darunter The Undertaker, Yokozuna, Bret Hart, Bam Bam Bigelow, Shawn Michaels, Razor Ramon und viele mehr. Jeder Superstar hat seine eigenen Stärken und Schwächen und verfügt über einen persönlichen Finisher wie den Tombstone für den Undertaker, Sweet Chin Music für Shawn Michaels usw., zusammen mit den Standard-Suplexen und Body Slams. Es gibt eine Fülle von Spielmodi zur Auswahl, darunter ein reguläres Einzelkampf-Match, Tag-Team, 6-Mann-Tag-Team, Battle Royal und der gefürchtete Namensgeber des Spiels, der Steel Cage. Das Haupt-Gameplay erinnert vom Look and Feel her an WWF Royal Rumble, bietet aber verbesserte Audio- und Grafikfunktionen, die die Möglichkeiten der Sega CD nutzen.
Yumemi Mystery Mansion (Europe) (Made in EU)	Mansion of Hidden Souls ist ein Abenteuerspiel, das vollständig mit Full-Motion-Video erstellt wurde. Es findet in einer vorgerenderten Villa statt, die der Spieler aus der Ego-Perspektive erkundet. Während sie von Raum zu Raum wandern, entfaltet sich die Handlung über Videosequenzen. Der Spieler übernimmt die Rolle von Jonathan, einem Jungen, dessen Schwester in die gruselige Villa gewandert ist. Als sie die Villa betrat, verschwand sie! Außerdem ist das Herrenhaus voller sprechender Schmetterlinge. Der Spieler muss die gesamte Villa durchsuchen, um ihre Geheimnisse zu lüften und Jonathans Schwester zu finden.
Yumemi Yakata no Monogatari (Japan)	Mansion of Hidden Souls ist ein Abenteuerspiel, das vollständig mit Full-Motion-Video erstellt wurde. Es findet in einer vorgerenderten Villa statt, die der Spieler aus der Ego-Perspektive erkundet. Während sie von Raum zu Raum wandern, entfaltet sich die Handlung über Videosequenzen. Der Spieler übernimmt die Rolle von Jonathan, einem Jungen, dessen Schwester in die gruselige Villa gewandert ist. Als sie die Villa betrat, verschwand sie! Außerdem ist das Herrenhaus voller sprechender Schmetterlinge. Der Spieler muss die gesamte Villa durchsuchen, um ihre Geheimnisse zu lüften und Jonathans Schwester zu finden.
Yumimi Mix (Japan)	Yumimi Mix ist ein digitaler Comic auf Mega-CD, also ein interaktiver Cartoon, bei dem jede vom Spieler getroffene Entscheidung den Verlauf der Geschichte beeinflusst. Der Spieler folgt den Abenteuern eines jungen Schulmädchens in Japan namens Yumimi in einem fantastischen Manga von Izumi Takemoto.
