#key	synopsis
10 Super Jogos (Brazil) (En)	Questa è una compilation contenente i seguenti 10 giochi Megadrive: 1. California Games 2. Columns 3. Flicky 4. Golden Axe 5. Revenge of Shinobi 6. Sega Soccer 7. Super Hang-On 8. Sonic the Hedgehog 9. Streets of Rage 10. Super Monaco GP
16t (Japan) (Sega Game Toshokan)	6t è un gioco d'azione a piattaforme a scorrimento simile a Teddy Boy, in cui il giocatore controlla un giovane in abiti da prigione di nome Apple Gaikichi, che deve eliminare tutti i nemici in ogni livello. L'unico metodo di attacco di Apple è lanciare enormi pesi da 16 tonnellate (da cui il titolo), che possono e schiacceranno i nemici in un pasticcio sanguinoso. Tuttavia, questi pesi rimbalzeranno l'uno sull'altro, quindi il giocatore deve stare attento a non lasciare che Apple si schiacci. Inoltre, non sono del tutto illimitati, poiché il giocatore può tenerne solo cinque in una volta e devono essere autorizzati a ricaricarsi quando Apple si esaurisce. I nemici su ogni livello appariranno dalla parte superiore dello schermo a ondate, attraverso un misuratore di &quot;slot&quot; che scorre in modo casuale, e una volta che tutti gli slot ei nemici sono stati eliminati, il giocatore passa al livello successivo.
3 Ninjas Kick Back (USA)	Hai visto per la prima volta Rocky, Colt e Tum Tum sul grande schermo quando le loro abilità nelle arti marziali e le loro imprese estreme hanno salvato l'onore di nonno Mori e hanno sconfitto un malvagio trafficante di armi. Ora tocca a te! In questa avventura ricca di azione, diventerai uno dei 3 ninja. Ed è qui che inizia il divertimento. Animali selvaggi e ninja sempre più selvaggi attaccano! Un trio di rocker heavy metal distanziati uniscono le forze con il malvagio Koga in uno sforzo totale per farti sporcare. Ma se salvi il nonno Mori e il suo pugnale cerimoniale, avrai l'ultima risata... e sbloccherai una stanza segreta piena di più oro di Fort Knox!
6-Pak (USA)	6-PAK è una raccolta di sei dei giochi più popolari del franchise SEGA rilasciati nei primi giorni di del Genesis. Sono inclusi i seguenti: 1. Columnsnn2. Golden Axenn3. Revenge of Shinobinn4. Sonic the Hedgehognn5. Streets of Ragenn6. Super Hang-On
688 Attack Sub (USA, Europe)	Un gioco di sottomarini con dieci missioni che possono essere giocate con sottomarini d'attacco americani e sovietici. Il gioco si concentra sul realismo con diversi strumenti che il giocatore può utilizzare (sonar, armi, navigazione, timone, radio e periscopio) ma la maggior parte dei compiti può essere delegata ai membri dell'equipaggio. La grafica è per lo più vista ravvicinata dei pannelli di controllo, ma in alcune occasioni presenta immagini digitalizzate di navi di superficie e dell'equipaggio.
A Ressha de Ikou MD (Japan)	A Ressha de Ikou MD è un gioco di simulazione ferroviaria in tempo reale e fa parte della serie A-Train di Artdink. Basato sui primi due giochi della serie, in ogni scenario il giocatore deve utilizzare le risorse a disposizione per costruire una ferrovia che collega da un'estremità all'altra di una mappa. Durante il giorno, il titolare &quot;A-Train&quot; può essere controllato, con il quale il giocatore può costruire binari e stazioni. Durante la notte, gli orari dei treni possono essere modificati. Man mano che il giocatore costruisce, lo sviluppo nascerà attorno ai binari e alle stazioni, portando entrate con cui è possibile costruire più binari e stazioni. Il gioco offre un totale di cinque diversi scenari di difficoltà crescente, che vanno da uno scenario di pratica per principianti a scenari molto difficili per giocatori esperti. Sono disponibili anche tre diverse impostazioni di velocità di gioco.
Aa Harimanada (Japan)	Aa Harimanada è un gioco di wrestling di sumo basato sul manga e sull'anime creato da Kei Sadayasu. Come nel vero sport, l'obiettivo è battere l'avversario fuori dal ring. Tuttavia, non è un'interpretazione particolarmente realistica del sumo, poiché gioca in modo molto simile a un tradizionale gioco di combattimento 1 contro 1. Ci sono prese, lanci e mosse speciali, e il giocatore può anche vincere per knockout prosciugando la resistenza dell'avversario. C'è una modalità single-player che segue la storia del protagonista Harimanada, così come una modalità versus per uno o due giocatori in cui è possibile utilizzare uno qualsiasi dei 15 personaggi.
Aaahh!!! Real Monsters (USA)	Aaahh !!! Real Monsters on Megadrive è un gioco di piattaforma che ti consente di evolvere nel mondo dei fumetti di Nickelodeon con lo stesso nome. Ickis, Oblina e Krumm devono superare gli esami per diventare dei veri mostri. Ognuno ha la sua tecnica speciale ed è possibile controllare il mostro di tua scelta in qualsiasi momento. Devi usare l'astuzia per risolvere i puzzle e spaventare il maggior numero possibile di nemici!
Academia do Saber (Brazil) (Mega Drive 4)	Academia do Saber è un gioco di puzzle. Uscita esclusiva su Mega Drive, nella memoria di alcune console prodotte da Tectoy. Non è mai stato prodotto come cartuccia di gioco.
Addams Family Values (Europe) (En,Fr,De)	La malvagia Debbie Jelinksi sta danneggiando ancora una volta la famiglia Addams... Ha rapito Baby Pubert e zio Fester è colui che deve trovarlo e riportarlo alla sua amorevole famiglia. Il gioco è basato sull'omonimo film live-action. Addams Family Values è un gioco di avventura d'azione con lievi elementi RPG (guadagni più punti ferita mentre procedi nel gioco, puoi aggiornare il tuo equipaggiamento e attacchi speciali). Controlli Fester, spostandolo, combattendo nemici e boss regolari, parlando con i membri della famiglia Addams e occasionalmente risolvendo enigmi. Il combattimento è pura azione, in stile Zelda.
Addams Family, The (USA, Europe)	Morticia è stata rapita! Lo Zio Fester ha perduto la memoria ed è vittima di un incantesimo di Abigail Craven. nnSolamente Gomez può riuscire a salvare la situazione sconfiggendo il malvagio Il Giudice! nnHai il coraggio di affrontare questo viaggio in un'atmosfera da far venire i brividi!? nn
Advanced Busterhawk Gley Lancer (World) (Ratalaika Games)	Gleylancer, uno sparatutto fantascientifico a scorrimento laterale, ti interpreta nei panni di Lucia, una giovane pilota della flotta spaziale di caccia stellari che dirotta il combattente sperimentale Gleylancer per esplorare i confini esterni dello spazio conosciuto alla ricerca del padre scomparso. Lungo la strada, Lucia dovrà abbattere dozzine di nemici in modalità sparatutto standard, evitando la distruzione e raccogliendo potenziamenti che estendono l'energia della sua nave, potenziano le armi e raccolgono bombe per ripulire lo schermo. Il Gleylancer è dotato di due satelliti sospesi che possono ricevere aggiornamenti delle armi da soli e possono bloccare le loro posizioni ad angoli specifici per aumentare la tua potenza di fuoco e proteggere il giocatore dagli attacchi nemici. Presenta solo una campagna per giocatore singolo con due finali diversi a seconda di come vengono completate le fasi finali (ad esempio se il padre di Lucia viene salvato o meno).
Advanced Daisenryaku - Deutsch Dengeki Sakusen (Japan) (Rev A)	Advanced Daisenryaku: Deutsch Dengeki Sakusen comunemente indicato semplicemente come Advanced Daisenryaku, è un gioco di strategia del 1991 sviluppato congiuntamente da Sega e SystemSoft e pubblicato da Sega per Sega Mega Drive esclusivamente in Giappone. Fa parte della serie di giochi di strategia Daisenryaku di SystemSoft ed è uno dei pochi giochi Mega Drive al dettaglio ad avere compatibilità con il gioco online tramite Sega Meganet. Ha anche avviato la linea Advanced Daisenryaku, tutte pubblicate da Sega. Sega e ora ribattezzato SystemSoft Alpha hanno rilasciato nuovamente il gioco nel 2006 come parte di Sega Ages 2500. Nel 2002-2006, Nebelwurfer ha tradotto il gioco in inglese come comandante militare avanzato insieme a un manuale tradotto.
Adventures of Batman & Robin, The (USA)	In questa avventura, basata sulla pluripremiata serie TV, l'arcinemico di Batman, il signor Cold, intende trasformare Gotham in un grande ghiacciaio. A peggiorare le cose, si é accordato con Joker, Two-Face e altri malfattori per eliminare i nostri eroi una volta per tutte.
Adventures of Mighty Max, The (USA)	Basato sulla serie animata, controlli il giovane Mighty Max, che ha un berretto magico e può viaggiare in diverse dimensioni. Il cattivo SkullMaster ha pezzi sparsi di un'arma potente e dovrai viaggiare attraverso 50 mondi diversi per salvare il nostro pianeta dalla distruzione. Il gioco prevede di attraversare le fasi con progressione laterale e sparare ai nemici con il tuo cannone a pallina da tennis. I nemici ti verranno dietro, ma potrai scagliarli via insieme ad altri oggetti attraverso l'ambientazione di questa divertente avventura.
Adventures of Rocky and Bullwinkle and Friends, The (USA)	Le avventure di Rocky e Bullwinkle è l'adattamento videoludico della serie di cartoni animati degli anni '60 con Bullwinkle, un alce, e Rocky, uno scoiattolo volante. Il gioco si svolge in modo molto simile a un episodio dello spettacolo. La storia inizia alla dedicazione del museo Frostbite Falls Rocky e Bullwinkle. Sfortunatamente, i non così simpatici Boris e Natasha si sono travestiti da guardie di sicurezza per il museo e sono riusciti a rubare alcuni degli inestimabili manufatti. nnBullwinkle e Rocky devono rintracciare i manufatti rubati e restituire l'ordine a Frostbite Falls.
Aero the Acro-Bat (USA)	Giochi nei panni del pipistrello Aero, che deve fermare lo scienziato pazzo Edgar Ektor, che sta cercando di liberare il mondo dal divertimento e dal divertimento. Quindi salti attraverso i livelli in stile circo, usando diversi tipi di macchine come catapulte, cannoni, macchine per bolle, piattaforme, ecc., Raccogliendo vari power-up come formaggio, soda, chiavi, orologi, ecc. Ed evitando ostacoli letali .
Aero the Acro-Bat 2 (USA)	Nel seguito di Aero the Acro-Bat dovrai sconfiggere ancora una volta il malvagio industriale Edgar Ektor. È tornato e ancora con cattive idee, quindi tu - nel ruolo di Aero - devi trovarlo e distruggerlo prima che esegua il suo diabolico &quot;Piano B&quot;. Come nell'ultima puntata, devi saltare, sfuggire a ostacoli letali e progredire nel tempo. Questo gioco offre più mosse per Aero, più meccanismi da usare e più oggetti da raccogliere.
Aerobiz (USA)	Sei l'amministratore delegato di una compagnia aerea e il tuo obiettivo sarà quello di trasformare la tua azienda in una delle grandi compagnie, distinguendosi per la regolarità dei suoi voli, un basso numero di cancellazioni o ritardi e un servizio riconosciuto di prima classe. E per questo, devi soddisfare 3 requisiti: espandere le tue rotte aeree, mettere la sicurezza al primo posto e offrire ai tuoi clienti il ​​miglior trattamento possibile. Dovrai collegare 22 città in tutto il mondo, mentre scioperi, problemi aerei ed imprevisti si ripercuoteranno sul tuo business.
Aerobiz Supersonic (USA)	Sei appena stato eletto CEO di una nuovissima compagnia aerea che deve competere con altre 3 compagnie aeree per il dominio globale. Imposta nuove rotte, acquista attività commerciali e gestisci tutte le tue risorse, inclusi aerei, flusso di cassa e rappresentanti dell'azienda. La premessa di base del gioco è la stessa dell'Aerobiz originale, ma questa volta hai più aerei tra cui scegliere, più aeroporti cittadini distribuiti su 7 diverse regioni globali e 4 diversi scenari temporali completi di relazioni politiche storicamente accurate e eventi. Hai quello che serve per far volare in alto la tua azienda? O si schianterà e brucerà?
After Burner II (USA, Europe)	Non avete tempo di pensare, solo quello di urlare. Siete attorniato da caccia nemici e altri ancora vi inseguono. Si avvicinano ad una velocità di Mach 5, mentre cercate di crivellarli di colpi. Non siete pronti per un attacco cosi veloce. Potete solo accendere il vostro postbruciatore andando in picchiata girando su voi stessi. Piroettate a 360 mentre il nemico vi passa cosi vicino da sfiorarvi la punta delle ali.
Air Buster (USA)	Air Buster è uno sparatutto a scorrimento laterale veloce. Il giocatore controlla una piccola nave attraverso diverse fasi con molti nemici. Ogni fase termina con un boss e alcune sezioni accelerano il gioco, offrendo corse ad ostacoli veloci sia in orizzontale che in verticale. Le capsule arancione volanti rilasciano più potenziamenti contemporaneamente, migliorando le navi con laser, aiutanti e scudi nuovi o più potenti. Il giocatore può anche premere il pulsante di fuoco per caricare un'esplosione che rimuove tutti i colpi nemici dallo schermo e danneggia tutti i nemici. Con difficoltà implacabile, ogni colpo è fatale, ma il gioco può essere continuato da qualsiasi punto, purché ci siano vite e crediti. Il gioco può essere giocato in modo cooperativo con due giocatori.
Air Diver (USA)	Air Diver è una simulazione di aereo da combattimento su Megadrive. A bordo del tuo F-119, ferma la minaccia terroristica senza essere rilevabile. Tieni d'occhio il livello del carburante, in modo da non rimanere senza carburante nel momento sbagliato e mirare attraverso la visuale della cabina di pilotaggio. Elimina i tuoi nemici con stile facendo girare l'aereo e lanciando loro dei missili ben piazzati.
Air Hockey (Europe) (Sega Reactor)	Air Hockey è un gioco di abilità in cui devi usare un martello per colpire un disco che deve entrare nella porta del tuo avversario. In questo titolo puoi affrontare un'intelligenza artificiale o un altro giocatore.
Akira (USA) (Proto)	Akira è un gioco inedito per Sega Mega Drive basato sull'omonimo film del 1988, una volta pubblicato da THQ sviluppato da Black Pearl Software nel 1993. Il gioco combina diversi generi di videogiochi, da piattaforme 2D, segmenti malconci, battaglie motociclistiche in stile Road Rash, riprese isometriche e persino livelli giocati da una prospettiva in prima persona, oltre a contenere numerose scene ispirate al film LaserDisc. La versione Mega Drive ha ottenuto maggiore copertura nella stampa videoludica, essendo stata dimostrata visibilmente incompleta al Summer CES 1994, ma il progetto è stato ostacolato e infine annullato a causa di problemi interni a THQ. Un prototipo della versione Mega Drive è stato finalmente trovato da Matsuda e scaricato da drx nel 2019. Il prototipo è stato trasmesso su Twitch e rilasciato a Hidden Palace il 25 dicembre 2019, come prima versione delle vacanze del 2019.
Al Michaels Announces HardBall III (USA, Europe)	Il terzo gioco della serie di baseball Hardball. Questa revisione presenta una grafica VGA a 256 colori e l'annunciatore Al Michaels fornisce commenti in esecuzione mentre giochi.
Aladdin (World) (En) (Disney Classic Games)	Il giocatore controlla Aladino, che deve farsi strada attraverso diversi livelli in base alle posizioni del film: dalle strade e dai tetti di Agrabah, la Grotta delle Meraviglie e la prigione del Sultano fino allo scontro finale nel palazzo del Gran Visir Jafar. Le guardie del Sultano e anche gli animali del deserto vogliono ostacolare Aladino sulla sua strada. Può difendersi con la sua spada o lanciando mele. Accanto alle mele, Aladdin può anche raccogliere gemme che possono essere scambiate con un commerciante per vite extra. La ricerca delle icone Genio o Abu abilita i round bonus. Il round bonus Genio è un gioco di fortuna giocato per mele, gemme o vite extra. Nel round bonus di Abu, il giocatore controlla la scimmietta che deve catturare oggetti bonus che cadono dal cielo, ma senza toccare nessuno degli oggetti indesiderati come rocce e pentole.
Alex Kidd in the Enchanted Castle (USA)	BASH! BIFF! POWI Alex Kidd tira pugni, calci e si lancia contro il nemico per tutto il Pianeta di Paperock, cercando di salvare suo padre! Il suo compito è davvero cosa ardua tra scorpioni, pesci palla, scimmie e mummie che gli bloccano la strada! CARTA! FORBICI! SASSO! Alex viene trascinato in una frenetica morra cinese.
Alfred Chicken (USA) (Proto)	Alfred Chicken è un gioco platform sviluppato da Twilight e pubblicato da Mindscape. È stato rilasciato per diverse piattaforme, tra cui Amiga, Game Boy, NES, Super NES e PlayStation, a partire dal 1993. Nel gioco, il giocatore controlla un pollo di nome Alfred che deve attraversare livelli bizzarri pieni di palloncini, telefoni, formaggi e altri elementi strani. Alfred può camminare, saltare e beccare palloncini e interruttori a terra. Può anche tuffarsi sugli nemici o sulle molle per rimbalzare più in alto
Alien 3 (USA, Europe)	Alien³ è un videogioco basato sul sequel del film con lo stesso nome. La trama del film riprende subito dopo la fine di Aliens. Ellen Ripley, il personaggio principale della serie Alien, è in crio-sonno a bordo della nave spaziale Sulaco. Sfortunatamente, uno o due alieni si sono nascosti sulla Sulaco e hanno causato il caos all'interno della nave. Così, si schianta sul pianeta della colonia prigione Fiorina 161. Ripley ei prigionieri disarmati devono trovare un modo per sopravvivere agli alieni che terrorizzano la colonia finché non arrivano i soccorsi. Il gioco delle varie conversioni di Alien³ varia da piattaforma a piattaforma. Il gioco Genesis Alien³ è un gioco d'azione a scorrimento laterale con grandi livelli labirintici. In ogni livello, devi salvare tutti i prigionieri intrappolati e poi raggiungere l'uscita, il tutto sopravvivendo a più attacchi alieni.
Alien Soldier (Europe)	Nel 2015 il pianeta Sierra è in preda ai terroristi Scarlet di Xi-Tiger. Tutta la speranza ora sta nell'Epsilon-Eagle, un temibile guerriero con un arsenale letale. Armato di tutta l'attrezzatura che puoi trasportare, distruggi, spara e brucia attraverso livello dopo livello in una incredibile azione cibernetica prima di affrontare la potente Xi-Tiger. Varie armi da raccogliere e un sacco di battaglie con i boss. Ogni boss ha la sua debolezza, che devi sfruttare. È possibile modificare i moduli per variare il modello di attacco.
Alien Storm (World)	Gli alieni stanno invadendo la Terra e tocca agli &quot;Alien Busters&quot; spazzarli via e distruggere il loro creatore. I Busters sono formati da Karla, Gordon e Scooter. Ognuno di loro ha le proprie armi e attacchi speciali.
Alisia Dragoon (USA)	Baldour, la vera personificazione del male, è vicino alla fine del suo letargo. Alisia deve riuscire a distruggerlo prima che si risvegli, o egli darà libero sfogo alla sua voglia di distruzione come fece 13 anni fa. La sua ultima sfuriata costò la vita al padre di Alisia. Aiutatela a vendicare la morte del padre.
American Gladiators (USA)	American Gladiators è concesso in licenza dal popolare programma televisivo con lo stesso nome. Presenta una serie di eventi che mettono alla prova la forza, la velocità e l'abilità dei giocatori contro una squadra addestrata di dieci &quot;Gladiatori&quot;, cinque maschi e cinque femmine. I personaggi femminili sono Ice, Gold, Lace, Blaze e Zap, molti di loro conoscono i loro successi nel bodybuilding. I principali personaggi maschili sono Turbo, Nitro (ha presentato diversi spot televisivi nazionali statunitensi), Gemini, Thunder e Laser (Mr. Montana nel 1986). In totale ci sono sette eventi, tutti visti da visuali in terza persona. L'ultimo è il percorso d'assalto Eliminator., in cui gareggi direttamente contro un avversario.
Anaconda (Brazil) (Mega Drive 4)	Clone di SNAKE. Rilasciato esclusivamente su Mega Drive. Il gioco non è uscito su supporto fisico in Brasile, essendo venduto solo in memoria di alcuni modelli Tec Toy Mega Drive.
Andre Agassi Tennis (USA)	Il diritto esplosivo di Andre Agassi è tuo, diventa Agassi, o gioca contro di lui. Per la prima volta assoluta puoi vincere miliardi nella partita dei &quot;duri&quot;, dove la posta in gioco raddoppia ad ogni risposta. Con 4 campi e 8 formidabili giocatori, ognuno con il suo stile e un giudice di gara che chiama ogni colpo, l'Andre Agassi Tennis è imbattibile.
Animaniacs (USA)	Animaniacs è un gioco d'azione / puzzle a scorrimento laterale basato sulla serie TV animata con lo stesso nome. I ragazzi della Warner, Yakko, Wakko e Dot sono scappati di nuovo dalla torre dell'acqua e stanno cercando di recuperare i cimeli dei film dal lotto degli studi della Warner Bros. Ci sono 4 fasi e in ogni fase i Warner devono collaborare per superare ostacoli e nemici. Yakko può spingere o tirare scatole, Wakko può usare il suo martello per distruggere le cose e Dot può mandare baci per incantare i nemici dalla mentalità semplice.
Aniversario (Brazil) (Mega Drive 4)	Sparare. Controllando la visuale, il giocatore deve sparare ai ragni, impedendo loro di alzarsi dal tavolo e mangiare la torta. Il gioco non è stato venduto su supporto fisico, ma è stato lanciato solo in memoria di alcuni modelli della console Mega Drive prodotta da Tectoy.
Aquaduto (Brazil) (Mega Drive 4)	Puzzle game ispirato a Pipe Mania. L'obiettivo è montare una tubazione tra l'idrante antincendio e il connettore del serbatoio. Mai uscito su supporto fisico, il gioco è stato inserito nella memoria di alcuni modelli di Mega Drive prodotti da Tectoy.
Aquatic Games Starring James Pond and the Aquabats, The (USA, Europe)	James Pond è in pausa per combattere i cattivi per competere nei Basselona Water Games. Gioca con gli amici di Pond's Fish mentre competono per l'ambita Medaglia Goldfish in 10 eventi bagnati e stravaganti. Esercitati quanto vuoi e qualificati per i Giochi ufficiali, oppure gioca con un massimo di quattro amici nel tuo gioco marino. Il tuo scopo - è quello di essere il primo a tagliare il traguardo, ma rimarrai agganciato molto prima!
Arcade Classics (USA, Europe)	Arcade Classics offre tre titoli Atari classici. Include i seguenti giochi: 1. Missile Command Centipede Pong (Ultrapong: sia Pong che Hockey) Tutti i giochi hanno opzioni di difficoltà selezionabili. Contengono una modalità classica e una modalità Genesis (modalità SEGA nella versione Game Gear), che migliora la grafica e aggiunge nuovi effetti sonori.
Arch Rivals - The Arcade Game (USA, Europe)	Arch Rivals è una conversione del famoso gioco arcade Midway. È un gioco di basket 2 contro 2 che si distingue dalla massa per il suo approccio &quot;senza regole&quot;. Fare fallo su altri giocatori è più che accettato, è incoraggiato. Scegli tra dodici diverse squadre e otto giocatori, ognuno con le proprie caratteristiche e personalità.
Arcus Odyssey (World) (Evercade)	La maga Castomira ha deciso di distruggere il mondo ed è riuscita a sconfiggere tutti i guerrieri che hanno cercato di fermarla, tranne uno. Quell'anima solitaria era la principessa Leaty, che ebbe un feroce e distruttivo duello magico con Castomira che durò diversi giorni e si concluse con la vittoria di Leaty, che imprigionò Castomira nel Mondo Oscuro usando una spada che divenne nota come il Potere di Leaty. Secoli dopo, i seguaci di Castomira hanno rubato la spada e progettano di salvare Castomira per la distruzione finale.
Ariel - The Little Mermaid (USA, Europe)	Aiuta Ariel, la gioiosa sirenetta, o Tritone, suo padre, a sventare la malvagia Ursula, che ha trasformato tutti in piccole creature verdi simili a vermi, incluso il personaggio che inizialmente non scegli. Il salvataggio richiede di nuotare semplicemente nelle sfortunate piccole vittime mentre si aggirano in luoghi fissi nel mondo acquoso; mentre ti difendi e schiva nemici come anguille, vongole, squali e molti altri cattivi marini. Anche amici come Flounder e Sebastian possono essere convocati per un piccolo aiuto.
Arnold Palmer Tournament Golf (USA, Europe)	Seleziona il tuo livello di gioco, quindi vai al pro shop per scegliere tra mazze in carbonio nero, fibra di vetro e ceramica. Gioca da solo o gioca a 18 buche con un amico. Oltre alle modalità Uno e Due giocatori, ci sono anche una modalità pratica, match play (testa a testa) e un torneo internazionale in piena regola, dove affronterai 15 concorrenti. Il torneo dura 12 round, 18 buche di golf ciascuno. La maggior parte dei round sono giochi standard &quot;a colpi&quot;, ma il settimo e l'ottavo round sono giochi &quot;match&quot;. Le cose si fanno davvero serie quando la partita finisce con un pareggio ei giocatori entrano in uno spareggio di morte improvvisa. Durante il torneo i giocatori guadagnano livelli di abilità più elevati, caddy più esperti e più potenza. Guadagnerai una password alla fine di ogni round del torneo. Il gioco ti permette di giocare su tre diversi percorsi; Giappone, Stati Uniti e Gran Bretagna.
Arrow Flash (USA)	Arrow Flash è un tiro al bersaglio sul Megadrive. Controlla un pilota eccezionale, inviato in missione dall'altra parte della galassia per evitare che un drago invada la Terra. Evita gli ostacoli e distruggi quanti più nemici possibile, raccogliendo i bonus prima di affrontare il boss alla fine del livello. Durante il gioco, è possibile scegliere tra due diverse posizioni d'attacco.
Art Alive (World)	Art Alive è un titolo strano per la genesi, non è nemmeno un gioco, più un tipo di programma Paintbrush. Nonostante la sua originalità, però, ci sono troppi difetti disseminati in tutto il &quot;gioco&quot; per renderlo abbastanza insopportabile da giocare. Vale davvero la pena provare solo per uno scopo di novità.
Art of Fighting (USA)	Yuri Sakazaki è stato rapito! Suo fratello maggiore Ryo Sakazaki e Robert Garcia, il suo migliore amico, vanno a cercarla per le strade di South Town. Man mano che vanno sempre più in profondità, troveranno indizi su chi ha ordinato il rapimento, la relazione della famiglia Sakazaki con la mafia e una persona del loro passato. Questo gioco di combattimento è una conversione coin-op dell'omonimo successo Neo-Geo e ha tutti i personaggi, le fasi e le mosse presenti nell'unità arcade. A differenza della versione arcade originale, i giocatori possono ora giocare come Mr. Big e l'elusivo Mr. Karate.
Asa Delta (Brazil) (Mega Drive 4)	Gioco di sport (deltaplano), sviluppato da Devworks Game Technology e pubblicato da Tectoy, esclusivamente su Mega Drive. Il gioco non è uscito su supporto fisico, essendo venduto solo in memoria di alcuni modelli Mega Drive di Tec Toy, come il Super Mega Drive 3 - 71 Super Games.
Asterix and the Great Rescue (USA)	Il gioco è basato sulla popolare serie di fumetti francesi Astérix. È il 50 a.C. e l'intera Gallia (l'odierna Francia) viene conquistata dai Romani. Solo un villaggio rimane ancora indipendente, grazie agli incredibili poteri dei suoi due grandi guerrieri, Asterix e Obelix. Nel gioco, devono prima di tutto liberare il villaggio Orvio e salvare il loro amico Dogmatix. Puoi giocare come Asterix o Obelix. Ti fai strada attraverso i livelli della piattaforma, combattendo i nemici prendendoli a pugni e saltando per accedere alle aree più alte o per evitare di cadere. Ci sono anche alcuni oggetti che puoi raccogliere, come le bombe, con cui puoi superare gli ostacoli e avanzare nel gioco.
Asterix and the Power of the Gods (Europe) (En,Fr,De,Es)	Basato sulla serie di fumetti francesi Asterix. Asterix e Obelix sono grandi guerrieri della Gallia (l'odierna Francia), che fu conquistata dall'Impero Romano nel 50 a.C. Vercingetorige, il grande capo dei Galli, fu sconfitto da Giulio Cesare e perse il suo scudo per lui. Ora tocca ad Asterix recuperare questo scudo dai romani! In questo gioco platform, guidi Asterix attraverso vari livelli. Puoi spostarti su una mappa panoramica isometrica per accedere a diverse posizioni. Puoi saltare, correre e sconfiggere i tuoi nemici girandoli e colpendoli. C'è una varietà di oggetti da raccogliere e ostacoli da superare.
Atomic Robo-Kid (USA)	Nei panni della macchina volante mezzo umana e mezzo cyborg del titolo, dovrai affrontare 28 livelli per liberarti dai nemici. Il gameplay è a scorrimento orizzontale. La tua unità è in grado di volare e quindi rimanere a un certo livello nello spazio. I nemici sconfitti spesso rilasciano gemme, che possono essere raccolte per i power-up. Questi includono spari più potenti o multidirezionali.
Atomic Runner (USA)	In una giornata ventosa, ci fu un'esplosione in una centrale nucleare. questa, causò il versamento di forti dosi di radiazioni su molte persone. Una di queste persone era un giovane scienziato di nome Chelnov. Quando sopravvisse all'incidente mortale, si accorse di essere posseduto da poteri anormali. Avendo capito questo, decise di agire per la causa della giustizia. È determinato a fuggire dal paese del blocco orientale che chiamava casa, e correre e saltare in tutto il mondo per finire negli Stati Uniti. Ciò che distingue Chelnov da altri giochi di piattaforma è l'uso dello scorrimento forzato. Ciò si verifica quando lo schermo si sposta continuamente da sinistra a destra, costringendo i giocatori a superare i numerosi ostacoli e nemici del gioco senza controllare la velocità di avanzamento di Chelnov. I nemici attaccano da sinistra, destra, sopra e sotto e Chelnov può cambiare la direzione in cui è rivolto per attaccare i nemici dietro di lui. Alcuni nemici nel gioco portano diversi tipi di armi e potenziamenti, e quando vengono colpiti, i potenziamenti cadono a terra e possono essere raccolti.
ATP Tour Championship Tennis (USA)	In questo quasi sequel di Wimbledon, Sega ha ottenuto la licenza ATP, portando 32 giocatori (tra cui Pete Sampras, John McEnroe e Stefan Edberg) più alcuni altri del Senior Tour (tra altre sei leggende come Ilie Nastase e Stan Smith) come l'opzione per creare quattro giocatori che possono essere sviluppati in modalità ATP Tour. Ogni giocatore ha sette attributi che ne definiscono il controllo e la potenza sia nel servizio, nel dritto e nel rovescio, sia nel gioco di gambe. Esistono quattro tipi di campi che influenzano la velocità e il rimbalzo della palla in modi diversi e sono disponibili 11 tornei ATP reali.
Australian Rugby League (Europe)	I creatori di Rugby World Cup 1995, EA SPORTS, presentano tutta l'azione frenetica e la forza della Rugby League professionistica. -44 squadre di cui 20 squadre dell'Australian Rugby League e 11 squadre inglesi. -5 diverse modalità di gioco, tra cui amichevoli e campionato. -Animazioni 3D realistiche con modellazione di nn giocatori -Esperienza di gioco di rugby league molto realistica, con mischia, calci e i 6 tackle più importanti.
Awesome Possum Kicks Dr. Machino's Butt (USA)	Awesome Possum è qui per ripulire il mondo. Come puoi aiutare? Non ti preoccupare Fantastico te lo dirà. Con oltre 80 diverse frasi audio, Awesome Possum è il primo personaggio dei cartoni animati di Genesis a parlare davvero - e ha molto da dire! Tu e Awesome raccogliete la spazzatura del dottor Machin. Ripulisci la spazzatura stantia e combatti l'inquinamento nocivo... e ricicla per guadagnare più punti. Metti alla prova le tue conoscenze ecologiche e guadagna più punti rispondendo a domande sulla natura e sull'ambiente. Quindi, se i cattivi inquinano, colpiscili forte! E aiuta a salvare gli alberi, l'oceano e la Madre Terra.
Aworg - Hero in the Sky (Japan) (Sega Game Toshokan)	Aworg è un supereroe con il potere di manipolare il vento usando i suoi ventagli di carta cibernetici. Il malvagio Hellbreeze ha preso il controllo dei cieli e tocca ad Aworg fermarlo! Per questo dovrai utilizzare il tuo dominio completo dall'aria. Aworg è un gioco d'azione per Sega Mega Drive, pubblicato esclusivamente in Giappone tramite il servizio Sega Game Toshokan. Il giocatore controlla l'eroe del titolo mentre vola e fluttua attraverso ogni fase. Deve raccogliere tre &quot;Passaporta&quot; luccicanti per aprire il portale di teletrasporto in ogni fase, evitando nemici e vari pericoli. Aworg può muoversi liberamente grazie ai suoi ventilatori che lo spingono in più direzioni e sparano un getto d'aria nella direzione opposta; questo getto d'aria è il tuo attacco di base e può spingere i nemici in giro.
Ayrton Senna's Super Monaco GP II (USA) (En,Ja)	Infilatevi nell'abitacolo e preparatevi ad una azione di corsa come non ne avevate mai provate! Super Monaco GP 2 di Ayrton Senna vi porta alle esigenti e dure competizioni dalle spaventose velocità delle corse della Formula 1.
B.O.B. (USA, Europe)	Sei un robot adolescente simile a una formica, che esce per un appuntamento... Tuttavia, prendi la macchina di tuo padre e lui ti avverte; se fai un graffio sulla macchina, non la guiderai mai più... Certo, fai un graffio e ti schianti su un pianeta sconosciuto! Cosa fare adesso? Guida B.O.B attraverso un gioco colorato con i nemici più strani che tu abbia mai visto, per trovare una nuova macchina con cui tornare a casa ...
Baby Boom (USA) (Proto 3)	Baby Boom è un gioco d'azione inedito, originariamente annunciato al Sega Gamer's Day 1994 per Sega Mega Drive, Sega Mega-CD e Sega Game Gear. Successivamente è stato annullato per motivi sconosciuti. Da allora, sono trapelati su Internet tre primi prototipi della versione Mega Drive, dimostrando che il gioco consisteva principalmente nel raccogliere bambini e portarli all'uscita nel minor tempo possibile. Nell'ultimo prototipo (datato 1994-08-11), esistono solo tre livelli normali e due livelli bonus.
Baby's Day Out (USA) (Proto 2)	Baby's Day è un videogioco di riflessioni pubblicato nel 1994 su Mega Drive. Il gioco è stato sviluppato da Designer Software e modificato da Hi-Tech Enterprises. Il sistema di gioco è un po 'come Lemmings, nel senso che il bambino è controllato e diretto verso la fine del livello.
Back to the Future Part III (USA)	L'anno 1885 non è mai stato così emozionante! Le avventure di Marty McFly e Doc Brown in questo terzo e ultimo episodio della trilogia &quot;Ritorno al futuro&quot;, sono diventate ancora più emozionanti e mozzafiato. Questa corsa contro il tempo, in cui controlli Marty e Doc, si svolge a Hill Valley, un luogo abbandonato nel selvaggio West. E poi c'è &quot;Buford Mad Dog Firs&quot; e la sua banda di pistoleri...
Bahamut Senki (Japan)	Il mondo di Bahumut è diviso in otto potenti paesi, quattro dei quali sono governati da esseri umani o creature simili a esseri umani, mentre gli altri quattro sono governati da forze del male. Questi paesi combattono costantemente l'uno contro l'altro cercando di dominare e distruggere gli altri. È compito del giocatore scegliere quale paese controllare e renderlo il paese più potente di tutta Bahumut. All'inizio di ogni turno, controlli il tuo leader e intraprendi determinate azioni come: reclutare soldati, dichiarare guerra, impegnarsi in colloqui diplomatici, ecc. Nelle battaglie puoi controllare diverse unità di soldati o creature magiche, che puoi evocare per assisterti in battaglia.
Ball Jacks (Japan, Europe) (En)	Ball Jacks è un gioco d'azione competitivo ambientato in un lontano futuro. Due granchi robot, pilotati da uomini in cerca di fama e fortuna, si fronteggiano in un'arena. Dietro di loro c'è un nastro trasportatore con grandi sfere di metallo che ruotano intorno. L'obiettivo è catturare le palle dell'avversario e trattenerle fino allo scadere del tempo. Ogni granchio ha due chele che operano indipendentemente; possono essere usati per afferrare le palle dal lato opposto dello schermo, così come per farle cadere dalla presa dell'avversario. Il giocatore deve anche fare attenzione, poiché prendere un colpo da dietro danneggerà il granchio e, se subisce troppi danni, il granchio deve tornare nell'area della fossa per essere riparato.
Ballz 3D - The Battle of the Ballz (USA, Europe)	Ballz è un gioco di combattimento, ma ciò che lo rende unico è il fatto che il tuo giocatore è fatto di palle. Il gioco ha un motore 3D dettagliato con una telecamera fissa. Il gioco funziona come un normale picchiaduro. Questo gioco supporta 2 giocatori, 3 difficoltà e fino a 21 partite.
Barbie Super Model (USA)	iuta Barbie a diventare una fantastica modella! Questo è un gioco arcade con molte attività diverse a cui partecipare. In ogni livello, Barbie inizia andando da sinistra a destra con lo scorrimento forzato. Ha una velocità predefinita e può anche accelerare. Deve evitare di spostare gli ostacoli muovendosi su e giù e controllando la sua velocità. Se ne colpisce uno, perde una possibilità e il gioco finisce se finisce le occasioni. Deve raccogliere oggetti che concedono punti bonus e possibilità extra.
Barbie Vacation Adventure (USA) (Proto)	Barbie: Vacation Adventure ti invita a partire per le vacanze con la bambola Barbie in 4 luoghi diversi: Iowa, Wyoming, Texas e Florida. Per ogni destinazione dovrai affrontare un minigioco diverso, tra cui equitazione, montaggio della tenda o pallavolo.
Barney's Hide & Seek Game (USA)	Barney è un simpatico dinosauro a cui piace giocare con i bambini. Un giorno Barney e i suoi amichetti decidono di giocare a nascondino. Il compito di Barney è trovare i bambini ei regali che hanno nascosto. nnBarney viaggia attraverso quattro diversi livelli. Su ognuno ci sono cinque bambini e cinque regali da trovare. Puoi saltare nel gioco solo quando ci sono piattaforme più alte a cui accedere. Nonostante sia un platform, questo non è un gioco d'azione, dal momento che Barney non può morire e non è necessaria una reazione rapida per completare il gioco. Il gioco è pensato per i bambini piccoli e ha un livello di difficoltà molto basso.
Bass Masters Classic (USA)	Questo gioco consiste in cinque tornei di 3 giorni in quattro laghi. La missione è catturare quanti più bassi possibile. Una volta terminato il giorno del torneo di pesca, i cinque branzini più grandi catturati vengono pesati e confrontati con le catture dell'altro pescatore. Quello con la cattura più pesante è il vincitore. nnIl giocatore inizia scegliendo un pescatore. Quindi il giocatore può andare al negozio di esche, praticare lo stagno o iniziare il torneo. Nel negozio di esche è possibile acquistare una scelta di esche, lenze, canne, mulinelli, fish finder e motori per barche. La modalità stagno pratica è proprio dove il giocatore può farsi le ossa sulle meccaniche di gioco senza conseguenze.
Bass Masters Classic - Pro Edition (USA)	Questo gioco è fondamentalmente un aggiornamento di Bass Masters Classic. Gli aggiornamenti prevedono l'aggiunta di 6 pescatori professionisti, cinque laghi diversi anziché quattro, una gamma ampliata di diverse attrezzature da pesca, 2 livelli di difficoltà, una funzione di zoom, laghi più grandi e nuovi brani musicali.
Batalha Naval (Brazil) (Mega Drive 4)	Guida una squadra in una battaglia tra la vita e la morte!nnUsa i tasti freccia per selezionare il tuo bersaglio e premi A, B o C per sparare. Gioco da tavolo (battaglia navale). Rilasciato esclusivamente su Mega Drive. Il gioco non è uscito su supporto fisico in Brasile, essendo venduto solo in memoria di alcuni modelli TecToy Mega Drive.
Batman - Revenge of the Joker (USA)	Anche se la vita di un multimilionario può sembrare facile e spensierata, non dirlo a Bruce Wayne. Potrebbe essere uno degli uomini più ricchi del mondo, ma ha anche un segreto: è Batman. Combattendo contro tutto ciò che è malvagio, Batman insegue costantemente i suoi acerrimi nemici e tiene al sicuro Gotham. Sembra che il Joker abbia rubato un'enorme quantità di metalli preziosi usati come esplosivi nei missili. Ora tocca al Cavaliere Oscuro scendere in strada e sventare i piani del Joker, qualunque essi siano. Mentre combatti contro gli scagnozzi del Joker, avrai a disposizione un vasto assortimento di armi: batarang, neutralizzatori sonici, stelle scudo e una balestra. Anche se il Joker ha sempre il sorriso sulle labbra, la sicurezza di Gotham City non fa ridere, sei all'altezza della sfida?
Batman - The Video Game (USA)	La versione Genesis di Batman: The Video Game segue da vicino la trama del film del 1989. Il gioco consiste in sei fasi, quattro di azione platform a scorrimento laterale e due shooter a scorrimento laterale, nel seguente ordine: Gotham City Street, Axis Chemical Factory, Flugelheim Museum, Gotham City Street (con la Batmobile e successivamente a piedi ), Nel cielo sopra Gotham City (con il Batwing) e nella Cattedrale, dove Batman finalmente affronta il Joker.
Batman Forever (World)	Il giocatore può impersonare Batman o Robin in questo beat-em-up a scorrimento realizzato da Acclaim nel 1996, nell'intento di avanzare attraverso i vari stages che riprendono le scenografie del film. Il gameplay ricorda quello di Final Fight o Cadillac and Dinosaurs e sfoggia un'incredibile grafica, animazioni mozzafiato e un sistema di combo avanzato. Tra le armi disponibili troviamo il Bat-a-rang, la Bat-Corda, la Pistola a Gas e il Taglia-Metalli
Batman Returns (World)	Penguin ha rinchiuso la città nelle sue ali ritorte. Ad aiutarlo, fra gli altri, sono la squilibrata gang dei Red Triangle Circus e la diabolica Cat Woman. Lanciate Batarang mortali, scovate i criminali a bordo della Batmobile, usate tutte le armi disponibili per lottare contro quella gentaglia e raggiungere la resa dei conti nella tana di Penguin.
Battle Frenzy (USA) (En,Fr,De,Es) (Sega Channel)	L'anno è il 2049. Un'armata aliena assalta il Sistema Solare. Sei un eroe senza nome la cui missione è salire a bordo dell'incrociatore da battaglia principale del nemico e disabilitare tutti e sedici i suoi principali nodi plasma. Uno speciale chip Battle Frenzy (nome in codice Bloodshot) viene impiantato nella tua rete neurale, rendendoti l'unico soldato definitivo da cui l'intera umanità dipende ora. nnQuesto è uno sparatutto in prima persona 3D. Ti muovi attraverso i corridoi labirintici della nave aliena, ottieni armi e oggetti e fai esplodere tutto ciò che incontri sulla tua strada. C'è anche una modalità a due giocatori con schermi divisi.
Battle Golfer Yui (Japan)	Gil Hazard, presidente della Hazard Foundation, è segretamente il Professor G, il leader della malvagia organizzazione Dark Hazard. Ha progetti per il dominio del mondo e ha in programma di utilizzare il potere del golf a tal fine; questo è il progetto Battle Golfer. Yui Mizuhara e Ran Ryuzaki sono due normali ragazze delle scuole superiori che per caso sono dei prodigi del golf, e quindi sono i primi candidati per il progetto Battle Golfer. Vengono rapiti dal Professor G, ma vengono salvati da un uomo misterioso prima che possano essere presi sotto il suo controllo. Dopo essere scappato, Yui viene a sapere di un torneo di golf tenuto dalla Hazard Foundation e, sospettando piani più nefandi, entra segretamente nel torneo per fermarlo per sempre.
Battle Mania Daiginjou (Japan, Korea) (Ja)	Battle Mania Daiginjo è uno sparatutto a scorrimento a tema anime comico e il sequel di Trouble Shooter. Il giocatore controlla simultaneamente Mania e Maria in coppia, con Maria che segue da vicino dietro Mania, e anche in grado di girarsi e sparare sul retro. A differenza della maggior parte degli shotters, Mania ha un misuratore di salute che può essere rifornito tramite pickup. Ci sono una varietà di armi tra cui scegliere all'inizio di ogni fase e durante il gioco, le armi possono essere potenziate. C'è anche un attacco bomba che cancella lo schermo, ma deve essere autorizzato a ricaricare ogni volta che viene usato. Il gioco include una modalità giocatore singolo standard con tre livelli di difficoltà. C'è anche una modalità score attack che sfida il giocatore a guadagnare il maggior numero di punti possibile in due minuti in una fase fissa.
Battle Squadron (USA, Europe)	I comandanti Berry D. Mayers e Lori Bergin stavano tornando da una missione riuscita su Urania. Hanno portato importanti informazioni necessarie per la difesa della Terra quando sono stati improvvisamente attaccati dalle forze di Barrax. Ultimo messaggio ricevuto: &quot;...capacità di diventare invisibili per un periodo di tempo limitato...enorme chiarezza in arrivo...&quot;nnUn'enorme fonte di energia è stata identificata nel luogo dell'attacco e ora si sta spostando a Terrania. Si crede che i comandanti siano intrappolati all'interno di questo pianeta. Tuttavia, Terrania dispone di radar precisi e, per questo motivo, un solo pilota potrà partecipare a questa missione, che dovrebbe valerne tanti. Esercitati con la mira, poiché nessuno dei tuoi colpi può essere sprecato. Se ciò accade, non solo la tua vita sarà in pericolo, ma anche il futuro del nostro pianeta. In bocca al lupo!
Battlemaster (USA)	Un primo gioco di strategia di combattimento a squadre ambientato in un mondo fantasy in stile medievale. nnIl giocatore decide quale razza vuole giocare (Umano, Orco, Nano o Elfo) ognuno con i propri punti di forza e di debolezza. Si tratta quindi di ripulire le aree dagli avversari e trovare oggetti per migliorare le abilità del tuo personaggio e dei tuoi compagni. nnCi sono molte trappole da evitare e la morte è una costante in quello che la maggior parte delle persone troverebbe un gioco molto difficile. nnIl gioco più vicino a cui confrontarlo sarebbe Rage Of Mages, sebbene abbia più un focus sui giochi di ruolo, ha somiglianze estetiche e un tema di combattimento fantasy basato sulla squadra.
Battletech - A Game of Armored Combat (USA)	Prendi il controllo di un Matcat Mech mentre ti fai strada attraverso diversi livelli di caos meccanizzato. Usa mitragliatrici, lanciarazzi, missili a ricerca, lanciafiamme, mine e bombe atomiche per sconfiggere la minaccia nemica invadente. I diversi livelli hanno diversi terreni, come neve, ghiaccio e paludi che influenzano l'avanzamento del tuo mech. Puoi anche uccidere i mech più piccoli calpestandoli, il che è sempre divertente.
Battletoads (World)	La cattiva Regina delle Tenebre rapisce il vostro migliore amico e la bella Principessa Angelica! C'è veramente da IMPAZZIRE e VENDICARSI! Preparate i vostri pugni nucleari perché ne avrete bisogno per salvare i vostri amici e venirne fuori sani e salvi!
Battletoads-Double Dragon (USA)	LA SQUADRA DEFINITIVA! Quando un incrociatore da battaglia delle dimensioni di una città e chiamato Colosso esce dalla luna, con il suo cannone laser che brilla minacciosamente, puoi scommettere che non farà nessuna chiamata sociale... Puoi scommettere che creerà un po' di caos cattivo e pazzo sul buon vecchio pianeta Terra - &quot;specialmente quando sai che la temuta Regina Oscura e l'ombroso Shadow Boss sono a bordo solo per il rock n' roll&quot;. ..
Beast Wrestler (World) (Evercade)	Un picchiaduro uno contro uno visto da una prospettiva isometrica. Tutte le bestie o i draghi hanno due attacchi di base: un pugno e un attacco di coda, oltre a un attacco speciale che può essere eseguito solo mentre è visualizzata una determinata icona. Durante il combattimento ravvicinato, premendo rapidamente il pulsante A o C si otterrà un attacco di lancio o soffocamento. Non c'è una barra della salute visibile, ma vengono visualizzate tre icone nella parte inferiore dello schermo. Una volta che un drago viene abbattuto per un momento più lungo, un'icona diventa rossa. Quando tutte le icone sono rosse, il combattimento è perso. L'arena di battaglia è circondata da un recinto elettrico, in cui gli avversari possono essere lanciati e che può essere utilizzato anche per avviare attacchi in salto.
Beastball (World) (Evercade)	Beastball è un gioco sportivo inedito per Sega Mega Drive. È un adattamento per console del titolo Amiga del 1993 Brutal Football/Crazy Football (portato su Amiga CD32 nel 1994, IBM PC nel 1995 e su Atari Jagauar nel 1994 come Brutal Sports Football). Anche Beastball doveva essere pubblicato su Super Nintendo, ma presumibilmente è stato cancellato contemporaneamente a questo adattamento per Mega Drive.
Beauty and the Beast - Belle's Quest (USA)	Gioca nei panni di Belle da &quot;La bella e la bestia&quot; della Disney e segui (liberamente) la storia del film d'animazione. Salta e abbassati per scongiurare gli ostacoli, che possono presentarsi sotto forma di uccelli, ratti, pipistrelli, ecc. Inoltre, chiedi alla &quot;bella&quot; di interagire con i suoi personaggi secondari mentre la conduci dall'inizio come ragazza del villaggio al ballo finale con il suo principe nella sala da ballo.
Beauty and the Beast - Roar of the Beast (USA)	Roar of the Beast è il secondo gioco Genesis basato sul film d'animazione La bella e la bestia, solo che questa volta il giocatore non controlla Belle ma Beast per tutto il gioco. Non è un sequel del primo gioco, poiché entrambi i giochi sono stati rilasciati nello stesso anno. Questo titolo racconta in gran parte la storia dal punto di vista di Beast. Inizia con la Bestia che vive in un castello nel bosco oscuro con i suoi servi (Lumiere, Cogsworth e la signora Potts). Una potente tempesta colpisce il castello e incanta tutti gli animali che lo circondano. Inizialmente la bestia ha bisogno di proteggere la rosa magica dalle creature. Ben presto, Belle e suo padre Maurice vengono coinvolti, e alla fine gli abitanti del villaggio che invadono il castello.
Beavis and Butt-Head (USA)	Basato sul cartone animato di successo &quot;Beavis and Butthead&quot;, il gioco è molto fedele alla serie. Il gioco inizia a casa di Beavis e Butthead - e da lì puoi scegliere di andare in luoghi diversi come: Turbo Mall 2000, la strada, il mondo degli hamburger, l'ospedale, il concerto GWAR e altro ... il tuo obiettivo principale è quello di trovare soldi per il concerto GWAR.
Berenstain Bears' Camping Adventure, The (USA)	Una famiglia di orsi - Padre Orso, Madre Orsa, Sorella Orsa e Fratello Orso - decide di andare in campeggio nella vicina foresta. Mentre si siedono accanto al fuoco, i due cuccioli decidono di esplorare la zona. Visita luoghi pericolosi, evita o distruggi i nemici e raccogli le cose che piacciono di più agli orsi, come miele o pesce fresco!
Best of the Best - Championship Karate (USA)	Best of the Best Championship Karate è un gioco di combattimento realistico. Dopo aver scelto il tuo combattente per i suoi parametri (forza, resistenza e resistenza), puoi scegliere tra 55 mosse diverse. Ora puoi allenare il tuo combattente in una palestra prima dei veri combattimenti. Per padroneggiare il gioco, è necessario alternare allenamento e combattimenti, poiché l'allenamento migliora la resistenza, la forza e la resistenza. Fai attenzione, perdere un combattimento riduce questi parametri, quindi devi essere pronto prima di salire sul ring!
Beyond Oasis (USA)	In 'Beyond Oasis' un personaggio di nome Prince Ali è il tuo protagonista, che brandisce un bracciale d'oro con il potere del fuoco, dell'acqua, della pianta e dell'ombra. Devi viaggiare per le tue terre alla ricerca del detentore del bracciale d'argento, che era stato nascosto per generazioni. Recentemente portato alla luce, detiene il potere del caos e della distruzione. Devi fermarli prima che sia troppo tardi.
Beyond Zero Tolerance (USA) (Proto 2)	Beyond Zero Tolerance è un sequel inedito di Zero Tolerance per Sega Mega Drive. Come con il suo prequel, è uno sparatutto in prima persona, uno dei pochi disponibili per il sistema. nnUn prototipo di Beyond Zero Tolerance (etichettato &quot;Build: 062395a&quot;, suggerendo una data di build del 23 giugno 1995) è stato rilasciato come freeware dal suo creatore (così come Zero Tolerance). È per lo più lo stesso gioco della nuova grafica della barra Zero Tolerance ed è lungi dall'essere completo. Tutta la musica del prototipo viene riciclata dal primo gioco.
Bil Bolha (Brazil) (Mega Drive 4)	Bil Bilha ei suoi fratelli sono stati arrestati in una misteriosa macchina. Il tuo obiettivo è liberarli tutti. Il problema è che la macchina ha una regola strana. Quando uno di loro viene rilasciato o imprigionato, quelli che sono alla sua sinistra, destra, su e giù cambiano il loro stato. Se erano sciolti, vengono catturati. Se erano in prigione, sono sciolti. Ci sono diverse configurazioni iniziali della macchina da risolvere, incluso il &quot;Draw&quot; che crea una configurazione casuale. Per rilasciare o pizzicare, premere semplicemente i pulsanti A, B o C quando la selezione è sopra la posizione scelta. Ora gioca, hanno bisogno del tuo aiuto! Gioco di puzzle. Il gioco non è stato venduto su supporto fisico, ma è stato rilasciato solo in memoria di alcuni modelli della console Mega Drive venduti in Brasile, come il Sega TecToy Super Mega Drive 3 con 71 giochi in memoria.
Bill Walsh College Football (USA, Europe)	Il gioco presenta 24 squadre di football del college della stagione 1993 e 24 delle squadre universitarie di tutti i tempi dal 1978. Le modalità di gioco includono esibizione, playoff e playoff di tutti i tempi e la versione SNES ha anche una modalità stagionale di undici settimane. come obiettivo finale. nnIl playbook è composto da 56 giocate offensive e 52 giocate difensive. In attacco, i running back possono tuffarsi, girare e superare gli ostacoli. Inoltre, il passaggio viene gestito tenendo i ricevitori nelle proprie scatole con finestra. Quando sono in difesa, i difensori possono tuffarsi sul portatore di palla e alzare le mani per bloccare i calci o intercettare i passaggi. nnIl gioco presenta anche quattro condizioni meteorologiche (buono, ventoso, pioggia e neve) e tre diverse durate dei quarti (20, 40 e 60 minuti).
Bill Walsh College Football 95 (USA)	Bill Walsh College Football 95 è stato uno dei tanti giochi di calcio rilasciati da Electronic Arts all'epoca. Questo era un po' diverso in quanto include una squadra per l'intera stagione e statistiche dei giocatori, classifiche settimanali e una modalità di passaggio senza finestre. Ha 38 squadre potenti, come Florida, Florida State, Texas e Notre Dame per citarne alcune. Ci sono molte giocate offensive e difensive, oltre undici diverse formazioni offensive con quasi otto opzioni per pezzo e sei diverse formazioni difensive. nnIl gioco è approvato dal compianto grande Bill Walsh, ex college e allenatore professionista che aveva vinto tre Super Bowl.
Bill's Tomato Game (USA) (Proto)	Incontra Terry e Tracy, una coppia quotidiana di pomodori che camminano e parlano coinvolti in una storia totalmente irrealizzabile di rivalità, scoiattoli malvagi e terre mistiche... oh e, ehm, amore!
Bimini Run (USA)	Sei Kenji Ohara, un esperto di barche a motore. Il malvagio Dr. Orca ha rapito tua sorella Kim. Insieme al tuo migliore amico Luka devi trovare il suo nascondiglio su un'isola deserta e salvare tua sorella dalle sue grinfie. Ma non sarà facile, perché il dottor Orca ha mandato i suoi scagnozzi per fermarti! Questo è un gioco d'azione a vela. Naviga la tua barca a motore da una prospettiva in terza persona, aumentando e diminuendo la tua velocità, evitando yacht e altri ostacoli e abbattendo i nemici che stanno cercando di fermarti.
Bio Hazard Battle (USA, Europe)	La civiltà sul pianeta Avaron è di gran lunga più avanzata di quella della Terra. Le persone hanno sviluppato speciali creature biogenetiche - mosche giganti, granchi e altri animali. Sfortunatamente, quei mostri si ribellarono agli Avaroniani e minacciarono di conquistare il pianeta. Sta a te salvare il pianeta Avaron dall'invasione! &quot;Bio-Hazard Battle&quot; è uno sparatutto spaziale a scorrimento orizzontale. Puoi scegliere una delle quattro navi, ognuna con i propri attacchi. Durante il gioco, puoi potenziare le armi delle tue navi raccogliendo palline colorate che fluttuano. Puoi memorizzare fino a tre diverse armi contemporaneamente, eseguendo attacchi in diverse direzioni.
Bishoujo Senshi Sailor Moon (Japan)	Il gioco si basa sulla popolare serie manga / animé con lo stesso nome. L'eroina della serie è una studentessa di 14 anni di nome Serena (Usagi nella versione giapponese). Un giorno incontra un magico gatto parlante di nome Luna, che le dice che è stata scelta per essere una combattente di Sailor Moon, per trovare la perduta Principessa del Regno della Luna e combattere le forze dell'oscurità guidate dalla malvagia Regina Berillo. Questo adattamento della storia è un gioco beat-'em-up. Puoi controllare Serena stessa o una delle sue compagne di Sailor Moon. Ogni ragazza ha diversi punti di forza e attacchi speciali. Avanzate nel gioco muovendovi su una piattaforma e sconfiggendo i nemici che incontrate. Non puoi andare avanti se non hai sconfitto tutti i nemici che continuano a venire contro di te.
Blades of Vengeance (USA, Europe)	ATTENZIONE!!nnIL MALE ATTENDE... PUOI GESTIRE GLI ASSASSINI MOSTRUOSI E SCONFIGGERE LA DIABOLICAnnSIGNORA NERA?nnUccidi il male con L'ascia da battaglia, stocco, mazza, balestra e palla di fuoco. Scegli tra tre diversi caratteri; Cacciatrice, Guerriera o Stregone. Costruisci i tuoi poteri con armature e armi speciali. Esplora 8 luoghi proibitivi. Migliora le tue probabilità di sopravvivenza con incantesimi magici. Stermina innumerevoli nemici e affronta gli 8 terrificanti boss di fine livello.
Blaster Master 2 (USA)	È passato del tempo da quando il ragazzo Jason e il suo carro armato Sophia hanno sconfitto il malvagio Plutonium Boss e i suoi scagnozzi mutanti sotterranei radioattivi. Tuttavia, non tutto va bene. Sembra che uno dei subalterni di Plutonium Boss sia sopravvissuto. Ha distrutto Sophia e ora sta usando le sue parti per salire sulla superficie della Terra e conquistarla. Jason costruisce un nuovo carro armato Sophia ed è pronto a difendere il suo pianeta! Questo è un gioco platform d'azione. Controlli Sophia che può rotolare, saltare e sparare due diversi tipi di attacchi ai nemici. essendo un carro armato, Sophia non può eseguire alcune azioni (come salire le scale), quindi spesso Jason dovrà lasciare il carro armato e farsi strada attraverso il livello da solo.
Blockbuster World Video Game Championship II (USA)	Blockbuster World Video Game Championship II è una cartuccia speciale utilizzata, come suggerisce il nome, per i secondi Blockbuster World Video Game Championships, tenuti nelle filiali di Blockbuster. È stato costruito da Acclaim per le unità Sega Mega Drive nordamericane e contiene versioni annacquate di NBA Jam Tournament Edition e Judge Dredd. nnL'evento è stato organizzato nel 1995, suddividendo i concorrenti in categorie: quelli di età inferiore a 13 anni e quelli di età pari o superiore a 14 anni. I giocatori potevano scegliere tra la console di Sega o il SNES di Nintendo (che aveva una cartuccia diversa, una prodotta da Rare con Donkey Kong Country). Ogni negozio Blockbuster in Nord America ha organizzato l'evento tra il 14 giugno e il 9 luglio, producendo &quot;campioni del negozio&quot; che sarebbero poi passati a un ulteriore round ad agosto, ambientato presso la sede di GamePro a San Francisco. Nonostante il nome non era in realtà un &quot;campionato del mondo&quot;.
Blockout (World)	Blockout è un clone di Tetris con un tocco in più: è in 3D. Puoi ruotare i blocchi in 3D per inserirli nella fossa in cui vengono guidati. Gli utenti avanzati possono giocare a questo gioco con pezzi tridimensionali dispari o modificare le dimensioni della fossa, per una profondità compresa tra 6 e 18 pile e una larghezza e una lunghezza comprese tra 3 e 7.
Body Count (USA) (Sega Channel)	Credi nei dischi volanti? Che ne dici di un alieno alto 10 piedi in sella a una super bici con un bazooka puntato sulla fronte? È meglio non fermarsi ad analizzare la situazione. Carica la tua arma e spara!nnQuesti esseri simpatici arrivarono sulla Terra nella tranquilla notte del 30 novembre 1999. In una frazione di secondo, milioni di umani furono uccisi e tutti gli altri ridotti in schiavitù. O meglio, tutti tranne uno! Gli alieni sono disposti a rubare tutto il minerale dal pianeta, fuggire e poi fare esplodere la Terra in piccoli pezzi da conservare come souvenir. Tu, Jon Steadman, sei l'unica speranza di salvezza dell'umanità. Prepara il tuo joystick o il tuo Menacer e affronta questa sfida. Non può essere rimasto nemmeno un po' di ET. Gli alieni credono nelle granate volanti?
Bomber (USA) (Sega Gopher)	Fai esplodere i tuoi avversari!nnAttenzione però a non far esplodere gli oggetti, possono essere utili!nnGioco di labirinti ispirato al Battle Mode del franchise Bomberman. Il gioco non è stato venduto su supporto fisico, ma rilasciato solo in memoria di alcuni modelli di console Mega Drive venduti in Brasile, come il Sega TecToy Super Mega Drive 3 con 71 giochi in memoria. Gioco pubblicato esclusivamente su Mega Drive.
Bonanza Bros. (Japan, Europe) (En,Ja)	Robo e Mobo, i &quot;Bonanza Bros.&quot;, sono i ladri più imbranati in circolazione. Si sono cacciati in un guaio e hanno bisogno del tuo aiuto per non diventare due avanzi di galera!
Bonkers (USA, Europe)	Il super poliziotto Bonkers D. Bobcat è in lizza per vincere il premio &quot;Poliziotto del mese&quot; e cerca i cattivi per punirli a suon di le ciambelle!. Dagli spaventosi inseguimenti in autostrada di Los Angeles ai labirinti da capogiro all'interno dello Studio Warehouse, Bankers conosce bene il suo lavoro su questo scherzo dei cartoni animati di Hollywood.
Boogerman - A Pick and Flick Adventure (USA)	Tuffati nel migliore tra i giochi d'azione, mentre nostro nneroe Boogerman cerca di liberare il mondo dal malvagio Booger meinster. . Più di 20 flatulenti livelli di azione, con mondi come le fosse, le montagne Mucose, le paludi flatulenti e altro ancora!nn. Gli attacchi comprendono i “gas infiammabili” il “Moccio Booger” e il potente “Scoreggione”. nn
Bottle Taps Race (Europe) (Sega Reactor)	Bottle Taps Race è un gioco di corse sviluppato da Devworks Game Technology e pubblicato nel 2005. In questo gioco, i giocatori controllano tappi di bottiglia che corrono su vari percorsi. È stato progettato per la console Sega Genesis/Mega Drive e può essere giocato utilizzando i tasti freccia per muoversi e i tasti A, B e C per le azioni.
Boxing Legends of the Ring (USA)	Boxing Legends of the Ring ti consente di prendere il controllo di otto leggende del pugilato dei pesi medi, Roberto Duran, Tommy &quot;Hitman&quot; Duran, Jake &quot;Raging Bull&quot; La Motta, Rocky Graziano, &quot;Sugar&quot; Ray Robinson, &quot;Sugar&quot; Ray Leonard, &quot;Marveleous&quot; &quot;Marvin Hagler e James Toney. Puoi competere in modalità esibizione o giocare in modalità carriera e diventare il più grande di tutti i tempi.
Bram Stoker's Dracula (USA)	Dracula di Bram Stoker va dritto alla giugulare con un'azione agghiacciante così reale che non crederai ai tuoi occhi. Sperimenta sette livelli terrificanti, ciascuno diviso in giorno e notte, e tuffati in profondità nel film interattivo definitivo, completo di incredibile grafica a 16 bit e audio eccezionale che danno vita alle fredde e oscure segrete di Castle Dracula, la brutale campagna transilvana e Londra del XIX secolo. Durante il giorno cercherai le armi combattendonnpipistrelli assetati di sangue e ragni velenosi. Poi, mentre il sole tramonta, il malvagio Principe delle Tenebre si alza e attacca come un pipistrello, un lupo feroce, anche da vecchio. Ma non commettere errori. . .deve essere fermato!
Brett Hull Hockey 95 (USA)	La grafica in motion-capture ha fatto la sua prima apparizione in una partita di hockey con questa licenza Brett Hull. Al Michaels fornisce un commento completo, mentre è inclusa anche una modalità che consente al giocatore di migliorare il proprio gioco con l'aiuto di Brett. Il gioco è visto in modo isometrico, con tutti i falli realistici e le situazioni di gioco incluse. Vengono fornite analisi e previsioni pre-partita complete, così come le statistiche post-partita.
Brian Lara Cricket (Europe)	Brian Lara Cricket '96 è una versione aggiornata di Brian Lara Cricket su SEGA Genesis. È fondamentalmente lo stesso gioco, con sprite e roster aggiornati. nnIl gioco prevede partite internazionali, partite della contea inglese (con 18 squadre) e 6 partite storiche classiche (dal 1960 al 1994). Sono disponibili anche la Coppa del Mondo (con 12 squadre nazionali) e una serie di test. Il gioco include anche un editor di squadra, batteria di riserva e modalità multiplayer da uno a quattro.
Brian Lara Cricket 96 (Europe)	Brian Lara Cricket '96 (noto anche come Lara '96 e Shane Warne Cricket in Australia e Nuova Zelanda) è il seguito di Brian Lara Cricket e il secondo gioco della serie di videogiochi di cricket approvata da Brian Lara. Lo stile e il metodo di gioco sono quasi identici alle versioni precedenti del gioco. Lara '96 presentava i nomi dei giocatori e le statistiche aggiornate della stagione di cricket 1997. Notevoli funzionalità aggiuntive includono la possibilità di giocare come lati della contea inglese e un editor di giocatori. Lara '96 utilizza la stessa grafica pseudo-3D utilizzata nel suo predecessore, ma le animazioni e gli sprite sono stati aggiornati.
Brutal - Paws of Fury (USA)	In tutto il mondo furono consegnate le inoiatine. Sotto l'occhio vigile del grande maestro Dall Llama, i più grandi artisti di maial del mondo sarebbero tornati in un luogo che conoscevano bene... Brutal Island. Ciascuno userànnle loro arti marziali mentali e fisiche unichennstile e formazione, In un torneo per dimostrare ilnnun vero campione del mondo. Bnnrutal, Paws of Fury è un gioco brillantemente reso dinncombattimento umoristico in stile cartone animato, che combina profondità, filosofia e attenzione al nonnHo trovato in qualsiasi altro gioco di combattimento. Vai avanti e scatena l'animale, è im o ger B l Con:nn• Ripetizione dell'azionenn• Un sacco di mosse specialinn• Un sistema di apprendimento uniconn• Mosse extra disponibili per le cinture più alte
Bubba 'N' Stix (USA)	Bubba e il suo compagno Stix sono una coppia interessante, Bubba è un spensierato fattorino di animali per lo zoo locale qui sulla Terra. Un giorno, mentre svolge la sua routine quotidiana, Bubba viene rapito da un alieno che ha intenzione di consegnarlo insieme a molti altri alieni nel loro zoo. Sulla via del ritorno al suo pianeta natale, l'astronave aliena perde il controllo e si schianta, Bubba, gli altri alieni e Stix (un ramoscello senziente come un alieno) riescono a fuggire. Bubba e Stix diventano amici e iniziano il loro viaggio verso casa, ora sono su un pianeta alieno, le cose sono un po' diverse da come sono sulla Terra. Prendi il controllo di Bubba mentre brandisce Stix come vari strumenti per la risoluzione di enigmi (compresa un'arma), mentre cercano di trovare un modo per tornare a casa. Dovrai risolvere enigmi da capogiro e combattere tutti i tipi di alieni stravaganti se hai intenzione di tornare sulla Terra, quindi dovrai avere riflessi veloci ed essere in grado di pensare velocemente e talvolta di traverso.
Bubble and Squeak (USA)	Bubble and Squeak inizia in modo simile a molti altri giochi di piattaforma. Controllando un bambino calvo, ti muovi attraverso una serie di sporgenze a scorrimento, evitando il contatto con i cattivi che rilasciano monete quando vengono colpiti. Ci sono anche aree nascoste da trovare. A metà del primo dei 30 livelli, incontri Squeak e inizia la piena natura del gioco. Squeak è un alieno blu, che deve anche essere guidato attraverso i livelli. Dato che non può saltare più in alto di te, a volte deve essere istruito ad aspettare mentre premi un interruttore o altrimenti risolvi il puzzle su come guidarlo. Se ti trovi sopra Squeak puoi essere lanciato in un salto extra-alto.
Bubsy II (USA, Europe)	Bubby è tornato! Dopo aver sconfitto i malvagi Woolies nel primo gioco, Bubsy, il coraggioso gatto selvatico, deve partecipare a un'avventura ancora più pericolosa: esplorare una misteriosa dimora iperdimensionale, all'interno della quale ci sono portali che conducono a diverse aree in luoghi diversi e volte. nnAnalogamente ai giochi di Sonic, Bubsy si muove molto velocemente e può anche saltare molto in alto. Bubsy uccide i nemici saltando sulle loro teste. I livelli sono grandi e si può accedere fin dall'inizio del gioco (tranne il livello finale), a partire dall'ala ovest o est. Esistono cinque tipi di livelli regolari: piramide egizia, ambiente spaziale fantascientifico, un mondo pieno di strumenti musicali e note, un livello &quot;verde&quot; con alberi e colline e un gruppo di livelli a scorrimento laterale in cui Bubsy deve navigare in aereo.
Bubsy in - Claws Encounters of the Furred Kind (USA, Europe)	In questo gioco d'azione a 15 livelli il giocatore è Bubsy la lince rossa, che deve sconfiggere gli alieni Woolies, che rubano gomitoli di lana. Ci sono cinque luoghi diversi come giungla, selvaggio west, ecc., dove il giocatore deve saltare e atterrare sui propri nemici per ucciderli. Ogni volta per finire il livello il giocatore deve sconfiggere il boss, che siede su una nave aliena.
Buck Rogers - Countdown to Doomsday (USA, Europe)	È l'anno 2456. nnL'umanità si è diffusa sui pianeti terraformati e sui satelliti del sistema solare. Le colonie vanno alla deriva attraverso le regioni superiori delle nubi di gas di Giove e le città sono state scavate dagli asteroidi. Marte, la sede del potere tra i mondi interiori, ospita un potente e dispotico mercantile russo-americano (RAM). Il suo obiettivo: la schiavitù del sistema solare. nnMa che dire della Terra?nnnnLa casa ancestrale dell'umanità ora lotta per superare la devistazione della guerra e dell'inquinamento. Tutta la speranza per un ritorno al suo antico splendore risiede in un'audace banda di ribelli, la New Earth Organization (NEO) guidata da Buck Rogers. nnOra tu e i membri della tua squadra potete unirvi a Buck e ai suoi alleati per liberare il sistema solare dalla tirannia di RAM!
Budokan - The Martial Spirit (Europe)	Budokan è un gioco di arti marziali che copre Karate (combattimento a mani nude), Kendo (usando una spada di legno), Nunchaku (usando armi a catena perforanti) e Bo (usando un bastone). Il giocatore ha una gamma realistica di mosse e deve usarle con saggezza, poiché il Ki (forza vitale) viene drenato per ogni mossa fatta, che sia riuscita o meno, e sia questo che il tuo livello di resistenza devono essere mantenuti alti. nnPuoi esercitare le tue abilità da solo o combattere contro gli istruttori o i tuoi amici. Infine, quando ti senti pronto, puoi recarti al torneo del campionato mondiale di arti marziali al Budokan.
Bugs Bunny in Double Trouble (USA)	Il gioco è basato sui film dei cartoni animati Looney Tunes. Bugs Bunny si addormenta e nel suo sogno vede Yosemite Sam sviluppare un robot chiamato Gossamer. Il robot disobbedisce ai comandi del suo padrone e perde il controllo. Ora Bugs Bunny deve entrare nel mondo televisivo e correggere le cose, riportando ordine nelle vite degli abitanti dei Looney Tunes. nnIl gioco consiste in diversi livelli basati su piattaforma, ognuno con un obiettivo diverso (guidare un altro personaggio in un posto sicuro, sconfiggere un grosso mostro, ecc.) Bugs Bunny può saltare e correre velocemente, oltre a raccogliere oggetti e lanciarli contro nemici.
Bulls versus Blazers and the NBA Playoffs (USA, Europe)	Un altro aggiornamento nella serie di basket di Electronic Arts, questa volta con le squadre e i giocatori dei playoff NBA del 1992 più gli East e West All-Stars. nnLe caratteristiche invariate rispetto ai giochi precedenti includono statistiche dettagliate, replay istantaneo, sostituzioni, misuratore di tiro libero e mosse caratteristiche, alcune delle quali sono nuove. nnUn'esclusiva della versione Genesis è la possibilità di creare le proprie squadre All-Star e di chiamare le giocate difensive.
Bulls vs Lakers and the NBA Playoffs (USA, Europe)	Il sequel del classico titolo di basket di EA Sports Lakers vs. Celtics. Il gameplay principale dell'originale è integrato con una varietà di nuove funzionalità, tra cui:nnnn1. Tutte le 16 squadre dei playoff NBA del 1991 (rispetto alle 8 di Lakers contro Celtics) più le squadre All-Star dell'Est e dell'Ovest, più i campi con loghi/colori ufficiali delle squadre. Statistiche di gioco del giocatore aggiornate mentre il gioco è in corso.Una modalità Replay istantaneo.Nuove &quot;mosse caratteristiche&quot; per i fuoriclasse.Difesa e controlli di passaggio migliorati e un misuratore di tiro falloso. Le opzioni multiplayer includono modalità cooperative e testa a testa.
Burning Force (World) (Evercade)	In questo gioco interpreti il ruolo di Hiromo, una ragazza dai capelli blu che vaga per i cieli sulla sua fidata moto d'aria rossa. Un giorno, durante una pattuglia di routine, ha scoperto che gli alieni hanno attaccato la Terra. Ovviamente, spetta alla nostra eroina intraprendere una missione da solista, volando sulla sua moto d'aria intorno alla Terra, combattendo nemici e boss regolari e, infine, salvando il pianeta. nnQuesto è uno sparatutto a scorrimento pseudo-3D simile a Space Harrier. Il gioco è visto da una prospettiva dietro il personaggio. Puoi usare attacchi di fuoco regolari o colpi super potenti limitati che fanno grandi danni.
Cadash (USA, Korea) (En)	Ci sono guai nel regno di Dilsarl: la giovane e bella principessa Salasa è stata rapita dal malvagio arcimago Balrog! Il re cerca aiuto dai quattro migliori guerrieri del paese. Il tuo compito è chiaro, ma non così semplice: trova Balrog, distruggi i suoi malvagi servi e altri mostri che cercano di fermarti e salva la principessa! Questo è un gioco di ruolo su piattaforma. Scegli una delle quattro classi di personaggi all'inizio del gioco: combattente, sacerdotessa, mago o ninja. Combatti attraverso i sotterranei, attaccando fisicamente o lanciando incantesimi (come sacerdotessa o mago). Come nei normali giochi di piattaforma, ci sono posti in cui dovresti saltare, abbassarti o arrampicarti. Acquisisci esperienza sconfiggendo i mostri e il tuo livello aumenta come un vero gioco di ruolo.
Caesars Palace (USA)	CAESARS PALACE estende il tuo dollaro di intrattenimento fino in fondo con più azione di gioco da casinò che mai disponibile per la Genesi! Con oltre 11 giochi tra cui scegliere, sperimenterai l'adrenalinica eccitazione dei giochi da casinò nel famoso CAESARS PALACE senza uscire di casa. Tavoli VIP speciali solo su invito: guadagna un sacco di soldi e potresti essere invitato a giocare con i grandi. Acquisti one-stop agli sportelli automatici: preleva denaro, tieni traccia delle tue vincite e gioca al gratta e vinci in uno qualsiasi degli sportelli automatici sparsi per il casinò. Casinò reale da esplorare: percorri le scale mobili ed esamina il casinò per trovare il tavolo o la macchina giusta. Funzione password: salva i tuoi guadagni precedenti per un uso futuro con questa speciale funzione password.
Cal Ripken Jr. Baseball (USA)	Cal Ripken Jr. Il giocatore più prezioso dell'American League del 1991. Uno dei soli venti giocatori della Major League Baseball ad essere MVP due volte. Un &quot;uomo di ferro&quot; nelle major, giocando in oltre 1.600 partite consecutive. Quando Cal gioca, gioca per davvero! Cal Ripken Jr. Baseball porta a casa quel realismo. Avrai un'animazione senza pari, una logica strategica accurata e giocatori che rispondono a situazioni di gioco reali. Ottieni anche funzionalità completamente nuove e all-star che non troverai da nessun'altra parte: scegli il tuo campo di casa a cupola, tradizionale all'aperto o uno su misura per i battitori potenti. Gioca su erba naturale o erba artificiale e ottieni effetti di gioco accurati.
Caliber.50 (USA)	Interpreti nei panni del Capitano Addis, un ex ufficiale dell'esercito americano durante la guerra del Vietnam. Ora, vent'anni dopo la guerra, sei inviato in missione per seguire le tracce di Ho Chi Minh e salvare gli aviatori americani che sono stati lasciati indietro. nnIn questo gioco d'azione, navighi con il tuo personaggio in una visuale dall'alto verso il basso e spari continuamente ai nemici, girandolo in direzioni diverse, poiché non sempre è rivolto nella direzione in cui si sta muovendo. Puoi ad esempio camminare all'indietro, sparando al nemici che ti perseguitano. I nemici includono non solo vari tipi di uomini armati, armati di fucili, lanciafiamme o lanciagranate, ma anche carri armati ed elicotteri. Puoi far saltare le casse aperte per trovare munizioni e rifornimenti. Anche i nemici sconfitti ti lasciano degli oggetti.
California Games (USA, Europe)	Fare surf. andare sullo skateboard, foot bag e motocross con la bicicletta alcuni degli sport più primitivi che ci sono e che possono essere goduti al loro meglio sotto il caldo sole della California. Esercitatevi su uno sport qualsiasi o entrate direttamente in gara.
Canhao (Brazil) (Mega Drive 4)	Gioco sparatutto esclusivo per Mega Drive (Genesis) che non è uscito su supporto fisico ma solo nella memoria di alcune console, soprattutto in Brasile. Puoi giocare da solo contro la console o sfidare un amico in una partita a due giocatori. Premi il pulsante A, B o C una volta per impostare la mira della pistola, quindi di nuovo per impostare la forza e sparare un proiettile. La freccia al centro dello schermo indica la direzione e l'intensità del vento, attenzione perché potrebbe cambiare la traiettoria della palla. Se sei fortunato, potresti non avere il vento da temere.
Cannon Fodder (World) (Evercade)	Guida una squadra di un massimo di quattro soldati attraverso 72 livelli di combattimento in questo innovativo ibrido di azione/strategia dall'alto verso il basso, meglio pensato come Lemmings incrociato con Commando incrociato con Dune 2. I personaggi sono controllati indirettamente usando il mouse, mentre li attivi soldato o un gruppo di loro evidenziandoli, fai clic sul pulsante sinistro per spostarli in un punto particolare e sul pulsante destro per farli sparare contro un nemico. Puoi anche raccogliere granate, che possono essere usate per distruggere gruppi di nemici o edifici (premendo entrambi i pulsanti contemporaneamente).
Captain America and the Avengers (USA)	Vendicatori ascoltate. E' Capitan America che vi parla! Teschio Rosso si sta servendo dei criminali più potenti del mondo per terrorizzare la Terra! E quel che è peggio, questo non è che un diversivo tattico per sviare la nostra attenzione mentre finisce di costruire un gigantesco cannone laser sulla Luna, Iron man, Falco, Visione... Tocca a noi fermarli!
Captain Planet and the Planeteers (Europe)	I bambini cresciuti nei primi anni '90 erano preoccupati per l'imminente disastro ambientale. I popolari cartoni animati di Captain Planet dicevano loro che erano condannati, a meno che un supereroe non potesse essere formato da un gruppo multinazionale di giovani (i Planeteers del titolo), per affrontare gli inquinatori e i disboscatori. Ciascuno dei cinque livelli di questo gioco platform ha una missione e un boss specifici ed è intrapreso da un Planeteer specifico. Si tratta di distruggere i pericoli, sparare ai nemici, spostarsi su pali sospesi e saltare su sporgenze.
Castle of Illusion Starring Mickey Mouse (USA, Europe)	La caccia è iniziata! Topolino è sulle tracce di una malvagia strega chiamata Mizrabel, che ha sequestrato Minnie. Topolino deve trovare sette gemme per salvare Minnie. Saltate, lanciatevi e rimbalzate con Topolino, lanciate mele e palle ai nemici. Quindi preparatevi a sfidare il più pericoloso avversario, la strega Mizrabel in persona!
Castlevania - Bloodlines (USA)	Un incubo a 6 livelli, che fa rabbrividire la spina dorsale e congelare il sangue, dove si dovrà cercare di impedire che la vampira Contessa Bartley riesca a far risuscitare il padrone di tutti i mali - il Conte Dracula.
Cavalos & Peoes (Brazil) (Mega Drive 4)	Nel gioco Horses & Pawns, il giocatore controlla un cavallo e deve catturare tutte le pedine. Il movimento e la cattura avvengono come in una partita a scacchi. Il cavallo si muove percorrendo 2 caselle in una direzione e 1 nell'altra (direzione verticale e orizzontale). Per catturare, il cavallo deve solo cadere nella stessa casa di un pedone. Ogni volta che il cavallo gioca, i pedoni camminano avanti di una casa. Se un pedone riesce a lasciare il tabellone, il giocatore perde la partita. Se li cattura tutti, ottiene 1 punto e passa alla sfida successiva!nnGioco da tavolo (variante scacchi). Il gioco non è stato venduto su supporto fisico, ma rilasciato solo in memoria di alcuni modelli di console Mega Drive venduti in Brasile, come il Sega TecToy Super Mega Drive 3 con 71 giochi in memoria. Gioco pubblicato esclusivamente su Mega Drive.
Centurion - Defender of Rome (USA, Europe)	Guida la più grande invasione di tutti i tempi! Conquista la terra, governa il mare e costruisci un potente impero romano. Ascolta le spade che si scontrano e gli elefanti barrire mentre fai la guerra in battaglie in tempo reale che controlli. Affronta il mondo in questa avventura cinematografica per diventare il sovrano assoluto di Roma. Conquista, invade e saccheggia con la forza pura o la diplomazia spietata. Colpisci lo scafo del nemico, lancia frecce e catapulta il fuoco in battaglie navali in tempo reale. Vinci gare colossali. Frusta i tuoi avversari e distruggi i loro carri. Tu controlli l'attacco: carica e guida un cuneo attraverso le orde barbariche. Non ci sono mai due battaglie uguali.
Chakan (USA, Europe)	Scatenate le spade gemelle di Chakan, affiliate come rasoi e l'arcana scienza dell'alchimia sui mostri delle tenebre. Chakan, l'anima sempre errante, per trovare la pace deve sconfiggere il male soprannaturale fino all'ultima traccia rimasta.
Champions World Class Soccer (World) (En,Fr,De,Es)	Questo gioco di calcio offre 32 squadre nazionali da giocare, senza i nomi dei giocatori mostrati. Mostrato da una prospettiva laterale in terza persona leggermente inclinata, i giocatori possono fare un match di esibizione, un torneo completo o affrontare un giocatore umano nella modalità di esibizione a 2 giocatori. Le diverse squadre sono classificate in base a velocità, attacco e difesa e possono essere selezionate diverse formazioni di squadra. Il gameplay è molto semplice: i giocatori possono passare, tirare, affrontare con un terzo pulsante utilizzato per passare da un giocatore all'altro. Nel menu delle opzioni, i falli e il fuorigioco possono essere disabilitati, è possibile determinare la quantità di tempo per metà e c'è un radar e una minimappa per tracciare gli altri giocatori. L'edizione europea è approvata da Ryan Giggs e il gioco utilizza un sistema di password per continuare i tornei.
Championship Bowling (USA)	Championship Bowling è un gioco di bowling standard per uno o due giocatori e l'unico disponibile per Genesis. Il giocatore sceglie uno dei quattro diversi giocatori di bowling e la palla che vuole usare, quindi si dirige verso le corsie. Il giocatore controlla il lancio, la rotazione e la potenza fermando le barre al momento giusto. Il gioco include tre diverse modalità di gioco: bowling standard; modalità di riserva, in cui vengono posizionati una manciata di birilli con l'obiettivo di raccogliere un ricambio; e modalità bonus, in cui pin specifici valgono diverse quantità di punti. Ogni modalità può essere giocata contro il computer o contro un amico e sono disponibili tre diversi tipi di corsia. C'è anche una modalità pratica per ciascuno dei tipi di gioco.
Championship Pool (USA)	Ecco un altro gioco di biliardo da giocare contro i tuoi amici - senza trucchi - con riff rock 'n' roll che ti ballano sui timpani. Tutte le emozioni di uno dei giochi più amati al mondo sono tue quando vuoi e non dovrai mai aspettare un tavolo. Championship Pool ti offre tutta l'emozione del puro gioco del biliardo, con caratteristiche uniche che non puoi trovare in nessun altro prodotto di biliardo elettronico. E questo gioco di biliardo è ufficialmente approvato dal Billiard Congress of America. Tuffati contro la console o sfida fino a 7 avversari umani usando l'opzione Party Pool. Pensi di essere uno squalo? Prova la modalità Torneo, dove solo i migliori giocatori si qualificano per il torneo del campionato mondiale. Gioca a 8 palline, 9 palline o più di 15 giochi diversi!
Championship Pro-Am (USA)	E la leggenda continua... Se stai cercando gare veloci e furiose, CHAMPIONSHIP PRO-AMTM è il gioco che fa per te!nnSterza e strilla attraverso 24 entusiasmanti livelli di sfide di corse. Le piste si fanno feroci quando l'acqua, le chiazze d'olio, i muri pop-up e 5 cattivi concorrenti cercano di farti entrare. Scegli i componenti aggiuntivi TURBO, TOP SPEED e STICKY TIRE per darti quel vantaggio in più. E se sei un vero tiratore scelto, ci sono MISSILI e BOMBE per aiutare anche le probabilità. Raccogli LETTERE BONUS per migliorare ulteriormente la tua razza. Sei abbastanza abile per accumulare punti, trofei e record di pista necessari per essere un pilota CHAMPIONSHIP PRO-AM™?
Chaos Engine 2, The (Europe) (Proto)	The Chaos Engine 2 è un videogioco di The Bitmap Brothers e il sequel di The Chaos Engine (noto come Soldiers of Fortune in Nord America). È stato rilasciato per Commodore Amiga nel 1996, anche se una volta era previsto per il rilascio per Sega Mega Drive prima che questa versione fosse cancellata. Il Chaos Engine 2 è un gioco d'azione top-down come il suo predecessore, ma questa volta è sempre un gioco a due giocatori a schermo diviso (con il computer che assume il ruolo di giocatore 2 se necessario). I personaggi &quot;Thug&quot; e &quot;Preacher&quot; sono stati tagliati per questo sequel.
Chase H.Q. II (USA)	Simile a Chase H.Q. per certi versi: stesso gameplay, stesso numero di livelli e stesso obiettivo. Se non hai mai sentito parlare di questo gioco, fondamentalmente guidi su un'autostrada cercando di raggiungere cinque criminali che hanno commesso crimini, ma il tempo è contro di te. Se raggiungi il veicolo del criminale, puoi sbatterci contro per fare qualche danno. Se fai abbastanza danni, l'auto si guasta e arresti il sospetto. Puoi anche utilizzare fino a tre turbo booster forniti con l'auto se sei molto indietro rispetto al sospetto.
Cheese Cat-Astrophe Starring Speedy Gonzales (Europe) (En,Fr,De,Es)	Hola! L'alter ego di Sylvester, il dottor Cheesefinger, ha catturato la ragazza di Speedy, Carmel, e ha portato con sé l'intera scorta di formaggio. Con l'aiuto di altri personaggi di Looney Tunes, puoi combattere attraverso un gran numero di livelli della piattaforma. nnSpeedy può lanciare il suo cappello o saltare i nemici per sconfiggerli. Per ottenere un alleato, devi raccogliere determinati oggetti (ad esempio le carote per Bugs Bunny) e nel frattempo devi anche liberare i tuoi amici catturati. Sì, caramba!
Chessmaster, The (USA) (Sega Channel)	The Chessmaster per Sega Mega Drive è un gioco di scacchi sviluppato da Mindscape. Questo gioco è stato rilasciato esclusivamente tramite il servizio Sega Channel in Nord America, il che significa che non esistono versioni fisiche del gioco disponibili nei negozi. È un gioco di scacchi virtuale che offre una sfida per gli appassionati di scacchi, con diverse modalità di gioco e livelli di difficoltà1.
Chester Cheetah - Too Cool to Fool (USA)	Mettiti nelle sue zampe. Sei un bel gatto. Quindi, vorresti essere trattato così. Ma no! Sei bloccato in uno zoo senza niente da fare. Il cattivo Eugene, il malvagio guardiano dello zoo ha pianificato una brutta scena. Vuole inchiodarti la coda senza fallo. Quindi, ti ruba le ruote per rinfrescarti i talloni. Poi nasconde le parti nello zoo solo per ingannarti. E questo è solo l'inizio del modo di vincere di Eugene. Ma stai calmo e puoi governare. Trova la tua bici e puoi andare dove vuoi. La regola è bella. Ricorda che un bel gatto è solo... TROPPO FICO PER FALLIREnn
Chester Cheetah - Wild Wild Quest (USA)	È uno sballo essere in movimento. Ma, se sei Chester Cheetah,nn&quot;il freddo è la pillola&quot;. Quindi, quando vieni avvistato a &quot;Not-So-Great Falls, Montana&quot;, &quot;Unclear¬water, Florida&quot; e &quot;Little Shock Arkansas&quot; segui la &quot;legge della zampa&quot; e corri per il divertimento. Peccato, queste città non riescono a individuare un gatto che sa dove si trova. Vogliono buttarti giù nella loro città. Ora, segui i tuoi piedi e scendi in strada. È bello fare le regole. &quot;Wild, Wild Quest offre una piattaforma di avventura da 8 Mega e 16 bit. Personaggi fantastici e grafica in stile selvaggio rendono questo viaggio un &quot;Wild, Wild Quest™&quot; dei migliori! Per un giocatore.
Chi Chi's Pro Challenge Golf (USA)	Chi Chi's Pro Challenge Golf è un gioco di golf con Juan &quot;Chi Chi&quot; Rodriguez. Ha opzioni che consentono partite, colpi e tornei. Il giocatore può anche scegliere di giocare contro diversi livelli di avversari, le cui abilità sono misurate sulle capacità di piazzamento, approccio e controllo di quell'avversario. nnIl gioco consente al giocatore di scegliere se giocare su un campo da golf americano o giapponese. Una volta sul campo, il giocatore deve scegliere quale mazza da golf usare, dove entrare in contatto con la palla e dove mirare nella direzione in cui vuole che vada la palla. Una volta deciso, il giocatore riempie un misuratore di oscillazione e colpisce la palla cercando di farla entrare in buca.
Chibi Maruko-chan - Wakuwaku Shopping (Japan)	È tempo di vacanze per Maruko e le sue amiche. Hanawa, l'uomo delle donne con genitori ricchi, invita Maruko e Tamae su un'isola a sud per rilassarsi, e dopo aver completato il gruppo, Maruo si intromette e arriva anche lui. Dal momento che stanno andando a prendere souvenir e cose del genere mentre sono lì, decidono di fare un gioco e vedere chi è il più bravo a fare shopping!
Chiki Chiki Boys (USA, Europe)	Questa avventura basata su piattaforma è stata convertita da un gioco arcade Capcom e ambientata nella terra di Alurea. La vita idilliaca del popolo alureano è andata in frantumi quando il re viene ucciso da un drago e una serie di cattivi abita le terre. Fortunatamente i suoi figli gemelli sono venuti in soccorso e devi prendere il controllo dell'uno o dell'altro per rimettere a posto il mondo.
Chou Kyuukai Miracle Nine (Japan)	Chokyukai Miracle Nine è un frenetico gioco di baseball in stile arcade simile alla serie Power Pro di Konami. Il gioco ha uno stile visivo superdeformato da cartone animato molto simile al titolo di Konami e dispone anche di una licenza NPB ufficiale, il che significa che include tutte le 12 squadre della Central e Pacific League e i roster completi dei giocatori della stagione 1995. nnIl gioco offre una modalità &quot;Pennant&quot; per l'intera stagione, nonché partite All-Star ed Exhibition per uno o due giocatori. Puoi anche scegliere di guardare il computer controllare entrambe le squadre. Il gioco consente anche un gioco semplificato per giocatore, così come partite più brevi con un minimo di tre inning.
Chuck Rock (USA)	Chuck Rock sul Megadrive è un gioco di piattaforma. Il giocatore conduce un uomo preistorico di nome Chuck, alla ricerca della moglie fatta prigioniera da Garry Gritter. Per difendersi, l'eroe può prendere a pugni la pancia o lanciare pietre ai nemici. Può anche salirci sopra per raggiungere zone inaccessibili.
Chuck Rock II - Son of Chuck (USA)	A diciotto mesi dalla vittoria su Gary Gritter, Chuck Rock è il proprietario della &quot;Chuck Motors&quot;, una fabbrica di grande successo, ed è diventato papà. nnBrick Jagger, il suo terribile nemico, ha rapito Chuck Rock che rischia di essere tolto definitivamente dalla circolazione se qualcuno non lo nnsalverà .... Improvvisamente si sente un forte rumore... è Chuck Junior che è riuscito ad uscire dal box...&quot;Goo Goo Gaa Gaa, torno subito!&quot;. nn
Classic Collection (Europe)	Una raccolta di quattro giochi su una singola cartuccia, selezionabili da un menu di gioco. I giochi inclusi sono: nn1. Alex Kidd in the Enchanted Castlenn2. Altered Beastnn3. Flickynn4. Gunstar Heroes
ClayFighter (USA)	Pubblico rispettabile, il più grande spettacolo circense sta per iniziare!!!nnUna misteriosa meteora d'argilla si è schiantata su un circo abbandonato facendo rivivere alcune delle sue principali attrazioni del passato. Ora tutte queste creature vogliono prendere il posto del Re del Circo. Il problema è: c'è un solo trono!!!nnDivertiti con Bad Mr. Frosty, Taffy, Bonker, Helga, Ickybod Clay, Blob, Tiny e Blue Suede Goo in uno scontro corpo a corpo che si concluderà con un solo vincitore. Fai baciare per terra il tuo avversario, altrimenti assaggerai l'argilla... 16 mega con una grafica senza precedenti. Combattimenti esilaranti per 1 o 2 giocatori. Personaggi animati con suoni e voci digitalizzati. Otto simpatici combattenti che regaleranno le più grandi emozioni del circo.
Cliffhanger (USA)	Basato sul film d'azione e avventura da brivido con protagonista Sylvester Stallone, CLIFFHANGER&quot;M ti sfida ad affrontare valanghe tonanti, scogliere ghiacciate e le vette da capogiro delle Montagne Rocciose mentre combatti un feroce gruppo di fuggitivi ben armati ed estremamente pericolosi . Resisti per la vita grazie a sette entusiasmanti livelli che richiedono tutta la tua forza e abilità solo per sopravvivere. Sperimenta nuove forme di gioco selvagge come l'arrampicata in montagna e l'esplorazione di grotte, insieme a tutta l'eccitazione di incredibili maninne azione di combattimento armato. L'avventura non è finita finché non trovi $ 100 milioni di bottino rubato, sconfiggi i fuggitivi e ti riunisci connni tuoi amici.
Clue (USA)	Oltre a giocare secondo le regole originali, Clue ha una modalità aggiuntiva che consente il movimento tramite &quot;punti&quot;. Ogni turno inizia con nove punti e ogni azione che il giocatore compie costa punti. Il giocatore può fare solo tante cose quanti sono i punti. Ad esempio, passare da un quadrato all'altro costa un punto, dare un suggerimento costa tre punti. Molti giocatori preferiscono questa modalità di gioco in quanto rende il gioco più equilibrato poiché ogni giocatore ottiene lo stesso numero di &quot;mosse&quot; ad ogni turno.
Coach K College Basketball (USA)	Mike Krzyzewski, l'allenatore a vita della squadra di basket della Duke University, sostiene questo spin-off con licenza NCAA dal motore NBA Live. Il gioco include 32 squadre NCAA (inclusi i Duke Blue Devils di K e i campioni NCAA del 1994 Arkansas Razorbacks), così come otto squadre classiche, ma la licenza non include i nomi dei giocatori.
College Football USA 96 (USA)	College Football USA 96 presenta l'azione della griglia dei ranghi del college con 108 squadre di Divisione 1-A complete di 45 roster per ogni squadra. Presenta le modalità di gioco standard tra cui Esibizione e Stagione insieme alla possibilità di giocare nei quattro principali giochi di bocce (Rose, Orange, Fiesta e Sugar) nel tentativo di vincere il campionato nazionale.
College Football USA 97 (USA)	Settembre è un periodo meraviglioso dell'anno in cui le foglie iniziano a cambiare, i bambini tornano a scuola e Natale è a pochi mesi di distanza, ma significa anche la stagione calcistica del college. Bene, ora puoi organizzare la tua stagione calcistica del college ogni volta che vuoi grazie a COLLEGE FOOTBALL USA '97. Scegli tra 111 squadre della Divisione I e scendi in campo per un po' di azione calcistica dura mentre cerchi di guidare la tua squadra al campionato nazionale. Ci sono otto diverse conferenze in cui puoi competere ACC, Big 12, Big East, SEC, WAC, Big 10, Conference USA e PAC 10 ciascuno con il proprio stile di gioco. Se non hai tempo per un programma completo, personalizza il tuo torneo con un massimo di 16 giocatori! Se sei pronto a guidare la tua squadra nella Terra Promessa del football universitario, allora metti le mani su COLLEGE FOOTBALL USA '97.
College Football's National Championship (USA)	Rilasciato all'incirca nello stesso periodo del Bill Walsh College Football 95, questo gioco di football americano era senza licenza e non presentava grandi nomi. Era considerato un clone di NFL Football '94 con protagonista Joe Montana, solo una versione aggiornata ma ora con squadre universitarie. È dotato di 32 potenze universitarie di quattro divisioni principali, che ti consentono di giocare a partite di esibizione o di competere in un torneo per ottenere un ranking n. 1, invece di competere in una stagione per ottenerlo. Ha anche la possibilità di giocarci su Team Player permettendoti di controllare quattro giocatori contemporaneamente.
College Football's National Championship II (USA)	Questo è il seguito del Campionato Nazionale di College Football con lo stesso identico motore di gioco di prima che è essenzialmente un clone di NFL Football con Joe Montana. nnHa ancora il set standard di modalità come Esibizione, Torneo e Stagione e roster aggiornati per le migliori scuole dell'epoca, che riflettono la stagione 1994. Ci sono 32 squadre con cinque aggiunte a questa versione (Wisconsin, North Carolina, Colorado State, Oregon e Washington State), tuttavia per aggiungere queste scuole sono state eliminate altre cinque che erano nel gioco precedente (San Diego State, Pitt, LSU , Arkansas e Houston). Tiene inoltre traccia di 19 diverse statistiche insieme a autentiche giocate offensive e difensive attribuite a ciascuna squadra.
College Slam (USA)	Part of the NBA Jam series of basketball games, College Slam allows you to choose from over 40 real college teams and take part in head-to-head games, tournament games, and season-long play. The gameplay is arcade-style two-on-two fast action featuring backboard shattering wild dunks, power-ups and other crazy moves. The game also features fight songs from all the available teams.
Columns (World) (Sega Ages)	Colums è liberamente derivato da Tetris, poiché implica la disposizione dei blocchi che cadono in modo tale da eliminarli. Tuttavia, nelle colonne sono gruppi di 3 blocchi della stessa dimensione ma di colore diverso, che devono essere disposti in sequenze di 3 o più, orizzontalmente, verticalmente o diagonalmente. Le sequenze di 4 o 5 contano per punti doppi o tripli e le sequenze diagonali ottengono il punteggio maggiore. Il vero trucco è impostare &quot;combo&quot;, in cui una linea fa cadere altri blocchi in modo da creare altre linee. nnOltre alla normale modalità di gioco, esiste anche una modalità 'flash', in cui lo scopo è semplicemente rimuovere un particolare blocco dalla base della pila di mattoni preformata. La difficoltà di questo può essere determinata aumentando il numero di righe complete già presenti.
Columns III (USA)	Terzo gioco della serie Columns. In questo caos rompicapo dal ritmo frenetico, il tuo obiettivo è disporre tre o più gioielli dello stesso colore orizzontalmente, verticalmente o diagonalmente per rimuoverli dallo schermo di gioco. Mentre i gioielli cadono, puoi cambiare l'ordine dei loro colori. Nelle modalità Arcade, Versus e Time Trial, puoi mettere alla prova le tue abilità contro un avversario, un orologio o un compito specifico come rimuovere un particolare gioiello. Le nuove funzionalità includono una barra in aumento che può essere utilizzata per infastidire gli avversari e oggetti magici che hanno un valore strategico per alterare il risultato a metà partita.
Combat Aces (USA) (Proto)	Gioco sparatutto indipendente in cui il giocatore deve eliminare diversi nemici a bordo del suo aereo. Annullato a causa del mancato lancio del modem Teleplay. Programmato da Chuck Peavey.
Combat Cars (USA, Europe)	Combat Cars è un gioco di corse in cui il giocatore non solo compete con altre auto, cercando di superarle, ma usa anche tutti i tipi di armi e gadget per danneggiare i propri avversari. All'inizio del gioco, il giocatore può scegliere uno degli otto personaggi disponibili. Ogni personaggio ha i propri punti di forza e di debolezza (velocità, manovrabilità dell'auto, ecc.), nonché armi uniche. Le armi includono una semplice pistola, punti di colla che possono lasciare per intrappolare altre auto, missili autoguidati e altro. Ci sono 24 diverse tracce disponibili nel gioco. Il giocatore deve completarli in modo lineare e, una volta esaurito il tempo, il gioco finisce.
Comix Zone (USA)	Entra nella Comix Zone ... Il primo fumetto veramente interattivo! Sulla scia degli eventi più strani, Sketch si ritrova intrappolato nelle pagine del suo ultimo fumetto fantasy; e la matita da disegno è ora nelle mani della sua creazione più machiavellica: Mortus. Fatti strada attraverso le diverse assi combattendo i nemici che Mortus disegna davanti ai tuoi occhi e fuggi dalla Comix Zone.
Congo - The Game (USA) (Proto)	Congo è un gioco che non è andato oltre la fase di prototipo in megadrive. Sarebbe il gioco che accompagnerà l'omonimo film americano diretto da Frank Marshall e uscito nel 1995.
Contra - Hard Corps (USA, Korea) (En)	Probotector è un gioco d'azione su Megadrive. Un terrorista ha sequestrato una cellula di Red Falcon (gli alieni più pericolosi che siano mai esistiti) e intende clonarli! Sta a te fermarlo e distruggere questa cella prima che sia troppo tardi. Giocabile da solo, o in due (in modalità cooperativa), Probotector ti offre di attraversare diversi livelli, eliminando il maggior numero di nemici possibile con le tue potenti armi da fuoco.
Cool Spot (USA)	NIENTE DA FARE! Gli amici &quot;giusti&quot; di Cool SPOT sono in prigione! nnCool SPOT venuto a salvare la situazione! Non è il momento di mettersi ad ammirare la bellezza d paesaggio, dell'animazioe del sonoro. Datti un mossa e preparati a giocare. nn
Cosmic Spacehead (USA, Europe) (En,Fr,De,Es)	Linus era atterrato su un lontano pianeta chiamato Terra, e tornò di nuovo a casa. Il problema è che nessuno crede alla sua storia del pianeta che ha scoperto! Il tuo compito è aiutare Linus a tornare sul pianeta Terra in modo che possa scattare alcune foto per convincere i suoi amici. Il gioco è composto da due parti, un'avventura e un'azione arcade. Nella modalità avventura puoi esplorare terre, trovare oggetti e parlare con le persone. Le frasi possono essere costruite utilizzando il puntatore per selezionare azioni o oggetti sullo schermo (questo è simile all'interfaccia LucasArts utilizzata in giochi come Maniac Mansion.)
Crack Down (USA)	Crack Down è un gioco d'azione a tempo limitato. I due eroi, Ben e Andy, devono superare i livelli il più rapidamente possibile posizionando bombe sui segni X sparsi per i livelli. Sebbene i livelli siano pesantemente difesi, il giocatore ha una serie di armi tra cui un cannone, una mitragliatrice e superbomb. Il gioco può essere giocato sia per uno che per due giocatori.
Crayon Shin-chan - Arashi o Yobu Enji (Japan)	Shinnosuke Nohara, 5 anni, è l'epitome dei bambini rumorosi: rumoroso e inappropriato, esasperante per i suoi genitori e esilarante per gli spettatori. Shin-chan è sempre nei guai con i suoi genitori e dice cose bizzarre o offensive a tutti quelli che incontra. Ogni tanto, però, cercherà di fare ciò che sua madre vuole che faccia, ma il più delle volte fraintenderà e semplicemente confonderà ulteriormente i suoi genitori.
CrossFire (USA)	Fai volare un elicottero in un territorio ostile per salvare gli ostaggi e guadagnare un po' di soldi. I luoghi in cui il giocatore può scegliere di volare sono Guatemara (in inglese per il Guatemala), Cuba e Panama. Le missioni sono suddivise in tre parti diverse. La prima parte prevede il pilotaggio di un elicottero che elimina vari nemici. La seconda parte vede il giocatore che pilota un super elicottero nella base nemica. La terza parte vede il giocatore prendere il controllo di un soldato a terra che elimina i nemici nella base. Mentre è a terra, il giocatore può chiamare aiuto dall'elicottero solo per un numero limitato di volte. Inoltre, mentre è a terra, il giocatore può salvare gli ostaggi.
Crue Ball - Heavy Metal Pinball (USA, Europe)	Crüe Ball è un gioco di flipper basato sul supergruppo glam-rock Motley Crüe. Il gioco presenta interpretazioni in stile Genesis delle canzoni &quot;Live Wire&quot;, &quot;Dr. Feelgood&quot; e &quot;Home Sweet Home&quot;. nnIl tavolo da flipper principale è alto tre schermi. L'obiettivo del gioco è eliminare determinati bersagli nelle due schermate inferiori per accedere alla schermata superiore. Una volta che hai portato la palla nello schermo superiore, puoi colpire una rampa per passare al livello successivo. Tutto sommato, ci sono nove livelli, ognuno con diversi obiettivi da completare. nnQuattro giocatori possono giocare in un round, con ogni giocatore a turno. C'è anche un gioco bonus in cui giochi a pong contro strani scheletri che esplodono.
Crusader of Centy (USA)	Combatti il ​​male dall'alba dei tempi Molto tempo fa, prima che l'uomo camminasse sulla Terra, esistevano creature immonde che sopravvivevano nelle ombre e nell'oscurità che permeavano la superficie terrestre. Alla fine, la luce scese dal cielo e le creature che avevano vissuto nell'oscurità per migliaia di anni non furono in grado di sopravvivere. Alcuni riuscirono a trovare rifugio dalla luce in profonde caverne oscure che si estendevano verso il centro della Terra. Lì si sono moltiplicati, si sono evoluti e hanno aspettato il giorno in cui avrebbero potuto tornare sulla superficie terrestre e governare ancora una volta.
Crystal's Pony Tale (USA)	In questo gioco, interpreti il ​​ruolo del Crystal Pony. Un giorno, i suoi amici pony decidono di fare una festa in un castello vicino. Ma una strega malvagia ha catturato e imprigionato tutti i pony. L'unico pony ancora libero è Crystal Pony. Ora deve esplorare attentamente i dintorni, trovare gemme sparse in vari luoghi e usarle nei luoghi in cui vengono catturati i pony per liberarli.
Curse (Japan) (En)	Curse è un semplice sparatutto a scorrimento orizzontale, uno dei primi rilasciati per il Megadrive, in cui si pilota un aereo da caccia spaziale attraverso ambienti mortali, come una giungla mutata, una città in rovina e un vulcano sotterraneo. Il gioco prevede cinque livelli e in diversi punti di ogni livello appare un nemico boss più grande che deve essere distrutto per continuare.
Cutie Suzuki no Ringside Angel (Japan)	La bella ragazza numero 1 del mondo del wrestling professionale Cutie Suzuki appare nel mega drive in tutta la sua bellezza!nnIl primo gioco wrestling su vasta scala di Mega Drive con una varietà di tecniche e personaggi unici.
CutThroat Island (USA, Europe)	In questo gioco interpreti il ruolo di una donna pirata chiamata Morgan a cui suo padre ha dato un pezzo di una mappa prima di morire. Nel gioco hai deciso di trovare più pezzi della mappa in modo da poter trovare il tesoro nascosto sepolto sull'isola di Tagliagole. Il gameplay prevede lo scorrimento lungo lo schermo e pirati che combattono con la spada e altri furfanti uno contro uno con vari attacchi diversi. Man mano che avanzi sblocchi più combo. Questo gioco è basato sull'omonimo film.
Cyber Police - ESWAT (Japan) (En)	ESWAT è la forza da combattimento più efficiente che esista! ESWAT significa: armi e tattiche speciali migliorate! Dovete affrontare il malvagio E.Y.E., un'orda di terroristi spietati assetata di potere. Siete un inesorabile difensore della legge. Usate la mitragliatrice per decimare i suoi attaccanti, il lanciafiamme per incinerarne le orde. Cominciate da semplice recluta e apritevi il varco trasformandovi in un supercop, più macchina che uomo.
Cyber-Cop (USA)	Uno sparatutto in prima persona che richiede di riflettere sulle cose piuttosto che attaccare qualsiasi cosa si muova. Questo gioco ha preceduto Wolfenstein 3D di diversi anni e, sebbene i muri non fossero ray cast, ma solidi poligoni di riempimento, era ancora una delle prime simulazioni ad affrontare un punto di vista umano con una libertà di movimento completa a 360 gradi.
Cyberball (World)	Dopo che i giocatori di football americano hanno iniziato a barare usando parti bioniche, il gioco è stato costretto a cambiare le sue regole. Entro il 2022, il gioco non era giocato da umani, ma da due squadre di sette robot. Per ravvivare le cose, la solita palla di pelle di maiale è stata sostituita con una bomba da 350 libbre.
Cyborg Justice (USA, Europe)	Lettura e trasferimento dalla memoria del robot cibernetico 127: La cancellazione della memoria del robot cibernetico 127 é stata un insuccesso .. Tutti i file del robot riguardano l'attacco a sorpresa della Federazione dei Cydrek contro l'Unita galattica. Una volta il robot era un'agente di difesa dell'Unita galattica e tenterà di far fallire i nostri piani. Tutte le unita in allerta! Distruggete il robot cibernetico 1271 Distruggetelo!
Daffy Duck in Hollywood (Europe) (En,Fr,De,Es,It)	L'investigatore privato Daffy Duck, armato della sua pistola a bolle, percorre 6 livelli situati negli Studios di Hollywood investigando sulla scomparsa dei premi cinematografici di Yosemite Sam. Grafica ed animazioni da cartone animato vi coinvolgeranno nella divertente e schiamazzante avventura di Daffy.
Dahna - Megami Tanjou (Japan)	Interpreti Dahna, traumatizzata al settimo anno dal violento omicidio dei genitori e dal rapimento della sorella. Accolta dal mago Magh, ha vissuto 10 anni in pace. Finché una forza d'invasione guidata da una strega cattiva di origine sconosciuta non devasta il suo villaggio adottivo e rapisce Magh. In un ambiente Medieval Fantasy, viaggerete attraverso le 6 fasi del gioco fino al castello delle forze del male per salvare il vostro mentore. Per fare questo, il gioco ha un ibrido che gestisce un po' particolare, un incrocio tra un beat'em all, un platform e un gioco di infiltrazione. L'eroina può colpire in tutte le direzioni, ha 2 salti diversi, può accovacciarsi e persino strisciare, e usare la magia.
Dangerous Seed (Japan) (En)	Siamo nel 25esimo secolo e il sistema solare è stato attaccato da un misterioso nemico alieno noto come Dangerous Seed. Le forze umane sono state decimate e il prossimo obiettivo degli alieni è la Terra! Il nemico si avvicina di ora in ora alla base del fronte sulla luna e l'ultima linea di difesa per la Terra, la nave da combattimento Moon Diver, è stata lanciata.
Danny Sullivan's Indy Heat (USA) (Proto)	Indy Heat di Danny Sullivan è un gioco di corse arcade del 1991 sviluppato e pubblicato nelle sale giochi da Leland Corporation. È basato su un gioco arcade a tre giocatori con lo stesso titolo. Era interpretato dal pilota americano IndyCar Danny Sullivan e presentava le tracce della serie CART dei primi anni '90. Indy Heat presentava la capacità di quattro giocatori ed era simile nel gameplay a Super Off Road. I giocatori hanno guadagnato denaro in base alle loro posizioni finali in gara, che sono state spese per migliorare la loro auto. La stagione delle gare è culminata con il Tradewest Speed Bowl, che ricordava vagamente l'Indianapolis 500. Una versione del gioco è stata completata e concessa in licenza da Tradewest per Sega Genesis, ma l'uscita è stata ritardata fino al 25 luglio 2011, per un totale di 50 copie. stata prodotta per la Sega Genesis, completa di custodia, cartuccia e cover art.
Darius (World) (Mega Drive Mini, Genesis Mini)	I malvagi Belsar hanno attaccato il pacifico sistema di Darius, che ora affronta una devastazione assoluta per mano delle loro abominevoli mani. I combattenti della difesa di Darius non si dimostrarono all'altezza della travolgente potenza di fuoco delle forze aliene, che spazzarono via la loro intera flotta in un colpo solo. Senza più nulla per proteggerli, le persone potevano solo sedersi e aspettare il gelido abbraccio della morte mentre i bombardamenti satellitari continuavano incontrastati, fino a quando una singola luce brillante uscì dall'oscurità delle nuvole in lutto, chiamata &quot;Silver Hawk&quot;.
Darius - Extra Version (USA, Europe) (Strictly Limited Games)	Darius: Extra Version è una versione standalone espansa del porting Genesis di Darius precedentemente rilasciato in SEGA Genesis Mini. Presenta tre modalità di gioco, &quot;Old&quot;, &quot;New&quot; e &quot;Extra&quot; che riflettono diverse revisioni di Darius rilasciate in precedenza. Dispone inoltre di audio appena aggiornato con livelli di volume migliorati ed effetti sonori di migliore qualità.
Dark Castle (USA, Europe)	Hai intelligenza, un fisico buffo e una manciata di pietre. Ora sali sui bastioni del Castello Oscuro e detronizza il Cavaliere Nero. Una schiera di creature cattive lo protegge. Invia questi lacchè o il Cavaliere Nero mangerà il tuo pranzo. Esplora e padroneggia 14 stanze diverse. Sconfiggi gli zombi del castello, sconcerta una scimmia in volo e confondi un mago distrutto. Scopri gli elisir curativi e lo scudo magico per aiutarti nella tua ricerca. Scegli i punteggi più alti su tre diversi livelli di difficoltà. . Colonna sonora digitalizzata di urla e urla spaventosi.
Darwin 4081 (Japan, Korea) (En)	Lakya è una civiltà tecnologicamente avanzata su un pianeta lontano dalla nostra galassia. Gli abitanti del pianeta hanno inconsapevolmente scatenato la forza vitale del pianeta, Evol. Quando l'Evol si allontana da Lakya, raggiunge un pianeta chiamato Cokyo, i cui abitanti lo usano per attaccare e invadere Lakya. Ora, i combattenti di Lakya devono combattere contro l'esercito invasore usando gli stessi Evol.
Dashin' Desperadoes (USA)	Due cowboy cercano di conquistare il cuore di una ragazza gareggiando l'uno contro l'altro in percorsi ad ostacoli a scorrimento laterale. Il primo ad arrivare riceverà il suo amore. Il duello ti porta attraverso sei mondi con tre livelli ciascuno. Per passare al mondo successivo, devi distruggere il veicolo del tuo avversario, che ha rapito la ragazza in ogni livello finale. Entrambe le modalità singleplayer e multiplayer hanno schermi divisi orizzontali, che possono essere usati strategicamente per rallentare il tuo rivale.
David Crane's Amazing Tennis (USA)	Un gioco di tennis con modalità esibizione e torneo. Nella modalità di esibizione testa a testa, il giocatore può scegliere il proprio avversario (con gli avversari di rango più alto che sono migliori di quelli di rango inferiore). La modalità torneo consente a 16 giocatori diversi di competere per diventare il campione. Entrambe queste modalità possono essere giocate su erba, cemento o terra battuta. Il giocatore può anche scegliere se essere un giocatore di tennis mancino o destro.
David Robinson's Supreme Court (USA, Europe)	Supreme Court di David Robinson è un gioco di basket con modalità sia esibizione che torneo. Scegli una delle quattro squadre immaginarie e poi recluta vari abili giocatori immaginari nella squadra. La modalità Esibizione consente al giocatore di scegliere tra il giocatore 3 su 3 o 5 su 5 mentre la modalità torneo consente solo il gioco 5 su 5. Il gioco presenta anche una modalità di gioco di ruolo in cui il giocatore assume il ruolo e controlla un solo giocatore in campo.
Davis Cup II (USA) (Proto 2)	Davis Cup II è un sequel inedito di Davis Cup Tennis, in uscita per Sega Mega Drive. nnDue prototipi di questo gioco sono stati scaricati: una precedente versione PAL datata all'interno della ROM come 1994-07-10 e una versione per il Nord America datata 1994-07-28. Entrambe sono le prime versioni del gioco senza musica e molte risorse prese in prestito dall'originale Davis Cup Tennis.
Davis Cup World Tour (USA, Europe)	La Coppa Davis è un evento annuale a squadre internazionali di tennis maschile. I paesi partecipanti, composti da diversi giocatori, si sfidano sia in singolare che in doppio. L'intero campionato è stato reso disponibile in questo gioco e le partite vengono giocate utilizzando una prospettiva in terza persona. Ci sono diversi tipi di campi e livelli di difficoltà. Oltre al campionato, puoi anche allenarti, partecipare a tornei o giocare partite di esibizione. Lavora insieme a un amico come una squadra o gareggia in partite singole. A parte i tratti familiari, il tempismo è importante per determinare la quantità di spin.
Daze Before Christmas (Australia)	Il Natale è un momento in cui le persone si riuniscono, fanno regali agli altri e trascorrono l'intera giornata a mangiare. Ma quest'anno c'è solo un problema. Vedete, mentre Babbo Natale dormiva nel suo letto, il freddo e cattivo pupazzo di neve ha spaventato tutti gli elfi e il Timekeeper ha rubato i progetti di Babbo Natale da casa sua. Non ci sarà Natale se Babbo Natale non li ferma. Daze Before Christmas, tu sei Babbo Natale. A seconda del calendario di Natale del gioco, hai 24 aree da esplorare, come fabbriche, laboratori, grotte e altro ancora. Ogni area è piena di cattivi nemici come pinguini, diavoli in scatola, elicotteri, pupazzi di neve e molti altri. Inoltre, dopo cinque zone, Babbo Natale deve trovarsi faccia a faccia non solo con il pupazzo di neve, il cronometrista e il pidocchio, ma anche con Mr. Weather.
Deadly Moves (USA)	Questo emozionante gioco di azione e avventura ricrea la furia e l'esplosività della boxe internazionale. Non fai prigionieri. È una lotta mortale per la vita e il campionato in una partita di otto serie. Ambientato in uno scenario internazionale, sei contrapposto a otto dei più letali Maestri di Arti Marziali. Ogni maestro combatte con le proprie armi speciali e tecniche di combattimento. Devi calciare, prendere a pugni e saltare verso la vittoria. L'azione è mortale. Fai la mossa giusta e avanzi alla prossima partita. Fai la mossa sbagliata e ti sposti. Questa emozionante battaglia video presenta schermi tridimensionali, grafica di alta qualità, effetti audio e video speciali e un gioco avvincente. I padroni nemici possono essere progettati per azioni di attacco speciali. Il tempo e le stagioni cambiano nel corso del gioco per un'azione di gioco più impegnativa. Fai la tua mossa ora! Ti sfidiamo alla battaglia della tua vita!
Death and Return of Superman, The (USA)	Preparati per un combattimento tra eroi all'ultimo sangue che ti farà rivivere le avventure dei classici fumetti DC! nnNei panni di Superman combatti per la tua vita contro il potente Doomsday, vile dispensatore di morte e distruzione! nnQuindi controlla il destino dei quattro Superman-ognuno di essi afferma di essere quello vero! nnLanciati attraverso 10 livelli di super-potenti battaglie e vola a velocità furibonda-finchè solo il vero Superman resta in piedi! nn
Death Duel (USA)	In futuro tutte le controversie intergalattiche dovranno essere risolte con un duello all'ultimo sangue. Nove superpoteri galattici prendono il controllo delle rotte di volo, lasciando la Federazione incapace di operare. Per riconquistare i percorsi, la Federazione invia Barrett Jade all'interno di un gigantesco cyborg. Deve combattere fino alla morte e sconfiggere i concorrenti degli altri nove superpoteri per riprendere il controllo.
DEcapAttack (USA, Europe, Korea) (En)	Max D. Cap ha preso il controllo dell'isola Body lsland spaccandola in tanti pezzi. Il Dott. Frank N. Stein ha creato te Chuck D. Head per farti combattere con tutte le creature di D Cap cosi da mettere insieme i pezzi!
Demolition Man (USA, Europe)	Un poliziotto, un criminale. Una missione: distruggere l'altro prima che sia lui a farlo' Tu sei John Spartan e sei appena uscito dalla prigione criogena di San Angeles. Armato di fucili, pistole magnum e granate, insegui Simon Phoenix in 10 livelli esplosivi.
Desert Demolition Starring Road Runner and Wile E. Coyote (USA, Europe)	Gioca con Road Runner O Wile E. Coyote in questo esclusivo scorrimento laterale che è proprio come un cartone animato interattivo del sabato mattina. Il tuo obiettivo: corri attraverso sei diversi ambienti desertici prima che il tempo scada, raccogliendo i timbri ACME. Nei panni del Road Runner, la velocità è la tua alleata mentre fai salti incredibili, bruci attraverso loop-de-loop ed eviti tutti gli aggeggi e le imboscate del Coyote. Il Road Runner può anche spaventare un ignaro Coyote con il suo attacco Beep-Beep. Nei panni del Coyote, usi i folli gadget di Acme per catturare il Road Runner, cercando costantemente di padroneggiare il loro potere senza farti appiattire. Il Coyote ha uno speciale attacco in salto che gli consente di fare un ultimo tentativo di afferrare l'uccello! I round bonus includono cameo di altri personaggi classici della Warner Bros. come Elmer Fudd, Bugs Bunny, Marvin the Martian.
Desert Strike - Return to the Gulf (USA, Europe)	Pilotate il vostro elicottero AH-64 Apache in un attacco segreto contro uno spietato dittatore militare. • 27 missioni accurate • Distruggete carri armati, SCUD e reattori nucleari • Salvate i prigionieri di guerra e gli ostaggi usati come scudi umani.
Devi to Pii (Japan) (Mega Drive Mini 2, Genesis Mini 2)	Devi & Pii (conosciuto come Devi to Pii in Giappone) è un gioco d'azione per Sega Mega Drive. Anche se è stato sviluppato già nel 1992, non è mai stato ufficialmente annunciato in quel periodo e rimase inedito fino alla sua inclusione come gioco bonus nel Mega Drive Mini 2 nel 2022. Nel gioco, i giocatori controllano due fratelli, Taro e Hanako, che sono stati trasformati in racchette dalla Dea per aiutare a riportare gli angeli chiamati &quot;Pii&quot; che non sono mai tornati dai loro viaggi in altri mondi. Tuttavia, devono fare attenzione ai piccoli diavoli noti come &quot;Devi&quot; che ostacoleranno ogni loro mossa.
Devilish - The Next Possession (USA)	Il primo gioco di Genki è un gioco di paddle/pong con una storia di fondo. C'erano una volta un principe e una principessa che si amavano. Ma il malvagio demone geloso di nome &quot;Y&quot; li trasforma entrambi in pagaie di pietra. Improvvisamente, una sfera blu è caduta dal cielo, diventando la palla che le pale possono ora spingere in avanti, superando ostacoli e sconfiggendo i demoni.
Dick Tracy (World)	Uscito nel 1990, Dick Tracy ci vede vestire i panni del celebre investigatore hard boiled, impegnato a fare a pezzi il criminale di turno. Eccoci quindi alle prese con un titolo action di genere shooter che contiene alcune trovate molto interessanti e prima tra tutte è l'inquadratura. Dick, spara infatti nelle varie direzioni canoniche dei titoli 2d, in questo caso però, il nostro eroe in giallo si troverà a fare fuoco verso avversari che appaiono in prospettiva.
Dick Vitale's 'Awesome, Baby!' College Hoops (USA)	Dick Vitale, il famoso allenatore e commentatore di basket del college, ha prestato la sua voce unica a questo gioco per Sega Genesis. Ci sono quattro livelli di profondità per il commento. Un altro aspetto della licenza è che la varietà di strategie e formazioni offensive e difensive per l'uso dei giocatori e dell'intelligenza artificiale sono estratte dalle pagine del playbook di Coach Vitale.
Dino Dini's Soccer (Europe) (En,Fr,De)	Sebbene questo gioco di calcio sia basato sul Goal, presenta un metodo di controllo molto diverso, con la palla che si attacca al piede per facilitare la corsa con la palla. Il gioco viene visualizzato dall'alto e giocato su e giù per il campo, senza l'opzione da sinistra a destra di Gol. Le partite possono durare da 2 a 20 minuti e lo scanner che mostra le posizioni dei giocatori sul resto del campo può essere spostato, ridimensionato o disabilitato. È anche possibile scegliere il metodo di innesco di aftertouch su un passaggio.
Dino Land (World) (Evercade)	Dino Land è un flipper a tema dinosauri. Fondamentalmente devi sparare il tuo flipper a bersagli di dinosauri. Man mano che vai avanti, ottieni più punti dopo aver colpito tutti i bersagli dei dinosauri nel tabellone. Ci sono 4 tabelloni di flipper, uno a terra con creature di terra, uno aereo che rappresenta creature volanti, un livello del mare con creature marine e un livello boss in cui stai cercando di salvare la tua ragazza dal boss.
Dinosaur's Tale, A (USA)	Gioca nei panni dei personaggi del film d'animazione di Spielberg Siamo tornati, basato interamente sul trailer di anteprima. Corri e salta attraverso una varietà di livelli e sconfiggi il Dr. Screweyes. Ogni secondo livello è un platform a scorrimento laterale in cui assumi il ruolo dei bambini umani Cecilia o Louie e ti muovi attraverso gli ostacoli per arrivare alla fine del livello. Questi livelli sono ambientati in varie località di New York tra cui uno studio televisivo e un circo che vuole mantenere i dinosauri come una mostra. Ogni altro livello è un livello 3D in cui interpreti uno dei personaggi dei dinosauri, ad es. andare sullo skateboard sul retro di un camioncino come Rex o volare come Elsa su Central Park mentre raccogli palloncini. Questo è uno dei primi giochi Genesis con gameplay 3D
Disney Collection, The - QuackShot Starring Donald Duck + Castle of Illusion Starring Mickey Mouse (Europe)	Questa raccolta include due giochi Disney su una singola cartuccia: 1. Castle of Illusion con Topolino 2. QuackShot interpretato da Donald Duck
DJ Boy (USA)	Skating La ragazza di DJ Boy è stata rapita dai sicari locali della città e DJ Boy è l'unico che può salvare la situazione. Questa conversione coin-op offre diversi round di picchiaduro a scorrimento laterale, ognuno con un boss finale. DJ Boy è in grado di dare pugni, calci, combinarli in un attacco volante e pugni su entrambi i lati contemporaneamente premendo i pulsanti di attacco principali. Sebbene le immagini siano meno ruvide e più amichevoli delle sue controparti contemporanee, la difficoltà è molto spietata. DJ Boy ha solo quattro barre della vita e quando se ne sono andate, il gioco finisce senza continuare. I nemici sconfitti lasciano monete. Alla fine di ogni fase le monete possono essere scambiate con uno skateboard, un pugno più forte o altri oggetti.
Dominus (USA) (Proto)	Dominus è un gioco di strategia inedito per Sega Mega Drive sviluppato da Virtual Concepts e pubblicato da Asciiware. È stato cancellato per ragioni sconosciute, sebbene una porta per PC IBM pubblicata da U.S. Gold sia stata rilasciata nel 1994. Era prevista anche una versione per SNES, ma ha subito un destino simile. nnDa allora è stato portato alla luce un prototipo di ROM, datato 1993, che mostra un gioco incompleto senza alcun suono.
Donald in Maui Mallard (USA) (Sega Channel)	In questo platform a scorrimento orizzontale, Paperino veste i panni del detective Maui Mallard, alla ricerca di un antico idolo che è recentemente scomparso. Durante la sua avventura incontrerà molti inquietanti nemici potenziati dal Vudù, e la sua capacità di trasformarsi in Ninja Maui gli tornerà sicuramente utile. Quando effettua questa trasformazione, Maui cambia personalità e sistema di controllo: se nei panni del detective Paperino utilizza una speciale pistola che spara diversi tipi di insetto, quando si trasforma in Ninja Maui utilizza un bastone che gli consente di scalare i muri agganciandosi a delle sporgenze
Doom Troopers (USA)	Basato sul popolare gioco di ruolo e gioco di carte, DOOM TROOPERS ti mette nei panni di un commando senza paura che è stato incaricato di salvare il mondo da una forza d'invasione di mutanti. Gioca nei panni di Mitch Hunter o Max Steiner mentre intraprendi la missione più importante della tua vita: l'annientamento completo della Legione Oscura. Fatti strada attraverso otto livelli dettagliati pieni di tutti i tipi di mutanti malvagi e pericolosi, mentre scarichi con una raffica di armi ad alta potenza prontamente disponibili. Se la pressione è un po' eccessiva per te da gestire da solo, recluta un amico e cerca di eliminare la Legione Oscura insieme. Il mondo è in grave pericolo e solo i Doom Troopers possono sistemare le cose.
Doraemon - Yume Dorobou to 7 Nin no Gozans (Japan)	Un ladro di sogni è arrivato e ha rubato i sogni di tutti i bambini, usandoli per creare il suo paradiso personale dove nessuno può sconfinare. I bambini non possono andare avanti senza i loro sogni e qualcuno deve salvarli... quel qualcuno è Doraemon, il gatto blu meccanico dal futuro! Scoprendo che i suoi amici hanno perso il colore, Doraemon vola in cielo e insegue il ladro dei sogni nel suo mondo dei sogni.
Double Clutch (Europe)	Double Clutch è un gioco di corse aeree simile a Super Off Road. Uno o due giocatori scelgono tra quattro diversi piloti, ognuno con la propria abilità speciale, quindi si lanciano in una gara su uno dei quattro diversi tracciati. Ovviamente l'obiettivo è arrivare per primi a tre giri del percorso, ma attenzione agli avversari; urta contro di loro o contro il terreno e il tuo veicolo subirà danni. Prendi troppi danni e il gioco è finito! Dopo ogni gara, le vincite possono essere utilizzate per aggiornare o riparare il veicolo. Ci sono tre livelli di difficoltà, che influenzano la velocità con cui il veicolo subisce danni. C'è anche una modalità pratica in cui il giocatore può scegliere liberamente qualsiasi traccia.
Double Dragon 3 - The Arcade Game (USA, Europe)	DOUBLE DRAGON 3 L'originale avventura di arti marziali continua: tutta l'azione arcade è al tuo comando!nnFatti strada in tutto il mondo con fantastiche mosse speciali e armi letali direttamente dalla sala giochi!nnChe si tratti di un vorticoso Hurricane Kick o di uno sbalorditivo One Armed Head Butt, hai quello che serve per schiacciare nemici spietati nell'avventura Double Dragon di una vita!
Double Dragon II - The Revenge (Japan) (En)	L'adorabile Marian è stata salvata dalle grinfie della banda dei Black Warriors da Billy e Jimmy Lee nel primo gioco di Double Dragon, ma ora la banda l'ha uccisa per rappresaglia della loro sconfitta anticipata. I Draghi devono ora intraprendere una missione per vendicare la sua morte e sconfiggere i Guerrieri Neri per la seconda e ultima volta. nnLa versione arcade originale di &quot;Double Dragon II&quot; era essenzialmente una versione migliorata del primo gioco. Oltre a offrire un audio e una grafica rinnovati, oltre a nuove trappole, mosse e personaggi nemici, &quot;Double Dragon II&quot; ha scartato i tradizionali pulsanti di pugno e calcio a favore di un sistema di attacco orientato alla direzione simile all'originale Technos beat-em- su Renegade.
Double Dragon V - The Shadow Falls (USA)	♦ 12 grandi personaggi fulmineinn♦ Da 4 a 6 mosse speciali per ogni combattentenn♦ Imposta la tua forza, difesa, ecc. ♦ 3 diverse modalità di combattimentonn♦ Mosse e codici segretinn♦ Controlli personalizzabilinn♦ Mosse finali uniche 130+ effetti sonorinn♦ Brani musicali hot rock♦
Double Dribble - The Playoff Edition (USA)	Una versione aggiornata del gioco di basket Double Dribble originale. Doppio dribbling: l'edizione dei playoff. La Playoff Edition si espande notevolmente rispetto all'originale in diversi modi: 1. 16 squadre di 12 giocatori (fittizi) ciascunann2. Tutti i giocatori valutati individualmente per varie abilità (% di tiro, resistenza, ecc.)nn3. Tre modalità di gioco: Esibizione, Playoff (con funzione di password) e Multigiocatorenn4. Supporto multiplayer a 8 vie con l'adattatore Sega &quot;Team Player&quot;
Dr. Robotnik's Mean Bean Machine (USA)	Ambientato sul pianeta Mobius, il Dr. Robotnik ha realizzato un nuovo piano per minacciare il mondo e i suoi abitanti - rapendo i cittadini di Beanville e trasformandoli in subdoli schiavi robot, il medico creerà un esercito che lo aiuterà a liberare il pianeta dalla musica e divertimento per sempre. A tal fine, ha creato una gigantesca macchina robotizzata chiamata &quot;Mean Bean-Steaming Machine&quot; da usare sulla gente dei jolly bean. Mettendo in moto il suo piano, Robotnik manda i suoi henchbot per radunare tutti gli sfortunati folk di fagioli e raggrupparli in segrete oscure in modo che possano essere inviati alla Mean Bean-Steaming Machine.
Dragon - The Bruce Lee Story (USA)	Dragon: The Bruce Lee Story è un gioco d'azione / combattimento in cui interpreti Bruce Lee, il famigerato maestro di arti marziali. Passando attraverso i diversi livelli, il gioco segue il formato del film Universal del 1993 con lo stesso nome, ma non è identico ad esso. Nei panni di Bruce Lee, puoi eseguire un'ampia varietà di mosse di arti marziali ad alta quota, calci rotanti, calci volanti, colpi volanti e lanci. Sconfiggi una moltitudine di nuovi avversari e costruisci il tuo Chi per ottenere abilità e armi speciali.
Dragon Ball Z - Buyuu Retsuden (Japan)	La leggenda dei super guerrieri. Ecco finalmente il tanto atteso gioco di azione e combattimento. Il doppio schermo, un sistema completamente nuovo di cui è dotato questo gioco, dona uno spettacolare realismo ai combattimenti terrestri e spaziali e li fa susseguire l'un l'altro a un ritmo infuocato. Questo gioco ci invita a un vero spettacolo pirotecnico sonoro e visivo.
Dragon Slayer - Eiyuu Densetsu (Japan)	&quot;Dragon Slayer&quot; racconta la storia di un giovane principe di nome Selios. Un giorno il suo vecchio maestro Raiyas lo manda in una grotta vicina per recuperare un'arma magica. Quando il principe torna, trova la casa attaccata dai mostri. Raiyas gli dice di cercare aiuto nel castello di un barone, il cui paese è sempre stato alleato del loro per molto tempo. Tuttavia, il barone tradisce la fiducia di Selios e lo imprigiona. Il giovane principe riesce a fuggire, ma senza la possibilità di tornare non ha altra scelta che vagare per la terra, alla ricerca di compagni fidati che lo aiutino a salvare il suo paese.
Dragon Slayer - Eiyuu Densetsu II (Japan)	Sono passati anni da quando il principe Selios, l'eroe del primo gioco, sconfisse il dio demone Agunija nella battaglia finale. La pace tornò nella terra di Iseruhasa. Selios sposò la sua fidanzata Dina, ed ebbero un figlio, che chiamarono Atlas. All'età di quindici anni, Atlas era già un forte guerriero, grazie alle lezioni del suo maestro Lowel. Tutto sembrava tranquillo nel paese, fino a quando due guerrieri avvistarono strane creature vicino alla capitale. Quelli erano... uomini in tuta spaziale! Naturalmente, i guerrieri non potevano saperlo e credevano che fossero dei mostri. I misteriosi stranieri hanno intenzioni pacifiche o sono una nuova minaccia per il regno?
Dragon's Eye Plus - Shanghai III (Japan)	Dragon's Eye è una conversione del famoso gioco da tavolo cinese per l'abbinamento delle tessere conosciuto a livello internazionale come Shanghai, ed è molto simile a Shanghai II: Dragon's Eye. Il gioco presenta versioni sia di Shanghai che di Dragon's Eye per uno o due giocatori, una dozzina di layout di tessere con due set di tessere (un set di mahjong tradizionale e un set fantasy medievale) e diverse altre opzioni di gioco inclusi suggerimenti.
Dragon's Fury (USA, Europe)	Immagina un gioco di avventura nel formato di flipper e otterrai Dragon's Fury. Il tuo eroe è una pallina d'argento e il tuo campo di battaglia è un flipper a tre livelli. Usando la palla, puoi sconfiggere i mostri, accumulare punti e accedere a livelli bonus. Se giochi con abbastanza abilità, puoi attivare tutti i tipi di bonus che accumulano punti. Se ottieni un miliardo di punti, puoi combattere il boss finale e vedere la fine del gioco.
Dragon's Lair (USA) (Proto)	Dragon's Lair: The Adventure Continues è una versione inedita del gioco Dragon's Lair / Dragon's Magic sviluppato nel 1993 da Bluth Group / Motivetime su supernintendo. L'editore è Taito (o almeno la loro filiale americana). nnIl gioco è stato annunciato al CES Summer 1994 da Taito, con una data di uscita prevista per l'autunno 1994. È stato cancellato per ragioni sconosciute ed è giocabile a tutti i livelli (anche se non è noto se il port stesso sia completo o meno).
Dragon's Revenge (USA, Europe)	Dragon's Revenge è un sequel di Dragon's Fury (Devil's Crush). nnIl tavolo per questo gioco di flipper fantasy è alto tre schermi con grafica medievale e drago. Ciascuno dei tre schermi ha un paio di pinne nella parte inferiore e gli elementi del tavolo sono tutti animati e numerosi mostri vagano per lo schermo. nnL'obiettivo è colpire mostri erranti e alcuni gruppi di creature per aprire la porta a un sottolivello. I sottolivelli a schermo singolo offrono un gioco multi-ball e sono la chiave per ottenere punteggi alti. nnOgnuna delle tre schermate ha un portale di sottolivello unico.
Duke Nukem 3D (USA) (Piko Interactive)	Duke Nukem 3D è un port di Duke Nukem 3D per PC, per Mega Drive, creato dal distributore brasiliano ufficiale di SEGA Tec Toy e rilasciato esclusivamente in Brasile. nnIl gameplay è fondamentalmente lo stesso e vede il giocatore far saltare in aria gli alieni invasori dal punto di vista di Duke. Questa versione ha nove livelli basati sull'episodio di Apocalisse lunare su PC e una serie di nemici e armi del gioco originale. La difficoltà è stata aumentata in modo significativo e il framerate è notevolmente ridotto. La porta fa anche un uso massiccio delle linee di scansione e una dimensione della finestra più piccola per ridurre il carico di rendering complessivo.
Dune - The Battle for Arrakis (USA)	L'ambientazione è il pianeta Arrakis, ma la trama è solo vagamente ispirata a quella del romanzo. L'imperatore Frederick IV offre il controllo completo di Arrakis, l'unico pianeta in grado di produrre la preziosissima Spezia, a chi prevarrà tra le tre maggiori casate, Casa Atreides, Casa Harkonnen e Casa Ordos (quest'ultima non presente nei romanzi, ma divenuta poi una presenza fissa nei videogiochi di Dune). Non ci sono regole in questa sfida, e le tre case trasportano grandi armate sulla superficie del pianeta per conquistarlo con la forza. Qualunque casa scelga, il giocatore si troverà a combattere alternativamente contro una delle altre due, e infine contro una coalizione delle altre due e dei Sardaukar dell'imperatore stesso. Gli unici personaggi con un nome, comunque diverso da quello del romanzo, sono l'imperatore e i mentat delle tre case, che nel gioco svolgono la funzione di dare istruzioni e consigli al giocatore. I Fremen compaiono come unità speciali degli Atreides.
Dungeons & Dragons - Warriors of the Eternal Sun (USA, Europe)	Dungeon & Dragons: Warriors of the Eternal Sun è ambientato nel mondo di Mystara, un'ambientazione del gioco Dungeons & Dragons. I personaggi si trovano in uno strano mondo rosso in cui l'orizzonte digrada verso l'alto in tutte le direzioni, svanendo infine in una foschia cremisi ai limiti della vista. La loro missione è trovare e fare alleati in questo nuovo mondo, altrimenti il regno e la sua cultura periranno. Il giocatore guida un gruppo di quattro personaggi (il gruppo predefinito o quello creato dal giocatore). I personaggi e le razze possono essere scelti dalle normali opzioni di D&D. Il mondo di gioco è visto da una prospettiva isometrica ei personaggi possono vagare in tempo reale. Le battaglie sono a turni. Come la maggior parte dei giochi di ruolo, l'esperienza di gioco si concentra sull'esplorazione, la gestione dell'inventario e lo sviluppo del personaggio.
Dyna Brothers (Japan)	Dyna Brothers è un titolo di strategia in tempo reale sviluppato da CRI per Sega Mega Drive. Il giocatore deve guidare un esercito di dinosauri alla vittoria contro i loro avversari, che sono alieni che hanno invaso la Terra. La base principale e la fonte di vita del giocatore è &quot;The Egg&quot;, da cui vengono generate altre forme di vita. La base nemica è rappresentata da un UFO. I giocatori possono scegliere di creare più di cinque diversi tipi di dinosauri: uno stegosauro, un triceratopo, un tirannosauro rex, un allosauro e, infine, un oviraptor. Il giocatore usa l'abilità unica di ogni dinosauro per raccogliere punti potere da spendere nell'esecuzione dei comandi. Ciò include l'invio di acquazzoni per far crescere la vegetazione, causare disastri, dare indicazioni specifiche e così via.
Dyna Brothers 2 (Japan)	Il pianeta Jura è un luogo verde e bellissimo dove i dinosauri hanno vissuto più a lungo di quanto chiunque possa ricordare. Un giorno, tuttavia, una gigantesca nave nera appare nel cielo e gli alieni scendono in superficie e iniziano ad attaccare i dinosauri. Sentendo la loro sofferenza, il creatore dei dinosauri, The Egg, si risveglia. Per proteggere la loro razza e il loro pianeta, i dinosauri devono combattere gli alieni invasori e costringerli a lasciare il pianeta Jura.
Dynamite Duke (World)	Il deterioramento dello strato di ozono ha lasciato il mondo in uno stato di confusione. Un gruppo di &quot;simil uomini&quot;, esseri mutanti, minaccia. di prendere ciò che rimane. &quot;Il duca Dinamite&quot;, un eroe di guerra con un braccio bionico, è l'unico uomo che può porre fine ai sogni di dominazione del mondo del dr. Ashe. Calciate, sparate e lanciate letali pugni &quot;dinamite&quot; e mettete fuorigioco l'esercito dei mutanti!
Dynamite Headdy (USA, Europe)	Dynamite Headdy è un platform... con una differenza. Controlli un piccolo personaggio il cui attacco principale viene dalla sua testa disincarnata. Sì, anni prima che apparisse Rayman, avevamo già un eroe che usava appendici staccabili per attaccare i suoi nemici. nnPiuttosto che i tradizionali potenziamenti, Dynamite Headdy ti consente di scambiare la testa con diversi tipi, come teste che ti curano o teste che si attaccano ai muri. Usi la testa anche per arrampicarti sulle piattaforme, dato che puoi afferrare le cose con essa, e in alcune fasi della versione Mega Drive/Genesis è usata per trasformare il gioco in uno sparatutto a scorrimento laterale, come ottieni un'elica, un jet o una testa di uccello. Fondamentalmente, Dynamite Headdy è solo un platform tradizionale nel cuore.
DynoBlaze (USA) (Proto)	Dyno Blaze è un picchiaduro cancellato che era in sviluppo da Bonsai Entertainment per Genesis / Mega Drive, Mega CD e 3DO nel 1994 e sarebbe stato pubblicato da Virgin. Un prototipo giocabile del gioco è trapelato in qualche modo online nel 2008, in cui puoi provare una serie di livelli (quasi vuoti) in cui muovere il tuo dinosauro rollerblade per combattere i nemici con una mazza da hockey. I livelli sono incompleti e buggati ma è possibile percorrerli aspettando un po' alla fine dell'area e premendo il pulsante di salto.
EA Hockey (Europe)	La prima incursione di Electronic Arts negli sport sul ghiaccio su console porta 22 squadre più due squadre NHL All-Stars con i loro giocatori. Ogni atleta ha 14 attributi che vanno dall'aggressività, forza e intelligenza alla padronanza dei pattini. Il gioco ha perfezionato il controllo del disco con diverse mosse che sarebbero diventate standard nei giochi successivi della serie NHL. La missione di EA è farti sentire uno spettatore del gioco nel tuo salotto, e gli effetti speciali di gioco e i replay chiave svolgono questo ruolo.
EA Sports Double Header (Europe)	Due giochi su una cartuccia - NHL Hockey e John Madden Football. EA Sports Double Header è una raccolta pubblicata in Europa. È sviluppato da Park Place Productions e pubblicato da Electronic Arts. Contiene due giochi: NHL Hockey / EA Hockey e John Madden Football. Probabilmente rilasciato nel 1992.
Earnest Evans (USA)	La storia del gioco è collegata a quella di El Viento. Earnest Evans è un coraggioso cacciatore di tesori. Suo nonno era un famoso archeologo che negli anni '30 cercò tre idoli leggendari. Si diceva che quegli idoli avrebbero potuto portare disastri sulla Terra se caduti nelle mani sbagliate. Ma nonostante i suoi sforzi, non riuscì mai a trovare nemmeno uno degli idoli. Ora tocca al nipote continuare il suo lavoro, cinquant'anni dopo. Ma il malvagio leader del sindacato Brady Tressider ha i suoi piani e farà di tutto per fermare Earnest... Questo è un gioco platform d'azione in cui controlli Earnest Evans, armato della sua fidata frusta. L'eroe può saltare, arrampicarsi sulle corde, accovacciarsi e gattonare. Ci sono molti ostacoli nei livelli (pozzi senza fondo, spuntoni, ponti frantumati, lava, ecc.), così come gangster e mostri da eliminare.
Earthworm Jim (World) (Evercade)	Jim, un semplice lombrico intrappolato in uno strano vestito. Per poter proteggere questo vestito dotato di super poteri dalle bande diaboliche dei suoi feroci nemici, dovrai utilizzare tutte le armi e i poteri a tua disposizione . Combatti contro Chuck, Fifi, Evil il gatto, Major, Mucus e molti altri emici utilizzando la frusta, la bomba al plasma e il criceto (umm...) in 9 livelli di azione fuori di testa.
Earthworm Jim 2 (USA)	DUE VOLTE IL DIVERTIMENTO! DUE VOLTE IL EMOZIONE! Due per due fa quattro! Troppo da elencare, ma continua a leggere: Dal &quot;Circus of the Scars&quot; di Evil the Cat al pianeta di Meat, unisciti a Jim in un folle inseguimento attraverso la galassia. Salvare le mucche, ostacolare gli avvocati e superare in astuzia Psy-Crow sono tutte cose da fare per Jim. Sei all'altezza della sfida? Riesci a gestire le nuove fantastiche armi? Eccellente! Allora leggendo questo. Portalo al bancone e provalo a casa! Fiducia nessuno, giocaci da solo...o MANGIA SPORCO! Il divertimento cose
Ecco - The Tides of Time (USA)	Il seguito di Ecco The Dolphin, in cui Ecco ha distrutto con successo il Vortice. Sfortunatamente, si scopre che la Regina Vortice lo seguì sulla Terra e alla fine distrusse l'Asterite. Tutti gli oceani del mondo sono minacciati e in realtà già condannati. Per ripristinare l'Asterite e infine sconfiggere la Regina Vortice, Ecco dovrà affrontare ancora una volta le maree del tempo, che si sono divise in due possibili futuri, quello normale e quello oscuro dominato dalla Regina Vortice.
Ecco Jr. (USA, Australia)	Ecco Jr. è un prequel di Ecco il delfino, ambientato durante la sua infanzia. Insieme ai suoi amici Tara la balena e Kitney il delfino, Ecco va alla ricerca della leggendaria balenottera azzurra. Rilasciato dopo i due principali giochi Ecco, questo titolo è rivolto ai bambini più piccoli con un gameplay semplificato, privo della difficoltà degli altri giochi Ecco. Il gioco contiene anche una serie di informazioni educative sui delfini.
Ecco the Dolphin (USA, Europe, Korea) (En)	Siete Ecco, un energico e giovane delfino. Una misteriosa burrasca ha spazzato via la vostra famiglia dal mare. La ricerca per ritrovarla vi porta attraverso vasti regni sottomarini di perfidia, bellezza e avventura. Esplorate oltre 25 livelli giganti di puzzle da risolvere e di combattimenti contro gli abitanti del mare.
El.Viento (World) (Evercade)	I miti tornano con il vento. Nel 1928, l'America si trovava di nuovo in un'era caotica. Il culto malvagio che segretamente progettava di far rivivere il dio malvagio Hastur riuscì ad ottenere un enorme potere facendo un accordo segreto con il gangster Al Capone. Ma avevano anche l'unica paura. Annette, che ricevette un grande potere quando Hastur fu stato sigillato, usa un potente incantesimo del vento per combattere da sola e prevenire la resurrezione di Hastur. Trappole tese più e più volte, attaccando senza pietà gli spiriti maligni...
Elemental Master (USA)	Elemental Master è uno sparatutto su Megadrive. A differenza di altri titoli del genere, Elemental Master non ti mette al comando di una nave ma piuttosto nella pelle di un umano con tutti i tipi di poteri. Diverse armi sono a tua disposizione e bonus possono essere raccolti lungo la strada per sbarazzarti dei nemici che si precipitano su di te.
Eliminate Down (World) (Retro-Bit)	Eliminate Down è uno sparatutto a scorrimento orizzontale simile nello stile a Thunder Force. Il giocatore ha diverse armi che possono essere cambiate liberamente (sparo in avanti, sparo indietro e missili) e può anche cambiare la velocità della nave. I nemici provengono da tutte le direzioni e alcune ondate faranno cadere potenziamenti, inclusi scudi e potenziamenti per le armi. Il giocatore deve raccogliere cinque potenziamenti per migliorare le proprie armi, ma il potenziamento interessa tutte e tre le armi. Il gioco include otto fasi, la maggior parte delle quali include sia un midboss che un boss alla fine, e tre livelli di difficoltà. C'è anche un minigioco simile a Whack-a-Mole in cui è presente una griglia di icone di navi e il giocatore deve colpire le navi in rotazione.
Elitserien 95 (Sweden)	NHL '95 è stato il terzo gioco di hockey su ghiaccio su licenza di EA Sports, promettendo l'azione più veloce della serie fino ad oggi. L'azione è vista dall'alto e può essere giocata con o senza penalità realistiche. C'è una modalità per l'intera stagione, che ti consente di guidare una squadra attraverso tutte le 84 partite, con l'opzione di infortuni che potrebbero mettere i giocatori fuori da una sequenza di partite. Hai il pieno controllo sul commercio e sulla creazione di giocatori per la tua squadra. Le nuove mosse di gioco includono colpi fittizi e blocchi sdraiati.
Elitserien 96 (Sweden)	NHL 96 è stato il primo gioco di EA Sports a presentare la tecnologia Virtual Stadium, che ha dato una sensazione 3D e angoli di ripresa multipli. La licenza NHL garantisce l'inclusione di squadre e giocatori reali dell'epoca, con un sistema completo di campionato e playoff. Molte opzioni di gioco possono essere attivate: il famigerato combattimento è un'opzione, così come i rigori e il fuorigioco. Il sistema di controllo consente di eseguire passaggi con un solo tocco e diverse mosse speciali per far avanzare rapidamente la palla. Come caratteristica bonus, includeva i profili &quot;Hockey Card&quot; di ogni giocatore su CD e interviste con le stelle del gioco.
ESPN Baseball Tonight (USA)	ESPN Baseball Tonight è un gioco di baseball con modalità di esibizione e playoff. Altre modalità incluse sono sia la modalità pratica (sia lancio che battuta) e modalità Home Run Derby. Il gioco contiene 28 squadre MLB reali ma nessun giocatore reale. Le opzioni di gioco includono la possibilità di attivare o disattivare gli errori e di attivare o disattivare il fielding assistito. Il gameplay ha il punto di vista dietro il battitore, sia che si tratti di lanciare o battere. Una cosa da notare quando si mette in campo, il giocatore deve lanciare manualmente la palla al lanciatore affinché il gioco continui.
ESPN National Hockey Night (USA)	ESPN National Hockey Night è stato uno dei tanti giochi di hockey rilasciati nel corso della giornata. Questo presentava tutte le squadre NHL per l'epoca, ma mancava di una licenza ufficiale per i giocatori. Aveva quattro modalità di gioco tra cui scegliere: Esibizione, Sfida, Playoff e Stagione. Il gioco presenta anche una prospettiva orizzontale e verticale del ghiaccio, una batteria di riserva per salvare i progressi e presenta anche la voce di Bill Clement per il commento play-by-play.
ESPN Speed World (USA)	ESPN Speed World è un gioco di corse generico creato per assomigliare a NASCAR. Al giocatore viene data una stock car e può mettere a punto l'auto dall'angolo dello spoiler, all'impostazione degli ammortizzatori e fino alla pressione delle gomme. Ci sono tre diversi tipi di speedway su cui correre: Super Speedway, Short Track e Road Courses con 5 diversi tracciati tra cui scegliere. I giocatori possono scegliere di gareggiare contro il computer che ha tutte e 23 le altre stock car in pista contemporaneamente o giocare testa a testa su uno schermo diviso contro un amico.
ESPN Sunday Night NFL (USA)	ESPN Sunday Night NFL è stato uno dei tanti giochi di calcio rilasciati nel corso della giornata. Presenta tutte le 28 squadre ufficiali della NFL e i rispettivi loghi, ma non presenta una licenza della NFLPA, quindi non ci sono nomi di giocatori reali nel gioco. Ci sono quattro diverse modalità di gioco tra cui scegliere: Playoff, Single Game, Season e un'altra modalità stagionale che consente al giocatore di recitare il programma della stagione NFL 1994. Aveva anche condizioni meteorologiche variabili a cui i giocatori in campo avrebbero reagito e una batteria di backup per salvare le partite. C'era anche Chris Berman, che non solo ha abbellito la copertina, ma ha anche commentato.
Eternal Champions (USA)	Provengono da diverse epoche: passato, presente e futuro. Nove combattenti uccisi ingiustamente si ritrovano con una seconda possibilità di vita. Un essere alieno, noto solo come &quot;Il Campione Eterno&quot;, riporta i combattenti in una competizione per un motivo: trovarne uno degno di essere resuscitato, dando loro la possibilità di evitare la loro morte e di rovesciare l'equilibrio tra il bene e il male. I combattenti spaziano da epoche diverse della storia della Terra: Larcen, il ladro di appartamenti. Jetta, l'acrobata da circo. Blade, il futuristico cacciatore di taglie. Midknight, il vampiro biochimico. Rax, il cyborg. Shadow, l'assassino per le corporazioni. Slash, il neanderthal. Tridente, un guerriero atlantideo. E Xavier, stregone e alchimista.
European Club Soccer (Europe)	European Club Soccer ha dozzine di squadre da tutta Europa (circa 170) e ogni paese è rappresentato da almeno due squadre. Oltre a correggere i nomi dei club, ha anche imitazioni riconoscibili di stemmi e divise delle squadre; anche se i kit più elaborati (come quelli indossati da Juventus, FC Porto o Celtic F.C.) sono semplificati (la Juventus ha una maglia argento, blu Porto e verde celtico). I nomi dei giocatori, d'altra parte, sono stati creati mescolando nomi trovati su squadre reali. Le squadre portoghesi, ad esempio, avevano un gran numero di giocatori jugoslavi all'inizio degli anni '90, e questo si rifletteva in giocatori con nomi come Valentim Ivic (di Valentim Loureiro e Tomislav Ivic, poi presidente del Boavista FC e allenatore dell'SL Benfica, rispettivamente). I nomi non potevano essere modificati e, poiché il gioco mancava di una batteria, non memorizza le modifiche apportate ai kit e le password sono state utilizzate per riprendere i tornei (esempio di un foglio di password). Il Rotherham United è incluso tra i club inglesi nonostante non abbia mai giocato nella massima serie del calcio inglese, questo è dovuto allo sviluppatore, Krisalis Software, che ha sede a Rotherham. Tutti gli altri club hanno giocato nel massimo livello del proprio paese.
Evander Holyfield's 'Real Deal' Boxing (World)	La boxe &quot;Real Deal&quot; di Evander Holyfield è una simulazione di boxe. Holyfield è l'unico pugile autorizzato, il resto è fittizio. Piuttosto che un approccio fantasioso come Punch-Out di Mike Tyson, gli sviluppatori hanno optato per un simulatore più strategico. Il gioco viene giocato da una vista laterale pseudo-3D spostando la maniglia dell'anello scorrendo la parte inferiore e spostando le stringhe. Nella parte superiore dello schermo viene visualizzata una telecamera dall'alto.
Ex-Mutants (USA, Europe)	Terra, 2055. La Terza Guerra Mondiale ha lasciato i suoi segni: le armi genetiche e biologiche utilizzate hanno trasformato l'intera popolazione in mutanti ei paesaggi in rovine. È emerso un leader - Sluggo - malvagio e spietato, disposto a uccidere tutti coloro che assomigliano anche lontanamente a un essere umano. E tu hai l'opportunità, insieme ad altre cinque persone, di essere un mutante. Il responsabile di un simile miracolo è il professor Kildare, un robot programmato per ripopolare il pianeta... Oh, no! Questo bellissimo sogno si sta già trasformando in un incubo: Sluggo ha appena rapito 4 suoi amici!! Nei panni di Ackroyd o Shannon, dovrai combattere attraverso 11 livelli usando le tue armi in caverne oscure, foreste oscure, fogne puzzolenti e altro prima di trovarti faccia a faccia con Sluggo e salvare i tuoi compagni di squadra. Questa volta non sei solo un mortale. Sei un ex mutante!!
Exile (World) (Evercade)	Exile riguarda le avventure nel deserto di Sadler, il grande eroe la cui rivolta anni prima aveva portato alla caduta di un potente impero. Di recente, tuttavia, la pace è stata rotta nel paese natale di Sadler, poiché l'impero rivale di Luciel ha lanciato attacchi al Villaggio delle Dune. Exile è un gioco ibrido di azione/ruolo. Il viaggio e l'esplorazione avvengono nella tradizionale vista dall'alto dei giochi di ruolo, mentre le battaglie e i dungeon sono labirinti a scorrimento laterale, simili a Wanderers di Ys. I personaggi acquisiscono esperienza e livelli, acquistano equipaggiamento e usano la magia.
Exo Squad (USA)	Basato sulla serie televisiva animata americana con lo stesso nome che correva tra il 1993 e il 1994, questo gioco simil-mecha colloca il giocatore in Exo-Frames, con tre piloti: Lt. J.T. Marsh, sergente. Rita Torres e Wolf Bronksy. I livelli di ogni pilota hanno una meccanica distinta, che spazia da After Burner con l'azione di combattimento alle spalle, a platform e gameplay picchiaduro a scorrimento laterale.
F-117 Night Storm (USA, Europe)	Questo gioco permette al giocatore di prendere il controllo di un F-117A Stealth Fighter. Il gioco è suddiviso in modalità arcade o campagna. nnNella modalità arcade, il giocatore può decidere il numero di unità aeree e terrestri nemiche, l'ambiente, la durata della missione e il livello di difficoltà. Questa modalità consente al giocatore di affinare le proprie abilità per prepararsi alla modalità campagna. nnLa modalità campagna è la parte principale del gioco e contiene 30 missioni. Il gioco include nove teatri di combattimento come le missioni di addestramento nel deserto del Nevada, il conflitto a Panama e anche la Guerra del Golfo. Ogni missione ha un oggetto principale che deve essere distrutto per avanzare alla missione successiva.
F-15 Strike Eagle II (USA)	Il secondo della serie presenta campagne in Libia, Golfo Persico, Medio Oriente e Vietnam, per un totale di 250.000 miglia di potenziale azione e pericolo. I bersagli aerei e terrestri primari e secondari devono essere distrutti su ciascuno di questi. Sei armato con un cannone, un missile aria-aria a lungo raggio AMRAAM, un missile aria-aria a corto raggio Sidewinder e il missile aria-terra Maverick.
F-22 Interceptor - Advanced Tactical Fighter (USA, Europe) (F-202)	Questa simulazione ti mette nell'abitacolo dell'F-22. Puoi scegliere tra 3 livelli di difficoltà e missioni di attacco in volo in 4 teatri di guerra (Stati Uniti, Iraq, Corea e Russia) con difficoltà crescente. Puoi anche sfidare gli assi di ogni teatro e progettare missioni personalizzate. Per completare una missione, di solito devi distruggere bersagli terrestri e aerei, inclusi diversi tipi di MiG, elicotteri e carri armati oltre alle strutture di terra. Usa armi realistiche come i missili Sidewinder e Maverick.
F1 - World Championship Edition (Europe)	F1 World Championship Edition è il gioco ufficiale della stagione di Formula 1 1994, portando otto veri team (Benetton, Ferrari, Williams, Jordan, Lotus, Minardi, Tyrrell e McLaren), tutti i loro piloti e 16 circuiti che sfideranno il giocatore su tre diversi livelli di difficoltà. È comunque possibile configurare le condizioni meteo per ogni gara. La modalità a schermo diviso per 2 giocatori contro rende felici gli amanti del multiplayer.
F1 Circus MD (Japan)	F1 Circus '91 è un gioco di simulazione di corse di Formula 1. La serie non disponeva ancora di una licenza ufficiale, quindi, proprio come il primo gioco, presenta solo nomi generici di team e piloti. Il gioco stesso è più o meno lo stesso, con la vista della gara dall'alto e si concentra sulla messa a punto e sui danni della vettura. La modalità World Championship è ovviamente tornata, anche se la modalità manageriale Costruttori non è più presente. C'è anche una modalità Free Attack, dove qualsiasi corso può essere praticato liberamente; una modalità Allenamento, in cui è possibile correre su speciali corsi di addestramento per apprendere i dettagli del gioco; e una modalità Guarda, in cui il giocatore può scegliere un percorso e guardare una gara dimostrativa.
Faery Tale Adventure, The (USA, Europe)	Assumi il ruolo di tre fratelli che vagano per la magica terra di Holm. Interazione in tempo reale che ricorda Ultima 7. Un mondo estremamente grande, pubblicizzato all'epoca come il più grande mondo di gioco mai creato, circa 17.000 schermi di computer per un valore di terreno.
Family Feud (USA)	Questa versione è diversa dalle altre, con oltre 4.000 domande del sondaggio. Il regolamento è conforme agli spettacoli, divisi in turni fino a quando una famiglia raggiunge i 300 punti e la regola dei &quot;Tre Colpi&quot;. Presentava anche il nuovo &quot;Bulls Eye Round&quot; che è stato presentato allo spettacolo in quel momento. nnPer rispondere alle domande, il giocatore usa il D-pad per spostare un cursore e premendo il pulsante richiesto per selezionare quella lettera e sillabare la risposta. I giocatori possono anche combattere tra loro e personalizzare la propria famiglia a proprio piacimento, dal loro aspetto, hobby, intelligenza e occupazioni e personalizzare le regole in base alle esigenze del giocatore.
Fantasia (USA, Europe)	Fantasia si svolge nel mondo dei sogni di Topolino nei panni dell'apprendista stregone. Topolino deve trovare le note musicali mancanti sparse in quattro mondi immaginari. Water World, Earth World, Air World e Fire World sono pieni di creature magiche come scope in marcia, funghi saltellanti, cactus che saltano, cavalli volanti, ippopotami danzanti e molti altri. La musica nei mondi è direttamente dal film, inclusi brani di Bach, Mussorgsky, Beethoven, Tchaikovsky, Stravinsky, Dukas e Ponchielli. Topolino deve raccogliere oggetti speciali per mantenere la sua forza e guadagnare punti bonus. Libri di incantesimi, stelle, sfere di cristallo, pozioni e uova di dinosauro lo aiutano lungo la strada. I nemici vengono eliminati rimbalzando su di essi o lanciando incantesimi piccoli o grandi. Se Topolino trova una porta di legno viene condotto in un'area bonus dove può raccogliere molti oggetti magici.
Fantastic Dizzy (USA, Europe) (En,Fr,De,Es,It)	Il malvagio mago Zaks ha lanciato un incantesimo sui pacifici Yolkfolk, e mentre molti sono caduti sotto il suo incantesimo, altri hanno altri problemi da affrontare, tra cui Dizzy, che ha visto la sua ragazza Daisy rapita e presa in ostaggio da Zaks, e sta a lui riporta gli Yolkfolk alla normalità e salva Daisy dalla cima della torre del Cloud Castle.
Fantasy Pinball (Brazil) (Mega Drive 4)	Gioco del flipper. Il gioco non è stato distribuito su supporto fisico, ma solo preinstallato nella memoria di alcuni modelli di console Mega Drive vendute in Brasile, come il Sega TecToy Super Mega Drive 3 con 71 giochi in memoria. Il gioco è uscito esclusivamente su Mega Drive.
Fantasy Zone (World) (Mega Drive Mini 2, Genesis Mini 2)	Super Fantasy Zone è un gioco sparatutto a scorrimento sviluppato e pubblicato da Sunsoft per Sega Mega Drive. È stato rilasciato in Giappone il 14 gennaio 1992 e successivamente in Europa nel 19932. Il gioco fa parte della serie Fantasy Zone di Sega e segue le avventure di Opa-Opa, un'astronave senziente con ali, che deve sconfiggere Dark Menon. Il gameplay è simile a quello di Defender, dove lo schermo scorre nella direzione in cui si muove Opa-Opa. Il giocatore deve distruggere i generatori di nemici e raccogliere monete d'oro per acquistare potenziamenti temporanei che migliorano le capacità offensive e la velocità di Opa-Opa2. Il gioco è stato ben accolto per la sua sfida, i suoi colori vivaci e la colonna sonora, anche se alcuni critici hanno trovato la difficoltà troppo elevata.
Fastest 1 (Japan) (En)	Fastest 1 è un gioco di corse di Formula 1. Il gioco non ha una licenza ufficiale FIA, ma proprio come la serie Human's Fire Pro Wrestling, include una serie di piloti immaginari riconoscibili, come Ayrton Sesna e Satoru Inakajima. Il gioco include una modalità campionato del mondo, in cui il giocatore deve partire dalla classifica più bassa e vincere le gare per diventare il campione del mondo di F1. C'è anche una modalità battaglia in cui uno o due giocatori possono gareggiare tra loro o contro avversari controllati dal computer, nonché una modalità di prova in cui il giocatore può imparare ogni percorso e provare a stabilire record di percorso. Ci sono un totale di 16 percorsi diversi, che possono essere giocati in condizioni asciutte, bagnate o semi bagnate, oltre a un'ampia varietà di impostazioni del veicolo che possono essere modificate.
Fatal Fury (USA)	Terry Bogard & Andy Bogard entrano nel torneo chiamato King of Fighters dove devono affrontare pericolosi combattenti con l'obiettivo di trovare l'assassino del padre, ovvero il finanziatore del torneo e campione supremo: Geese Howard. Anche Joe Higashi entra nel torneo in cerca del titolo di campione. Chi uscira'? vittorioso? La grande novita'? del gioco sono gli sfondi che presentano due piani d'azione per simulare un combattimento in 3-D, e musiche eccellenti!
Fatal Fury 2 (USA, Korea) (En)	Ancora una volta, i Lone Wolves tornano! Geese Howard potrebbero essere state sconfitte, ma ciò non significa che tutto sia pacifico. Un nuovo avversario, Wolfgang Krauser, è uscito per iniziare un nuovo torneo Fatal Fury. I Lone Wolves tornano, con volti nuovi tra loro. Tuttavia, solo uno può essere dichiarato vincitore. Fatal Fury 2 su Megadrive è un innovativo gioco di combattimento in cui i personaggi possono evolversi su due piani diversi. È possibile spostarsi dalla parte posteriore alla parte anteriore dello schermo, in particolare per schivare gli attacchi nemici. I tre personaggi giocabili hanno tecniche varie, inclusa una che consente di attaccare su due piani contemporaneamente per essere sicuri di inviare il suo rivale sul tappeto.
Fatal Labyrinth (USA, Europe) (En,Ja)	Dragonia, il castello della sventura, è arrivato nel mondo e i suoi servi hanno rubato il Sacro Calice. Senza di essa, il mondo sarà nell'oscurità per sempre. Giochi nei panni di Trykaar, che deve entrare nel castello e attraversare i suoi trenta livelli per recuperare il Sacro Calice. Non c'è altra trama; i suoi dungeon vengono generati casualmente ogni volta che giochi, come i giochi di tipo Rogue che hanno avuto origine sul PC.
Fatal Rewind (USA, Europe)	Questo è un platform verticale con avvolgimento orizzontale. Per il divertimento delle masse futuristiche, interpreti un criminale che è stato inserito in un corpo meccanico con la promessa che se riuscirai a sopravvivere a tutti i livelli (ce ne sono molti e sono difficili), sarai liberato. Inizi ogni livello dal basso, vicino al liquido accumulato che presto salirà, a tuo rischio immediato. Naviga dal basso verso l'uscita in alto prima che il liquido salga e ti uccida. Ci sono molti altri nemici che volano in giro, ti infliggono danni e fondamentalmente ti infastidiscono. La maggior parte dei livelli deve essere navigata attraverso una serie di porte o portali bloccati. Queste chiavi sono sparse sulla mappa e dovrebbero essere raccolte e utilizzate solo su porte abbinate individualmente.
Ferias Frustradas do Pica Pau (Brazil)	Fine anno, finiti gli esami, finite le lezioni. Il tempo era perfetto per una vacanza fantastica e divertente. C'era già tutto nelle valigie: la TV, l'audio, il cibo... L'intera classe era pronta per quello che sembrava essere un lungo ma piacevole viaggio in montagna. A metà del percorso una sosta per una foto ricordo: che pessima idea!!!nnDopo il &quot;click&quot; e il &quot;flash&quot; della telecamera, tutti erano scomparsi, lasciando Pica Pau disperato per la scomparsa dei suoi colleghi. Questo potrebbe essere solo un altro sporco trucco di Zeca Vulture. Aiuta il personaggio dei cartoni più malizioso e ironico della TV. Con una differenza, ora sei tu a beccare.
Ferrari Grand Prix Challenge (USA)	Dopo il Gran Premio di F1 Nakajima Satoru, Varie ha prodotto un'altra simulazione di corse utilizzando la licenza. Questa volta si tratta di una gara in prima persona che imita il Gran Premio del Super Monaco. L'assetto della vettura può essere modificato prima di scendere in pista C'è una modalità Time Attack, che ti permette di fare il giro più veloce possibile su uno qualsiasi dei 20 circuiti del gioco (che includono i 16 tracciati della stagione 1992 di Formula 1), così come una modalità per l'intera stagione, con qualifiche e la gara stessa. Il tempo può essere personalizzato nella modalità Time Attack ma è scelto casualmente nella modalità Grand Prix, mentre puoi scegliere solo una delle squadre di livello D (le 4 più deboli delle 16) in modalità Grand Prix, ma puoi guidare per McLaren, Williams et al in Time Attack.
Fica 1 (Brazil) (Mega Drive 4)	Il gioco Fica 1 è composto da 1 tavola e 32 pezzi. È un gioco a giocatore singolo il cui obiettivo è lasciare un solo pezzo sulla scacchiera. Ci sono diverse posizioni di partenza per i pezzi, la più comune è quella in cui tutte le case sono occupate da pezzi, ad eccezione della casella centrale. La cattura avviene per salto, purché la casella successiva sia libera. Ogni volta che un pezzo salta su un altro, quest'ultimo viene rimosso dal gioco. I pezzi vengono catturati solo in linea retta, cioè non vengono catturati curvi o diagonalmente. Il gioco continua con salti successivi fino a quando non è possibile catturare più pezzi. Per selezionare il pezzo che vuoi spostare o per cancellare il pezzo selezionato, premi uno dei pulsanti: A, B o C. Buona fortuna!
Fido Dido (USA) (Proto)	Fido Dido è una piattaforma di gioco su Megadrive. Il giocatore Fido mondi attraverso i disegni dell'autore. Ogni livello ha i suoi obiettivi e i suoi oggetti che il giocatore deve utilizzare al meglio per sbarazzarsi di nemici e ostacoli che si frappongono.
FIFA 98 - Road to World Cup (Europe) (En,Fr,Es,It,Sv)	L'edizione di fine 1997 della FIFA è stata fortemente legata alla procedura di qualificazione per la Coppa del Mondo 1998. Nella modalità Road to the World Cup, porti una squadra dalla prima qualificazione fino al torneo principale, utilizzando i diversi sistemi in diverse parti del mondo. Il gioco presenta 16 distinti stadi all'aperto. Il gioco League dispone di 189 club e 11 leghe. Ogni squadra ha specifici canti della folla incorporati nel suono ambientale.
FIFA International Soccer (USA, Europe) (En,Fr,De,Es)	Il gioco che ha dato il via alla serie più venduta concessa in licenza dall'ente di calcio mondiale, questa prima puntata della lunga serie utilizzava un punto di vista dimetrico (colloquialmente noto come &quot;isometrico&quot;), precedentemente insolito nei giochi di calcio ma rapidamente imitato da vari titoli. La presentazione televisiva, uno dei momenti salienti unici dei primi titoli EA Sports, con i presentatori che presentavano le partite, è stata un'altra cosa che ha fatto risaltare il gioco in un mercato dominato dai giochi Sensible Soccer e Kick Off. Sulla base di squadre internazionali (con nomi di giocatori immaginari), le loro abilità in ciascuna area di abilità sono state classificate 10 per dare al giocatore un'impressione generale di quanto siano bravi. Le opzioni disponibili seguono il set standard: falli e fuorigioco possono essere attivati ​​e disattivati, è possibile impostare la durata della partita e se il timer funziona continuamente o solo mentre la palla è in gioco. Il gameplay privilegia corse veloci, passaggi brevi e tiri violenti fuori dall'area di rigore, ei calci piazzati sono controllati spostando una scatola nell'area di destinazione della palla, quindi passando, tirando o calciando direttamente. Dal punto di vista tattico si possono selezionare le formazioni, con 5 diverse strategie disponibili (anche se non tutte queste combinazioni hanno senso) su come la squadra può coprirsi: le aree coperte da difensori, centrocampisti e attaccanti.
FIFA Soccer 95 (USA, Europe) (En,Fr,De,Es)	Dopo che il primo gioco si è rivelato un successo mondiale, EA ha sviluppato questo sequel esclusivamente per la console Sega a 16 bit. Il più grande cambiamento rispetto alla FIFA International Soccer sono ovviamente le dozzine di squadre di club provenienti da Inghilterra, Francia, Germania, Italia, Paesi Bassi, Stati Uniti, Spagna e Brasile, portando il numero di squadre a oltre 200. Ciò ha anche aumentato il numero di competizioni, con ogni paese che ha il proprio campionato, torneo e playoff. Nuovo anche, una batteria di backup ha permesso di salvare fino a quattro gare nella cartuccia, sostituendo le password. Per coloro che vogliono sistemare le cose in modo veloce, è stata aggiunta una modalità di allenamento Penalty Shootout. Mentre graficamente il gioco ha ricevuto solo piccole modifiche al motore sprite isometrico, il gameplay presenta nuove mosse come calci al volo e intestazioni più dettagliate (ora più efficaci), così come i controlli generali che sono più reattivi per facilitare il gioco di passaggio, e i portieri ora sono più intelligenti quando inseguendo le palle. Anche i calci piazzati hanno ricevuto un nuovo formato e invece di calciare il pallone il giocatore può scegliere di giocare un calcio piazzato predefinito.
FIFA Soccer 96 (USA, Europe) (En,Fr,De,Es,It,Sv)	&quot;Con l'obiettivo di essere la prima simulazione di calcio realistica nel vero senso della parola, FIFA Soccer 96 era estremamente popolare al momento del lancio. È stato salutato come il primo lancio di FIFA di vero successo e ha aperto la strada alle revisioni. concetto. C'erano una serie di fattori che resero FIFA 96 a distinguersi dalla massa di altri simulatori di calcio. Innanzitutto, il commento sul gioco era rivoluzionario all'epoca: il famoso commentatore britannico John Motson commentava tutti gli incidenti e gli eventi sul campo in tempo reale . Il commento ambientale è vario e i sistemi con un livello di memoria superiore al minimo ricevono frasi di commento aggiuntive. La tecnologia dello stadio virtuale ha numerosi angoli di ripresa predefiniti. FIFA 96 ha undici campionati in tutto il mondo, dai giocatori sconosciuti del campionato malese al famoso stelle dei campionati inglese e italiano. Sono presenti anche 59 squadre internazionali, ed è possibile unire le squadre che desideri tra loro tramite amichevoli, oppure puoi anche scegliere di disputare tornei nazionali o internazionali come la Coppa del Mondo. Se non sei soddisfatto della composizione dei diversi team, puoi creare il tuo dream team attraverso il custom team creator.
FIFA Soccer 97 (USA, Europe) (En,Fr,De,Es,It,Sv)	Questa iterazione del lignaggio FIFA include il commento di John Motson con i riassunti di Andy Gray, con le sezioni tra le partite coperte da Des Lynam. Tutte le mosse dei giocatori sono di David Ginola utilizzando la tecnologia MotionBlending. Sono inclusi replay interattivi completi. Puoi giocare un torneo di campionato o di coppa e mettere in pratica le tue abilità prima di giocare. Il gioco può essere adattato all'azione o allo stile di simulazione, con falli, infortuni e fuorigioco disponibili da attivare o disattivare. Questa versione include anche una modalità di gioco indoor 6 vs 6 e varie opzioni multiplayer
Fighting Masters (USA)	Fighting Masters è un gioco di combattimento sul Megadrive. Un sole gigante sta per trasformarsi in una supernova e le Primarie si offrono di salvare uno dei dodici pianeti del sistema organizzando un torneo. Ogni pianeta invia il suo campione per rappresentare il suo popolo. Il gioco utilizza tre pulsanti principali: attacco, blocco e salto. Mostratevi all'altezza delle aspettative della vostra gente.
Final Zone (World) (Evercade)	Sono 100 anni nel futuro. Armi nucleari, missili e altre armi di distruzione di massa sono vietate, ma un nuovo equipaggiamento militare sta per plasmare il futuro. Il N.A.P. (New Age Power-Suit), è l'arma più recente, un carro armato meccanico, in grado di distruggere qualsiasi cosa sul suo cammino. Interpreti come un soldato dell'unità &quot;Undead&quot; dell'esercito di El Shiria chiamato Howie Bowie (non è uno scherzo) mentre stai per intraprendere una missione urgente per distruggere i tuoi nemici, The Bloody Axis, prima che possano colpire la tua nazione.
Fire Mustang (Japan)	Fire Mustang è un veloce sparatutto a scorrimento laterale ambientato durante la seconda guerra mondiale. Il giocatore controlla un aereo Mustang P-51D attraverso diverse missioni, con molti nemici sullo schermo contemporaneamente e un grande aereo come boss alla fine di ogni missione. La Mustang ha una quantità illimitata di proiettili, ma un colpo è sufficiente per perdere una vita. Ci sono diversi potenziamenti da raccogliere, che forniscono potenza di fuoco aggiuntiva e nuovi schemi di fuoco. Indipendentemente dai potenziamenti, il Mustang spara in avanti e lancia bombe a terra allo stesso tempo, prendendo di mira le truppe di terra. C'è una quantità limitata di falsari, grandi esplosioni che danneggiano molti nemici contemporaneamente.
Fire Shark (World) (Retro-Bit)	Fire Shark è uno sparatutto Megadrive ambientato durante la seconda guerra mondiale. Ti aspettano dieci livelli, ognuno pieno di nemici dall'aria, dalla terra e dal mare. Tra ogni livello, il tuo aereo riceverà diversi bonus a seconda delle tue prestazioni. Altri bonus possono essere raccolti nei livelli per aumentare la tua potenza di fuoco.
Flash Point (Japan) (En) (Proto)	Punto di infiammabilità basato su Tetris. Al giocatore viene fornito un puzzle Tetris predefinito in cui l'obiettivo è eliminare dallo schermo una serie di blocchi specificati ed evidenziati. Il gioco termina se i blocchi del giocatore raggiungono la parte superiore dello schermo, in modo simile alle tradizionali regole di Tetris. nnSuccessivamente è stato ripubblicato nella Sega Ages 2500 Series Vol.28: Tetris Collection nella sua forma originale. In questa raccolta è inclusa anche una versione Sega Mega Drive inedita di Flash Point, la cui ROM è stata strappata e circola oggi su Internet. Non è noto se Flash Point abbia subito un destino simile a Tetris di Sega.
Flashback - The Quest for Identity (USA) (En,Fr)	Flashback su Megadrive è un gioco di piattaforma futuristico. La storia inizia nel 2042 quando Conrad B. Hart viene a conoscenza di un complotto legato all'esistenza di alieni ostili sparsi tra la popolazione. Quest'ultimo lo rapisce ma Hart riesce a fuggire. Viene rapidamente catturato e atterra in un cataclisma nel cuore della giungla di Titano, un satellite di Saturno. Il giocatore deve sfidare i pericoli della giungla circostante e contrastare la trama in atto.
Flicky (USA, Europe)	Le piume iniziano davvero a volare quando Flicky, l'uccellino azzurro, incontra Tiger il gatto traditore e Iggy la lucertola istigatrice in questo gioco arcade divertente e divertente. Vedi, è così: Tiger e Iggy stanno cercando di intrappolare i pazzi uccellini. Tiger e Iggy non si fermeranno davanti a nulla. Quindi saltaci sopra. Oppure lancia loro qualsiasi cosa a portata di mano: una tazza da tè, un vaso di fiori, una mela. Quindi mescola, corri e vola attraverso un labirinto dopo l'altro - quelli abbaglianti, quelli oscuri, quelli stupidi, quelli spaventosi - raccogliendo Cinguettii mentre procedi.
Flink (Europe) (En,Fr,De)	Le disavventure di Flink è un Jump'n Run ambientato nel mondo fantastico di Imagica. Il malvagio mago Wicked Wainwright ha catturato i quattro anziani e spetta a Flink, l'apprendista di un mago, liberarli e sconfiggere Wicked Wainwright.
Flintstones, The (USA) (En-US,En-GB,Fr,De,Es,It) (Ocean) (Sega Channel)	Quando a Bedrock le cose vanno male, sta a Fred Fhntstone meterle a posto. Volate nel cielo su uno pterodattilo, fate i duri alla guida della vostra fedele Flintmobile e balzate a bordo del Dino Express! Usate la clava per respingere i mostri sciocchi, in questa bella avventura dei cartoni animati!
Flintstones, The (USA) (Taito)	Quando a Bedrock le cose vanno male, sta a Fred Fhntstone meterle a posto. Volate nel cielo su uno pterodattilo, fate i duri alla guida della vostra fedele Flintmobile e balzate a bordo del Dino Express! Usate la clava per respingere i mostri sciocchi, in questa bella avventura dei cartoni animati!
Forca Alienigena (Brazil)	Sparatutto in stile Space Invaders. Il gioco non è stato venduto su supporto fisico, ma è stato distribuito solo preinstallato nella memoria di alcuni modelli della console Mega Drive venduti in Brasile, come il Sega Tec Toy Super Mega Drive 3 con 71 giochi in memoria. Gioco pubblicato esclusivamente su Mega Drive.
Foreman for Real (World)	Prima di commercializzare griglie per la riduzione del grasso, la leggenda del pugilato George Foreman ha approvato questo gioco di boxe con una visione in terza persona simile a Punch Out. È disponibile una gamma completa di pugni e jab, con punteggio completo round per round da parte dei giudici. Puoi scegliere tra 3-12 round e ci sono 2 viste della telecamera e un'opzione di cambio automatico. nnPuoi giocare semplici partite di esibizione o tornei o lanciarti in una modalità carriera. In questo cominci in fondo alla classifica mondiale e devi raggiungere la vetta battendo i giocatori del gioco, che oltre a George sono tutti pugili fittizi con diversi punti di forza e di debolezza. L'allenatore dà consigli prima di ogni combattimento per aiutare a evidenziare i punti deboli nel tuo gioco. Ci sono password per ogni round.
Forgotten Worlds (World) (En,Ja)	Il pianeta era bello, con città meravigliose e campagne scintillanti. Fino all'attacco degli alieni! Con fuoco, bombe e napalm hanno devastato il mondo! Hanno reso il pianeta così abominevole che è diventato un emarginato nell'universo: il mondo dimenticato. Fino a quando tu, l'Innominato, non appari. Sei un Super Guerriero di incredibile potenza ed energia. Il tuo compito è reclamare il pianeta per i suoi legittimi proprietari: gli Esseri Umani. Affronta i pugni di Iron Warlord! Evita l'alito cocente di Dust Dragon! Blast Zipper Worms, Reptilian Thugs, Spydro¬bots e Paramecium che erutta acido in disperate battaglie di vita e di morte!nnSopravvivi ai demoni e alle bizzarre creature di sette diversi livelli per affrontare il re degli alieni, il tiranno della guerra. Devi liberare il pianeta e reclamare il suo nome originale: Terra! Puoi farlo?
Formula One (USA)	La F1 su Megadrive ha i circuiti ufficiali del campionato mondiale dell'epoca, ognuno con le sue difficoltà intrinseche. Puoi scegliere di esibirti, da solo o in coppia, da 4 a 18 turni. La modalità Arcade ti consente di scegliere il circuito su cui vuoi mettere alla prova le tue abilità di guida, mentre la modalità Grand Prix seguirà l'ordine delle gare del campionato mondiale FIA.
Frank Thomas Big Hurt Baseball (USA, Europe)	Frank Thomas Big Hurt Baseball su Megadrive è un gioco di simulazione di baseball. Attraverso 6 modalità di gioco (allenamento, esibizione, stagione completa, ecc.), Puoi giocare con più di 700 giocatori della Major League Baseball.
Frog Dude (Europe) (Proto)	Andy Swann, un programmatore dell'azienda, ha rilasciato una versione prototipo del gioco online nel 2014. La ROM è stata originariamente dimostrata all'ECTS 1993. nnSi pensa che siano stati fatti pochissimi progressi su Frog Dude. Sebbene il prototipo sia completamente giocabile, consiste in un piccolo palcoscenico disseminato di mele ma privo di nemici o ostacoli. Il giocatore può passare dalla forma &quot;umana&quot; a quella &quot;rana&quot; con A. B presumibilmente attacca (anche se non c'è nulla da attaccare) e C salta. Mentre è in forma di rana, il giocatore può saltare più in alto a scapito della velocità. B può anche essere tenuto, in stile Super Mario Bros. per far correre il personaggio, anche se l'aumento di velocità è abbastanza minimo.
Frogger (USA)	Il tuo compito in questa conversione arcade è guidare una rana attraverso una strada e un fiume insidiosi e metterti al sicuro nella parte superiore dello schermo. Entrambe queste sezioni sono piene di una varietà di pericoli, ognuno dei quali ucciderà la rana e ti costerà una vita in caso di contatto. nnLa strada è piena di auto e camion, a velocità variabile. L'acqua stessa del fiume è fatale, così come i serpenti che si librano all'interno nei livelli successivi. Frogger deve usare la disposizione di tronchi, tartarughe (che sono lì solo per un breve periodo) e alligatori (ma stare lontani dai loro volti), quindi saltare in una delle celle domestiche aperte, idealmente una contenente una mosca per punti extra . Una volta riempiti tutti i buchi, si passa al livello successivo, più difficile.
From TV Animation Slam Dunk - Kyougou Makkou Taiketsu! (Japan)	Hanamichi Sakuragi è il delinquente medio delle superiori; sfoggiando un ciuffo rosso brillante e continuamente abbattuto da ogni ragazza a cui si avvicina, coglie al volo l'opportunità di impressionare una ragazza carina di nome Haruko unendosi alla squadra di basket della sua scuola. Mentre all'inizio non conosceva la differenza tra una schiacciata e un carro armato Sherman, diventa lentamente una parte importante della squadra della Shohoku High School, che combatte contro ogni previsione sulla strada verso i campionati regionali.
Fun 'n' Games (USA)	Fun 'N' Games è un compendio di applicazioni e minigiochi su 3DO. Paint ti consente di disegnare utilizzando pennelli e sfondi originali. La musica ti aiuta a comporre musica con più strumenti. In Aquashark guidi un'aragosta e devi trovare l'uscita mentre Space Cadet è un gioco sparatutto spaziale. Sliding Puzzle, infine, è un gioco stuzzicante.
Fushigi no Umi no Nadia (Japan)	asato sulla serie Nadia e il segreto dell'acqua blu. Un classico gioco d'avventura in cui Nadia capirà perché la pietra blu in suo possesso è così importante per il futuro dell'umanità. Questo gioco è particolarmente interessante per gli appassionati della serie anche se lo scenario è stato leggermente rielaborato. Non c'è stata alcuna traduzione e il gioco si è rapidamente rivelato noioso.
G-LOC - Air Battle (World)	La Citizens Defense Force non si fida delle Nazioni Unite per mantenere in pace un mondo travagliato del 21° secolo. Confisca un'orda di aerei e navi da guerra e, in quanto lealista delle Nazioni Unite, è tuo compito abbatterli. Risolvere la fame e le malattie può aspettare, a quanto pare. nnIl gioco è suddiviso in 8 fasi, suddivise in sottofasi su terra e mare, ognuna delle quali ha un limite di tempo rigoroso e un numero target di aerei da abbattere. Si svolgono da dietro il tuo aereo, che può essere controllato con &quot;su&quot; che si riferisce a &quot;salita&quot; o &quot;immersione&quot;, a seconda delle preferenze del giocatore. Sei armato con 10 missili e armi standard. L'aereo può sopravvivere a pochi colpi, quindi guarda il rapporto sui danni mentre passa dal rosso al nero.
Gadget Twins (USA)	Una notte, il malvagio Thump entra nel castello del Gadget Kingdom e ruba la gemma del Gadget King. Il re si sveglia la mattina dopo e scopre che la sua gemma è stata rubata. Il re quindi convoca Bop e Bump per reclamare il suo possesso rubato da Thump. nnIl gioco consiste nel volare attraverso sei livelli di aria e acqua: Gadget Bay, Zeppelin Attack, The Lost City, Sub Attack, The Crystal Lake e Thump's World. Sebbene il gioco scorra continuamente nelle sue fasi, il giocatore può volare in tutte le direzioni sullo schermo. Bop e Bump sono dotati di un meccanismo a guanto a molla che consente al giocatore di colpire in alto, in basso, a destra o a sinistra, che viene utilizzato per sconfiggere i nemici.
Gaiares (World) (Evercade)	È l'anno 300x. La Terra è stata devastata da esseri umani incuranti, lasciando una terra desolata inabitabile e inquinata. I terroristi spaziali, Gulfer, pianificano di raccogliere l'inquinamento per creare una sorta di arma della spazzatura. I bravi ragazzi, i Leezaluth, non ne sono contenti, quindi decidono che devono far saltare in aria la Terra prima che Gulfer ci arrivi. Danno alla Terra un ultimatum: distruggi Gulfer o Leezaluth distrugge la Terra. Per aiutarli, Leezaluth dà all'ultimo eroe della Terra, Dan, un'arma speciale: il sistema TOZ. Perché i Leezaluth non fermano gli stessi Gulfer? Non è esattamente chiaro.
Gain Ground (USA)	Entro l'anno 3000 dC, la razza umana era progredita quasi fino al punto di perfezione. Senza più povertà, guerra o discriminazione, le preoccupazioni dell'umanità sembravano essere finite. Ma la razza umana si era creata una nuova crisi. Non avevano idea di come difendersi, o di come sopravvivere a un grande olocausto, il lungo periodo di pace aveva diminuito il loro istinto di sopravvivenza. Il governo della Terra Unita ha deciso che era necessario stimolare questo istinto nelle persone, per ravvivare la loro volontà di lottare per la propria vita se il bisogno sorsero.
Galaxy Force II (Japan) (En)	Sei legato a un'astronave per affrontare cinque ambientazioni pericolose, che vanno da un piacevole giardino a fuoco ostile e ghiaccio duro. Dovrai volare liberamente prima di attraversare tunnel e canyon e infine distruggere una base aliena. La tua lettura di energia inizia a 1200 e diminuisce quando i colpi ti colpiscono o entri in contatto con un muro o un blocco. Hai infiniti cannoni e missili guidati per aiutarti. Puoi ottenere regolari ricariche di energia e potenziamenti di potenza, sparando e poi raccogliendo i loro baccelli di trasporto.
Gambler Jiko Chuushinha - Katayama Masayuki no Mahjong Doujou (Japan)	Gambler Jiko Chushinha: Katayama Masayuki no Mahjong Dojo è un tradizionale gioco di mahjong a 4 giocatori basato sul manga di Masayuki Katayama, uno dei tanti prodotti da Game Arts nel corso degli anni. Il gioco offre sia una modalità di gioco libero che una modalità storia spensierata che segue i personaggi di Katayama, un gruppo di studenti che giocano a mahjong per risolvere le loro differenze. C'è anche una modalità &quot;Mahjong Dojo&quot; che ti interroga sugli aspetti del gioco per aiutarti a imparare a giocare meglio.
Game no Kanzume Otokuyou (Japan) (Sega Channel)	Game no Kanzume Otokuyou è una raccolta di giochi Sega Game Toshokan rilasciati per Sega Mega Drive, una versione &quot;digest&quot; delle raccolte di Mega-CD Game no Kanzume Vol.1 e Game no Kanzume Vol.2. È stato rilasciato esclusivamente tramite il canale giapponese Sega in un momento sconosciuto e l'attuale ROM di cui siamo a conoscenza è stata presumibilmente trovata sul disco contenente una certa versione del browser Web Dreamcast; questo deve ancora essere confermato (TODO). Giochi inclusi: - 16t - Flicky - Putter Golf - Hyper Marbles - Shi no Meikyuu - Medal City - Paddle Fighter - Ikazuse! Koi no Doki Doki Penguin Land MD - Pyramid Magic - Robot Battler - Teddy Boy Blues - Aworg
Garfield - Caught in the Act (USA, Europe)	Nei panni del pigro gatto dei cartoni animati Garfield, sei in qualche modo intrappolato nella tua TV, questo è quello che succede con troppa TV. Vai a trovare tutti i pezzi del telecomando per uscire da quella scatola e controlla il frigorifero per un cambiamento. Il giocatore avanza attraverso livelli e round bonus nel suo tentativo di fuggire. A differenza della maggior parte degli altri giochi di piattaforma del suo tempo, Garfield vantava un'arte completamente unica su ciascuno dei suoi sei livelli, sia per l'arte delle piastrelle che per i costumi dei personaggi. I livelli sono ispirati ai film classici, ma con un tocco di Garfield, come &quot;Catsablanca&quot; e &quot;La maledizione di Cleofartra&quot;.
Garfield - The Lost Levels (USA) (Sega Channel)	Nei panni del pigro gatto dei cartoni animati Garfield, sei in qualche modo intrappolato nella tua TV, questo è quello che succede con troppa TV. Vai a trovare tutti i pezzi del telecomando per uscire da quella scatola e controlla il frigorifero per un cambiamento. Il giocatore avanza attraverso livelli e round bonus nel suo tentativo di fuggire. A differenza della maggior parte degli altri giochi di piattaforma del suo tempo, Garfield vantava un'arte completamente unica su ciascuno dei suoi sei livelli, sia per l'arte delle piastrelle che per i costumi dei personaggi. I livelli sono ispirati ai film classici, ma con un tocco di Garfield, come &quot;Catsablanca&quot; e &quot;La maledizione di Cleofartra&quot;.
Gargoyles (USA)	Lanciati in mille anni di avventure gotiche con la forza schiaccia-pietre del leggendario Golia. Sfida eserciti di antichi guerrieri vichinghi. Distruggi orde implacabili di robot 3D nella moderna Manhattan. Il tuo obiettivo: trovare e distruggere l'occhio malvagio di Odino prima che distrugga il mondo. Trovati faccia a faccia con giganteschi Raptorbot 3D, Spiderbot e feroci Waspbot. Attacca a mezz'aria, costringendo i tuoi nemici a combattimenti aerei corpo a corpo. Scala mastodontiche torri di pietra. Manovra a testa in giù mentre venti violenti e nemici cercano di abbatterti. 24 mega di gameplay epico ti spingeranno contro il muro di frontenn18 fasi di azione ininterrotta.
Garry Kitchen's Super Battletank - War in the Gulf (USA)	Super Battletank 2 è la seconda puntata della serie Battletank di Garry Kitchen su Megadrive. Alla guida di un carro armato, hai diverse missioni da svolgere nei conflitti degli anni '90. Tu controlli la velocità e la direzione che prenderà il carro armato, così come la vista della canna e delle mitragliatrici. Guardando la mappa, saprai dove sono i nemici e come aggirare pericolosi campi minati, anche per un veicolo così solido.
Gauntlet IV (USA, Europe) (En,Ja)	Gauntlet 4 è un hack'n slash su Megadrive. Gioca a tuo piacimento: Thor il guerriero, Thyra la valchiria, Merlino lo stregone o Questor l'elfo (ognuno con i suoi vantaggi e svantaggi) in questo gioco che consente a 4 giocatori di giocare contemporaneamente (con un adattatore controller). Oltre alla modalità Arcade, trova una modalità Quest che ti offre una grande avventura.
Gemfire (USA)	Koei ha fatto un'incursione nei mondi fantastici della magia con questo gioco. nnSei maghi, ciascuno intrappolato all'interno di una gemma magica, vengono liberati dalla corona Gemfire dalla principessa Robyn, figlia del tirannico sovrano di Ishmeria, re Eselred. Fuggendo in lungo e in largo per la nazione insulare, ognuno di loro sceglie un capo delle più grandi casate nobiliari come campione per rovesciare Eselred e portare la pace in Ishmeria.
General Chaos (USA, Europe)	General Chaos è un gioco di strategia in tempo reale su Megadrive. Il giocatore controlla una squadra di 5 soldati nella grande battaglia dei Reds contro i Blues. L'obiettivo è vincere piccole scaramucce per respingere i nemici nei loro alloggi. Ci sono 5 diversi tipi di soldati, ognuno con le sue armi, i suoi pro e contro.
Generations Lost (USA, Europe)	In &quot;Generations Lost&quot; vestirai i panni di Monobe, un avventuriero alla ricerca del passato del suo popolo. nnLa figura di Monobe è disegnata con molti dettagli. Grazie alla sua armatura magica è in grado di fare un numero enorme di possibilità di movimento. Oltre a correre e saltare, Monobe può rotolare a terra, sferrare colpi con mani e piedi e può sparare palle di energia. Con l'aiuto di una fune energetica, Monobe può oscillare da una piattaforma all'altra. nnLa maggior parte delle volte, Monobe deve risolvere diversi enigmi, trovare interruttori segreti e sopravvivere a trappole mortali. nnIl gioco è diviso in sei aree che puoi raggiungere con il teletrasporto &quot;Magic Box&quot;.
Genghis Khan II - Clan of the Gray Wolf (USA)	Come nella prima parte potresti partecipare a due conquiste: conquista mongola e conquista del mondo. Nella prima devi unire tutte le piccole tribù del paese. La conquista del mondo è più complessa: devi usare tutti i tuoi sensi per creare il mondo come desideri.
Gensou Senki Kokou no Ryuu - Crying Dragon (Japan) (Proto)	Gensou Senki Kokou no Ryuu: Crying Dragon è un gioco di ruolo d'azione inedito originariamente annunciato da Sega come parte di una line-up dei primi giochi Sega Mega-CD dati a Famitsu ed elencati nel numero del 28 giugno 1991, a pagina 14. È stato cancellato per ragioni sconosciute. nnIl 20 novembre 2019, un primo prototipo del gioco è stato acquisito da Andlabs e successivamente scaricato. Come segno che il prototipo è da molto presto in fase di sviluppo, è un Sega Mega Drive su una cartuccia di sviluppo Sega standard.
George Foreman's KO Boxing (USA)	Con il campione dei pesi massimi George Foreman, questa è una simulazione di boxe in cui i giocatori, assumendo il ruolo di Foreman, affrontano una serie di dodici round contro diversi pugili per vincere la cintura del titolo di campione. nnGiocato da una prospettiva in terza persona utilizzando una vista da destra sopra le spalle sopra il pugile, i giocatori possono muoversi a sinistra e a destra per schivare i pugni in arrivo, bloccare e tirare pugni a destra ea sinistra. Il pugno standard è una croce, ma tenendo premuto il tasto Su si possono anche tirare dei colpi.
Ghostbusters (USA, Europe) (En,Ja)	Ambientato dopo gli eventi del primo film, &quot;Ghostbusters&quot; di Sega segue le ulteriori avventure di Peter, Ray ed Egon, mentre si fanno strada attraverso sei casi nel tentativo di ricostruire una misteriosa tavoletta di pietra. Completamente diverso dal titolo Activision con lo stesso nome, Genesis &quot;Ghostbusters&quot; è un platform a scorrimento laterale in cui i ragazzi in grigio corrono attraverso case, appartamenti, una casa in fiamme e un grattacielo per cominciare mentre combattono contro una miriade di fantasmi con i loro blaster protonici. Quando i Ghostbusters affrontano un boss fantasma, hanno la capacità di intrappolarli nel modo tradizionale.
Ghouls'n Ghosts (Japan, USA) (En,Ja)	L'epoca in cui è ambientato il gioco è quella in cui cavalieri percorrevano il paese in cerca del santo Graal, difendevano l'onore di belle fanciulle e combattevano una battaglia senza fine contro dilaganti forze diaboliche.
Go Net (Japan)	Go Net è una rara cartuccia Sega Mega Drive sviluppata come joint venture da Sega e Aisystem Tokyo e rilasciata esclusivamente in Giappone nel 1992. In combinazione con un Sega Mega Modem e abbonamento, consente di giocare a Go con altri possessori della cartuccia.
Gods (USA)	Nei panni di Hercules cerca di conquistare l'immortalità facendo uso di tutta la tua intelligenza. Esplora i meravigliosi templi, le città i sottomondi segreti e i complicati labirinti affrontando gli avversari malefici che incontrerai sul tuo cammino. L'intera impresa dipende dal tuo livello di abilità e ogni tuo singolo movimento verrà accompagnato dalla bellissima colonna sonora dei Bitmap Brothers. Non smettere mai di provare, perché ciascun livello potrà essere conquistato in tantissime maniere diverse. GODS, la potenza della mente!
Golden Axe (World)	C'era una volta una guerra terribile che infuriava tra gli Dei, creatori del mondo, e i Titani. I Titani furono sconfitti grazie a una potente arma forgiata dagli Dei, chiamata &quot;Ascia d'oro&quot;. Grazie ad essa, i Titani furono banditi e gli Dei lasciarono in eredità la Terra agli umani. Tuttavia, un Titano è sopravvissuto: la Vipera della Morte. Ha preso l'ascia d'oro e l'ha usata per dare fuoco al mondo. Rapì il re di Yuria e sua figlia e minacciò di giustiziarli se gli abitanti non si fossero sottomessi incondizionatamente. Tre eroi, determinati a vendicarsi della Vipera della Morte, si misero alla ricerca di lui.
Golden Axe II (World)	Golden Axe II è un beat 'em all su Megadrive. La pace del regno è minacciata da Darth Guld, che ha messo la mano sull'ascia d'oro e intende usarla per portare il caos. Prendi il controllo di uno dei tre personaggi, Ax-Battler, Tyris-Flare o Gilius Thunderhead e usa le tue armi e la magia per fermare Dark Guld e recuperare l'Ascia d'Oro.
Golden Axe III (Japan) (En)	Golden Axe III è l'ultimo capitolo della saga di picchiaduro a scorrimento orizzontale fantasy di SEGA sul MegaDrive. Nei panni del barbaro Kain Grinder, dell'amazzone Sarah Barn, del gigante Braoude Cragger, che sostituisce il personaggio del nano Gillius, o dell'umanoide Chronos &quot;Evil&quot; Lait, fino a due giocatori devono recuperare la famosa ascia d'oro del titolo, rubata dal cattivo principe dell'oscurità, tale Hellbringer.
Goofy's Hysterical History Tour (USA)	In Goofy's Hysterical History Tour, il giocatore prende il comando di Pippo stesso che ottiene il lavoro dei suoi sogni come bidello al Museo di Storia Ludwig von Drake. Tuttavia, il suo rivale Pete è determinato a farlo licenziare e sabota le mostre e disperde i pezzi in vari periodi di tempo. Armato di un nuovo gadget, l'Extend-O-Hand, Pippo deve viaggiare nel passato e recuperare i pezzi prima del mattino.
Gouketsuji Ichizoku (Japan)	Gouketsuji Ichizoku, chiamato Power Instinct al di fuori del Giappone, è un gioco di combattimento arcade del 1993 di Atlus e il primo della lunga serie con lo stesso nome. Atlus lo ha portato su Sega Mega Drive nel 1994, rilasciandolo esclusivamente in Giappone. Sono stati fatti piani per portare il gioco negli Stati Uniti con il nome di Power Instinct, ma sono stati scartati (tuttavia una versione SNES statunitense è stata rilasciata con questo nome). nnIl gioco è un combattente convenzionale. A, B e C eseguono ciascuno una variazione diversa dell'attacco base di ciascun personaggio, con varie combinazioni possibili con il D-pad.
Granada (World) (Evercade)	Nell'anno 2016, in Africa è scoppiata la guerra per i diritti di estrazione del metallo raro. Macchine di distruzione chiamate &quot;centri di manovra&quot; sono state sviluppate come forza primaria, ma recentemente un misterioso centro di manovra è apparso nei territori settentrionali. È conosciuto con il nome di &quot;Granada&quot;, e ha distrutto le armi delle fazioni di entrambe le parti. Tu sei il pilota di questa macchina, un uomo di nome Leon Todo.
Great Circus Mystery Starring Mickey & Minnie, The (USA)	È un mondo sottosopra al circo! Topolino e Minnie hanno in programma di trascorrere una giornata piena di divertimento a il circo, ma con loro sgomento tutti gli artisti sono scomparsi. Una forza sconosciuta li ha sostituiti con personaggi folli che vogliono rendere spiacevole la giornata di Topolino e Minni. E per di più, Paperino e Plutone non si vedono da nessuna parte.
Great Waldo Search, The (USA)	Basato sulla popolare serie di libri Dov'è Waldo, l'obiettivo del giocatore è trovare Waldo, che è nascosto in varie immagini, prima che scada il tempo sull'orologio. Il giocatore controlla una lente d'ingrandimento e deve fare clic su vari elementi per ottenere effetti diversi. Trovare un orologio aggiunge più tempo alla ricerca, facendo clic su un'icona 150 si aggiungono 150 punti al punteggio, ecc.
Greatest Heavyweights (USA)	Con Greatest Heavyweights o i più famosi pesi massimi, la boxe si vince scalando le classifiche! Metti uno degli otto campioni di boxe contro gli altri sette in un'estenuante competizione per determinare il migliore! Oppure crea il tuo pugile e prova, con lui, ad eliminare gli altri concorrenti. Quando raggiungi il primo posto, gli otto campioni di tutti i tempi ti mostreranno cos'è veramente la boxe.
Greendog - The Beached Surfer Dude! (USA, Europe)	Greendog è un surfista. sfortunato. Ha perso il surf ed è rimasto incastrato con una collana maledetta. Greendog deve lottare contro degl esseri pazzeschi e dei mostri lungo la strada per trovare il tesoro degli Aztechi, altrimenti non si libererà più dalla maledizione!
Grind Stormer (USA)	Questa cartuccia combina due diversi sapori localizzati del gioco arcade originale. Ci sono due modalità, Grind Stormer e V Five. Entrambi offrono gli stessi livelli e nemici, ma hanno un approccio diverso a come il giocatore può usare i potenziamenti. nnIn questo frenetico sparatutto a scorrimento verticale dall'alto verso il basso in cui lo schermo è costantemente pieno di nemici e proiettili, i giocatori hanno una cadenza di fuoco costante e illimitata, potenziata da potenziamenti che includono missili, proiettili a ricerca bersaglio, scudi, velocità aggiuntiva , potere extra e punti bonus.
Growl (USA)	Nella prima parte del 20 ° secolo, un gruppo di bracconieri malvagi ha cacciato incautamente animali fino all'estinzione, tra cui leoni, cervi, elefanti, aquile e molti altri. nnGrowl è un gioco per un giocatore, in cui controlli uno dei quattro personaggi (Gen, Burn, Khan e Jack) e devi sconfiggere questi malvagi bracconieri affrontandoli con i tuoi pugni. Tuttavia, ci sono armi che possono essere trovate, tra cui granate, lanciarazzi, fruste, spade, pistole e fucili, che ottieni una volta che un nemico le fa cadere a terra, quindi puoi usare queste armi contro di loro. Se riesci a ottenere una delle pistole, puoi sparare ai nemici con una scorta limitata di munizioni. Una volta esaurite le munizioni, la tua unica opzione è colpirle con la pistola.
Guerra dos Monstros (Brazil) (Mega Drive 4)	È un gioco di carte. Il gioco non è stato venduto su supporto fisico, ma solo come promemoria di alcuni modelli di console Mega Drive venduti in Brasile, come il Sega Tec Toy Super Mega Drive 3 con 71 giochi in memoria. Gioco rilasciato esclusivamente su MegaDrive.
Gunship (Europe)	Gunship è un gioco d'azione per elicotteri sviluppato da Probe e pubblicato da U.S. Gold per Sega Mega Drive, basato sull'omonima serie di giochi MicroProse. È stato rilasciato solo nelle regioni PAL.
Gunstar Heroes (USA)	Il Colonnello Red e la sua armata Imperiale hanno deciso di rubare le Gemme Mistiche e di riattivare Destructor, un robot che anni fa stava per distruggere il pianeta Gunstar 9. I gemelli Gunstar hanno giurato che Destructor non tornerà mai più per minacciare il loro pianeta, ed ora è giunto il momento di mantenere la loro promessa! C'è un eroe in famiglia?
Gynoug (World) (Ratalaika Games)	Gynoug è uno sparatutto a tema horror simile a Thunder Force e altri sparatutto orizzontali. Ma a parte la maggior parte di loro in cui interpreti un'astronave di qualche tipo, qui giochi come Wor, un membro dei cosiddetti &quot;uomini volanti&quot; che sembrano abbastanza simili agli angeli. Il pianeta natale di queste persone, Iccus, è stato preso da un virus che si è trasformato in una collezione di creature piuttosto orribili e ogni precedente tentativo di combatterle è fallito. Quindi ora tocca a Wor salvare il suo pianeta natale e distruggere questi mutanti una volta per tutte! Gynoug è composto da 6 livelli senza punti di controllo, invece continui esattamente dove sei morto se hai delle vite rimaste. Ogni livello (tranne l'ultimo) ha un boss centrale e un grande boss finale.
Hard Drivin' (World)	Hard Drivin 'è un gioco di corse 3D su Megadrive. Sei al volante di un'auto sportiva e l'obiettivo è superare il maggior numero possibile di checkpoint. Ogni checkpoint ti dà un bonus extra di tempo per andare oltre. Alcuni circuiti sono adatti per le acrobazie (salta su un anello, salta su un ponte...) e puoi guardare la tua esibizione grazie al rallentatore.
HardBall '94 (USA, Europe)	Le nuove funzionalità di questa edizione della simulazione di baseball includono l'Home Run Derby e il Pitching Practice. Sono inclusi più punti di vista e replay istantanei. Sono incluse 28 piazzole, ognuna con effetti distinti. Puoi utilizzare squadre reali o fittizie e persino crearne di tue fino al logo e al kit. Le statistiche come la media battuta e gli RBI vengono archiviate e possono essere stampate. Inoltre, come nel gioco precedente, l'annunciatore Al Michaels dice cose durante il gioco.
HardBall '95 (USA)	Sim di baseball orientato all'azione. Hardball 5 è principalmente un aggiornamento di Hardball 4, con le aggiunte che arrivano sotto forma di impostazioni di difficoltà regolabili, grafica più nitida, più commenti di Al Michaels e una migliore modalità di gioco che viene fornita con un set completo di major leaguers del 1994 più un bonus &quot;leggende&quot; lega. Include il supporto multiplayer per un massimo di 2 giocatori.
Haunting Starring Polterguy (USA, Europe)	Scegli 4 case enormi da esplorare. spaventa 4 membri insignificanti della famiglia. nnPiù di 400 oggetti strepitosi da utilizzare per spaventarli. Non esaurire la tua scorta di ectoplasma. Attenzione alle potenti ectobestie!
Head-On Soccer (USA)	In questa partita di calcio isometrica, sono rappresentate 51 squadre nazionali che giocano in due modalità di gioco: Esibizione e Torneo (una serie di sette partite in quattro continenti, con una finale contro le Stelle del Mondo), con la possibilità di impostare l'ora, il livello di difficoltà, vedi filmati dopo i gol e sì, i giocatori sono liberi di calciarsi a vicenda senza (molti) falli.
Heavy Nova (USA)	In un'era di frequenti attacchi alieni, la Terra ha un governo unificato, che si basa su una linea di cyborg noti come Heavy Dolls per la difesa. I più grandi di questi sono conosciuti come Heavy Nova, un titolo guadagnato superando un rigoroso regime di allenamento. nnStai affrontando i terreni di prova simulati, che sono divisi in due stili di azione alternata. Nella prima devi avanzare (inizialmente puramente orizzontalmente, ma in seguito anche con scorrimento verticale) attraverso un ambiente ostile di nemici, bombe e trappole, guadagnando punti per farlo rapidamente e con molta energia rimasta. Inizialmente puoi volare e calciare secondo necessità. nnUna volta completata questa sezione, si passa al combattimento uno contro uno in stile Street Fighter 2. I primi nemici hanno molta meno energia di quanta ne hai all'inizio. Man mano che avanzi nel gioco, ti vengono assegnate mosse di attacco extra, in modo simile a Brutal: Paws of Fury
Heavy Unit - Mega Drive Special (Japan) (En)	Heavy Unit è un tipico sparatutto a scorrimento laterale in cui devi volare attraverso diversi livelli pieni di nemici, boss medi e finali. Oltre ai soliti potenziamenti che aumentano la tua velocità e le tue armi, ce n'è anche uno che trasforma la tua astronave in un grande robot con un diverso sistema di armi. nnQuesto è lo stesso gioco di Heavy Unit per Turbografx-16 ma con una grafica e un suono migliorati (più colori, nemici più grandi). Il layout dei livelli è lo stesso.
Hellfire (World) (Retro-Bit)	Nell'anno 2998, l'umanità ha finalmente raggiunto le stelle ed è stata in grado di costruire una società prospera e pacifica. Tuttavia, una materia spaziale nota come Nebulosa Nera iniziò a diffondersi, minacciando di inghiottire le galassie controllate dagli umani. Si è scoperto che dietro a questo evento c'era un dittatore robotico di nome Super Mech. La Terra invia il Capitano Lancer, un abile pilota alla guida del potente velivolo CNCS1, equipaggiato con l'arma più potente: l'Hellfire...
Herzog Zwei (USA, Europe)	La premessa è che due forze opposte sono in lotta tra loro. Ogni giocatore controlla un aereo a reazione che zooma sullo schermo e può trasformarsi in un soldato a terra. Questi soldati di terra possono ferire le unità nemiche, ma non possono influenzare le basi. Per conquistare le basi sparse sulla mappa (e, in definitiva, la base nemica), i giocatori devono acquistare nuove unità e trasportarle in determinate posizioni. In questo modo, il giocatore agisce più come un trasporto e gestione di diversi tipi di unità piuttosto che come un personaggio da combattimento stesso. Se l'aereo viene distrutto, riparte dalla posizione base del giocatore. Come accennato in precedenza, un livello è completo quando la base di entrambi i lati viene persa dalle forze avversarie.
Hexagonos (Brazil) (Mega Drive 4)	Gioco da tavolo. Il gioco non è stato venduto su supporto fisico, ma è stato rilasciato solo in memoria di alcuni modelli della console Mega Drive venduti in Brasile, come il Sega Tec Toy Super Mega Drive 3 con 71 giochi in memoria. Gioco pubblicato esclusivamente su Mega Drive.
High Seas Havoc (USA) (En,Ja)	Havoc è un giovane viaggiatore e cacciatore di tesori, che vaga per i mari con il suo compagno di bordo Tide. Un giorno, trova una ragazza priva di sensi in riva al mare. Dice a Havoc che il suo nome è Bridget e che ha una mappa del tesoro che porta alla posizione di Emeralda, il leggendario tesoro con un potere unico. Ma il malvagio pirata Bernardo ha rapito Bridget e Tide e ha rubato la mappa del tesoro. Havoc deve salvare i suoi amici e recuperare la mappa! Questo è un platform d'azione. Havoc può rotolare, saltare e attaccare i nemici mentre saltano, o colpirli semplicemente saltando loro sulla testa. Può anche raccogliere vari oggetti e aprire forzieri del tesoro lungo la strada.
Hit the Ice - VHL - The Official Video Hockey League (USA)	Hit the Ice è un gioco di hockey dal ritmo veloce e di grande impatto basato sul gioco arcade del 1990 di Williams. Avendo più in comune con Arch Rivals di Midway di qualsiasi sana simulazione di hockey, questa arena non è un posto per le penalità e non è un posto per i deboli. Mentre l'idea è ancora quella di mettere in qualche modo il disco nella porta della squadra avversaria, ogni squadra ha solo tre giocatori, c'è una forte attenzione al check ed è possibile fare un &quot;super tiro&quot; che è abbastanza forte da mandare il portiere in rete insieme al disco. nnSono disponibili modalità esibizione e torneo per uno o due giocatori. Due giocatori possono persino allearsi per affrontare il computer. La versione TurboGrafx-16 aggiunge anche una modalità a quattro giocatori, mentre la versione Gameboy aggiunge una modalità &quot;corsa di tiro&quot; in cui il giocatore deve ottenere un certo numero di gol il più rapidamente possibile.
Home Alone (USA, Europe)	La lotta al crimine non è mai stata così esplosiva!nnSalva il quartiere da Harry e Marv! Kevin è stato lasciato a casa da solo e i due subdoli truffatori si aggirano per la sua strada. Chi è in pericolonnadesso? Kevin - o i bulli della casa?nnCorri di casa in casa sulla slitta di Kevin, tenendo gli occhi aperti per i cattivi. Schiva ceppi e ghiaccio liscio perché il tempo sta finendo. Armati di una pistola BB e di tutte le armi fatte in casa che puoi trovare e assemblare. Fai scappare i ladri prima che possano saccheggiare ilnnmerce! nn-5 diverse case da salvare! Imposta e lancia una serie di attacchi e imboscate per intrappolare innladri. - Assembla oggetti domestici per creare e utilizzare armi esilaranti come un fucile a flash, un bazooka a palle di neve e un lanciabombe a colla. nn- L'animazione comica e l'azione slap-stick rivivono tutto l'umorismo veloce e bizzarro del film di successo.
Home Alone 2 - Lost in New York (USA)	La famiglia McCallister è in partenza per Miami per una vacanza di Natale al sole. Il figlio, Kevin, finisce sull'aereo sbagliato e finisce a New York da solo. Anche la squadra di banditi di due uomini che ha aiutato a catturare nel primo film si trova lì e vuole vendicarsi. nnHome Alone 2 è un gioco platform d'azione liberamente ispirato all'omonimo film del 1992. Partendo dall'aeroporto, il giocatore controlla Kevin mentre corre per New York, visitando luoghi simili a quelli del film e superando in astuzia i banditi Harry e Marv, che si presentano per molestarlo quasi ogni volta. Kevin ha una varietà di armi a misura di bambino a portata di mano per affrontare i suoi nemici, tra cui palle da baseball, palloni da calcio e fionde.
Honoo no Toukyuuji - Dodge Danpei (Japan)	1108 / 5000nnRisultati della traduzionennDanpei Ichigeki è un ragazzo che ama il dodgeball. Il padre di Danpei era un famoso giocatore di dodgeball quando era ancora vivo e si unisce al Dodgeball Club alla sua scuola elementare. Tuttavia, questi ragazzi sono molto seri riguardo al loro dodgeball, e la strada da percorrere non sarà facile per Danpei. nnDodge Danpei è un gioco di dodgeball a squadre, uno dei tanti basati sull'anime e sul manga creato da Tetsuhiro Koshita, che suona in modo sorprendentemente simile al famoso Super Dodge Ball. Ogni squadra ha quattro giocatori principali e tre giocatori di supporto e tenta di mettere fuori combattimento i membri principali della squadra avversaria lanciando loro la palla in vari modi. Oltre ai normali tiri, il giocatore può anche passare ai compagni di squadra ed eseguire speciali tiri di potenza che sono più difficili da schivare o prendere.
Hook (USA)	IL TUO SANGUE STA POMPANDO E UN BRIVIDO CORRE NELLA TUA SCHIENA!nnTi sei finalmente trovato faccia a faccia con il pirata più famigerato di tutti, Capitan Uncino, il demonio che ha rapito i tuoi figli e ha giurato di non lasciarli mai andare. Come Peter Pan, questa è la luce della tua vita. Tutto ciò che è venuto prima - il tuo duello con Rufio, le tue battaglie contro i pirati, anche i tuoi voli altissimi sopra Mare non sono niente in confronto a questo momento. • Undici livelli di incredibile eccitazione. • Molteplici destinazioni: foreste, grotte, caverne, città, lagune, regioni fatate e l'albero che non c'è. • Oggetti magici che ti daranno forza e poteri speciali: mele, foglie e polvere di fata.
Hoops Shut Up and Jam 2 (World) (Evercade)	&quot;EHI QUALSIASI SCIOCCO PUÒ PALLEGGIARE IN QUALCHE STUPIDA PALESTRA, IO STO PARLANDO DI STREET BALL&quot; &quot;Niente belle uniformi. NESSUN RIFERIMENTO per proteggere la tua misera vendita. Solo io e te contro alcune delle leggende di strada più dure che abbia mai avuto il piacere di fare una mossa. pollice verticale che salta figlio di mamma. Hai capito? Quindi non mettermi in imbarazzo. MOSTRAMI COSA HAI SU sette dei peggiori asfalti che si trovano da questa parte di North Philly. &quot;
Hoops Shut Up and Jam! (World) (Evercade)	&quot;EHI QUALSIASI SCIOCCO PUÒ PALLEGGIARE IN QUALCHE STUPIDA PALESTRA, IO STO PARLANDO DI STREET BALL&quot; &quot;Niente belle uniformi. NESSUN RIFERIMENTO per proteggere la tua misera vendita. Solo io e te contro alcune delle leggende di strada più dure che abbia mai avuto il piacere di fare una mossa. pollice verticale che salta figlio di mamma. Hai capito? Quindi non mettermi in imbarazzo. MOSTRAMI COSA HAI SU sette dei peggiori asfalti che si trovano da questa parte di North Philly. &quot;
Humans, The (USA)	Il tuo compito in questo puzzle d'azione è aiutare l'uomo preistorico a evolversi aiutandolo a scoprire gli strumenti, la ruota, le armi o persino il fuoco. Ogni livello del gioco avrà un determinato compito per aiutare in questo, e ti viene assegnato un numero di personaggi che devono portare a termine il compito. Il giocatore può passare da persona a persona mentre sposta i personaggi attorno a ciascun puzzle a scorrimento e il lavoro di squadra è essenziale per il successo.
Hurricanes (Europe)	Così pensavi che il calcio si giocasse con... pensaci su! Parti per un viaggio super movimentato in questa avventura di piattaforme attraversando misteriose città minerarie, templi terrificanti, foreste micidiali e giungle insidiose. Tutto questo per raggiungere lo stadio e la tua arma, un pallone!
Hybrid Front, The (Japan)	The Hybrid Front è un videogioco di strategia a turni, pubblicato in Giappone (esclusivamente) per Mega Drive. L'introduzione inizia con qualcuno che accede a un computer. Quindi, mostra una rivoluzione avvenuta negli anni 2080 che ha portato a una serie di guerre e conflitti che hanno portato all'ambientazione principale del videogioco del 26° secolo. Dalla seconda metà del 21° secolo, l'esaurimento delle risorse di combustibili fossili ha contribuito ad approfondire il conflitto sulla Terra...
Hyokkori Hyoutan-jima - Daitouryou wo Mezase! (Japan)	Hyokkori Hyotanjima: Daitoryo o Mezase! (&quot;Aim for the Presidency!&quot;) è un gioco da tavolo in stile sugoroku per un massimo di quattro giocatori basato sul popolare spettacolo per bambini della NHK Hyokkori Hyotanjima. Quattro personaggi dello spettacolo decidono tutti di voler essere il presidente dell'isola, e così iniziano la campagna. nnL'obiettivo di ogni round è raccogliere il maggior numero di punti; i punti possono essere guadagnati o persi in base agli spazi su cui atterra il giocatore. Il round termina quando un giocatore raggiunge la destinazione impostata all'inizio del round, che dà un bonus di punti. Il giocatore con il maggior numero di punti dopo un determinato numero di round è il vincitore.
Hyper Marbles (Japan) (Sega Game Toshokan)	In futuro, anche il semplice gioco delle biglie per bambini sarà high-tech ed estremo. Hyper Marbles prende il concetto di base del classico gioco per bambini - far cadere le biglie dell'avversario dal campo di gioco - e gli conferisce un tocco futuristico di fantascienza. Il giocatore dirige la sua biglia robotica intorno al campo, cercando di spingere i suoi avversari contro le mortali pareti elettrificate che fiancheggiano l'arena. Ad aiutarlo c'è un booster jet, che può far rimbalzare gli avversari abbastanza lontano, ma se usato troppo si surriscalda e deve raffreddarsi prima di essere usato di nuovo. Ci sono dieci diverse arene, ognuna con diversi pericoli come chiazze di petrolio e barriere mobili. C'è una modalità per giocatore singolo, in cui l'obiettivo è distruggere tutti i nemici per andare avanti, nonché una modalità contro due giocatori in cui l'obiettivo è distruggere l'altro giocatore.
Ikasuze! Koi no Doki Doki Penguin Land MD (Japan) (Sega Game Toshokan)	Doki Doki Penguin Land MD è un remake a 16 bit del classico gioco di puzzle di Master System Penguin Land. Il giocatore controlla un pinguino che deve portare un uovo dalla cima di ogni livello fino in fondo, dove lo sta aspettando la sua ragazza. Il giocatore deve rompere i blocchi di ghiaccio per aprire un percorso, ma se l'uovo cade troppo lontano, si romperà. Ci sono numerosi pericoli a cui il giocatore deve prestare attenzione, tra cui piattaforme mobili, solidi blocchi di ferro, blocchi che si rompono non appena l'uovo li tocca, punte mobili e tubi attraverso i quali solo il pinguino o l'uovo possono passare.
IMG International Tour Tennis (USA, Europe)	Concesso in licenza dall'International Management Group (IMG), questa rara avventura di Electronic Arts nel tennis presenta 32 giocatori professionisti (tutti maschi e autorizzati dall'IMG) tra cui Bjorn Borg, Marcelo Rios, Patrick Rafter e Yevgeni Kafelnikov in 15 tornei con superfici diverse. Le modalità di gioco includono esibizione, tour e torneo sia per singolo che per doppio. nnOltre alla consueta offerta di pallonetti, volée, passaggi, top spin e fendenti, il giocatore può lasciare il movimento del giocatore alla console e concentrarsi solo sul colpire la palla con il tiro giusto con il tempismo corretto (il giocatore può anche impostare il gioco stile, da tutto campo, dalla linea di fondocampo o da rush net). Per coloro che hanno bisogno di una spinta di fiducia prima di entrare in un gioco competitivo, Vic Braden, uno dei più noti allenatori di tennis, ha un campo con linee speciali, una macchina per le palle e alcuni suggerimenti per aiutarli a migliorare il loro gioco.
Immortal, The (World) (Evercade)	Entrate nella prigione sotterranea del terrore dove gli incubi si risvegliano nn• Oltre 50 stanze da eplorare nn• Combattimento in tempo reale a pieno schermo nn• Oltre 30 morti completamente animate nn• 8 Mega di memoria
Incredible Crash Dummies, The (USA, Europe)	Quel guastafeste meccanico di Junkman ha rapito iI Dr.Zub,il designer di dummies! Slick dovrà salvarlo, facendo lo spericolato al Centro di collaudo. rimanendo tutto d'un pezzo nel Cantiere e rischiando l'osso del collo nella Zona Militare di Collaudo!nnIl futuro della sicurezza è nelle tue mani! Non perdere la testa!
Incredible Hulk, The (USA, Europe)	Sei l'incredibile Hulk e devi sconfiggere le forze malvagie di The Leader. Sono stati elaborati dei piani per Produrre un'arma biochimica distruttiva e The leader è assistito in questo suo progetto dai tuoi più acerrimi nemici. Tyrannus, Absorbing Man, Abominatlon e Rhino C'è in gioco il controllo sul mondo intero! The Leader è lì che ti aspetta!
Indiana Jones and the Last Crusade (USA)	Come nel film (e nella più famosa avventura grafica), il tuo compito è trovare il Sacro Graal. Prima che ciò possa essere fatto, devi trovare la Croce di Coronado, uno scudo e un diario. Questo crea un'avventura arcade a quattro livelli che combina salite, esplorazione (con diversi percorsi attraverso ogni livello e alcune trappole) e puzzle. Indy è armato con la sua fidata frusta per combattere i nemici, ma può anche essere coinvolto in combattimenti corpo a corpo. Il primo livello si svolge nelle grotte sotto il Colorado, prima di raggiungere un treno da circo in movimento disseminato di trappole, uno Zeppelin pieno di guardie e scale, e poi il Castello Grunwald in Austria.
Insector X (USA)	Ti daranno fastidio... alla MORTE! Rispetto a questi ragazzi, le api assassine sono spaventose come una farfalla. In questo fantastico impero di insetti devi essere una pistola veloce! Nessuna bomboletta di spray per insetti ti aiuterà qui. Questi insetti giganti meccanizzati fanno sul serio. Diventa troppo affascinato dal bellissimo paesaggio e i tuoi sogni ad occhi aperti potrebbero diventare un incubo! Diventa... Insetto X! Un momento di ritardo potrebbe essere l'ultimo!
Instruments of Chaos Starring Young Indiana Jones (USA)	I tedeschi stanno costruendo l'ultima macchina del giorno del giudizio e solo il giovane Indiana Jones può intercettare i piani. Manovra il giovane Indiana Jones attraverso un focolaio di teppisti. Fatti strada attraverso l'opposizione con le tue granate. Aziona le tue pistole contro minacciosi teppisti indiani. I nemici continuano ad arrivare! Usa la tua incredibile frusta per trovare l'ingresso segreto del tempio sacro. Salta sul dorso di un elefante in carica. Sali sui cavi del torreggiante Tower Bridge di Londra. Questa azione è intensa! Preparati per avventure adrenaliniche nei bazar dell'India, nelle sabbie dell'Egitto, nelle montagne del Tibet e in luoghi più spaventosamente realistici.
International Rugby (Europe)	Il rugby internazionale è un gioco di rugby giocato da una prospettiva dall'alto. Il gioco consiste in tornei giocati come parte della Coppa del Mondo con paesi come Inghilterra, Stati Uniti, Argentina, Francia, Galles, Scozia, Fiji, ecc. Nelle opzioni è possibile determinare il tipo di torneo, la quantità di vento e il tempo di gioco. Il multiplayer è per due giocatori. Appare un misuratore per determinare la potenza e la curva. Viene compilato automaticamente e il giocatore deve premere due volte un pulsante per il tempo in entrambi gli aspetti. Quando si corre con la palla, può essere passata o calciata. In posizione difensiva è possibile attaccare e alternare i giocatori. Ogni giocatore ha statistiche individuali basate su posizione, altezza, peso, velocità, passaggio, ruck, punteggio, tattica, espulsioni e infortuni. Le partite della Coppa del Mondo possono essere visualizzate su uno schermo separato.
International Sensible Soccer (Europe) (En,Fr,De,It)	Rilasciata insieme ai Mondiali del 1994, questa è stata la prima versione di Sensible Soccer a presentare squadre provenienti da paesi extraeuropei. Il torneo di Coppa del Mondo è presentato per intero e puoi regolare quali 24 squadre hanno queste caratteristiche, una caratteristica particolarmente cruciale per i fan inglesi e francesi, poiché le loro nazioni non si sono qualificate. Per la prima volta nella serie compare un arbitro sullo schermo. I dati della squadra di club sono stati aggiornati per tenere conto dei trasferimenti e delle modifiche alle divise rispetto alla versione precedente. Il gameplay è più o meno lo stesso delle edizioni precedenti, visto dall'alto con piccoli sprite e controllo della palla sciolto.
International Superstar Soccer Deluxe (Europe, Brazil) (En)	Questo è il sequel di International Superstar Soccer, la saga di giochi di calcio di Konami. Questa versione Deluxe è stata pubblicata prima su SNES, poi su Mega Drive e Playstation. ISS Deluxe ha animazioni realistiche e sprite dei giocatori. Puoi competere con 36 squadre nazionali con giocatori famosi riconoscibili (come Valderrama, Baggio, Ravanelli, Petkov ...), ma i loro nomi sono fittizi. Puoi anche scegliere tra 16 formazioni e 8 strategie per vincere. Le competizioni disponibili sono: International Cup, World Series (League), Scenario Mode e mini-coppe / campionati personalizzabili.
It Came from the Desert (USA) (Proto)	Il giocatore assume il ruolo del Dr. Greg Bradley che arriva nella remota Lizard Breath, Nevada, il 1 giugno 1951. Come geologo, vuole studiare un sito recente di un incidente meteorico da qualche parte nel deserto a sud-ovest della piccola città . All'inizio del gioco, apprende che la radiazione del meteorite ha ingrandito una popolazione di formiche locali a dimensioni enormi. Tuttavia, pochi prendono sul serio le sue osservazioni. Preoccupato che le formiche presto si accoppino e si diffondano, deve lavorare contro il ticchettio dell'orologio e escogitare un piano per impedire alle formiche di terrorizzare il mondo. Per avere successo, il giocatore deve visitare molti luoghi che vanno da miniere, fattorie, un pub, un aeroporto, una stazione radio locale e molti altri per trovare prove delle formiche, quindi convincere i cittadini e le autorità del destino imminente. Allo stesso tempo, il giocatore deve contenere l'infestazione di formiche.
Itchy & Scratchy Game, The (USA) (Proto)	Il gioco Grattachecca e Fighetto su Megadrive è platform dell'universo dei Simpson. Fighetto (il topo) cerca di uccidere Grattachecca (il gatto) con violenza e fantasia illimitate. In questo videogioco, il giocatore interpreta Fighetto e deve trovare varie armi attraverso i 7 livelli per demolire ancora una volta il suo vecchio nemico.
Izzy's Quest for the Olympic Rings (USA, Europe)	Izzy's Quest for the Olympic Rings è il gioco ufficiale della mascotte dei Giochi Olimpici del 1996 ad Atlanta. Come suggerisce il nome, Izzy deve trovare i cinque anelli olimpici, nascosti dai guardiani in modo che Izzy non li porti nel suo mondo. nnIl gioco è molto simile ai giochi di Mario; per eliminare un avversario Izzy deve saltare sopra la sua testa. Sono disponibili due salti, il salto con la palla adatto all'altezza e il salto con gli ostacoli, adatto alla distanza. Entrambi permettono a Izzy di eliminare un nemico, ma il secondo lo danneggia. Se Izzy viene colpito, deve trovare tre medaglie, o al prossimo colpo perde una vita. Ci sono alcuni oggetti extra, come le torce olimpiche e le uova che si schiudono per ottenere punti bonus, trampolini o punti metamorfosi per raggiungere aree o trappole altrimenti inaccessibili. Izzy può anche trasformarsi in un aliante, un giocatore di baseball, un arciere o un razzo, tra gli altri, per superare alcune sezioni dei livelli.
J. League Champion Soccer (Japan)	European Club Soccer ha dozzine di squadre da tutta Europa (circa 170) e ogni paese è rappresentato da almeno due squadre. Oltre a correggere i nomi dei club, ha anche imitazioni riconoscibili di stemmi e divise delle squadre; anche se i kit più elaborati (come quelli indossati da Juventus, FC Porto o Celtic F.C.) sono semplificati (la Juventus ha una maglia argento, blu Porto e verde celtico). I nomi dei giocatori, d'altra parte, sono stati creati mescolando nomi trovati su squadre reali. Le squadre portoghesi, ad esempio, avevano un gran numero di giocatori jugoslavi all'inizio degli anni '90, e questo si rifletteva in giocatori con nomi come Valentim Ivic (di Valentim Loureiro e Tomislav Ivic, poi presidente del Boavista FC e allenatore dell'SL Benfica, rispettivamente). I nomi non potevano essere modificati e, poiché il gioco mancava di una batteria, non memorizza le modifiche apportate ai kit e le password sono state utilizzate per riprendere i tornei (esempio di un foglio di password). Il Rotherham United è incluso tra i club inglesi nonostante non abbia mai giocato nella massima serie del calcio inglese, questo è dovuto allo sviluppatore, Krisalis Software, che ha sede a Rotherham. Tutti gli altri club hanno giocato nel massimo livello del proprio paese.
J. League Pro Striker (Japan)	Pro Striker è il primo titolo della serie calcistica di Sega dei primi anni '90. È un gioco di calcio in stile arcade simile al precedente World Championship Soccer di Sega. Il gioco è visto da una prospettiva a volo d'uccello con una minimappa a tutto campo sul lato dello schermo. Il giocatore può anche effettuare sostituzioni e scegliere tra sei diverse formazioni. È dotato di una licenza ufficiale J.Leauge, che include tutte e dieci le squadre e tutti i giocatori della stagione 1993. C'è una modalità esibizione, una modalità playoff e una modalità campionato completo e fino a quattro giocatori possono giocare contemporaneamente.
J. League Pro Striker 2 (Japan)	Pro Striker 2 è il sequel del primo titolo ed è un gioco di calcio molto simile al modello dell'anno precedente. Gli aggiornamenti sono in gran parte cosmetici, con il gioco che mantiene la stessa vista dall'alto e la stessa minimappa di campo. Naturalmente, è incluso l'elenco completo della squadra e dei giocatori della J.League del 1994. Le modalità mostra, playoff e campionato sono tornate dal primo gioco, così come la modalità all-star che è stata aggiunta nel suo aggiornamento. Ancora una volta, possono giocare contemporaneamente fino a quattro giocatori e anche il sistema di menu è stato notevolmente semplificato.
J. League Pro Striker Perfect (Japan)	Pro Striker Perfect è una versione aggiornata della versione originale che presenta statistiche aggiornate sui giocatori e l'aggiunta delle squadre All-Star Est e Ovest del 1993. Per il resto è identico alla versione originale.
Jack Nicklaus' Power Challenge Golf (USA, Europe)	Power Challenge Golf è un gioco di simulazione di golf, basato sul Golf & Course Design di Accolade dell'anno precedente, e presenta entrambi i campi di quel titolo (Sherwood e English Turn) e un nuovo campo aggiuntivo (Baltusrol). Il gioco offre il gioco di colpi e pelli per un massimo di quattro giocatori, oltre a un campo pratica e una modalità pratica. L'editor del corso dalla versione per PC, tuttavia, è stato rimosso.
James 'Buster' Douglas Knockout Boxing (USA, Europe)	Final Blow è un gioco d'azione basato sullo sport della boxe. Puoi giocare i combattenti in una sequenza di competizioni a eliminazione diretta (le versioni per computer includono anche una lega round-robin). I turni durano un minuto, con una breve pausa tra di loro. Come nel vero sport, il tuo obiettivo è abbattere il tuo avversario per 10 secondi, indebolendolo gradualmente con una serie di pugni. Puoi bloccare i pugni, per evitare che ti infliggano danni. L'anello è di dimensioni limitate, quindi i giocatori possono essere messi all'angolo, anche se l'arbitro interverrà per rompere i pugili se rimangono impigliati in una posizione di stallo.
James Bond 007 - The Duel (USA)	Gioca a James Bond 007 e ferma un professore pazzo che ha lo stesso vecchio sogno di tutti gli altri: dominare il mondo! Il giocatore avrà il fidato Walther PPK e dovrà superare alcuni livelli con un cattivo alla fine di ogni livello. Come nel primo livello, alla fine il giocatore dovrà combattere Jaws. Per dirla semplicemente, questo gioco è fondamentalmente uno sparatutto a scorrimento laterale. Il giocatore può trovare donne che daranno al giocatore una vita extra e molte altre cose.
James Pond - Underwater Agent (USA, Europe)	&quot;James Pond&quot; è (ovviamente) una parodia delle famose storie dell'agente 007. Sei tu che controlli Pond, una creatura simile a un pesce, che deve completare diverse missioni, mentre si fa strada attraverso livelli pieni di pericoli e creature ostili. Non è un tipico gioco &quot;salta e corri&quot;: invece di attraversare grandi livelli, Pond deve completare missioni uniche per ogni area di gioco: liberare ostaggi, far esplodere una struttura, trovare chiavi, ecc. È possibile uscire solo da un livello dopo aver completato l'obiettivo. Molte missioni sono a tempo.
James Pond 3 (USA, Europe)	James Pond 3: Operation Starfish è un gioco platform su Megadrive. Tu controlli Pond, una creatura marina, che può correre molto velocemente e che deve trovare l'uscita dei livelli del gioco. Sarà di nuovo necessario affrontare lo scienziato malvagio Maybe. Diversi oggetti possono essere raccolti per migliorare le abilità di Pond per un breve periodo e dovrai stare attento a controllare il tuo ritmo!
James Pond II - Codename - Robocod (USA, Europe)	Le bombe a orologeria di dottor Maybe stanno ticchettando nelle fabbriche di giocattoli del Polo nord. F.1.5.H. ha ideato un Roboabito speciale allungabile che vi assicura la sopravvivenza sulla terra. Aguzzate le vostre ...pinne, agente Pond!
Jammit (USA)	Come suggerisce il nome, questa è rigorosamente una partita di basket. Ha un tema di basket nero (come si vede in molti strani film americani) e ha una miriade di opzioni di gioco (uno contro uno, gruppo ecc.). Inoltre, ha un'opzione di scommessa, ma a parte questo è la tua tipica partita di basket ordinaria.
Janou Touryuumon (Japan)	Janou Touryuumon è l'ennesima versione digitale del popolare gioco da tavolo mahjong cinese, con la differenza che ha la licenza ufficiale della Japan Professional Mahjong Association. Il gioco ha solo un'opzione per giocare contro il computer, ma ha una buona varietà di modalità di gioco, come Pratica, Torneo e una modalità chiamata Skill Test, che, come dice il nome, mette alla prova il livello delle tue abilità nel gioco.
Jantei Monogatari (Japan)	Una figlia della cattedra di un liceo locale, Yu Honjo, è stata rapita da uno sconosciuto. Incapace di andare alla polizia, la sorella della ragazza, Mai, assume un investigatore privato per scoprire cosa le è successo. L'unica prova è una fotografia della notte della scomparsa di Yu, dove la ragazza scomparsa e altri tre studenti della stessa scuola stanno giocando a mahjong. Jantei Monogatari è un ibrido tra un gioco di avventura giapponese in stile tradizionale e un normale gioco di mahjong. Il giocatore assume il ruolo dell'investigatore privato senza nome e si sposta da un luogo all'altro tramite i menu, parlando con diversi personaggi. L'indagine avviene giocando a mahjong con ogni sospettato: vinci e loro ti diranno un po 'di più di quello che sanno. All'inizio, l'investigatore può parlare solo con le tre ragazze nella foto, ma mentre vince partite di mahjong contro di loro, acquisisce informazioni ed esperienza che gli consentono di trovare nuovi indizi e parlare con più sospetti. L'investigatore dovrà giocare contro una dozzina di avversari diversi nel suo tentativo di scoprire cosa è successo alla ragazza rapita.
Jelly Boy (Europe) (Proto)	Jelly Boy è un gioco d'azione/piattaforma su Megadrive. Il giocatore incarna Jelly Boy, un blob umanoide gelatinoso, attraverso vari ambienti come una fabbrica di giocattoli o un mondo di ghiaccio. Diversi bonus raccolti nei livelli consentono a Jelly Boy di trasformarsi in oggetti diversi e può attaccare i nemici spingendo la pancia a pugni!
Jennifer Capriati Tennis (USA)	GrandSlam: The Tennis Tournament è un gioco di sport su Megadrive. Sono disponibili tre tipi di terreno e una modalità di allenamento ti consente di familiarizzare con i controlli prima di iniziare l'attività. Una modalità Esibizione è lì per partite veloci (1 o 2 giocatori) mentre la modalità Circuito ti metterà contro molti avversari di fila.
Jeopardy! (USA)	Un gioco basato sul quiz televisivo e con la musica dello spettacolo e la voce dell'ospite Alex Trebek. Sono disponibili giochi multiplayer o contro il computer e il gioco procede attraverso due round. Le categorie sono messe a disposizione dei giocatori e le domande sono sotto forma di brevi descrizioni. Le risposte sono limitate a frasi estremamente brevi. Più difficile è la domanda, migliore è la ricompensa in denaro. Rispondere a una domanda sbagliata comporta una detrazione di denaro dal tuo punteggio.
Jeopardy! - Deluxe Edition (USA)	Jeopardy! La Deluxe Edition è una versione aggiornata di Jeopardy! predecessore che presenta oltre 3.500 nuove domande diverse insieme alle funzionalità standard di Jeopardy come Daily Doubles, una somiglianza digitalizzata dell'ospite, Alex Trebek e persino la musica del tema. nnCome nella versione precedente, il giocatore usa i pulsanti per suonare e usa il d-pad per evidenziare le lettere e scrivere le risposte. Il giocatore può anche giocare contro due amici o contro il computer A.I. anziché.
Jeopardy! - Sports Edition (USA)	Questa versione di Jeopardy! si concentra maggiormente su temi relativi allo sport con 700 diverse categorie e 3.500 domande a cui rispondere relative a sport come baseball, calcio, hockey, ecc., Insieme a molte altre sottocategorie come giocatori, attrezzature sportive e simili. nnLe regole sono sempre le stesse degli altri, ci sono tre round in cui il giocatore si attiva per rispondere e spiega le risposte usando il D-pad. È dotato di fotografia digitalizzata di concorrenti vestiti a tema sportivo come baseball, calcio, pallavolo e simili insieme a autentici ambienti di studio digitalizzati e la somiglianza e la voce di Jeopardy da molto tempo! ospite, Alex Trebek.
Jerry Glanville's Pigskin Footbrawl (USA)	La NFL incontra il medioevo nei panni del capitano di una squadra di giocatori di footbrawl medievali mentre gareggi in un gioco pericoloso che coinvolge spade, mazze, cappi e trappole. Per la prima metà giochi in un campo aperto con rocce e pozzanghere d'acqua per farti inciampare e un assortimento di armi in giro, mentre per la seconda metà giochi in un dungeon con armi in giro, ma botole per rendere le cose interessanti. Basato sul gioco arcade realizzato da Midway e approvato dall'allora capo allenatore degli Atlanta Falcons Jerry Glanville.
Jewel Master (USA, Europe)	Il regno di Mythgard sta per essere cancellato da Jardine, il Re Demone! Usate gli anelli magici speciali per distruggere Jardine e le sue strane creature. Ma fate in fretta, c'è poco tempo.
Jim Power - The Lost Dimension in 3D (World)	Agente speciale Jim Power: l'alieno soprannaturale, Vaprak, minaccia di rovesciare il nostro mondo, che è l'ultimo pianeta che si frappone tra esso e un vortice dimensionale. Questo vortice conduce a una quinta dimensione finora perduta. Se riuscirà a sconfiggerci, distruggerà il nostro mondo, aprendo un portale per la sua specie, oltre allo strano effetto mutante che questa dimensione ha su tutte le forme di vita organica. Le loro forze sono troppo forti per noi per essere sconfitte in un assalto frontale, motivo per cui dobbiamo mandarti oltre i loro scanner Omni-eye e tentare di assassinare il più grande uomo malvagio che abbia mai conosciuto. Ci vorranno assolutamente tutto il tuo ingegno e la tua abilità, ma è imperativo che tu raggiunga la sua roccaforte e lo rispedisca al piano sulfureo da cui è venuto.
Jimmy White's Whirlwind Snooker (Europe)	Un simulatore di biliardo 3D. Il tavolo e la stecca possono essere ruotati di quasi tutte le angolazioni, con forza di tiro e spin come richiesto. Una linea bianca tratteggiata sullo schermo mostra il percorso della tua palla, incluso il rimbalzo successivo. nnC'è anche una modalità &quot;trick-shot&quot;, che permette di ricreare i classici tiri da biliardo (beh, non quello con il canestro. O con le stecche stese sul tavolo. O quello con la ragazza sdraiata sulla schiena con il pallina rosa in bocca. Ma lo sai). nnE se indugi troppo a lungo, le palle ti fanno smorfie. Onesto!
Joe & Mac (USA)	Diventa un tizio delle caverne: distruggi un dinosauro!nnJoe e Mac sono due tizi delle caverne che devono trovare le loro fidanzate: sono stati rapiti dai malvagi Neanderthal! Raccogli le tue asce di pietra mentre parti per una missione di salvataggio preistorica, sfidando un mondo selvaggio e stravagante pieno di lava che scorre, frane rocciose e mostri primordiali di quanti tu possa scuotere una mazza. È una vera azione arcade, con una grande grafica in stile coin-op e l'opzione per due giocatori più pessima di sempre,nn• Enormi dinosauri da incontrare e sconfiggerenn• La più grande grafica a colori dalla scoperta del fuoconn• Terre selvagge da esplorare e conquistarenn• Più creature preistoriche di quante tu possa lanciare una mazza!nn• Effetti sonori sconvolgentinn• Cinque livelli - sia verticali che orizzontali - pieni di divertimento preistorico. • Per 1 o 2 giocatori.
Joe Montana Football (World)	Joe Montana Football per Mega Drive è un gioco di footbal orientato all'azione con protagonista il quarterback della Hall of Fame Joe Montana dei San Francisco 49'ers. Gioca una partita singola, un'esercitazione di 2 minuti o prova a vincere il SEGA Bowl. Gioca contro un amico o contro il computer.
Joe Montana II - Sports Talk Football (World)	Sports Talk Football è il secondo gioco di calcio di Sega su Genesis, ancora una volta concesso in licenza dal quarterback dei San Francisco 49ers Joe Montana. nnCome indicato dal titolo, la principale innovazione del gioco è il discorso di commento play-by-play unico per ciò che sta accadendo sul campo. nnLe opzioni di gioco includono partite di esibizione e una modalità campionato. Il gioco presenta 28 squadre e un playbook di oltre 50 giocate. I giocatori possono anche creare un &quot;dream team&quot; da tutti i giocatori nel gioco e salvarlo tramite una password. nnL'azione è vista in una vista orizzontale del campo, che passa a una vista ingrandita una volta superata la linea di scrimmage. Due giocatori possono giocare uno contro l'altro o in modo cooperativo nella stessa squadra.
John Madden Football '92 (USA, Europe)	Questo aggiornamento della serie calcistica John Madden offre diverse nuove funzionalità rispetto al suo predecessore: replay istantanei, condizioni meteorologiche diverse, infortuni dei giocatori e la possibilità di rivedere e annullare le chiamate di interferenza sui passaggi. nnLe modalità di gioco includono pre-stagione, stagione regolare, playoff e morte improvvisa. Ci sono 28 squadre più una squadra All-Madden.
John Madden Football '93 (USA, Europe)	Un altro aggiornamento nella serie di Madden Soccer. Questa volta le novità sono alcune grafiche e animazioni, incluso un lancio di monete animato e alcuni movimenti del giocatore. Le nuove funzionalità del gioco sono offensive senza gioco e un gioco con il cronometro. Ci sono 28 squadre della stagione '92 -'93, due squadre All Madden e 8 squadre Greatest Ever. Le modalità di gioco sono la solita preseason, regular season, morte improvvisa e playoff. Una speciale modalità playoff è disponibile anche per le prime 8 squadre. La versione Genesis include il discorso di commento digitalizzato di John Madden e la RAM supportata da batteria per memorizzare i risultati dei playoff e le statistiche dei giocatori.
John Madden Football (USA, Europe)	A differenza delle prime versioni per computer, questo gioco è nato su console e si concentra sull'azione sul campo piuttosto che sulla strategia dettagliata. È ancora disponibile una gamma dettagliata di movimenti, tutti raggruppati per una rapida selezione. Le modalità di gioco includono la stagione regolare, i playoff e la morte improvvisa. Il gioco presenta 16 squadre regolari più una squadra All-Madden, ognuna con i propri punti di forza e di debolezza. Le azioni di gioco includono la selezione di un destinatario del passaggio durante il gioco, il blocco di placcaggi, tuffi e saccheggi. Diverse condizioni meteorologiche entrano in gioco quando è bagnato, nevoso o fangoso.
John Madden Football - Championship Edition (USA)	La Championship Edition di John Madden Football '93 è essenzialmente lo stesso gioco, ma invece di presentare le squadre della stagione di quell'anno, presenta 38 delle migliori squadre delle stagioni precedenti, dal 1966 al 1991. Le squadre incluse sono: Green Bay ' 66; Kansas City '66, '69; New York '68; Baltimora '68, '70; Dallas '71, '75, '77; Miami '72, '84; Pittsburgh '75, '78; Denver '77, '87; Los Angeles '79; Filadelfia '80; Cincinnati '81, '88; San Francisco '81, '84, '89; Chicago '85; Nuova Inghilterra '85; New York '86, 90; Bufalo '90; Oakland-LA '67, '76, '80, '83; Minnesota '69, '73, '76; Washington '72, '82, '87 e '91. nnIl gioco presenta anche due squadre &quot;Madden Greats&quot;. Era un gioco esclusivo a noleggio.
Jordan vs Bird (USA, Europe)	Michael Jordan dei Chicago Bulls e Larry Bird dei Boston Celtics erano gli unici due personaggi nel gioco, che ha permesso al giocatore di partecipare a una partita di basket uno contro uno. I mini-giochi includevano una gara di schiacciate (utilizzando Jordan) e una gara da tre punti (utilizzando Bird).
Journey from Darkness - Strider Returns (USA)	Strider è stato chiamato per salvare la popolazione del pianeta Magenta, armato di un Gyro laser e convertitore di materia. Deve farsi strada attraverso una foresta, una città in rovina, colonie sotterranee, una battaglia sul tetto e infine la nave prigione in cui è detenuto il leader Megantan. Il gameplay è simile all'originale, che consiste nel correre, saltare e attaccare, con un carattere centrale molto dinamico. Il cannone laser può essere usato mentre si sta fermi; gli attacchi in movimento con la spada sono ancora possibili, con le due armi che si combinano in modo simile ai giochi Switchblade. I gettoni possono essere raccolti, che vi trasformeranno in un robot per affrontare i nemici di fine livello, se ne vengono raccolti abbastanza.
Judge Dredd (World)	Mega-City 0ne è in rovina. La corruzione sta dilagando. E' tempo che tu prenda in mano la situazione. Inforca il micidiale Lawgiver, spara missili termici, razzi, missili incendiari e altro ancora per eliminare la Mean Machine, i robot ABC e tutto ciò che ti impedirà di far rispettare la giustizia. Streccia ad alta velocità sulla tua moto Lawmaster e riporta sulla buona strada anche I criminali più recidivi! Non stai abusando della legge, tu sei la legge!!!
Junction (Japan, USA) (En)	Junction è un puzzle game in qualche modo simile a Pipe Dream in cui lo scopo del gioco è far scivolare pezzi quadrati di binari nel posto giusto, per consentire alla palla di raggiungere l'uscita. Il gioco consiste in 50 livelli che possono essere tentati in qualsiasi ordine, ma per vincere il gioco è necessario accumulare un certo numero di punti.
Jungle Book, The (World) (Disney Classic Games)	Prendi lo stretto indispensabile e aiuta Mowgli ad attraversare la giungla per raggiungere il sicuro villaggio degli umani. Combatti contro Kaa, il serpente che ti incanta con gli occhi, e sconfiggi Shere Khan, la famelica tigre, in questa eccitante avventura basata su un classico Disney! Tinndivertirai un mondo!
Jungle Strike (USA, Europe)	In questo seguito dell'ottimo Desert Strike il giocatore, ancora una volta, sarà il pilota del Super Comanche Attack Chopper e dovrà impedire a due minacce terroristiche di attaccare gli Stati Uniti. Il gameplay si é evoluto perché ora il giocatore sarà anche in grado di controllare una moto, un hovercraft e un F-117. Ogni missione si svolge su un'enorme mappa in cui dobbiamo salvare i soldati catturati mentre annientiamo basi e soldati nemici.
Junte 4 (Brazil) (Mega Drive 4)	Il gioco utilizza il principio del potere 4. Gioca contro la console o contro un avversario. I giocatori, a turno, scelgono una delle colonne. I pezzi di moneta si impilano dal basso verso l'alto fino alla cima della colonna. L'obiettivo è allineare 4 pezzi del tuo colore in una riga, colonna o diagonale prima del tuo avversario
Jurassic Park (USA)	Questo gioco può essere giocato in due modalità, come Dr. Alan Grant o come Velociraptor. Giocare nei panni di ognuno fornisce all'utente una storia e un level design alternativi. Il culmine del gioco rispecchiava il climax inutilizzato del film, in cui Grant deve sconfiggere un paio di Velociraptor facendo crollare lo scheletro del Tyrannosaurus rex nel Centro visitatori su di loro. Lo stesso Grant è il boss finale nella stessa posizione della trama del rapace: il tuo personaggio dinosauro deve far collassare la struttura ossea tramite calci appositamente posizionati per far fuggire Grant. Un sequel è stato rilasciato utilizzando un nuovo motore di gioco e una nuova grafica (con anche alcune delle illustrazioni originali), intitolata Jurassic Park: Rampage Edition. In esso, l'elicottero di Grant (su cui è appena scappato nel primo gioco) si schianta. Ora deve occuparsi non solo dei dinosauri, ma anche di InGen. Anche un nuovo rapace deve fuggire dall'isola.
Jurassic Park - Rampage Edition (USA, Europe)	Jurassic Park: Rampage Edition è il sequel del primo gioco Jurassic Park su Genesis e per lo più sembra e suona come il predecessore. È anche uno scroller laterale. nnIn questo gioco giochi come Dr. Grant. La grande differenza con il primo gioco è che ci sono più nemici da sconfiggere. Oltre ai dinosauri devi sconfiggere molti agenti InGen. Il motivo è che stanno cercando di recuperare il DNA e le uova di dinosauro per costruire un nuovo parco o un esercito di dinosauri.
Justice League Task Force (World)	La squadra di supereroi dei fumetti della Justice League è composta da Superman, Batman, Wonder Woman, The Flash, Aquaman e Green Arrow. Devono sconfiggere il malvagio Darkseid e i suoi scagnozzi, Despero e Cheetah. Ma prima che possano raggiungere Darkseid, i membri della Justice League devono combattere tra loro. Puoi seguire questa trama nella modalità Storia, o se preferisci organizzare solo combattimenti di esibizione, puoi scegliere la modalità Battaglia che ti consente di utilizzare anche i personaggi malvagi.
Juuouki (Japan) (En)	Siete un eroe riportato in vita dal dio Zeus per salvare sua figlia Atena. Con un'ambientazione ispirata all'Antica Grecia, dovrete combattere orde di non morti e demoni, con un boss alla fine di ogni livello, finché non incontrerete il dio Neff, che tiene prigioniera la ragazza. Il titolo Altered Beast si riferisce alle sue capacità di mutare forma. In questo platform, sconfiggendo i lupi a due teste si possono raccogliere sfere dello spirito che permettono di mutare in diverse bestie come il lupo mannaro, il drago, la tigre, l'orso e altre ancora, a seconda della versione. Ogni forma, legata a un livello, è dotata di abilità speciali come il volo e attacchi potenti, che sostituiscono facilmente il set base di pugni e calci della forma umana.
Ka-Ge-Ki - Fists of Steel (USA)	Ka•Ge•Ki è un picchiaduro in terza persona leggermente angolato ambientato in combattimenti sotterranei alla Pit-Fighter in cui devi abbattere ogni membro di una famigerata banda di motociclisti. Ogni partita inizia con una resa dei conti con diversi scagnozzi più deboli e poi passa al successivo dei 9 membri della banda, che devono essere messi KO 3 volte prima di passare al round successivo. nnIl gioco ti consente di spostare il tuo personaggio in qualsiasi direzione, a condizione che non lasci i confini dell'arena, e ti consente di attaccare principalmente tramite una combinazione di pressioni di pulsanti che attivano anche schivate e parate a seconda del pulsante premuto. nnLa grafica è 2D con un design unico super deformato (corpi tozzi con teste gigantesche).
Kawasaki Superbike Challenge (USA, Europe)	Kawasaki Superbike Challenge è un gioco di corse motociclistiche che utilizza lo stesso motore di F1. Comprende 14 piste da corsa di lunghezza standard, oltre alla gara di durata della 8 ore di Suzuka, disponibile sia in modalità allenamento che campionato. Il gioco è senza licenza (tranne Kawasaki), quindi tutti i piloti e le squadre sono fittizi. nnIl gioco ora ha più oggetti lungo la strada poligonali rispetto a F1 e c'è ancora una modalità Turbo, che consente corse più veloci a scapito di alcuni dettagli. Hai la possibilità di attivare o disattivare il meteo (durante i giorni di pioggia la grafica è più scura e la bici ha meno trazione). Il numero di giri su ogni percorso può essere 5, 10 o 15 e ci sono 4 livelli di abilità. Sono state apportate alcune modifiche alla maneggevolezza del veicolo, per sottolineare il passaggio dalle auto alle moto.
Kick Off 3 - European Challenge (Europe) (En,Fr,De,Es,It)	La terza voce della serie Kick Off è la prima che offre una vista isometrica invece della vecchia vista dall'alto. Nel gioco ci sono quattro competizioni (Finali della Coppa del Mondo, Lega, Coppa Knock Out e la sfida). Ci sono diverse opzioni per la velocità di gioco e il controllo della palla per soddisfare sia i principianti che i giocatori esperti. Ognuna delle 32 squadre del gioco ha uno stile di gioco distinto, assicurando che non ci siano due partite uguali. Ogni squadra ha anche &quot;giocatori chiave&quot;, come Liberos e Wingers, che giocano un ruolo fondamentale nel modo in cui gioca quella squadra. Kick Off 3 offre due stili di gioco: Arcade e Simulazione. La differenza è che nella modalità Arcade puoi cambiare le regole per concentrarti esclusivamente sui riflessi.
Kid Chameleon (World) (Mega Drive PlayTV)	Molti dei ragazzi che giocano a Wild Side, il nuovo gioco in città, stanno scomparendo. Heady Metal, il cattivo del gioco, li sta catturando a destra e manca. Solo Kid Chameleon, il ragazzo più duro, può fronteggiare Heady Metal e la sua banda di macabri seguaci!
Kidou Keisatsu Patlabor - 98-Shiki Kidou Seyo! (Japan)	Kidou Keisatsu Patlabor è l'adattamento su Megadrive dell'omonima serie animata giapponese trasmessa in Francia nei primi anni '90. In questo universo futuristico, grandi macchine come le gru sono state sostituite da robot giganti. Per garantire che questi robot non vengano utilizzati per scopi dannosi, è stato creato Patlabor. Giochi nei panni dei due eroi principali della serie, ai comandi dei loro robot.
King of the Monsters (USA)	King of the Monsters è un gioco di combattimento per due giocatori (o un giocatore contro computer), in cui i giocatori prendono il controllo di due mostri giganteschi (come Godzilla) e si affrontano in diverse località della città. nnLa città viene gradualmente distrutta mentre le due creature combattono. I giocatori possono anche interagire con lo scenario raccogliendo barche e simili, da usare come armi contro l'altro giocatore.
King of the Monsters 2 (USA)	King of the Monsters 2 su Sega Genesis è un gioco leggermente diverso rispetto alla versione originale Neo Geo. Mentre l'originale ti permetteva di giocare con uno dei tre diversi mostri per attraversare fasi picchiaduro a scorrimento laterale e combattere mostri (non giocabili) come nemici boss, la versione Genesis è stata rielaborata in un combattente uno contro uno simile al primo gioco King of the Monsters. nnA parte Farmardy, tutti i personaggi della versione Neo Geo sono giocabili. Per vincere, il giocatore deve sconfiggere tutti gli altri mostri e un clone del mostro giocato in un combattimento. Le partite si svolgono in aree costruite dai livelli originali e presentano paesaggi distruttibili e nemici secondari, entrambi i quali possono essere distrutti per guadagnare punti e potenziamenti.
King Salmon - The Big Catch (USA)	In questa realistica simulazione di pesca dovrai essere furbo, astuto e veloce sul sedile, soprattutto quando metti l'amo. Questi bambini non sono soprannominati re per niente, combatteranno fino alla morte, e se non sei bravo non riuscirai mai a prendere una preda. Partecipa al derby di pesca definitivo o lascia cadere la lenza per divertimento. King Salmon promette di essere il pescato della tua vita; amo, lenza e platina! Caratterizzato da ambienti di pesca Chinook realistici; Ripristino speciale del gioco con memoria password; Opzioni di equipaggiamento selezionabili dal giocatore; Modalità tempo libero e campionato.
King's Bounty - The Conqueror's Quest (USA, Europe)	King's Bounty: The Conqueror's Quest è un gioco di ruolo su Megadrive. Come re, la tua missione è recuperare il tuo scettro per salvare il tuo regno. Per questo, sarà necessario combattere contro i tuoi vari nemici per saperne di più sul luogo in cui riposa l'oggetto. Sul campo di battaglia possono essere comandate venticinque diverse categorie di truppe e sta a te escogitare la migliore strategia per vincere.
Kishi Densetsu (Japan)	Kishi Densetsu è un gioco di simulazione di guerra del 1993 per Sega Mega Drive del Kodansha Research Institute rilasciato esclusivamente in Giappone
Kiss Shot (Japan) (Sega Game Toshokan)	Kiss Shot è un semplice gioco di biliardo da uno a quattro giocatori. Utilizza un punto di vista dall'alto e un sistema di tiro molto simile a Side Pocket di Data East e presenta una modalità standard a nove palle per uno o due giocatori, nonché un gioco a dieci palle chiamato &quot;Boulard&quot; che incorpora elementi di bowling nelle regole e consente per un massimo di quattro giocatori. Ad ogni colpo, il giocatore può impostare la direzione, il punto di colpo, l'angolo di colpo e la potenza del colpo.
Klax (Japan) (Namco)	KLAX&quot; l'ultimo, più grande successo nelle sale giochi è ora disponibile per giocare su Genesis! Per uno o due giocatori, questo rompicapo di un gioco è semplice nel concetto: cattura le tessere colorate che scendono dal nastro trasportatore. Accumula punti organizzando li in pile o file dello stesso colore. Un test di tic-tac-tile se vuoi. Sembra facile? È ... fino a quando le tessere non ti cadono addosso così velocemente, impazzirai cercando di prenderle tutte mentre pensi scopri dove è meglio impilarli prima di esaurire lo spazio!Ma non importa quanto KLAX diventi difficile, la parte più difficile è tirarti fuori da questo gioco divertente, veloce e totalmente sbalorditivo!
Klax (USA, Europe) (Tengen)	KLAX&quot; l'ultimo, più grande successo nelle sale giochi è ora disponibile per giocare su Genesis! Per uno o due giocatori, questo rompicapo di un gioco è semplice nel concetto: cattura le tessere colorate che scendono dal nastro trasportatore. Accumula punti organizzando li in pile o file dello stesso colore. Un test di tic-tac-tile se vuoi. Sembra facile? È ... fino a quando le tessere non ti cadono addosso così velocemente, impazzirai cercando di prenderle tutte mentre pensi scopri dove è meglio impilarli prima di esaurire lo spazio!Ma non importa quanto KLAX diventi difficile, la parte più difficile è tirarti fuori da questo gioco divertente, veloce e totalmente sbalorditivo!
Klondike (USA) (Sega Channel)	&quot;Klondike&quot; è un gioco di solitario rilasciato per il Sega Mega Drive esclusivamente tramite il servizio Sega Channel in Nord America. Il gioco è stato recentemente riscoperto e preservato grazie agli sforzi di membri della comunità Sonic Retro.
Krusty's Super Fun House (USA, Europe)	Hey, ragazzi! Aiutate il vostro vecchio compagno Krusty il pagliaccio! La Casa del Divertimento di Krusty è infestata dai topi! Nel gioco ci sono piu di 60 livelli pieni di quelle piccole canaglie. Possiedo i miei leali cadetti, Bart, Homer Simpson, Sideshow Mel e altri per controllare le trappole dei topi e quel piccolo delinquente di Krusterize!!!
Kyuukai Douchuuki (Japan)	Kyuukai Douchuuki è un gioco di baseball arcade del 1990 di Namco che è stato portato su Sega Mega Drive nel 1991. Nessuna delle due versioni ha lasciato il Giappone. nnIl gioco è un gioco di baseball generico in cui hai solo il controllo del lanciatore e del battitore; una volta che il battitore colpisce la palla, puoi solo guardare cosa fa la tua squadra. Quando si batte, il D-pad si muove e C oscilla. Durante il pitching, Left e Right si muovono e per un po' di tempo tenendo premuto il pulsante C sembra che pitch.
La Russa Baseball 95 (USA, Australia)	Direttamente dai campi da baseball, diventa il campione e onora il nome di uno dei più grandi giocatori di tutti i tempi, Tony La Russa. Offrendo una moltitudine di status e attributi, sia dai giocatori che dai sei scenari offerti, il gioco ha tre livelli di difficoltà (Rookie, Veteran, All Star) e la quantità di 28 squadre della Big League tra cui scegliere, con l'aggiunta di due personalizzabile. Continuazione di Tony La Russa (1993), questo gioco presenta l'eccitante sensazione di putt, vento e la possibilità di un cambio di angolo visivo, che, insieme alla modellazione realistica dei personaggi, acquistano risalto.
Lakers versus Celtics and the NBA Playoffs (USA, Europe)	Lakers vs. Celtics è un gioco di basket con squadre NBA reali. Il gameplay è orientato all'azione con un'enfasi sull'attacco. Gioca a una partita di esibizione o prova a vincere il titolo NBA nella modalità torneo playoff. Non è disponibile una modalità stagionale. Puoi sostituire i giocatori stanchi ma non ci sono altre opzioni di gestione. nnLa versione DOS ha dieci squadre NBA '88-'89, tra cui East e West All-Stars. Puoi giocare con alcuni dei più grandi nomi della storia della NBA tra cui Kareem, Bird, Jordan ed Ewing. Diversi fuoriclasse hanno la loro mossa caratteristica. nnLa versione Genesis, uscita un anno dopo, ha dieci squadre NBA della stagione '89-'90. Aggiunge anche più mosse caratteristiche, diverse maglie da casa e da trasferta, ritratti dei giocatori per i cinque titolari, campioni vocali per l'arbitro e conta il numero di falli personali commessi da un giocatore.
Landstalker (USA)	è un videogioco di ruolo sviluppato da Climax Entertainment e pubblicato nel 1992 da SEGA per Sega Mega Drive. Originariamente ideato come gioco della serie Shining dal titolo Shining Rogue, il videogioco ha ricevuto un sequel per Super Nintendo Entertainment System distribuito esclusivamente in Giappone nel 1995. Sono state inoltre realizzate conversioni per Wii e Microsoft Windows. I protagonisti di Landstalker compaiono nel videogioco Time Stalkers per Sega Dreamcast
Langrisser II (Japan)	&quot;Langrisser II&quot; è un sequel di Warsong (il cui titolo originale è Langrisser). Gli eventi del gioco si svolgono diversi anni dopo quelli descritti in &quot;Warsong&quot;. Il benevolo regno di Baltia è scomparso e un nuovo potere è sorto: l'Impero Rayguard, guidato dall'imperatore Bernhart e dai suoi quattro generali. Di recente, Bernhart ha ordinato al suo esercito di attaccare i paesi vicini, ovviamente alla ricerca di qualcosa. Questo &quot;qualcosa&quot; potrebbe non essere altro che una leggendaria spada malvagia, che rende imbattuto colui che brandisce. Spetta al nobile cavaliere Elwin e ai suoi amici fermare l'Imperatore! &quot;Langrisser II&quot; è un gioco di ruolo strategico. L'esercito è diviso in unità di soldati e generali, che combattono da soli e che di solito sono più forti di un'intera unità. Prima che lo scenario inizi, devi assumere soldati, acquistare armi e oggetti, ecc. Durante la battaglia, se entri in contatto con un'unità nemica, si verifica una sequenza di battaglia automatica. Puoi anche lanciare incantesimi curativi sulle tue unità o incantesimi offensivi per ferire il nemico. La principale differenza tra &quot;Langrisser II&quot; e il suo &quot;remake&quot;, Der Langrisser per SNES, è l'assenza di una trama ramificata nella versione di Genesis.
Last Action Hero (USA)	Danny Madigan sta guardando un'anteprima dell'ultimo film del suo eroe preferito, Jack Slater, quando viene misteriosamente catapultato all'interno dello schermo; Sei Jack Slater, un eroe dei film d'azione, che affronta il maniaco dell'ascia &quot;Lo Squartatore&quot;, che tiene una scuola sotto assedio, e Benedict, un cattivo che vuole usare il biglietto di Danny per portare il terrore nel mondo reale. Il gioco, basato sull'omonimo film, interpretato da Arnold Schwarzenegger, è molto diverso per ogni piattaforma. Per la maggior parte di loro, il gameplay può essere suddiviso in due parti: livelli di combattimento a scorrimento laterale e selvaggi inseguimenti in auto per le strade.
Last Battle (USA, Europe, Korea) (En)	Last Battle (noto in Giappone come Fist of the North Star: Legend of the New Era Savior) è un brawler a scorrimento laterale 2D sviluppato e pubblicato da Sega per Sega Genesis il 1 luglio 1989 (in Giappone) e il 14 agosto 1989 (in Nord America come titolo di lancio) . Situato in un futuro devastato dalla guerra, i giocatori assumono il ruolo di Aarzak, combattente errante del Jet-Kwon-Do, mentre combatte per reclamare la sua patria dall'impero del malvagio Duca, solo per viaggiare nella terra dell'ignoto per salvare una delle sue compagne di viaggio, Alyssa, da tre generali ribelli apparentemente invincibili (Gromm, Gross e Garokk) . La versione giapponese originale del gioco è il sequel del combattente Fist Sega Master System del 1986 of the North Star (basato sull'omonimo manga e anime di arti marziali post-apocalittiche) e descrive in dettaglio gli eventi della seconda serie anime (a sua volta l'ultima metà della serie manga). Come il suo predecessore, la versione internazionale del gioco è stata localizzata per rimuovere sia l'estrema violenza del marchio della serie che tutti i riferimenti diretti al materiale originale (sebbene la sua ambientazione post-apocalittica e gli elementi della trama siano rimasti).
Lawnmower Man, The (USA, Europe)	The Lawnmower Man è un platform/gioco d'azione su Megadrive adattato dal film omonimo (Le Cobaye in francese). Uno scienziato di nome Dr. Lawrence conduce esperimenti per migliorare artificialmente l'intelligenza dei suoi soggetti. Tuttavia Jobe Smith, uno dei suoi porcellini d'India, diventerà violento e acquisirà poteri telecinetici. Il suo obiettivo: la vendetta. Le fasi platform del gioco possono portare altre fasi del gioco in prima persona in un mondo 3D.
Legend of Galahad, The (USA, Europe)	L'eroe titolare viaggia attraverso questo gioco d'azione platform, facendo a pezzi creature mutanti con una spada e combattendo il malvagio Thanatos nella speranza di salvare la vita della principessa Lucanna. nnI controlli sono abbastanza semplici e includono saltare, camminare o attaccare. Raccogli icone che ti aiuteranno a potenziare la tua armatura, guadagna una vita extra e monete da spendere nel negozio per nuove armi. Assicurati di non raccogliere alcuna icona del teschio, altrimenti chiamerà la presenza eterea di Thanatos dove dovrai usare le bombe runiche per distruggerlo. Dopo aver completato uno dei tre mondi, ti verrà data una password in modo da poter riprendere in seguito dopo aver esaurito le vite.
Lemmings (USA)	Il tuo compito è salvare i Lemming attraverso 120 livelli di rompicapo frenetici. Queste creature semplicemente camminano alla cieca per il mondo nella speranza di raggiungere la salvezza alla fine del livello - sfortunatamente questi livelli includono ripidi dislivelli, spazi vuoti nel terreno, barriere e fiumi tra gli altri pericoli. Non hai il controllo di un singolo Lemming, ma di un mirino, che può essere spostato su uno qualsiasi dei Lemming. Lungo il fondo ci sono una selezione di funzioni che possono essere assegnate a un Lemming, tra cui arrampicata, galleggiamento e colpire. È necessario fare clic per selezionare la funzione appropriata, quindi fare clic sul Lemming per attivarlo. Ogni livello ha una diversa gamma di abilità in offerta, una diversa quantità di Lemmings e un diverso obiettivo percentuale per progredire.
Lemmings 2 - The Tribes (USA)	GUIDATE 12 TRIBÙ DI LEMMING IN UN VIAGGIO INCREDIBILE ATTRAVERSO LA LORO ISOLA. nnI Lemming sono in pericolo e solo l'antico talismano e un'enorme dose di abilità possono salvarli. In questo nuovo episodio della saga dei Lemming incontrerete gli Highland-Lemming, gli Spazio-Lemming, i Sabbia-Lemming, I Circo-Lemming e moltissimi altri in una missione per salvare la loro Isola... nn
Lethal Enforcers (USA)	NOVITA' CHE TORNA A CASA. LETHAL ENFORCERS ARRIVA SU SEGA GENESIS. Tradotto direttamente dal micidiale successo arcade, Lethal Enforcers è pronto a ripulire le strade nelle parti più cattive di Chicago. Terroristi umani digitalizzati, grafica intensa e suoni dolorosi ti sbatteranno nella fredda realtà e nell'azione accesa. Il tuo compito è difendere gli innocenti e proteggerti da un caso fatale di avvelenamento da piombo. Il tuo side iron, The Justifier, è imballato all'interno e pronto a farti esplodere con una vera esperienza arcade. Proprio come il gioco arcade, hai la funzione di ricarica rapida. Calcola il momento giusto in modo da non rimanere senza munizioni mentre scambi proiettili con la feccia della terra. Migliora la tua potenza di fuoco lungo la strada per magnum, automatico a 12 colpi, fucile d'assalto, fucile a pompa, mitragliatrice o pistola granata.
Lethal Enforcers II - Gun Fighters (USA)	&quot;Allaccia i tuoi ferri da sparo,nncorno verde...&quot;nnDirettamente dal grande successo arcade a casa tua! Questo vecchio gioco sparatutto segue la tradizione del primo successo casalingo e coin-op di LETHAL ENFORCERS. Presenta una grafica digitalizzata di qualità superiore, un migliore movimento dei personaggi, potenti effetti sonori e una musica impressionante. Sei uno sceriffo coraggioso sfidato a proteggere cittadini innocenti. Armi potenti come un fucile a pompa, una mitragliatrice Gatling, un fucile a 12 colpi e persino un cannone possono semplificarti il ​​lavoro. Avrai bisogno di tutta la potenza di fuoco che puoi radunare in cinque fasi accese: la rapina in banca, la rapina alla diligenza, lo scontro al saloon, la rapina al treno e il nascondiglio. Tra un round e l'altro sarai trattato per le fasi bonus in cui puoi sparare alle bottiglie o confrontarti con alcuni cattivi hombre in una resa dei conti vecchio stile.
LHX Attack Chopper (USA, Europe)	LHX: Attack Chopper è una simulazione di elicottero con un forte focus arcade. Puoi scegliere liberamente quali missioni volare per prime e quale elicottero far volare in una determinata missione. Ci sono un totale di quattro elicotteri: Apache, Blackhawk, Osprey e LHX. Con questa raffinata selezione di macchine della morte ingaggerai innumerevoli bersagli nemici in Libia, Germania dell'Est e Vietnam durante il gioco. nn
Liberty or Death (USA)	Le guerre europee contro la Spagna e la Francia sono state costose per l'impero britannico. Al fine di ottenere fondi aggiuntivi per lo sforzo bellico, la Corona riscuote le tasse dalle colonie del Nuovo Mondo non rappresentate. Questo atto costringe le colonie del Nuovo Mondo a protestare e boicottare il dominio britannico. Nel 1775, la Corona, allarmata dalle proteste, dai boicottaggi e dall'instabilità politica nel Nuovo Mondo, inviò truppe per sottomettere gli sforzi ribelli dei coloni del Nuovo Mondo. Questo approccio minaccioso provoca la ribellione delle Tredici Colonie. Inizia così la Guerra d'Indipendenza nel Nuovo Mondo (guerra rivoluzionaria americana).
Light Crusader (USA)	In Light Crusader, interpreti il ruolo di Sir David, un cavaliere al servizio di re Frederick. Vieni mandato nella città di Green Row per aiutare il fratello del tuo re, Re Weeden, a scoprire cosa ha causato la misteriosa scomparsa della sua gente di città. Devi entrare ed esplorare enormi dungeon per scoprire un'antica storia accaduta molti anni fa e per affrontare le forze del male che minacciano la terra. Light Crusader è un'avventura rompicapo / azione isometrica con elementi RPG, sulla falsariga di Landstalker. Puoi parlare con i cittadini, acquistare armi e oggetti, ecc. Trascorri la maggior parte del gioco nei sotterranei, popolati da nemici (che combatti in tempo reale) e pieni di vari tipi di trappole ed enigmi. Dovrai spesso saltare per accedere a livelli o piattaforme superiori, premere interruttori e altri oggetti per aiutarti ad avanzare e risolvere vari enigmi fisici.
Lightening Force - Quest for the Darkstar (USA)	L'enorme computer che si credeva fosse stato distrutto dal team Thunder Force era solo stato danneggiato! La Federazione ha deciso di inviare un'astronave a distruggere questa minaccia una volta per tutte. Quello che manca è solo il migliore pilota della galassia!
Lion King, The (World)	Il re leone è l'adattamento Megadrive del film Dis
Lobo (USA) (Proto)	Ascoltate, fanboy! Per quelli di voi che non lo sanno, io sono Lobo, e sono il migliore dei migliori. Sono il combattente più cattivo e più duro di questa parte dell'Ammasso di Magadon, e chiunque dica che è diverso riceverà una granata per pranzo! L'uomo principale è qui! Dalle pagine di DC Comics arriva Lobo, il cacciatore di taglie interstellare masticatore di sigari, con la giacca di pelle e il più grande dolore della galassia.
Lord Monarch - Tokoton Sentou Densetsu (Japan)	Tu sei il principe Alfred, figlio del grande re di Monarch. Dato che sei stato un ragazzo piuttosto fresco e pigro, il re decide di rafforzarti mandandoti in battaglia. Ora hai sedici anni e devi dimostrare di essere degno di essere il principe di Monarch! Questo è un gioco di guerra di strategia. Comandi un esercito e puoi eseguire varie azioni, come inviare truppe, fortificare la tua posizione, allearti con un altro sovrano, ecc. Ci sono limiti di tempo alle tue operazioni strategiche durante le quali dovrai sconfiggere il nemico. La versione Genesis presenta una grafica in stile anime, un'interfaccia leggermente diversa e una trama elaborata che era assente nella versione SNES originale.
Lost Vikings, The (USA)	Tre vichinghi si sono smarriti nel tempo, e nello spazio. Erik vuole scappare. Baleog vuole rompere qualche cranio. Olaf vuole mangiare. Tutti e tre vogliono tornare a casa. Ma essi devono lavorare uniti... Scopri The lost Vikings, una azione arcade finalmente originale, con vivaci rompicapi e un umorismo più tagliente di un'ascia vichinga.
Lost World, The - Jurassic Park (USA, Europe)	Il gioco si colloca sui siti &quot;Isla Sorna&quot; di Jurassic Park, un concetto originariamente basato sulla serie di film di Steven Spielberg. Interpreti il ruolo di un cacciatore di taglie che cerca di catturare alcuni preziosi dinosauri. Questo gioco non è un gioco platform a scorrimento laterale come gli altri due Jurassic Park su Genesis. Questo è un gioco con visuale dall'alto come la versione SNES di Jurassic Park, con un gameplay simile a The Chaos Engine.
Lotus II (USA, Europe)	Questo sequel di Lotus Esprit Turbo Challenge è di nuovo un gioco di corse visto dietro l'auto. Comprende otto circuiti distinti, aggiungendo effetti di superficie e meteorologici come deserto e neve. Più avanti nel gioco, devi percorrere autostrade a doppio senso con traffico in arrivo (includendo auto civili e camion) e affrontare livelli difficili aiutati da velocità e tempi di raccolta. nnNon corri più direttamente contro altre auto o sui giri; invece, le corse sono puntuali poiché hai un tempo limitato per raggiungere ogni checkpoint. Raggiungere ognuno di questi estende il tuo tempo e il tempo rimanente viene trasformato in punti bonus se completi con successo la pista.
Lotus Turbo Challenge (USA, Europe)	Questo sequel di Lotus Esprit Turbo Challenge è di nuovo un gioco di corse visto dietro l'auto. Si svolge in otto circuiti distinti, aggiungendo effetti di superficie e meteorologici come deserto e neve. Più avanti nel gioco, devi percorrere autostrade a doppio senso con traffico in arrivo (includendo auto civili e camion) e affrontare livelli difficili aiutati da velocità e tempi di raccolta.
Lufia & The Fortress of Doom (USA) (Proto)	Lufia & The Fortress of Doom è un gioco di ruolo per il Super Nintendo Entertainment System sviluppato da Neverland e pubblicato da Taito. Dopo il suo rilascio iniziale alla fine del 1993 in Nord America, Taito ha annunciato i piani per una versione Sega Mega Drive, che alla fine è stata cancellata per ragioni sconosciute. In Giappone il gioco SNES è noto come Estpolis Denki, tuttavia nessuna prova suggerisce che sia mai stata pianificata una versione giapponese del gioco Mega Drive. Il gioco è stato mostrato al CES 1994, con il gioco che ha ricevuto una data di rilascio provvisoria nel dicembre 1994. Questo è stato successivamente rinviato alla primavera del 1995 (con questo ritardo pubblicizzato come &quot;vale la pena aspettare&quot;) prima di essere tranquillamente cancellato. È stato visto l'ultima volta in uno stato molto precoce al Winter CES 1995[1]. Si ipotizza che il gioco, destinato principalmente al mercato nordamericano, non sia stato rilasciato a causa della chiusura di Taito America nel 1995.
M-1 Abrams Battle Tank (USA, Europe)	Prendi il più potente carro armato NATO, l'M-1 Abrams, in 8 difficili missioni contro le forze del Patto di Varsavia. Le quattro stazioni dei carri armati e gli altri aspetti del carro sono simulati abbastanza bene, con diversi tipi di colpi di cannone, mitragliatrici coassiali e tutto il resto. Ci sono anche i comandi indipendenti di rotazione della torretta e del cingolo.
Mad Stalker - Full Metal Forth (USA, Europe) (Strictly Limited Games)	Mad Stalker: Full Metal Forth è un picchiaduro a scorrimento laterale che ricorda Kung-Fu Master e The Ninja Warriors, in cui i giocatori assumono il ruolo di un poliziotto che prende il controllo di un mecha SlaveGear noto come Hound Dog attraverso sei fasi di vari temi ambientati ad Artemis City nel tentativo di sconfiggere un modello ribelle di SlaveGear chiamato Rising Dog, fermare un'intelligenza artificiale ribelle di nome Omega, che è diventata ribelle contro l'umanità e distruggere il suo esercito di nemici robot come obiettivo principale. Prima di iniziare una partita, i giocatori possono scegliere di accedere al menu delle opzioni nella schermata del titolo, dove è possibile regolare varie impostazioni come i controlli e uno qualsiasi dei tre livelli di difficoltà.
Madden NFL '94 (USA, Europe)	Madden NFL '94 è il terzo della serie Madden di giochi di calcio per SNES. Comprende 80 squadre: 28 squadre della stagione 1993, 38 squadre del Super Bowl dal 1966 al 1991, 12 squadre in franchising All Star dal 1950 e due squadre &quot;All-Madden&quot;: una per la stagione 1993 e una da 20- arco di tempo dell'anno. Puoi giocare con queste squadre in una normale partita di esibizione o in una partita di straordinari per la morte improvvisa, o portare le squadre del 1993 per un'intera stagione. Puoi anche accedere ai playoff con le squadre del 1993, i campioni del Super Bowl o le squadre in franchising All Star. A differenza di molti altri giochi sportivi, il salvataggio di una stagione viene effettuato tramite password anziché archiviando i dati in una partita salvata.
Madden NFL 95 (USA, Europe)	John Madden è tornato nella versione del 1995 di Madden NFL. Gioca nell'esibizione, nel Super Bowl, nei playoff o per l'intera stagione con una qualsiasi delle squadre del 1994 o con tutte le squadre di Madden. Questa volta, puoi scegliere se includere o meno le condizioni meteorologiche, le animazioni per i nuovi giocatori (high steppin', QB slides), un campo più ampio e più di 100 infortuni. Include anche passaggi senza finestra, tutte le nuove strategie progettate da Madden e il matchmaking di squadra che mostra come i tuoi giocatori si confrontano con l'altra squadra nella loro posizione.
Madden NFL 96 (USA, Europe)	John Madden torna per la stagione '96 di Madden NFL. nnGioca a esibizione, Super Bowl, playoff o l'intera stagione con una qualsiasi delle squadre del 1995 o tutte le squadre di Madden. nnMentre puoi ancora selezionare il tempo e ci sono oltre 100 infortuni, questa versione aggiunge voci fuori campo e la possibilità di disegnare e creare giocatori e vedere se vengono scelti. nnInclude ancora passaggi senza finestra, tutte le nuove strategie progettate da Madden e match-up di squadra che mostrano come i tuoi giocatori si accumulano rispetto all'altra squadra nella loro posizione.
Madden NFL 97 (USA, Europe)	Benvenuto a Madden NFL 97, il gioco che cattura l'emozione di un passaggio da touchdown da 30 yard, la strategia di un gol ben eseguito e l'atmosfera di un frizzante pomeriggio autunnale allo stadio. Madden NFL 97 offre grafica e audio all'avanguardia e, con il supporto di modem e rete, è pronto per mettere alla prova le tue abilità competitive.
Madden NFL 98 (USA)	L'esperto di playcalling John Madden concede nuovamente in licenza la simulazione calcistica di punta di Electronic Arts. Le nuove funzionalità per il 1998 includono funzioni di quarterback più avanzate come la possibilità di eseguire passaggi pallonetti e regolare i modelli di temporizzazione e funzionalità di intelligenza artificiale più istintive da regolare man mano che la partita va avanti. Anche le funzionalità della squadra sono state avanzate, con l'opportunità di creare giocate e scambiarle. nnIl gameplay è più o meno lo stesso delle altre edizioni, con l'intera stagione in offerta, i playoff e il Superbowl. Tutto è presentato in stile TV, con analisi e reportage play-by-play. Le squadre NFL contemporanee sono affiancate da grandi squadre del passato.
Madou Monogatari I (Japan)	In questo gioco interpreti una giovane apprendista maga di nome Arle. Studia in una scuola di magia e sta per sostenere il suo esame più importante: andare alla Torre di Satana, sconfiggere i nemici e superare tutti gli ostacoli sulla strada usando il suo potere magico! Mado Monogatari I è una miscela puzzle/RPG. Con personaggi e puzzle dei giochi Puyo Puyo, è ambientato in un dungeon 3D che esplori dalla prospettiva in prima persona. Il combattimento si svolge su una piattaforma ed è un misto di stili a turni e in tempo reale. I nemici ti attaccano anche se aspetti, ma hai tempo per eseguire le tue mosse. Dovresti tenere premuti i pulsanti e premere le frecce di direzione per eseguire vari incantesimi.
Magic School Bus, The - Space Exploration Game (USA)	Parti per una gita nel sistema solare, dove ogni avventura si svolge su un pianeta diverso! Il gioco THE MAGIC SCHOOL BUS di Scholastic è basato sulla serie di libri più venduta e sul famoso programma televisivo PBS. Fatti un giro con la bizzarra Ms. Frizzle e Liz the Lizard in una missione spaziale in continua espansione... e tu sei il pilota! Scatta foto per il tuo diario spaziale. Scopri i satelliti, i razzi, gli asteroidi, le comete e... ehi, che ci fa quella palla da baseball quassù? Applica le tue affascinanti scoperte alla risoluzione di enigmi. Costruisci anche il tuo sistema solare!
Magical Hat no Buttobi Turbo! Daibouken (Japan)	Max D. Cap ha preso il controllo dell'isola Body lsland spaccandola in tanti pezzi. Il Dott. Frank N. Stein ha creato te Chuck D. Head per farti combattere con tutte le creature di D Cap cosi da mettere insieme i pezzi!
Magical Taruruuto-kun (Japan)	Basato su una popolare commedia manga pubblicata su Shonen Jump, Magical Taruruuto-kun parla di un ragazzo di nome Edojou Honmaru che viene costantemente vittima di bullismo a scuola fino a quando non chiama l'eroe titolare Taruruuto da un altro mondo per aiutarlo. È un gioco di piattaforma carino che funziona in modo simile alla maggior parte degli altri giochi del suo genere. Ci sono molti pericoli da saltare e combattimenti contro i boss di fine livello, Taruruuto può colpire i nemici con la sua bacchetta o raccogliere oggetti e lanciarli.
Mahjong Cop Ryuu - Shiro Ookami no Yabou (Japan)	mmagina un'avventura in stile giapponese mescolata a un gioco di mahjong competitivo. Il risultato è Mahjong Cop Ryuu. C'è anche una trama: dopo il crollo di Janroukai, un'organizzazione criminale mahjong, il detective Ryuu indaga sull'emergere di una minaccia ancora più grande. Questo sequel diretto di Sukeban Janshi Ryuuko, un gioco di mahjong rilasciato per le sale giochi giapponesi, presenta diverse sequenze di dialogo che consentono al giocatore di scegliere una delle tre azioni: parlare, mostrare e minacciare. Solo usando tutto il suo talento nel mahjong, il detective Ryuu sarà in grado di sconfiggere i suoi stravaganti avversari.
Mamono Hunter Youko - Dai 7 no Keishou (Japan)	Youko vive una normale vita da studentessa. Un giorno scopre di appartenere a un'antica stirpe di guerrieri incaricati di difendere il mondo dall'assalto dei demoni. Nei panni dell'eroina, gareggerai contro il tempo per eliminare il male prima che i demoni aprano un portale per invadere la Terra. La spada è la più grande arma di Youko contro i suoi avversari. Non ci sono potenziamenti o incantesimi, ma tenendo premuto il pulsante di attacco si crea uno scudo attorno all'eroina. Questo scudo può proteggerti dagli attacchi più deboli o essere lanciato contro i cattivi. Non mancano artworks dell'anime tra le fasi di intermezzo.
Man Overboard! (Europe)	S.S. Lucifer: Man Overboard!, noto anche come Sink o Swim, è un puzzle game su Megadrive. Sei Kevin Codner, soccorritore dei passeggeri della nave da crociera SS Lucifer. In ciascuno dei 60 livelli, devi aprire il percorso verso l'uscita. I passeggeri si muovono senza cura e devono essere sempre davanti a loro per non perderne nessuno. Attenzione però a non confondere velocità e precipitazione, pena la morte sulla coscienza.
Marble Madness (USA, Europe)	Un adattamento del gioco arcade. Marble Madness è un gioco astratto a labirinto per uno o due giocatori, a seconda della piattaforma. L'obiettivo è guidare una piccola biglia di vetro attraverso un labirinto tridimensionale e raggiungere il traguardo prima dello scadere del tempo. I secondi rimasti sul timer quando si taglia il traguardo vengono trasferiti al livello successivo. Oltre a dover superare pericolose passerelle e rampe, numerosi ostacoli e creature ostili tenteranno di rallentare l'avanzamento della biglia o di farla cadere dal bordo di una piattaforma, facendo perdere altri secondi preziosi fino alla comparsa di una biglia sostitutiva.
Mario Andretti Racing (USA, Europe)	Mario Andretti, nato in Italia, è uno dei piloti da corsa di maggior successo sulla scena statunitense e anche cinque dei suoi parenti hanno corso a livello professionale. Questo gioco ti consente di provare auto Indy, auto di serie e auto da sprint, tutte abbellite da Andrettis. La fisica è personalizzata per ciascuno di questi, quindi aspettati che le auto da corsa scivolino sulle piste sterrate e l'effetto scia è rilevabile. nnCi sono 27 auto controllate da computer con profili individuali e 8 auto tra cui scegliere in ogni gara, con diversi standard di motore, grip, freni e equipaggio ai box. Puoi vedere l'azione sia da dietro l'auto, sia dal muso. Nelle gare più lunghe devi monitorare la strategia ai box, con le opzioni di uno splash 'n' dash stop se le tue gomme sono ancora a posto.
Mario Lemieux Hockey (USA, Europe)	Questo gioco di hockey contiene esibizione, torneo, sparatoria e una modalità di combattimento. Ha anche 16 squadre che rappresentano le città delle squadre NHL reali, ma il gioco non contiene né squadre NHL né giocatori reali. La modalità esibizione è solo una partita uno contro uno tra 2 squadre. In modalità torneo, una squadra deve vincere per passare al turno successivo. Se una squadra perde, viene eliminata. La modalità shootout consiste in due squadre che a turno tirano al portiere e vince quella che segna più goal.
Marko (USA)	Marko's Magic Football, conosciuto semplicemente come Marko in Nord America, è un gioco platform del 1994 sviluppato e pubblicato da Domark per Sega Mega Drive, Sega Mega-CD e Sega Game Gear. Le versioni Mega CD e Game Gear sono state rilasciate esclusivamente in Europa, anche se il porting Mega CD è stato portato ufficiosamente negli Stati Uniti tramite Good Deal Games che ha iniziato a vendere riproduzioni senza licenza negli anni 2000. nnIn Marko's Magic Football giochi nei panni di Marko, un giocatore di football che usa il suo calcio per completare vari compiti platform.
Marsupilami (USA) (En,Fr,De,Es,It)	Basato sul personaggio sviluppato dall'artista belga dei cartoni animati Franquin, questa piattaforma presenta il giocatore che controlla Marsupilami, uno strano animale con una grande coda, che è stato braccato insieme a Bonelli l'Elefante dalla giungla Palombian da Bring M. Backalive e venduto a un Circo. Cogliendo l'occasione quando l'addestratore di animali si è addormentato, Marsupilami ha ottenuto la chiave usando la sua lunga coda e ha liberato tutti gli animali, e con l'aiuto dei loro amici palombiani Noé, Bip e Sarah cerca di tornare a Palombia.
Marvel Land (USA)	Nella terra del Coni i suoi abitanti vivevano in armonia. Al suo centro c'è una montagna chiamata &quot;Pace&quot;, in cui risiede un parco divertimenti noto come &quot;Marvel Land&quot;. Questo parco è ben protetto dalle fate. Più tardi, Re Mole divenne il sovrano degli abitanti minori e mandò i suoi scagnozzi a conquistare Marvel Land, imprigionando le Fate all'interno delle sfere di cristallo. Chiamarono un giovane di nome Talmit per salvare la principessa Wondra e liberare le fate dal re Mole. Marvel Land è composto da cinque mondi con sette livelli ciascuno, e il gioco si svolge in uno stile platform, in cui devi correre attraverso il livello, uccidere i nemici e trovare la porta di uscita.
Mary Shelley's Frankenstein (USA)	Basato sul remake del film del 1994 di Frankenstein, il giocatore è l'uomo artificiale creato da Victor Frankenstein. Dopo che Victor rifiuta la sua creazione a causa del suo aspetto orribile, la creazione fugge da Victor e giura vendetta su di lui. nnIl giocatore attraversa una serie di livelli, combattendo qualsiasi cosa attacchi con un bastone di legno. E' possibile dare fuoco alla punta del bastone, facendolo oscillare verso le torce incendiarie poste sulle pareti. Il giocatore può anche utilizzare un attacco speciale: una palla blu che esce dalle mani della creazione, che toglie parte della vita del giocatore. Ci sono anche alcuni semplici enigmi da risolvere per superare i livelli.
Master of Monsters (USA)	Il maestro degli stregoni è morto, scatenando una lotta per il potere. Cinque stregoni combattono per dominare le terre che ha lasciato, evocando mostri incredibilmente potenti in una battaglia che passerà alla storia. In questo gioco di strategia a turni, gli stregoni devono muovere le loro mostruose truppe su una mappa divisa in esagoni. Ogni stregone può usare diversi incantesimi e creature, e ogni creatura ha le sue peculiarità. Le lucertole, ad esempio, si muovono meglio sull'acqua. È importante conquistare le torri sulla mappa per aumentare la quantità di mostri che puoi evocare.
Master of Weapon (Japan) (En)	La &quot;guerra dei 7 giorni&quot;, sette giorni di inverno nucleare, ha causato enormi cambiamenti ecologici sulla Terra. La terra si apre, gli oceani ribollono e tutti gli esseri viventi sul pianeta iniziano a cambiare... compresa l'umanità. Gli scienziati creano un computer per deporre un seme e ripristinare l'umanità, un computer noto semplicemente come &quot;N&quot;, che fa parte del progetto top-secret Yukiwo. Master of Weapon è uno sparatutto a scorrimento verticale basato sul gioco arcade Taito del 1990. Il giocatore controlla una nave da combattimento &quot;N&quot;, sparando a vari nemici biologici. I potenziamenti scarseggiano, con solo una manciata di potenziamenti disponibili dalle capsule oggetto. Il giocatore può sparare sia in aria che a terra per colpire i nemici a terra. C'è anche un'arma speciale che può essere cambiata con gli aggiornamenti, ma ci vuole anche tempo per recuperare l'intero stock. Ci sono un totale di nove &quot;atti&quot; e tre livelli di difficoltà.
Maten no Soumetsu (Japan)	Maten no Sometsu racconta la storia di un giovane ragazzo (puoi chiamarlo come preferisci) che è stato trovato nella foresta da un guerriero di nome Zafan. Zafan porta il ragazzo nella sua casa, dove cresce, ignaro di questa storia. Quando raggiunge l'età di sedici anni, Zafan muore, attaccato dai mostri. Manda il figlio adottivo a visitare il re del paese, a seguire la via del guerriero - e forse a scoprire le sue vere origini... nnQuesto è un tradizionale gioco di ruolo giapponese ambientato in un ambiente medievale, con nemici che appaiono casualmente e combatti a turni, guardando il campo di battaglia dalla prospettiva in prima persona. Durante il tuo viaggio attraverso il paese incontrerai altri personaggi che si uniranno al tuo gruppo. C'è un ciclo giorno/notte nel gioco.
Math Blaster - Episode 1 (USA)	Blasternaut e il suo amico Spot si preparano a viaggiare nello spazio quando, improvvisamente, Spot viene catturato dagli alieni conosciuti come &quot;alieni spazzatura&quot;. Questi malfattori spargono spazzatura in tutta la galassia e indovina chi dovrà ripulire tutto questo casino e salvare Spot?nnCi sono tre minigiochi matematici: in Trash Zapper spari all'oggetto numerato che completa l'operazione matematica sul pannello della nave; in Cave Runner, l'eroe vola attraverso una grotta mentre fa matematica per aprire un passaggio; e in Math Blaster, la nave nemica mostra un'operazione e devi entrare nel portello che porta alla risposta giusta.
Mazin Saga - Mutant Fighter (USA)	nnLa recente guerra nucleare e biochimica ha lasciato l'ecosistema terrestre fuori controllo, ma l'ambiente non è l'unica vittima, né è l'unico sottoprodotto sbilanciato della macabra guerra. Tutti gli abitanti della Terra sopravvissuti sono stati costretti a vivere sotto il pianeta in un'enclave sotterranea. Nel frattempo, ogni creatura che cammina sulla terra o vola nei suoi cieli oscuri è un orribile orrore biologico e parte integrante dell'esercito di biobestie corazzate che formano la Steelmask Force. La Terra non è un bel pianeta in questo anno 1999, ma tu e l'eroe di tutto il mondo, Mazinger-Z, potreste essere proprio ciò di cui ha bisogno per ripulire la feccia mutante della Steelmask Force. Guarda Garada-K7 morto negli occhi mentre lo combatti corpo a corpo per le strade di Tokyo.
McDonald's Treasure Land Adventure (USA)	Ronald McDonald è in possesso di un pezzo di una mappa di un nntesoro. Vuoi sapere chi ha il resto della mappa? I tre malvagi Cattivelli, ecco chi!!! Dovrai aiutare Ronald a trovare tutti i pezzi che compongono la mappa e poi potrai iniziare con lui una eccitante e pericolosa caccia al tesoro! nn
Medal City (Japan) (Sega Game Toshokan)	Medal City è una semplice raccolta di giochi da casinò che offre tre diversi giochi: poker, black jack e slot. Ogni gioco è per un solo giocatore ed è una riproduzione di base del gioco nella vita reale. Il giocatore inizia con 30 fiches e può scegliere liberamente tra ogni gioco scommettendo come meglio crede. Le vincite possono essere salvate tramite password.
Mega 6 Vol. 3 (Europe)	Questo pacchetto di sei giochi è stato incluso con alcune console Megadrive e comprende i seguenti titoli: nn1. Columnsnn2. Revenge of Shinobinn3. Sega Soccernn4. Sonic The Hedgehognn5. Streets of Ragenn6. Super Monaco GP
Mega Anser (Japan) (Program)	Mega Anser è un software di contabilità rilasciato nel 1989 su Megadrive. Il software è stato sviluppato da Sega e dalla banca giapponese Nagoya e pubblicato da Sega solo in un pacchetto con Megadrive. nnIl pacchetto conteneva anche un telecomando a 10 pulsanti che può essere utilizzato solo con questo software.
Mega Bomberman (USA)	Mega Bomberman è un gioco di strategia a vista dall'alto. Controlla il tuo Bomberman attraverso vari livelli sconfiggendo molteplici nemici e tanti boss. Ogni livello è composto da blocchi che esplodono e alcuni che non esplodono. A volte avrai bisogno dei blocchi che non esplodono come riparo. I blocchi che esplodono rivelano power-up e uova. Le uova sono la peculiarità di questa versione di Bomberman. Quando ottieni un uovo, si schiude in un canguro. Esistono diversi tipi di canguro, ognuno con la propria abilità specifica. Salti sul dorso del canguro e utilizzi la sua abilità. Se ti capita di beccare un'esplosione, il canguro subisce il danno e muore e tu continui a vivere.
Mega Bomberman - Special 8-Player-Demo (Europe) (Proto)	Una piccola demo tecnica realizzata da Factor 5 per mostrare una modalità multiplayer a otto giocatori per Mega Bomberman per Sega Mega Drive.
Mega Games 2 (Europe)	Mega Games 2 è un bundle di giochi che comprende i seguenti giochi: nn1. Golden Axenn2. Streets of Ragenn3. The Revenge of ShinobinnIl bundle è arrivato con il Mega Drive II (e inoltre Sonic the Hedgehog 2) e non era in vendita separatamente.
Mega Games 3 (Europe, Asia) (En)	Questo pacchetto da tre è stato incluso con alcune console Mega Drive e comprende i seguenti giochi: nn1. Alien Stormnn2. Super Thunder Bladenn3. Super Monaco GP
Mega Games 6 (Europe)	il suo pacchetto di sei giochi è stato incluso con alcune console Megadrive e comprende i seguenti titoli: 1. Columnsnn2. Golden Axenn3. Super Hang-Onnn4. Streets of Ragenn5. The Revenge of Shinobinn6. World Cup Italia '90 In realtà è la combinazione di Mega Games 1 e Mega Games 2.
Mega Games 6 Vol. 2 (Europe)	Questo pacchetto di sei giochi è stato incluso con alcune console Megadrive e comprende i seguenti titoli: 1. Alien Stormnn2. Columnsnn3. Super Hang-Onnn4. Super Monaco GPnn5. Super Thunder Bladenn6. World Cup Italia '90
Mega Games I (USA, Europe)	Mega Games I, pubblicato come Triple Score: 3 Games in 1 negli Stati Uniti, è una compilation inizialmente pubblicata per Sega Mega Drive in Europa nel 1992. È stata la prima di tre compilation simili, seguita da Mega Games 2 e Mega Partite 3. Nella versione nordamericana, la licenza del torneo World Cup Italia '90 è stata rimossa e sostituita con World Championship Soccer. nn1. Columnsnn2. Super Hang Onnn3. World Cup Italia '90 ou World Championship Soccer
Mega Man - The Wily Wars (World) (Retro-Bit)	Questa volta è guerra!nnNegli ultimi anni è infuriata una lotta titanica per il controllo del pianeta. Ogni volta ha messo Mega Man, un campione cibernetico della giustizia, contro il malvagio Dr. Wily e i suoi robot rinnegati. E ogni volta, Mega Man è emerso vittoriosonnOra, in un disperato tentativo di cambiare il passato, il Dr. Wily ha usatonnuna macchina del tempo per tornare ai tempi delle sue prime battaglie con Mega Man. Lì ha intenzione di assicurarsi che questa volta Mega Man sarà la storia Inn• 3 giochi in uno! Gioca a Mega Man, Mega Man 2 e Mega Man3 Combatti il Dr. Wily dal futuro e le sue nuovissime creazioni robotiche!nn16 Mega con 26 fantastici livelli e spazio di archiviazione alimentato a batteria!
Mega SWIV (Europe)	Nascosta su un'isola nell'Oceano Atlantico, una misteriosa corsa sotterranea ruba veicoli e attrezzature militari e li trasforma in potenti armi da guerra, pilotate da robot programmati per distruggere tutto. L'esercito ha già individuato la minaccia e ti è stato assegnato il compito di infiltrarti e porre fine al problema prima che venga dichiarata una guerra. In questo sparatutto verticale, i giocatori devono scegliere tra un elicottero e un carro armato per attraversare sei livelli pieni di potenziamenti, inclusi deserti, giungle e vulcani. Come al solito, un enorme boss ti aspetta alla fine di ogni livello.
Mega Turrican (USA)	Implacabilmente distruttiva, la spietata e diabolica nn&quot;Macchina&quot; ancora una volta fa calare un'ombra di terrore nnsulla galassia. Sei solo, protetto nella tua tuta d'assalto nnTurrican è armato di equipaggiamenti militari della più alta tecnologia. nnSta per diventare un vero inferno. nn
Mega-lo-Mania (World) (Evercade)	MegaLoMania è uno dei pochi giochi di strategia in tempo reale su Mega Drive. Questa conversione dell'originale rilasciato per computer Amiga presenta dieci fasi, che iniziano con una fase molto semplice e si evolvono nella complessa battaglia finale. Puoi scegliere tra quattro personaggi per comandare i tuoi eserciti. Come al solito nel genere, devi costruire edifici per aumentare il tuo potere e assegnare truppe per combattere i nemici. Sono disponibili 100 soldati per livello, ma quelli che non usi vengono aggiunti al limite nella missione successiva. È anche possibile allearsi con altri eserciti per sconfiggere un nemico comune.
MegaMind (Japan) (Sega Game Toshokan)	MegaMind è una versione per computer del classico gioco da tavolo Mastermind per rompere il codice per un giocatore. Il giocatore deve indovinare una sequenza di pezzi a quattro cifre entro un determinato numero di turni; l'unico feedback dato è un'indicazione di quanti pezzi corretti sono presenti e quanti pezzi corretti sono presenti e al posto giusto. Ci sono quattro livelli di difficoltà, con difficoltà più alte che aumentano il numero di pezzi tra cui scegliere e consentono al computer di mentire una volta durante il gioco. Ci sono quattro diversi set di pezzi a tema con cui giocare.
MegaPanel (Japan)	Megapanel è un puzzle game basato su tessere che funziona come una combinazione di Tetris Attack e un tradizionale puzzle di tessere scorrevoli. I blocchi salgono dal fondo di un pozzo e il giocatore deve farli scorrere per creare una riga o una colonna di tre blocchi dello stesso colore. Questo fa sì che il gruppo si pulisca e potenzialmente crei catene dai blocchi sopra che cadono. Man mano che il gioco continua, il numero di blocchi che devono essere eliminati per continuare, così come la velocità con cui lo stack aumenta, aumenteranno.
Menacer - 6-Game Cartridge (USA, Europe)	La cartuccia Menacer 6-Game è stata rilasciata come cartuccia per la pistola leggera Menacer. È una raccolta di sei giochi: Pest Control - Space Station Defender - Ready, Aim, Tomatoes! - Whack Ball - Front Line - Rockman's Zone
Mercs (World) (En,Ja)	Mercs è uno sparatutto influenzato da Ikari Warriors. Sei un soldato dell'antiterrorismo e devi salvare un ex presidente da una banda rivoluzionaria centrafricana. nnCorri attraverso ciascuno degli 8 livelli, che scorrono principalmente in orizzontale, sparando a tutti prima che possano sparare a te. A volte dovrai sparare ad alberi e altri scenari per progredire. nnTrovare posizioni strategiche è importante, soprattutto perché non puoi sparare mentre sei in acqua. La maggior parte delle volte sei a piedi, ma a volte puoi dirottare i veicoli dei nemici colpiti. Ci sono armi migliorate, bombe intelligenti e ricariche energetiche da raccogliere. Ciascuno degli 8 livelli termina con un grande veicolo che richiede più colpi per essere distrutto.
Metal Fangs (Japan)	Metal Fangs è un gioco di guida futuristico unico, in cui il giocatore controlla una squadra di corridori e deve tentare di distruggere la squadra in competizione. Ogni &quot;gara&quot; è composta da due batterie di due parti ciascuna, e i colpi o le uccisioni dell'altra squadra fanno guadagnare punti. Durante ogni batteria, ogni squadra svolge un turno di attacco (quattro veicoli sul percorso) e un turno di difesa (tre veicoli sul percorso). La squadra con il maggior numero di punti al termine dell'ultima batteria vince un premio e passa alla partita successiva.
Michael Jackson's Moonwalker (Japan, USA) (En)	&quot;Oh. Michael!&quot;, squilla la voce di Katy. &quot;l'avete trovata!&quot; Mancano però ancora tanti bambini! Riuscirete a fermare Mr. Big, il cervello psicopatico della banda prima che rapiscano tutti i bambini? Potrete certamente, se vi chiamate Michael Jackson! Schiacciate i criminali, abbattete i rapinatori e poi polverizzate i teppisti! Vinceteli nel corpo a corpo, nel salto e nella danza Muovetevi come solo Michael Jackson sa muoversi al ritmo di Smooth Criminal. Beat it, Another part of me, Billie Jean e Bad!
Mick & Mack as the Global Gladiators (USA)	Fissa il tuo Goo Shooter e aiuta Mick e Mack, i Global Gladiators™, a neutralizzare i Mostri di Sii me Word&quot;, della Mystical Forest, di Toxi-Town™ e di Artic World™. Divertiti con i super scenari, le 1.250 diverse animazioni e il sonoro più giusto in circolazione!&quot;
Mickey Mania - The Timeless Adventures of Mickey Mouse (USA)	TOPOLINO MANIA nnL'AVVENTURA SENZA TEMPO DI TOPOLINO nn* Con i personaggi creati nei leggendari studi della Walt Disney, in un'avventura piena nnd'azione in technicolour con una miriade di diverse opzioni di gioco potrai scorrere, ruotare e spostarti sulla carriera del personaggio più famoso del nnmondo dei cartoon. nn
Mickey's Ultimate Challenge (USA)	Il cielo sta rimbombando! il cielo sta rimbombando! Cosa mai può essere? Piangi i cittadini di Beanwick. &quot;È una tempesta? È un mostro? È la fine del regno?&quot;nn&quot;Non lo so, ma lo scoprirò&quot;, dice Mickey, &quot;Se devo perquisire ogni stanza del castello di Beanwick per risolvere il mistero!&quot;nnIn Mickey Ultimate Challenge, offriti volontario come Topolino o Minnie per aiutare il regno di Beanwick a risolvere il mistero dei brontolii nel cielo. Ma prima devi dimostrarti degno della sfida pensando di superare una serie di puzzle, indovinelli e giochi diabolicamente intelligenti. Nei panni di Topolino / Minnie, i giocatori da 4 a 104 possono sfruttare appieno le capacità interattive del gioco per mettere alla prova le loro capacità di pensiero critico.
Micro Machines (USA)	Un gioco di corse con una proposta diversa; invece di grandi veicoli, controlli auto in miniatura. Le prove si disputano tra oggetti comuni della vita quotidiana, ma che sembrano giganti davanti a auto così piccole: matite, temperini, macchie di inchiostro, unghie, biscotti e altro. Nella modalità Sfida, gareggi in gare comuni contro tre auto. Nella modalità Testa a testa, il combattimento è contro un singolo rivale o un altro giocatore. In quest'ultimo, le regole cambiano e ottieni punti quando apri una schermata di vantaggio sul tuo rivale. Aggiungendo abbastanza punti, vinci la gara anche prima che finisca.
Micro Machines - Military (Europe) (J-Cart)	Questa voce della serie Micro Machines flirta con un tema militare. Usando una vista dall'alto, corri su diversi tracciati in scala ridotta come uno stagno, un tavolo da cucina, un banco da lavoro, in giardino, .... Il tema si riflette nei veicoli (elicotteri, motoscafi, carri armati, rifornimenti camion...), così come nella musica. nnFino a 16 giocatori possono partecipare attraverso la modalità party hot-seat, ma 8 piloti possono gareggiare contemporaneamente utilizzando il J-Cart e condividendo una parte del joypad. Esistono diversi tipi di gioco, come gare regolari (sfide), prove a tempo e arene di battaglia, in cui devi sopravvivere per un determinato periodo di tempo mentre i veicoli nemici si caricano. Gli altri giocatori possono essere colpiti per rallentarli.
Micro Machines - Turbo Tournament 96 (Europe) (J-Cart)	Micro Machines: Turbo Tournament 96 è un sequel di Micro Machines 2 e sebbene il gameplay e la tipica vista dall'alto rimangano gli stessi, questo divertente gioco di corse offre un gran numero di nuove funzionalità. nnOltre a Challenge-Race, Head to Head-Race, League-Race, Time Trial Challenge-Race e Time Trial-Race, il J-Cart include un'eccezionale modalità multiplayer. Basta collegare due joypad aggiuntivi negli slot per le cartucce e fino a 8 (!) giocatori possono gareggiare contemporaneamente sulla stessa pista (sempre due giocatori che condividono un pad). Con un kit di costruzione incluso, puoi persino creare le tue tracce e memorizzarle. È possibile salvare fino a nove tracce.
Micro Machines 2 - Turbo Tournament (Europe)	Il secondo gioco della serie Micro Machines. Come nel suo predecessore, sei al volante di un'auto estremamente piccola. Corri in luoghi interessanti, come un tavolo, una casa sull'albero e molti altri. Il controllo delle vetture a volte è abbastanza difficile, soprattutto se non si conoscono i binari (la vista dall'alto non è molto nitida). La versione CD-ROM include inoltre musica CD-Audio e un editor di tracce.
Midnight Resistance (World) (Evercade)	I combattenti della Resistenza di Mezzanotte sono alle prese con gli incredibili poteri dello scienziato pazzo King Crimson e del suo Crimson Corps. Crimson ha rapito tuo nonno scienziato e altri cinque tuoi parenti e mira a mettere a frutto i suoi piani avanzati. nnPrendi il controllo di un combattente della Resistenza in questo sparatutto a scorrimento composto da nove livelli basati su piattaforme, ognuno dei quali termina con un Boss da sconfiggere. I tuoi nemici appaiono a piedi e nei veicoli e Crimson ha anche piazzato baie per mitragliatrici lungo il percorso.
Mig-29 Fighter Pilot (USA)	MiG-29: Fighter Pilot si svolge in Medio Oriente. Le forze unite della NATO e del Commonwealth degli Stati sovietici devono fermare il generale Hasouz che sta cercando di ottenere il controllo sulle risorse petrolifere mondiali. Sei il pilota del MiG-29 di fabbricazione russa e devi portare a termine diverse missioni strategiche per garantire il successo dell'operazione.
Might and Magic - Gates to Another World (USA, Europe)	Il sequel del successo Might and Magic I, vantava una grafica migliore, un mondo più ampio, ma ancora più o meno lo stesso motore di gioco e presentazione. Intraprendi un viaggio glorioso e salva il mondo di CRON e te stesso. nnUna festa equilibrata è una necessità in questo gioco. Ci sono diversi luoghi e oggetti che sono limitati a determinati generi, allineamenti o razze. Un party composto da Good Human Males non ti porterà molto lontano. Il tempo gioca un ruolo importante in questo gioco. Il viaggio nel tempo ne fa parte, ma a un livello più elementare scoprirai che i personaggi invecchiano man mano che il gioco va avanti. Se aspetti troppo a lungo, le statistiche dei tuoi personaggi cambieranno per riflettere il loro invecchiamento.
Might and Magic III - Isles of Terra (USA) (Proto)	Dopo aver sconfitto Shelton e le sue forze CRON in Might and Magic II, il gruppo di avventurieri viene portato nel mondo di Shelters: Terra. Ancora una volta, gli avventurieri devono aiutare Corak a neutralizzare Sheltem. nn
Mighty Morphin Power Rangers (USA)	Mighty Morphin Power Rangers è un gioco di combattimento competitivo uno contro uno, caratterizzato da due diverse modalità di gioco: una modalità Scenario in cui il giocatore compete contro una serie di avversari controllati dalla CPU e una modalità Battaglia per due giocatori. Nella modalità Scenario, le partite sono costituite da due segmenti: il giocatore combatterà contro un mostro di dimensioni normali come uno dei Rangers, e dopo aver sconfitto il mostro ne combatterà una versione gigante. Inizialmente solo i cinque Rangers originali e il Megazord sono disponibili con Green Ranger e Dragonzord bloccati fino a quando non vengono sconfitti.
Mighty Morphin Power Rangers - The Movie (USA)	I Power Rangers spogliati dei loro poteri Mighty Morphin e costretti a fuggire dalla Terra? Rita Repulsa e Lord Zedd sopraffatti da un male molto più grande della loro cattiveria combinata? Il centro di comando completamente cancellato e Zordon sull'orlo della morte Il destino del mondo nelle viscide mani di Ivan Ooze, il mostro più sinistro che l'universo abbia mai visto? Potrebbe essere un brutto sogno? Non ci contare. Succede tutto nel film Morphinominal Mighty Morphin Power Rangers! E ora puoi combattere Ivan Ooze, il cattivo più vile nella storia di Nintendo, e tutta una serie di suoi scagnozzi cattivi e brutti in questa rissa iperattiva, a sette livelli, senza esclusione di colpi, caratterizzata da una grafica strabiliante e suoni da brivido del Super NES. Quindi, trasformati in azione e guida i Power Rangers verso la loro più grande vittoria.
Minnesota Fats - Pool Legend (USA)	Minnesota Fats: Pool Legend è un gioco di biliardo in cui il giocatore può partecipare a una modalità storia e giocare contro una serie di professionisti in sei diverse sale da biliardo nel tentativo di affrontare lo stesso Minnesota Fats. Ci sono sette diverse varianti di biliardo da giocare: Eight-Ball, Nine-Ball, Rotation, rack 14-1, Three ball, Cut Throat e One Pocket. C'è anche una modalità Versus per consentire ai giocatori di affrontare qualsiasi avversario a loro scelta, inclusa un'opzione a due giocatori per affrontare un amico e una modalità Torneo. I giocatori possono anche provare la modalità Trick in cui il giocatore prova a competere con 16 diversi colpi di trucco.
Miracle Piano Teaching System, The (USA)	Il Miracle Piano Teaching System insegna il pianoforte a musicisti principianti/intermedi utilizzando una combinazione di lezioni con script, lezioni create dinamicamente e videogiochi a tema pianistico. La versione originale era fornita in bundle con una tastiera di pianoforte personalizzata. Le versioni successive funzionano con qualsiasi tastiera MIDI.
MLBPA Baseball (USA)	La strategia del baseball si fonde con un frenetico gioco arcade in MLBPA Baseball di Electronic Arts. I dettagli progettati per attirare i fan sfegatati includono: giocatori reali con statistiche basate sulla stagione 1993; una modalità stagione completa di 162 giochi; musica da stadio; tabelloni animati; allineamenti difensivi; giochi tagliati; guasti; e anche il doppio interruttore. Le caratteristiche pensate per attirare i fan occasionali includono: grande grafica arcade colorata; uno stadio con folle animate; un'interfaccia di lancio semplificata che consente ai giocatori di guidare la palla; e un'interfaccia di battuta che si basa sul tempismo invece di puntare i cursori. Le modalità di gioco segrete per i potenziamenti ti aspettano, quindi mettiti in gioco e prendi alcuni trucchi! Il gioco stagionale può essere continuato utilizzando le password fornite alla fine di ogni partita.
Monopoly (USA)	Questa volta, un gioco di Monopoli sul tuo computer, per quanto sappia essere nella tua realtà. Ogni tua mossa può essere in animazione 3D o disattivata se non vuoi vedere le animazioni. Possono esserci fino a 6 giocatori contemporaneamente e può essere giocato su Internet. La musica è in formato midi e la qualità del suono è in formato wav. Rotola, gira e non mancare per farci un sorriso.
Monster World IV (World) (En,Ja) (Mega Drive Mini, Genesis Mini)	Questo è un sequel di Wonder Boy 5: Monster World 3. Tu controlli Asha, la ragazza dai capelli verdi di Shion, l'eroe del gioco precedente. Un giorno, Asha era in piedi su una scogliera vicino al suo villaggio natale, e improvvisamente sentì una voce misteriosa che chiedeva aiuto. Decide di lasciare il villaggio e di intraprendere un'avventura per scoprire l'identità di questa misteriosa persona. nnMonster World 4 è essenzialmente un gioco platform, con leggeri elementi RPG/avventura (puzzle, tesori, equipaggiamento, ecc.) Asha può saltare, correre, attaccare o difendersi (premendo il pulsante &quot;giù&quot;). Può anche usare oggetti ed equipaggiare armi e armature, parlare con le persone e aprire scrigni del tesoro. Più avanti nel gioco, sarà anche in grado di usare la magia e un piccolo animale domestico blu la assisterà e la aiuterà nel suo viaggio.
Mortal Kombat (World)	PREPARATI... Il successo arcade n. 1 è qui: da Sub-Zero, Rayden e il resto dei Kombat Warriors alla resistenza estenuante e alle intense partite a specchio! Esegui combo spaccaossa e fantastichennmosse finali! Sconfiggi il mezzo umanonndrago Goro, e distruggi la forma-nncambiare Shang Tsung per diventare ilnnGuerriero supremo di Mortai Kombat!
Mortal Kombat 3 (USA)	PREPARATI PER LA LOTTA PER LA TUA VITA... 14 combattenti selezionabili - inclusi 8 nuovi personaggi, 2 nuovi boss e 1 combattente nascosto all'interno del gioco! Attento a questo tizio. 32 Mega: il massimo in assoluto per un gioco di Mortal Kombat! Memoria immagine aumentata del 33% per una risoluzione grafica eccezionale!nn12 nuovi sfondi in movimento renderizzati in 3D per farti saltare!nnPortali segreti che ti permettono di sfondare su e giù in diversi sfondi per il campo di battaglia bilivello definitivo!nnAncora fatalità, animalità e babelità! Sequenze di combattimento intense, dal vivo e completamente digitalizzate per l'azione più realistica che tu abbia mai visto!
Mortal Kombat II (World)	NIENTE, NIENTE PUÒ PREPARARTI!nnTUTTI i feroci combattenti del gioco arcade n. 1 si riuniscono per Mortal Kombat II, una battaglia per sconfiggere il demone mutaforma Shang Tsung e il suo spietato maestro, Shao Kahn. Brutali mosse speciali, amicizie, abbagli, sorprese nascoste, combo devastanti e stravaganti mosse finali: TUTTO a tua disposizione. Lascia che il Kombat continui...
Mosaico (Brazil) (Super Mega Drive 3)	Gioco di puzzle. Il gioco non è stato venduto su supporto fisico, ma è stato rilasciato solo in memoria di alcuni modelli della console Mega Drive venduti in Brasile, come il Sega Tec Toy Super Mega Drive 3 con 71 giochi in memoria. Gioco pubblicato esclusivamente su Mega Drive.
Mr. Nutz (Europe)	Sei il simpatico scoiattolo del titolo e devi sconfiggere il malvagio Yeti prima che congeli il mondo intero. La tua ricerca ti farà esplorare molte aree come una foresta, una casetta di streghe, un vulcano, le nuvole, un circo... nnMr. Nutz è un gioco platform, in cui Nutz deve saltare sui nemici per ucciderli. Anche la sua coda può essere controllata. Ti muovi attraverso i livelli usando sporgenze, scale, ponti e piattaforme. Ci sono alcuni semplici enigmi che coinvolgono la manipolazione di oggetti.
Mr. Nutz - Hoppin' Mad (Europe) (Proto)	Mr. Nutz 2 è un port per Sega Genesis di Mr. Nutz Hoppin' Mad per Amiga. È stato sviluppato da Neon e doveva essere rilasciato nel 1995 da Ocean, ma il mercato Genesis iniziò a morire in quel periodo e così Ocean decise di non rilasciarlo. Qualcuno legato a Neon ha rilasciato il codice sorgente di questo port durante la fine degli anni 2000 e anche alcune immagini della ROM (che non potevano essere rilasciate a causa di problemi di copyright). Compilare il codice sorgente in una ROM è stato difficile all'inizio, ma alla fine è stato fatto e la ROM compilata è stata rilasciata nel forum di Sonic Retro. Questa ROM (che è quella riprodotta nel video) è apparentemente una beta quasi finale perché non ci sono loghi Neon o Ocean all'inizio e il titolo della ROM è &quot;Mr. Nutz Hoppin' Mad&quot; come nella versione originale di Amiga invece di &quot;Mr. Nutz 2&quot; come negli screenshot che sono stati rilasciati prima. A parte questo, il gioco sembra completo ed è giocabile.
Ms. Pac-Man (USA, Europe)	Nel 1982, è stato introdotto un sequel dell'incredibilmente popolare Pac-Man sotto forma della sua ragazza, Ms. Pac-Man. Questo sequel è proseguito con il gameplay &quot;mangia i puntini/evita i fantasmi&quot; del gioco originale, ma ha aggiunto nuove funzionalità per mantenere il titolo fresco. nnCome il suo ragazzo, Ms. Pac-Man tenta di superare quattro diversi e impegnativi labirinti pieni di puntini e frutti che rimbalzano sempre in movimento, evitando Inky, Blinky, Pinky e Sue, ognuno con la propria personalità e tattica. Un tocco da uno di questi fantasmi significa una perdita di vite umane per la signora Pac-Man.
Muhammad Ali Heavyweight Boxing (USA)	L'eterno campione Muhammad Ali e nove combattenti immaginari sono i protagonisti di questo gioco di boxe. Scegli un pugile e puoi giocare combattimenti singoli o un torneo. I pugili sono sprite 2D, ma l'anello è tridimensionale e puoi muoverti liberamente. Oltre alla modalità base, in cui il gioco determina da solo il braccio di ogni colpo, puoi attivare la modalità simulazione. In questa modalità, ogni pulsante è responsabile di un braccio e devi tenere premuto il pulsante mentre premi una direzione per impostare l'altezza del colpo. Fai attenzione alla barra della velocità: rallenti se vieni scoperto troppo.
MUSHA - Metallic Uniframe Super Hybrid Armor (USA)	Il nostro sistema solare è sotto assedio da parte di Dire 51: il team MUSHA è l'UNICA speranza che abbiamo!nnNella battaglia finale, devi distruggere l'Intellicomputer Dire 51 e riprendere il controllo dei pianeti. Guadagnerai armi speciali come Vanishing Buster, Blazing Beam e Detonatore difensivo. Cambia le armi velocemente o sarai spazzato via nell'oblio. Le straordinarie funzionalità includono ROM da 4 Mbit, 7 livelli, opzioni di armi e direzione di fuoco selezionabile, finali multipli e grafica a 16 bit. Nel team MUSHA, l'abilità da sola non basta, la tua esistenza dipende dal riflesso rapido e dall'istinto! Hai quello che ci vuole?
Mutant League Football (USA, Europe)	Guerra futuristica e intergalattica travestita da football americano, Mutant League Football è stato uno dei giochi di calcio più singolari mai visti sul mercato dei giochi. È una miscela unica di sport e fantascienza, e il calcio vero e proprio è il buon vecchio tipo di boccaccia, letteralmente. Runback che lanciano dinamite, troll blitz, robot che dissanguano olio, è tutto qui. Il quarterback avversario si connette su troppi passaggi? Colpiscilo finché non è morto. Sospetti che l'arbitro sia stato corrotto dall'altra parte? Chiama un Kill Ref udibile; è una penalità di 5 yard però.
Mutant League Hockey (USA, Europe)	Mutant League Hockey è un violento gioco di hockey della stessa serie di Mutant League Football. Ci sono 23 bizzarre squadre di hockey tra cui scegliere, con giocatori composti da zombi, scheletri, troll e robot. Le arene sono ugualmente strane, con pozzi nascosti senza fondo, mine poste sotto il ghiaccio, punte e una &quot;Rete demoniaca&quot; che funge da portiere masticando su e giù e divorando il disco. Il gioco è simile all'hockey normale, tranne che in questo gioco i tuoi giocatori possono raccogliere motoseghe, mazze, asce, ecc. Da usare contro la concorrenza. È un gioco sanguinoso, con gli avversari che esplodono in pile di goo (o circuiti se sono robot) quando si fanno troppo male. Il giocatore può chiamare giochi speciali, come un disco che esplode o un'evasione e attaccare il portiere. Il gioco ha anche sequenze di combattimento se due giocatori decidono di entrare in una rissa.
Mystic Defender (USA, Europe) (En,Ja)	Mystic Defender è un gioco d'azione/piattaforma sul Megadrive. Lei interpreta il ruolo di Joe Yamata nella sua ricerca per salvare Alexandra, rapita dal famigerato Zao. Dovrete progredire nei livelli eliminando i vostri assalitori con la magia. Sono disponibili quattro tipi di magia ed è possibile eseguire attacchi a carica per maggiori danni.
Mystical Fighter (USA)	Un guerriero kabuki entra in un portale temporale per tornare alla dinastia Shogun e sconfiggere il malvagio signore Kabuki. Il gioco è fondamentalmente un picchiaduro a scorrimento laterale, con il giocatore che controlla il guerriero kabuki. Il giocatore può sferrare calci e pugni a orde di servitori nemici in ogni fase. Altre mosse a disposizione dei giocatori sono i calci in salto, la capacità di sollevare i nemici e lanciarli e la capacità di afferrare i nemici e farli girare come un tornado. Il giocatore può anche usare uno speciale potere magico che viene caricato raccogliendo pergamene durante il livello. Il giocatore può anche trovare ricariche per la barra della vita anche in un livello. nnOgni sezione di un livello deve essere sconfitta entro un certo limite di tempo. Alla fine di un livello il giocatore deve sconfiggere un boss nemico per avanzare al livello successivo.
Nakajima Satoru Kanshuu - F1 Grand Prix (Japan)	Satoru Nakajima, il primo pilota giapponese a correre a tempo pieno in Formula 1, ha preso in licenza questo gioco di corse che combina elementi arcade e simulazione. Viene ricreata l'intera stagione 1991, con la possibilità di fare gare singole o un'intera stagione. Prima della gara è possibile modificare diverse aree dell'assetto della vettura, tra cui le prestazioni del motore (configurazioni con velocità massima maggiore hanno un'accelerazione più lenta), deportanza alare (velocità massima maggiore significa aderenza inferiore), pneumatici (aderenza migliore significa minore durata) e così via sopra. nnL'azione è vista dall'alto, con la pista vista ad un angolo fisso invece di ruotare. Puoi fare sessioni di pratica così come la corsa vera e propria.
Nakajima Satoru Kanshuu - F1 Super License (Japan)	F1 Super License è il terzo e ultimo gioco di Satoru Nakajima F1 per Mega Drive. Evitando la vista della cabina di pilotaggio di F-1 Hero MD, questa versione ritorna alla vista dall'alto del precedente Gran Premio di F1. È dotato di una licenza ufficiale FOCA e rappresenta la stagione 1992. nnSono disponibili tre modalità: la modalità GP, che consente al giocatore di giocare una stagione di 16 gare come pilota preferito; Modalità Spot, in cui il giocatore può giocare una gara personalizzata contro un campo intero; e la modalità Test, in cui il giocatore può esercitarsi per sviluppare le proprie abilità. Il giocatore può regolare il motore, le gomme, i freni, le sospensioni e lo spoiler del proprio veicolo tra una gara e l'altra e può anche giocare una corsa libera prima di gareggiare. Il gioco ha tre file di salvataggio in modalità GP e registrerà anche i tempi migliori per ogni percorso.
NBA Action '94 (USA)	NBA Action '94 è uno dei tanti giochi di basket usciti per la Genesi. Include i roster 1993-1994 con tutte le 27 squadre e ha molte delle stelle NBA dell'epoca, incluso Chris Webber quando ha iniziato per i Golden State Warriors. nnPuoi giocare con un massimo di cinque giocatori tutti della stessa squadra utilizzando l'adattatore multi-tap. Puoi giocare 20, 40 o le 82 partite complete e farti strada nella postseason. nnIl gioco tiene traccia di tutti i record e le statistiche di vittorie/sconfitte, ti consente anche di giocare il ruolo di allenatore e di giocare, tuttavia ha solo tre giocate offensive.
NBA Action '95 Starring David Robinson (USA, Europe)	Questo è il sequel di NBA Action '94 con le modalità standard (Exhibition, Season, ecc.) e presenta 300 migliori giocatori della stagione NBA 1994 e tutte le 27 squadre NBA e i rispettivi loghi. I giocatori possono anche modificare il roster della propria squadra e creare fino a 40 diversi giocatori personalizzati che possono essere salvati nella batteria di riserva del gioco. Il gioco non solo ha l'ex giocatore dei San Antonio Spurs, David Robinson, che sostiene e appare nel gioco, ma anche il commentatore play-by-play Marv Albert presta anche il suo talento vocale al gioco.
NBA All-Star Challenge (USA, Europe)	NBA All-Star Challenge offre basket uno contro uno con giocatori NBA della stagione 1991-1992. Sono disponibili cinque diverse modalità di gioco: un singolo incontro uno contro uno, una gara di tiro libero, uno shootout a 3 punti, un H.O.R.S.E. competizione e un torneo uno contro uno. Puoi scegliere tra 27 giocatori (uno per ogni squadra NBA), tra cui Michael Jordan, Larry Bird, Patrick Ewing, Karl Malone e David Robinson. Ogni modalità può essere giocata anche da due giocatori.
NBA Hang Time (USA)	NBA Hang Time è un gioco d'azione arcade di basket 2 contro 2 che segue le orme di NBA Jam. Tutte le squadre NBA, ognuna con 4 giocatori tra cui scegliere, sono incluse insieme al basket frenetico ed esagerato, ignorando le normali regole del gioco ma includendo falli e fuori limite. Puoi anche creare il tuo giocatore, con una collezione di parti del corpo e abbigliamento tra cui scegliere.
NBA Jam (USA, Europe)	NBA Jam, che presentava il basket 2 contro 2, è stato uno dei primi veri giochi arcade di basket giocabili, ed è stato anche uno dei primi giochi sportivi a presentare squadre e giocatori con licenza NBA e le loro vere somiglianze digitalizzate. nnUna caratteristica fondamentale di NBA Jam era la natura esagerata del gioco: i giocatori saltavano molte volte al di sopra della propria altezza, facendo schiacciate che sfidavano sia le capacità umane che le leggi della fisica. Non ci sono stati falli, tiri liberi o violazioni tranne il portiere e le violazioni di 24 secondi. Ciò significava che il giocatore era in grado di spingere o sgomitare liberamente il suo avversario. Inoltre, il gioco aveva una funzione &quot;on fire&quot;, in cui se un giocatore faceva tre canestri di fila, diventava &quot;on fire&quot; e aveva un turbo illimitato, nessun portiere e una maggiore capacità di tiro, fino a quando l'altra squadra non segnava (o il giocatore aveva segnato quattro canestri consecutivi mentre era &quot;in fiamme&quot;).
NBA Jam - Tournament Edition (World)	Questo gioco ti consente di giocare a basket arcade due contro due con giocatori di tutte le squadre NBA. Il gioco è veloce e pieno di azione, con poche regole, nessun fallo e inceppamenti volutamente irrealistici. I giocatori sono classificati in otto categorie di abilità, da rubate e blocchi, a schiacciate e triple. Possono partecipare fino a quattro giocatori umani, ognuno dei quali controlla sempre un singolo giocatore per la propria squadra e l'IA per i giocatori rimanenti. Ciò consente a quattro giocatori di affrontarsi in squadre di due o a due giocatori di allearsi contro un terzo giocatore con un partner CPU. L'edizione del torneo aumenta la rosa di ogni squadra a tre giocatori e consente sostituzioni nei quarti di quarto. Spingere i giocatori ora provoca lesioni, il che riduce le statistiche di un giocatore; incoraggiandoti a sostituirli per farli recuperare.
NBA Live 95 (USA, Europe)	Il primo dei titoli NBA Live su PC, NBA Live 95 include tutti i giocatori di basket della stagione '94 - '95, nonché le squadre All-Star dell'Est e dell'Ovest. nnGestisci oltre 300 giocatori utilizzando la funzione General Manager, novità di questa edizione. Le statistiche per ogni giocatore e squadra vengono salvate. Visualizza giocatori e squadre fianco a fianco per confrontare statistiche e altre informazioni. Puoi scambiare qualsiasi giocatore della lega. nnMolteplici impostazioni di gioco ti consentono di scegliere la modalità di gioco, lo stile e persino la durata di un quarto o di una sessione. I video in full motion danno vita ai tuoi giochi sullo schermo. Ascolta il ruggito della folla, i rumori del campo e del cerchio e le voci dei giocatori. C'è anche una colonna sonora di musica moderna. nnLa versione DOS include il supporto per 2 risoluzioni grafiche: Modalità normale (bassa risoluzione) 320x200 o Grandangolo (alta risoluzione) 640x480. Il gioco può essere controllato utilizzando la tastiera, il mouse o il joystick.
NBA Live 96 (USA, Europe)	Novità per NBA Live '96: Animazioni per i nuovi giocatori: grandi blocchi, ribaltamenti, colpi di ribaltamento, movimenti di rotazione, movimenti incrociati, stacco a due piedi. Nuove mosse: uno contro uno, spin dribbling e crossover. Due nuove squadre: i Vancouver Grizzlies ei Toronto Raptors. Stagioni multi-squadra per un massimo di quattro giocatori. Scambia qualsiasi giocatore, in qualsiasi momento. Schermate al volo Playcalling, Animating Playbook e Shot Diagram per le strategie della linea laterale. All-Star Game e il Draft per il massimo realismo della stagione NBA.
NBA Live 97 (USA, Europe)	NBA Live 97 è un gioco di basket con un'enfasi sul realismo. Puoi scegliere tra tutte le squadre NBA, creare una squadra con giocatori che crei tu stesso o scegliere una squadra formata dai giocatori All-Star della costa orientale o occidentale. Quando crei tu stesso un giocatore, puoi personalizzarlo a un livello elevato. Ci sono oltre 60 assetti offensivi e 10 difensivi. Le opzioni di partita includono una partita di esibizione, un'intera stagione o i playoff.
NBA Live 98 (USA)	NBA Live 98 è un videogioco di basket basato sulla National Basketball Association e il quarto capitolo della serie NBA Live. La copertina presenta Tim Hardaway dei Miami Heat. Il gioco è stato sviluppato da EA Sports e pubblicato il 30 novembre 1997 per PlayStation, il 31 ottobre 1997 per PC e il 31 dicembre 1997 per Sega Saturn. Era la versione finale di NBA Live rilasciata per Super Nintendo, Sega Genesis e Sega Saturn. nnIl gioco ha introdotto varie innovazioni alla serie, inclusa la caratteristica ormai standard di passare a qualsiasi compagno di squadra con la semplice pressione di un pulsante. Il gioco ha anche apportato vari miglioramenti grafici, con nuovi modelli di giocatori e volti modellati sulle fotografie dei giocatori reali.
NBA Showdown '94 (USA, Europe)	Il gioco può essere giocato in vari modi: i giocatori possono giocare uno contro l'altro o contro il computer. Le partite contro il computer erano divise in due livelli, &quot;esibizioni&quot; o &quot;playoff&quot;. Per la prima volta i giocatori potevano scegliere tra una qualsiasi delle squadre NBA, comprese le squadre non playoff. I giochi possono essere configurati per quarti di 2, 5, 8 o 12 minuti.
NCAA Final Four Basketball (USA)	NCAA Final Four Basketball è una simulazione di basket standard con una licenza NCAA completa con 64 delle migliori squadre della Divisione 1-A tra cui North Carolina, Florida State, Boston College e Maryland per citarne alcune. nnCi sono tre modalità di gioco tra cui scegliere: due modalità Allenamento, una che mostra al giocatore i dettagli di base del gioco e un'altra per i tiri liberi, l'Esibizione e il Torneo. Insieme a queste modalità c'è la possibilità di cambiare le opzioni per giocare a piacimento del giocatore, inclusa la modifica della durata del gioco. Un backup della batteria consente al giocatore di salvare i propri giochi, statistiche e roster.
NCAA Football (USA)	NCAA Football ti consente di giocare come una delle sedici squadre di football del college in una partita di esibizione o in un torneo. Il torneo ti mette di fronte a tutte le altre squadre che devi vincere per poter procedere; il gioco verrà salvato automaticamente dopo ogni partita vinta in modo che tu possa riprendere il torneo da dove avevi interrotto. I roster delle squadre sono unici in quanto puoi scegliere giocatori di diversi decenni, dagli anni '60 fino agli anni '90, e puoi mescolare giocatori di diversi decenni se lo desideri.
Nekketsu Koukou Dodgeball-bu - Soccer Hen MD (Japan)	Il Nekketsu FC viene definito una squadra debole, ma ora dovevamo finalmente giocare il torneo nazionale. Per celebrare la competizione nazionale, la squadra è andata a mangiare sushi. Tuttavia, una serie di incidenti sfortunati iniziò ad accadere. Wow, chi avrebbe mai pensato che l'intera squadra avrebbe avuto un'intossicazione alimentare dal mangiare sushi!? Di questo passo sembrava che avremmo dovuto rinunciare al nostro sogno di entrare in nazionale, ma proprio in quel momento il nostro allenatore Misako ha avuto un'idea brillante! Di tutti i nostri club sportivi, il dodge ball sembra essere il più forte, quindi perché non chiediamo loro di aiutarci? La squadra di dodge ball è guidata da Kunio e speriamo che sia all'altezza delle aspettative di Misako!
New 3D Golf Simulation - Devil's Course (Japan)	New 3D Golf Simulation: Devil's Course è un gioco di golf del 1994 di T&E Soft per Sega Mega Drive pubblicato solo in Giappone. Questo è un porting di un gioco per PC-98 del 1992 con lo stesso nome. Scollegando altri titoli della serie New 3D Golf Simulation, Devil's Course si svolge su un campo da golf immaginario.
New 3D Golf Simulation - Harukanaru Augusta (Japan)	Nuova simulazione di golf 3D: Harukanaru Augusta è un gioco di golf del 1989 di T&E Soft per NEC PC-98 e il primo nella loro nuova 3D Golf Simulazione serie di giochi di golf. L'hanno portato su Sega Mega Drive nel 1993. Questa versione non è stata rilasciata al di fuori del Giappone. Il gioco si svolge presso l'Augusta National Golf Club e si svolge in modo identico a Pebble Beach Golf Links.
New 3D Golf Simulation - Waialae no Kiseki (Japan)	Rilasciato esclusivamente nel mercato giapponese, New 3D Golf Simulation: Waialae no Kiseki mette il giocatore alle Hawaii, presso il famoso Waialae Country Club, in partite di golf con un massimo di quattro giocatori. Esistono quattro modalità di gioco principali suddivise in diverse opzioni di disputa in cui il gameplay prevede la definizione della direzione e della potenza del tiro. Terminato il round, si avranno le informazioni in yard del tiro, dando all'avversario il turno di proseguire nel match. Nella schermata di gioco avrai informazioni sul campo, sulla palla e sulla distanza in yard dalla palla alla buca.
New Horizons (USA)	New Horizons su Megadrive è il sequel di Uncharted Waters. Questo gioco di ruolo permette di scegliere tra 6 personaggi e quindi 6 scenari differenti. Durante le tue peregrinazioni marittime, sarai preso tra il commercio e le fasi di combattimento per difendere le tue merci dai pirati. Il gioco offre la gestione della tua flotta: puoi acquistare nuove navi, effettuare riparazioni, ma anche fornire cibo al tuo equipaggio.
Newman Haas IndyCar Featuring Nigel Mansell (World)	Newman Haas Indy Car è, come mostra il nome, un gioco di corse approvato dall'omonimo team di corse CART e dal loro miglior pilota dell'epoca, l'inglese Nigel Mansell. nnIl giocatore ha la possibilità di guidare una singola gara (dove l'opzione per esercitarsi è nascosta) o andare per la corona contro altri 12 piloti in 15 piste (con una certa varietà, non solo ovali) in tutto il Nord America, con l'apertura della stagione nel Queensland , Australia. È possibile giocare da soli, con un amico in split screen o con split screen contro il computer, e se durante la gara vengono riprodotti musica o suoni del motore. Una scelta chiave nel gioco è selezionare tra la modalità Arcade e Simulazione: in quest'ultima, l'auto può subire molti meno danni prima di arrendersi, la messa a punto deve essere eseguita dal pilota e le regole vengono applicate, con il rischio di una squalifica .
NewZealand Story, The (Japan) (En)	Un giorno, una tribù di kiwi si stava divertendo e giocava fuori dallo zoo, solo per essere rapita dalla malvagia foca leopardo, che ha intenzione di venderli al mercato nero. Fortunatamente, durante il processo di rapimento, Tiki, leader della tribù, è riuscita a fuggire dal sacco, e il suo compito è quello di salvare Phee-Phee e gli altri kiwi sparsi per la Nuova Zelanda, e sono tenuti in gabbie in varie località tra cui Auckland, Rotorua, Waitomo Caves, Strait Cook e Mt. Cook.
NFL '95 (USA)	NFL '95 è stata la risposta di Sega Sports alla linea di giochi di calcio EA Sports Madden. Ha molte delle stesse caratteristiche e tutte le 28 squadre professionistiche insieme a 1.500 dei migliori giocatori della NFL della stagione 1993 con cui giocare. nnIl gioco contiene una modalità Esibizione standard e una modalità Stagione in cui i giocatori possono manipolare scambi, firmare agenti liberi e archiviare record per un massimo di sette utenti diversi grazie al sistema di backup della batteria dei giochi, che è stato utilizzato anche per tenere traccia dei leader della lega in tredici diversi categorie.
NFL 98 (USA)	Basato sulla National Football League, il gioco è stato il seguito dell'unico videogioco di calcio di Sega per il Sega Saturn, NFL '97. È l'ultimo gioco della serie originale Joe Montana/NFL di Sega, a cui succederà NFL 2K. nnCome le precedenti due versioni NFL di Sega (NFL '95 e NFL '97), NFL '98 è stata rilasciata esclusivamente per il mercato nordamericano. Non è stato solo l'ultimo videogioco di football americano per Sega Genesis, ma è stato uno degli ultimi giochi sportivi rilasciati per una console a 16 bit, a cui sono succedute console a 32 bit come Sega Saturn e Sony PlayStation. Il gioco funziona con un motore modificato di Prime Time NFL con Deion Sanders con roster aggiornati 96-97.
NFL Football '94 Starring Joe Montana (USA)	Dopo che SEGA ha preso la licenza e ha cambiato nome con l'edizione dello scorso anno, alla fine hanno deciso di abbandonare &quot;Sports Talk&quot; per il titolo più semplice &quot;NFL Football&quot;. Con oltre 800 giocatori basati sulla stagione 1992, tutti i marchi della serie, inclusi i commenti play-by-play, i playbook autentici e i replay istantanei, sono intatti. Il supporto per il backup della batteria è disponibile per il gioco stagionale. Questa versione offre regolazioni significative della fotocamera, tra cui una prospettiva più bassa e alcune funzioni di zoom avanzate che portano reazioni contrastanti.
NFL Quarterback Club (World)	Uno dei primi della serie, presenta tutte le 28 squadre della NFL, compresi i rispettivi soprannomi e loghi e molti dei migliori giocatori dell'epoca, tra cui John Elway, Joe Montana, Brett Farve e Troy Aikman, solo per citarne alcuni. È possibile scegliere tra diverse modalità di gioco, tra cui NFL Play, che include le modalità pre-stagione, stagione e playoff e la modalità Simulazione, che permette ai giocatori di rivivere momenti passati della storia della NFL e di ricreare questi momenti o di cambiare la storia.
NFL Quarterback Club 96 (USA, Europe)	Questo gioco è l'aggiornamento di nuova generazione di NFL Quarterback Club. nnTutte le squadre della stagione NFL 1996 sono mostrate qui, con numeri e statistiche dei giocatori reali. 32 giocate offensive e 16 giocate difensive sono disponibili mentre giochi. Le opzioni includono l'impostazione della durata dei quarti, da uno a 15 minuti, e la selezione della modalità di gioco: Preseason, Playoff o un'intera stagione, in cui giochi 18 partite verso l'obiettivo del Super Bowl.
NFL Sports Talk Football '93 Starring Joe Montana (USA, Europe)	Una voce nella prima serie di calcio di Sega, Sports Talk '93 pesa con l'impressionante (per l'epoca) 12 mega. Gioca con una delle 28 squadre in Exhibition, League Play, Play-off o Super Bowl. Viste multiple sul campo e Sports Talk 2.0 (&quot;più di due volte più commenti&quot;) sono le caratteristiche principali che lo distinguono dagli altri giochi di calcio. Due giocatori possono competere o cooperare contro il computer. Inoltre, è inclusa una modalità di coaching, che consente ai giocatori di scegliere le giocate da far eseguire al computer.
NHK Taiga Drama - Taiheiki (Japan)	NHK Taiga Drama è una produzione televisiva giapponese con attori reali creata dall'emittente NHK e che copre passaggi storici dal Giappone in un formato di serie settimanale. Taiheiki - Cronaca della Grande Pace -, coinvolge un periodo della storia giapponese compreso tra gli anni 1319 e 1367. Il gioco di strategia conta questi passaggi e mette il giocatore insieme ai capi della Corte del Nord e all'Imperatore Go-Daigo appartenente alla Corte di il Sud. Devi guidare la storia a favore del tuo popolo, guadagnando alleati e conquistando territori. Battaglie politiche e militari ti aspetteranno in questa avventura.
NHL '94 (USA, Europe)	NHL '94 è un gioco di hockey su ghiaccio su Megadrive. Scegli la tua squadra preferita con la licenza ufficiale della National Hockey League (stagione 1993-1994) e fai la storia. Sono disponibili tre modalità di gioco: &quot;Regular Season&quot;, &quot;Playoffs&quot; e &quot;Shootout&quot; che ti consente di esercitarti ai calci di rigore. Sono state aggiunte nuove animazioni ed è ora possibile controllare il portiere durante la partita.
NHL 95 (USA, Europe)	NHL '95 è stato il terzo gioco di hockey su ghiaccio su licenza di EA Sports, promettendo l'azione più veloce della serie fino ad oggi. L'azione è vista dall'alto e può essere giocata con o senza penalità realistiche. C'è una modalità per l'intera stagione, che ti consente di guidare una squadra attraverso tutte le 84 partite, con l'opzione di infortuni che potrebbero mettere i giocatori fuori da una sequenza di partite. Hai il pieno controllo sul commercio e sulla creazione di giocatori per la tua squadra. Le nuove mosse di gioco includono colpi fittizi e blocchi sdraiati.
NHL 96 (USA, Europe)	NHL 96 è stato il primo gioco di EA Sports a presentare la tecnologia Virtual Stadium, che ha dato una sensazione 3D e angoli di ripresa multipli. La licenza NHL garantisce l'inclusione di squadre e giocatori reali dell'epoca, con un sistema completo di campionato e playoff. Molte opzioni di gioco possono essere attivate: il famigerato combattimento è un'opzione, così come i rigori e il fuorigioco. Il sistema di controllo consente di eseguire passaggi con un solo tocco e diverse mosse speciali per far avanzare rapidamente la palla. Come caratteristica bonus, includeva i profili &quot;Hockey Card&quot; di ogni giocatore su CD e interviste con le stelle del gioco.
NHL 97 (USA, Europe)	Edizione del 1997 della serie di simulazioni sportive NHL di EA. I miglioramenti in questa edizione riguardano principalmente l'arena grafica, con una versione raffinata del sistema &quot;stadio virtuale&quot; che aggiunge nuovi angoli di ripresa (incluso il classico top-down stranamente mancante da NHL 96), e giocatori poligonali invece del bitmap- quelli basati su animazioni catturate dal movimento. nnAltri extra includono il supporto multiplayer per un massimo di 8 giocatori tramite la rete o il sistema GrIP di Gravis, l'opzione per creare nuovi giocatori e scambiarli in giro, e la consueta quantità di stile multimediale con licenza sportiva EA, incluso un interessante &quot;Goalie Mask Viewer&quot; osserva i caschi riccamente decorati di 30 portieri.
NHL 98 (USA)	NHL 98 offre un gameplay molto più veloce e raffinato (ora utilizza quattro tasti azione invece di due, eliminando la necessità di toccare due volte per eseguire alcune azioni), insieme ad altre nuove funzionalità come le tattiche &quot;al volo&quot; sviluppate da Marc Crawford, poi manager del Colorado Avalanche e nuove linee di commento di Jim Hughson e Darryl Reaugh e un'interfaccia rielaborata. La grafica è migliorata rispetto alla versione precedente con i giocatori meno spigolosi e, grazie al supporto 3Dfx, con meno pixel mostrati nelle trame. La presentazione in-game segue uno script in stile TV, ingrandendo i giocatori e visualizzando le statistiche durante le interruzioni dell'orologio. nnPer quanto riguarda le modalità di gioco, nell'anno del primo torneo olimpico con giocatori professionisti, NHL 98 ha introdotto la prima vera competizione internazionale, con 18 squadre internazionali tra cui scegliere. Altre modalità di gioco includono Season (opzione per scegliere tra 25 o 82 partite) e Playoff (al meglio di 1, 3, 5 o 7 partite) e una modalità Penalty Shootout.
NHL All-Star Hockey 95 (USA)	NHL All-Star Hockey '95 è il gioco di hockey standard completo di licenza NHL e NHLPA completo di tutte le 26 squadre NHL e oltre 650 giocatori della stagione NHL 1993-94 tra cui Mark Messier, Mario Lemieux, Jeremy Roenick e lo stesso Great One , Wayne Gretzky. Si applicano le modalità standard, tra cui Esibizione, Stagione e Playoff, che includono il formato aggiornato al meglio delle sette. C'è una batteria di riserva che consente ai giocatori non solo di salvare le partite, ma di tenere traccia di 15 tipi di statistiche e presenta anche il talento vocale della leggenda della trasmissione, Marv Albert per i commenti in-game.
NHL Hockey (USA)	La prima incursione di Electronic Arts negli sport sul ghiaccio su console porta 22 squadre più due squadre NHL All-Stars con i loro giocatori. Ogni atleta ha 14 attributi che vanno dall'aggressività, forza e intelligenza alla padronanza dei pattini. Il gioco ha perfezionato il controllo del disco con diverse mosse che sarebbero diventate standard nei giochi successivi della serie NHL. La missione di EA è farti sentire uno spettatore del gioco nel tuo salotto, e gli effetti speciali di gioco e i replay chiave svolgono questo ruolo.
NHLPA Hockey (USA) (Proto) (HeartBeat Catalyst)	La seconda parte della serie di hockey di Electronic Arts. Presenta la licenza NHLPA (quindi ha i nomi dei giocatori reali), ma non la licenza NHL (quindi non ha i nomi delle squadre NHL). nnIl gameplay è stato modificato solo leggermente rispetto al predecessore. Sono disponibili le modalità Regular Season e Playoff. I portieri hanno migliorato l'intelligenza artificiale, ci sono più opzioni di gioco scorretto e il gioco ora offre statistiche dettagliate.
NHLPA Hockey 93 (USA, Europe)	La seconda parte della serie di hockey di Electronic Arts. Presenta la licenza NHLPA (quindi ha i nomi dei giocatori reali), ma non la licenza NHL (quindi non ha i nomi delle squadre NHL). nnIl gameplay è stato modificato solo leggermente rispetto al predecessore. Sono disponibili le modalità Regular Season e Playoff. I portieri hanno migliorato l'intelligenza artificiale, ci sono più opzioni di gioco scorretto e il gioco ora offre statistiche dettagliate.
Nigel Mansell's World Championship Racing (USA)	Il tempismo ha sorriso a Gremlin con questa simulazione di Formula 1 autorizzata, poiché la lunga ricerca di Nigel per un campionato era finalmente arrivata bene. Il gioco è stato lanciato da qualche parte tra una simulazione in piena regola come F1 GP e giochi d'azione come Continental Circus. Solo 12 vetture erano in ogni gara, che poteva durare da 3 a 20 giri.
Nightmare Circus (Brazil) (En)	Il maniaco Jester ha resuscitato il parco divertimenti Del Diablo dalle fiamme dell'inferno. Ora, demoni terrificanti vagano per il parco diffondendo paura e distruzione dove una volta c'erano bambini e tanto divertimento. Solo Raven, un indiano nativo con poteri mistici e telepatici, può sconfiggere Jester e i suoi seguaci in questo parco divertimenti. Ebbene divertimento non è la parola più appropriata per definire questo posto... nn- Fai esplodere i tuoi nemici con oltre 100 mosse: pugni, calci, combo e molti incantesimi. - 4 modi diversi di giocare: unisciti all'avventura da solo o con un partner; controlla Jester e la sua legione del male o scegli uno dei 18 combattenti e partecipa a un sanguinoso torneo.
Nikkan Sports Pro Yakyuu VAN (Japan)	Sports Talk Baseball, ti offre tutte le squadre ei giocatori del roster del 1991. Scegli di giocare come &quot;slugger&quot;, come &quot;Ruben Sierra&quot;, o &quot;Cecil Fielder&quot;, o gioca come &quot;Ken Griffey Jr&quot;, e colpisci quelle palle veloci. Puoi giocare come &quot;Cal Ripkin Jr&quot; e farlo immergere. Le stagioni si estendono fino a 162 partite, inclusa una gara di Pennant. Hai molti stili di battuta e stili di lancio tra cui scegliere. Sports Talk Baseball incorpora &quot;Sports Talk&quot; brevettato da Sega, offrendo un gioco accurato.
Ninja Burai Densetsu (Japan)	Ninja Burai Densetsu è un gioco di strategia del 1991 di Sega per Sega Mega Drive rilasciato esclusivamente in Giappone. nnIl gioco funziona in modo simile ad altri giochi di strategia come i giochi Daisenryaku di SystemSoft e i giochi Shining di Sega. Hai il controllo di una squadra di ninja che combatte contro un'altra squadra. C seleziona un ninja/conferma un'azione. B annulla un'azione o, se non è in corso alcuna azione, seleziona il ninja successivo. A apre il menu di battaglia, che ti consente di terminare il tuo turno. Le battaglie sono completamente automatiche. Una caratteristica esclusiva di Ninja Burai Densetsu sono i livelli speciali a scorrimento laterale: se dovessi spostare un ninja in uno spazio speciale, andrà in una città dove possono ottenere vari oggetti utili dai cittadini.
Ninja Gaiden (Japan) (En) (Proto)	Sega aveva anche un terzo progetto in esecuzione, questa volta per il Mega Drive. Ancora una volta, lo sviluppo è stato fatto da una terza parte. Questa volta sembra essere stato lo sviluppatore per lo più sconosciuto chiamato Opus, come indicano l'arte in-game e il motore sonoro utilizzato. Questo gioco non è mai stato rilasciato, probabilmente a causa di problemi di qualità, ma una copia beta è trapelata e può essere giocata su emulatori al giorno d'oggi. Il gioco avrebbe cercato di basarsi sul concetto del gioco arcade originale, ma in una certa misura sembra più un pessimo approccio alla scuola di picchiaduro di Streets of Rage. È ovvio che o era in una fase di sviluppo piuttosto precoce, oppure Sega ha fatto bene a staccare la spina da questo pasticcio pasticciato. nnIl gioco presenta molte scene tagliate, tutte nel miglior inglese. I titoli dei capitoli sono in giapponese, però. La storia non ha alcun senso, almeno non nel suo stato presentato.
No Escape (USA)	Basato sull'omonimo film del 1994 con protagonista Ray Liotta, il giocatore prende il controllo del personaggio di Liotta, il capitano J.T. Robbins, il cui unico obiettivo del gioco è fuggire da un'isola. Dopo aver sparato al suo comandante, Robbins viene imprigionato e alla fine inviato sull'isola Absolom come criminale di guerra, da dove non c'è via di fuga. Per fare ciò, il giocatore deve esplorare l'isola con un gameplay platform a scorrimento laterale per trovare indizi, trovare oggetti e combinarli per creare armi e trappole. nnRobbins può parlare con alcuni prigionieri per aiutarlo nella sua ricerca, ma deve anche evitare prigionieri violenti, attaccandoli con pugni o calci o usando trappole e furtività per aggirarli. La grafica è basata sui rotoscopes degli attori reali del film.
Nobunaga no Yabou - Bushou Fuuunroku (Japan)	Nobunaga no Yabou: Bushou Fuuunroku è un gioco di simulazione di Koei come parte di una serie di giochi basati sulla vita di Nobunaga che a sua volta fa parte della loro serie di simulazioni storiche. È stato rilasciato per la prima volta nel 1990 su NEC PC-88 e poi è stato portato su diverse altre piattaforme rilasciate in Giappone, incluso un port su Sega Mega Drive nel 1991 che non è stato rilasciato al di fuori del Giappone.
Nobunaga no Yabou - Haouden (Japan)	Nobunaga no Yabou: Haouden (&quot;Nobunaga's Ambition: Tale of the Conquerer&quot;) è un simulatore di strategia di Koei e il quinto della serie di punta di Nobunaga's Ambition di sim feudali dell'era Sengoku. Ancora una volta, il giocatore assume uno dei numerosi daimyo, incluso lo stesso Oda Nobunaga, e cerca di conquistare il resto del Giappone. È stato originariamente rilasciato nel 1992 per il computer di casa PC-9801 e portato su vari altri computer e console del periodo. nnTra le modifiche al gameplay c'era l'aggiunta di castelli, che ora sono i luoghi che i giocatori devono conquistare per conquistare un nuovo territorio. Haouden è stato anche il primo gioco della serie a ricevere un pacchetto di espansione, anche se questo pacchetto non sarebbe stato disponibile per tutte le versioni del gioco.
Nobunaga's Ambition (USA)	Nel XVI secolo, il periodo Sengoku del Giappone divise la nazione in molti stati feudali, ciascuno governato da un daimyo. Molti sognavano di conquistare il Paese, diventare Shogun e governare l'intero Paese. Uno di questi daimyo era l'ambizioso Nobunaga Oda, un sovrano spietato e rinomato stratega. I giocatori assumono il ruolo di Nobunaga Oda o di uno dei tanti altri daimyo nel tentativo di conquistare il Giappone. Nobunaga's Ambition è un gioco di strategia a turni che può essere giocato in diverse modalità. I giocatori iniziano selezionando uno scenario di 17 regioni o uno più grande di 50 regioni. Successivamente, il giocatore deve scegliere un daimyo, i cui attributi sono valutati in diverse categorie: età, salute, ambizione, fortuna, fascino e quoziente intellettivo. Con il progredire della partita, questi valori cambiano in base agli eventi del gioco.
Normy's Beach Babe-O-Rama (USA, Europe)	Normy è un surfista popolare, specialmente con le donne sulla spiaggia, tuttavia un giorno appare un UFO e rapisce tutte le donne sulla spiaggia e spetta a Normy viaggiare in 29 diversi mondi alieni per riportarle sulla Terra. Il gameplay è un gioco d'azione a scorrimento laterale, che controlla Normy e combatte i vari cattivi sparsi per il livello usando armi come martelli che allungano i guanti o mazze di castoro. Ci sono anche enigmi che devono essere risolti a volte per avanzare, varie insidie e trappole da evitare e sei diversi boss da combattere.
Nyuushi Chokuzen Check - Nanmon Kimon Kiki Kaikai (Japan) (Sega Channel)	È un videogioco pubblicato per Sega Mega Drive esclusivamente tramite il servizio Sega Channel in Giappone. Non è mai stato rilasciato fisicamente, tuttavia, una copia della rom è stata scoperta e rilasciata nel 2017.
Olympic Gold (Japan, USA) (En,Fr,De,Es,It,Nl,Pt,Sv)	Benvenuti alle Olimpiadi di Barcellona 1992!! Questa è la tua occasione per provare tutte le emozioni di partecipare al più grande evento sportivo del pianeta! Avrai bisogno di molta forza e coraggio per ricevere l'onore supremo: una medaglia d'oro olimpica. Qual'è la tua specialità? 100 metri piani, lancio del martello, tiro con l'arco, salto con l'asta, stile libero, tuffi o 110 metri con ostacoli? Per chi è bravo in tutte queste categorie, c'è l'Olimpiade Completa. Ma le opzioni non si fermano qui: puoi anche scegliere una Mini-Olimpiadi con le modalità che scegli o una sessione di allenamento per migliorare. Tutto in grande stile, con la cerimonia di apertura e chiusura, medaglie con diritto ad un inno e tutto il resto... In bocca al lupo, campione!!
Olympic Summer Games (USA)	Olympic Summer Games è il videogioco ufficiale a 16 bit dei Giochi Olimpici del 1996 tenutisi ad Atlanta, il terzo e ultimo titolo ufficiale del CIO ad essere rilasciato sulla console. È un tipico schiacciabottoni, include 10 eventi (100 m sprint, 110 m ostacoli, salto con l'asta, salto in lungo, salto triplo, giavellotto, salto in alto, disco, skeet e tiro con l'arco) e 32 paesi di tutto il mondo competono in Olimpiadi personalizzate o pratica . Due giocatori possono competere testa a testa in eventi sprint e un totale di otto possono giocare nella stessa partita. Tre livelli di difficoltà consentono eventi competitivi sia per i neofiti che per i veterani del genere.
Ooze, The (Japan, USA) (En)	The Ooze è un gioco abbastanza poco conosciuto (e bizzarro) che è stato rilasciato verso la fine del ciclo di vita di Genesis. La storia racconta che tu sei uno scienziato con un esperimento andato storto che ti ha trasformato in una pozzanghera di melma verde. Vieni lavato nel lavandino e devi tornare al laboratorio (completando una serie di enigmi, ecc.) per impedire al tuo capo di conquistare il mondo. nnIl gioco è giocato da una prospettiva dall'alto verso il basso e ti muovi nel livello combattendo i nemici e risolvendo enigmi. Puoi raccogliere più melma e altri oggetti mentre procedi che possono aiutarti a superare ogni livello.
Operation Europe - Path to Victory 1939-45 (USA)	Il mondo sta per cambiare! L'anno è il 1939 e la macchina da guerra di Hitler ruggisce in tutta Europa. Ecco la tua occasione per tracciare le strategie che fermeranno l'Asse sui suoi binari o lo condurranno alla vittoria. Partecipa alla guerra in Africa, alle famose battaglie tra carri armati a Kursk, alla battaglia delle Ardenne, alla battaglia per la Normandia e alla battaglia per Berlino. Dai ordini ai tuoi generali sul campo: Patton, McAuliffe e Montgomery. Assassina i comandanti nemici con forze speciali, fai posare mine agli ingegneri e schiera unità di paracadute nelle città occupate. L'Asse è un nemico implacabile con comandanti come Rommel, Rundstedt e Manstein che guidano la carica. Con le loro armi avanzate e la loro posizione forte, non sarà facile riportarli a Berlino. Lascia la diplomazia ai politici. Ora è il momento per i militari di agire nelle proprie mani!
Osomatsu-kun Hachamecha Gekijou (Japan)	Un giorno, i cinque fratelli di Osomatsu scomparvero. Il malizioso Iyami, ovviamente, deve essere dietro a tutto questo! Con grande fretta, Osomatsu afferra la sua fionda e parte per salvare i suoi fratelli e dare a Iyami un assaggio della sua stessa medicina. Osomatsu-kun: Hachamecha Gekijo (Nonsense Theater) è un platform d'azione a scorrimento laterale basato sul manga e sull'anime creato da Fujio Akatsuka, che suona in modo simile ad Alex Kidd. Il giocatore controlla il titolare Osomatsu attraverso ambienti stravaganti giapponesi, combattendo nemici bizzarri, raccogliendo nastri per acquistare vari oggetti da negozi nascosti e cercando i suoi fratelli scomparsi. Ogni fase è composta da più aree; cadere in buchi nel terreno porta a passaggi sotterranei e saltare su proiettili volanti porta alle nuvole. Un boss attende alla fine di ogni livello, di solito solo Iyami in una sorta di strano travestimento.
Ottifants, The (Europe) (En,Fr,De,Es,It)	Bruno, il piccolo ottifante è nei guai. Suo padre è stato rapito dai marziani! O almeno questo è quello che lui immagina mentre insegue la scia di dolciumi caduti dalla valigetta del babbo sulla via dell'ufficio. Per salvarlo, deve affrontare un'armata di giocattoli, piante e macchine mutanti. Veri e propri mostri.
Out of This World (USA)	In seguito ad uno strano incidente, lo scienziato Lester Chaykin si materializzi stordito e confuso, In un luogo sconosciuto. Non è la Terra è Another World. La lotta per sopravvivenza è iniziata.
Outback Joey (USA) (HeartBeat Catalyst)	Joey, un canguro, vive con la sua famiglia nel nord dell'Australia. La loro vita pacifica viene interrotta dall'invasione di un gruppo di bracconieri che portano via diversi membri della sua famiglia, così Joey parte per un viaggio per riportarli indietro. Outback Joey è l'unico gioco rilasciato per HeartBeat Personal Trainer, un sistema di fitness basato su Sega Genesis. Utilizzando un sensore di pulsazioni e pad di controllo del gioco montati su una cyclette, un montascale, un tapis roulant o una macchina da sci, i giocatori devono esercitarsi mentre giocano a un platform 2D altrimenti tradizionale. Il battito cardiaco del giocatore è direttamente legato alla velocità del personaggio del giocatore nel gioco, con un battito cardiaco sano che gli consente di muoversi più velocemente e un battito cardiaco a riposo che lo rallenta fino a diventare uno slog. I giocatori possono creare un profilo con il loro nome, età e sesso e i loro dati sulla salute vengono monitorati costantemente nel tempo per consentire loro di monitorare i loro progressi.
Outlander (USA)	Mindscape ha sviluppato questo gioco sperando di ottenere la licenza come gioco ufficiale di Mad Max, tuttavia Warner Bros non ha mai realizzato ciò. Ad ogni modo, il gioco assomiglia molto a &quot;The Road Warrior&quot; (Mad Max 2). Il tuo obiettivo è guidare la tua auto attraverso la terra desolata, cercando di sopravvivere agli attacchi dei membri della banda di motociclisti ed evitare di rimanere senza benzina. Il gameplay è diviso in due generi: corse e scorrimento laterale. Nelle parti da corsa devi distruggere nemici come membri di gang di motociclisti, capitani di girocotteri, camion rossi, ecc. La tua auto ha una mitragliatrice installata nella parte anteriore e se qualcuno ti guida accanto, si apre un finestrino in alto, permettendoti di sparare con il tuo fucile.
OutRun (USA, Europe)	Corri su terreni diversi in questa conversione di uno dei più famosi giochi di corse arcade. La tua Ferrari è pronta, completa di passeggero donna, su una serie di brevi percorsi. Il gameplay è visualizzato appena sopra e dietro l'auto. Le strade sono piene di curve strette e pericoli, il cui contatto può far rotolare l'auto e farti perdere tempo. In ogni sezione del binario c'è un bivio, che ti permette di scegliere in quale direzione andare. Devi completare 5 sezioni di binario in totale, su 15 nel gioco.
OutRun 2019 (USA)	La struttura di base del gioco Outrun viene riutilizzata in questo, con la differenza principale che è stata utilizzata un'ambientazione futuristica. I circuiti hanno alcune pendenze spettacolari e le auto percorrono quasi 700 km / h. Sono disponibili quattro diverse sequenze di tracce e il tuo obiettivo è completare ogni sezione della traccia entro il limite di tempo. Come nel gioco OutRun originale, verso la fine di ogni fase ci sono dei bivi sulla strada, che ti consentono di scegliere percorsi diversi all'interno delle sequenze di tracce. Ci sono anche altre macchine sulla strada da evitare.
OutRunners (USA)	OutRunners è un sequel del classico gioco di corse arcade OutRun. Ti mette al volante di 8 diverse auto da corsa con l'obiettivo di arrivare primo in un torneo di corse campestri a livello mondiale. Come accennato, puoi scegliere tra 8 auto sintonizzate in modo diverso, ognuna con diverse specifiche di guida e velocità. Gareggia nella speranza di ottenere il trofeo. Alla fine di ogni fase puoi scegliere tra diverse diramazioni che determinano quale sarà la tua fase successiva, e quindi le diverse rotte da prendere, fino alla fine del gioco (se riesci a battere gli altri giocatori). OutRunners pone una grande enfasi sul gameplay competitivo poiché corri sempre contro un'altra macchina, sia essa un'IA o una controllata da umani in una modalità multiplayer a schermo diviso.
Outworld 2375 A.D. (USA) (HeartBeat Catalyst)	&quot;Outworld 2375 A.D.&quot; è un gioco di corse che era in sviluppo per il Sega Mega Drive nel 19932. Il gioco era progettato per essere utilizzato con il dispositivo Heartbeat Catalyst, un sensore di fitness montato sul corpo che si collegava alla console. Questo dispositivo monitorava il battito cardiaco del giocatore e rispondeva in base al mantenimento della frequenza cardiaca entro una soglia target. Il gioco non è mai stato completato o rilasciato ufficialmente, ma sembra che ci sia stata una produzione limitata e che alcune copie siano possedute da collezionisti. Recentemente, una copia del gioco è stata preservata dalla Video Game History Foundation.
P.T.O. - Pacific Theater of Operations (USA)	P.T.O è un altro sim militare di KOEI. In questo gioco puoi scegliere di essere il Giappone o gli Alleati. Gestendo le tue flotte e ordinando nuove navi da guerra, puoi controllare molti lati diversi del conflitto. (sviluppo della nave, difesa della base, disposizione della flotta, controllo diretto della battaglia, decisioni economiche). Ci sono molte diverse opzioni di gioco in PTO, puoi scegliere di giocare una delle tante battaglie famose o puoi giocare la campagna. Puoi controllare un lato o entrambi. Ci sono anche controlli limitati sulle condizioni di vittoria.
Pac-Attack (USA)	Pac-Man fa una rara apparizione al di fuori di un ambiente labirintico in Pac-Attack, un puzzle game divertente e bizzarro. Questa voce unica nel genere dà una svolta a convenzioni consolidate e aggiunge uno dei personaggi più iconici del gioco al mix. L'obiettivo è semplice: mantenere lo schermo libero da blocchi e fantasmi che cadono allineando i blocchi orizzontalmente, facendoli scomparire.
Pac-Man 2 - The New Adventures (USA)	Unisciti a Pac-Man in un'avventura a scorrimento laterale in cui devi guidarlo attraverso Pac-Land, risolvendo enigmi e trovando oggetti per sconfiggere la malvagia strega fantasma di Nentor. Non controlli Pac-Man in persona, poiché devi mostrargli dove andare e cosa cercare, mentre usi la fionda per rovesciare e trovare oggetti o aprire porte e sconfiggere i cattivi prima che Pac-Man li incontri. Puoi raccogliere gli oggetti che trovi lungo i percorsi dalla casa di Pac-Man nell'inventario e usarli per un giorno successivo.
Pac-Mania (USA, Europe)	Conosci Pac-Man, quel tizio yella famoso in tutto il mondo, sgranocchiante, che corre nei labirinti, pieno di divertimento e frenesia. Ora puoi giocare a Pac-Man come non hai mai giocato prima, in uno spettacolare 3-D! In Pac-Mania, tutto sullo schermo prende vita! Gli adorabili fantasmi scivolano nell'aria. Puntini e pellet energizzanti sono sospesi a mezz'aria. Pac-Man ottiene un nuovo potere: può saltare su e sopra i fantasmi! C'è anche una funzione Pac Booster che ti consente di spostare Pac-Man a velocità super. Amerai i nuovi labirinti impegnativi: sono disponibili in così tante forme sbalorditive che ti trasformeranno in un Pac-Maniac certificato!
Pachinko Kuunyan (Japan)	Yokohama Pachi-Pachi Chinatown è un'isola dove tutti amano il pachinko. Un giorno, un misterioso panda malvagio decide che deve averlo, e lo ruba per sé, trasformandolo nella sua personale isola pachinko, un luogo dove chiunque entri non potrà mai andarsene. Chen è un uomo che ama il pachinko, e un giorno si reca nei famosi saloni di pachinko di Yokohama... e non torna più. La fortuna dice che molto presto apparirà la persona che fermerà i mali di questo salotto pachinko, e la figlia di Chen, Ren, parte per il suo 18° compleanno per Yokohama, alla ricerca di suo padre. nnPachinko Kuunyan è un gioco di ruolo pachinko molto simile alla serie Pachio-kun. Il giocatore controlla Ren come in un normale gioco di ruolo, ma invece di combattere battaglie, può entrare nelle sale dei pachinko e giocare con le macchine. Ognuna delle cinque città ha diverse sale pachinko e Ren deve svuotare un certo numero di macchine prima di poter passare alla città successiva. Se finisce le palle, il gioco finisce.
Paddle Fighter (Japan) (Sega Game Toshokan)	Paddle Fighter è una versione digitale del popolare gioco di air hockey. Due giocatori controllano ciascuno una racchetta rotonda e devono tentare di colpire un disco nella porta del giocatore avversario, con il vincitore che è il primo a sette gol. Ogni giocatore ha a disposizione una serie di mosse speciali, che includono mosse difensive come bloccare l'obiettivo per un breve periodo di tempo, nonché mosse offensive come dividere il disco in cinque &quot;dischi fantasma&quot; che possono distrarre il giocatore avversario. C'è una modalità per giocatore singolo in cui è necessario sconfiggere una serie di avversari sempre più difficili, nonché una modalità per due giocatori in cui è possibile interpretare uno qualsiasi degli otto diversi personaggi.
Pagemaster, The (USA)	Scopri il fantastico mondo a cartoni animati di Pagemaster. nnNei panni di Richard Tyler dovrai cercare delle tessere di biblioteca attraversando ben 68 livelli nndi Fantasy, Horror, ed Avventura nel tuo tentativo di fuggire dalla dimensione dei cartoni animati.
Panorama Cotton (USA) (Strictly Limited Games)	Il regno delle fate è stato a lungo minacciato dalla strega oscura Wool, il capo dell'Oscura Ondulazione. La regina Velvet inviò la simpatica fatina Silk a chiedere aiuto alla strega dai capelli rossi Cotton, l'unica in grado di sconfiggere Wool. Cotton accetta a una condizione: riceverà dei salici come ricompensa, poiché i salici sono il suo cibo preferito. Alla fine, dopo aver sconfitto Wool, Cotton si rende conto che qualcuno ha avvelenato i salici promessi e giura vendetta. Accompagnata da Silk, inizia a inseguire il misterioso nemico. nn&quot;Panorama Cotton&quot; è uno sparatutto a scorrimento pseudo-3D che ricorda Space Harrier, ambientato in un mondo fantasy in stile anime. Vari livelli scorrono &quot;nello schermo&quot;, verticalmente, orizzontalmente o diagonalmente. Puoi spostare Cotton sullo schermo, sparando ai nemici in arrivo ed evitando gli ostacoli sulla sua strada. Cotton può potenziare la sua arma a livelli più alti man mano che avanzi nel gioco e può anche lanciare incantesimi magici raccogliendo oggetti speciali.
Paperboy (USA, Europe)	Basato sul gioco arcade, l'obiettivo di Paperboy è quello di consegnare documenti ai tuoi clienti mentre infliggi il maggior danno possibile alle case dei tuoi non clienti. Per rendere le cose più difficili, numerosi ostacoli ti ostacolano tra cui operai edili, pneumatici disonesti, skateboarder, cani e gatti, automobili e persino il tornado occasionale.
Paperboy 2 (USA, Europe)	Paperboy 2, lo straordinario seguito del più famoso giro in bicicletta delle sale giochi. Più abbonati a cui fare le consegne (ambedue i lati della strada), più non-abbonati da infastidire. più ostacoli. Più cattivi e... Più divertimento che mai.
Party Quiz Mega Q (Japan)	Sei stato invitato a partecipare a un programma di domande e risposte con altri quattro partecipanti. La sfida è rispondere correttamente alle domande per ottenere punti, perché se la risposta è errata perderai punti, quindi la cautela è la grande chiave. Puoi scommettere il tuo punteggio contro i concorrenti e scegliere generi di domande specifici. Alla fine, se vinci, il giocatore affronterà il Time Attack Quiz, dove le domande dovranno essere risolte in un tempo limitato.
Pat Riley Basketball (USA)	Super Real Basketball è un gioco di sport su Megadrive con 8 squadre che rappresentano le principali città degli Stati Uniti. Puoi scegliere tra giochi di esibizione o tornei, con una modalità 2 giocatori e 3 livelli di difficoltà.
Pebble Beach Golf Links (USA)	Pebble Beach Golf Links è un simulatore di golf che ricrea tutte le diciotto buche del famoso percorso omonimo. Uno dei campi da golf più apprezzati in America è ora aperto per giocare nel comfort di casa tua sul tuo Sega Mega Drive.
Pedreiro Polar (Brazil) (Super Mega Drive 3)	Sei un costruttore di igloo e devi prepararli con i blocchi di neve. Il problema è che è necessario attraversare il fiume ghiacciato portando un solo isolato alla volta all'igloo. Fai attenzione a non cadere nel fiume e perdere una vita. Anche altri pericoli come palle di neve e pinguini selvatici devono essere evitati.
Pele II - World Tournament Soccer (USA, Europe)	Edson Arantes do Nascimento, comunemente noto a noi come la leggenda del calcio Pelé, ha autorizzato una seconda partita di calcio, con tutte e 24 le qualificazioni per la Coppa del Mondo 1994, ciascuna con riassunti e suggerimenti tattici di Pelé. Possono giocare in partite amichevoli o nel torneo completo. È inclusa una modalità calcetto, che si svolge in un campo a grandezza naturale. La visuale è isometrica, anche se si gioca da in basso a destra e in alto a sinistra, l'opposto di FIFA International Soccer. Gli effetti meteorologici sono opzionali, le partite possono durare da 5 a 45 minuti (con incrementi di 5 minuti) e i calci di rigore sono opzionali. È disponibile un'ampia gamma di formazioni, oltre a squadre di 22 giocatori immaginari.
Pele! (USA, Europe)	Pelé! è un gioco di calcio che consente al giocatore di assumere il controllo della leggenda del calcio Edson Arantes do Nascimento (meglio conosciuto come Pelé, l'omonimo del gioco). Ci sono quaranta diverse squadre internazionali tra cui scegliere e il gioco ha due modalità separate per giocatore singolo. In Pratica il giocatore sceglie le squadre e apprende i fondamenti di base del gioco. In Season, il giocatore gareggia in una stagione di 18 partite per competere per il campionato.
Pense Bem (Brazil) (Mega Drive 4)	Ricordi il piccolo computer con domande e risposte? Bene, ora il gioco è disponibile per la console. Ci sono dieci diversi argomenti per dimostrare la tua conoscenza, comprese le domande difficili. Alla fine di ogni partita, ricevi una password e puoi usarla per aumentare il tuo punteggio di sfida. Quanto sei intelligente?
Pepenga Pengo (Japan) (En)	Gli Sno-Bees sono tornati! Un giorno in Antartide, un asteroide si schianta contro il cristallo che protegge i pinguini, rompendolo in tanti pezzi e liberando gli Sno-Bees che erano stati congelati nel ghiaccio. Per salvare la sua gente, il pinguino blu (insieme a un pinguino rosa in modalità a due giocatori) insegue gli Sno-Bees e recupera i pezzi mancanti del cristallo. Il gioco prende il modello di base dell'originale del 1982 e si espande su di esso, offrendo una maggiore varietà di nemici, vari rischi ambientali e potenziamenti, oltre ovviamente a grafica e audio a 16 bit aggiornati. L'obiettivo è ancora quello di spingere i blocchi e schiacciare i nemici. I nemici ora appaiono dai generatori, che devono essere distrutti per impedire l'apparizione di nuovi nemici, e tutti i nemici devono quindi essere eliminati per completare ogni fase. nnOltre alla modalità storia principale, il gioco presenta anche una modalità battaglia competitiva per un massimo di quattro giocatori, nonché una conversione del gioco arcade originale.
Pete Sampras Tennis (USA, Europe) (MDST6636) (J-Cart)	Classificato numero uno al mondo&quot;, Pete Sampras è il tennista per eccellenza. Campione di Wimbledon, due volte vincitore degli US Open e di una miriade di altri titoli, è diventato: il campione mondiale della Federazione internazionale di tennis all'età di 22 anni. Al servizio di oltre 1000 ace Nel 1993, nel record della stagione dell'ATP Tour, Sampras ha già vinto l'Australian Open del 1994. Pete Sampras ha confermato la qualità di questo gioco e afferma quanto segue: &quot;Il gioco di tennis più impegnativo che tu abbia mai provato.&quot;
PGA European Tour (USA, Europe)	European Tour è meglio pensato come un remake del gioco originale, piuttosto che un sequel in quanto tale. È dotato di 5 campi da tutta Europa e 60 migliori professionisti europei, piuttosto che la formazione appoggiata dagli Stati Uniti dell'originale. La grafica è molto più dettagliata e colorata, come ci si aspetterebbe considerando gli anni intercorsi di progressi nelle abilità di programmazione. Il sistema di controllo è il metodo standard a tre clic utilizzato nella maggior parte dei giochi di golf, ma ora puoi definire i livelli di draw/fade previsti prima di giocare il tiro, in modo che una mira perfetta porti a un effetto misurato e uno imperfetto che esageri il effetto.
PGA Tour 96 (USA, Europe)	PGA Tour 96 è un gioco di golf su Megadrive. Il giocatore può scegliere tra dieci giocatori professionisti della PGA (Professional Golfers' Association) i cui swing sono stati riprodotti. Sono disponibili tre percorsi completi di diciotto buche e diverse modalità di gioco sono a disposizione del giocatore, inclusa una modalità Torneo. È presente anche una modalità Training per perfezionare la tua guida.
PGA Tour Golf (USA, Europe)	PGA Tour Golf ha introdotto molte delle convenzioni comunemente viste nel genere da allora. Il metodo di controllo a tre clic (il primo per avviare lo swing, il secondo per impostare la potenza e l'over-swing, il terzo per disegnare o dissolvere) consentiva una moltitudine di colpi diversi e richiedeva un senso del tempismo. Sono inclusi quattro corsi, uno dei quali un corso di fantasia &quot;link&quot; progettato dai programmatori. Alcune delle buche sono diaboliche, con bunker, ostacoli d'acqua e alberi, e la necessità di pianificare strategie per ottenere il miglior approccio al green. Quando si gioca un torneo ci sono 60 avversari, ognuno dei quali rappresenta i migliori giocatori di golf degli Stati Uniti - dieci di questi appaiono con consigli tattici per ogni buca.
PGA Tour Golf II (USA) (HeartBeat Catalyst)	Il sequel di PGA Tour, questo gioco è stato rilasciato esclusivamente per Sega Genesis / Mega Drive insieme a una versione alternativa per Game Gear, poiché all'epoca stava diventando sempre più comune per i titoli sportivi EA, contribuendo a guidare le vendite della seconda scelta console. Questo aggiornamento vede la serie aggiungere dieci giocatori professionisti al roster (60 in totale) e avere la possibilità di giocare contro di loro su sette campi e attraverso cinque tornei. C'è anche un nuovo motore grafico in atto e nuovi suoni per l'avvio. Le statistiche sono diventate più dettagliate e la fisica della palla è stata migliorata attraverso un misuratore Draw and Fade. È possibile eseguire il backup dei dati di gioco tramite la batteria integrata. Altre caratteristiche includono diverse bugie della palla, condizioni dinamiche del vento, suoni digitalizzati, un caddy automatico migliorato e colpi speciali come chip, pugni e putt marginali.
PGA Tour Golf II (USA, Europe)	Il sequel di PGA Tour, questo gioco è stato rilasciato esclusivamente per Sega Genesis / Mega Drive insieme a una versione alternativa per Game Gear, poiché all'epoca stava diventando sempre più comune per i titoli sportivi EA, contribuendo a guidare le vendite della seconda scelta console. Questo aggiornamento vede la serie aggiungere dieci giocatori professionisti al roster (60 in totale) e avere la possibilità di giocare contro di loro su sette campi e attraverso cinque tornei. C'è anche un nuovo motore grafico in atto e nuovi suoni per l'avvio. Le statistiche sono diventate più dettagliate e la fisica della palla è stata migliorata attraverso un misuratore Draw and Fade. È possibile eseguire il backup dei dati di gioco tramite la batteria integrata. Altre caratteristiche includono diverse bugie della palla, condizioni dinamiche del vento, suoni digitalizzati, un caddy automatico migliorato e colpi speciali come chip, pugni e putt marginali.
PGA Tour Golf III (USA, Europe)	Il team di Polygames ha apportato alcuni piccoli miglioramenti all'ultimo titolo PGA. Ha un'ambientazione americana in termini di percorsi e giocatori, a differenza del PGA European Tour, con 8 percorsi in totale. Il controllo avviene tramite il metodo standard di impostazione dello scatto, quindi premendo il pulsante una volta per avviare uno swing, una seconda volta per impostare il ritmo e una terza volta per impostare draw / fade. Prima di tirare la palla vengono selezionati la scelta della mazza, la direzione e il pareggio / dissolvenza (rotazione della palla). Puoi giocare un torneo a 72 buche contro altri 60 professionisti PGA o esercitarti nelle buche a tuo piacimento.
Phantasy Star Fukkokuban (Japan)	Nel 1994, Sega ha rilasciato una versione per Sega Mega Drive, Phantasy Star Fukkokuban. Questa versione è semplicemente la versione del sistema principale su un PCB della cartuccia Mega Drive con il pin del connettore appropriato per segnalare la modalità del sistema principale modificata di conseguenza (che è il modo in cui funzionano i dispositivi passthrough come il convertitore di base di alimentazione). La situazione dietro questa versione è sconosciuta; la voce più importante è che si trattasse di un concorso in omaggio.
Phantasy Star II (USA, Europe)	Phantasy Star II é un gioco di ruolo strategico a turni. L'avventura si svolge nel sistema stellare Algol, formato da tre pianeti: Palma, Motávia e Dezóri. Tra questi, la storia di Motávia è la più travagliata. Ora, un'altra tragedia si é abbattuta sul pianeta. Il clima, le macchine e persino la natura cambiarono radicalmente e strane creature infestarono i campi, spaventando e distruggendo tutto e tutti davanti a loro. Dovrai risolvere un difficile enigma per scoprire cosa è successo a Mother Brain e ripristinare l'ordine e la pace sul pianeta. Logica e strategia sono le chiavi per vincere Phantasy Star II. Puoi contare su un gran numero di armi, tra cui spade, manganelli, rivoltelle, cannoni, ecc ... L'armatura e gli scudi sono attrezzature importanti per evitare attacchi dai Biomostri. Ci sono diversi tipi di oggetti e incantesimi che possono essere usati per attaccare, difendere, curare e resuscitare. È necessario sapere come scegliere bene e al momento giusto.
Phantasy Star II - Amia's Adventure (Japan) (Sega Game Toshokan)	Questo gioco è una delle otto avventure testuali che racconta la vita dei personaggi prima che la loro storia continui in Phantasy Star II. Questo particolare gioco riguarda Anna Zirski, una controcacciatrice. Un controcacciatore dà la caccia e arresta i cacciatori che sono diventati criminali. Anna ha il compito di catturare i criminali rintanati in una città di Motavian. Questi criminali sono accusati di accedere illegalmente a Mother Brain per interrompere la produzione alimentare di quella regione. Anna deve porre fine a questi hacker.
Phantasy Star II - Anne's Adventure (Japan) (Sega Game Toshokan)	Questo gioco è una delle otto avventure testuali che racconta la vita dei personaggi prima che la loro storia continui in Phantasy Star II. Questo particolare gioco copre Amy Sage, una dottoressa che ha il compito di portare medicine in una scuola elementare che è stata recentemente attaccata da biomostri. Il gioco consiste nell'esplorare vari luoghi, guardarsi intorno per trovare altri personaggi con cui conversare per ottenere indizi e cercare oggetti da prendere per usarli per risolvere i problemi che aiutano a migliorare la trama.
Phantasy Star II - Huey's Adventure (Japan) (Sega Game Toshokan)	Il gioco si svolge nell'estate di AW 1284, poco prima degli eventi di Phantasy Star II. Hugh Thompson (o Huey Reane) è uno studioso di biologia alla Motavia University. Viene chiamato dal rettore dell'università per indagare su un incidente che coinvolge una creatura vegetale consumatrice di energia che vaga per il campus, alimentandosi di elettricità e crescendo costantemente nel processo. Dopo che la creatura si è diffusa attraverso il reattore del college fino al centro energetico principale, minacciando di privare l'intera città di Kvarts della sua elettricità, Hugh si propone di cercare di fermarlo. Questa avventura è ciò che alla fine spinge Hugh ad adattare la sua conoscenza dell'anatomia per combattere i biomostri, in aiuto di Rolf in Phantasy Star II.
Phantasy Star II - Kinds's Adventure (Japan) (Sega Game Toshokan)	Phantasy Star II Text Adventures era una serie di otto videogiochi di avventura testuale disponibili per gli utenti di Sega Meganet, un modem per Sega Mega Drive in Giappone, e successivamente rilasciati come parte di due compilation sul Sega Mega-CD. Ciascuno dei giochi si svolge poco prima di Phantasy Star II, documentando i retroscena dei suoi personaggi e spiegando cosa li porta nella città di Paseo, dove alla fine si uniscono per indagare sui problemi pervasivi del sistema solare di Algol.
Phantasy Star II - Nei's Adventure (Japan) (Sega Game Toshokan)	Phantasy Star II Text Adventures era una serie di otto videogiochi di avventura testuale disponibili per gli utenti di Sega Meganet, un modem per Sega Mega Drive in Giappone, e successivamente rilasciati come parte di due compilation sul Sega Mega-CD. Ciascuno dei giochi si svolge poco prima di Phantasy Star II, documentando i retroscena dei suoi personaggi e spiegando cosa li porta nella città di Paseo, dove alla fine si uniscono per indagare sui problemi pervasivi del sistema solare di Algol. L'avventura di Nei: Questo capitolo presenta Nei - un Numan creato attraverso un esperimento per allevare umani con biomostri. Dopo la sua fuga da Neifirst, viene salvata da Rolf e adottata come sua sorella minore.
Phantasy Star II - Rudger's Adventure (Japan) (Sega Game Toshokan)	Phantasy Star II Text Adventures era una serie di otto videogiochi di avventura testuale disponibili per gli utenti di Sega Meganet, un modem per Sega Mega Drive in Giappone, e successivamente rilasciati come parte di due compilation sul Sega Mega-CD. Ciascuno dei giochi si svolge poco prima di Phantasy Star II, documentando i retroscena dei suoi personaggi e spiegando cosa li porta nella città di Paseo, dove alla fine si uniscono per indagare sui problemi pervasivi del sistema solare di Algol. nnRudger's Adventure: Questo capitolo presenta Rudolf &quot;Rudo&quot; Steiner, che dopo la perdita della moglie e del figlio in un attacco di Biomostri, diventa un cacciatore dedito al loro sterminio.
Phantasy Star II - Shilka's Adventure (Japan) (Sega Game Toshokan)	Phantasy Star II Text Adventures era una serie di otto videogiochi di avventura testuale disponibili per gli utenti di Sega Meganet, un modem per Sega Mega Drive in Giappone, e successivamente rilasciati come parte di due compilation sul Sega Mega-CD. Ciascuno dei giochi si svolge poco prima di Phantasy Star II, documentando i retroscena dei suoi personaggi e spiegando cosa li porta nella città di Paseo, dove alla fine si uniscono per indagare sui problemi pervasivi del sistema solare di Algol.
Phantasy Star II - Yushis's Adventure (Japan) (Sega Game Toshokan)	Phantasy Star II Text Adventures era una serie di otto videogiochi di avventura testuale disponibili per gli utenti di Sega Meganet, un modem per Sega Mega Drive in Giappone, e successivamente rilasciati come parte di due compilation sul Sega Mega-CD. Ciascuno dei giochi si svolge poco prima di Phantasy Star II, documentando i retroscena dei suoi personaggi e spiegando cosa li porta nella città di Paseo, dove alla fine si uniscono per indagare sui problemi pervasivi del sistema solare di Algol. Yushis's Adventure: Il suo nome è Rolf nelle versioni americana ed europea. È un agente del governo del pianeta Moltavia Capital, Paseo. È il personaggio principale di Phantasy Star II. In missione, salva un giovane Newman: Nei.
Phantasy Star III - Generations of Doom (USA, Europe, Korea) (En)	Proprio quando stai per sposare Maia, la misteriosa donna che hai trovato sulla riva, un drago alato la afferra e scompare. Questo tragico evento è solo l'inizio di un viaggio che sembra non avere fine in un mondo di creature disgustose, di anime malvagie e di una storia che abbraccia tre generazioni.
Phantasy Star IV (USA)	Nel gioco di ruolo Phantasy Star IV: The End Of The Millennium sul Megadrive, guidi Chaz, un giovane mercenario appartenente alla gilda di Aiedo. Come Dark Force, un'entità malvagia, emerge dall'oscurità grazie al mago oscuro Zio, sei stato scelto per mettere insieme una squadra e porre fine a questa minaccia una volta per tutte.
Phantom 2040 (USA)	Tu sei il fantasma! Prendi due delle 14 armi dal tuo arsenale e dai fuoco agli scagnozzi di Maximum Inc. oltre 60 livelli di follia per raggiungere uno dei 20 possibili finali del gioco. Si tratta di personaggi e luoghi reali dello show televisivo americano! Ora hai la possibilità di vivere una vera leggenda. accetta il tuo destino!
Phelios (World) (Evercade)	Ambientato nel mondo della mitologia greca, Phelios racconta la storia di un giovane principe di nome Apollo, che parte per salvare la sua amata Artemide che fu catturata dal demone Typhon mentre esplorava i cieli con il cavallo alato, Pegaso. Nel tempio di Tifone, Artemide viene rinchiusa in una prigione in cui Medusa la trasforma in pietra. Phelios è composto da sette capitoli e in ciascuno di essi devi sconfiggere i servi di Typhon usando la tua spada che può emettere palle di fuoco contro di loro. Tuttavia, tenere premuto il pulsante di fuoco per alcuni secondi caricherà la spada; e rilasciandolo, lancia una palla di fuoco più grande che infligge un discreto danno. Durante il gioco, raccogli oggetti che aumentano la tua velocità e ti danno più potenza di fuoco. Alla fine di ogni capitolo, devi distruggere un boss per passare al successivo. Tra un capitolo e l'altro, puoi assistere a un intermezzo che descrive in dettaglio ciò che sta accadendo nel tempio.
Pink Goes to Hollywood (USA, Europe)	La Pantera Rosa sta andando a Hollywood per un'audizione per un ruolo importante. Inseguito dalla sua nemesi, l'ispettore Clouseau, fugge negli MGM Studios. Dall'ingresso principale, puoi accedere a diversi set cinematografici con aree distinte come cimiteri, manieri o la giungla. Utilizzando una visuale a scorrimento laterale, Pink Panther può saltare, abbassarsi, correre, arrampicarsi e usare un guantone da box per mettere fuori combattimento i nemici. Inoltre, ci sono trucchi speciali e oggetti di scena come tappeti magici, ombrelli e scale per raggiungere le regioni più alte. Oggetti come semafori, martelli pneumatici, palle da bowling, scudi e superguanti danno un vantaggio nelle battaglie.
Pinocchio (USA)	Viaggia nei panni di Geppetto, il burattino di legno vivo del falegname, Pinocchio, come ha fatto nel suo film d'animazione Disney, che a sua volta era basato sul romanzo di Collodi. Fai correre, saltare e dare calci a Pinocchio attraverso tutti i luoghi familiari, incluso l'interno di una balena, e fai abbastanza buone azioni da diventare il vero ragazzo umano che ha sempre voluto essere. Un classico platform Disney.
Pirates of Dark Water, The (USA)	Dark Water sta lentamente conquistando il mondo di Mer. Con le sue ultime parole, Re Primus dice a suo figlio, il principe Ren, che deve trovare i tesori perduti della Regola per fermare l'Acqua Oscura. Ren si reca nella città di Janda dove incontra l'uccello scimmia Niddler, la guerriera Tula e l'ex pirata Ioz, che lo aiutano nella sua ricerca.
Pirates! Gold (USA)	Come con l'originale, questa è una miscela di strategia, azione e avventura. pirati! Gold ti permette di interpretare il ruolo di un bucaniere principiante nel Main spagnolo del XVII secolo, in cerca di fama e fortuna. Ogni città in questa regione selvaggia e selvaggia ha sorprese e pericoli diversi. Il modo in cui acquisisci statura dipende da te; puoi guadagnarti da vivere attraverso il commercio onesto e la ricerca di tesori nascosti, oppure puoi essere un po' più audace e attaccare e saccheggiare le navi. Poiché puoi scegliere un'abilità specifica per distinguerti, il gioco può variare ogni volta. Il combattimento con la spada si svolge in sequenze d'azione con vista laterale.
Pit-Fighter (World) (En,Ja)	Pit-Fighter è un gioco di combattimento in terza persona che presenta una grafica digitalizzata di veri combattenti ed effetti di zoom. I giocatori selezionano uno dei tre combattenti (Buzz, Ty o Kato) per affrontare chiunque osi. Al termine di una partita, i giocatori ricevono individualmente un Knockout Bonus, un Brutality Bonus e un Fight Purse. Ogni terza partita è un Grudge Match in cui i giocatori mettono alla prova le abilità l'uno dell'altro. L'ultimo uomo in piedi è il vincitore di questa partita da tre knockdown. I giocatori combattono fino all'Eliminazione Match per decidere chi vince l'opportunità di detronizzare il campione, il Guerriero Mascherato.
Pitfall - The Mayan Adventure (USA)	Pitfall: The Mayan Adventure è un gioco d'azione a scorrimento laterale in cui interpreti l'avventuriero Pitfall Harry Jr alla ricerca di suo padre Pitfall Harry. Combatti attraverso le giungle Maya, le cascate, le miniere deserte e puoi fare bungee jump e boomerang per metterti in salvo. Ci sono 13 livelli e l'azione è veloce e avvincente. Dovrai essere attento e veloce. O preparati a morire.
Planet Message Quiz (Japan) (Sega Channel)	Planet Message Quiz è un gioco distribuito su Sega Mega Drive esclusivamente tramite il servizio Sega Channel in Giappone, ma non è mai stato rilasciato su supporto fisico. Una copia della ROM è stata scoperta e rilasciata nel 2017.
Pocahontas (USA)	Incarnazione del cartone animato Disney. Pocahontas, insieme al suo amico procione Meeko, compagno d'azione, va in giro per la sua terra, aiutando i suoi amici animali. Così facendo, acquisirà spiriti animali che l'aiuteranno a diventare più forte fornendole con nuove abilità. Ma ben presto incontrerà John Smith e, come inevitabile conseguenza dovrà impedire una guerra tra la sua gente e quella di John. E dovrà farlo in fretta, prima che il collo di John riceva un trattamento non “Disney&quot; ..
Populous (Europe)	Interpreti un dio, giocando contro altri dei in un gioco celeste di conquista. Per vincere, devi aiutare il tuo popolo eletto a conquistare il mondo e spazzare via i parassiti che adorano quell'altro dio. Ogni dio inizia con un singolo umano, scaricato nel mezzo del deserto. A volte c'è un terreno abitabile in vista, a volte no. Per vincere, devi cambiare il paesaggio, creando un terreno pianeggiante su cui i tuoi follower possano costruire. Più seguaci hai, più potente sarai, quindi prenditi cura di loro. Costruisci il più velocemente possibile, perché l'altro dio sta facendo lo stesso.
Power Drive (USA) (En,Fr,De,Es,Pt) (Sega Channel)	Power Drive è un gioco di corse arcade basato sulla guida di rally. Sono possibili entrambe le svolte con il freno a mano e le sbandate feroci e lo sterzo è adeguatamente allentato. nnCi sono 3 tipi di fasi: prove a tempo individuali, gare testa a testa contro il computer e alcuni test di abilità. Ci sono 8 round di gioco, ambientati in paesi che vanno dalla Svezia al Kenya. Ottieni premi in denaro per le gare vinte e costa denaro riparare i danni.
Power Monger (USA, Europe)	Powermonger prende il design e i concetti di base del precedente gioco di Bullfrog, Populous, e lo colloca in un contesto di guerra. Il gioco vede il giocatore nei panni di un signore della guerra espropriato che saccheggia la sua strada attraverso 195 territori sulla strada per la conquista del mondo. Diversi altri leader hanno lo stesso obiettivo. nnIl mondo di gioco è ora composto da poligoni, quindi la vista può essere ruotata e spostata con maggiore libertà rispetto a Populous. Commercio, diplomazia, invenzioni e invasioni di terra bruciata giocano tutti un ruolo chiave nel modo in cui il giocatore ha progredito nel gioco. I giochi a due giocatori tramite collegamenti via modem sono disponibili nelle versioni per computer.
Powerball (USA)	In questo gioco vestirai i panni di 1 delle 8 squadre che rappresentano varie nazioni in lizza per diventare i campioni del Powerball. Powerball è un gioco che consiste in un ibrido di sport come il football americano, il calcio e il rugby. Si gioca su un campo da 100 yard cercando di segnare nella squadra avversaria. Il punteggio consiste nel correre nella end zone del tuo avversario tenendo il powerball per un touchdown o calciare la palla nella rete del tuo avversario per segnare un goal. I goal valgono 1 punto e i touchdown valgono 3 punti. Le modalità di gioco sono l'esibizione da 1 o 2 giocatori e la lega da 1 o 2 giocatori. Il campionato ti consente di utilizzare i punti bonus e di distribuirli ai tuoi compagni di squadra per migliorare le loro statistiche.
Predator 2 (USA, Europe)	I giocatori guidano il tenente Mike Harrigan mentre segue il Predator attraverso sette livelli basati sul film. Le preoccupazioni principali di Mike sono gli ostaggi tenuti nei livelli e le legioni di membri della banda in cerca di sangue. Deve anche lottare con il Predator, sia come boss alla fine di ogni livello, sia come limite di tempo: se il giocatore impiega troppo tempo per salvare un ostaggio, il Predator farà saltare l'ostaggio con il suo trilaser. Il gioco è giocato in una visuale isometrica in terza persona, con grandi sciami di cattivi facilmente uccisi, che compaiono attraverso porte a senso unico sparse per il livello. Le armi non includono solo mitragliatrici e fucili a pompa più veloci, ma anche alcune armi Predator altamente avanzate che il giocatore può raccogliere e utilizzare. Ogni membro della gang sconfitto rilascia droghe che possono essere raccolte e inviate automaticamente alla &quot;squadra della droga&quot; per ottenere punti. Nessun suono o musica del film viene utilizzato, ma le scene del film introducono i livelli.
Premier Manager (Europe)	Il primo gioco della serie di giochi manageriali di calcio di Gremlin. Inizi gestendo una squadra nella Conference (il quinto livello del calcio inglese) e miri a progredire nei campionati, migliorando la tua squadra esistente o guadagnando posti di lavoro in club migliori altrove. Le funzionalità a tua disposizione includono la selezione dei regimi di allenamento, la pianificazione delle tattiche per ogni partita in base ai punti di forza e di debolezza dei tuoi avversari, lo scouting di nuovi giocatori comprese le prospettive giovanili e l'organizzazione di sponsorizzazioni e miglioramenti dello stadio (in modo da attirare più tifosi).
Premier Manager 97 (World) (Evercade)	Premier Manager 97 è il secondo gioco Mega Drive della serie di giochi manageriali di calcio di successo dei primi anni novanta. Simile alla prima serie di giochi della serie (pubblicata tra il 1992 e il 1994), il manager inizia (nella modalità Full Game) come un modesto manager della divisione 3 (non Conference), dove l'obiettivo è portare il club in cima divisioni, o ottenere firmato per squadre meglio posizionate. Nella modalità Demo, il giocatore può scegliere qualsiasi squadra della Premier League, ma solo per una stagione.
Primal Rage (USA, Europe)	I Il più grande gioco arcade del mondo è finalmente in circolazione! La più gande animazione a fotogrammi mai vista per un gioco di combattimento colossale, con delle incredibili combinazioni di colpi e una serie infinita di mosse normali, speciali ed eventi imprevedibili. Un gioco do non perdere!
Prime Time NFL Starring Deion Sanders (USA)	Prime Time NFL Football è uno dei tanti titoli calcistici rilasciati all'epoca. Presenta tutte le 30 squadre NFL dell'epoca e il roster aggiornato del 1994 insieme alle modalità standard come Esibizione, Stagione e Playoff. nnOltre a firmare agenti liberi e scambiare giocatori, i giocatori possono anche personalizzare il proprio playbook, modificare le condizioni meteorologiche, trasferire la propria squadra, giocare più programmi e salvare 15 diversi record utente. L'attrazione principale del gioco è stata l'approvazione personale di Deion Sanders.
Prince of Persia (USA)	Prince of Persia su Megadrive è un gioco platform ambientato in Medio Oriente. Il giocatore controlla il Principe di Persia che può camminare, correre, piegarsi, saltare, aggrapparsi e combattere con la spada. L'obiettivo è quello di completare tutti i livelli per liberare la principessa entro il limite di tempo, che è di un'ora. Ogni livello è costituito da un dungeon che diventa sempre più grande e disseminato di insidie (precipizi, lastre che scivolano fuori da sotto i piedi, picchi che spuntano dal terreno).
Prince of Persia 2 (Europe) (Proto)	Prince of Persia 2: The Shadow and the Flame è il seguito del successo del 1989 di Prince of Persia. Rilasciate per i computer DOS nel 1993, le porte sono state realizzate per Apple Macintosh nel 1994 e Super Nintendo nel 1995. Un porto per la Sega Mega Drive era previsto per il rilascio nel 1996, ma alla fine è stato annullato. Lo sviluppo di questo porto è stato gestito da Microïds, e il gioco è stato pubblicato da Psygnosis. Un prototipo è stato rilasciato l'11 agosto 2006 da drx di Hidden-Palace.org, che risale al 20 febbraio 1995. Anche se è più accurato graficamente rispetto al DOS originale rispetto alla porta SNES, ha una qualità del suono peggiore e diversi bug. C'è anche meno tempo per completare il gioco (75 minuti) e l'HUD usa colori diversi.
Pro Moves Soccer (USA)	Nessun altro gioco ti dà accesso immediato alle migliori mosse del calcio. È controllo totale, non tutto scorre e passa. Contrasti in scivolata brutali, passaggi alti precisi, colpi alla testa spettacolari e dribbling fantasiosi. Tutto con un rapido tocco del telecomando a tre o sei pulsanti. - 32 squadre internazionali. - Giochi individuali e tornei. - Crea la tua squadra, fino al design del kit. - Con voci vere di arbitri e annunciatori. - Include un'ampia varietà di statistiche sulle partite.
Pro Quarterback (USA)	Pro Quarterback è un gioco di calcio con 27 squadre diverse. Poiché questo gioco non ha una licenza NFL o NFLPA, non ci sono squadre o giocatori NFL reali qui, anche se le squadre incluse nel gioco rappresentano le città delle loro controparti NFL nella vita reale e imitano anche i colori delle divise della loro squadra . nnLe opzioni di gioco consentono al giocatore di scegliere di giocare su 6 diverse superfici del campo (erba, fango, terra, neve, pioggia e erba artificiale) e di scegliere la durata della partita (2, 5, 10 o 15 minuti). Non ci sono nemmeno sanzioni in questo gioco. nnIl gioco consiste nel giocare sia in attacco che in difesa. Ci sono 26 diversi giochi offensivi e 18 diversi giochi difensivi tra cui scegliere. Il gioco ha una visuale verso il basso quando è in attacco, quindi il gioco non ha ricevitori nelle finestre.
Pro Striker - Final Stage (Japan)	Pro Striker: Final Stage, è l'ultimo titolo del franchise di calcio a 16 bit di Sega, e (ancora una volta) presenta una licenza J.League completa, comprese tutte le squadre, i giocatori e il gioco simultaneo per quattro giocatori. Questa versione del franchise, presenta un motore di gioco completamente nuovo con una vista laterale, piuttosto che il vecchio motore di sovraccarico utilizzato in precedenza. Ogni modalità del titolo precedente è tornata: sono disponibili le modalità: mostra, torneo, campionato e all-star. C'è anche una nuova modalità di gara di calci di rigore.
Pro Yakyuu Super League '91 (Japan)	Pro Yakyuu Super League '91, è un gioco di baseball sviluppato da Sega che è stato rilasciato nel 1991. Il gioco è stato localizzato in occidente quasi un anno dopo, come Sports Talk Baseball, e presentava una licenza ufficiale MLBPA.Invece di un commento in corsa, Super League '91 utilizza una colonna sonora costante di tamburi giapponesi durante il gioco, e un remix delle voci degli arbitri su una melodia techno nel menu principale. Non c'è modo di visualizzare statistiche avanzate, se non alla fine del gioco nella versione giapponese (ad esempio, errori e risultati). Tutti i nomi dei giocatori sono scritti in hiragana, con lettere inglesi, usate solo per mostrare la posizione in campo e lo stato del giocatore.
Psy-O-Blade (Japan)	TRAMA DELLA STORIAnn2101 d.C. Articolo 1 che è riuscito ad atterrare sulla prima guancia umana a confondere il sistema solarennEra sulla via del ritorno sulla terrannLa comunicazione dalla navicella spaziale Septemius 2 è stata improvvisamente persa. Il Ministero dello Spazio ha subito la perdita di otto personennUn'astronave alla deriva che non aveva equipaggionnSpedizione KasawarinnHai indagato?nnRiuscito a entrare nella nave di Septemius 2 nnQuello che li aspettava era la scomparsa del sistema solare. Un terrificante complotto CnnPensare in un'avventura tradizionalennIl grande potere di tutte le animazioni di scena che non si poteva fare. nnLe immagini realistiche si muovono e corrono per riempire lo schermo!
Psycho Pinball (World) (Evercade)	Codemasters ha lanciato il suo gioco di flipper esclusivamente sul territorio europeo. In Psycho Pinball potrai affrontare diversi tavoli da gioco con le loro particolari sfide, che siano multi-tavolo o tavolo singolo. Ci sono quattro tabelle, Wild West, The Abyss, Dolcetto o scherzetto e Psycho, essendo possibile regolare il livello di difficoltà tra facile, normale e difficile. Affronta i tavoli in questa sfida a cui possono partecipare fino a quattro amici e duellare per il punteggio più alto.
Puggsy (USA)	Puggsy non è un gioco come gli altri. Usando il sistema unico di Total Object Interaction (TOI) conducete Puggsy attraverso i migliori enigmi e le azioni di sala giochi più frenetiche mai viste, alla ricerca dell'astronave rubata. Comprendendo tecniche grafiche mai viste prima d'ora, giochi fantastici, nonché una sezione Junior completa per giovami giocatori.
Pulseman (Japan)	Pulseman è un eroe elettrico creato per combattere la criminalità informatica. Combatti la banda della galassia in 7 livelli con circa 50 livelli. Pulseman è meglio descritto come una fusione tra il gameplay di Sonic the Hedgehog e Mega Man in termini di gameplay.
Punisher, The (USA)	IL MALE PU CORRERE, MA NON PU NASCONDERE! Creduto morto quando la sua famiglia fu sterminata accidentalmente in un attentato mafioso, Frank Castle si rifiutò di morire. Alimentato dalla vendetta, ora conduce una guerra individuale contro la mafia. Un giudice autonominato, giuria. e carnefice, non c'è modo di sfuggire al suo verdetto. I colpevoli devono affrontare tutti... il Punitore.
Putter Golf (Japan) (Sega Game Toshokan)	Putter Golf è un gioco di minigolf semplice e veloce per un giocatore. L'unico controllo del giocatore sulla palla è scegliere la direzione e la potenza del tiro, e deve portare la palla nella tazza entro il par. Ognuna delle 18 buche contiene pericoli bizzarri come paraurti, pozzi di lava, pareti mobili e ghiaccio. Per ogni colpo oltre il par, il giocatore perde una palla; se tutte le palline sono perse, il gioco è finito. Tuttavia, il giocatore può recuperare le palle sparando sotto il par.
Putty Squad (Europe) (Proto 2)	In questo seguito di Putty, i popoli del mago hanno invaso la terra di Putty e tocca a te andare nella città magica di Klud e liberare i tuoi numerosi prigionieri di guerra. Il gameplay ha meno di un elemento puzzle rispetto all'originale, ed è più di un gioco platform standard - in qualsiasi misura un gioco in cui puoi diventare un Terminator Putty che conquista tutto, deve affrontare i cuccioli che ti lanciano granate e può usare lo zio Ted per suonare una melodia per distrarre i nemici può essere visto come un esempio &quot;standard&quot; di qualsiasi cosa.
Puyo Puyo (Japan)	Questo è un puzzle a pezzi che cadono, Puyo Puyo è nato sul sistema MSX ed è stato successivamente trasformato in una versione arcade. Ottieni quattro puyo dello stesso colore che si toccano per farli scomparire. Se vengono collegati più puyo dello stesso colore, scompariranno anche loro. Questo gioco può essere giocato contemporaneamente da due giocatori per un gameplay competitivo. Ostacola il tuo avversario creando più combinazioni di puyo.
Puyo Puyo Tsuu (Japan)	Un gioco di blocchi che cadono in cui l'obiettivo è combinare quattro o più blocchi dello stesso colore che poi scompaiono. I blocchi rimanenti cadranno e possono produrre combo che possono far apparire blocchi speciali (che possono essere distrutti solo eliminando i blocchi aggiunti) nel campo dei nemici. Questo gioco include una modalità storia, in cui Arle (il personaggio principale) combatte contro i nemici del computer, una modalità vs player, una modalità a quattro giocatori (solo SNES) e una modalità infinita (solo SNES).
Puzzle & Action - Ichidanto-R (World) (Ja) (Sega Ages)	Ichidant-R è il secondo gioco della serie Puzzle & Action e il sequel di Tant-R. Sono presenti venti nuovi minigiochi, tra cui l'assemblaggio di un razzo, una gara di battuta e il freno di un'auto in corsa. Il gioco include ancora una volta una modalità arcade per uno o due giocatori. Questa volta, il giocatore sta cercando di salvare una principessa rapita da un cavaliere malvagio. C'è anche una modalità quest che si svolge come un semplice gioco di ruolo, in cui le battaglie vengono combattute tramite minigiochi. Ovviamente tornano anche la competizione a quattro giocatori e le modalità gratuite, che completano il pacchetto.
Puzzle & Action - Tanto-R (Japan)	Tant-R è il primo capitolo della lunga serie di giochi di varietà Puzzle & Action di Sega. Il gioco è una raccolta di piccoli minigiochi da uno a quattro giocatori, come navigare in un labirinto, fermare un timer al momento giusto o ricordare una sequenza di versi di animali. Ci sono un totale di 20 diversi minigiochi. Il gioco include la modalità arcade originale per uno o due giocatori, in cui il giocatore deve completare con successo i minigiochi per rintracciare una coppia di fuggitivi in tenuta da prigione. C'è anche una modalità di competizione per 2-4 giocatori in cui vengono conteggiate le vincite di ogni giocatore, così come una modalità di gioco libero in cui è possibile praticare qualsiasi gioco.
Pyramid Magic (Japan) (Sega Game Toshokan)	Pyramid Magic è un puzzle game platform che porta il giocatore nei panni di un giovane esploratore alla ricerca di un tesoro nascosto nel profondo di una piramide. Ogni livello contiene blocchi, casse del tesoro e un'uscita bloccata da un fantasma. L'esploratore può calciare e distruggere i blocchi oltre a trasportarli, e può anche muoversi attraverso piccole aperture trasportando blocchi al loro interno. Tuttavia, se cade anche solo di una casella verso il basso, il blocco lo schiaccia e lo stadio deve essere riavviato. Deve raccogliere il contenuto di ogni scatola in ordine - l'ultima contiene un oggetto che disperderà il fantasma - e raggiungere l'uscita senza intrappolarsi o schiacciarsi con i blocchi.
Pyramid Magic II (Japan) (Sega Game Toshokan)	Pyramid Magic II è una continuazione diretta del primo gioco. Nella sala finale del primo titolo, l'intrepido giovane esploratore trova una tavoletta di pietra, che lo indirizza verso un'altra parte della piramide. Ora deve tornare indietro attraverso la piramide, ancora una volta alla ricerca del tesoro. Gli elementi di gioco sono identici al primo gioco: raccogli le chiavi e raggiungi l'uscita di ogni stanza senza schiacciare o intrappolare l'esploratore. Ritorna la possibilità di saltare due fasi e ci sono 35 nuovi enigmi da risolvere.
Pyramid Magic III (Japan) (Sega Game Toshokan)	Pyramid Magic III è il titolo finale della serie di giochi di avventura puzzle Pyramid Magic e riprende esattamente da dove era stato interrotto il secondo gioco. Il nostro eroe è ancora all'interno della stessa piramide, ma si sta finalmente avvicinando al tesoro che cerca! Sfortunatamente, sembrerebbe che il passaggio finale richieda una brocca grande, pesante e fragile piena di un qualche tipo di liquido. Ora deve trovare un modo per portare questa brocca dove lo attende il suo tesoro.
Pyramid Magic Special (Japan) (Sega Game Toshokan)	Vuoi più Pyramid Magic? Pyramid Magic Special evita la storia piuttosto sottile della serie e offre semplicemente più enigmi da risolvere. Proprio come sempre, il giocatore è un esploratore alla ricerca di un tesoro nascosto, che deve farsi strada attraverso ogni stanza, raccogliendo tutte le chiavi, senza intrappolarsi o schiacciarsi nel processo. Questa puntata offre altri 35 enigmi da risolvere. Questi nuovi enigmi sono eccezionalmente impegnativi, progettati per coloro che hanno trovato gli altri titoli troppo facili, e al giocatore vengono persino dati tre passaggi invece dei soliti due.
QuackShot Starring Donald Duck (World) (En,Ja)	Unitevi a Paperino nella sua ricerca al tesoro di Garuzia a Great Duck. Viaggiate attraverso i continenti dove incontrerete nemici pericolosi e astuti. Raccogliete attrezzi, indizi e chiavi nelle terre piene di pericoli. Riunite quindi il vostro coraggio per l'ultima avventura nell'isola del tesoro di Great Duck!
Quad Challenge (World) (Evercade)	Accendi il motore, premi l'acceleratore e scendi in pista con Quad Challenge, una conversione del gioco di corse arcade Four Trax di Namco. Gareggia con uno dei quattro diversi ATV ad alta potenza su sedici diversi tracciati fuoristrada. Puoi giocare contro un amico o sfidare un estenuante campionato di 16 gare. Due diverse impostazioni di difficoltà e quattro diverse opzioni di controllo ti permettono di giocare come preferisci.
R.B.I. Baseball '93 (USA)	Continuando la R.B.I. serie, la voce del 1993 aggiorna i roster, aggiungendo due nuove squadre (Colorado e Florida), portando il totale a 28 squadre e quasi 700 giocatori. Invece di uno stadio generico, tutte le 28 squadre hanno i propri campi da baseball modellati sul vero affare. Oltre alla normale modalità squadra contro squadra (in una singola partita, al meglio dei 7, tu contro la divisione o tu contro l'intera lega) puoi trascorrere del tempo in un derby fuoricampo o in allenamento. Include anche i roster di ogni campione di divisione dal 1984 in poi per la modalità Game Breaker.
R.B.I. Baseball '94 (USA, Europe)	RBI '94 è una versione aggiornata della serie che presenta 800 dei migliori giocatori MLBPA dell'epoca con le loro statistiche del 1993 applicate e presenta autentici campi da baseball modellati. Il gioco non presenta la licenza MLB, tuttavia, ma li rappresenta per nome della città e omettendo i loro soprannomi e loghi. Si applicano le modalità standard, inclusa l'esibizione con l'opzione per giocatore singolo e per due giocatori, un'intera stagione di 162 partite o per passare direttamente ai playoff o alle World Series. L'Home Run Derby è presente anche insieme al pluripremiato presentatore sportivo, Jack Buck, che presta il suo talento vocale per il commento play-by-play. È presente una funzione di password per consentire ai giocatori di continuare la stagione a loro piacimento.
R.B.I. Baseball '95 (USA) (Proto)	Continuando la R.B.I. serie, la voce del 1993 aggiorna i roster, aggiungendo due nuove squadre (Colorado e Florida), portando il totale a 28 squadre e quasi 700 giocatori. Invece di uno stadio generico, tutte le 28 squadre hanno i propri campi da baseball modellati sul vero affare. Oltre alla normale modalità squadra contro squadra (in una singola partita, al meglio dei 7, tu contro la divisione o tu contro l'intera lega) puoi trascorrere del tempo in un derby fuoricampo o in allenamento. Include anche i roster di ogni campione di divisione dal 1984 in poi per la modalità Game Breaker.
R.B.I. Baseball 3 (USA)	RBI Baseball 3 ha portato statisticamente la popolare serie di baseball un ulteriore passo avanti, aggiungendo ogni squadra vincitrice della divisione Major League Baseball dal 1983 al 1990, oltre alle squadre All Star del 1989 e tutte le 26 squadre del 1990 (con statistiche complete del 1989). Vuoi vedere come si sarebbero comportati i Mets del 1986 contro i Twins del 1987? Ecco la tua occasione. Il gioco è stato concesso in licenza dalla Major League Baseball Players' Association; quindi, sono inclusi i giocatori e le statistiche reali della Major League, ma le squadre stesse sono rappresentate solo dalle loro città d'origine. I nomi delle squadre non vengono utilizzati. Inoltre, non sono presenti giocatori in pensione che non erano più sotto contratto con la MLBPA nel 1991. Piuttosto, sono rappresentati dalle loro iniziali e dalle loro posizioni in campo.
R.B.I. Baseball 4 (USA)	RBI Baseball 4 è l'ennesimo aggiornamento della franchigia di baseball di Tengen, aggiornando le statistiche e le squadre legacy per la stagione 1991. Proprio come la versione precedente, sono disponibili i campioni della divisione fino al 1983 e ora includono non solo i nomi dei giocatori, ma anche tutti i nomi delle squadre e lo stadio di ciascuna squadra. Il gioco presenta anche una modalità di gestione in cui è possibile creare squadre personalizzate, nonché nuove modalità Home Run Derby e Game Breakers.
Race Drivin' (USA)	Race Drivin' è un sequel del simulatore di guida arcade Hard Drivin'. Il gioco è simile al primo gioco. Il giocatore deve completare i giri della pista prima che scada il timer. Ci sono diversi punti di controllo intorno alla pista che aumentano il tempo del giocatore mentre passa. nnRace Drivin' ha tre percorsi, uno dei quali è la pista di Hard Drivin'. C'è una nuova pista per super acrobazie e un percorso di autocross. Il giocatore può anche scegliere tra tre tipi di auto.
Radical Rex (World) (QUByte Classics)	Radical Rex è un tirannosauro sputafuoco su skateboard che deve salvare la razza dei dinosauri sotto l'incantesimo di una creatura malvagia. Il gioco consiste in 10 livelli ambientati nell'era preistorica. Radical Rex può usare uno skateboard o scivolare giù per le colline, saltare, calciare e sputare fuoco. I nemici più duri hanno bisogno di più colpi e quando viene bruciato Rex deve prenderli a calci ancora una volta per distruggerli o usare il suo urlo (colpisce tutto sullo schermo). Durante il gioco Rex raccoglie uova, salute, potenziamenti per il suo respiro di fuoco e ricariche di urla. I checkpoint sono mostrati come torce che devono essere caricate con il fuoco. Dopo ogni livello, c'è una sequenza simile a Bomberman per guadagnare una continuazione extra. I nemici includono mosche, tartarughe, rospi e tutti i tipi di dinosauri.
Raiden Trad (Japan, USA) (En)	È l'anno 2029. Il mondo viene attaccato da strani esseri provenienti da un altro pianeta che minacciano di porre fine alla razza umana. Spaventati, i diversi paesi decidono di unire le forze per cercare di fermare i nemici. I migliori scienziati si tuffano nella ricerca e analizzano i relitti degli aerei nemici che sono stati attaccati. Il risultato è la creazione di un'incredibile nave bombardiere con poteri mai visti o immaginati!
Rainbow Islands Extra (Japan) (En)	Rainbow Islands Extra è una conversione del classico Coin-op Rainbow Islands di Taito. Nella cartuccia sono incluse le conversioni sia del gioco originale che della &quot;versione extra&quot; rielaborata, in cui gli stadi e i boss sono stati riorganizzati per essere più impegnativi. Come per le altre versioni, il gioco è ambientato nelle titolari Rainbow Islands, dove i due ragazzi Bub e Bob (non più piccoli draghi come in Bubble Bobble) devono liberare le isole dai mostri malvagi che le hanno invase, usando il magico potere degli arcobaleni! Oltre alle modalità Originale ed Extra, il gioco include anche tre livelli di difficoltà.
Rambo III (Japan, USA) (En,Ja)	E tornato Rambo! Arco e frecce alla mano, con la mitragliatrice pronta a sparare, Rambo è arrabbiato e pronto ad agire! Rambo si è infiltrato nell'Afghanistan occupato dai russi per salvare il colonnello Trautman, il suo vecchio superiore e amico. Trautman è stato catturato e i russi lo stanno interrogando brutalmente per ottenere informazioni. E per scoraggiare qualsiasi tentativo di salvataggio, hanno piazzato soldali, carri armati e elicotteri dovunque.
Rampart (USA)	Un grande successo nelle sale giochi, RAMPART è ora disponibile per giocare sul tuo Genesis! Combina il meglio dei giochi di strategia con una grafica fantastica e un'azione esplosiva e fulminea. Diventa un potente signore della guerra medievale, costruisci enormi fortezze e posiziona i tuoi cannoni. Quindi, fai esplodere le fortificazioni nemiche e le armate invasori. Una volta terminato l'assalto, ricostruisci ed estendi rapidamente le mura della tua fortezza prima della prossima battaglia. Pianifica bene, combatti ferocemente e, soprattutto, non perdere la testa. Perché lo farai - se perdi.
Ranger X (USA)	Ranger X è stato rilasciato abbastanza tardi nella vita del megadrive. Proveniente da uno sviluppatore sconosciuto, è stato rilasciato con poca fanfara e pubblicità, ma è diventato una delle migliori dimostrazioni di ciò di cui è capace la genesi/megadrive. nnIl gioco è una sorta di sparatutto a scorrimento laterale. Controlli un grande mech (robot) che ha un mech laterale più piccolo che è un po' come un'auto. I due possono unirsi fornendo una modalità di scatto alternativa. Tuttavia, mentre controlla solo il mech principale, il giocatore può sparare sia in avanti che indietro utilizzando pulsanti diversi. Il mech può anche usare il suo pacchetto di razzi per sollevarsi da terra e librarsi per un breve periodo. I livelli non si muovono necessariamente da sinistra a destra (anche se per la maggior parte lo sono) e il gioco è un'interessante miscela di platform e sparatutto.
Ransei no Hasha (Japan)	Il genere strategico ha trovato casa su Mega Drive nei primi anni '90 in Giappone, e questa versione di Asmik cerca di venerare la strategia di combattimento così ben diffusa da Koei. Le meccaniche di gioco in Ransei no Hasha sono simili ad altri giochi del genere: devi conquistare l'intero paese a piccoli passi. È necessario costruire una società forte per poter avanzare nei territori e conquistarli uno per uno.
Rastan Saga II (USA)	Il &quot;Rastania&quot; era un luogo sacro, in cui il tempio sacro, &quot;Grattacielo&quot;, svettava nel cielo. Si dice che chiunque abbia conquistato il &quot;Grattacielo&quot; avrebbe governato la &quot;Rastania&quot;. Un gruppo malvagio ha invaso il &quot;Grattacielo&quot; e ha cercato di farlo proprio. Se la situazione viene lasciata così com'è, il posto alla fine sarebbe controllato dal gruppo malvagio. nnRastan Saga 2 è il sequel di Rastan, che contiene lo stesso gameplay di hack-em'/slash-'em dell'originale. Sei un guerriero che deve superare diversi livelli e cercare di raccogliere gemme che possono essere ottenute solo sconfiggendo i boss di fine livello. Raccogliere potenziamenti lungo il percorso ti premia con vita extra o armi migliori.
Red Zone (USA, Europe)	Controlla un elicottero da combattimento AH-648 dotato di mitragliatrici e missili. L'azione è vista dall'alto e il giocatore ha bisogno di ruotare l'elicottero in tre dimensioni per poter colpire il bersaglio che si trova a terra, con carri armati e altri veicoli, il tutto strutturato in 3D. Devi guardare da vicino le informazioni sul lato dello schermo per gestire le tue munizioni e analizzare il nemico sul radar. L'obiettivo principale del gioco è impedire al pazzo Ivan Retovitz dell'Unione Sovietica di diffondere le sue armi nucleari in tutto il mondo.
Ren & Stimpy Show Presents, The - Stimpy's Invention (USA)	Stimpy ha inventato una macchina meravigliosa e diabolica... Il Mutate-O-Matic! Sfortunatamente esplode, e avere pezzi di un Mutate-O-Matic in giro non è una buona cosa. Quindi Ren e Stimpy si imbarcano in un'avventura che va dal frigorifero di Mr. Horses, al canile e persino... The Great Outdoors! I riferimenti al cartone sono frequenti insieme a molta azione di scorrimento laterale.
Rent a Hero (Japan)	Taro Yamada vive nella cittadina di Corja in Giappone con la madre, il padre eccentrico e la sorella minore Alyssa; la famiglia si è trasferita lì dopo che suo padre ha cambiato lavoro. Ha ricevuto la sua armatura da combattimento per caso durante la loro festa di inaugurazione della casa, quando ha ordinato una pizza da &quot;Sensational Cafeteria&quot; e invece ha ricevuto la tuta. Dopo aver realizzato che la tuta gli ha dato una forza incredibile e che è tenuto a pagare per l'armatura, Taro decide di diventare Rent a Hero, un eroe a pagamento, svolgendo vari compiti eroici e lavoretti per i cittadini di Corja.
Resq (Europe) (Proto)	ResQ è un Sega Mega Drive inedito sviluppato da Tempest Software e pronto per essere pubblicato da Psygnosis. È un gioco d'azione in 2D con segmenti di astronave ea piedi. Se fosse stato rilasciato, ResQ sarebbe stato un titolo esclusivo per Mega Drive. Psygnosis ha cancellato ResQ molto vicino al rilascio per ragioni sconosciute. Secondo quanto riferito, è stato programmato su 486 PC DOS, con l'artwork prodotto con Deluxe Paint II e III su Amiga 1200. Da allora è stato portato alla luce un prototipo, con una data di copyright interna del 1993.
Revenge of Shinobi, The (Japan, USA) (En)	Voi siete Musashi, il capo dei ninja. Siete uno dei mistici guerrieri che vedono e conoscono ogni cosa. Siete infallibili! Ora dovete distruggere l'esercito malvagio dei Neo Zeed. Se fallite, allora Naoko, la loro bella prigioniera, morirà!
Revolution X (USA, Europe)	Revolution X parla del vecchio Rock & Roll. nnC'è una nazione malvagia che abbatte i giovani e vieta la nostra amata musica rock. Chi chiamerai? Aerosmith!nnCon l'aiuto di Aerosmith, il giocatore deve farsi strada attraverso i livelli infestati dai nemici, sparando con le pistole (leggere), raccogliendo potenziamenti e liberando gli ostaggi. nnQuasi tutta la grafica è digitalizzata e anche gli Aerosmith lo sono! Ci sono anche molti video fmv.
Richard Scarry's Busytown (USA)	Busytown di Richard Scarry è un divertente gioco educativo su Megadrive. Basato sulla serie animata con lo stesso nome, la cartuccia ti offre di esplorare la città colorata aiutando un massimo di persone. Saranno necessari piccoli servizi (costruire una casa, salvare persone da un edificio in fiamme o pulire una barca) e puoi iniziare ogni minigioco quando vuoi.
Riddle Wired (Japan) (Sega Game Toshokan)	Un gruppo terroristico ha preso il controllo di un satellite armato e sta attaccando tutte le nazioni della Terra. La tua missione: infiltrarti e riconquistare il satellite... rispondendo a domande trivia. Riddle Wired è un gioco a quiz in stile giapponese e, nonostante lo scenario, l'intero gioco consiste nel rispondere a domande di cultura generale. Il giocatore affronterà una serie di avversari diversi durante la missione, e ognuno porrà al giocatore una serie di domande in una cosiddetta &quot;battaglia a quiz&quot;. Se il giocatore risponde correttamente, il nemico perderà HP; in caso contrario, il giocatore perderà HP. Se gli HP del nemico vengono consumati, il giocatore passa alla fase successiva, ma se tutti gli HP vengono persi, il gioco finisce. Uno o due giocatori possono giocare contemporaneamente.
Rings of Power (USA, Europe)	La famosa Naughty Dog di oggi ha già avuto i suoi momenti di gloria sul 16-bit di Sega. In Rings of Power, devi guidare sei potenti maghi che hanno bisogno di trovare gli Rings of Power per liberare il loro regno da potenti demoni. L'avventura si svolge in stile RPG e condurrà il giocatore attraverso battaglie contro i dinosauri e attraverso esplorazioni, dove potrai navigare su una nave pirata e volare sopra un drago. Il gioco ha più di 100 incantesimi disponibili per raggiungere il tuo obiettivo.
Rise of the Robots (Europe)	Sei un tuttofare cyborg in un lontano futuro inviato in un'enorme mega corporazione dove un'intelligenza artificiale malvagia ha preso il controllo dei robot della compagnia. Sei incaricato di affrontare questi robot in combattimento ed eliminarli uno ad uno per raggiungere il nucleo e disattivare l'IA. Per quanto riguarda il gameplay, questo è un picchiaduro standard con una grafica meravigliosa. Ha alcune fastidiose limitazioni come non essere in grado di saltare sopra il tuo nemico e un solo pulsante di fuoco.
Risk (USA)	Direttamente dalle tavole ai videogiochi, Risk mette il giocatore nei panni di un conquistatore. Sei un generale e hai bisogno, oltre a proteggere il tuo popolo, di conquistare nuovi territori. La missione del giocatore è occupare tutti i continenti, creando un esercito indistruttibile. In questa versione, fino a sei giocatori potranno scontrarsi. La colonna sonora e gli effetti aggiungono un tocco speciale all'avventura. In Brasile, l'iconica azienda di giocattoli Grow si è ispirata a Risk per lanciare la sua linea di giochi di guerra.
Risky Woods (USA, Europe)	Insolitamente per Electronic Arts nei primi anni '90, questo era un gioco sparatutto platform con pochi o nessun elemento avventuroso o strategico. Il gioco scorre lateralmente e ha sezioni in cui sono richiesti salti di precisione, sia per eliminare i fiumi che per raccogliere bonus. Porti un pugnale per affrontare i nemici e devi evitare il contatto con loro. Quando vengono uccisi, lasciano monete da raccogliere - queste vengono spese nelle sezioni del negozio. La morte ti fa perdere la maggior parte delle tue monete, ma di solito possono essere recuperate se atterrano su un terreno solido, il che rende meglio essere uccisi in combattimento che annegando.
Ristar (USA, Europe)	Il crudele Re di Despair tiene la costellazione di Valjee sotto un regno di terrore, seminando miseria ed oscurità. Ma dal profondo dello spazio ecco apparire Ristar, una stella cometa destinata a fare grandi cose. Solo I suoi grandi poteri e I suoi corona elastica potranno far tornare la felicità in tutti e 7 i livelli.
Road Rash (USA, Europe)	Road Rash è un gioco di corse motociclistiche aggressivo in cui il giocatore assume il ruolo di un motociclista che prende parte a una serie di gare illegali attraverso gli Stati Uniti Partendo dal fondo del gruppo l'obiettivo è sempre quello di arrivare primo su un percorso lineare, superando il altri motociclisti. Ciò si ottiene guidando molto bene o giocando sporco, colpendo gli avversari delle loro biciclette con mazze, piedi di porco o mani nude. Gli altri corridori reagiscono in modo simile e ci sono anche dei pericoli. Tutte le gare si svolgono su strada regolare con traffico normale (in entrambe le direzioni) e la polizia, oltre a sporadiche chiazze di petrolio e mucche randagi.
Road Rash 3 (USA, Europe)	Dopo le due precedenti partite di Road Rash, il giocatore ha conquistato il campionato motociclistico illegale degli Stati Uniti. Ma perché accontentarsi di questo quando si può conquistare il mondo; correre nelle tranquille strade del Regno Unito, schivare gli animali in Kenya, sfrecciare nella notte in Giappone o saltare nei circuiti collinari in Italia?
Road Rash II (USA, Europe)	È giunta l'ora di guidare all'impazzata. E le strade sono doppiamente pericolose quando gareggiate uno contro l'altro. nn* Gare di velocità simultanee o 2 giocatori nn* Nuovi scontri spettacolari Nuove super¬ motociclette &quot;Nitro&quot; nn* Aumentate lo vostro potenza con un bastone o con la nuovissima pesante catena. nn
RoadBlasters (USA)	RoadBlasters è un gioco d'azione di corse futuristico. L'obiettivo è quello di raggiungere il traguardo in un unico pezzo in ciascuno dei 50 livelli. Numerosi nemici sono sulla strada per cercare di fermarti, tra cui autoblindo, motociclette, cannoni sul ciglio della strada, mine antiuomo e altro ancora.
RoboCop 3 (USA, Europe)	Sei metà uomo, metà macchina... e tutto poliziotto! Ma quando l'OCP inizia a cacciare di casa persone innocenti, è tempo di unirsi ai rinnegati! Riconquista le strade con i nuovi accessori multi-arma per pistole laser, lanciafiamme e lanciamissili. Indossa un jet¬pack per un rapido assalto aereo! Sconfiggi i poliziotti corrotti della riabilitazione, iant ED-209 e209nnL'ultimo guerriero tecnologico di OCP... OTOMO!nnÈ il vero RoboCop sulla tua Genesi&quot; per la prima volta in assoluto! Portalo a casa per ripulire il tuo quartiere!
RoboCop Versus The Terminator (USA)	Nelle rovine fatiscenti di un mondo sotto assedio, l'uomo-macchina incontra l'uomo-macchina mentre leggendari cyborg si scontrano per decidere il destino della Terra. Nei panni di Robocop, devi viaggiare nel tempo in un sanguinoso futuro governato dalle forze meccaniche di Skynet. Affronterai attacchi da ogni angolazione, in ogni momento. Un inflessibile esercito di Terminator, cani robotici, ragni, endoscheletri e un inarrestabile arsenale di armi automatizzate ti aspettano in questo vero inferno sulla terra. Per distruggere questo nemico, libera i suoi ostaggi e finalmente trafiggi il Il cuore oscuro di un computer killer richiederà qualcosa di più potente dei fucili al plasma e delle pistole laser: la mente umana che ancora brucia dentro di te.
Robot Battler (Japan) (Sega Game Toshokan)	Robot Battler è un gioco d'azione per Sega Mega Drive, pubblicato esclusivamente in Giappone tramite il servizio Sega Game Toshokan. I giocatori costruiscono ed equipaggiano robot per combattere l'un l'altro da una prospettiva dall'alto verso il basso.
Rock n' Roll Racing (USA)	Rock 'n Roll Racing è un gioco di corse di combattimento arcade. Il combattimento gioca un ruolo importante nel gioco, poiché ogni auto ha un'arma frontale, come un laser o un missile, e un'arma a caduta, come punte o mine. Man mano che completi le gare, ottieni più soldi per aggiornare la tua auto. nnLa colonna sonora include &quot;Born to Be Wild&quot;, &quot;Bad to the Bone&quot;, &quot;The Peter Gunn Theme&quot;, &quot;Highway Star&quot; e &quot;Paranoid&quot;.
Rocket Knight Adventures (USA)	Sparkster-L'ultima speranza di una nazione disperata. Il Cavaliere Nero e la sua armata di psicopatici soldati robotizzati hanno portato morte e distruzione a quello che era una volta il tranquillo Paese di Elhorn. Riuscira Sparkster a sconfiggere il malvagio signore della guerra e a riportare nuovamente la pace nel suo tormentato Paese?
Roger Clemens' MVP Baseball (USA)	Roger Clemens è noto ad alcuni come il più grande lanciatore nella storia del baseball. In Roger Clemens, i giocatori di baseball MPV giocano una partita di baseball standard da 9 inning in modalità Esibizione e può essere giocata un'intera stagione regolare, inclusi i playoff del campionato mondiale in modalità Stagione regolare. Durante il gioco in modalità Regular Season, il giocatore può vedere i progressi della squadra prescelta utilizzando il calendario di gioco che mostra tutte le partite.
Rolling Thunder 2 (USA)	Le pallottole fischiano, ti tuffi tra mucchi di bossoli di proiettili esplosi per evitare le granate che esplodono nncon le dita rese insensibili dai contraccolpi Dell'arma. infili l'ultima cartuccia nella pistola e prendi la mira devi distruggere nnl'organizzazione terroristica chiamata Geldra. o il mondo non sarà mai più quello di prima! nn
Rolling Thunder 3 (USA)	Rolling Thunder 3 su Megadrive è un gioco d'azione in cui si conducono due agenti segreti dell'Interpol che stanno combattendo contro Geldra, un'organizzazione criminale responsabile della perdita di molti satelliti. All'inizio di ogni missione, è possibile scegliere un'arma specifica (bazooka, lanciafiamme o grande) per fare ancora più danni nei dieci livelli del gioco.
Rolo to the Rescue (USA, Europe)	Rolo to the Rescue è un classico platform. Interpreti il ruolo di Rolo l'elefante scappato dal circo. Man mano che ti fai strada nel mondo troverai anche uno scoiattolo, un coniglio, un castoro e una talpa. Ognuno di questi amici ha abilità speciali che possono aiutarti lungo la strada: lo scoiattolo può arrampicarsi, il coniglio salta, il castoro nuota e la talpa scava. Alla fine, Rolo troverà la strada di casa.
Romance of the Three Kingdoms II (USA)	Il seguito del romanzo dei tre regni. Il concetto di gioco è sempre lo stesso, anche se hanno migliorato molte funzionalità che si possono considerare &quot;disturbanti&quot; di RTK I (ad esempio i generali muoiono facilmente a causa di malattie, ecc.). Si può dire che RTK sia molto più &quot;stabile&quot; in cui i giocatori non devono più preoccuparsi troppo della durata del gioco, poiché il gioco richiede un tempo più lento per consentire ai giocatori di accumulare le proprie forze senza troppe interferenze. Il gameplay e l'interfaccia di RTK II sono molto simili a Ambition II di Nobunaga.
Romance of the Three Kingdoms III - Dragon of Destiny (USA)	Dall'inizio del gioco, i giocatori scelgono uno dei sei scenari che determinano la disposizione iniziale del potere nell'antica Cina. Dopo aver scelto lo scenario, i giocatori determinano i signori della guerra che controllano. Ogni personaggio ha diverse statistiche: guerra, intelligenza, politica, carisma, comando dell'esercito, comando navale. Il giocatore vince la partita conquistando tutti i territori della Cina.
Rugby World Cup 95 (USA, Europe) (En,Fr,It)	Il gioco ufficiale dell'IRB Rugby World Cup del 1995 in Sud Africa. Con tutte le 20 squadre internazionali che hanno preso parte alla Coppa del Mondo, inclusi gli All Blacks della Nuova Zelanda e gli Springboks del Sud Africa, nonché una squadra EA All Stars e alcune altre nazioni minori di rugbynnnnIl gioco condivide molto con i primi titoli FIFA di EA Sports. Utilizza una prospettiva isometrica, con pulsanti per passare e calciare la palla e un indicatore a tempo per i calci piazzati. nnI menu sono strutturati allo stesso modo di FIFA, con opzioni che includono modalità arcade e simulazione, modifica della compattezza del terreno e del tempo.
Sagaia (USA)	Molto tempo fa, il pianeta di Darius andò in rovina, ma Proco e Tiat di Darius diedero vita a un nuovo pianeta e lo chiamarono Orga. Dopo molti secoli, Proco Jr. e Tiat Young ricevono una strana trasmissione radio dalla galassia. Scoprono che la trasmissione radiofonica è un segnale mayday da un altro discendente di Darius. Salgono a bordo della Silverhawk, preparandosi a sconfiggere una forza malvagia e a viaggiare verso la galassia. Darius II, o Sagaia come è conosciuto in Occidente, è il secondo capitolo della prima serie di sparatutto di Taito. Le sue principali caratteristiche distintive sono il sistema di livelli non lineare e i nemici, che sono diversi tipi di frutti di mare.
Saint Sword (USA)	Sei Macress, un mitico guerriero, e sei stato chiamato a distruggere il demone malvagio, Gorgon, prima che il mondo soccomba al suo potere. Questa è un'avventura hack 'n slash in stile platform in cui ottieni potenziamenti distruggendo piccole bestie mitiche. Questi potenziamenti ti forniscono attributi fisici speciali come ali d'angelo e il corpo di un cavallo.
Sampras Tennis 96 (Europe) (J-Cart)	Pete Sampras firma ancora una volta un gioco basato sullo sport in cui è Re. Questa versione ha più di 5000 frame di animazione. Sarai in grado di mettere alla prova le tue abilità su diversi tipi di piani, con una fedele rappresentazione della palla e del gameplay. Sfida le tue abilità in Challenge Match, Tournament o anche nel Pro World Tour, con campionati in tutto il mondo per tutta la stagione. Il gioco è stato rilasciato con il sistema J-Cart con due spine aggiuntive, portando il numero totale di giocatori a quattro contemporaneamente senza la necessità di acquistare un multitap.
Samurai Shodown (USA)	È TEMPO DI CONFRONTO! Il mondo è nel caos. La società è stata capovolta. In questo mondo senza legge, samurai, maestri ninja, cavalieri e soldati combattono usando tutte le abilità e le tecniche segrete a loro disposizione. È un mondo crudele e brutale: se perdi la presa della spada, combatti a mani nude! Usa la tua rabbia per sconfiggere i tuoi nemici! In un mondo senza ordine, il samurai si trova da solo contro le forze del caos...
Sangokushi Retsuden - Ransei no Eiyuutachi (Japan)	Sangokushi Retsuden: Ransei no Eiyuutachi è un gioco di simulazione del 1991 di Sega pubblicato in Giappone e Cina, dove era chiamato San Guo Zhi Lie Zhuan: Luan Shi Qun Ying. Non è noto se il gioco abbia o meno collegamenti con Koei, che realizza i giochi più popolari basati sui periodi di tempo dei Tre Regni della Cina.
Sanrin San-chan - Spatter (World) (Mega Drive Mini 2, Genesis Mini 2)	&quot;Sanrin San-chan,&quot; noto anche come &quot;Spatter,&quot; è un gioco arcade sviluppato da Sega e rilasciato nel 19842. Il gioco presenta un bambino su un triciclo chiamato Sanrin San-chan (che significa &quot;Triciclo San&quot;) che deve raccogliere fiori e schivare go-kart, bulldozer giocattolo e robot. Il gioco è stato recentemente incluso nella collezione del Mega Drive Mini 2
Sansan (Japan)	Sansan è una conversione del popolare gioco da tavolo Go, che consente al giocatore di giocare online contro avversari distanti attraverso il servizio di rete del gioco. Offre la possibilità di giocare contro avversari che non sono attualmente online, proprio come gli scacchi per posta, e consente anche di inviare brevi messaggi all'altro giocatore. A differenza della maggior parte dei titoli Meganet, funziona attraverso il servizio a pagamento gestito in modo indipendente di Sansan, che ha continuato a essere operativo molto tempo dopo che il servizio di Sega è stato interrotto.
Saturday Night Slammasters (USA)	Slam Masters è una conversione arcade dell'omonimo gioco di wrestling di Capcom. Sono disponibili dieci lottatori con diversi stili di combattimento e attacchi speciali individuali. Sono controllati con tre pulsanti; uno per saltare, uno per attaccare e uno per inchiodare. Quando sei vicino ai tuoi avversari, puoi afferrarli per eseguire varie mosse che vanno dagli attacchi ordinari agli schianti del corpo alle proiezioni. Poiché l'azione si svolge in un anello, è anche possibile salire sul tenditore o utilizzare le corde a proprio vantaggio. Puoi anche lasciare l'anello per un periodo di tempo limitato per combattere con diverse armi che possono essere trovate fuori dal ring.
Schtroumpfs Autour du Monde, Les (Europe) (En,Fr,De,Es)	Il puffo curioso e Puffetta hanno mandato in frantumi il cristallo magico ed eccoli ora trasportati nelle diverse contrade del mondo. Raccogli tutti u cristalli che si trovano sulla tua strada. Per farli apparire, affronta le otarie del Polo Nord, gli Indiani d'America, i polpi degli abissi marini... E solo dopo aver puffato tutte queste sfide ed altre ancora che potrai ritornare al villaggio...
Scooby-Doo Mystery (USA)	Scooby-Doo Mystery è un'avventura punta e clicca (o piuttosto punta e premi) con due episodi giocabili di un tipico cartone animato di Scooby-Doo. Blake's Hotel - Lo zio di Daphne, Blake, ha invitato la banda al suo hotel per un weekend di sci. Dopo aver raggiunto l'hotel, scoprono che il fantasma dell'Antico Capitano sta spaventando tutti i clienti, poiché non è contento che un hotel sia costruito sul suo cimitero. Presto lo zio Blake viene rapito e tocca a Scooby e Shaggy trovare indizi e dare la caccia a questo fantasma.
Scrabble (Europe) (Proto)	Scrabble è un gioco da tavolo su Megadrive. Devi formare parole su un tabellone per raccogliere più punti possibile. Ad ogni lettera è infatti associato un valore inversamente proporzionale alla sua frequenza in lingua francese. Sul tabellone sono sparse anche alcune caselle bonus che permettono di raddoppiare o addirittura triplicare il valore della lettera o della parola che vi passa.
seaQuest DSV (USA)	Basato sulla prima stagione dell'omonima serie TV, il tuo personaggio è un ufficiale della WEU: The United Earth Oceans Organization. Inizi il gioco all'interno di una simulazione di addestramento, che al termine garantisce il tuo trasferimento al team SeaQuest DSV dove ti verrà chiesto di svolgere gli stessi compiti. Principalmente, il tuo ruolo è quello di navigare la nave per immersioni profonde SeaQuest intorno alla mappa subacquea verso varie &quot;aree di missione&quot; dove ti verrà chiesto di utilizzare i veicoli a bordo per svolgere alcune attività.
Second Samurai (World) (QUByte Classics)	Provate l'incredibile gioco di arti marziali mentre i Samurai affrontano il Re malvagio in un'avventura ad azione completa piena di promesse orientali. Con i combattimenti pericolosi, gli enigmi da risolvere i capi terrificanti e malvagi presenti in ogni livello, Second Samurai è il genio dei giochi. Esplorate gli enormi livelli e le zone segrete da soli o in compagna di un amico, perché l'azione a due giocatori è soltanto una delle tantissime meravigliose caratteristiche di questo gioco. Non dimenticate mai il codice dei Samurai: Chi di spada ferisce di Spada perisce.
Sega Sports 1 (Europe)	Sega Sports 1 è una compilation di Sega Mega Drive contenente tre giochi sportivi Mega Drive rilasciati in precedenza. È simile ad altre compilation di Mega Drive: Mega Games 1, Mega Games 2, Mega Games 3, Sonic Classics ecc. Sega Sports 1 è stato rilasciato in Europa solo nel 1995. Come alcune altre compilation di Sega (Master Games 1, Sega Ages: Volume 1), non c'è mai stato un &quot;Sega Sports 2&quot;.
Sega Top Five (Brazil) (En)	Sega Top Five è una raccolta di giochi per Sega Mega Drive, pubblicata esclusivamente in Brasile nel 1997. È stata seguita da una compilation simile in esclusiva per il Brasile chiamata Sega Top Ten.
Segapede (USA) (Proto)	Un prototipo sviluppato intorno al 1993-94 ma mai completato. In questo fluido gioco a scorrimento laterale, il personaggio titolare sfreccia attraverso livelli colorati. È mai circolata solo una versione molto incompleta, che presenta un solo livello con effetti sonori e musica, ma senza nemici. Non è chiaro se esista una versione più corposa.
Sensible Soccer (World) (En,Fr,De,It) (Evercade)	Con l'originale Sensible Soccer venduto in modo massiccio, questa versione aggiornata è stata rilasciata pochi mesi dopo (e in seguito è stata utilizzata come base per le ultime versioni della console). Le squadre vengono aggiornate, con le parti presenti nei tornei europei 92-93 comprese, ei nomi dei giocatori aggiornati per tenere conto dei trasferimenti. Il gioco è stato corretto e modificato in diverse aree. Il cambiamento più significativo è l'aggiunta di cartellini rossi e gialli per disciplina (2 reati di cartellino giallo o un &quot;fallo professionale&quot; (che nega al tuo avversario una chiara opportunità di segnare) comporta l'espulsione del giocatore). I portieri hanno migliorato le loro abilità e il torneo di qualificazione alla Coppa del Mondo 1994 è stato aggiunto.
Sesame Street Counting Cafe (USA)	Counting Cafe è un gioco educativo basato sul popolare spettacolo per bambini Sesame Street. Il giocatore controlla Grover, che lavora come cameriere in un ristorante, dove appare Mr. Johnson e ordina vari articoli. Il giocatore deve portare Grover in cucina, raccogliere gli articoli ordinati e tornare al tavolo di Mr. Johnson, dove ricompenserà il giocatore con una stella se l'ordine è corretto. Se il giocatore raccoglie gli oggetti sbagliati, possono essere portati da Cookie Monster sul retro del ristorante, che li mangerà e pulirà il vassoio di Grover.
Shadow Blasters (USA)	Gli umani sulla Terra hanno perso le loro vie rette. Dopo aver visto che ciò è accaduto, gli Dei hanno deciso di abbandonare i Terrestri e di non proteggerli più. Ashura, il re di una razza aliena proveniente dal mondo del male, decide che questo è il momento perfetto per colpire la vulnerabile Terra non protetta. Si dà il caso che uno dei buoni dei, Hyperion, abbia pietà degli umani e decida di conferire il suo potere a quattro dei più forti guerrieri della Terra in modo che possano andare a sconfiggere Ashura e i suoi scagnozzi.
Shadow Dancer - The Secret of Shinobi (World)	Dopo aver sconfitto il sindacato del crimine Neo Zeed, lo Shinobi Joe Musashi si è preso una vacanza ben meritata. Ma ora ha una nuova ragione di tornare a combattere: la vendetta! La Società della Lucertola, una organizzazione che mira al dominio mondiale, ha commesso l'errore di uccidere a New York l'amico di Musashi, Kato. Guidate Musashi e il suo fedele segugio attraverso le strade della metropoli americana e aiutatelo a pareggiare il conto!
Shadow of the Beast (USA, Europe)	Quando era molto giovane, Aarbron fu rapito e reso schiavo dai sacerdoti del Signore delle Bestie. È cresciuto con droghe create per distruggere la sua stessa volontà e trasformarlo nel Beast Messenger, una potente creatura al servizio di Maletoth, lo stesso Beast Lord. Ha fatto il suo lavoro, fino a quando un giorno ha notato un uomo che stava per essere sacrificato in un rituale, il suo volto ha risvegliato antichi ricordi... e mentre il coltello sacrificale scendeva nel corpo dell'uomo, Aarbron riconosce il volto. Di suo padre. Quando suo padre muore sull'altare, sono emersi i ricordi della sua infanzia e del passato tormentato per mano del Signore della Bestia, e quando i sentimenti di odio per i suoi rapitori lo hanno preso, ha giurato vendetta ed è fuggito dal tempio, conoscendo la strada per vendicare il suo padre e la redenzione sarebbero difficili.
Shadow of the Beast II (USA, Europe)	Essenzialmente un picchiaduro a scorrimento laterale nel vano di Way of the Exploding Fist, ma con una trama epica ed enigmi in abbondanza. L'introduzione, ora un classico Amiga, mostra il mago della Bestia che ruba la tua sorellina e lo scopo del gioco è salvarla. Lungo la strada una varietà di enigmi, missioni secondarie e mostri davvero cattivi ti seguono ad ogni passo.
Shadowrun (USA)	Shadowrun per Megadrive, è ispirato all'omonimo gioco di ruolo da tavolo. Sebbene occupi l'universo futuristico, il videogioco differisce notevolmente dall'originale. Sei tu a controllare Jake che si sveglia con una grave amnesia dopo una sparatoria a Seattle nel 2050. Scoprirai allo stesso tempo, che lui come i nani, gli orchi e gli umani, vivono insieme nelle grandi città e imparano a sopravvivere nonostante i pericoli che ti aspettano dietro ogni angolo.
Shanghai II - Dragon's Eye (USA)	Shanghai II è il seguito di Activison del suo primo gioco di abbinamento di tessere. I giocatori tentano di rimuovere le tessere Mah Jong in coppia da uno schema prestabilito. Shanghai II ha 8 diversi set di tessere, 12 modelli basati su animali dello zodiaco cinese e un editor di layout per la creazione di modelli. Oltre al gioco standard, Shanghai II presenta anche &quot;Dragon's eye&quot;, una variante per 2 giocatori di Shanghai. I giocatori, a turno, aggiungono e rimuovono tessere da un piccolo campo; un giocatore cerca di rimuovere tutte le tessere, e l'altro cerca di posizionare le tessere in modo che ciò non sia possibile.
Shaq-Fu (USA, Europe)	Shaq Fu è un picchiaduro Megadrive con protagonista Shaquille O'Neal, uno dei più grandi giocatori di basket di tutti i tempi. Mentre Shaq viaggia per una partita di beneficenza, viene risucchiato in un'altra dimensione dove un vecchio gli chiede di salvare suo nipote. Dovrà quindi affrontare undici creature per raggiungere questo obiettivo. Nella modalità a due giocatori, mentre uno di loro deve necessariamente giocare con Shaq, l'altro giocatore può scegliere il personaggio che preferisce.
Shikinjou (Japan)	Shi-Kin-Joh (&quot;Città Proibita&quot;) è un puzzle game simile a Sokoban in cui il giocatore deve raggiungere un obiettivo spingendo tessere di mahjong di grandi dimensioni che bloccano il percorso. Quando due tessere corrispondenti vengono accostate l'una all'altra, scompaiono. Altri tipi di tessere bloccheranno tutte le tessere mobili che entrano in contatto con esse. La versione Megadrive include cinque diversi set di suoni e grafica, dozzine di enigmi da risolvere e una modalità &quot;rompicapo speciale&quot; in cui le regole del gioco vengono cambiate drasticamente. C'è anche una modalità di costruzione di puzzle in cui è possibile creare puzzle personalizzati. I progressi di gioco vengono salvati utilizzando le password.
Shining Force (USA)	Shining Force é un gioco di ruolo strategico a turni, simile a Fire Emblem e Final Fantasy Tactics. Mentre ti fai strada nelle terre di Rune, sarai accompagnato da altri guerrieri intenzionati a fermare le forze di Runefaust: ciascun guerriero ha i propri vantaggi e svantaggi. Progredendo nel gioco troverai nuove armi e nuovi incantesimi, usali saggiamente se vuoi impedire che il Drago Oscuro torni a portare il caos nel mondo di Rune!
Shining Force II (USA)	Un antico spirito malvagio si e' liberato e sta oscurando la terra della Runa. Tu dovrai condurre In battaglia la Shining Force per trovare i gioielli scomparsi e sigillare definitivamente le porte del male. Il futuro del regno del Granseal dipende da te!
Shining in the Darkness (USA, Europe)	Questo è un gioco di ruolo in stile console basato sulla trama ed è il primo dei tre giochi della serie Shining per Genesis (seguito da Shining Force e Shining Force 2). Il Regno di Thornwood è stato invaso dagli uomini di Dark Sol, ed è tuo compito sconfiggerli. Avrai bisogno delle Armi di Luce per farlo. Il gioco è un gioco di ruolo in prima persona, con combattimenti a turni e grafica a fumetti. Il dialogo viene visualizzato tramite bolle di dialogo che appaiono sopra i personaggi che parlano, anche se il protagonista non parla mai. Non ci sono missioni secondarie: i segreti del gioco riguardano la posizione e l'uso di metalli speciali per forgiare oggetti esoterici. Ci sono circa 25-30 ore di gioco da trovare qui, prima della battaglia finale e della sequenza finale.
Shinobi III - Return of the Ninja Master (USA)	Nelle montagne del Giappone c'è un ninja solitario. Ha percepito la presenza di un vecchio nemico che diventava di nuovo una minaccia. Il nome del ninja è Joe Musashi. Il suo nemico è Neo Zeed, che ha già sconfitto, e che ha un nuovo piano malvagio che può essere fermato solo da Joe Musashi - meglio conosciuto come Shinobi!
Ship (USA) (Demo) (Visitor)	Ship è un gioco Sega Mega Drive inedito di Technopop. Il codice sorgente di un primissimo prototipo è stato scoperto da drx di Hidden-Palace.org il 24 settembre 2007 come parte di un kit di sviluppo per GEMS, il che implica che il gioco potrebbe essere stato una semplice dimostrazione del driver audio; in caso contrario, lo sviluppo non è progredito molto prima di essere annullato.
Shougi no Hoshi (Japan)	Shogi no Hoshi è una versione digitale dell'antico gioco giapponese Shogi, che è un gioco da tavolo che si gioca in modo molto simile agli scacchi. Il gioco è un gioco di Shogi standard per un giocatore. C'è una modalità standard contro il computer con sei diversi livelli di gioco, oltre a una bizzarra modalità Avventura che segue un ragazzo di nome Kinta la cui madre sta cercando di farlo diventare il più grande giocatore di Shogi in Giappone.
Shove It! ...The Warehouse Game (USA)	Spingilo! The Warehouse Game è un puzzle game top-down basato sul gameplay originale di Soko-Ban Hiroyuki Imabayashi scritto per Thinking Rabbit. Il giocatore controlla Stevedore, un magazziniere, da una vista dall'alto. Come mostrato nella schermata del titolo, spingere le scatole gli farà guadagnare soldi per realizzare i suoi sogni, una ragazza adorabile e un'auto sportiva rosso fuoco.
Show do Milhao (Brazil)	Show do Milhão è basato su un gioco televisivo brasiliano con lo stesso nome, condotto da Silvio Santos, un famoso presentatore televisivo brasiliano, proprietario di SBT, uno dei più grandi canali televisivi del Brasile. Show do Milhão (One Million Show, in inglese) è fondamentalmente un gioco a quiz, con 16 domande divise in tre blocchi di cinque domande ciascuno, più la domanda da un milione. Ogni domanda ha 4 risposte alternative, di cui solo una giusta. Il giocatore vince un premio in denaro per ogni domanda giusta. Se decide di fermarsi a una certa domanda, vince la metà del premio delle domande. Se indovina, vince un quarto del premio. Ma per l'ultima domanda le regole sono diverse: se sbaglia, perde tutti i soldi che ha vinto durante la partita. Se si ferma, prende la metà del premio come al solito.
Show do Milhao - Volume 2 (Brazil)	Show do Milhão Volume 2 è un sequel di Show do Milhão, un gioco basato su un gioco televisivo brasiliano con lo stesso nome, presentato da Silvio Santos, un famoso presentatore televisivo brasiliano, proprietario di SBT, uno dei più grandi canali TV in Brasile . Questo sequel è esattamente lo stesso gioco del precedente, fatta eccezione per le domande, tutte nuove. Show do Milhão Volume 2 (One Million Show, in inglese) è fondamentalmente un gioco a quiz, con 16 domande divise in tre blocchi di cinque domande ciascuno, più la domanda da un milione. Ogni domanda ha 4 risposte alternative, di cui solo una giusta. Il giocatore ha 40 secondi per rispondere e vince un premio in denaro per ogni domanda giusta. Se decide di fermarsi a una certa domanda, vince la metà del premio delle domande. Se indovina, vince un quarto del premio. Ma per l'ultima domanda le regole sono diverse: se sbaglia, perde tutti i soldi che ha vinto durante la partita. Se si ferma, prende la metà del premio come al solito.
Shura no Mon (Japan)	Tsukumo Mutsu, un giovane studente di Karate, è arrivato in città alla ricerca del dojo Jinmukan, in cerca di una sfida per mettersi alla prova. Si è perso, ma una ragazza lo aiuta. Lei sembra essere la nipote del capo del dojo, e non vuole che sia coinvolto con il posto, ma Tsukumo insiste per continuare a prescindere. Entra subito e affronta il primo ragazzo con un karategi che incontra... Shura no Mon è un cosiddetto gioco di &quot;azione di comando&quot; basato sul manga di Masatoshi Kawahara. Il giocatore controlla Tsukumo selezionando i comandi da un elenco, utilizzando diversi attacchi e manovre difensive al momento opportuno, con i risultati mostrati tramite brevi sequenze animate.
Side Pocket (USA)	Voi non volete essere uno dei tanti giocatori di biliardo da quattro soldi, ma volete diventare un vero maestro del gioco. Ed ecco la vostra occasione! Mettete alla prova la vostra abilità nel gioco del biliardo contro un amico, esercitatevi con i colpi truccati e quindi lanciatevi in una competizione a 5 fasi per il titolo mondiale!
Simpsons, The - Bart vs. the Space Mutants (USA, Europe)	Bart vs. The Space Mutants è un gioco platform in cui il giocatore interpreta il ruolo di Bart Simpson (dal programma televisivo The Simpsons) e deve impedire agli Space Mutants di invadere Springfield. In ciascuno dei cinque livelli, Bart deve raccogliere (o sbarazzarsi di) gli ingredienti che gli Space Mutants intendono utilizzare per costruire la loro macchina, come oggetti viola o palloncini. Deve anche raccogliere sufficienti &quot;prove&quot; dell'esistenza degli alieni (monete marroni lasciate quando vengono saltati sopra), così i suoi familiari lo aiuteranno quando incontrerà un capo (personaggi come Nelson e Sideshow Bob). Non sarà facile dato che i mutanti spaziali stanno &quot;usando&quot; corpi umani come travestimento. Per scoprire chi sono i veri mutanti spaziali, Bart deve usare le sue specifiche a raggi X. I modi in cui Bart può sbarazzarsi di quegli oggetti ricercati dagli Space Mutants sono numerosi. Ad esempio, nella prima fase, Bart deve sbarazzarsi degli oggetti viola. Può tingerli di rosso, coprirli, lavarli, ecc. Alcuni richiedono anche una piccola risoluzione di enigmi, come fare uno scherzo a Moe per farlo uscire dal bar.
Simpsons, The - Bart's Nightmare (USA, Europe)	Mi sembra di sentirli: &quot;Bart Simpson ha perduto i compiti? Cerrrto! Quale scusa inventerà questa volta?&quot; Ehi mi sono addormentato, lo giuro! Che razza di incubo. Otto livelli, uno peggio dell'altro, con dei cattivi come Homer, Kong Momthra e Barney Gumble in groppa ad un elefante rosa. Devo prendere una pagina in ogni livello, prima di risvegliarmi e scoprire di aver, rovinato tutto! Tu sei la mia unica speranza ragazzo!
Skeleton Krew (USA)	L'unica cosa rimasta erano i loro stivali fumanti!! SKELETON KREW™ ha tre mercenari per liberare la galassia dai mostri fatti a mano di Moribund Kadavers! È una corsa sfrenata contro il tempo mentre tu e i Krew fate esplodere quattro mondi infestati con abbastanza armamenti da abbattere un piccolo paese. Usa combattimenti speciali tecniche e armi che lasceranno segni di bruciature per gli anni a venire! Prendi il tuo vestito e inizia a fare anelli di fumo dal nemico!
Skitchin' (USA, Europe)	Scendi con i rollerblade (pattini in linea) lungo la strada, afferrando i rimorchi dalle auto di passaggio. Afferra le armi per respingere i tuoi avversari. Corri di città in città per guadagnare soldi. Acquista pattini, armi e protezioni migliori con le tue vincite. Questo gioco è chiaramente derivato sia nella tecnologia che nel design dalla serie di successo Road Rash, ed è stato rilasciato durante il grande boom dei rollerblade della prima metà degli anni novanta.
Slam - Shaq vs. the Legends (USA) (Proto)	Slam: Shaq vs. the Legends è un gioco di basket inedito per Sega Mega Drive che è stato concesso in licenza al nome e all'immagine del giocatore NBA Shaquille O'Neal. Un prototipo è stato trovato e rilasciato da drx da Hidden-Palace.org il 5 marzo 2008.
Slap Fight MD (Japan) (En)	A prima vista, Slap Fight MD è una conversione diretta del classico arcade Slap Fight del 1986 di Toaplan e Taito, con una fedele conversione del titolo originale con diverse impostazioni di difficoltà, così come colonne sonore originali e arrangiate. Tuttavia, nella cartuccia è incluso anche un sequel completamente nuovo con nuovi livelli, boss, grafica e musica. Il gameplay di base è identico: uno sparatutto a scorrimento verticale in cui i potenziamenti scorrono attraverso un elenco tra cui scegliere ed è possibile costruire navi enormi con un'incredibile potenza di fuoco. Slap Fight MD aggiunge anche la possibilità di gettare a mare i potenziamenti della tua nave causando un'enorme esplosione che riempie lo schermo che può potenzialmente salvarti la vita.
Slaughter Sport (USA)	Un picchiaduro eclettico e intrigante. Scegli tra diverse razze aliene (compresi gli umani) con abilità e stili di combattimento diversi, acquista armi e dispositivi e fatti strada attraverso più avversari per affrontare Fatman. Alcune delle caratteristiche più innovative includono la possibilità di scommettere sull'esito del combattimento e il fenomeno di una mossa speciale è meno potente quanto più la usi per bilanciare il gameplay. È supportato il combattimento testa a testa a 2 giocatori.
Smurfs, The (Europe) (En,Fr,De,Es,It)	Gargamella ha escogitato un terribile stratagemma per rapire tutti i puffi! Quattro di loro sono già spariti. Per liberarli, dovrai sfidare i puffi neri e le mosche Memè, puffare dai labirinti della miniera, puffare la montagna con lo slittino... e infine puffare Gargamella nel suo castello!
Snake Rattle n Roll (Europe)	È una corsa alla luna per i due serpenti, Rattle and Roll! Gioca da solo o contemporaneamente con un amico mentre superi il punteggio e divori il tuo avversario, quindi pesati sulla bilancia e dirigiti verso l'uscita! Snake, Rattle 'n Roll è un platform 3D isometrico. L'obiettivo di ogni livello è mangiare quanti più Nibbley Pibblies (creature rotonde di vari colori) possibile per rendere pesante il tuo serpente. Una volta che è abbastanza pesante, devi stare sulla bilancia nel livello e, se sei abbastanza pesante, la porta si aprirà e potrai raggiungere l'uscita.
Snow Bros. - Nick & Tom (Japan) (En)	Nick e Tom sono due principi che vivono il sogno con due bellissime principesse. Quando improvvisamente il malvagio re Scorch congela il principe Nick e Tom e rapisce le principesse. Ora Nick e Tom si ritrovano con abilità che si occupano di neve e ghiaccio. Questi due fratelli delle nevi dovranno dare la caccia al malvagio re Scorch e salvare le principesse.
Socket (USA)	Chi è questo Socket e dove sta andando così veloce? È un'anatra con un atteggiamento, e sta portando se stesso e la sua coda di cavo elettrico ovunque abbia bisogno di essere. Socket è una cattiva anatra. È così veloce che può spegnere le luci ed uscire dalla stanza prima che faccia buio! Ha più corrente alternata della compagnia elettrica e più mosse di Air-come-si-chiama. Collegalo alla presa per un po' di ronzio RC e alcuni tempi veloci!
Sol-Deace (World) (Evercade)	Nel terzo millennio l'umanità ha lanciato un nuovo esperimento: un circuito di intelligenza artificiale ultra¬avanzata viene trapiantato in una macchina. Il risultato è GCS-WT, un super computer progettato per fungere da unificatore della società umana. Ma GCS-WT invece si trasforma in dittatore, e comincia a sopprimere l'umanità. Uno scienziato. Edwin Deace, si propone di contrastare il mali di GCS-WT. Deace progetta un rivoluzionario caccia spaziale biposto, Sol-Deace, che utilizzerà per distruggere GCS-WT e liberare la Terra oppressa. Deace viene assassinato da una caccia all'uomo in tutta la galassia inviata da GCS-WT, e due giovani sopravvissuti fanno rotta con Sol-Deace per la Terra. Nel grande vortice di luce e calore inizia la tragedia del sangue e dell'olio...
Soldiers of Fortune (USA)	Sedici livelli (in quattro gruppi di quattro) ti aspettano in questo titolo Bitmap Brothers a lungo sviluppato. Il gameplay di base è simile a Gauntlet, ma in un ambiente all'aperto, con ponti attraverso i fiumi e simili nelle mappe. Le immagini sono nello stile &quot;metallico e blu&quot; che le bitmap sembravano preferire. C'erano 6 personaggi disponibili nel gioco, ognuno con diversi punti di forza e di debolezza e diversi prezzi di partenza. Nella modalità a 2 giocatori ognuno di voi ha scelto un personaggio e ha giocato in cooperazione, ma nelle partite a un giocatore si sceglie anche un personaggio che il computer deve controllare, con la sua intelligenza artificiale che gli consente di aprire le porte, raccogliere power-up e prendere sui cattivi lontano da quelli che occupano il tuo personaggio.
Sonic & Knuckles (World)	Sonic & Knuckles uniscono le forze per sconfiggere il Dr. Robotnik in questa nuova, enorme avventura. Sperimenta l'assoluta potenza dell'attacco di pugno di Knuckles, delle sue super planate e delle abilità di arrampicata sui muri, oppure lascia che la fantastica super velocità di Sonic venga strappata! La rivoluzionaria tecnologia di Sonic & Knuckles ti consente di unire Sonic 3 e giocare come Knuckles in un'epica 34Meg piena di nuovi segreti! unisci Sonic 2 e usa Knuckles per raggiungere le parti che nessun riccio ha raggiunto prima!
Sonic & Knuckles + Sonic The Hedgehog (USA, Europe) (Lock-On)	Blue Sphere è un gioco segreto sulla cartuccia Sonic & Knuckles per Sega Mega Drive, accessibile collegando qualsiasi cartuccia Mega Drive (diversa da Sonic the Hedgehog 2 o Sonic the Hedgehog 3) alla porta di blocco di Sonic & Knuckles. Blue Sphere è una raccolta di prove speciali nello stesso stile e motore di quelle presenti in Sonic the Hedgehog 3 e Sonic & Knuckles. Il nome Blue Sphere deriva dal nome mostrato nell'elenco sotto Sonic Mega Collection e Sonic Mega Collection Plus.
Sonic & Knuckles + Sonic The Hedgehog 2 (World) (Rev A) (Lock-On)	Knuckles in Sonic 2 è il gioco risultante quando Sonic the Hedgehog 2 è unito a Sonic & Knuckles con la sua porta passthrough. Sonic è sostituito da Knuckles e Tails non è giocabile in alcun modo. La schermata del titolo presenta anche Knuckles, ma rimuove la modalità a due giocatori e le selezioni delle opzioni da essa. Questo gioco è identico a Sonic 2 (a parte alcune modifiche per renderlo più giocabile con Knuckles) ma con Knuckles ora giocabile al posto di Sonic o Tails.
Sonic & Knuckles + Sonic The Hedgehog 3 (USA) (Lock-On)	Il Death Egg del Dr. Eggman (alias Dr. Robotnik's) è stato ancora una volta fatto saltare da Sonic, facendo un atterraggio di fortuna sulla cima di un vulcano sull'isola galleggiante. Il Dr. Eggman è ancora in libertà e Sonic non può permettergli di mettere le mani sul Master Emerald e riparare il Death Egg. Sonic deve anche tenere Knuckles di dosso, ma anche Knuckles ha dei problemi. Come guardiano dell'isola galleggiante e di tutti gli smeraldi, Knuckles deve fare la sua parte per mantenere l'isola al sicuro. Mentre fanno il giro l'uno con l'altro, chi fermerà il dottor Eggman?
Sonic 3D Blast (USA, Europe, Korea) (En)	Ritorna il tuo eroe preferito... nella più grande sensazione grafica tridimensionale di tutti i tempi nel campo dei video· giochi a 16-bit. Trova, libera e guida i Flickies verso la salvez za in 7 gigantesche entusiasmanti zone tridimensionali. Con sorprendenti livelli addizionali nascoti, pieni di poteri e anelli d'oro .... studiati per aiutare Sonic nella sua impetuosa battaglia col Dottor Robotnik. Ecco la sfida... te la senti di accettarla?
Sonic Compilation (Europe)	Una multicartuccia Genesis che &quot;include 3 fantastici giochi di Sonic!&quot; Sono Sonic the Hedgehog, Sonic the Hedgehog 2 e Mean Bean Machine del Dr. Robotnik. Nota che &quot;Sonic 2 su questa cartuccia compilation non è compatibile con la tecnologia Lock-On del gioco Sonic & Knuckles Genesis.&quot;
Sonic Crackers (USA) (Proto)	&quot;Sonic Crackers, chiamato anche Sonic Studium, era uno sviluppatore di videogiochi sviluppato dal Sonic Team e pubblicato da Sega, un gioco platform della serie Sonic su Mega Drive1. Scena Sonic e il suo amico Miles &quot;&quot; Tails &quot;&quot; Prower, questo prototipo è stata la base per Chaotix di Knuckles, pubblicato su 32X nel 1995. &quot;
Sonic Eraser (Japan) (Sega Game Toshokan)	Sonic Eraser è un puzzle game molto simile a Columns con la mascotte di Sega Sonic the Hedgehog. Pezzi in diverse disposizioni cadono in un pozzo; se due o più pezzi uguali si toccano, scompaiono e i pezzi di cui sopra cadono per prendere il loro posto. Ci sono quattro diverse modalità di gioco per giocatore singolo: 1. Round: ogni fase inizia con i pezzi già nel pozzo. Ci sono diversi pezzi verdi rotanti, che devono essere tutti distrutti per finire il livello. 2. Normale: una modalità infinita standard in cui la velocità del gioco aumenta continuamente man mano che vengono effettuate le partite. 3. Dubbio: nessun blocco bianco apparirà nelle formazioni a caduta, ma spesso un blocco casuale nella formazione cambierà in un blocco bianco dopo che è stato posizionato. 4. Blocco: simile alla modalità Normale, ma i blocchi non escono dalla formazione fino a quando non viene effettuata una corrispondenza, consentendo combo nitide impressionanti.
Sonic Spinball (USA)	Il malvagio dottore Robotnik ha un nuovo piano per conquistare il mondo. Ha costruito una nuova arma, la Veg-O-Fortress sul Monte Mobius e con essa sta trasformando tutte le creature in robot. Sonic si intrufola nella fortezza e cerca di fermare Robotnik. Usa Sonic come un flipper in 4 livelli pericolosi. Guadagna punti, ottieni anelli, raccogli Chaos Emerald e distruggi il boss alla fine di ogni livello.
Sonic The Hedgehog (USA, Europe)	Sfondate completamente la barriera del suono del video game con Sonic il Porcospino. Spostatevi in un lampo utilizzando il Super Sonic Spin Attack. Eseguite una gran giravolta sfidando la legge della gravità. Potete anche girare intorno ad un labirinto in 360• Non c'é mai stato niente di sim1le a questo gioco!
Sonic The Hedgehog 2 (World)	Sonic è tornato ed è più forte che mai. E un lampo di blu! Un razzo in azione! Con il suo nuovo superscatto rotante. E un nuovo magnifico amico, &quot;Tails&quot; la volpe Non ci crederete fichè non 'avrete visto E quano comincerete a giocare, non vi fermerete più.
Sonic The Hedgehog 3 (USA)	Sei grandi livelli. Scene speciali completamente nuove. Nuovi nemici nella più grande avventura di Sonic!
Sorcerer's Kingdom (USA)	Sorcerer's Kingdom è un mix di RPG e gioco di strategia. Interpreti un giovane avventuriero, inviato dal re per scoprire il motivo del crescente numero di mostri che minacciano la terra e riportare la pace nel regno. Iniziando come avventuriero, alla fine ti vengono assegnati titoli più alti dal re, come ricompensa per il completamento delle missioni. Il gioco si svolge come un tipico gioco di ruolo, ma le battaglie sono un po' insolite. Ogni volta che vieni attaccato o attacchi un mostro che si trova nel tuo raggio attuale, una battaglia a turni inizia immediatamente senza portarti in un'area di combattimento separata e devi combattere tutti i nemici che erano visibili nel momento in cui la battaglia è iniziata.
Sorcerian (Japan)	Sorcerian è il quinto gioco della serie Dragon Slayer. È ambientato nella terra fantastica conosciuta come Pentawa, i cui abitanti hanno un costante bisogno di protezione dalle creature feroci che vagano nel deserto. Il re di Pentawa ingaggia un gruppo di avventurieri e il loro primo incarico è quello di recuperare un prezioso scettro da una prigione, dove è custodito dal malvagio signore demoniaco Ouks.
Space Harrier II (World)	AIUTO! Nel profondo della 214a sfera dell'universo. si odono urla di sofferenza provenienti dalla terra in tumulto. Attaccato e circondato da un numero infinito di mostri, Fantasyland è come lottare una battaglia già persa, Ma, aspetta, con un po' d'aiuto potrai farcela! L'eroico Space Harrier ha fatto un viaggio nel tempo via teleportazione intergalattica ed è qui con te.
Space Invaders '91 (USA)	Space Invaders '91 è un porting del coin-op Space Invaders '91, proprio come Super Space Invaders per altre piattaforme, ma comunque diverso da quelli. Questa versione differisce da Super Space Invaders in quanto non ci sono filmati, c'è solo una modalità di gioco rispetto alle due di SSI e non c'è la selezione del livello.
Sparkster (USA)	IL RITORNO DEL CAVALIERE A RAZZO! Sparkster è di nuovo nei guai. Dal caos che ha fatto seguito alla distruzione della Pigstar, la potente nave spaziale dell'impero Devotindos è nato un altro malvagio e stregato impero. Ancora una volta Sparkster si trova solo. L'unica speranza di pace contro le forze demoniache. L'avventura sta per cominciare!
Speedball 2 - Brutal Deluxe (World) (Evercade)	Speedball 2 su Megadrive è un titolo che mette due squadre l'una contro l'altra in uno sport futuristico che mescola football americano e pallamano. I giocatori devono assolutamente lanciare una palla di ferro nella porta avversaria. È consentito colpire gli avversari per afferrare la palla, e farli uscire con un infortunio vale tanti punti quanto un goal.
Spider-Man (USA) (Tengen) (Demo)	La città di New York è certamente un ottimo posto dove stare, ma non quando c'è l'elemento criminale in giro. Fortunatamente per la polizia di New York, c'è anche l'eroico Spider-Man dalla loro parte! Ma ora uno dei più grandi criminali della città, Wilson Fisk, alias The Kingpin, ha tirato fuori il complotto definitivo! Annuncia a New York che una bomba è stata piazzata da qualche parte in città e che esploderà tra 24 ore! Quel che è peggio, dà la colpa a Spider-Man, e ora il lanciatore di ragnatele è da solo e in fuga dalla polizia. Spidey fiuta un topo e sa cosa deve fare.
Spider-Man (USA, Europe)	La città di New York è certamente un ottimo posto dove stare, ma non quando c'è l'elemento criminale in giro. Fortunatamente per la polizia di New York, c'è anche l'eroico Spider-Man dalla loro parte! Ma ora uno dei più grandi criminali della città, Wilson Fisk, alias The Kingpin, ha tirato fuori il complotto definitivo! Annuncia a New York che una bomba è stata piazzata da qualche parte in città e che esploderà tra 24 ore! Quel che è peggio, dà la colpa a Spider-Man, e ora il lanciatore di ragnatele è da solo e in fuga dalla polizia. Spidey fiuta un topo e sa cosa deve fare.
Spider-Man - Venom - Maximum Carnage (World)	Soltanto un folle potrebbe obbligare Spiderman a fare coppia con il suo acerrimo nemico Venom· &quot;CARNAGE&quot;! La sua furia micidiale sta distruggendo New York! È il caos totale! È Maximum Carnage&quot;!
Spider-Man - X-Men - Arcade's Revenge (USA, Europe)	NON PERDERE TEMPO A LEGGERE QUESTA CONFEZIONE!!! Spiderman e i suoi amici mutanti hanno bisogno del tuo aiuto per scappare dal­ diabolico parco dei divertimenti di Arcade
Spider-Man vs. The Kingpin (World)	The Amazing Spider-Man vs. The Kingpin (noto anche come Spider-Man Vs. the Kingpin o semplicemente Spider-Man) è un videogioco prodotto da Sega of America e sviluppato da Technopop. È stato rilasciato sulle console Sega Mega Drive/Genesis, Sega Master System e Game Gear; una versione aggiornata è stata rilasciata anche per il CD Sega.
Spirou (Europe) (En,Fr,De,Es)	Proprio mentre sta per presentare le sue invenzioni a un simposio di ricerca scientifica a New York, il conte Champignac viene rapito da Cyanida. Il robot malvagio ha un solo scopo: governare il mondo. Non c'è un momento da perdere. Spirou dovrà setacciare strade, metropolitane e grattacieli di New York e volare a Palombia, una giungla paludosa piena di sorprese ... buone e cattive ...
Splatterhouse 2 (World) (Evercade)	Sono passati tre mesi dalla tua fuga dalla Splatterhouse nel primo gioco. Non essendo stato in grado di salvare Jennifer, continui ad avere il sogno ricorrente in cui ti implora di venire a salvarla. La maschera dello Splatterhouse appare e promette che c'è ancora una possibilità per salvarla. Tuttavia, c'è un aspetto negativo. Indossare la maschera del terrore ti riempirà di rabbia selvaggia e di un'insaziabile fame di sangue. Fortemente influenzato da film come Evil Dead 2, il gioco ti porta attraverso otto livelli a scorrimento laterale. Rick ha un set base di mosse, ma può raccogliere armi aggiuntive come tubi di piombo, ossa, bombe, un fucile e una motosega per il sanguinoso finale, mentre combatte teschi, pesci rasoio e demoni giganti. Un boss, che richiede uno specifico schema di mosse, ti aspetta alla fine di ogni fase.
Splatterhouse 3 (World) (Evercade)	È passato un po 'di tempo dalla fuga in Splatterhouse 2 e Rick sta lentamente riprendendo la sua sanità mentale. Di notte, è ancora perseguitato dagli incubi del luogo. Rick ha sposato Jennifer e hanno un figlio, David. Nel capitolo finale di questa trilogia horror, Rick scopre che un'entità chiamata &quot;The Evil One&quot;, ha rapito i suoi amati familiari. Non ha altra scelta che indossare la maschera del demone con i poteri soprannaturali, per salvare Jennifer e David dalla Splatterhouse infestata dai demoni. Il terzo titolo della serie si basa sul gameplay dei suoi predecessori. Il gioco si compone di sei livelli consecutivi in ​​un'enorme villa. In una corsa contro il tempo, devi spazzare via i demoni da ogni stanza e trovare il percorso più veloce per l'area del boss. Dopo aver ripulito una stanza, puoi utilizzare una mappa di gioco per decidere il percorso più veloce. I miglioramenti rispetto al secondo titolo, includono lo spostamento tra le stanze in più direzioni, più finali in base alla tua performance, mosse speciali per Rick e una grafica più nitida.
Sport Games (Brazil) (En)	Sport Games è una raccolta di giochi sportivi per Sega Mega Drive rilasciati da Tec Toy in Brasile nel maggio 1998. I giochi inclusi sono Super Volley Ball, World Championship Soccer II e Super Real Basketball. Invece di un menu per selezionare i giochi, viene caricato un gioco diverso quando il sistema viene spento e riacceso. I tifosi sono incontrollabili, mentre l'ôla si impadronisce di tutte le tribune. E tu sei quello dietro questo spettacolo. Super Volley Ball, partenze di seconda palla, ricezioni perfette, giocate piazzate, punte, medio e tre metri. Tutte le emozioni della Volleyball World League in attesa di un'altra stella in campo. World Championship Soccer II, Dribbling, contrasti, bodywork, lanci, giocate da fondo campo, colpi di testa, sforbiciate, gol casalinghi e persino le papere del portiere fanno parte di questa incredibile sfida di prati internazionali. Super Real Basketball, Tiri da tre punti, tiri liberi, assist, stoppate, sottopiedi, schiacciate. Mostra cosa sai fare con un pallone da basket tra le mani. PREPARATI A SUDARE LA TUA CAMICIA... E I BOTTONI DEL TUO JOYSTICK.
Sports Talk Baseball (USA)	Sports Talk Baseball, ti offre tutte le squadre ei giocatori del roster del 1991. Scegli di giocare come &quot;slugger&quot;, come &quot;Ruben Sierra&quot;, o &quot;Cecil Fielder&quot;, o gioca come &quot;Ken Griffey Jr&quot;, e colpisci quelle palle veloci. Puoi giocare come &quot;Cal Ripkin Jr&quot; e farlo immergere. Le stagioni si estendono fino a 162 partite, inclusa una gara di Pennant. Hai molti stili di battuta e stili di lancio tra cui scegliere. Sports Talk Baseball incorpora &quot;Sports Talk&quot; brevettato da Sega, offrendo un gioco accurato.
Spot Goes to Hollywood (USA)	Il personaggio centrale di questo gioco è Spot, il piccoletto rosso degli spot televisivi 7-Up. Spot è rimasto in qualche modo intrappolato in un proiettore cinematografico. Mentre salta da un film all'altro, incontra molti generi di film classici che compongono tutti i diversi livelli del gioco. I livelli principali sono un film sui pirati, un film d'avventura e un film horror, ma ci sono molti altri film bonus da sbloccare. Il gioco si gioca da una prospettiva isometrica. Mentre controlli il punto, devi raccogliere 5 stelle di Hollywood per livello per sbloccare aree nascoste e alla fine completare il gioco al 100%.
Star Cruiser (Japan)	Sono passati 200 anni da quando la Terra Centrale ha posto fine a una guerra iniziata con il primo contatto degli umani con gli alieni. L'equilibrio di potere, tuttavia, è minacciato dalla nazione militarista VOID, che cerca di espellere tutti gli alieni dalla società civilizzata, e dai resti della Federazione Terrestre. VOID progetta di fare la guerra e conquistare la galassia, ma un piccolo battaglione sul satellite di Giove, Ganimede, viene addestrato a resistere a VOID. Le innovazioni del gioco comprendevano un'innovativa grafica poligonale in 3D e un sistema misto di RPG e sparatutto in prima persona con contenuti solidi: consiglio galattico, pianeti da esplorare, missioni a terra, combattimenti spaziali... Un vasto universo open world permette di esplorare oltre 30 pianeti in quattro sistemi stellari in un'epica space opera ben sceneggiata.
Star Mobile (USA, Europe) (Mega Drive Mini 2, Genesis Mini 2)	&quot;Star Mobile&quot; è un gioco di puzzle sviluppato da Mindware e pubblicato da Sega per il Sega Genesis (Mega Drive) nel 1992. Originariamente sviluppato per PC nel 1991, il gioco non fu mai rilasciato fino a quando non fu incluso nella collezione del Sega Genesis Mini 2 nel 2022
Star Odyssey (USA) (Super Fighter Team)	In un lontano futuro, l'umanità ha lasciato da tempo la Terra e si è diffusa in tutta la Via Lattea. Gli esseri umani si stabilirono su pianeti diversi, a volte entrando in contatto con altre razze, e stabilendo una connessione tra loro. Il giocatore è un giovane senza nome che era un semplice bambino quando è sopravvissuto a un incidente, e ha dovuto cercare rifugio su un nuovo pianeta. Ora ha sedici anni, e i suoi genitori, lo mandano come studente straniero sul pianeta Terra. È qui che inizia la sua avventura! Blue Almanac è un gioco di ruolo di fantascienza. Il gruppo del giocatore incontra nemici casuali e li combatte in combattimenti a turni. Il combattimento è visto da una prospettiva di piattaforma, e sia gli attacchi del giocatore che quelli dei nemici, sono animati.
Star Trek - Deep Space Nine - Crossroads of Time (USA)	&quot;Star Trek: Deep Space Nine - Crossroads of Time&quot; è un'avventura d'azione in 2D basata sulla famosa serie TV. Interpreti Benjamin Sisko, comandante della stazione spaziale della Federazione Deep Space Nine. Quando la stazione viene attaccata dai terroristi bajoriani, la tua missione per scoprire il loro complotto ti porta da DS9 a Bajor, oltre il tunnel spaziale e persino attraverso il tempo stesso. Muovendosi attraverso gli ambienti a scorrimento laterale di DS9 e di altri luoghi, Sisko deve completare diverse missioni come disarmare bombe o salvare ostaggi. Se necessario, Sisko può usare un phaser per stordire i nemici. Per risolvere i puzzle, può usare un tricorder e altri oggetti. La trama viene spesso portata avanti interagendo con altri personaggi della serie TV.
Star Trek - The Next Generation - Echoes from the Past (USA)	Star Trek: The Next Generation - Echos from the Past è l'adattamento Megadrive della seconda serie di Star Trek, sottotitolato The New Generation e trasmesso tra gli anni '80 e '90. Sei al comando della USS Enterprise, diretta dal capitano francese Jean-Luc Picard. Devi rispondere alle richieste di aiuto di varie persone sui diversi pianeti dell'universo di Star Trek. Una volta a destinazione, forma una squadra di quattro persone per salvare le persone. I Romulani chiedono il permesso di entrare nella Zona Neutrale per cercare una squadra dei loro investigatori che sostengono sia scomparsa. La USS Enterprise viene inviata per monitorare le loro attività e scoprire le loro vere motivazioni. Il gioco è diviso in tre parti: comandare l'Enterprise dal ponte, controllare una squadra a distanza in una missione planetaria e combattere con altre navi. Dalla plancia puoi controllare tutte le principali funzioni delle navi.
Star Wars (USA) (Proto)	Basato su Super Star Wars, che è stato rilasciato per SNES. Il gioco è stato sviluppato da Sega Interactive ma è stato annullato per ragioni sconosciute. Lo sviluppo iniziò alla fine del 1992 e terminò nel 1993. A parte alcune menzioni nelle riviste di gioco di questo periodo di tempo, il gioco non è stato mostrato fino ad ora. Nessuno dei filmati sembra essere stato implementato. Alcune delle fasi sono solo schermate segnaposto con testo. L'intestazione della ROM è basata su Greendog, un altro titolo sviluppato da Sega Interactive nello stesso periodo.
Starflight (USA, Europe)	Starflight è un gioco di ruolo su Megadrive. Il giocatore deve assemblare una squadra e personalizzare la propria nave per partire per un'avventura nella vastità dello spazio. Dovrai esplorare la galassia visitando diversi pianeti per trovare risorse essenziali per il proseguimento dell'avventura. Durante le missioni, dovrai decidere se vuoi combattere i nemici alieni o cercare invece la via della diplomazia.
Stargate (USA, Europe)	Basato sull'omonimo film, è stato scoperto un mistico portale circolare chiamato &quot;Stargate&quot;. Nel tentativo di svelare i suoi segreti, il suo potere viene sbloccato creando un passaggio per un mondo diverso chiamato Abydos. Una squadra delle forze speciali viene inviata nel nuovo mondo per indagare, ma viene subito tesa un'imboscata e le sue forniture vengono prese, inclusa una potente bomba nucleare. Come colonnello O'Neil, devono essere raggiunti diversi obiettivi a partire dal recupero dei rifornimenti e dal ritrovamento di altri compagni di squadra, tra cui l'archeologo civile Daniel Jackson. Una volta raggruppato, O'Neil deve guidare l'attacco al dio Ra e fuggire sulla Terra prima che il potere della bomba nucleare possa essere scatenato su questo nuovo mondo. Il gioco è un'avventura platform a scorrimento laterale. Il giocatore controlla O'Neil su una varietà di obiettivi ed è armato con un fucile e granate. Imbarco attraverso il deserto, caverne e città nomadi ... infine al palazzo di Ra.
Steel Empire (USA)	Il gioco si presenta come un film di guerra d'altri tempi prodotto dalla &quot;HOT-B Film Corporation&quot;. Nel film, il futuro è l'età dell'acciaio, dove una dittatura militare chiamata Motorhead ha ridotto in schiavitù la popolazione umana. L'unica speranza di libertà è la Repubblica di Silverhead, che è riuscita a rimanere indipendente e che sola ha le armi per far fuori Motorhead.
Steel Talons (USA, Europe)	Steel Talons ha portato il combattimento in elicottero orientato al realismo nelle sale giochi e in seguito nei sistemi domestici. L'azione è vista da dietro il tuo elicottero, con il mondo poligonale 3D che ruota intorno a te, abbracciando montagne, fiumi e deserti. Ci sono 12 missioni in totale, ognuna delle quali richiede di distruggere i bersagli entro un limite di tempo prestabilito. Ci sono anche modalità di allenamento e testa a testa (contro un drone controllato dalla CPU). Hai un numero limitato di missili a puntamento automatico e un cannone. Una mappa di tracciamento ti dice dove ti trovi nel livello e dove sono i nemici. Il contatto con il terreno, le montagne o altri veicoli danneggerà o distruggerà il tuo elicottero.
Stone Protectors (World) (Steam)	Stone Protectors è un picchiaduro inedito per Sega Mega Drive sviluppato da Eurocom e basato sull'omonima serie di cartoni animati. Ha visto un rilascio per il Super Nintendo Entertainment System nel 1994, e un porting su Mega Drive doveva essere pubblicato da VIC Tokai, ma è stato cancellato per ragioni sconosciute. Il gioco era molto vicino al completamento prima di essere eliminato, tanto da aver persino ottenuto un rating ESRB. nnUn prototipo completamente funzionante della versione Mega Drive è stato portato alla luce nel 2010.
Stormlord (USA)	Badh la regina ha imposto una terribile vendetta alla terra rapendo le fate. Per riportare le cose nel modo giusto, devi salvarle. nnMan mano che avanzi nei livelli di azione platform-adventure, ti imbatterai in fate che vengono salvate toccandole. I nemici includono Venus Fly Traps, piogge acide localizzate e draghi, che possono essere evitati o colpiti nelle sezioni bonus sparatutto. Avrai bisogno di aiuto per raggiungere alcuni livelli; questo viene da Mael Dvin l'Aquila. Dopo ogni livello c'è un gioco bonus in cui devono essere raccolte le lacrime per ottenere punti.
Street Fighter II' - Special Champion Edition (USA)	Da ogni angolo del mondo arrivano dodici dei combattenti più tosti che abbiano mai vagato per le strade. Scegli il tuo campione e entra nell'arena come uno degli otto sfidanti originali o uno dei quattro Grandi Maestri (Grand Masters)! Colpisci il tuo avversario nei panni di Balrog e mettilo KO. Si superiore alle tue prede nei panni di Sagat e stordiscile con il tuo potentissimo Colpo della tigre (Tiger Shot). Affetta il tuo avversario con l'artiglio di Vega e spediscilo a nascondersi. Oppure incuti timore ai tuo nemici con M. Bison, colui che porta il titolo di più Grande maestro di tutti!
Street Racer (Europe)	Street Racer è un gioco di corse di kart simile a Super Mario Kart. nnFino a quattro giocatori possono giocare a schermo diviso. Se non ci sono avversari umani, il giocatore può guidare contro sette avversari computer in tre leghe. Se il giocatore vince il primo campionato, può giocare il secondo e così via. Il gioco ha otto veicoli diversi con diverse abilità in velocità, rapidità o resistenza. Ci sono anche alcuni potenziamenti sulle piste come bombe, carburante nitro e pacchetti di salute.
Street Smart (Japan, USA) (En)	Un picchiaduro arcade, Street Smart ti mette nei panni del &quot;Karate Man&quot; spaccaculo che decide di consegnare una lattina di assalito alle gang bangers in carica in città. Il gioco si gioca da una prospettiva in terza persona a scorrimento laterale in cui puoi muoverti in qualsiasi direzione in un'arena chiusa (limitata dalla folla esultante e da altri elementi della strada). Devi affrontare otto combattenti unici in successione usando i tuoi attacchi in modalità picchiaduro standard contro gli avversari progressivamente più difficili.
Streets of Rage (World) (En,Ja)	Streets of Rage è una serie di giochi beat'em up1 creati per la console Mega Drive a 16 bit. In origine si chiamava Bare Knuckle. Il primo dei giochi, Street of Rage, ci introduce alla storia di tre giovani poliziotti (Axel, Blaze e Adam) che cercano di liberare la loro città dall'influenza del leader della criminalità organizzata Mr. Essendo il primo della saga, il suo livello tecnico è inferiore ai seguenti titoli della saga. Axel e Blaze saranno gli unici personaggi presenti in tutta la saga.
Streets of Rage 2 (USA)	Scegliete uno dei quattro combattenti e sbattete il vostro avversario al suolo con incredibili mosse di arti marziali! Colpiteli con sbarre d1 ferro o tagliateli a pezzettini con coltelli e armi ninja! Preparatevi per il più entusiasmante combattimento che affronterete ancora una volta con Street of Rage!
Streets of Rage 3 (USA)	Combatti per il trionfo della giustizia! Axel è stato ingiustamente arrestato, solo tu puoi provare la sua innocenza. Fatti strada a pugni fra otto livelli incandescenti per decidere il risultato finale. Nuovi protagonisti, nuove mosse, una serie rinnovata!
Strider (USA, Europe)	L'anno è il 2089 d.C. In Russia, il malvagio Gran Maestro Meio, ha iniziato il suo folle complotto per conquistare l'universo. Una figura solitaria cade da un aliante furtivo alla base di Meio. Lui è Hiryu, Super A-Class Strider. La sua missione è sconfiggere il Gran Maestro e porre fine al suo complotto una volta per tutte. Convertito dal classico gioco arcade, Strider ti consente di correre, saltare, eseguire acrobazie e arrampicarti su muri e strapiombi. Impugna una spada al plasma (chiamata Cypher) attraverso 5 livelli, combattendo robot e guardie, con boss di livello medio e finale.
Striker (Europe) (En,Fr,De,Es,It)	Il primo gioco della lunga serie di calcio, che si è distinto dalla massa con una vista 3D in prospettiva forzata unica, piuttosto che con una semplice vista dall'alto. I giocatori sono disegnati in grande, e c'è una grande visuale, per assistere ai passaggi lunghi. Tuttavia, la modalità standard ha la palla che aderisce strettamente ai piedi, il che rende le corse laboriose, una strategia più utile. Ci sono 64 squadre internazionali in offerta, con una competizione di coppa ad eliminazione diretta in stile europeo inclusa. Vengono offerte molte formazioni e strategie diverse.
Sub-Terrania (USA)	Gli alieni hanno invaso una colonia mineraria sotterranea vitale. Usa i riflessi della velocità della luce e la concentrazione totale per far volare il tuo prototipo di caccia attraverso caverne impossibili per salvare i minatori e far esplodere quegli alieni negli abissi più oscuri dello spazio! Il gioco è composto da 10 missioni. Ogni missione si svolge in una vasta caverna, con condizioni meteorologiche interessanti. Devi esplorarlo e completare gli obiettivi della missione, solitamente raccogliendo sottoparti, salvando minatori intrappolati o distruggendo boss epici e giganti. Puoi anche esplorare i livelli, ma tieni d'occhio l'indicatore del carburante e fai attenzione ai numerosi pericoli!
Sumisei Home Tanmatsu (Japan) (Program)	&quot;Sumisei Home Tanmatsu&quot; è un software raro per il Sega Mega Drive, rilasciato esclusivamente in Giappone nel 1991. Questo software permetteva ai proprietari di gestire la loro polizza assicurativa sulla vita tramite Sumitomo Life (da cui deriva il nome &quot;Sumisei&quot;). Era destinato a essere utilizzato in combinazione con il Sega Mega Modem
Sunset Riders (USA)	Il selvaggio West ... pieno dell'elemento criminale. Sir Richard Rose, il volto più spregevole nella sorte criminale, ha abbastanza potere per controllare le strutture minerarie, gli allevamenti di bestiame e le comunità commerciali e girare tutto a suo favore. Con così tanto potere, potrebbe letteralmente comprarsi il selvaggio West e controllare tutto! Le persone hanno bisogno di aiuto, disperatamente. E proprio mentre le cose sembravano cupe, chi dovrebbe andare in città se non 4 uomini che hanno fatto un patto: abbattere Sir Richard Rose e rendere il selvaggio West un luogo libero e pacifico in cui vivere. Steve, Bob, Billy e Cormano sono i Sunset Riders e stanno per vivere la sparatoria più selvaggia che il selvaggio West abbia mai visto...
Super Baseball 2020 (USA, Europe)	Nel 2020, il baseball si è finalmente evoluto. Non esiste più il baseball professionale convenzionale nel 2020. Il baseball progettato dalla Super Baseball Association è stato molto popolare ed è lo sport migliore. Tuttavia, la verità è che l'associazione ha utilizzato una colossale somma di denaro per promuovere il Super Baseball come spettacolo. Hanno manipolato l'abilità di ogni giocatore usando il computer di controllo per decidere segretamente la vittoria o la sconfitta in ogni partita. I giocatori che lo sapevano hanno rimosso le parti di collegamento del computer per giocare a baseball. Infine, al Cyber Egg Stadium si giocherà una partita leale.
Super Battleship - The Classic Naval Combat Game (USA)	Questo gioco presenta due diverse modalità di gioco: Classic Battleship e Super Battleship. Classic Battleship è il tipico gioco Battleship in cui i giocatori posizionano le loro navi su una griglia, quindi, a turno, scelgono 3 posti alla volta per mirare e sperano di colpire la nave avversaria. Il gioco termina quando tutte le navi dei giocatori avversari sono affondate. Questa modalità contiene quattro livelli di difficoltà: guardiamarina, tenente, comandante e ammiraglio.
Super Daisenryaku (Japan)	Super Daisenryaku è uno dei tanti titoli della lunga serie di strategie di guerra di SystemSoft. Le meccaniche di gioco sono basate su Daisenryaku II, ma molte delle 35 mappe incluse sono uniche per questa versione, incluse molte basate su Phantasy Star. Non esiste una modalità scenario e qualsiasi mappa inclusa può essere giocata. Alcune mappe sono per due giocatori, altre per quattro, e qualsiasi mappa può essere giocata con qualsiasi combinazione di giocatori umani e computer.
Super Fantasy Zone (USA) (En,Ja) (Mega Drive Mini, Genesis Mini)	Fantasy Zone ancora una volta subisce un assedio! Dark Menon è tornato e le sue forze sono più vigorose che mai! Guidate Opa Opa fra schiere di creature raccapriccianti e fermate per sempre i menon!
Super Hang-On (Japan, USA) (En,Ja)	Conto alla rovescia verso l'eccitazione. Le due terrificanti corse di &quot;Han g¬on&quot; manderanno sicuramente su di giri il motore. Se state correndo contro il tempo mentre vi fate strada attraverso I quattro continenti Combattere fino all'ultimo colpo contro un avversario su un circuito Speciale. Non c'è miglior brivido del ruggito delle motociclette che corrono con ritmo sicuro in sincronia con una guida veloce.
Super High Impact (USA)	Super High Impact è stato uno dei giochi di calcio più efficaci prima della creazione della serie NFL Blitz, con 18 squadre e oltre 30 giocate per squadra. Le versioni per console sono basate sull'omonima serie arcade Midway. Il gioco ha un Hit-O-Meter che spesso porta a massicce risse. Basato sul grande successo arcade dei tempi, con le tre famose parole: MANGIA QUESTO!!!, COMBATTI!!!
Super Hydlide (USA)	Entra nel regno dei miti e delle leggende con Super Hydlide. Il Consiglio del Paese delle Fate temeva che lo stesso male nelle leggende fosse tornato di nuovo. Tra loro c'era un vecchio saggio oracolo. Ha predetto la seconda venuta al male. Ha anche parlato di un giovane che potrebbe salvare Fairyland dalla sua più grave crisi. Un giovane è stato scelto per trovare la ragione e la fonte del male. Mentre le persone si riunivano per augurargli buona fortuna, non potevano fare a meno di chiedersi se avessero scelto quella giusta Quale destino attende il nostro eroe e Fairyland? Solo tu puoi rispondere a queste domande Combinazione unica di azione e gioco di ruolo La grafica del personaggio cambia con l'attrezzatura Fisica realistica del tempo e dei pesi Musica creata appositamente con suono stereo
Super Kick Off (Europe)	Super Kick Off è una versione migliorata del popolare gioco di calcio sviluppato da Dino Dini per console. Include 40 squadre (16 nazionali e 24 club), insieme alla possibilità di modificare i nomi e le maglie delle squadre dei club, i nomi e l'aspetto dei giocatori. Le modalità di gioco includono amichevoli, campionato nazionale e coppa (composta da otto squadre inglesi), campionato europeo (16 squadre europee) e coppa internazionale (torneo a otto squadre). L'allenamento permette di praticare calci di punizione, rigori o passare, tirare e dribblare senza opposizione.
Super Locomotive (World) (Mega Drive Mini 2, Genesis Mini 2)	&quot;Super Locomotive&quot; è un gioco d'azione a scorrimento laterale sviluppato da Sega e rilasciato per le sale giochi nel 1982. Il gioco è stato recentemente incluso nella collezione del Sega Genesis Mini 2 (conosciuto anche come Mega Drive Mini 2), rilasciata nel 2022. Nel gioco, il giocatore guida un treno da una stazione all'altra, evitando ostacoli come altri treni, aerei e segnali rossi. Il treno è armato con proiettili a vapore per distruggere bersagli aerei e uno scudo temporaneo per proteggere il treno per un periodo limitato. La colonna sonora del gioco presenta una versione chiptune della canzone &quot;Rydeen&quot; dei Yellow Magic Orchestra
Super Monaco GP (World) (En,Ja)	Lanciatevi su lunghi rettilinei e affrontate pericolosissime curve a gomito. Il gioco Super Monaco GP vi farà urlare concitati al volante della migliore macchina di Formula 1 al mondo lungo il circuito più rischioso mai esistito.
Super Skidmarks (Europe) (J-Cart)	Prova la rabbia rally totale con Super Skidmarks. Corri alla massima velocità, scivola, urla e distruggi il metallo delle auto sulle piste sterrate più difficili ideate! Scegli tra le impegnative modalità di gioco e divertiti con la potenza simultanea di quattro giocatori. 6 veicoli unici, oltre a modelli turbo definitivi di ciascuno: Legati a un'auto sportiva, sbranati con un monster truck o lanciati a palla/stlc su un guerriero bovino!
Super Smash T.V. (USA, Europe)	L'anno è il 1999. Il programma televisivo più popolare al mondo è Smash TV, una gara ultraviolenta tra due combattenti armati fino ai denti, scatenati in una serie di arene mortali che sono piene fino a scoppiare con orde di bestie senza cervello e robot assassini. Lo scopo del gioco è quello di far saltare tutto in vista e cercare di prendere più denaro e premi rispetto all'altro ragazzo. Tostapane, videoregistratori, auto lussuose e vacanze di lusso sono lì per essere prese... per chiunque possa sopravvivere abbastanza a lungo da godersele.
Super Street Fighter II (USA)	Questo è il sequel dei giochi di successo Street Fighter II Turbo e Street Fighter II Championship per SNES e Genesis. Questo port del gioco arcade comprendeva tutti e 4 i nuovi personaggi e livelli per un totale di 16 giocabili. Il gioco è stato confezionato in enormi cartucce 32Meg e 40Meg per SNES e Genesis. Presenta molte modalità multiplayer oltre alla modalità single player. C'è stata la battaglia di gruppo di eliminazione di ritorno in cui tu e un gruppo di persone avete giocato fino a quando una persona non era il campione. La Point Battle dove vince la persona con il maggior numero di punti. Le modalità più recenti includevano Torneo in cui avevi un torneo a doppia eliminazione da 8 persone. Infine la modalità Challenge, in cui hai cercato di ottenere il maggior numero di punti su un avversario CPU o di batterlo velocemente cercando di superare i record.
Super Thunder Blade (World)	Questo seguito di Thunder Blade è molto simile al gioco arcade originale. Sali sul tuo elicottero e spazza via i numerosi nemici con i tuoi cannoni e missili. Le quattro fasi seguono tutte uno schema simile: la prima parte è da una prospettiva dietro il tuo elicottero in cui non devi solo schivare il fuoco nemico ma anche ostacoli come edifici o caverne. Nel frattempo, affronta uno o due boss più piccoli. Quando la prima parte di un livello è terminata, la vista passa a una prospettiva dall'alto per il confronto con il boss finale del livello.
Super Volleyball (USA)	Super Volleyball è un gioco di pallavolo indoor per uno o due giocatori. La modalità per giocatore singolo offre due opzioni di gioco: gioco normale e World League. La scelta del gioco normale mette il giocatore contro il computer in una singola partita. La scelta di World League mette il giocatore contro tutte le altre squadre disponibili. In questa modalità è disponibile un salvataggio della password. Il gioco presenta otto squadre nazionali (USA, URSS, Brasile, Olanda, Francia, Italia, Giappone e Cina), con giocatori con nomi fittizi. I giocatori possono essere cambiati durante il gioco premendo C. C'è anche un'opzione per creare nuove squadre, scegliendo il nome della squadra, il colore, la posizione del giocatore e i nomi. Il gioco è visto da una prospettiva a scorrimento laterale, con la telecamera fissata sulla palla. Un piccolo radar nella parte superiore dello schermo mostra le posizioni dei giocatori di entrambe le squadre. I giocatori possono, bump, set, spike, dump, block e scavare. È disponibile anche una raccolta di servizi: underhand, overhand e jump serve. Ci sono anche opzioni per tre velocità della palla, punti iniziali (da 0 a 10, su 15) e handicap.
Superman (USA)	Superman è un platform d'azione per giocatore singolo per Sega Genesis. Nei panni dell'Uomo d'Acciaio, salti, colpisci e scalci attraverso diversi livelli, combattendo personaggi come Prankster, Metallo e Mr. Mxyzptlk per mantenere Metropolis al sicuro. Dopo i livelli iniziali, il malvagio Brainiac rapisce Lois Lane e la porta alla sua stazione spaziale. Alcuni livelli si svolgono in volo e ti consentono non solo di volare ma anche di sparare laser dagli occhi di Superman. A terra, puoi raccogliere icone che ti permettono di usare un super potere una volta, spesso un super pugno o un attacco rotante per rimuovere un ostacolo nel gioco.
Surging Aura (Japan)	In &quot;Surging Aura&quot;, interpreti il ruolo del giovane principe Muu, figlio del re del paese Pasfelda. Un giorno, durante un'importante cerimonia, il regno viene attaccato da un esercito di mostri. Il mago reale non ha altra scelta che usare la magia maledetta. Di conseguenza, appare il potente demone Rufid e sfida il principe a combattere. Sconfitto dal demone, il principe viene salvato da una forza misteriosa e viene teletrasportato fuori città, in un remoto villaggio, dove inizia davvero la sua avventura.
Swamp Thing (USA) (Proto)	Swamp Thing è un gioco inedito per Sega Mega Drive basato sull'omonima serie di fumetti DC. È stato sviluppato da Microsmiths e se fosse stato rilasciato, il gioco sarebbe stato pubblicato da Nuvision Entertainment. nnUn prototipo del gioco è stato scaricato da SegaAge nel novembre 2010. Rappresenta il gioco come uno scorrimento laterale in cui giochi come Swamp Thing che colpisce i nemici. Hai anche la possibilità di trasformarti in oggetti vicini come i tronchi. Sfortunatamente c'è solo una traccia musicale usata durante l'intero gioco e, a causa dei controlli rigidi, il gioco è molto difficile.
Sword of Sodan (World) (Evercade)	Come l'altro gioco di Søren Grønbech, Datastorm, Sword of Sodan era più noto dal punto di vista tecnico, poiché gli sprite erano grandi e dall'aspetto distintivo. Il tuo compito (come eroe o eroina) è detronizzare il tiranno Zoras il Negromante e vendicare la sua uccisione di tuo padre. nnCi sono 11 livelli da affrontare, con ambientazioni interne ed esterne. Il tuo personaggio ha una gamma di mosse di salto e taglio con la spada, che devono essere utilizzate per il loro pieno effetto se vuoi fare progressi. Il gioco presenta suoni e parole digitalizzati, oltre a una funzione di action-replay, un concetto insolito al di fuori dei giochi sportivi all'epoca.
Sword of Vermilion (USA, Europe)	Il cugino del gioco di ruolo di Sega Phantasy Star II, Sword of Vermilion contiene elementi di azione, avventura e giochi di ruolo in un'ambientazione fantasy medievale. Una prospettiva in terza persona, dall'alto verso il basso, viene utilizzata per spostarsi nelle città. Una visuale in prima persona viene utilizzata per i viaggi via terra al di fuori delle città. Per le sequenze di combattimento viene utilizzata una prospettiva laterale in terza persona (come Double Dragon o Final Fight). Il giocatore interpreta il ruolo di un giovane qualunque che scopre di essere davvero un principe e il figlio del defunto buon re Erik. È incaricato di viaggiare per la terra di Excalabria per raccogliere gli otto magici Anelli del Bene, sconfiggendo un certo numero di boss nemici sulla strada per affrontare il malvagio Re Tsarkon.
Syd of Valis (World) (Retro-Bit)	SYD of Valis è una versione modificata della piattaforma d'azione Valis II con un gameplay semplificato e un design grafico &quot;Super Deformed&quot;, adatto ai bambini. Nel gioco, si gioca nei panni di Yuko (Syd nella versione localizzata), una studentessa adolescente che può impugnare la spada magica di Valis e deve viaggiare nel mondo dei sogni di Vekanti per sconfiggere il male che si annida dentro di sé. Il gioco si gioca come una piattaforma d'azione a scorrimento laterale, in cui si evitano gli ostacoli correndo e saltando, e deve sconfiggere i nemici colpendoli con la spada. È possibile raccogliere potenziamenti che includono diversi tipi di armi e armature, tutti equipaggiabili in qualsiasi momento durante il gioco.
Sylvester & Tweety in Cagey Capers (USA, Europe)	Un altro titolo con licenza Warner Bros. Sei Sylvestro (il gatto) e devi catturare Titti (l'uccello). Questo gioco è un gioco di azione, platform a scorrimento laterale 2d. Per catturare titti dovrai risolvere molti enigmi, che diventano sempre più difficili man mano che avanzi nel gioco.
Syndicate (USA, Europe) (En,Fr,De)	Siamo nell'anno 2096, un periodo critico per la società a causa dell'emergere di diversi sindacati criminali che si contendono i loro territori nelle strade. L'azione si svolge in prospettiva isometrica e mette il giocatore in missione per armare agenti informatici per il combattimento. È possibile scegliere i tipi di armi che gli agenti utilizzeranno in questo confronto, essendo necessario per bilanciare le forze di attacco e difesa del tuo esercito.
T2 - Terminator 2 - Judgment Day (USA, Europe)	Il gioco consiste di diverse parti di azioni collegate tra loro. Tutte le parti sono diverse, ognuna somigliante a giochi tipici del genere (ad esempio: il 1 ° livello è come un picchiaduro con vista laterale). Tra ogni livello viene mostrato un piccolo filmato del film.
T2 - The Arcade Game (USA, Europe)	Il gioco sparatutto arcade n. 1 di tutti i tempi esplode su Genesis™. Sei un Terminator T-800 con una fantastica gamma di armi: mitragliatrice a fuoco rapido, fucile a pompa, razzi e un lanciagranate M-79. Blast endoscheletri e HKs.. terminare il metallo liquido T-1000 o essere TERMINATO!
Taikou Risshiden (Japan)	Taikou Risshiden è un gioco di simulazione di Koei nella serie Rékoeition. È stato rilasciato per la prima volta nel 1992 su vari computer giapponesi prima di essere portato su una varietà di piattaforme, inclusa una porta del 1993 su Sega Mega Drive che non è stata rilasciata al di fuori del Giappone.
TaleSpin (USA, Europe)	Volate nelle profondità dei cieli con quelle teste matte dei vostri amici Kite Baloo. Decollatepervincere lagaradi volopiù pazza del mondo con la famosa macchinavolanteSea Duckdella Higher for Hire. Il premio: un lucrosocontrattoditrasportoaereo!
Target Earth (USA)	Gioco di tiro spaziale ambientato nel futuro con la Terra sotto attacco da parte di robot. nnSei il pilota di un robot mech che può camminare sulla superficie del pianeta o volare nello spazio. Ci sono due tipi di livelli nel gioco. I livelli di superficie si svolgono su pianeti o lune e consentono al mech di correre e saltare fino alla fine del livello mentre combatte i nemici, come in un gioco a scorrimento laterale. I livelli spaziali non hanno gravità e consentono al mech di muoversi in qualsiasi direzione. Il mech può essere equipaggiato con un vasto assortimento di mitragliatrici, laser e granate.
Task Force Harrier EX (USA)	Un gruppo comunista clandestino in lizza per il dominio del mondo è riemerso dopo anni di clandestinità. Hanno sviluppato il caccia sperimentale TU-190, che ha una potenza di fuoco sufficiente per minacciare l'intero mondo libero, ed è diretto negli Stati Uniti. L'ONU invia un combattente solitario, Falcon, che deve sfondare le linee nemiche, distruggere il TU-190 e salvare il mondo libero dalla distruzione. Inizia l'operazione!
Taz in Escape from Mars (USA)	Taz è tornato ed è nei guai! Marvin il Marziano ha rinchiuso Taz nel suo zoo spaziale e tu devi farlo ritornare sulla terra attraverso 6 livelli di una mirabolante avventura interplanetaria, durante la quale compariranno delle mega star del calibro di Wile E. Coyote, Yosemite nnSpeedy Gonzales! nn
Taz-Mania (World)	Taz, il diavolo dalla Tasmania, è affamato e in cerca di preda! Ma l'area di caccia è piena di insidiosi ostacoli &quot;anti-Taz&quot;! Aiutate Taz ad affrontare i nemici e a superare le barriere. E ricordate, se non potete abbatterli, mangiateli!
Team USA Basketball (USA, Europe)	L'edizione 1992 della serie di basket di Electronic Arts è incentrata sulle Olimpiadi del 1992 a Barcellona e presenta l'originale &quot;Dream Team&quot; statunitense con giocatori leggendari come Michael Jordan, Magic Johnson, Larry Bird, David Robinson, John Stockton, Charles Barkley, Patrick Ewing e Carlo Malone. nnOltre alla squadra statunitense ci sono altre 13 squadre nazionali con roster reali. C'è anche una squadra &quot;All-World&quot; con i migliori giocatori non statunitensi. nnIl motore di gioco e le meccaniche di gioco vengono riutilizzati dai giochi precedenti della serie NBA Playoffs. Ci sono nuove mosse distintive e il gioco presenta le regole internazionali.
TechnoClash (USA, Europe)	A Ronaan, il Principe Mago, viene assegnato il compito di inseguire l'Uomo Motore (un'entità metà uomo e metà macchina che si è infiltrata nel magico Reame Interno) in un mondo che è stato invaso dalla tecnologia. Insieme alle sue guardie del corpo, Chazz e Farrg, e al suo spirito guida, Indar, Ronaan si unisce alla battaglia tra magia e tecnologia il cui esito determinerà il destino delle due dimensioni.
Technocop (USA)	&quot;IO AGISCO DA SOLO&quot; la D.O.A. I teppisti vogliono fermarmi, ma ho l'ordine di portarli dentro o di lasciarli morti. nnPer invogliare la loro collaborazione, il mio VMAX TWIN-TURBO Interceptor è equipaggiato con cannoni APACHE montati lateralmente e siluri nucleari PULSE a lungo raggio. nnConfeziona un AutoMag .95, progettato per l'esplosione interna di bersagli umani e un rullante TONARI. &quot;Gioco per vincere&quot;. - TECNOCOP
Tecmo Cup Football Game (Europe) (Proto)	Tecmo Cup Football Game è un gioco del 1992 per NES di Tecmo. Questo era il nome europeo; in America si chiamava Tecmo Cup Soccer Game. In Giappone, dove è nato il gioco, si chiamava Captain Tsubasa ed era basato sull'omonimo franchise mediatico. In quanto tale, piuttosto che essere una semplice simulazione di calcio, Tecmo Cup Football Game adotta un approccio più cinematografico/RPG allo sport, con il gioco reale presentato in modo cinematografico e le mosse effettuate scegliendo dai menu in un tempo limitato. nnUna versione con il nome europeo è stata programmata per il Sega Mega Drive nel 1993; solo Sega e Tecmo sono elencate come società coinvolte e la programmazione sembra essere unica per questo gioco. Il gioco non è stato rilasciato in nessuna regione; il motivo è sconosciuto.
Tecmo Super Baseball (USA)	Questo è il tentativo di Tecmo nel baseball dopo la loro serie Tecmo Bowl. Ha 700 autentici giocatori MLBPA tra cui Ken Griffey Jr., Tony Gwynn e Barry Bonds per citarne alcuni. Tuttavia, non dispone di una licenza MLB, quindi i soprannomi e i loghi delle città sono stati omessi, ma tutte le 28 squadre con statistiche del 1993 sono ancora incluse.
Tecmo Super Bowl (USA)	Tecmo torna sulla griglia con questa nuova versione di Tecmo Super Bowl per sistemi console a 16 bit. Gioca con giocatori e squadre reali della National Football League in questo gioco arcade 2D a scorrimento laterale. Tutte le funzionalità del gioco a 8 bit rimangono intatte, con l'aggiunta di nuove di zecca per un divertimento di calcio elettronico ancora maggiore! Le aggiunte includono elenchi aggiornati dei giocatori, opzioni per gli effetti meteorologici (pioggia, neve), più stagioni di gioco (tre pianificazioni della stagione regolare disponibili in tutto), durata del gioco regolabile e un playbook offensivo che può essere modificato anche durante una partita.
Tecmo Super Bowl II - Special Edition (USA)	Il seguito della prima versione a 16 bit di Tecmo Super Bowl. Include le vere squadre e giocatori della NFL e lo stesso gameplay di base delle puntate precedenti della serie. Ci sono anche una varietà di nuove funzionalità e miglioramenti minori, come prospettiva di gioco leggermente angolata, grafica del giocatore più grande, nuove animazioni di movimento, playbook espansi, calci/punt falsi, suoni e programmazione automatica basata sul record di vittorie e sconfitte precedenti anno.
Tecmo Super Bowl III - Final Edition (USA)	Entrata tardiva in quella che una volta era la prima simulazione calcistica, TSB III ha aggiornato i roster e le squadre per la stagione 1994-1995 ed è concesso in licenza sia dalla NFL che dal Players group. Presenta giocatori e foto reali della NFLP, il vero programma della NFL e le classifiche settimanali. Puoi cambiare formazioni difensive e offensive, creare il tuo Pro Bowl, finti punts e field goal, andare per la conversione da due punti e chiamare udibili. Gli aggiornamenti al gioco stesso includono nuovi schermi cinematografici, modalità superstar, sistema di agenzia gratuita, grafica migliorata, simulazione di campo più ampio, modalità di passaggio e voce e musica migliorate. Scorrimento orizzontale. Dispone anche di batteria tampone.
Tecmo Super Hockey (USA)	La versione di Tecmo dell'hockey su ghiaccio, Tecmo Super Hockey presenta la licenza della NHLPA, con i migliori giocatori del gioco in quel momento. Offre esibizioni e partite regolari, oltre a giocare una stagione con statistiche aggiornate e la possibilità di giocare anche all'All-Star Game. Il gameplay è simile ad altri giochi, con pulsanti per passare, sparare, fare schiaffi e colpi finti, oltre a combattere, che non è una caratteristica comune. Può essere giocato da due giocatori contemporaneamente.
Tecmo Super NBA Basketball (USA)	Tecmo Super NBA presenta squadre reali (tutte le 27 squadre contemporanee) e un elenco di giocatori reali (oltre 320). Uno o due giocatori possono competere in stagioni regolari, ridotte o brevi o giocare una partita di esibizione. Sebbene principalmente lo scorrimento orizzontale, il parlato e i cinema digitalizzati, insieme a un punto di vista del tiro libero, aggiungono drammaticità al procedimento. Oltre agli elementi previsti dal basket (sostituzioni, rigori, recuperi e stoppate, time-out, straordinari), Super NBA ti dà la possibilità di chiamare giocate offensive e di programmare record di vittorie/sconfitte. Ha una batteria per il backup della stagione.
Tecmo World Cup (USA)	Tecmo World Cup è un gioco di calcio che include esclusivamente squadre nazionali. Come indica il titolo, puoi giocare il torneo della Coppa del Mondo, che includerà anche un turno di qualificazione. Puoi scegliere la tua squadra da un pool di 24 nazioni, anche se l'assortimento non è identico al roster dell'ultima Coppa del Mondo al momento dell'uscita dei giochi. Inoltre, la qualificazione, a differenza della vera Coppa del Mondo, ha solo quattro squadre, poiché non partecipano altro che le 24 squadre disponibili. A parte la Coppa del Mondo, l'unica altra modalità per giocatore singolo è una partita amichevole contro una squadra scelta a caso.
Teddy Boy Blues (Japan) (Sega Game Toshokan)	Teddy Boy Blues è una conversione aggiornata del platform d'azione coin-op Sega del 1985. Sebbene la premessa di base sia simile alla versione del sistema principale (ogni livello contiene un numero di generatori di nemici e i nemici devono essere colpiti e raccolti prima di occupare una parte del contatore del tempo), questa versione del gioco presenta diverse differenze. La grafica è stata ridisegnata per sfruttare l'hardware più potente e il tie-in Yohko Ishino è stato rimosso. Ci sono anche diverse nuove fasi nel gioco, sebbene siano presenti anche molte delle fasi del gioco originale.
Teenage Mutant Ninja Turtles - The Hyperstone Heist (USA)	La nemesi delle Tartarughe, Shredder, ha acquisito l'IperPietra dalla dimensione X e sta usando i suoi poteri per rimpicciolire gli edifici della città. Sta minacciando di conquistare il mondo e sfida le Tartarughe a negarglielo, e così le tartarughe escono per batterlo un'altra volta. Un gioco d'azione picchiaduro standard delle Tartarughe Ninja.
Teenage Mutant Ninja Turtles - Tournament Fighters (USA)	Elimina la tavola da surf e alza la 'za. È una razza completamente nuova di tartarughe e sono ossessionate dal combattimento. Siamo dannatamente seri. Tournament Fighters porta la demolizione uomo contro uomo a nuovi livelli di intensità con 4 modalità di battaglie che producono dolore (Storia, 2 giocatori, Torneo e Pratica), guerrieri mortali, arene segrete, grafica sbalorditiva ed effetti sonori che ti faranno rabbrividire . Scontro con i cloni delle tartarughe creati da Krang. Casey Jones, April O'Neil, Ray Fillet e Sisyphus, oltre ai boss Triceraton, Android di Krang e Karai.
Tel-Tel Mahjong (Japan)	Tel-Tel Mahjong è un gioco di mahjong per computer, una delle tante conversioni dell'antico gioco cinese. L'attrazione principale di questa particolare versione è il gioco online tramite il Mega Modem, ma questo servizio è stato interrotto da tempo. Basato sulla versione a quattro giocatori del gioco, il giocatore può giocare contro tre giocatori del computer, e c'è sia una modalità partita normale con una vasta gamma di opzioni di gioco, sia una modalità classifica in cui il giocatore deve affrontare avversari sempre più abili .
Tel-Tel Stadium (Japan)	Tel-Tel Stadium è un gioco di baseball con squadre giapponesi generiche. L'attrazione principale di questa particolare versione è il gioco online tramite una linea telefonica, ma questo servizio è stato interrotto da tempo. A differenza di molte partite di baseball, Tel-Tel Stadium ha un approccio piuttosto pratico all'azione, consentendo al giocatore di dare comandi al battitore, al lanciatore e ai difensori invece di controllarli direttamente. Oltre alla modalità online ormai defunta, può essere giocata offline per giocatore singolo con una partita di esibizione, così come una &quot;modalità gagliardetto&quot; in cui il giocatore costruisce la propria squadra e gioca per un'intera stagione. C'è anche la possibilità di guardare una partita controllata dal computer.
Terminator, The (USA)	Kyle Reese, un guerriero solitario dal futuro. ritorna nel passato per proteggere la sola donna che possiede la chiave per la sopravvivenza della razza umana. Insieme devono affrontare non solo tutto cloche Los Angeles scaglia contro di loro anche la terribile forza di un cibernetico conosciuto come il TERMINATOR... che pur di ucciderli non si fermerà davanti a niente.
Tetris (Japan) (En) (Mega 6)	Tetris è una delle tante conversioni del famoso gioco di stacking a blocchi, questa è basata sulla versione coin-op del 1988 prodotta da Sega. L'obiettivo è posizionare i pezzi composti da quattro tessere in un pozzo dieci per venti, organizzandoli in file complete, che poi scompaiono. Man mano che le righe vengono cancellate, il ritmo del gioco aumenta e lo sfondo cambia e il gioco termina se la pila raggiunge la cima del pozzo. Oltre a una modalità infinita standard per uno o due giocatori, il gioco include anche una modalità &quot;cronometro&quot; per uno o due giocatori, dove l'obiettivo è quello di ottenere il maggior numero di punti possibile in tre minuti. C'è anche una modalità &quot;raddoppia&quot;, in cui due giocatori lavorano insieme per riempire le linee in un pozzo extra-largo, ognuno controllando i propri pezzi simultaneamente. Il gioco offre una serie di opzioni standard: impostare il livello di partenza, quanta &quot;spazzatura&quot; è in fondo al pozzo quando il gioco inizia e se il pezzo successivo è visibile. Ci sono anche &quot;blocchi oggetto&quot; opzionali, che sono pezzi lampeggianti speciali che danno un bonus extra se vengono usati per cancellare una linea.
Tetris (USA) (Mega Drive Mini, Genesis Mini)	Tetris è una delle tante conversioni del famoso gioco di stacking a blocchi, questa è basata sulla versione coin-op del 1988 prodotta da Sega. L'obiettivo è posizionare i pezzi composti da quattro tessere in un pozzo dieci per venti, organizzandoli in file complete, che poi scompaiono. Man mano che le righe vengono cancellate, il ritmo del gioco aumenta e lo sfondo cambia e il gioco termina se la pila raggiunge la cima del pozzo. Oltre a una modalità infinita standard per uno o due giocatori, il gioco include anche una modalità &quot;cronometro&quot; per uno o due giocatori, dove l'obiettivo è quello di ottenere il maggior numero di punti possibile in tre minuti. C'è anche una modalità &quot;raddoppia&quot;, in cui due giocatori lavorano insieme per riempire le linee in un pozzo extra-largo, ognuno controllando i propri pezzi simultaneamente. Il gioco offre una serie di opzioni standard: impostare il livello di partenza, quanta &quot;spazzatura&quot; è in fondo al pozzo quando il gioco inizia e se il pezzo successivo è visibile. Ci sono anche &quot;blocchi oggetto&quot; opzionali, che sono pezzi lampeggianti speciali che danno un bonus extra se vengono usati per cancellare una linea.
Theme Park (USA, Europe) (En,Fr,De,Es)	In Theme Park, il giocatore deve gestire un parco divertimenti. Per svilupparlo, deve attirare il massimo numero di visitatori che desiderano un parco divertente ma pulito. Per fare ciò, è possibile costruire una serie di attrazioni, dai castelli gonfiabili alle montagne russe... Il giocatore può anche costruire negozi come distributori di bevande, patatine, gelati... Il giocatore dovrà gestire prezzi, scorte e altri parametri. La ricerca di nuove attrazioni e negozi è possibile investendo nella ricerca. Si possono anche cercare nuove decorazioni (alberi, fiori) o infrastrutture (pattumiere, servizi igienici...). Anche la gestione del personale fa parte del processo: si dovranno assumere meccanici, guardie di sicurezza, animatori e addetti alle pulizie. La qualità del loro lavoro dipenderà ovviamente dalla loro retribuzione.
Thomas the Tank Engine & Friends (USA)	Controlla il trenino Thomas mentre organizza vari viaggi: portare i bambini al mare, medicine all'ospedale o consegnare la posta. Fai attenzione ai vicoli ciechi, ai passaggi a livello, ad altri treni e veicoli lungo il tuo percorso! Basato sulla famosa serie televisiva e ferroviaria, questo gioco è progettato per bambini dai 3 anni in su.
Thunder Force II (USA, Europe)	Diciotto armi fa, il pianeta Nebula fù attaccato da Lone Star System, il nemico principale dell'Interplanetary Federation La sua popolazione nnfu decimata ed i pochi sopravvissuti furono pronti a dare la vita per proteggere il loro futuro. Eccoci in quell'era. nn
Thunder Force III (Japan, USA) (En)	La famosa serie di sparatutto Thunder Force giunge al suo terzo capitolo. Otto nuovi livelli di azione non-stop, piena come sempre di boss giganti La caratteristica peculiare di Thunder Force, cioè la capacità di cambiare armi a piacimento, non è cambiata con questo terzo capitolo, ma l'originale mix tra livelli a visuale dall'alto e a scorrimento orizzontale che caratterizzava il secondo episodio della serie è stato abbandonato, per tornare ad una più tradizionale struttura composta solo da livelli a scorrimento orizzontale.
Thunder Fox (USA)	In 19xx, il mondo è sopraffatto da una tempesta di terrorismo e il potere malvagio dell'invasione si estende su terra, cielo e mare. Tuttavia, ci sono uomini coraggiosi che combattono contro di essa per aver sedato una tempesta. La squadra antiterrorismo di Thunder e Fox è chiamata a completare una serie di missioni, che vanno dall'infrangere la barriera nemica e distruggere i loro elicotteri, fino alla distruzione del quartier generale del nemico.
Thunder Pro Wrestling Retsuden (Japan)	Thunder Pro Wrestling Retsuden è uno spin-off della popolare serie Fire Pro Wrestling di Human e l'unico titolo della serie ad apparire sul Mega Drive. Come gli altri giochi Fire Pro, è un gioco di wrestling in stile arcade con un elenco di lottatori immaginari. Il gioco include una modalità standard World Championship in cui il giocatore sceglie un wrestler e combatte per vincere il titolo. C'è anche una modalità &quot;Eccitante&quot; in cui uno o due giocatori possono giocare una singola esibizione o un incontro di coppia contro il computer o l'uno contro l'altro, una modalità Eliminazione in cui ogni giocatore sceglie una squadra di cinque lottatori e una modalità &quot;Handicap&quot; in cui uno il combattente deve affrontare da solo un tag team.
Tick, The (USA)	Preparati a indossare i tuoi collant blu attillati. I ninja hanno bisogno di essere picchiati, i boss hanno bisogno di essere picchiati! Questo gioco non è tanto un gioco di piattaforma quanto un gioco di combattimento (pensa a Streets of Rage). Corri per i livelli evitando oggetti volanti appuntiti e combattendo tutti i nemici che si mettono sulla tua strada, inclusi i numerosi boss. Se sei in una situazione difficile puoinnchiama Arthur per aiutare a sconfiggere tutti i nemici che sono sullo schermo. Il gioco viene presentato in una normale vista platform 2D quando salti da un edificio all'altro, ma cambia in una vista semi-isometrica quando inizi a combattere. Probabilmente ti piacerà se ti piace Streets of Rage.
Time Killers (USA)	Time Killers è un picchiaduro uno contro uno con un gameplay simile a Mortal Kombat e Street Fighter 2. nnCiò che è principalmente diverso è che puoi attaccare con tutte le parti del corpo: la testa, entrambe le braccia e entrambe le gambe. Un sistema di danno consente di tagliare le braccia, ma i combattenti possono andare avanti solo con le gambe e la testa. Una caratteristica speciale consente ai personaggi di eseguire una manovra di decapitazione chiamata &quot;mossa della morte&quot; (simile a Barbarian), in qualsiasi momento durante un round, uccidendo istantaneamente un avversario e quindi terminando il round. Il gioco presenta sangue esagerato e violenza cruenta da cartone animato.
Time Trax (USA) (Proto)	Il Dr. Mordicai Sahmbi è il capo di Trax e la mente dietro un complotto per controllare il mondo nel nostro tempo inviando criminali dall'anno 2193. Sahmbi ha sintetizzato T.X.P. la sostanza chimica necessaria per rimandare le persone indietro nel tempo. Sahmbi ha un laboratorio segreto sotto lo Smithsonian Institute. nnSepp Dietrich è il principale sospettato di 12 attentati politici. È molto instabile e deve essere riportato al 2193. nnIl tuo obiettivo principale in questa missione è trovare questi due uomini e restituirli per punizione nel 219
Tinhead (World) (QUByte Classics)	Ai confini dell'universo, il malvagio goblin intergalattico Grim Squidge ha catturato e imprigionato tutte le stelle. Ora li ha dispersi su pianeti lontani. Mentre ciò accade, una stazione spaziale vicina riceve un segnale di soccorso. Tinhead, guardiano del confine dell'universo, sente le grida di aiuto e si precipita in soccorso.
Tintin in Tibet (Europe) (En,Fr,De,Es,Nl,Sv)	Le avventure di Tintin racconta la storia di un reporter che non ha paura del pericolo. In questo gioco basato sul fumetto, Tintin è in vacanza sulle Alpi francesi e scopre attraverso il giornale un incidente aereo nella regione del Tibet. Di notte, il reporter sogna che il suo amico Chang è sull'aereo e ha bisogno del suo aiuto. Dopo aver confermato i suoi sospetti, il giovane si mette in viaggio per salvare il suo amico, affrontando fasi progressive con enigmi lungo il percorso. Dovrete scalare scogliere, pareti rocciose, laghi pericolosi e persino scalare un ghiacciaio con il vostro amico Capitano Haddock alla ricerca di Chang.
Tiny Toon Adventures - ACME All-Stars (USA, Korea) (En)	Tiny Toon Adventures: Acme All-Stars presenta tutti i soliti personaggi della serie animata Tiny Toon Adventures. Sono disponibili diverse opzioni di gioco. I due giochi principali sono il calcio e il basket. Entrambe queste opzioni ti consentono di scegliere la tua squadra di 4 personaggi e di scegliere le loro posizioni di gioco. Puoi quindi scegliere tra 5 diverse arene sportive. Gioca contro la CPU o contro un amico. La modalità Storia vede una squadra predeterminata competere in diversi eventi all'Acme Looniversity Tournament. Infine ci sono tre giochi secondari da giocare: Obstacle Course, 10 Pin Bowling e Montana Hitting (come le macchine &quot;colpisci i mostri pop-up con un martello&quot;, che vedi nelle sale giochi).
Tiny Toon Adventures - Buster's Hidden Treasure (USA)	Oltre ai cartoni più divertenti in televisione, l'equipaggio della ACME City ha deciso di prepararsi per i videogiochi. Tutto è iniziato quando Buster ha deciso di riparare il seminterrato della Looniversity ACME e improvvisamente ha trovato una mappa del tesoro. Ma il terribile Valentino ha colpito ancora! Ha rubato la mappa e, non contento, ha ottenuto un elmetto speciale per costringere la banda a cercare il tesoro. Pensi che sia tutto qui? No, stavolta Valentino è andato oltre... ha rapito Babs e i suoi amici per tenere occupato il nostro amico. Sì, questa volta Buster è nei guai. Ma molto divertenti! Ci saranno 33 livelli eccitanti e l'isola in cui si trova il tesoro presenta pericoli dovunque! Per fortuna, Buster può contare su Godo Dodo ... e su di te! O lascerai solo il tuo amico in questo problema ACME?
TNN Bass Tournament of Champions (USA) (Rev 1)	A partire dalle 7.30 del mattino, il giocatore ha tempo fino alle 16 per prendere una barca sul lago e pescare la spigola per battere i concorrenti. L'imbarcazione può essere governata liberamente utilizzando una vista dall'alto verso il basso fino a quando non è stato trovato un punto appropriato controllando il monitor di Lowrance. Il gioco passa quindi alla visuale in prima persona, mostrando anche il pescatore da una visuale laterale su una parte separata dello schermo, ed è possibile guardarsi intorno nell'ambiente. Il lancio viene eseguito utilizzando un misuratore di potenza per determinare la distanza. Quando l'esca affonda, è possibile controllare un monitor per i pesci nelle vicinanze. Ci sono anche indizi visivi attraverso gli spruzzi d'acqua. Il giocatore può controllare la profondità e riavvolgere quando necessario. Quando un pesce è stato catturato, diventa sensibile la tensione del filo, e bisogna assicurarsi che non si spezzi. Alla fine della giornata la barca può tornare nell'area di pesatura, per determinare i risultati. Il denaro guadagnato nei tornei può essere utilizzato per acquisire nuovi mulinelli da spin, mulinelli da esca, barche, lenze ed esche.
TNN Outdoors Bass Tournament '96 (USA)	TNN Outdoors Bass Tournament '96 è il seguito di TNN Bass Tournament of Champions. Condivide molti elementi con il gioco per PC con lo stesso nome, ma quella versione ha una mappa in stile isometrico e una vista 3D completa per le sequenze di pesca. Proprio come il gioco originale, è un simulatore di pesca che consente al giocatore di accedere a una modalità di pesca gratuita o di partecipare a un torneo di pesca. In primo luogo, è necessario acquistare l'attrezzatura. Si compone di esche, canne, mulinelli, linee e barche. Gli oggetti migliori possono essere acquisiti solo vincendo denaro nei tornei.
Todd's Adventures in Slime World (USA)	Mentre voli con la tua astronave, atterri su un pianeta completamente ricoperto di melma. Tu e un amico esplorate il labirintico pianeta della melma, armati di una pistola ad acqua e tutti i tipi di gadget che trovate lungo la strada, nel tentativo di ritrovare la via d'uscita. Il mondo di gioco è un labirinto gigante con aree nascoste bizzarre e molte idee di layout originali. A seconda della modalità di gioco, stai cooperando o gareggiando con il tuo &quot;amico&quot; per trovare e raggiungere prima un'uscita. A causa delle enormi dimensioni dei mondi slime (circa 6 voci tra cui scegliere), i giochi richiedono spesso diverse ore per essere completati.
ToeJam & Earl (USA, Europe, Korea) (En)	Toejam e Earl sono due alieni alla moda del pianeta Funkotron. Un giorno, stanno attraversando la loro galassia con il dolce viaggio in astronave. Sfortunatamente, Earl non stava prestando abbastanza attenzione a dove stava guidando e fece precipitare la nave contro un asteroide. La nave si schiantò sul pianeta più bizzarro della galassia: la Terra. Toejam ed Earl devono viaggiare da un livello all'altro sulla Terra e raccogliere i 10 pezzi sparsi della nave. Ma i vari terrestri, come Nerd Herds, Giant Hamsters, Phantom Ice Cream Trucks e Bogeyman renderanno questo difficile. Gli oggetti potenziati che TJ ed E possono raccogliere si presentano sotto forma di regali incartati. Non sai mai cosa sia un potenziamento finché non lo apri. Inoltre, i livelli casuali e le posizioni degli oggetti rendono ogni volta un gioco diverso.
ToeJam & Earl in Panic on Funkotron (USA)	Il sequel di ToeJam & Earl inizia dove finisce il primo gioco. I due stravaganti alieni hanno finalmente raccolto tutte le parti del loro razzo e hanno lasciato la Terra per il loro pianeta natale Funkotron. Accidentalmente, alcuni terrestri riescono ad aggrapparsi alla loro astronave e ad arrivare a Funkotron con loro.
Toki - Going Ape Spit (USA, Europe)	Le mani di Bashtar hanno strappato Moho al suo amato Toki. Toki non sta meglio: è stato trasformato in una scimmia dallo stregone Vookimedlo. Toki deve ora salvare il suo amore e trovare un modo per tornare uomo. Toki ha diversi livelli: il labirinto di grotte, il lago di Nettuno, le grotte di fuoco, il palazzo di ghiaccio, la giungla oscura, il palazzo d'oro... L'attacco principale di Toki contro i suoi nemici è lo sputo, ma può anche saltargli addosso per sconfiggerli. Il normale sputo di Toki può essere trasformato in un'esplosione di fuoco trovando l'oggetto giusto. Altri oggetti includono un casco da calcio che protegge temporaneamente Toki, scarpe per il salto in alto, orologi che aggiungono tempo, monete che aumentano il numero di vite, ecc.
Tom and Jerry - Frantic Antics! (USA)	Tom e Jerry, il famoso duo gatto e topo dei cartoni animati, hanno smesso di litigare per una volta. La loro amica, la giovane Robyn, è stata rapita e tocca a loro salvarla. Partendo dalla periferia, la squadra del gatto e del topo deve farsi strada attraverso otto fasi di azione platform, muovendosi attraverso la città e in montagna, raccogliendo nel frattempo pesce e formaggio e trovando occasionalmente palloni da calcio per eliminare i loro nemici. Il gioco può essere giocato a giocatore singolo, da solo come Tom o a due giocatori simultanei con Tom e Jerry che fanno squadra.
Tom Mason's Dinosaurs for Hire (USA)	&quot;Dinosaurs For Hire&quot; non ha davvero una trama. Mostri sconosciuti e strane creature robotiche attaccano la Terra. Per qualche ragione, gli unici che possono fermare l'invasione sono i tre Dinosauri a noleggio: Archie, un tirannosauro rex e il loro capo; il triceratopo Lorenzo, amante del buon cibo, del buon vino e dei bei vestiti, e lo stegosauro con un occhio solo e imprevedibile Reese. Ogni dinosauro ha i suoi punti di forza e di debolezza.
Tommy Lasorda Baseball (USA)	Questo è stato il primo carrello da baseball a 16 bit sul mercato. Gioca da solo o con un amico. Scegli tra una delle 26 squadre della Major League. Il gioco utilizza tutti i nomi di città reali, ma le statistiche e i nomi dei giocatori sono fittizi. Una volta in campo, il gioco segue le regole standard del baseball. La funzione password ti consente di portare la tua squadra per tutta la stagione alle World Series. Il gioco tiene traccia anche di tutte le altre squadre del campionato contemporaneamente.
Tony La Russa Baseball (USA, Australia)	Baseball di Tony La Russa presenta oltre 500 giocatori reali, mantiene statistiche con 14 categorie e offre ai giocatori la possibilità di guardare, gestire o giocare una partita. Il gioco ha supportato STATS (Sports Team Analysis & Tracking Systems) per compilare statistiche, insieme a un lanciatore digitalizzato e animazioni del battitore per farlo sembrare più realistico.
Top Gear 2 (USA)	Questo gioco di corse in terza persona assomiglia alla precedente serie Lotus di Gremlin, in termini di aspetto generale, fino al carattere del testo utilizzato nel gioco. Il tuo compito è quello di correre attraverso 16 paesi, ognuno dei quali presenta quattro gare, con molti circuiti del mondo reale ricreati in luoghi incongrui (come il layout di Monza ad Ayers Rock e il vecchio Hockenheim a Vancouver).
Top Pro Golf (Japan) (En)	Top Pro Golf, proprio come il suo sequel, è un simulatore di golf senza fronzoli. Il gioco funziona proprio come il suo successore e offre un campo fittizio, diversi giocatori di golf tra cui scegliere, giocate a colpi e partite contro il computer o un amico e una modalità torneo per due giocatori.
Total Football (Europe)	Prende il nome dalla tattica inventata da Rinus Michels e dalla loro squadra olandese &quot;Arance Meccaniche&quot; degli anni '70, Total Football è un gioco di competizione internazionale che include 52 squadre (inclusa una squadra all-star) e competono in un campionato di 16 squadre, 32 squadre a eliminazione diretta e un torneo a 32 squadre simile alla Coppa del Mondo.
Toughman Contest (USA, Europe)	Toughman Contest è un gioco basato sull'omonima competizione di boxe di fama mondiale. Scegli uno dei 24 combattenti, gareggia in una delle 5 località di tutto il mondo e ricrea il torneo Toughman come visto in TV. nnL'azione di boxe è vista da dietro la schiena del combattente che controlli. Il tuo combattente è reso come un contorno, così puoi vedere cosa sta facendo il tuo avversario e reagire di conseguenza. Le partite di Toughman consistono in tre round da un minuto. Il tuo obiettivo è mettere KO il tuo avversario facendo diminuire il suo metro di resistenza fino al punto in cui cade, o picchiandolo abbastanza da farti segnare il vincitore alla fine del terzo round.
Tougi Ou - King Colossus (Japan)	La storia di &quot;King Colossus&quot; è semplice: sei un giovane combattente che vive in una piccola casa da qualche parte in un continente fantastico e che è stato cresciuto dal saggio locale. Ora, quando è diventato abile nel combattimento con la spada, il saggio lo manda nella pericolosa Grotta Sud, per sconfiggere i mostri che la popolano. Visitando luoghi diversi, l'eroe combatterà contro mostri ancora più temibili, finché non sfiderà finalmente il male supremo. nn&quot;King Colossus&quot; è un'avventura top-down con combattimenti d'azione ed elementi RPG leggeri. Combatti i mostri equipaggiando armi e facendole oscillare in tempo reale. C'è una varietà di accessori e oggetti da trovare nel gioco, così come diversi ostacoli da superare nei sotterranei.
Toxic Crusaders (USA)	Basati sull'omonima serie di cartoni animati di Troma, i Toxic Crusaders proteggono la città di Tromaville dalle trame dell'alieno Dr. Killemoff e dei suoi Radiation Rangers. Cioè, fino a quando Killemoff non catturerà tutti i Toxic Crusaders tranne uno. Nei panni di Toxie, devi &quot;assorbire&quot; le forze di Killemoff attraverso 6 livelli e salvare i suoi compagni prima che sia troppo tardi. nnIl gioco è orientato all'azione. Le uniche abilità di Toxie sono saltare e farsi strada tra i nemici a pugni. Inizialmente inizia con un'arma da scopa, che può essere facilmente persa.
Toy Story (USA)	Questo gioco è basato sul film &quot;Toy Story&quot;. Ti imposta come personaggio di Woody mentre salti, dondoli e guidi fino alla fine di ogni livello. Ogni livello contiene scene familiari del film. Il gameplay consiste nel tipo platform sidescrolling. Usi la corda di Woody per sconfiggere nemici come squali, Mr. Potatohead e Ham. Dopo ogni livello, vieni ricompensato con dei fotogrammi del film.
Toys - Let the Toy Wars begin! (USA)	Toys è basato sull'omonimo film con Robin Williams, Joan Cusack e LL Cool J. Interpreti come il personaggio di Williams, Leslie Zevo, un bambino nel cuore e un creatore di giocattoli che sta combattendo contro suo zio Lt. General Leland (interpretato in il film e raffigurato nel gioco da Michael Gambon) e i suoi dementi giocattoli da guerra che fungono anche da armi di distruzione di massa, con il tuo assortimento di giocattoli. Lo fa per riprendersi la fabbrica che suo zio ha deformato quando ha ereditato da suo fratello quando è morto.
Trampoline Terror! (USA)	Nei panni della ginnasta titolare &quot;Trampoline Terror&quot;, tocca al giocatore porre fine alla minaccia aliena che ha rapito la regina del pianeta Ahas. Per portare a termine questo compito, il giocatore deve disinnescare le bombe camminando sugli interruttori di autodistruzione evitando di essere colpito dai nemici. Il giocatore può saltare su piastrelle e trampolini per prendere le distanze da eventuali nemici in arrivo, anche se i trampolini possono essere saltati solo poche volte prima che si rompano e diventino un buco in cui il giocatore può cadere e morire. Il giocatore può anche scegliere accumula un numero limitato di P-Ball in ogni livello e usali per eliminare i nemici.
Traysia (World) (Evercade)	In &quot;Traysia&quot;, controlli un giovane di nome Roy, che vive nella città Johanna. Per tutta la vita Roy ha sognato di lasciare la città ed esplorare terre lontane. Ora, finalmente, è arrivata la sua occasione. Suo zio, un mercante ambulante, sta partendo per un viaggio e Roy decide di partire con lui. La sua ragazza Traysia gli regala un ciondolo, per ricordargliela... riuscirà Roy a fuggire da tutti i pericoli che lo attendono nel suo lungo viaggio e a rivedere Traysia? Il gioco è un gioco di ruolo basato su una festa con nemici incontrati casualmente
Triple Play - Gold Edition (USA)	Triple Play: Gold Edition è un aggiornamento del titolo dell'anno precedente. Sembra e suona molto simile al titolo precedente, inclusa la vista in battuta ravvicinata e il monitoraggio completo delle statistiche. Il gioco presenta una licenza MLBPA, con un elenco completo della stagione 1996 e statistiche basate sulla stagione 1995. Inoltre, questo aggiornamento aggiunge un nuovo livello di difficoltà &quot;pro&quot; per i giocatori esperti e, proprio come il titolo precedente, consente anche a un massimo di quattro giocatori di giocare.
Triple Play 96 (USA)	Triple Play 96 è una delle prime voci della serie Triple Play di EA che presentava una licenza MLB e MLBPA completa con molti dei migliori giocatori della stagione 1995 insieme a stadi autentici di tutte le 28 squadre MLB insieme a 2.500 fotogrammi di animazione per dare il gioco una sensazione più realistica. Sono presenti molte delle opzioni standard come esibizione, stagione, playoff, ecc. Insieme a una batteria di riserva che può tenere traccia estesa su 25 diverse categorie di statistiche e dispone di 12 campi unici che possono essere scelti durante il gioco. I giocatori possono anche creare il proprio giocatore di baseball e usarli nel gioco o sfidare quattro amici.
Trouble Shooter (USA)	Il figlio di re Frederick ed erede al trono, il principe Eldon, è stato rapito da Blackball, un malvagio genio delle armi militari. Proprio mentre il disastro internazionale sembra imminente, il colonnello Patch chiama il &quot;Trouble Shooter&quot; per prendersi cura di Blackball e dei suoi malvagi servi robot. Gioca nei panni di Madison e del suo fedele aiutante Crystal in questa avventura d'azione a scorrimento laterale che ti porta attraverso 5 livelli del dominio di Blackball fino alla mente stessa. Madison sarà in grado di sconfiggere Blackball e salvare il principe Eldon in tempo?
Troy Aikman NFL Football (USA)	Tu e un tuo amico potete diventare giocatori di punta della NFL o scegliere di allenare una squadra in questa interpretazione realistica del gioco del football americano, approvata dall'ex quarterback dei Dallas Cowboys e campione del Super Bowl, Troy Aikman. Scegli di giocare da solo contro il sistema o di giocare uno contro l'altro.
True Lies (World)	Assumi il controllo della pistola armata di Arnie in questo sparatutto a scorrimento dall'alto verso il basso. Arnie affronta i terroristi usando una varietà di armi in tutti i luoghi del film. In ogni luogo hai una missione, come recuperare dati o catturare un terrorista, che di solito comporta la ricerca del tuo obiettivo mentre invii nemici e cerchi di ridurre al minimo le vittime civili. L'enfasi è sull'azione e sulle armi, in particolare le preferite di Arnold: lanciafiamme e uzi. Ha anche un tiro di tuffo per aiutarlo a schivare i proiettili nemici e tornare indietro con le pistole in fiamme.
Truxton (World)	Truxton è uno dei primi sparatutto a scorrimento 2D. Originariamente un gioco arcade, la versione Genesis/Megadrive, era l'unico home port del gioco rilasciato negli Stati Uniti d'America e in Europa. Il gioco è stato rilasciato anche come &quot;Tatsujin&quot; su PC Engine in Giappone. Il gioco presenta i soliti sfondi a scorrimento verticale, più round/livelli, miriadi di combattenti nemici, grandi cannoni e power-up.
Turbo OutRun (Japan, Europe) (En)	Il seguito di OutRun, presenta un gameplay di base simile all'originale, con l'azione vista da dietro l'auto, e la sfida consiste nel completare ogni fase entro il limite di tempo. Il contatto può far girare, rallentare o persino capovolgere l'auto; in ogni caso perderai tempo. Ci sono 16 palchi ambientati negli Stati Uniti, che si spostano gradualmente da est a ovest, tutti rappresentati visivamente in modo diverso. Dopo ogni 4 livelli, entri in una schermata del negozio, con una scelta di aggiornamenti. Come suggerisce il titolo, ora hai un turbo booster installato, che accelera l'auto, anche se un uso eccessivo può causare il surriscaldamento del motore e non viene ricaricato fino a ogni sezione del negozio. Hai 5 continue, e il mancato completamento del corso entro il limite di tempo ti costa uno.
Twin Cobra - Desert Attack Helicopter (USA)	Conversione del gioco originale Toaplan, questa conversione è basata sulla versione giapponese per 1 giocatore (Ultimate Tiger). Piloti l'elicottero d'assalto TC-17 Twin Cobra per combattere le forze del comandante Anziga, il miope leader della nazione di Kaban. Il tuo compito è volare a Kaban e distruggere l'intera base militare del comandante Anziga. Combatterai piccoli elicotteri, carri armati e cannoni fissi, sconfiggerai i grandi elicotteri per ottenere potenziamenti. Raccogliendo icone colorate (blu, gialla, rossa o verde) puoi passare a diversi tipi di armi. Il blu è un tiro in avanti, il giallo è un tiro a quattro vie, il rosso è un tiro laser in avanti ampio e il verde è un tiro laser in avanti continuo.
Twin Hawk (Japan, Europe) (En)	Twin Hawk è un tipico sparatutto a scorrimento verticale con vista dall'alto. Il tuo obiettivo è facile, spara a tutti i nemici lungo la strada. Hai solo una pistola standard sul tuo aereo e niente bombe! Invece delle bombe puoi chiamare gli aerei ausiliari. Questi aerei formano una formazione intorno a te e aiutano a sparare a tutti i nemici. Lungo la strada hai la possibilità di raccogliere potenziamenti sparando ai camion di trasporto. Quando questi vengono distrutti rilasciano un potenziamento. Ci sono 3 tipi. Il primo è l'aggiornamento dell'arma, con questo ottieni un tiro più ampio e più potente. In secondo luogo, ricevi più chiamate per aerei ausiliari. E il terzo sono vite extra.
Twinkle Tale (Japan)	Twinkle Tale, uno sparatutto fantasy a scorrimento dall'alto, mette il giocatore nel ruolo della giovane strega Saria, in una missione per liberare la sua magica isola galleggiante dalle creature malvagie che l'hanno invasa. Il gioco è giocato da una prospettiva dall'alto, con Saria che ha completa libertà di movimento in tutte le direzioni e con l'obiettivo di eliminare tutti i nemici in tutte e 9 le fasi, saccheggiare qualsiasi tesoro tu possa trovare e sconfiggere il boss di ogni fase. Le armi offensive di Saria sono predefinite come tre diversi incantesimi, a cui puoi passare liberamente in qualsiasi momento e salire di livello raccogliendo stelle del potere, oltre a bombe che cancellano lo schermo.
Two Crude Dudes (World) (Evercade)	Dopo un'esplosione nucleare, New York ha bisogno di essere ricostruita. Questo è appena iniziato quando la banda della &quot;Big Valley&quot; entra e prende il pieno controllo. Il governo invia un paio di uomini pesanti conosciuti come i Crude Dudes per eliminarli. Nei panni di uno di questi Crude Dudes, devi percorrere strade difficili ed eliminare la gente di Big Valley, distruggendo i loro veicoli ed evitando la forza delle loro armi. I nemici includono lupi mannari, scheletri e gobbi. Il gameplay è essenzialmente un picchiaduro in stile Streets of Rage guidato, con boss in ogni livello.
Two Tribes - Populous II (Europe)	Populous II continua il genere del &quot;gioco divino&quot; introdotto dal classico Populous di Bullfrog. In PII, sei un immortale non provato che deve farsi strada attraverso un intero pantheon di divinità greche, ognuna con la propria strategia e attacchi, e alla fine entrare in uno scontro con Zeus stesso. Le meccaniche di gioco sono simili a Populous, ma PII presenta una gamma più ampia di incantesimi, suoni digitalizzati e grafica ad alta risoluzione per dare un tocco in più agli effetti degli incantesimi. Il multiplayer è supportato tramite collegamento seriale e dial-up.
Uchuu Senkan Gomora (Japan) (En)	Il pianeta Atlantal viene attaccato da una razza aliena chiamata appunto The Aggressors e, per prevenire l'annientamento, l'alto comando del pianeta decide di mettere in azione la sua arma da combattimento più potente, la Bio-Ship Gomora. Questo è un altro sparatutto molto particolare portato dalle sale giochi su Mega Drive, in cui i potenziamenti possono aumentare o diminuire le dimensioni dell'astronave. È possibile sparare in qualsiasi direzione e il gioco supporta due giocatori simultanei.
Ultimate Mortal Kombat 3 (USA)	Ultimate Mortal Kombat 3 combina il meglio di tutti i Mortal Kombats in un'unica cartuccia. Sono immediatamente disponibili 23 personaggi giocabili, come Reptile, Cyrax, Scorpion, Sub-Zero, Jax, Katana, Sonya e altri. Ci sono due boss sbloccabili, oltre a personaggi aggiuntivi. C'è una varietà di nuovi livelli, alcuni dei quali sono interattivi. I personaggi possono picchiare qualcuno, facendolo colpire duramente a terra e schiantarsi fino al piano inferiore, oppure possono buttare qualcuno giù da un ponte, atterrando in una fossa di punte. I giocatori possono sfidare il computer uno contro uno, due contro due o prendere parte al torneo di 8 combattenti. La versione DS ha una modalità multiplayer wireless uno-uno-uno e include il minigioco Puzzle Kombat di Mortal Kombat: Deception.
Ultimate QIX (USA)	La nave Monotros, dopo aver completato il suo lungo viaggio nello spazio, è tornata intatta. Lo stanco equipaggio desiderava ardentemente tornare a casa: la stella Volfield Ma... una forza sconosciuta era passata di lì. Avevano preso possesso del luogo e l'intera popolazione era stata distrutta! Scioccato e confuso, l'equipaggio disperato volò in orbita un'ultima volta e all'improvviso apparve un barlume di speranza. Un O.S.S. veniva trasmesso da un punto sotto la superficie, dove ora regnavano gli &quot;alieni&quot;. C'erano dei sopravvissuti! Allarme rosso ! Allarme rosso ! Le stazioni di battaglia! Attiva la missione di soccorso e affronta gli aggressori alieni nel disperato tentativo di salvare la tua madre debuttante. Il futuro di Volfield è nelle mani di Monotros e lei è sotto il suo controllo!
Ultimate Soccer (Europe) (En,Fr,De,Es,It)	La versione Mega Drive del gioco Ultimate Soccer è un adattamento del gioco Striker uscito per Amiga nel 1992. Il gameplay ti mette in un campo con orientamento verticale con la possibilità di scegliere tra 64 squadre nazionali di tutti i continenti, con diverse opzioni di gioco e la possibilità di affrontare una partita con un massimo di otto giocatori. Una curiosità interessante è la comparsa di Sonic nel menu delle modalità di gioco.
Ultracore (USA) (Strictly Limited Games)	Ultracore è un platform in stile Metroidvania, sviluppato da DICE con il nome &quot;HardCore&quot; per Sega Mega Drive, Sega Mega CD e Commodore Amiga nei primi anni '90, con un'uscita prevista per il 1994/1995 da Psygnosis. Ma prima del completamento, lo sviluppo era stato abbandonato per spostare l'attenzione sulla nuova generazione di console di gioco. Si credeva che i successivi ventitré anni di &quot;HardCore&quot; fossero andati persi, poiché anche lo sviluppatore svedese non aveva più dati o documentazione disponibili. Nel 2017, Strictly Limited Games è riuscita a individuare una copia della versione originale e da allora ha lavorato al recupero di questo tesoro retroattivo per PlayStation 4, PlayStation Vita e Nintendo Switch.
Ultraman (Japan)	In futuro, la Terra dovrà proteggersi dagli invasori alieni, compito svolto dallo Science Special Search Party. Tuttavia, non sono soli in questa impresa. Dopo aver fatto schiantare la sua nave sulla Terra mentre inseguiva il malvagio alieno Bemular, il superessere Ultraman è qui per aiutare ogni volta che gli alieni attaccanti si rivelano troppo da gestire per l'umanità da sola. Alto centinaia di piedi con una forza incredibile e abilità incredibili, può rimanere sulla Terra solo per pochi minuti, quindi deve sconfiggere i suoi nemici prima che il suo potere si esaurisca completamente. nnBasato sul popolare programma televisivo del 1967, Ultraman segue direttamente la storia del suo materiale originale. Nel ruolo del titolare Ultraman, il giocatore deve sconfiggere molti degli stessi mostri apparsi nella serie originale.
Uncharted Waters (USA)	La famiglia Franco era una delle casate influenti del Portogallo. Questo finché il capo della famiglia non salpò da un disastroso viaggio per trovare il regno di Prete Gianni. Il disordine che seguì pose fine alla nobiltà del nome franchista. Sono passati 100 anni e il Portogallo ha prosperato grazie ai suoi imperi velici e commerciali. Il giovane Leon Fanco desidera ripristinare il buon nome della sua famiglia e farsi un nome come marinaio. Al centro della sua ambizione c'è la bella signora, Christiana, desiderata dal probabile erede al regno. A tal fine, Leon ha lavorato duramente per garantire le finanze per la sua prima nave. Con il primo passo del suo sogno compiuto, Franco parte con il buon amico di suo padre come primo ufficiale, tu vai alla ricerca di fama, avventura e fortuna in mare e in acque inesplorate.
Undead Line (Japan)	Undead Line è uno sparatutto arcade top-down con schermate a scorrimento, come Commando e altri giochi. Il giocatore controlla un personaggio (da una selezione di tre nella versione MSX 2) che spara proiettili ai mostri nemici. nnI sei livelli disponibili sono presentati in un menu e possono essere selezionati e riprodotti in qualsiasi ordine. C'è una battaglia con un boss alla fine di ognuno. nnI forzieri con i potenziamenti sono sparsi per i livelli. Si aprono quando vengono sparati e nella versione Genesis è possibile scorrere i potenziamenti disponibili continuando a sparare contro di loro. I potenziamenti includono armature e potenziamenti di velocità e diversi tipi di proiettili.
Unnecessary Roughness '95 (USA)	UR95 è il tuo gioco di calcio medio con partite singole contro il computer o un amico e stagioni a tutti gli effetti, inclusi playoff e Super Bowl. nnL'attrazione principale del gioco, tuttavia, è un'opzione &quot;Set di costruzioni&quot; che ti consente di creare tutto per la tua squadra, per il tuo playbook e per i tornei. Puoi persino creare il logo della tua squadra e importare/esportare le tue creazioni per scambiarle con i tuoi amici.
Urban Strike (USA, Europe)	Urban Strike è il terzo della lunga serie di giochi d'azione di elicotteri di EA. Un genio del male di nome H. R. Malone ha avviato una setta ed è riuscito a raccogliere milioni di seguaci. Malone sta usando la sua influenza e la sua ricchezza per costruire una super arma con cui rovesciare il governo. Ti vestirai di nuovo e prenderai il controllo di vari tipi di elicotteri per fermare il piano malvagio di Malone. nnUrban Strike è il primo e unico gioco della serie Strike a presentare combattimenti non veicolari. In alcuni livelli lascerai il tuo elicottero e proseguirai a piedi
Uzu Keobukseon (Korea)	Uzu Keobukseon è uno sparatutto del 1992 di Samsung pubblicato esclusivamente in Corea per Sega Mega Drive. È l'unico titolo Mega Drive di prima parte prodotto da Samsung, che era il distributore di hardware e traduttore di software di Sega in Corea.
Valis (World) (Evercade)	Yuko Asou è una normale adolescente giapponese con una vita normale, finché un giorno viene attaccata da un mostro per strada. Dal nulla, una spada appare nelle sue mani. Combatte i mostri che hanno improvvisamente invaso la città, e viene convocata nel mondo parallelo noto come Vecanti, che è governato da un crudele tiranno di nome Rogles, le cui azioni sconvolgono l'equilibrio dei mondi. Impugnando la leggendaria spada Valis, Yuko deve sconfiggere Rogles e ripristinare l'equilibrio. Valis ha la stessa storia e lo stesso genere di base (azione platform) del primo gioco originale della serie; tuttavia, è un gioco diverso con posizioni diverse, nemici e boss regolari, nuove scene tagliate, ecc. Sconfiggere i numerosi nemici che popolano il mondo di gioco richiede un uso preciso delle abilità di salto e schivata e tempi di attacco. Yuko può saltare molto in alto e attaccare mentre salta
Valis III (World) (Evercade)	Valis 3 sul Megadrive è un gioco di piattaforma. Qui si gioca nei panni di Yuko la portatrice della sacra spada Valis e deve difendere il mondo degli umani e il mondo dei sogni contro l'invasione dei demoni del mondo oscuro. Potete anche giocare nei panni di altri 2 personaggi, un mago e un ladro che incontrerete durante le vostre avventure.
Vapor Trail (USA)	È il 1999, l'organizzazione terroristica &quot;DAGGER&quot; ha abbattuto il sistema di comunicazione che fornisce comunicazioni per le basi militari del mondo. I terroristi hanno ora il controllo della rete di comunicazione satellitare e minacciano di distruggere le più grandi città del mondo con bombe nucleari. Il gruppo è pronto a cancellare le proprie minacce solo quando i leader mondiali saranno pronti a cedere il proprio potere a DAGGER. nnCome controffensiva, il presidente degli Stati Uniti chiama un'unità aerea delle forze speciali. Nome in codice dell'unità aerea: &quot;Vapor Trail&quot;. L'ultima speranza del mondo è nelle tue mani ora... nnIl gioco è uno sparatutto a scorrimento verticale. Puoi scegliere tra 3 aerei; l'aereo veloce ma debole: Seylen. I mediocri tutt'intorno: Silph; e il lento ma molto forte: Valkyrie. Durante il gioco puoi raccogliere vari oggetti. Questi oggetti includono: Accelerazione, potenziamento e vite extra.
Vectorman (USA, Europe)	Nel 2049, la popolazione umana della Terra intraprende un viaggio migratorio per cercare di colonizzare altri pianeti. Lasciano &quot;orbot&quot; meccanici per ripulire il disordine che hanno creato sulla Terra attraverso i rifiuti e l'inquinamento. Raster, un orbot di alto livello che osserva la Terra attraverso una rete di computer su tutto il pianeta, viene accidentalmente collegato a un missile nucleare funzionante da un orbot minore e impazzisce, diventando un malvagio dittatore chiamato Warhead. Si dichiara sovrano della Terra e inizia a prepararsi a giustiziare tutti gli umani che osano tornare sul loro pianeta. Entra Vectorman, un umile robot incaricato di ripulire i fanghi tossici semplicemente scaricandoli al sole. Mentre atterra sulla Terra dopo il suo ultimo viaggio, trova caos e confusione. Poiché tutti gli altri Orbot sono controllati da Warhead (Vectorman non è stato influenzato perché era lontano), Vectorman si assume la responsabilità di distruggere l'Orbot errante e riportare la pace sulla Terra.
Vectorman 2 (USA)	Questo è un sequel di Vectorman. Questa volta, il piccolo robot super potente è stato attaccato mentre tornava sulla terra nella sua astronave. Cade sulla terra solo per scoprire luoghi oscuri pieni di creature ostili e per partecipare a un platform pieno di azione veloce e furiosa. Combatti i tuoi nemici, raccogli fotoni, salta sopra gli ostacoli, trova armi, trasformati in altre creature e scala i muri nei panni dell'&quot;orbot&quot; verde Vectorman.
Venom - Spider-Man - Separation Anxiety (USA, Europe)	Separation Anxiety è un picchiaduro a scorrimento laterale, con personaggi e storie tratti dai fumetti di Spiderman. La storia è vagamente basata su una mini serie di fumetti su Venom. In questo gioco, il giocatore (i) può scegliere tra il controllo di Spider-Man o il suo nemico di Venom. Nei panni di Spiderman devi fermare le fondamenta della vita che hanno rimosso cinque simbionti da Venom. Hanno in programma di legarli ai loro soldati, creando un esercito pericoloso. Venom che si sta riprendendo dalle sue ferite si rende conto anche che deve distruggerle. Il gioco ti consente di prendere a pugni, calci, oscillare e fare combo per le strade, i boschi e i complessi sotterranei verso il tuo obiettivo. Durante il gioco il giocatore può raccogliere icone di supereroi. Queste icone ti aiuteranno invocando l'aiuto di alcuni dei più grandi alleati di Spiderman come Daredevil, Ghost Rider, Occhio di Falco e Capitan America
Verytex (Japan)	L'umanità è avanzata da tempo nello spazio e sono state stabilite colonie su molti pianeti, ma l'umanità non ha ancora contattato alcuna vita aliena. Tuttavia, un segnale di emergenza è arrivato dal pianeta Shirakusa. Durante un'indagine di colonizzazione, si persero i contatti con la corazzata Aphrodite. Come membro della squadra d'élite Verytex, sei inviato a indagare. Verytex è uno sparatutto spaziale a scorrimento verticale con vaghi temi organici. Ci sono sei livelli e tre diversi tipi di armi: Normal Shot, un cannone multidirezionale standard; Beam Laser, una potente arma da tiro in avanti; e Boomerang Laser, un tiro in avanti a lungo raggio. Ogni tipo di arma può essere potenziato a tre livelli crescenti di potenza. Sono disponibili anche missili a ricerca, anch'essi aggiornabili, nonché bombe intelligenti e pickup di scudi.
Viewpoint (USA)	Viewpoint è un gioco prospettico ortografico top-down nella tradizione di Zaxxon. Le versioni PlayStation e Saturn presentano grafica 3D renderizzata con mappe di texture, a differenza delle altre versioni che presentano principalmente poligoni ombreggiati. Uno o due giocatori (in modalità hot-seat o cooperativa) controllano un'astronave dotata di un cannone laser che può essere caricato (tenendo premuto il pulsante di tiro) per un'esplosione più forte. Oltre all'arma principale, sono disponibili tre armi speciali: un muro di fuoco che spazza via lo schermo in un'onda, un'esplosione simile a una nova e un cerchio di missili a ricerca sferici verdi.
Virtua Fighter 2 (USA, Europe)	Un anno dopo la prima edizione del World Fighting Tournament, vinta da Lau Chan, gli inviti vengono nuovamente inviati, questa volta per la seconda edizione del Torneo. Saranno le nuove tecniche di Akira sufficienti per battere Wolf? Riuscirà Lau a difendere il suo titolo contro sua figlia Pai? Jacky salverà sua sorella Sarah, a cui è stato fatto il lavaggio del cervello per ucciderlo? Jeffry farà abbastanza soldi per rintracciare Satan Shark? E Kage, scoprirà se il misterioso cartello di Judgment 6 è dietro il torneo? Tutto deve ancora essere visto ... Condividendo il nome con il secondo titolo della serie di combattenti 3D di Sega, questa versione a 16 bit porta il gioco nel mondo dei combattenti 2D.
Virtua Racing (USA)	Virtua Racing è la versione casalinga del primo gioco da sala 3D di Sega con grafica poligonale. Il gioco consiste nel guidare delle vetture di Formula 1 su tre diversi circuiti, ognuno corrispondente a tre difficoltà diverse: Principiante, Normale o Esperto. E' possibile giocare contro un secondo giocatore o contro una AI controllata dal gioco. Nonostante il gioco metta alla guida di vetture da Formula 1, i controlli sono molto &quot;arcade&quot;, e si può distintamente notare il salto di qualità rispetto a Daytona. La versione Megadrive/Genesis di Virtua Racing è particolare, in quanto è l'unico gioco della console a sfruttare un chip SVP (Sega Virtual Processor) integrato nella cartuccia. Questo chip è un co-processore 3D, utilizzato per sopperire al fatto che il chip grafico del Megadrive non ha funzionalità tridimensionali integrate, ed è simile al Chip SuperFX utilizzato dalla rivale Nintendo per giochi come Starfox o Stunt Race FX
Virtual Bart (World)	Bart ha un mucchio di problemi tecnici: è bloccato in una macchina per la realtà virtuale!!! Entra nell'era giurassica nei panni di Dino Bart e calpesta il caos dell'età della pietra. Combatti Nelson e la banda in una Springfield post-apocalittica nei panni di Doomsday Bart. Usa lo scivolo per pannolini nei panni di Baby Bart e prendi i riflettori come Pork Factory Pig Bart. Fai anche un brivido da brivido lungo il pericoloso Monte. Splashancora e ancora! Chi ha bisogno della realtà, amico?
Virtual Pinball (USA, Europe)	Virtual Pinball è il successore spirituale del classico Pinball Construction Set di Bill Budge. Programmato da Bill Budge, questo gioco Sega Genesis consente al giocatore di provare diversi flipper pre-costruiti e inoltre di creare, salvare e giocare a tavoli personalizzati.
Vixen 357 (Japan)	Vixen 357 è stato sviluppato da NCS e rilasciato esclusivamente sul mercato giapponese da Masaya nel 1992. Il gioco abbraccia il genere strategico, con posizionamento mecha e punti attributo robot. La storia porta eventi nel futuro, in cui si svolgerà una battaglia interstellare tra la Terra e gli invasori spaziali. I personaggi hanno un legame e, se uno di loro muore nello scontro, può accadere la fine dell'avventura. Le battaglie si svolgono a turno e il giocatore deve posizionare il proprio mecha all'interno dell'azione di combattimento.
VR Troopers (USA, Europe)	VR Troopers di Saban è basato sull'omonimo programma televisivo ed è prodotto dalla stessa società che ha prodotto i Mighty Morphin' Power Rangers. La storia vede il malvagio Grimlord trasportare i soldati VR in (ironicamente) un videogioco e spetta al giocatore (letteralmente) salvarli e riportarli nel mondo reale. Il gameplay è il gioco di combattimento standard, usando uno dei tre diversi soldati per calciare, pugni e usare abilità speciali per sconfiggere un combattente per avanzare a quello successivo. Ogni Soldato ha i propri punti di forza, debolezze e mosse speciali e ognuno ha le proprie fasi separate, a seconda di quale sceglie il giocatore. Ha anche funzionalità multi giocatore che consentono a due amici di combattere testa a testa in modalità Duello.
VS Puyo Puyo Sun (USA, Europe) (Mega Drive Mini 2, Genesis Mini 2)	VS Puyo Puyo Sun è un gioco puzzle sviluppato da Compile e pubblicato da Sega per il Sega Genesis Mini 2. È una versione aggiornata della modalità multiplayer del gioco arcade del 1996, Puyo Puyo Sun. Questo gioco è stato rilasciato il 27 ottobre 2022 come parte della collezione di giochi inclusi nel Sega Genesis Mini. Il gioco mantiene le caratteristiche classiche di Puyo Puyo, con l'aggiunta di nuove regole per i Sun Puyo, che possono cadere come pezzi sul campo o bagnare i pezzi regolari di Puyo. Anche se non include una modalità storia, tutti i personaggi sono disponibili per le partite VS
Wacky Races (USA) (Proto)	Assumi il ruolo di Dastardly e Mutley della serie di cartoni animati Hanna-Barbera in questo titolo d'azione con sfumature di corsa superficiali. Il tuo obiettivo è completare ogni percorso in una posizione particolare, che si ottiene aspettando che subiscano abbastanza danni da abbandonare la gara o infliggendoti quel danno. La tua auto è armata con una freccia in avanti per impalare le auto avversarie e affrontare i numerosi pericoli che le razze ti lanciano, inclusi massi e conigli, che possono essere eliminati per ottenere punti. Questo gioco non è mai stato rilasciato ufficialmente su Genesis.
Wacky Worlds Creativity Studio (USA)	Nel titolo educativo Wacky Worlds Creativity Studio, i giocatori usano qualsiasi combinazione di 40 adesivi per posizionare oggetti animati in uno qualsiasi dei 6 stravaganti ambienti del mondo. Gli adesivi includono Sonic the Hedgehog, Tails, Ecco the Dolphin e molti altri personaggi SEGA. Quindi i giocatori dipingono gli oggetti di qualsiasi colore preferiscono. Una volta che il Wacky World è stato popolato, la musica può essere composta utilizzando fino a 40 adesivi musicali nella fabbrica di musica per musicisti robot. Il gioco viene fornito in bundle con Mega Mouse e tappetino per mouse.
Wani Wani World (Japan) (En)	Wani Wani World è una conversione modificata del coin-op Kaneko del 1991 The Berlin Wall, a sua volta basato sul coin-op Space Panic del 1980. Due piccoli dinosauri con martelli molto grandi, Charlie e Smiley, si fanno strada attraverso numerosi schermi di piattaforme e scale piene di nemici. Il loro unico metodo di attacco è quello di fare un buco nel terreno, aspettare che un nemico ci cada dentro e poi colpire il nemico in testa, che fa cadere il nemico e si trasforma in oggetti e cibo delizioso. Ci sono cinque mondi, ognuno con diversi schermi e un grande boss alla fine, oltre a un minigioco tra i mondi in cui è possibile guadagnare oggetti bonus. Il gioco può essere giocato da soli o in modalità cooperativa a due giocatori.
Wardner (USA)	Wardner è un gioco di piattaforma su Megadrive. Si gioca da ragazzo, Wardner, che si fa strada in ogni livello saltando o sparando ai suoi nemici. Uccidere i nemici ti dà denaro, mentre i potenziamenti ben nascosti ti danno abilità extra.
Warlock (USA, Europe)	Quando il sole si allinea con la luna una volta ogni millennio, i guardiani druidi evocano la magia delle loro pietre runiche per impedire la rinascita dello stregone. Le pietre runiche sono sparse nel tempo e nei continenti e devi trovarle prima che lo faccia lo Stregone. Il gioco è semplice. Devi attraversare diverse fasi di combattimento delle creature e poi di trovare le pietre runiche. Combatti i nemici semplicemente facendoli esplodere con questa energia, usando questa sfera che hai con te, oppure puoi usare un incantesimo per ucciderli. Ci sono anche alcuni enigmi nel gioco. Alcune delle battaglie con i nemici più difficili richiedono una strategia per sconfiggerli.
Warrior of Rome (USA)	Il giocatore ha quattro mappe (con sede in Egitto) su cui comandare le proprie truppe. Ai giocatori viene dato il controllo su ogni unità di truppe sulla mappa della sezione. Il giocatore può selezionare sei diverse opzioni per ogni unità di truppa inclusa la velocità di avvicinamento, la ritirata per consentire all'unità di riacquistare forza o l'impostazione di trappole. Una volta che le truppe hanno incontrato un'unità nemica, appare la schermata di battaglia che mostra un'inquadratura laterale delle truppe del giocatore in combattimento. Il giocatore può salvare i propri progressi di gioco o utilizzare un sistema di password alla fine di una fase completata.
Warrior of Rome II (USA)	Il pericolo e l'azione dell'era romana sono ricreati in questa spettacolare simulazione militare da 8 Mega, 1 o 2 giocatori! Traccia e manovra le tue forze mentre combattono i minacciosi eserciti dell'antica Persia, Egitto e Arabia. Naviga nel Mediterraneo alla ricerca di nuove terre da dominare in glorioso trionfo! - Oltre 15 mappe da conquistare per centinaia di ore di gioco - Finestre di messaggi e stato per tracciare la strategia - Azione simultanea in &quot;tempo reale&quot; a 2 giocatori- Schermo diviso per l'azione testa a testa - Funzione di salvataggio del gioco con batteria di riserva - 3 diverse modalità di gioco
Warsong (USA)	L'Impero Dalsis ha invaso il regno di Baltia, costringendo il re Alphador a inviare il suo unico figlio, il principe Garett, in zone remote della campagna. Dopo un po', incarni il principe nella sua sete di vendetta. Il gioco è complesso e prevede la presentazione di personaggi giocabili. Devi reclutare otto soldati per eseguire il tuo comando, equipaggiando oggetti e assegnando posizioni a ciascuno di loro sulla mappa principale. La trama seguirà e dovrai raggiungere determinati obiettivi per far avanzare la storia. Il gioco termina se il protagonista muore in combattimento.
Waterworld (USA) (Sega Channel)	Waterworld è un gioco d'azione platform sviluppato da Ocean Software per Sega Mega Drive, Sega 32X e Sega Saturn basato sul film Waterworld del 1995. Il gioco era previsto per il rilascio nel settembre 1995, ma è stato cancellato per ragioni sconosciute. Lo sviluppo del gioco è stato completato, con le versioni per SNES, PC, Game Boy e Virtual Boy.
Wayne Gretzky and the NHLPA All-Stars (USA, Europe)	Uno dei tanti giochi di hockey rilasciati, questa versione non solo consente al giocatore di controllare Gretzky, ma anche altri importanti giocatori dell'epoca come Mario Lemieux, Eric Lindros, Mark Messier tra molti altri, 600 in totale. Presenta anche le 26 squadre NHL dell'epoca e 6 squadre internazionali tra cui scegliere.
Wayne's World (USA)	&quot;Il mondo di Wayne, il mondo di Wayne! Tempo di festa! Eccellente! Woo, woo, woo!&quot; È venerdì, sono le 10:30 e come al solito Wayne e Garth presentano il loro programma televisivo. Per prima cosa iniziano leggendo una top-10 dei peggiori giochi a cui hanno giocato di recente in sala giochi. Poi Wayne racconta di come lui e Garth siano stati improvvisamente risucchiati in un videogioco, e Garth sia stato rapito dal misterioso Zantar. &quot;Weeuuu, weeuuu, weeuuu!&quot; FLASHBACK, e ora hai improvvisamente il controllo di Wayne mentre deve intraprendere una missione per salvare il suo buon amico Garth.
WeaponLord (USA)	Un campo di battaglia barbaro. Sette guerrieri diversi, ciascuno armato con un'arma unica, impegnati in una missione di gioco di combattimento in cui si scontreranno e si scontrano tra loro in questo gioco di combattimento di Namco. Il loro ultimo nemico è il misterioso Signore dei Demoni. Uno dei primi parenti della popolare serie Soul Calibur, la principale pretesa di fama di questo gioco è il gioco delle armi. Sono presenti blocchi e combo insieme a speciali &quot;frenesia&quot; di aumento delle combo di attacco e morte. Gli sfondi sono tutti disegnati a mano e meticolosamente dettagliati. Ogni personaggio porta con sé la propria trama tra arene, giungle e montagne infuocate in una missione per opporsi al Signore dei Demoni.
Wheel of Fortune (USA)	Una traduzione molto semplice del popolare programma a giochi Wheel Of Fortune, in cui indovini le lettere finché non riesci a indovinare la frase. Questa versione CGA ha tre round della Ruota della fortuna della vecchia scuola (dove gli enigmi sono semplicemente &quot;Frase&quot;, &quot;Titolo&quot;, &quot;Persona&quot;, ecc.) e poi un round bonus. Puoi competere contro 2 giocatori al computer o fino a tre persone possono giocare l'uno contro l'altro.
Where in the World Is Carmen Sandiego (USA, Europe) (En,Fr,De,Es,It)	Il capo criminale Carmen Sandiego è ritornato! Viaggiate per il mondo alla ricerca del capo dei ladri e della sua banda V.I.L.E. • Grafica digitalizzata • Più sequenze animate • Centinaia di casi nuovi • Gioco in Italiano
Where in Time Is Carmen Sandiego (USA, Europe) (En,Fr,De,Es,It)	Carmen Sandiego e la sua banda sono di nuovo liberi, ed è compito dei giocatori catturarla! Questa volta il giocatore non deve solo scoprire dove si trova, ma anche quando si trova. Viaggiando in vari luoghi, hanno bisogno di raccogliere indizi interrogando testimoni e cercando luoghi in cui avvicinarsi e catturare Carmen Sandiego. Incluso nel gioco è The New America Desk Encyclopedia per aiutare a rendere gli indizi più significativi (e agire come una forma di protezione dalla copia!).
Whip Rush (USA)	Nell'anno 2222, il nostro pianeta dovrà affrontare il problema della sovrappopolazione e la soluzione sarà cercare nuovi pianeti in grado di fornire la vita. Cinque anni dopo, l'equipaggio annuncia la scoperta del pianeta Voltegas, ma appare una nave aliena che decide di attaccare. Il gameplay si svolge in progressione orizzontale e tu controlli la nave Whip Rush, che deve attraversare la galassia per salvare la nave scomparsa. Con il tasto B spari ai nemici, con il tasto A controlli l'elica della nave. È possibile raccogliere potenziamenti per aumentare la potenza di fuoco.
WildSnake (USA) (Proto 2)	WildSnake è un puzzle game che sarà rilasciato per Mega Drive e Game Gear nel 1994. Le versioni Sega Mega Drive e Sega Game Gear di WildSnake sono state annunciate per il rilascio, ma entrambe sono state cancellate per ragioni sconosciute. Da allora sono emersi prototipi di entrambi. La pubblicità ha visto il creatore di Tetris Alexey Pajitnov prestare il suo nome al gioco, tuttavia Pajitnov non è stato coinvolto nel suo sviluppo.
Williams Arcade's Greatest Hits (USA)	Una raccolta di cinque giochi arcade classici rilasciati da Williams. I giochi inclusi sono: nnDefendernnDefender II (Stargate)nnJoustnnRobotron 2084nnSinistar
Wimbledon Championship Tennis (USA)	Il più antico dei quattro tornei del Grande Slam, che si tiene a Londra sull'erba ogni luglio, è la base di questo gioco di tennis. La pallina esce dall'erba veloce e bassa, riflettendo la reputazione della superficie di fornire il tennis più emozionante. È visto nella tipica prospettiva in terza persona, anche se con un effetto 3D abbastanza distinto e con le ombre. Puoi giocare partite standard da 1 o 2 giocatori o giocare l'intero torneo dai quarti di finale in poi. Puoi giocare sia i tiri standard che i pallonetti e i drop shot e sono presenti le regole del servizio completo. Puoi selezionare il tuo personaggio e sviluppare le sue abilità man mano che il gioco procede.
Winter Challenge (World) (Evercade)	Un gioco olimpico che simula le comuni competizioni invernali: discesa libera, slalom gigante, slittino, bob a due, salto con gli sci, sci di fondo, biathlon e pattinaggio di velocità. Il gioco presenta un motore 3D di base che consente di simulare facilmente le piste, che migliora il gameplay di alcuni eventi come il Downhill. Il gameplay, come previsto da un gioco di sport invernali, si basa sulla ricerca delle traiettorie più veloci nella maggior parte degli eventi (discesa, slalom gigante, slittino e bob), sul ritmo corretto della corsa (cross country e biathlon), sull'abilità e sul tempismo (salto con gli sci), con pulsante schiacciamento riservato a uno solo (pattinaggio di velocità). Il giocatore (fino a dieci) può selezionare il viso e la nazionalità del suo concorrente tra una delle 16 possibili scelte e, selezionando diverse impostazioni di difficoltà, diversi atleti controllati dal computer prendono parte alla competizione insieme al giocatore.
Winter Olympic Games (USA) (En,Fr,De,Es,It,Pt,Sv,No)	Questa è la licenza ufficiale del torneo delle Olimpiadi invernali del 1994 a Lillehammer, in Norvegia. Puoi allenarti in ogni caso prima del torneo. Il gioco offre due modalità: Olimpiadi complete e Mini Olimpiadi, che variano nel numero di eventi. Comprende 5 diversi tipi di sport: biathlon, sci alpino (discesa, slalom, slalom gigante e supergigante), salto con gli sci (90 m, 120 m), bob (2/4 bob, 1/2 slittino) e pattinaggio (eliminazione, inseguimento, cronometro). Gli eventi utilizzano viste 3D
Wiz 'N' Liz (USA)	Wiz e Liz sono maghi. Vivono sul pianeta Pum e preparano pozioni e lanciano incantesimi. Tendono anche ai wabbit. Un sacco di wabbit. Un giorno, un intruglio andò storto e mandò tutti i wabbit in parti lontane di Pum. Wiz 'n' Liz partì per cercarli. nnCattura tutti i wabbit in tonnellate di livelli in diverse impostazioni di difficoltà. Crea parole magiche e mescola ingredienti per vite extra, livelli bonus e altre sorprese. Dispone di un sistema di salvataggio della password in modo da poter decollare da dove eri rimasto.
Wolfchild (USA)	Il dottor Kal Morrow, esperto di ricerca genetica e creazione di ibridi uomo-animale, è stato rapito e la sua famiglia brutalmente assassinata dall'organizzazione terroristica CHIMERA. Il figlio superstite Saul decide di vendicare la sua famiglia. Usando le ricerche di suo padre, si trasforma in un uomo-lupo e si propone di trovare la base di CHIMERA e sconfiggere il loro capo Karl Draxx. Nei panni di Saul, il tuo compito è attraversare cinque diverse aree sulla strada per Draxx. Quando Saul raccoglie abbastanza potenziamenti, si trasforma nella sua forma di lupo e ottiene uno speciale attacco con colpo psichico, che può essere migliorato raccogliendo ulteriori potenziamenti. Tuttavia, se Saul perde salute, torna nella sua forma umana e ha solo i pugni per combattere i numerosi nemici.
Wolverine - Adamantium Rage (USA, Europe)	WOLVERINE ADAMANTIUM RAGE Incontrollabile... Inarrestabile... Incontrollabile... È Wolverine in ADAMANTIUM RAGE&quot;! Armato con un arsenale di mosse di combattimento taglienti, il solitario X-Men si fa strada dal laboratorio di Weapon X&quot; alle fogne di New York City, alla ricerca di indizi sul suo misterioso passato nei luoghi più pericolosi avventura della sua vita. Ma ricorda, Bub... è il migliore in quello che fa! E ho detto tutto!
Wonder Boy III - Monster Lair (Japan, Europe) (En)	Essi sono feroci, bestiali. perfidi. Sul serio. I mostri venuti da remote regioni dell'universo hanno invaso la terra! Hanno messo a sacco Xenobia e si stanno dirigendo sulla vostra città1 Unitevi a Leo e Priscilla e annientateli prima che sia troppo tardi per salvare il mondo!
Wonder Boy in Monster World (USA, Europe)	&quot;Monster World era una volta una regione pacifica. Poi, la pace è stata distrutta da un esercito invasore di mostri. Un giovane di nome Shion ha fatto voto di sconfiggerli e di rendere di nuovo pacifica la loro terra&quot;. Wonder Boy In Monster World ti permette di controllare Shion nella sua missione per salvare Monster World dalle mani malvagie di BioMeka. E 'controllato come un gioco di piattaforma standard: correre, saltare e uccidere i nemici. Il gioco è pieno di elementi di gioco di ruolo, come parlare con la gente di città, raccogliere soldi per comprare oggetti, migliorare la tua vita, e attrezzare una varietà di armature e armi, rimanendo molto vicino al &quot;formato Zelda&quot;. Puoi salvare il tuo gioco per continuare la tua ricerca un'altra volta. Wonder Boy In Monster World è il terzo gioco della serie Monster World spin-off. In Giappone, il gioco si chiama Wonder Boy 5: Monster World 3.
World Championship Soccer (Japan, USA) (En)	Questo gioco di calcio ti consente di scegliere una squadra che rappresenta uno dei ventiquattro paesi del mondo per partecipare al torneo del campionato mondiale. Questo è identico alla vera Coppa del Mondo del 1990. Una volta scelta la tua squadra, puoi anche selezionare quali giocatori vuoi in campo, in modo da poter completare i punti di forza e di debolezza della squadra. Sono previste anche modalità per singole partite di esibizione, sia contro il computer che contro un amico. L'azione è vista dall'alto con grandi sprite dei giocatori. Il gioco violento è incoraggiato in quanto non ci sono calci di punizione. Mentre i giochi sportivi successivi spesso si concentrano pesantemente sull'attenzione ai dettagli, questo gioco è piuttosto semplificato: puoi controllare solo il giocatore più vicino alla palla, ad esempio, e mancano molte delle regole del calcio come bandiere di rigore e fuorigioco.
World Championship Soccer II (USA)	World Championship Soccer II è un aggiornamento del primo gioco con una grafica migliorata. Contiene le squadre del gioco precedente, ma aggiunge le squadre della Coppa del Mondo 1994 da utilizzare nelle mostre e nei tornei. Presenta anche otto squadre dei Mondiali del 1986 e del 1990, più formazioni e opzioni strategiche e un'opzione di gioco a quattro in modo che quattro persone possano giocare insieme. Non ha il logo o la licenza FIFA ed è più una partita di calcio violenta senza cartellini gialli o sanzioni.
World Class Leaderboard Golf (USA)	Prima della lunga serie di Links, Access ha prodotto il lignaggio del Leader Board, che si conclude qui. Vento, scatto e potenza sono le considerazioni principali mentre schivi i bunker, l'acqua e il rough che rendono i percorsi più complessi rispetto alle versioni a 8 bit dell'originale. Viene fornito un editor del corso. I corsi forniti includono corsi reali come St. Andrews, un design immaginario come The Gauntlet, che come suggerisce il nome è progettato per spingere al massimo le tue abilità. La versione per PC ha rivoluzionato l'uso dell'altoparlante per PC per riprodurre campioni vocali tramite il loro processo brevettato &quot;RealSound&quot;. Scherzi come &quot;Non ci sono dubbi, è immerso nella trappola di sabbia&quot;, &quot;Dritto sul fairway&quot; e &quot;Sembra che abbia colpito l'albero, Jim&quot;. sono usati per fornire commenti in esecuzione sul gameplay.
World Cup USA 94 (USA, Europe, Korea) (En,Fr,De,Es,It,Nl,Pt,Sv)	Per la terza Coppa del Mondo consecutiva, US Gold ha avuto la licenza per produrre il gioco ufficiale. Hanno affidato il compito a Tiertex, che ha prodotto un gioco top-down ricreando l'intero torneo. Oltre alle 24 squadre qualificate per il torneo, potrebbero essere arruolate altre importanti nazioni calcistiche come Inghilterra, Francia e Danimarca. La presentazione dei menu è in gran parte basata sulle icone, con la mascotte ufficiale in primo piano. Il contrasto è difficile e il passaggio è facile, creando uno stile di gioco fluido end-to-end.
World Heroes (USA)	LA FIERA BATTAGLIA DIRETTAMENTE DALLA HIT ARCADE! Arti marziali violente e giocatori con forze sovrumane competono una prova di forza di livello mondiale di combattimento. Otto dei più grandi combattenti di tutte le ere si scontrano in un'incredibile battaglia corpo a corpo. Solo un campione potrà sopravvivere.
World of Illusion Starring Mickey Mouse and Donald Duck (USA, Korea) (En)	Alakazamm! Il classico divertimento Disney con i vostri beniamini Topolino e Paperino. Trasportati in un mondo pieno di sorprese. Topolino e Paperino devono compiere miracoli di magia par poter sconfiggere un astutissimo stregone e tornare a casa.
World Series Baseball '95 (USA)	Un aggiornamento standard del gioco precedente, World Series Baseball, l'edizione del 1995 presenta roster aggiornati con 700 giocatori. Tutte le 28 squadre sono presenti e gli stadi in cui giocano mostrano giocatori e animazioni digitalizzate. Il gioco supporta il backup della batteria e la possibilità di giocare nei panni di leggende come Dizzy Dean, Lou Gehrig e Ty Cobb.
World Series Baseball '96 (USA)	World Series Baseball '96 è il seguito dei precedenti due giochi Genesis della serie con i roster e le statistiche della stagione MLB 1995, nonché il programma per la stagione 1996. Ha tutti i 700 giocatori e 28 squadre e stadi. I tipi di gioco includono Exhibition, League, Playoff, Batting Practice, Homerun Derby e Classic Homerun Derby. C'è anche la possibilità di giocare un gioco All-Star. Il trading può essere abilitato o disabilitato e le opzioni di durata della stagione sono 13, 26, 52, 104 e 162.
World Series Baseball (USA)	World Series Baseball è il primo gioco della lunga serie SEGA. Con tutte le 28 squadre presentava l'allora nuovissimo allineamento di 6 divisioni e aveva tutti i 700 giocatori. Ha una funzione play-by-play, l'Home Run Derby e i giocatori sono in grado di giocare una stagione di 162 partite e sono in grado di mantenere statistiche complete per ogni giocatore, grazie a una batteria di riserva. Consente inoltre ai giocatori di utilizzare la visuale prospettica in prima persona dal box dei battitori.
World Series Baseball 98 (USA)	World Series Baseball 98 è il quarto gioco Genesis della serie di baseball. Questa voce ha i roster e le statistiche della stagione MLB 1997 (incluso il gioco interleague) e le statistiche aggiornate per la stagione 1996 presenti nella partita precedente. Ancora una volta sono presenti tutte le 28 squadre. I tipi di gioco sono identici a prima: Esibizione, Lega, Playoff, Allenamento di battuta, Homerun Derby e Classic Homerun Derby, insieme ai giochi All-Star. Il trading può essere abilitato o disabilitato. Il gameplay e la grafica sono identici al gioco precedente. Una nuova funzionalità è che le statistiche vengono tracciate attraverso 27 categorie e accanto ai progressi complessivi in una lega, ad esempio, i leader della lega, i leader della squadra, le statistiche della squadra e le classifiche della squadra vengono salvate nella batteria della cartuccia.
World Trophy Soccer (World) (Evercade)	European Club Soccer ha dozzine di squadre da tutta Europa (circa 170) e ogni paese è rappresentato da almeno due squadre. Oltre a correggere i nomi dei club, ha anche imitazioni riconoscibili di stemmi e divise delle squadre; anche se i kit più elaborati (come quelli indossati da Juventus, FC Porto o Celtic F.C.) sono semplificati (la Juventus ha una maglia argento, blu Porto e verde celtico). I nomi dei giocatori, d'altra parte, sono stati creati mescolando nomi trovati su squadre reali. Le squadre portoghesi, ad esempio, avevano un gran numero di giocatori jugoslavi all'inizio degli anni '90, e questo si rifletteva in giocatori con nomi come Valentim Ivic (di Valentim Loureiro e Tomislav Ivic, poi presidente del Boavista FC e allenatore dell'SL Benfica, rispettivamente). I nomi non potevano essere modificati e, poiché il gioco mancava di una batteria, non memorizza le modifiche apportate ai kit e le password sono state utilizzate per riprendere i tornei (esempio di un foglio di password). Il Rotherham United è incluso tra i club inglesi nonostante non abbia mai giocato nella massima serie del calcio inglese, questo è dovuto allo sviluppatore, Krisalis Software, che ha sede a Rotherham. Tutti gli altri club hanno giocato nel massimo livello del proprio paese.
Worms (World) (Evercade)	Worms è un gioco di strategia a turni. Sono presenti fino a 4 squadre da 4 vermi, che cercheranno di distruggersi l'un l'altro sulla mappa. Ogni verme ha 100 punti vita; una volta a 0 morirà, esplodendo e danneggiando ciò che ha intorno. Ogni turno, il giocatore controlla un verme della sua squadra, con un limite di tempo per muoversi o attaccare. Se un verme cade in acqua o fuori schermo, morirà. Ci sono moltissime armi disponibili - bazooka, granate, Pugni di Fuoco, dinamite, assalti aerei - oppure strumenti come corde e travi. Ci sono 10 stili di terreno, tra foreste, deserti, alla Terra delle Caramelle o la Luna (completa di gravità lunare!). I colpi lasciano i crateri, permettendo di formare complessi tunnel.
Wrestle War (Japan, Europe) (En)	Sbatacchiamenti di corpo e schienate, &quot;lacci&quot; e impalature _ partecipate all'azione con Wrestle War della Sega!
WWF RAW (World)	WWF Raw è un gioco di wrestling professionale con 10 superstar della World Wrestling Federation. I wrestler tra cui puoi scegliere includono Bret &quot;Hit Man&quot; Hart, Bam Bam Bigelow, 1-2-3 Kid, Diesel, Doink, Lex Luger, Luna Vachon, Owen Hart, Razor Ramon, Shawn Michaels, Undertaker e Yokozuna. In questo gioco, tenti di immobilizzare il tuo avversario al tappeto riducendo il suo misuratore di potenza fino a quando non può più combattere. C'è un gran numero di mosse da eseguire, tra cui manovre tenditori e atti &quot;illegali&quot; come colpire l'avversario con una sedia pieghevole di metallo. Questo gioco supporta fino a 4 giocatori simultanei e ha le seguenti modalità di gioco: Uno contro uno, Tag Team, Bedlam, Survivor Series, Royal Rumble, Raw Endurance Match e Rematch.
WWF Royal Rumble (World)	Controlla una delle dodici stelle della World Wrestling Federation in una &quot;rissa senza esclusione di colpi&quot; - in altre parole, fai tutte le mosse che vuoi, da choke hold, piledrivers e persino chair slam, fino a quando il tuo avversario non viene eliminato. Puoi anche uscire dal ring se vuoi. Sono disponibili diverse modalità di gioco, tra cui uno contro uno, tag team (due contro due) e tag team tre contro tre. Puoi giocare nei panni dei seguenti wrestler WWF: Bret Hart, Razor Ramon, Randy Savage, Shawn Michaels, The Undertaker, Tatanka, Mr. Perfect, Crush, Ric Flair, Yokozuna, Ted Dibiase e Lex Luger.
WWF Super WrestleMania (USA, Europe)	Questo è stato il primo gioco con licenza WWF per le console SNES e Sega Genesis. Presentava partite uno contro uno, tag team e Survivor Series. Le due versioni non erano identiche perché presentavano personaggi diversi per ogni console. I Genesis avevano: Hulk Hogan, Papa Shango, Ultimate Warrior, Macho Man, British Bulldog, IRS, Ted Dibiase, Shawn Michaels. Nel frattempo il SNES aveva: Macho Man, Undertaker, Jake The Snake, Hulk Hogan, Earthquake, The Road Warriors, Typhoon, Ted Dibiase e Sid Justice.
WWF WrestleMania - The Arcade Game (USA, Europe)	IL GIOCO ARCADE Porta il wrestling all'estremo con un'azione intensa direttamente dal gioco arcade! È un caos in prima persona con punitivi testa a testa e incontri di squadra e estenuanti combattimenti per il titolo mondiale e internazionale! Colpisci i tuoi sensi con nuove mosse devastanti e autentici commenti play-by-play di Vince McMahon! Se no ti sforzi, non giochi!
X-Men (USA)	Questo è un gioco esclusivo di Genesis basato sulla squadra di eroi dei fumetti molto popolare. nnLa Danger Room del Professor X è una struttura di addestramento in grado di ricreare completamente ambienti in cui gli X-Men possono esercitare i loro poteri. È un po' come il ponte ologrammi di Star Trek. Un giorno, la stanza del pericolo inizia a impazzire e carica in modo casuale simulazioni pericolose. Si scopre che Magneto ha caricato un virus nel computer della Danger Room, e ora gli X-Men devono fermarlo. In questo gioco d'azione a scorrimento laterale, puoi controllare uno dei 4 personaggi giocabili: Gambit, Nightcrawler, Wolverine o Cyclops. Inoltre, puoi chiamare altri 4 X-Men quando necessario.
X-Men 2 - Clone Wars (USA, Europe)	La razza dei mutanti sta cadendo nell'oblio nelle mani degli organismi clonati della Falange. Solamente i poteri speciali degli X-men potranno salvare la Terra! Combattete nei panni di Wolverine, Ciclope, Gambit, Nightcrawler, Bestia, Psyloche e per la prima volta, di Magneto!
X-Perts (USA)	Una struttura segreta con armi termonucleari è stata invasa e occupata da pericolosi terroristi. Vogliono che le Nazioni Unite seguano i loro ordini di non far saltare in aria il mondo. Senza molte opzioni, l'organizzazione ha reclutato il team X-PERTS, il cui leader è il personaggio di Eternal Champions, Shadow Yamoto. Devono entrare nella base e arrestare gli invasori. L'azione si svolge in progressione laterale con la possibilità di scegliere tre personaggi. Ognuno di loro ha le proprie armi e ha bisogno di avanzare attraverso gli scenari, eliminare i terroristi e persino torturarne alcuni per ottenere informazioni.
XDR - X-Dazedly-Ray (Japan) (En)	Rilasciato esclusivamente sul territorio giapponese, XDR: X-Dazedly-Ray mette in pericolo il pianeta Sephiroth. Anni fa, un pericoloso signore della guerra di nome Guardia è stato bandito dal pianeta a causa della sua estrema violenza. Tornò con un potente esercito e sopraffece facilmente le forze di difesa, lasciando la nave XDR sulla strada della vittoria. La progressione avviene in azione orizzontale e puoi sparare colpi con il pulsante A, missili con il pulsante B e controllare la propulsione della nave con il pulsante C. Puoi raccogliere potenziamenti lungo la strada per migliorare il tuo potere di attacco in questa guerra contro l'esercito della Guardia.
Xenon 2 - Megablast (World) (Evercade)	Xenon 2: Megablast è uno sparatutto spaziale a scorrimento verticale, in cui devi superare diversi livelli, pieni di ondate di nemici, che terminano tutti con una creatura boss di livello. Ogni gruppo di nemici che distruggi ti garantisce una ricompensa in denaro e di tanto in tanto entri nel seminterrato degli affari di Colin, dove puoi usare questo denaro per acquistare aggiornamenti per la tua nave come armi migliori, aggiornamenti di velocità e salute ecc. Alcuni aggiornamenti possono anche essere raccolto durante i livelli. nnLa prima parte del gioco ha un aspetto organico, mentre la seconda parte presenta nemici meccanici. Poiché ci sono alcune sezioni labirintiche con vicoli ciechi nel gioco, la tua astronave scorre all'indietro quando continui a premere il tasto giù. nnUn tipico successo dei Bitmap Brothers, il gioco è famoso anche per la colonna sonora del gruppo elettronico britannico Bomb The Bass.
Yogi Bear - Cartoon Capers (Europe)	Quando Yogi viene a sapere di un piano per trasformare Jellystone Park in un impianto chimico, si mette in marcia per fermarlo. Gioca nei panni di Yogi in questa avventura a scorrimento laterale adatta a tutte le età. Fatti strada attraverso le cinque aree del parco raccogliendo cestini da Pic-nic saltandoci sopra. In molti casi, rimbalzi da un canestro all'altro sollevandoti in aria dove nessun &quot;orso medio&quot; potrebbe mai andare. Ci sono una varietà di nemici come donnole e puzzole. Ci sono anche alcune parti d'azione in cui vai su un carrello minerario o vai &quot;a fare surf con i castori&quot;.
Ys III (USA)	Amico di lunga data di Adol, Dogi desidera tornare nella sua città natale di Redmont, dopo aver sentito di strani disordini che stanno accadendo lì. Sempre alla ricerca di un'avventura, Adol si unisce a lui e presto scopre la causa di questo nuovo male. Ys III si allontana dal sistema di combattimento &quot;urtare i nemici&quot; dei primi due giochi e consente ad Adol di controllare la sua spada in una varietà di direzioni. Oltre a cambiare il sistema di battaglia, il gioco ora è a scorrimento laterale, invece della vista dall'alto verso il basso dei giochi precedenti. Anche Adol ora ha la capacità di saltare. Non è nuovo per la serie l'uso di anelli magici che conferiscono ad Adol diverse abilità di potenziamento come guarigione e scudi. Il gioco utilizza anche vari elementi chiave trovati lungo il percorso, per risolvere enigmi minori e far progredire la storia.
Yu Yu Hakusho - Makyou Toitsusen (Japan)	Yū Yū Hakusho: Makyō Tōitsusen è un gioco di combattimento contro (sulla scia di Street Fighter II) basato sull'anime Yū Yū Hakusho. Sono disponibili undici personaggi: Sensui, Jin, Itsuki, Genkai, Kuwabara, Yusuke, Kurama, Hiei, Chu e Toguro Brothers. Fino a quattro giocatori possono scegliere tra tre modalità di gioco: Eliminazione, Allenamento e Competizione. La modalità eliminazione è un gioco in stile arcade tradizionale, in cui un singolo giocatore combatte contro gli avversari controllati dal computer uno per uno, in un round di partite.
Yu Yu Hakusho Gaiden (Japan)	Basato sulla serie manga/animé Yu Yu Hakusho. Questa è la storia di un adolescente delinquente Yuusuke Urameshi, che è stato investito da un'auto mentre cercava di salvare un bambino. Tuttavia, non c'era posto per lui né in paradiso né all'inferno, e Koenma, il figlio del dio della morte Enma, lo rimanda nel nostro mondo, dove deve essere un &quot;detective occulto&quot; e combattere contro i demoni. Diversi personaggi si uniscono a lui nella sua ricerca: Kazuma Kuwabara, il suo ex rivale e migliore amico; Kurama, una volpe demone di 1400 anni; e Hiei, precedentemente un demone che ha cercato di conquistare il mondo e ha dovuto pentirsi dei suoi peccati aiutando Yuusuke.
Zan - Yasha Enbukyoku (Japan)	Zan: Yasha Enbukyoku è un gioco di strategia a turni ambientato nel Giappone feudale. Lo sfondo per gli eventi del gioco è la battaglia in corso tra nobili guerrieri, noti come yasha, e demoni. Tra i due stanno le &quot;persone di mezzo&quot;, cioè altri generali e governanti giapponesi. Il giocatore può scegliere di giocare come esercito yasha, demoniaco o &quot;medio&quot;. Il giocatore deve gestire il suo esercito, schierare unità per la protezione e l'attacco, nonché negoziare con altri governanti. Eventi come terremoti, pestilenze, ecc. Si verificano in modo casuale. La diplomazia non sempre funziona, quindi le battaglie contro gli eserciti nemici occupano gran parte del gioco. Le battaglie sono in qualche modo simili a quelle dei giochi di ruolo a turni (sebbene il gioco non abbia elementi di gioco di ruolo): il giocatore sceglie i comandi da un menu, come l'attacco, usa la magia, usa una tecnica speciale, usa una formazione di battaglia, ecc. nessun movimento attivo durante le battaglie. L'esito della battaglia dipende dai comandi scelti e dalla forza delle unità.
Zany Golf (USA, Europe)	All'inizio della prima buca, tutti i giocatori ricevono cinque colpi. Al completamento di ogni buca, i giocatori rimanenti ricevono più colpi pari al par della buca successiva. Se un giocatore esaurisce i colpi, viene eliminato e gli altri giocatori possono continuare. Il gioco termina quando tutti i giocatori vengono eliminati o quando viene completata l'ultima buca e viene visualizzato il segnapunti.
Zero the Kamikaze Squirrel (USA)	Il malvagio taglialegna Jacques Le Sheets ha deciso di fare il proprio denaro contraffatto. Per fare questo, ha bisogno di tagliare alberi per ottenere la cellulosa. In questo momento, la casa di Zero, il nostro scoiattolo kamikaze, è in pericolo. L'azione si svolge in fasi con piattaforme per 15 livelli, con il personaggio che raccoglie vari oggetti sul palco. Il gioco prevede di saltare attraverso i livelli con un colpo rotante e anche di attaccare con gli shuriken, che devono essere raccolti lungo il percorso. La missione è impedire che gli alberi vengano abbattuti fino al confronto con Jacques alla fine del gioco.
Zero Tolerance (World) (Switch)	La stazione spaziale Europa-1 è stata invasa dagli alieni. Durante uno degli scontri il sistema di raffreddamento nucleare è stato danneggiato, provocando un crollo nel giro di poche ore. La tua missione, come squadra di cinque delle persone più dure del Corpo, è infiltrarti e ottenere il controllo di Europa-1. Devi pulire l'intera stazione dagli alieni. Uno dei pochi sparatutto in prima persona su questa console. È necessario uccidere ogni singolo alieno su ciascuno dei livelli (da cui il nome). I cinque membri della tua squadra, che hanno abilità diverse, iniziano con armi diverse, sono le tue cinque possibilità di farcela. Questo aggiunge un livello di strategia al gioco.
Zero Wing (World) (Retro-Bit)	Come la maggior parte dei giochi del genere, ci sono tre armi con codice colore: rosso (scatter), verde (homing) e blu (laser). Ogni arma ha tre livelli di potenza e per ottenerli è necessario raccogliere aggiornamenti simili in sequenza. Tuttavia, ciò che rende il gioco unico è la capacità di utilizzare un raggio di trazione per intrappolare un nemico e poi lanciarlo contro i suoi coetanei, distruggendoli. Il gioco (o la versione PAL europea) è meglio conosciuto per essere l'origine del famigerato meme Internet &quot;All Your Base&quot; del 2001.
Zombie High (USA) (Proto)	Zombie High è un gioco a scorrimento laterale inedito per Sega Mega Drive di Electronic Arts. È stato cancellato per ragioni sconosciute, ma un prototipo iniziale è stato scaricato. Parte della musica nel prototipo è stata utilizzata in Crüe Ball.
Zombies Ate My Neighbors (USA)	Nel gioco sei un protagonista maschile o femminile (Zeke o Julia), combattendo contro vampiri, mummie, zombi, ecc. in oltre 50 livelli (esclusi i segreti) e salvando tutte le persone che trovi. C'è un numero definito di vicini che salvi in ​​ogni livello. Quando sono liberi, la porta &quot;Uscita&quot; si apre e salti al livello successivo. I livelli differiscono dal centro commerciale e dal negozio di alimentari alle spiagge e ai campi da calcio. Usando armi diverse come bazooka o pistola ad acqua devi uccidere i boss come bambini enormi, draghi o formiche alla fine dei livelli. Puoi giocare con due giocatori in modo cooperativo.
Zool (World) (Evercade)	Una volta l'anno, il mondo dei videogiochi è sconvolto da un gioco così sbalorditivo, così veloce, così colorato, così grande, così impegnativo, così mega, così imponente, così vario, così incredibile e così pieno di caratteristiche favolose e tratti sorprendenti, che chiunque lo guardi dice: &quot;è lui&quot; e quest'anno ZOOL, THE NINJA FROM THE NTH DIMENSION, è definitivamente QUELLO!
Zoom! (World)	ZOOM! è un puzzle game in stile arcade. Il tuo personaggio Zoomer (un sosia di Pacman con braccia e gambe) deve tracciare il contorno dei quadrati sul tabellone per illuminarli. I punti vengono assegnati quando vengono formati quadrati pieni, sebbene il gioco mostri anche quante linee devono ancora essere completate. Si procede al livello successivo quando tutti i quadrati sono stati illuminati. Ci sono vari mostri che cercheranno di darti la caccia: il contatto con questi ti costa energia e alla fine una vita. Ci sono anche una serie di potenziamenti che aiuteranno la tua ricerca: riempimento rapido delle tessere che circondano il pezzo bonus, un salto di livello e punti bonus, ad esempio.
Zoop (USA)	Gioco di puzzle d'azione dal ritmo veloce in cui il giocatore elimina le forme colorate che si avvicinano al suo alter ego, un'altra forma colorata, prima che raggiungano la cima, ala Tetris. nnPer eliminare le altre forme, devi puntare il tuo pezzo su di esso e &quot;sparare&quot;. Se la forma è dello stesso colore del tuo pezzo, la forma viene eliminata, così come tutte le forme dello stesso colore dietro di essa, finché il tuo pezzo non colpisce un pezzo di un colore diverso. Se la forma è di un colore diverso o viene colpita quando si raccoglie una linea di forme simili, il tuo pezzo scambia i colori con la forma.
