#key	synopsis
10 Super Jogos (Brazil) (En)	&quot;10 Super Jogos&quot; est une compilation de 10 jeux pour le marché sud américain. Les jeux inclu dans cette compilation sont : 1. California Games 2. Columns 3. Flicky 4. Golden Axe 5. Revenge of Shinobi 6. Sega Soccer 7. Super Hang-On 8. Sonic the Hedgehog 9. Streets of Rage 10. Super Monaco GP
16t (Japan) (Sega Game Toshokan)	16 tonnes est un jeu d'action sortie sur Sega Mega Drive en 1991 développer par le service Toshokan de Sega Game. Dans 16 tonnes, vous incarnez un programmeur informatique qui entre dans son ordinateur pour déboguer un programme en écrasant les bogues avec des poids de 16 tonnes. Les niveaux sont une série de plates-formes aussi bien horizontalement que verticalement.
3 Ninjas Kick Back (USA)	3 Ninjas Kick Back sur Sega Megadrive est un jeu de plates-formes tiré du film d'action éponyme. Le joueur incarne l'un des trois jeunes ninjas et doit aider un samouraï à retrouver une dague, volée par son plus grand rival. Chacun des 3 personnages possède ses propres caractéristiques et correspond à un style de jeu particulier.
6-Pak (USA)	6-PAK est une compilation de six des jeux les plus populaires sortis au début de la Sega Genesis.(megadrive) Celle-ci regroupe les titres Columns, Golden Axe, The Revenge of Shinobi, Sonic the Hedgehog, Streets of Rage et Super Hang-On.
688 Attack Sub (USA, Europe)	Devenez le capitaine d'un sous-marin à travers 10 missions dans un monde en conflit. En plus de grimper et d'abaisser le périscope, vous devrez contrôler tous les éléments de navigation pour contrôler la trajectoire, la distance par rapport aux fonds marins, le sonar pour détecter la présence ennemie et d'autres facteurs qui devront être maîtrisés pour atteindre les objectifs.
A Ressha de Ikou MD (Japan)	A Ressha de Ikou, parfois appelé &quot;Take the A-Train&quot; est une série de jeux vidéo de gestion et de simulation d'entreprise ferroviaire développé par le studio japonais Artdink. Apparu en 1985 au Japon, la série comprend huit épisodes principaux mais seuls les 3e, 4e, 5e et 8e épisodes ont été édités en occident.
Aa Harimanada (Japan)	Aa Harimanada est un jeu de sumo basé sur le manga et l'anime créé par Kei Sadayasu. Comme dans le vrai sport, le but est de faire sortir l'adversaire du ring. Cependant, ce n'est pas une interprétation particulièrement réaliste du sumo, se jouant un peu comme un jeu de combat traditionnel 1 contre 1. Il y a des saisies, des lancers et des mouvements spéciaux, et le joueur peut également gagner par KO. Il existe un mode solo qui suit l'histoire du protagoniste Harimanada, ainsi qu'un mode versus pour un ou deux joueurs où l'un des 15 personnages peut être utilisé.
Aaahh!!! Real Monsters (USA)	Aaahh!!! Real Monsters vous permet d'évoluer dans le monde de la bande dessinée de Nickelodeon du même nom. Ickis, Oblina et Krumm doivent passer leurs examens afin de devenir de vrais monstres. Chacun dispose de sa propre technique spéciale et il est possible de contrôler le monstre de son choix à tout moment. Il faut user d'astuce pour résoudre les puzzles et effrayer un maximum d'ennemis !
Academia do Saber (Brazil) (Mega Drive 4)	Academia do Saber est un jeu de puzzle. Sortie en exclusivité sur Mega Drive, dans la mémoire de certaines consoles produites par Tectoy. Il n'a jamais été produit en cartouche de jeux.
Addams Family Values (Europe) (En,Fr,De)	Un nouveau membre est arrivé au domicile des Addams: Pubert, le troisième enfant de la famille. Après une longue quête pour trouver une nounou, la candidate idéale, une femme mystérieuse nommée Debbie Jelinsky, semble finalement être apparue. La vérité, c'est que Debbie est un tueur en série connu sous le nom de The Black Widow. Il a l'intention d'épouser Fester, puis de l'éliminer et de saisir la fortune d'Addams, mais après de nombreuses tentatives infructueuses, il décide d'être plus direct et d'enlever Pubert. Immédiatement, toute la famille se met en branle pour trouver le bébé, mais ce sera Fester qui mettra le plus d'efforts dans la tâche. Il devra parcourir les vastes terrains du manoir, rassembler des indices et se frayer un chemin pour finalement mettre fin aux plans fous de Debbie.
Addams Family, The (USA, Europe)	Ils ont kidnappé Morticia. L'oncle Fester a perdu la mémoire et il est sous le charme d'Abigail Craven. Seul Gomez peut sauver le jour et faire face au mauvais juge dans un point culminant du plus grillé et fantomatique. Addams Family est un jeu de plates-formes basé sur les personnages et les scènes du film (qui, à son tour, est basé sur la célèbre série télévisée des années 1960, qui est à son tour basée sur le dessin de Charles Addams du même nom, qui est apparu dans le magazine The New Yorker, dans les années 1930). Le jeu se déroule vers la fin du film: la famille Addams a été expulsée de chez elle par une décision de justice rendue par un traître juriste, Tully Alford. Pire encore, les autres Addams: Morticia, Pugsley, Wednesday, Granny et Lurch sont manquants.
Advanced Busterhawk Gley Lancer (World) (Ratalaika Games)	Advanced Busterhawk Gley Lancer est un shoot'em up sur Megadrive. Vous incarnez Lucia, jeune pilote de la flotte spatiale qui dérobe un vaisseau Gley Lancer pour rechercher son père à l'autre bout de la galaxie. Débarrassez-vous de tous les ennemis en vue et ramassez des bonus qui améliorent vos armes et vous permettent de faire encore plus de dégâts.
Advanced Daisenryaku - Deutsch Dengeki Sakusen (Japan) (Rev A)	Advanced Daisenryaku (Advanced Military Commander) est un jeu vidéo de stratégie sorti en 1991 sur Megadrive. Le jeu a été développé par System Soft et édité par Sega. Il a été distribué uniquement au Japon. Il s'agit d'un jeu de stratégie tout en japonais. Rien de bien intéressant dans ce jeu. A réserver uniquement aux fans du genre.
Adventures of Batman & Robin, The (USA)	Livrée aux méfaits de M. Freeze et de son canon à glace, Gotham City est sur le point de devoir affronter un destin glacial. Batman et Robin sont les seuls à pouvoir lutter contre M. Freeze, le Joker, le Chapelier fou et bien d'autres ennemis redoutables.
Adventures of Mighty Max, The (USA)	The Adventures of Mighty Max s'inspire du dessin animé télévisé « Mighty Max », lui-même tiré d'une gamme de jouets. Max est un enfant qui possède une casquette magique lui permettant de voyager à travers différents mondes et de sauver les personnes en difficulté dans d'autres dimensions. Mais son ennemi juré, le démoniaque Skull Master, a récemment verrouillé tous les portails que Max utilisait pour voyager entre les dimensions. Cependant, Skull Master a conservé certains de ces portails pour lui-même, y entreposant quelques-unes de ses armes destructrices. Il est temps de détruire ces armes et d'arrêter Skull Master !
Adventures of Rocky and Bullwinkle and Friends, The (USA)	The Adventures of Rocky and Bullwinkle and Friends sur Megadrive est un jeu de plates-formes basé sur l'univers du dessin animé du même nom. Les vils Boris et Natasha on réussi à s'emparer d'objets précieux du Musée Frostbite Falls et nos deux héros doivent tout faire pour les rattraper. En plus des niveaux de plates-formes, plusieurs mini-jeux parsèment l'aventure tandis que d'autres personnages de la série font leur apparition.
Aero the Acro-Bat (USA)	Dans Aero the Acro-Bat sur Megadrive, le clown Edgar Ektor veut anéantir le cirque dans lequel il travaille. Aero, une chauve-souris rouge qui vit et travaille elle aussi dans ce cirque, va tout faire pour l'en empêcher. A travers plusieurs niveaux dans ce décor, elle saute dans des canons, fait du monocycle, et joue au funambule, jusqu'à arriver à Edgar Ektor pour tenter de déjouer ses plans.
Aero the Acro-Bat 2 (USA)	Aero the Acro-Bat 2 est la suite des aventures de la chauve-souris rouge sur Megadrive. Le clown Edgar Ektor a survécu et revient avec d'autres plans encore plus maléfiques. Aero quitte alors le cirque pour partir à sa recherche et le détruire pour de bon. En dehors du cirque, encore plus de machines et d'objets aident Aero à progresser dans les niveaux.
Aerobiz (USA)	Dans Aerobiz sur Megadrive, vous êtes à la tête d'une compagnie aérienne. Sur une période de 32 ans (de 1967 à 1995 ou de 1983 à 2015) vous devez tout faire pour devenir numéro 1 du secteur. Après avoir choisi une ville pour établir votre quartier général, 22 aéroports devront être ralliés. Pour maintenir un profit chaque année, il faut réaliser des choix stratégiques et faire face aux événements mondiaux tels que les guerres ou les Jeux Olympiques, mais aussi d'éventuelles catastrophes naturell
Aerobiz Supersonic (USA)	Nous sommes au début du XXIe siècle et la concurrence dans le secteur aérien s'intensifie. En tant que jeune PDG ambitieux, c'est à vous de veiller à ce que votre compagnie aérienne survive et ne soit pas une victime de plus. Pour réussir, vous devrez prendre des décisions difficiles, notamment concernant les destinations à desservir, les avions à acheter et la manière d'attirer des visiteurs dans les villes que vous desservez. Votre objectif : démarquer votre compagnie aérienne de la concurrence tout en réalisant des bénéfices. Préparez-vous à prendre des décisions difficiles ! Si vous faites les bons choix, vos avions domineront le ciel du XXIe siècle !
After Burner II (USA, Europe)	After Burner II est un jeu d'action sur Megadrive. Le jeu vous met aux commandes d'un puissant F-14 Tomcat afin d'abattre tous vos ennemis lors des différentes missions. Plusieurs armes sont à votre disposition : une mitraillette Vulcan Fire ainsi qu'un nombre limité de missiles.
Air Buster (USA)	Air Buster est un shoot'em up sur Megadrive. Le joueur contrôle un vaisseau et élimine tous les ennemis qui se présentent devant lui. A la fin de chaque niveau, un boss apparaît et laisse peu de place à l'erreur. Évitez les obstacles avec soin pour espérer en sortir vivant où jouer en coopération avec un ami pour une expérience accrue.
Air Diver (USA)	Air Diver est une simulation d'avion de chasse sur Megadrive. A bord de votre F-119, enrayez la menace terroriste tout en étant indétectable. Surveillez votre niveau de fuel, afin de ne pas vous retrouver en manque au mauvais moment et visez juste grâce à la vue cockpit. Éliminez vos ennemis avec classe en faisant tourner l'avion sur lui-même tout en leur livrant quelques missiles bien placés.
Air Hockey (Europe) (Sega Reactor)	Air Hockey est un jeu d'adresse dans lequel il vous faut à l'aide d'un maillet cogner un palet qui doit rentrer dans le but de votre adversaire. Vous pouvez dans ce titre affronter une intelligence artificielle ou un autre joueur.
Akira (USA) (Proto)	Un premier prototype de l'adaptation inédite de Sega Mega Drive d'Akira. Développé par Black Pearl Software vers la fin de 1993 pour une sortie prévue en 1995, ce jeu a tenté de faire une adaptation fidèle du film original en présentant diverses scènes clés du film de manière unique. Le jeu propose des segments de tir à la première personne, de course, de plate-forme et de beat-em up pour aider à illustrer les différents points de l'histoire du film. Pensé comme perdu depuis ses débuts dans divers médias ainsi que le Summer Consumer Electronic Show (SCES 94) en 1994, un premier prototype a été découvert et présenté pour la première fois dans son intégralité.
Al Michaels Announces HardBall III (USA, Europe)	HardBall III est un jeu de base-ball sur Megadrive. Jouable à un ou deux joueurs, ce titre vous propose de lancer la balle de différentes manières (balle incurvée, balle rapide...) pour tromper le batteur et remporter la victoire. Il est possible de gérer son équipe pendant la partie et d'effectuer des remplacements en plein match.
Aladdin (World) (En) (Disney Classic Games)	Accrochez-vous à votre tapis magique: l'aventure commence! Aladdin manie son cimeterre étincelant pour traverser Agrabah, échapper aux prisons du Sultan, survivre à l'épreuve des flammes de la Grotte des Merveilles, s'emparer de la lampe du Génie et sauver la Princesse Jasmine du diabolique Jafar.
Alex Kidd in the Enchanted Castle (USA)	Alex Kidd, habitant de la planète Bélier, est le frère du roi. Un jour, il entend parler d'une rumeur selon laquelle son père, le roi Thor, disparu depuis longtemps, est vivant et se trouve quelque part sur la planète Paperock. De nos jours, Paperock est un lieu où la maîtrise du «pierre-papier-ciseaux» permet d'aller n'importe où. Sachant cela, vous devez prendre le contrôle d'Alex, le guider à travers cette planète étrange et hostile et l'aider à retrouver son père.
Alfred Chicken (USA) (Proto)	Alfred Chicken met le joueur aux commandes d'une poule nommé Alfred, qui doit traverser des niveaux loufoques remplis de ballons, de téléphones, de fromages et autres objets insolites. Alfred peut marcher, sauter et picorer les ballons et les interrupteurs au sol. Il peut également sauter sur les ennemis ou des plumes pour gagner en hauteur.
Alien 3 (USA, Europe)	Alien 3 sur Megadrive vous plonge directement après la fin du film &quot;Aliens&quot;. Ellen Ripley, personnage principal de la saga, est en sommeil cryogénique à bord du Sulaco. Un alien s'est infiltré à bord, décimant l'équipage et provoquant le crash du vaisseau sur la planète Fiorina 161. Aidez Ripley à survivre et sauvez les prisonniers des griffes des aliens en attendant que les secours arrivent.
Alien Soldier (Europe)	Dans Alien Soldier sur Megadrive, vous incarnez un soldat extraterrestre génétiquement modifié décidant de rompre avec l'organisation qui l'employait jusqu'alors. Affrontez donc vos anciens alliés dans ce jeu d'action à défilement horizontal et servez-vous des six armes à votre disposition pour remonter jusqu'au boss et l'anéantir.
Alien Storm (World)	Alien Storm sur Megadrive est un beat'em all qui vous propose d'incarner Karla, Gordon ou Scooter pour sauver le monde de l'invasion alien. Chacun des avatars possédant ses propres caractéristiques, choisissez en fonction de votre style de jeu. Traversez les six niveaux pour atteindre le vaisseau mère et pour affronter la reine des extraterrestres. A vos canons !
Alisia Dragoon (USA)	Enfant, Alisia a traversé la pire épreuve de sa vie : le meurtre de son père. Le responsable de cet horrible crime n'était autre que le maléfique sorcier Baidour. Le jour du drame, Alisia jura : « Baidour regrettera d'avoir causé tant de souffrances. » Elle ne pourra compter que sur ses pouvoirs magiques et sur l'une des quatre créatures alliées qui la protégeront. Parviendra-t-elle à détruire le cocon où repose Baidour avant son réveil ?. Arpentez les 8 niveaux et usez de magie électrique pour venger la mort de son père. Des objets permettent d'améliorer sa force magique pour infliger encore plus de dégâts. Pendant le jeu, 4 compagnons peuvent accompagner Alisia et l'aider dans les moments difficiles.
American Gladiators (USA)	American Gladiators est l'adaptation sur Megadrive de l'émission américaine. Comme dans le show original, des gladiateurs des temps modernes doivent montrer leurs capacités physiques dans des épreuves aussi délirantes que difficiles. En incarnant un personnage candidat à l'émission, vous affrontez une dizaine de bodybuilders ou ex-sportifs de haut niveau, sur des murs d'escalade, dans des duels de joute ou encore dans la très célèbre épreuve Powerball.
Anaconda (Brazil) (Mega Drive 4)	Clone de Snake. Lancé exclusivement sur Mega Drive. Le jeu n'a pas été commercialisé au Brésil, mais uniquement intégré dans certains modèles de Mega Drive du distributeur Tec Toy.
Andre Agassi Tennis (USA)	André Agassi Tennis sur Megadrive vous propose d'incarner huit joueurs et joueuses, sur gazon, terre battue, ainsi que sur surface rapide. Le &quot;Kid de Las Vegas&quot; est le seul vrai joueur présent. Smashes, passing shots, vollées sont au programme. De la précision de votre placement et de votre timing dépend la réussite de vos coups dans ce jeu à la maniabilité exigeante.
Animaniacs (USA)	Animaniacs est l'adaptation de la série d'animation des studios Warner. Minus et Cortex ont élaboré un nouveau plan pour conquérir le Monde, ils ont dérobé le script du prochain film de la compagnie. M. Plotz, le PDG de la Warner demande à Yakko, Wakko et Dot de retrouver les 24 parties du script. Un seul des trois frères et soeur peut être contrôlé à la fois, cependant les trois sont visibles à l'écran et peuvent se faire capturer par le vigile Ralph.
Aniversario (Brazil) (Mega Drive 4)	Jeu de tir. En contrôlant la vue, le joueur doit tirer sur les araignées, les empêchant de descendre de la table et de manger le gâteau. Le jeu n'a pas été vendu sur support physique, mais contenu dans certains modèles de la console Mega Drive vendue au Brésil par Tectoy.
Aquaduto (Brazil) (Mega Drive 4)	Jeu de réflexion inspiré de Pipe Mania. Le but est de monter un pipeline entre la bouche d'incendie et le connecteur du réservoir. Jamais sorti sur support physique, le jeu était inclus dans la mémoire de certains modèles de consoles produites par Tectoy.
Aquatic Games Starring James Pond and the Aquabats, The (USA, Europe)	James Pond et quatre autres agents spéciaux du FI5H participent aux « Jeux Aquatiques » pour entretenir leur condition physique entre deux missions. Le jeu contient huit épreuves sportives différentes qui font appel aux réflexes, à l'adresse et à la coordination sur le principe du jeu d'arcade Track and Field (1983) : la course de vitesse 100 Meter Splash, le jeu de ballon Kipper Watching, le saut en longueur Hop, Skip and Jump, le saut acrobatique Bouncy Castle, le lancé de nourriture Feeding time, le tir de carapace Shell Shooting, la course de monocycle Tour of Grass, et la course de haie Leap Frog. Deux épreuves bonus sont à débloquer : Juggling et Long Jump. Le joueur a la possibilité de s'entraîner individuellement aux épreuves de son choix ou de participer au championnat complet qui peut accueillir jusqu'à trois autres joueurs en alternance.
Arcade Classics (USA, Europe)	Arcade Classics sur Megadrive est une compilation qui comme son nom l'indique, propose au joueur des conversions de vieux titres arcades. Trois jeux signés Atari sont inclus dans la cartouche : Missile Command, Centipede et Pong dans sa version Ultra (comprenant Pong et Hockey). Tous ces jeux ont plusieurs niveaux de difficulté et sont disponibles avec les graphismes d'origine où en version spéciale Megadrive (avec de meilleurs graphismes et effets sonores).
Arcade Legends Street Fighter II' - Special Champion Edition (World) (Radica)	L'Arcade Legends Street Fighter II ': Special Edition, connue sous le nom de Mega Drive Play TV 3 au Japon, est une &quot;console sur puce&quot; Sega Mega Drive conçue et fabriquée par Sega Toys. Dans l'Ouest a été distribué par Radica. Le système contient Street Fighter II: édition Special Champion et la version Mega Drive de Ghouls'n Ghosts en mémoire.
Arch Rivals - The Arcade Game (USA, Europe)	Arch Rivals est un jeu de basketball sur Megadrive. A la différence d'autres titres de sport, Arch Rival ne met pas un point d'honneur à respecter les règles. Au contraire, la triche est encouragée et tous les coups sont permis pour gagner ! Faites des fautes pour vous assurer le point et choisissez parmi 12 équipes différentes pour remporter la victoire.
Arcus Odyssey (World) (Evercade)	Arcus Odyssey est un jeu d'action/aventure sur Megadrive. Il y a longtemps, une terrible sorcière nommée Castomira voulut conquérir le monde, mais une princesse l'en empêcha et scella ses pouvoirs dans une épée magique. Le monde d'Arcus est en grand danger, des disciples de Castomira ont volé l'épée ! Choisissez l'un des 4 personnages ou jouez avec un ami en mode 2 joueurs.
Ariel - The Little Mermaid (USA, Europe)	La Petite Sirène sur Megadrive vous propose d'incarner Ariel dans un jeu d'action où votre objectif sera de secourir vos amis, transformés par la diabolique Ursula. Prenez garde aux congres, clams et autres créatures marines, peu enclines à vous aider dans votre tâche.
Arnold Palmer Tournament Golf (USA, Europe)	Arnold Palmer Tournament Golf est, comme son nom l'indique, un jeu de golf sur Megadrive. Choisissez votre jeu de clubs, votre joueur ainsi que votre parcours (Japon, Grande Bretagne ou États-Unis) et lancez-vous dans une partie simple ou carrément dans le mode Tournoi International. Affrontez les meilleurs golfeurs au cours des 18 trous ou un ami pour un duel sur le fairway.
Arrow Flash (USA)	Arrow Flash est un shoot'em up sur Megadrive. Contrôlez une pilote d'exception, envoyée en mission à l'autre bout de la galaxie pour empêcher un dragon d'envahir la Terre. Évitez les obstacles et détruisez le plus d'ennemis possible tout en ramassant les bonus avant d'affronter le boss de fin de niveau. Durant le jeu, vous pouvez choisir entre deux positions d'attaques différentes.
Art Alive (World)	Art Alive est un atelier créatif sur Megadrive. Le but est de dessiner à l'aide des outils fournis par la cartouche. Tracez des courbes grâce à la compatibilité avec la souris, coloriez, coupez et écrivez sur vos oeuvres nouvellement créées. Certains personnages de l'univers de Sega sont présents et peuvent être modifiés.
Art of Fighting (USA)	Art of Fighting sur Megadrive est un jeu de combat en 2D qui fut le premier à utiliser un système de zoom se déclenchant lorsque les personnages étaient proches. Choisissez parmi 10 personnages au style bien particulier et défoulez-vous sur votre adversaire à coups de pieds et de poings. Il est également possible, pour la première fois dans un jeu de combat, de débloquer des furies pour exécuter des enchaînements dévastateurs.
Asa Delta (Brazil) (Mega Drive 4)	Asa Delta est un jeu de deltaplane. Votre but est d'atterrir sur la cible : plus vous êtes près du centre, plus vous gagnez de points ! A chaque nouvelle phase, l'objectif sera de plus en plus éloigné. Utilisez A, B ou C pour prendre de l'altitude et en direction vers l'avant pour prendre de la vitesse. Lancée exclusivement sur Mega Drive. Le jeu n'est pas sorti sur support physique au Brésil, n'étant vendu qu'en mémoire de certains modèles de TecToy Mega Drive.
Asterix and the Great Rescue (USA)	Dans Astérix and the Great Rescue sur Megadrive, vous incarnerez au travers d'un jeu de plates-formes, le petit héros gaulois ainsi qu'Obelix, son fidèle compagnon &quot;un peu enrobé&quot;. Baffez, martelez, lancez du Romain, afin de libérer Dogmatix et le village d'Orvio.
Asterix and the Power of the Gods (Europe) (En,Fr,De,Es)	Astérix et le Pouvoir des Dieux est un jeu de plates-formes sur Megadrive. Guidez Astérix et Obélix à travers les différents niveaux du jeu. Sautez, courez et mettez des baffes aux Romains qui croisent votre route ! Il y a plusieurs bonus à ramasser en chemin le long des niveaux venant tout droit de l'univers du Gaulois le plus célèbre de la planète.
Atomic Robo-Kid (USA)	Dans Atomic Robo-Kid, le joueur contrôle un robot disposant d'un laser qui peut évoluer en récupérant des bonus laissé par certains ennemis. Chaque nouvelle arme obtenue s'ajoute aux armes disponibles, le joueur peut sélectionner à tout moment son arme. Quatre armes différentes peuvent être collectées. Le tir du robot suit le sens du déplacement, vers la droite ou la gauche de l'écran. Dans les niveaux à défilements multi-directionnels, le tir reste horizontal. Les niveaux sont assez courts mais nombreux.
Atomic Runner (USA)	Atomic Runner est un shoot'em up sur Megadrive. Vous contrôlez Chelnov, un scientifique dont la soeur a été enlevée par des extraterrestres nommés Deatharians. Grâce à sa combinaison, Chelnov devient Atomic Runner et bénéficie de super pouvoirs. Dans ce jeu, le héros court en permanence et vous ne contrôlez pas son avancé. Vous utilisez la manette pour sauter et tirer sur les nombreux ennemis qui apparaissent.
ATP Tour Championship Tennis (USA)	ATP Tour Championship Tennis est un jeu de tennis sur Megadrive. Grâce à la licence ATP, ce jeu vous offre la possibilité d'incarner 21 joueurs officiels (parmi lesquels Pete Sampras, John McEnroe ou encore Stefen Edberg) dans 11 tournois. Une option permet également de créer son propre joueur selon 7 critères et de l'emmener jusqu'à la victoire !
Australian Rugby League (Europe)	Australian Rugby League est un jeu vidéo de rugby à XIII sorti en 1994 sur Mega Drive. Le jeu a été développé par Electronic Arts et édité par EA Sports.Le jeu est basé sur Rugby World Cup 1995 mais utilise les règles du rugby à XIII au lieu de celles du rugby à XV.
Awesome Possum Kicks Dr. Machino's Butt (USA)	Awesome Possum est un jeu de plates-formes sur Megadrive. Sauvez la planète de l'influence néfaste du Dr. Machino, prêt à tout pour débarrasser la Terre de toute forme de vie. Vous incarnez un jeune Opossum et devrez foncer dans les niveaux tout en détruisant (ou en évitant soigneusement) les robots du Dr. Machino pour espérer l'arrêter.
Aworg - Hero in the Sky (Japan) (Sega Game Toshokan)	Awogue est un jeu d'action à défilement dans lequel le joueur contrôle un héros qui vole et flotte constamment : Awogue peut se déplacer librement à l'aide de ses réacteurs, lesquels le propulsent dans différentes directions tout en tirant une bouffée d'air dans la direction opposée.
Ayrton Senna's Super Monaco GP II (USA) (En,Ja)	Défiez le sextuple vainqueur du GP de Monaco et triple champion du monde des pilotes dans Ayrton Senna's Super Monaco GP II sur Megadrive. Faites-vous un nom parmi les autres compétiteurs, sur les 16 circuits du championnat du monde FIA à travers le mode World Championship ou tentez votre chance en face-à-face contre Ayrton Senna lui-même, grâce au Senna GP.
B.O.B. (USA, Europe)	Juste au moment où il pense pouvoir sortir en toute sécurité… Il détruit sa voiture ! Une fois la poussière retombée, B.O.B. se retrouve coincé sur une planète hostile et isolée, à des années-lumière de chez lui. Pire encore, la planète est peuplée des créatures les plus effrayantes et des machines meurtrières qu'il ait jamais vues. Tu dois aider B.O.B. à se frayer un chemin à travers les escouades d'extraterrestres pour rejoindre sa chérie galactique ! Avec plus de 45 niveaux éprouvants ! Six gadgets sophistiqués ! Six types de munitions, dont des tirs et des lasers ! Plus de 40 ennemis menaçants et des boss à gogo ! Des courses de fusées à la vitesse de l'éclair !
Baby Boom (USA) (Proto 3)	Baby Boom est un jeu d'action inédit annoncé à l'occasion du Sega Gamer's Day 1994 pour Sega Mega Drive, Sega Mega-CD et Sega Game Gear. Il a ensuite été annulé pour des raisons inconnues. Trois premiers prototypes de la version de Mega Drive ont été divulgués sur Internet, montrant que le jeu était en grande partie destiné à ramasser des bébés et à les faire sortir dans les plus brefs délais. Seulement trois niveaux normaux et deux niveaux de bonus existent dans le dernier prototype (daté du 1994-08-11).
Baby's Day Out (USA) (Proto 2)	Baby's Day Out est un jeu vidéo de réflexion sorti en 1994 sur Mega Drive. Le jeu a été développé par Designer Software et édité par Hi-Tech Enterprises.Le système de jeu rappelle un peu celui de Lemmings dans le sens où le bébé n'est contrôlé qu'indirectement et doit être guidé jusqu'à la fin du niveau.
Back to the Future Part III (USA)	Inspiré du film du même nom, le jeu d'action Back to the Future Part III (Retour vers le Futur 3 en français) sur Megadrive comporte 4 niveaux retraçant les moments forts du scénario. Vous commencez à cheval pour rattraper le chariot de la maîtresse, puis passez à une séquence de tir à la foire. Vous devez ensuite lancer des plats à tartes sur la bande de Bufford et terminez en traversant le train tandis que celui-ci gagne en vitesse pour atteindre les fameux 88 miles par heure.
Bahamut Senki (Japan)	Le monde de Bahamut est divisé en huit puissants pays. Quatre d'entre eux sont gouvernés par des êtres humains ou des créatures humaines, tandis que les quatre autres sont sous le contrôle des forces démoniaques du mal. Ces pays font la guerre les uns aux autres, chacun essayant de dominer les autres. Votre tâche est de choisir l'un de ces pays et de le rendre le plus puissant de Bahamut, conquérir les autres et vaincre leurs seigneurs. Il s'agit d'un jeu de stratégie tour par tour. Au début de chaque tour, vous pouvez faire en sorte que votre chef exécute plusieurs actions, comme recruter des soldats, déclarer la guerre ou s'établir dans la région par des entretiens diplomatiques avec d'autres dirigeants. Dans les batailles, vous contrôlez plusieurs unités de soldats ou de créatures magiques que vous pouvez appeler pour vous aider.
Ball Jacks (Japan, Europe) (En)	Ball Jacks est un jeu de réflexion sur Megadrive. Vous contrôlez un petit robot qui dispose de 2 mains-ventouses, et vous devez attraper les balles que protège le robot d'en face. Le jeu se présente comme une succession de duels, le but étant de récupérer les balles adverses tout en protégeant les siennes. Ces balles peuvent être relâchées sur l'ennemi pour le détruire et lui faire perdre un temps précieux.
Ballz 3D - The Battle of the Ballz (USA, Europe)	Ballz est un jeu de combat sur Megadrive. L'originalité du titre vient du fait que les combattants que l'on peut choisir sont uniquement constitués de balles. Le jeu propose 3 niveaux de difficulté, jusqu'à 21 matches ainsi qu'un mode 2 joueurs.
Barbie Super Model (USA)	Aidez Barbie à devenir top model. Vous incarnez la célèbre poupée et découvrez la journée de dur labeur d'un mannequin jeune et jolie. Conduisez votre bolide rose cheveux au vent, apprenez à marcher correctement, faites des séances de maquillage et n'oubliez pas la lecture quotidienne des derniers magazines de mode. Lors des défilés, vous devrez suivre les étoiles sur le sol pour que Barbie fasse bonne impression.
Barbie Vacation Adventure (USA) (Proto)	Barbie : Vacation Adventure vous propose de partir en vacances avec la poupée Barbie dans 4 endroits différents : Iowa, Wyoming, Texas et Floride. Pour chaque destination un mini-jeu différent vous sera demandé parmi lesquels de l'équitation, du montage de tente ou encore du volleyball.
Barney's Hide & Seek Game (USA)	Barney's Hide & Seek Game est un jeu de plates-formes à destination d'un jeune public sur Megadrive. Retrouvez Barney, le gentil dinosaure ami des enfants dans 4 niveaux différents. Barney et les enfants jouent à cache-cache, et il faut maintenant les retrouver ainsi que les cadeaux qu'ils ont semés. Sautez et cherchez tous les cadeaux pour remporter la victoire.
Bass Masters Classic (USA)	Bass Masters Classic est un jeu de pêche sur Megadrive. Choisissez votre personnage favori et prouvez que vous pouvez remporter le tournoi et pêcher les plus gros poissons. Achetez-vous le matériel adéquat et conduisez votre bateau jusqu'à l'endroit propice, lancez votre ligne et attendez que ça morde !
Bass Masters Classic - Pro Edition (USA)	Bass Masters Classic : Pro Edition est un jeu de pêche sur Megadrive. Choisissez votre personnage favori et prouvez que vous pouvez remporter le tournoi et pêcher les plus gros poissons. Achetez-vous le matériel adéquat et conduisez votre bateau jusqu'à l'endroit propice, lancez votre ligne et attendez que ça morde ! Cette version Pro rajoute de nouveaux lacs et des noms d'équipements officiels.
Batalha Naval (Brazil) (Mega Drive 4)	Dirigez une équipe dans une bataille de la vie ou de la mort! Utilisez les touches fléchées pour sélectionner votre cible et appuyez sur A, B ou C pour tirer.
Batman - Revenge of the Joker (USA)	Batman : Revenge of the Joker est un jeu d'action/plates-formes sur Megadrive. Le Joker s'est évadé de l'asile d'Arkham et c'est une nouvelle fois à Batman de l'arrêter. Arpentez les différents niveaux du jeu tout en ramassant des bonus pour améliorer vos armes et vos gadgets. Certains niveaux vous proposent de vous déplacer en jetpack pour une jouabilité de type shoot'em up.
Batman - The Video Game (USA)	Le Joker est de retour, et son attention est portée sur Gotham City. Seul le contrôle total pourra le satisfaire! Avec l'aide de la Batmobile et de la Batwing, et avec vous aux commandes, Batman est prêt à contrecarrer les plans du Joker!
Batman Forever (World)	Batman Forever sur Megadrive est l'adaptation du film sorti en 1995. Vos ennemis sont l'Homme Mystère et Double-Face que vous rencontrerez à plusieurs reprises dans le jeu. Vous devez évoluer dans des niveaux mêlant combat et plates-formes, en tirant parti de tous les gadgets que vous pouvez assigner à Batman avant chaque nouvelle mission.
Batman Returns (World)	Dans Batman Returns sur Megadrive, vous défendez Gotham City et tentez de faire échouer les plans du Pingouin et ses hommes. Vous évoluez sur terre ainsi que dans les airs grâce aux gadgets que vous assignez à la ceinture de Batman.
Battle Frenzy (USA) (En,Fr,De,Es) (Sega Channel)	Bloodshot (Battle Frenzy sur Mega-CD) est un jeu de tir à la première personne sur Megadrive. Nous sommes en l'an 2049 et une armée extraterrestre est sur le point d'envahir tout le système solaire. Vous avez été choisi et l'armée vous a implanté une puce &quot;Battle Frenzy&quot; faisant de vous le meilleur soldat au monde. Avancez dans les vaisseaux ennemis pour les anéantir de l'intérieur et utilisez toutes les armes à votre disposition pour vaincre cette menace.
Battle Golfer Yui (Japan)	Le jeu est d'un genre assez particulier puisqu'il mélange les caractéristiques d'un jeu de golf avec celles d'un jeu de rôle.
Battle Mania Daiginjou (Japan, Korea) (Ja)	Battle Mania Daiginjo est un jeu vidéo développé et édité par Vic Tokai, sorti en 1993 sur Mega Drive. Il s'agit d'un shoot them up à défilement horizontal.Il fait suite à Trouble Shooter (1991).
Battle Squadron (USA, Europe)	Battle Squadron est un shoot'em up sur Megadrive. Jouable seul ou avec un ami, ce titre vous met aux commandes d'un vaisseau spatial qui doit faire le ménage dans les airs. Vos différentes armes peuvent être améliorées en route en ramassant des bonus et une &quot;Nova Smart Bomb&quot; fera énormément de dégâts lorsque vous l'utiliserez.
Battlemaster (USA)	Battlemaster est un jeu vidéo d'action-aventure et de stratégie conçu par Mike Simpson et Simon Jones, développé par PSS et publié par Mirrorsoft en 1990 sur Amiga et Atari ST et en 1991 sur PC et Mega Drive. Le jeu se déroule dans un univers médiéval fantastique dans lequel le joueur contrôle un champion devant combattre contre des puissances démoniaques pour conquérir et unifier quatre royaume afin de restaurer la paix dans ces derniers
Battletech - A Game of Armored Combat (USA)	Battletech est un jeu d'action sur Megadrive qui vous met aux commandes d'un robot Matcat Mech. Au fil des différentes missions, détruisez vos ennemis sur le champ de bataille avec les armes dont vous disposez : mitraillette, mines, lance-roquettes ou encore bombe atomique !. Le terrain changera au fil des niveaux ainsi que les conditions de combat.
Battletoads (World)	Battletoads sur Megadrive vous met dans la peau de Zitz, crapaud aux pouvoirs qui sortent de l'ordinaire. Votre but : sauver vos deux frères enlevés par la Reine Noire. Débarrassez-vous de vos adversaires à travers diverses phases de jeu passant par la conduite de véhicules, le simple combat rapproché ou le jeu de plates-formes.
Battletoads-Double Dragon (USA)	La Terre est prise pour cible par Colossus, un vaisseau de guerre aussi grand qu'une ville. À l'aide de puissants canons laser, il a détruit la plupart des forces de défense terrestres, tandis que ses nombreuses troupes s'occupent du reste de la planète. Tous, sauf cinq guerriers. Les Battletoads, bien conscients des forces maléfiques qui rôdent dans la galaxie, s'allient à Billy et Jimmy Lee de Double Dragon pour défendre la Terre contre ce vaisseau meurtrier et ses troupes. À l'aide d'une gamme de coups spéciaux, vous devez vous frayer un chemin à travers les rues jusqu'au cœur du vaisseau pour le détruire.
Beast Wrestler (World) (Evercade)	Beast Wrestler est un jeu de combat en perspective isométrique sur Megadrive. Choisissez votre monstre ou dragon de combat et lancez-vous dans l'arène. Chacun des combattants possède ses propres attaques et coups spéciaux. Plus vous combattrez d'ennemis puissants, plus vos statistiques de combat s'accroissent. Un magasin est aussi présent pour obtenir des bonus.
Beastball (World) (Evercade)	Beastball est un jeu de sport Sega MegaDrive inédit. Il s'agit d'une adaptation sur console du titre de 1993 Amiga Brutal Football / Crazy Football (porté sur l'Amiga CD32 en 1994, IBM PC en 1995 et sur l'Atari Jaguar en 1994 comme Brutal Sports Football). Beastball était également prévu sur Super Nintendo, mais a été annulé au moment de la sortie de cette adaptation MegaDrive. Un prototype a depuis été réalisé montrant un jeu presque terminé. Les deux versions MegaDrive et Super Nintendo ont été annoncées en Amérique du Nord fin 1993, pour un lancement soit à Noël de cette année, soit début 1994. La version MegaDrive avait également été envoyée en petite quantité à la presse pour test. Malgré son développement en Europe, aucun plan ne semble avoir été mis en place pour distribuer Beastball en dehors de l'Amérique du Nord.
Beauty and the Beast - Belle's Quest (USA)	La Belle et la Bête : Belle's Quest est un jeu de plates-formes sur Megadrive. Incarnez Belle et suivez la trame du film de Disney en traversant tous les décors clés du dessin animé. De nombreux personnages issus du film apparaissent et il ne tient qu'à vous d'aller rencontrer votre Prince Charmant.
Beauty and the Beast - Roar of the Beast (USA)	La Belle et la Bête : Roar of the Beast est un jeu de plates-formes sur Megadrive. Le joueur contrôle la Bête, et peut vivre les évènements du film à travers son point de vue. Retrouvez les environnements du dessin animé comme le château où l'inquiétante forêt. Sautez sur les ennemis et effrayez-les grâce à votre puissant rugissement avant d'affronter plusieurs boss de fin de niveau. Des mini-jeux sont également présents durant l'aventure.
Beavis and Butt-Head (USA)	Beavis and Butt-Head est l'adaptation sur Megadrive de la série animée américaine diffusée sur MTV dans les années 90. Vous jouez avec les deux compères et enchaînez les bêtises au collège, à l'hôpital ou dans Highland, la ville fictive du dessin animé. La vulgarité, la violence et la stupidité sont toujours au rendez-vous, sans oublier le ricanement culte des deux protagonistes.
Berenstain Bears' Camping Adventure, The (USA)	Dans The Berenstain Bears' Camping Adventure sur Megadrive, vous incarnez les membres de la famille d'ours partis faire du camping en forêt. Vous explorerez les lieux à la recherche de friandises telles que du miel ou du bon poisson frais. Mais il vous faudra prendre garde aux autres animaux peuplant les bois.
Best of the Best - Championship Karate (USA)	Dans Best of the Best : Championship Karate sur Megadrive, devenez le meilleur combattant de kick boxing et non de karaté, comme l'annonce le titre. Après avoir choisi votre représentant parmi plusieurs personnages issus de pays différents et possédant des caractéristiques propres, vous devez l'entraîner afin d'être prêt pour les combats. Il faut bien faire attention à ne pas perdre un match, car à chaque défaite, les caractéristiques du boxeur chutent.
Beyond Oasis (USA)	Dans le jeu de rôle/action La Légende de Thor sur Megadrive, incarnez le prince Ali, détenteur du bracelet d'or capable d'invoquer les esprits. Vous devez lutter contre le propriétaire du bracelet d'argent qui, lui, sème le chaos et la destruction. Parcourez les terres de votre royaume et apprenez à maîtriser les différents pouvoirs de votre bracelet pour renvoyer les créatures dans l'autre monde.
Beyond Zero Tolerance (USA) (Proto 2)	Beyond Zero Tolerance est une suite inédite de Zero Tolerance. C'est jeu de tir à la première personne, l'un des rares disponibles pour le système. Un prototype de Beyond Zero Tolerance (&quot;Build: 062395a&quot;, suggérant une date de sortie du 23 juin 1995) a été publié gratuitement par son créateur (comme Zero Tolerance). C'est surtout le même jeu que Zero Tolerance avec des nouveaux graphismes, et il est loin d'être complet. Toute la musique est recyclée du premier jeu.
Bil Bolha (Brazil) (Mega Drive 4)	Bil Bilha et ses frères ont été arrêtés dans une mystérieuse machine. Votre objectif est de tous les libérer. Le problème est que la machine a une règle étrange. Lorsque vous relâchez ou emprisonnez l'un d'entre eux, ceux de gauche, de droite, de haut en bas changent d'état. S'ils étaient libre, ils sont pris. S'ils étaient prisonniers, ils sont libre. Il y a plusieurs configurations de machine initiales à résoudre, y compris &quot;Raffle&quot; qui crée une configuration aléatoire. Pour libérer ou emprisonner, appuyez simplement sur les boutons A, B ou C lorsque la sélection se situe sur l'emplacement choisi. Maintenant, jouez, ils ont besoin de votre aide! Jeu de réflexion. Le jeu n'a pas été vendu sur support physique, mais n'est sorti dans la mémoire de certains modèles de consoles Mega Drive vendus au Brésil, tels que le Sega TecToy Super Mega Drive 3 avec 71 jeux en mémoire. Ensuite, le jeu a commencé à apparaître également dans les modèles AtGames lancés dans le monde entier. Jeu sorti exclusivement sur le Mega Drive.
Bill Walsh College Football (USA, Europe)	Bill Walsh College Football est un jeu de football américain sur Megadrive. Ce jeu s'intéresse particulièrement à la ligue étudiante très appréciée aux États-Unis. Choisissez parmi les équipes les plus prestigieuses et faites honneur à votre université. Le titre propose les 25 équipes de la saison 92 auxquelles viennent s'ajouter une sélection de 25 équipes de légendes (Pitt '80, Auburn '83, Florida '84, Brigham Young University Provo' 84, Texas '81, Notre Dame '88...).
Bill Walsh College Football 95 (USA)	Bill Walsh College Football 95 est un jeu de football américain sur Megadrive. Ce jeu s'intéresse particulièrement à la ligue universitaire très appréciée aux États-Unis. Choisissez parmi les 38 équipes des universités les plus prestigieuses (Florida State, Texas, Notre Dame) et faites honneur à vos couleurs. Plus de 11 formations d'attaques et de défenses sont disponibles pour une stratégie poussée.
Bill's Tomato Game (USA) (Proto)	Aidez une tomate à atteindre la sortie des tableaux en plaçant divers objets qui influeront sur la physique, comme des ventilateurs ou des trampolines.
Bimini Run (USA)	Vous allez donc prendre part à jeu d'action sur l'eau en vue à la troisième personne où vous serez à bord d'un bateau avec votre ami afin d'éliminer les fameux hommes de main du Dr Orca. Vous pourrez tirer sur les bateaux ennemis mais aussi leurs hélicoptères, qui peuvent arriver de partout. A chaque niveau, un objectif vous est donné, en général détruire tel ou tel bâtiments/véhicules, afin de pouvoir passer au prochain niveau.
Bio Hazard Battle (USA, Europe)	Une armée de mutants génétiquement modifiés terrorise le monde et met en péril le futur de la planète dans Bio Hazard Battle sur Megadrive. A travers 8 niveaux d'action intense, vous êtes confronté à quelques-unes des plus viles créatures jamais rencontrées. Vous disposez de 4 Biovaisseaux de combat, chacun se manipulant différemment et possédant son propre arsenal de guerre. Votre mission vous mène dans des mines caverneuses, les fonds de l'océan et au Laboratoire de guerre Biologique.
Bishoujo Senshi Sailor Moon (Japan)	Le manga et dessin animé Sailor Moon a droit à son adaptation sur Megadrive. Ce beat'em all reprend la première saison du dessin animé et vous avez le choix parmi les cinq guerrières pour combattre les forces du mal. Sailor Moon, Mercure, Mars, Jupiter et Venus ont toutes des attaques spéciales différentes et des particularités comme la vitesse de Sailor Mercure ou le fouet de Sailor Venus. Les fans seront ravis de parcourir les lieux de la série en compagnie des cinq héroïnes.
Blades of Vengeance (USA, Europe)	Blades of Vengeance est un jeu d'action/plates-formes sur Megadrive comprenant également certains éléments de jeu de rôle. La Dark Lady a déchaîné les enfers et des hordes de monstres doivent être arrêtées. Choisissez entre la Chasseresse, le Guerrier ou le Sorcier pour en venir à bout. Chaque personnage a des capacités propres et il est possible de le faire évoluer au fur et à mesure du jeu.
Blaster Master 2 (USA)	Blaster Master 2 est un jeu d'action/plates-formes sur Megadrive. Jason et Sophia ont vaincu le vil Plutonium mais l'un de ses sbires à malheureusement survécu. Pour empêcher son ascension au pouvoir, Jason doit construire un autre tank Sophia et le défier. Dans votre tank, vous pouvez rouler, sauter et tirer de 2 manières différentes. Certaines actions, comme escalader une échelle, vous obligeront à faire sortir Jason du tank.
Blockbuster World Video Game Championship II (USA)	Jeu de Basket sortis sur Megadrive en 1995
Blockout (World)	Block Out est un puzzle-game sur Megadrive s'inspirant du concept de Tetris mais transposé en 3D. Avec une vue du dessus, vous devez tourner les blocs dans tous les sens pour qu'ils s'emboîtent sans laisser d'espaces vides. Pour rehausser la difficulté, tout est paramétrable (taille du puits, vitesse, rangées etc...) dans les options.
Body Count (USA) (Sega Channel)	Body Count est un jeu de tir sur Megadrive. Des extraterrestres ont envahi la Terre et c'est vous qui êtes appelé pour sauver le monde. Dans un style de shoot arcade, Body Count vous propose de faire le ménage dès que des ennemis apparaissent à l'écran. Lorsque tout le monde est mis hors d'état de nuire, vous êtes amené automatiquement vers l'écran fixe suivant. Des bonus peuvent être ramassés en cours de route pour une super attaque dévastatrice.
Bomber (USA) (Sega Gopher)	explosez vos adversaires! Mais attention à ne pas détruire les objets, ils peuvent être utiles! Jeu de labyrinthe inspiré du mode de combat de la franchise Bomberman. Le jeu n'a pas été vendu sur un support physique, mais uniquement dans la mémoire de certains modèles de consoles MegaDrive vendues au Brésil, tels que le Sega TecToy Super MegaDrive 3 avec 71 jeux en mémoire. Jeu sorti exclusivement sur Mega Drive.
Bonanza Bros. (Japan, Europe) (En,Ja)	Bonanza Bros. sur Megadrive est un jeu de plates-formes. Vous dirigez successivement Mobo et Robo, les deux frères Bonanza dans des missions d'infiltration pour tester le système de sécurité d'une entreprise. Pour ce faire, collectez tous les trésors et mettez hors d'état de nuire les gardiens dans le temps imparti.
Bonkers (USA, Europe)	Bonkers est un jeu d'action sur Megadrive basé sur la série Disney du même nom. Bonkers lit dans le journal qu'un concours pour trouver le meilleur policier est organisé. Pour le remporter, Bonkers doit capturer 4 criminels recherchés. Attraper chaque félon se présente comme un mini-jeu différent (lancer des donuts sur un criminel dans un musée, construire un mur de brique pour l'empêcher de s'échapper etc...).
Boogerman - A Pick and Flick Adventure (USA)	Dans Boogerman sur Megadrive, vous dirigez un super héros cradingue. C'est un jeu de plates-formes traditionnel où il faut courir et sauter à travers les niveaux, sauf qu'ici pour tuer les ennemis, le héros doit roter, pêter et balancer des crottes de nez. Les niveaux traversés sont d'ailleurs tout aussi dégoutant : Montagne de muqueuse, Marécage flatulent, etc. Emétophobes s'abstenir...
Bottle Taps Race (Europe) (Sega Reactor)	Inspiré du jeu traditionnel polonais du même nom, il a été adapté à l'esthétique brésilienne. Le joueur affronte trois adversaires contrôlés par l'ordinateur dans une course du départ à l'arrivée. À l'instar d'un jeu de golf, une jauge se remplit pour mesurer la distance à parcourir avec la capsule : plus la jauge est remplie, plus la capsule ira loin. Cependant, si la capsule sort des limites du parcours, le lancer est considéré comme manqué et c'est au tour d'un autre joueur contrôlé par l'ordinateur.
Boxing Legends of the Ring (USA)	Dans Boxing Legends of the Ring, vous montez sur le ring aux côtés de huit légendes de la catégorie des poids moyens, parmi lesquelles Roberto Durán, Jake LaMotta, Sugar Ray Leonard, Marvin Hagler et James Toney. Vous pouvez disputer des combats d'exhibition ou gravir les échelons en mode carrière pour devenir le plus grand de tous les temps. Utilisez des jabs, des crochets, des uppercuts et même, de temps à autre, des coups bas illégaux pour épuiser votre adversaire. Chaque mise au tapis vous rapporte un Super Punch, un coup dévastateur qui peut mettre fin au combat s'il touche sa cible, mais que vous perdez si vous le ratez. Deux indicateurs suivent l'action : des jauges de frappe en forme de gants et un affichage des dégâts montrant les visages des boxeurs se couvrir de bleus et de sang au fil du temps. Une touche originale : la caméra alterne à chaque round, passant de votre point de vue à celui de l'épaule de votre adversaire pour une expérience plus cinématographique.
Bram Stoker's Dracula (USA)	Le joueur incarne Jonathan Harker qui, dans sa quête pour anéantir le vampire de Transylvanie, doit traverser neuf niveaux, en commençant par une taverne située près du château de Dracula, puis le château lui-même. De retour en Angleterre, il faudra chasser Dracula et ses sbires d'un couvent, d'une abbaye et de la maison de Mina, la fiancée de Jonathan, entre autres. nnnnL'une des tâches principales de chaque niveau consiste à trouver et à détruire plusieurs cercueils contenant de la terre de Transylvanie. Jonathan est gêné dans sa progression par des sbires ainsi que par des créatures sous le contrôle du vampire : chauves-souris, rats, serpents et bien d'autres encore. Le dernier cercueil de chaque lieu est généralement gardé par l'un des sbires les plus puissants de Dracula, parmi lesquels figurent ses trois épouses, le fou Renfield et l'amie de Mina, Lucy, désormais transformée en mort-vivante.
Brett Hull Hockey 95 (USA)	Brett Hull Hockey 95 est un jeu de hockey sur glace sur Megadrive. Le jeu présente une vue isométrique et un vrai respect des règles, des fautes et tactiques de jeu. Des commentaires d'analyse sont présents avant chaque match, et un mode vous permet d'améliorer vos compétences en suivant les conseils de Brett Hull.
Brian Lara Cricket (Europe)	Brian Lara Cricket est un jeu de criquet sur Megadrive. Bénéficiant de la licence de l'un des plus grands joueurs de l'histoire, Brian Lara Cricket vous propose de plonger dans la compétition avec les meilleures équipes mondiales. Jouez en match simple ou lancez-vous dans le tournoi international et remportez la victoire !
Brian Lara Cricket 96 (Europe)	Brian Lara Cricket '96 (également connu sous le nom de Lara '96 et Shane Warne Cricket en Australie et en Nouvelle-Zélande) est la suite de Brian Lara Cricket et le deuxième jeu de Cricket de la série. Le style et le gameplay sont presque identiques aux versions précédentes du jeu. Lara '96 a mis en vedette les noms de joueurs mis à jour et les statistiques de la saison de cricket de 1997. Les fonctionnalités supplémentaires notables incluent la capacité de jouer au &quot;18 English county sides&quot;, ainsi qu'un éditeur de joueur. Lara '96 utilise les mêmes graphiques pseudo-3D utilisés par son prédécesseur, mais les animations et les sprites ont été mis à jour.
Brutal - Paws of Fury (USA)	Brutal : Paws of fury est un jeu de combat sur Megadrive. Le Dalaï-Lama, plus grand guerrier du Monde, a convié tous les animaux maîtres dans leur discipline. Un rat boxeur, un singe maître de kung-fu ou encore un crocodile karateka, voilà les combattants qui se défient pour avoir l'honneur d'affronter le Dalaï-Lama. Le style loufoque des personnages et les animations ne manqueront par d'ajouter une bonne dose de rire dans toute cette violence.
Bubba 'N' Stix (USA)	Bubba 'n' Stix est un jeu de plates-formes sur Megadrive. Bubba est livreur pour le zoo du coin et se fait enlever par des extraterrestres pour finir dans leur propre zoo. En route, leur vaisseau rencontre des problèmes et Bubba se retrouve coincé sur une lointaine planète avec d'autres créatures étranges dont Stix qui se lie d'amitié avec lui. Traversez tous les niveaux du jeu en compagnie du duo pour espérer rentrer sur cette bonne vieille Terre.
Bubble and Squeak (USA)	Le chat maléfique aux neuf queues tient les jolies créatures bleues de la planète Grool, et leur a même coupé la queue! Le seul à avoir échappé à un si horrible massacre de queues a été Squeak. Mais maintenant, il a atterri dans un nouveau monde. Ils doivent retourner à Grool et collecter suffisamment de bijoux et de pièces pour que le chat sinistre disparaisse une fois pour toutes, pour cela, ils doivent travailler ensemble.
Bubsy II (USA, Europe)	Bubsy est de retour ! Après avoir vaincu les méchants Woolies dans le premier opus, Bubsy, le courageux lynx roux, doit se lancer dans une aventure encore plus périlleuse : explorer un mystérieux manoir hyperdimensionnel, au sein duquel se trouvent des portails menant à différents endroits, à différentes époques. À l'instar des jeux Sonic, Bubsy se déplace très rapidement et peut également sauter très haut. Bubsy élimine ses ennemis en sautant sur leur tête. Les niveaux sont vastes et accessibles dès le début du jeu (à l'exception du niveau ultime), en commençant soit par l'aile ouest, soit par l'aile est. Il existe cinq types de niveaux classiques : une pyramide égyptienne, un environnement de type spatial de science-fiction, un monde rempli d'instruments de musique et de notes, un niveau « vert » avec des arbres et des collines, et une série de niveaux à défilement horizontal où Bubsy doit piloter un avion.
Bubsy in - Claws Encounters of the Furred Kind (USA, Europe)	Bubsy est le nom d'un petit lynx qui vit ses aventures sur la Megadrive. Woolies, un extraterrestre en forme de lapin, a volé toutes les pelotes de laine. Bubsy part donc dans la jungle, le désert et autres pour tenter de réunir entre 500 et 1000 pelotes par niveau. Mais il doit faire attention aux ennemis car si l'un d'entre eux le touche, il meurt. Il lui suffit par contre de sauter sur eux pour les battre. Des bonus, matérialisés par des tee-shirts, l'aideront dans cette quête.
Buck Rogers - Countdown to Doomsday (USA, Europe)	Buck Rogers : Countdown to Doomsday est un jeu de rôle à la troisième personne sur Megadrive. Endormi depuis des siècles en état de stase, vous êtes Buck Rogers, héros militaire et véritable symbole de son temps. Vous vous éveillez au 25ème siècle alors qu'une nouvelle guerre fait rage. Rejoignez les rangs de la New Earth Organization qui se bat pour la sauvegarde de sa planète, rassemblez une équipe parmi les rebelles et passez à l'attaque !
Budokan - The Martial Spirit (Europe)	Budokan : The Martial Spirit est un jeu d'arts martiaux sur Megadrive. Plusieurs arts sont disponibles dont le karate, le kendo, le nunchaku ou encore le bo. Utilisez vos coups avec précision tout en gardant un oeil sur vos jauges de ki et d'endurance pour espérer remporter la victoire. Vous pouvez vous entraîner dans un dojo pour ensuite affronter les meilleurs dans le Championnat du Monde de Budokan.
Bugs Bunny in Double Trouble (USA)	Bugs Bunny doit arrêter Gossamer, le robot créé par Sam le Pirate, désormais hors de contrôle de son créateur. Bugs Bunny in Double Trouble sur Megadrive est un jeu de plates-formes où vous devrez tantôt guider un personnage vers un endroit sûr, échapper à un poursuivant, ou battre un monstre. Bugs révèle ses talents de lièvre grâce à sa course rapide et à de grands bonds dont vous devrez tirer profit !
Bulls versus Blazers and the NBA Playoffs (USA, Europe)	Le jeu reprend les 16 équipes des playoffs de la saison 1991-1992, dont le vainqueur, les Chicago Bulls, et le finaliste, les Portland Trail Blazers. La licence officielle assure de pouvoir jouer avec les vrais noms des joueurs dont Michael Jordan, meilleur joueur de la saison. 2 sélections All-stars sont d'ailleurs jouables.
Bulls vs Lakers and the NBA Playoffs (USA, Europe)	Bulls vs Lakers and the NBA Playoffs est un jeu de basket sur Megadrive. Retrouvez les 16 équipes des Playoff de la NBA 1991 ainsi que les couleurs et logos officiels. Les meilleurs joueurs se voient doté de mouvements originaux qu'eux seuls pourront réaliser et les statistiques des joueurs augmentent au fur et à mesure de vos matchs. Le mode deux joueurs inclus un mode coopératif en plus du mode versus.
Burning Force (World) (Evercade)	Burning Force est un shoot'em up sur Megadrive. Vous incarnez Hiromo, une jeune fille aux cheveux bleus à bord d'une moto volante. Alors que les extraterrestres ont envahi la Terre, c'est Hiromo qui part en mission pour les arrêter. Avec une vue de dos, vous devez tirer sur tout ce qui bouge tout en ramassant les bonus pour mieux faire face au boss de fin de niveau.
Cadash (USA, Korea) (En)	Cadash est un jeu d'action/plates-formes sur Megadrive avec des éléments de jeu de rôle. La belle Princesse Salasa a été kidnappée par l'infâme Mage Balrog. Le Roi demande votre aide pour la ramener et détruire Balrog. Choisissez votre classe (Combattant, Prêtresse, Ninja ou Mage) et avancez à travers les niveaux en faisant le ménage parmi les monstres pour gagner des niveaux et de l'expérience.
Caesars Palace (USA)	Le célèbre Caesars Palace de Las Vegas vous ouvre ses portes dans ce jeu de Casino pour Megadrive. Déplacez-vous librement à l'intérieur et laissez-vous tenter par les tables de Black Jack, la roulette ou encore les machines à sous. Faites jouer votre intuition et laissez parler votre chance pour espérer vous enrichir et devenir le roi de Vegas.
Cal Ripken Jr. Baseball (USA)	Cal Ripken Jr. est un jeu de baseball sur Megadrive. Le nom du jeu est tiré de celui du joueur de troisième base des Baltimore Orioles. Seize équipes sont jouables, mais aucune n'a la licence officielle de la Ligue Majeure de baseball. Lors des matches, vous contrôlez tous les joueurs de l'équipe sur les phases d'attaque et de défense.
Caliber.50 (USA)	Cal.50: Caliber Fifty est un jeu vidéo d'action de type run and gun développé par Seta, sorti en 1989 sur système d'arcade Seta 1st Generation. Il a été adapté sur Mega Drive en 1991.
California Games (USA, Europe)	Avec California Games sur Megadrive revivez les années 80 avec ce jeu de sport multi-épreuves (ou &quot;jeu de sport à plusieurs séries d'épreuves&quot;). Exercez-vous au surf, au skateboard, au roller, au lancer de disque et à bien d'autres activités, seul ou contre vos amis (sept maximum). De quoi vous amuser pendant un moment !
Canhao (Brazil) (Mega Drive 4)	Jeu de tir exclusif à la Mega Drive qui n'est pas sorti sur support physique mais uniquement dans la mémoire de certaines consoles, notamment au Brésil. Vous pouvez jouer seul contre la console ou défier un ami dans une partie à deux joueurs. Appuyez une fois sur le bouton A, B ou C pour définir la visée du pistolet, puis à nouveau pour définir la force et tirer une balle. La flèche au centre de l'écran indique la direction et l'intensité du vent, faites attention car cela peut changer la trajectoire de la balle. Si vous avez de la chance, vous n'aurez peut-être pas de vent à craindre.
Cannon Fodder (World) (Evercade)	Guidez une équipe de six soldats au maximum à travers de nombreuses zones de combat dans ce jeu d'action/stratégie de haut en bas. Vous sélectionnez un soldat ou un groupe puis vous cliquez sur un bouton pour les déplacer à un endroit particulier et sur un autre pour qu'ils tirent sur un ennemi. Vous pouvez également ramasser des grenades ou des roquettes qui peuvent être utilisées pour détruire des groupes d'ennemis, des bâtiments ou certains véhicules. Chaque mission a un objectif spécifique, et certaines comportent des véhicules tels que des chars d'assaut. Vos troupes peuvent traverser l'eau mais ne peuvent pas tirer à l'intérieur, c'est pourquoi il est souvent crucial de trouver et de contrôler les ponts. Vous pouvez utiliser la disposition des arbres afin de trouver des cachettes pour tirer mais faites attention aux soldats ennemis qui font de même.
Captain America and the Avengers (USA)	Captain America and the Avengers sur Megadrive est la conversion du jeu d'action sorti en arcade. Incarnez les héros Marvel tels qu'Iron Man, Hawkeye et Vision. Vous pouvez choisir de jouer seul ou à deux simultanément, pour éliminer tout opposant qui osera se mettre en travers de votre super-chemin.
Captain Planet and the Planeteers (Europe)	Captain Planet and the Planeteers est un jeu d'action/plates-formes sur Megadrive. Tiré du dessin animé &quot;Captain Planet&quot;, ce titre vous propose 5 missions différentes réparties dans 5 niveaux pour préserver l'environnement et sauver la planète. Des bonus peuvent être ramassés en route pour tenir tête au boss de fin de niveau.
Castle of Illusion Starring Mickey Mouse (USA, Europe)	La recherche est commencée! Mickey est sur les traces d'une méchante sorcière nommée Mizrabel, qui a kidnappé Minnie. Mickey doit trouver sept joyaux pour sauver Minnie. Courez, sautez et rebondissez avec Mickey, en lançant des pommes et des blocs de marbre sur les ennemis. Puis, soyez prêt à défier votre plus dangereux ennemi, la sorcière Mizrabel en personne!
Castlevania - Bloodlines (USA)	Un cauchemar en 6 épisodes à vous glacer les sangs. En effet, il vous faut à tout prix arrêter un redoutable vampire-femelle, la Comtesse Bartley, dans son entreprise de résurrection du maître de tous les maux, le Comte Dracula.
Cavalos & Peoes (Brazil) (Mega Drive 4)	Dans le jeu Cavalos E Peoes, le joueur contrôle un cheval et doit capturer tous les pions. Le mouvement et la capture se produisent comme dans une partie d'échecs. Le cheval se déplace en marchant 2 carrés dans une direction et 1 dans l'autre (les directions verticale et horizontale). Pour capturer, le cheval n'a qu'à tomber dans la même case qu'un pion. Chaque fois que le cheval joue, les pions avancent d'une case. Si un pion réussit à quitter le plateau, le joueur perd la partie. S'il les capture tous, il obtient 1 point et passe au défi suivant! Jeu nnBoard (variation d'échecs). Le jeu n'a pas été vendu sur support physique, mais seulement sorti en mémoire de certains modèles de console Mega Drive vendus au Brésil, comme le Sega TecToy Super Mega Drive 3 avec 71 jeux en mémoire. Jeu sorti exclusivement sur Mega Drive.
Centurion - Defender of Rome (USA, Europe)	En tant que jeune légionnaire romain en 275 av. J.-C., votre mission consiste à conquérir le monde connu par la force ou la diplomatie, en combattant sur terre et sur mer. Vous commencez avec une province, Rome, et une légion. Pour terminer le jeu, vous devez conquérir toutes les provinces de la carte. Une partie du jeu consiste à micro-gérer vos provinces. Vous fixez les taux d'imposition et vous rendez les gens heureux en organisant des jeux. À Rome, vous pouvez organiser une course de chars, un combat de gladiateurs ou même une simulation de bataille navale. Une autre partie du jeu est la conquête militaire. Vous pouvez lever des légions ou les renforcer dans n'importe quelle province que vous contrôlez. Il existe trois types de légions, chacune ayant une force différente. Vous pouvez également déplacer une légion dans une province voisine.
Chakan (USA, Europe)	Chakan : The Forever Man est un jeu de plates-formes sur Megadrive. Vous contrôlez Chakan, un mort qui a perdu son âme et qui doit retrouver la paix intérieure en tuant tous les méchants du jeu. Utilisez vos armes pour défaire vos ennemis et ramassez les bonus qui parsèment les niveaux avant de venir à bout des boss.
Champions World Class Soccer (World) (En,Fr,De,Es)	Le jeu de football Champions World Class Soccer sur Megadrive offre 32 équipes non officielles qui se différencient par des caractéristiques différentes. Choisissez votre formation et lancez-vous à l'assaut de plusieurs tournois. Un système de mot de passe permet de sauver sa progression dans le championnat.
Championship Bowling (USA)	Dans ce jeu de Bowling classique, vous aurez l'occasion de jouer à 4 joueurs sur 4 pistes de Bowlings différents. Niveau gameplay, vous choisissez la direction et la puissance de votre boule pour parvenir à faire tomber toutes les quilles. Même le poids de la boule peut être choisi en début de partie.
Championship Pool (USA)	Voici une partie de 8-Ball classique à disputer contre vos amis – sans fioritures – avec des riffs de rock “n” roll qui vous mettront de l'ambiance. Vous pourrez profiter à tout moment de toutes les sensations fortes de l'un des jeux les plus populaires au monde, sans jamais avoir à attendre qu'une table se libère ! Championship Pool vous offre toute l'excitation du billard pur, avec des fonctionnalités uniques que vous ne trouverez peut-être dans aucun autre jeu de billard électronique. Et ce jeu de billard sur NES est officiellement approuvé par le Billiard Congress of America. Affrontez l'ordinateur ou défiez jusqu'à 7 adversaires humains grâce à l'option Party Pool. Choisissez entre les écrans avec zoom avant et zoom arrière, et sélectionnez la musique qui vous mettra dans l'ambiance ! Vous vous croyez incorrigible ? Essayez le mode Tournoi où seuls les meilleurs joueurs se qualifient pour le championnat du monde. Jouez au 8-ball, au 9-ball, au straight pool ou à plus de 15 jeux différents ! Craye-les et aligne-les... C'est à vous de jouer !
Championship Pro-Am (USA)	Championship Pro-Am est un jeu de courses sur Megadrive. Prenez votre voiture et lancez-vous dans des courses endiablées pour remporter des trophées. Utilisez les armes mises à votre disposition pour envoyer vos adversaires dans le décor et surtout évitez les obstacles des circuits avec soin.
Chaos Engine 2, The (Europe) (Proto)	The Chaos Engine est un jeu vidéo d'action en 2D développé par The Bitmap Brothers et édité par Renegade en 1993. Initialement développé sur Amiga et Atari ST, le jeu a été adapté sur Amiga 1200, Amiga CD32, Mega Drive, PC et Super Nintendo.
Chase H.Q. II (USA)	Chase H.Q. II : Special Criminal Investigation sur Megadrive reprend le même mélange d'action et de courses que le premier volet. Vous devez retrouver et arrêter cinq voitures de malfrats. Le profil des suspects est défini en amont de chaque mission et la tâche qui vous incombe est de les dénicher parmi la circulation. Pour les appréhender, percutez leurs véhicules de manière à leur faire perdre le contrôle, tout en respectant le temps imparti.
Cheese Cat-Astrophe Starring Speedy Gonzales (Europe) (En,Fr,De,Es)	Cheese Cat-Astrophe starring Speedy Gonzales est un jeu de plates-formes sur Megadrive. Tout va mal lorsque Dr. Cheesefinger, l'alter ego maléfique de Sylvestre, capture Carmel, la petite amie de Speedy ainsi que toute la réserve de fromage. Avec l'aide d'autres personnages des Looney Tunes c'est à vous de venir en aide à Carmel en sautant sur les ennemis où en leur jetant le chapeau de Speedy.
Chessmaster, The (USA) (Sega Channel)	Il s'agit d'un jeu d'échecs virtuel s'adressant aux passionnés de jeux d'échecs avec différents modes de jeu et plusieurs niveaux de difficulté. Ce jeu était uniquement disponible sur le service Sega Channel en Amérique du Nord, ce qui signifie qu'il n'y a jamais eu de version physique du jeu.
Chester Cheetah - Too Cool to Fool (USA)	Chester Cheetah : Too Cool to Fool est un jeu de plates-formes sur Megadrive. Tout allait bien pour Chester dans le zoo lorsque le vil Mean Eugene lui déroba son scooter et en démonta toutes les parties. Chester doit maintenant partir à la recherche de toutes ses pièces détachées tout en évitant les ennemis.
Chester Cheetah - Wild Wild Quest (USA)	Chester Cheetah : Wild Wild Ouest est un jeu de plates-formes sur Megadrive basé sur la mascotte de biscuits apéritifs Cheetos. Chester décide un beau jour de quitter le zoo pour se mettre en quête de la légendaire Hip City. Le vil Mean Eugene ne l'entend pas de cette oreille, et détruit la carte de Chester tout en éparpillant les morceaux dans tout le pays. Chester devra alors rassembler les bouts de sa carte en visitant des niveaux situés dans tous les États-Unis.
Chi Chi's Pro Challenge Golf (USA)	Chi Chi's Pro Challenge Golf est un jeu de golf sur Megadrive. Choisissez votre golfeur préféré et partez à la chasse aux birdies sur le fairway. Attrapez le club le plus adéquat pour chaque situation et prenez en compte les éléments pour être le plus précis possible. Faites preuve de dextérité pour remporter le trophée et accéder à la gloire.
Chibi Maruko-chan - Wakuwaku Shopping (Japan)	C'est le temps des vacances pour Maruko et ses amis. Hanawa, le séducteur avec des parents riches, invite Maruko et Tamae dans une île du sud pour se détendre. Comme ils veulent de faire des souvenirs et pendant qu'ils sont là, ils décident de faire un jeu pour voir qui est le meilleur au shopping !
Chiki Chiki Boys (USA, Europe)	Chiki Chiki Boys (Mega Twins aux US) est un jeu de plates-formes sur Megadrive. La vie paisible des habitants d'Alurea bascule lorsque le roi est tué par un dragon, répandant par la même occasion des monstres sur les terres. Heureusement les deux fils jumeaux du souverain sont là pour secourir tout le monde. Les jumeaux disposent de deux attaques principales : l'épée et la magie. Faites en bon usage pour espérer l'emporter contre les forces du mal.
Chou Kyuukai Miracle Nine (Japan)	Chokyukai Miracle Nine est un jeu de base-ball de style arcade au rythme rapide similaire à Power Pro série de Konami. Le jeu a un style visuel caricatural tout comme le titre de Konami, et dispose également d'une licence CNLC officielle, ce qui signifie qu'il comprend toutes les 12 équipes de la Ligue du Pacifique central et et des listes de joueurs pleins de la saison 1995.
Chuck Rock (USA)	Chuck Rock sur Megadrive est un jeu de plates-formes. Le joueur dirige un homme préhistorique prénommé Chuck, à la recherche de sa femme faite prisonnière par Garry Gritter. Pour se défendre, le héros peut donner des coups de ventre ou jeter des pierres sur ses ennemis. Il peut également leur monter dessus pour atteindre des zones inaccessibles.
Chuck Rock II - Son of Chuck (USA)	Chuck Rock II : Son of Chuck sur Megadrive est un jeu de plates-formes préhistorique. Chuck Rock, qui tient une usine d'automobiles, a été enlevé par l'un de ses rivaux. En incarnant Junior, le rejeton, le joueur doit traverser les niveaux pour retrouver Chuck. Armé d'un gourdin pour se défendre face aux dinosaures, Junior peut chevaucher certains animaux pour atteindre des zones inaccessibles.
Classic Collection (Europe)	Classic Collection est une compilation de 4 jeux distribuée uniquement en europe. Les 4 jeux sont : Alex Kidd in the Enchanted Castle, Altered Beast, Flicky, Gunstar Heroes
ClayFighter (USA)	Dans Clay Fighter sur Megadrive, les personnages sont constitués de pâte à modeler. Dans un style très amusant, le bonhomme de neige, le clown et les autres combattants n'en ont pas moins un objectif très sérieux, détruire leur adversaire. Chacun possède un mode histoire dans le monde de la pâte à modeler et il est possible de faire des matches simples à 2.
Cliffhanger (USA)	Cliffhanger est l'adaptation sur Megadrive du film du même nom sorti en 1992. Vous incarnez Gabe (Silvester Stallone) et revivez le scénario du film. Gabe doit escalader les montagnes, éviter les avalanches et éliminer les ennemis. Pour ce faire, il peut se battre à mains nues ou ramasser les armes de ses adversaires.
Clue (USA)	Clue sur Megadrive est l'adaptation du jeu de société Cluedo. Un meurtre vient de se dérouler dans le manoir et vous devez trouver qui a fait le coup, où et avec quelle arme. Cinq niveaux de difficulté sont disponibles, avec à chaque fois moins d'informations pour trouver le coupable. Alors, est-ce le Colonel Moutarde dans la cuisine avec un chandelier ou Mme Pervenche dans le petit salon avec la corde ?
Coach K College Basketball (USA)	Mike Krzyzewski, l'entraîneur depuis toujours de l'équipe de basket-ball de l'Université Duke, approuve ce spin-off sous licence NCAA du moteur NBA Live. Le jeu comprend 32 équipes de la NCAA (y compris la propre équipe de K: Duke Blue Devils et les Arkansas Razorbacks de la NCAA, Champions de 1994), ainsi que huit équipes classiques, mais la licence n'inclut pas les noms des joueurs. Il y a trois modes de jeu: Season, Tournament (avec trois slots de sauvegardes pour les deux) et Exhibition, et les options suivent l'ensemble standard de la série NBA Live. Le jeu reste inchangé, avec les trois actions de base typiques (course rapide/vol, passe et tir/blocage pour les boutons A, B et C) et la possibilité d'appeler des mouvements à la volée en appuyant sur un des boutons près du boutons Start (trois ou Six mouvements peuvent être réglés, selon le joypad utilisé).
College Football USA 96 (USA)	College Football USA 96 est un jeu de football américain sur Megadrive. Avec un total de 45 équipes officielles disponibles dans plus de 108 divisions, préparez-vous à vivre l'intensité des matches de football américain. Vous avez la possibilité de participer aux quatre plus grands tournois du Super Bowl en vue de remporter le championnat national.
College Football USA 97 (USA)	College Football USA 97 est un jeu de football américain sur Megadrive. Choisissez parmi plus de 100 équipes de la ligue universitaire et remportez la victoire à coups de touchdown. Faites preuve de stratégie pour vos différentes formations et faites la bonne passe à temps pour l'emporter !
College Football's National Championship (USA)	Lancé à peu près au même moment que Bill Walsh College Football 95, ce jeu de football américain était sans licence et n'avait pas de grands noms du football. Il a été considéré comme un clone de NFL Football '94 mettant en vedette Joe Montana, juste une version mise à jour, mais maintenant avec des équipes d'université. Il dispose de 32 équipes d'université de quatre grandes divisions, vous permettant de jouer à des jeux d'exhibition ou de vous permettre de participer à un tournoi pour atteindre un classement en tant que 1er, par opposition à une compétition en saison pour l'obtenir. Il a également la possibilité de jouer dans le mode &quot;Team Player&quot; vous permettant de contrôler quatre joueurs à la fois.
College Football's National Championship II (USA)	College Football's National Championship II est un jeu vidéo de football américain sorti en 1995 sur Mega Drive. Le jeu a été édité par Sega Sports.
College Slam (USA)	College slam est un jeu de Basketball sur Megadrive. Le jeu reprend la licence officielle des équipes universitaires américaines de basket. Bien que les stades et même les chants des supporters soient réels, les matches sont à tendance arcade. En effet, plutôt que de prendre les vraies règles du basket, les parties se disputent en deux contre deux, avec du jeu spectaculaire et des dunks d'extraterrestres.
Columns (World) (Sega Ages)	Columns sur Megadrive est un puzzle-game dans lequel votre tâche consiste à disposer des blocs de sorte à les faire disparaître. Les blocs disparaissent lorsque trois éléments de couleur identique, au minimum, sont en contact, ceci de manière horizontale, verticale ou diagonale, cette dernière méthode rapportant le plus de points.
Columns III (USA)	Dans ce jeu de puzzles sur Megadrive, des bijoux tombent du ciel et le joueur doit les manipuler pour former des lignes de trois éléments identiques verticalement, horizontalement ou en diagonale. Afin d'ajouter une dimension stratégique, des bijoux spéciaux délivrent des pouvoirs magiques qui favorisent le joueur ou pénalisent son adversaire.
Combat Aces (USA) (Proto)	Jeu indépendant de tir ou le joueur doit éliminer différents ennemis à bord de son avion.
Combat Cars (USA, Europe)	Combat Cars est un jeu de courses sur Megadrive qui dispose également d'une bonne dose d'action. Car il ne suffit pas de finir premier dans ce jeu, il faut surtout détruire vos adversaires avec des armes aussi variées que des pistolets, de la colle ou encore des missiles. Choisissez parmi huit personnages, chacun avec son arme propre, et lancez-vous dans la bagarre sur vingt-quatre circuits.
Comix Zone (USA)	Entrez dans la Comix Zone... La première bande dessinée réellement interactive! À la suite d'événements des plus étranges, Sketch se trouve prisonnier dans les pages de sa dernière bande dessinée fantastique; et le crayon à dessin est maintenat dans les mains de sa création la plus machiavélique: Mortus. Frayez-vous un chemin au travers des différentes planches en combattant les ennemis que Mortus dessine sous vos yeux et échappez-vous de la Comix Zone.
Congo - The Game (USA) (Proto)	Congo est un jeu qui n'a pas dépassé le stade de prototype sur megadrive. Il devait être le jeu accompagnant le film américain du même nom réalisé par Frank Marshall sorti en 1995.
Contra - Hard Corps (USA, Korea) (En)	Probotector est un jeu d'action sur Megadrive. Un terroriste s'est emparé d'une cellule de Red Falcon (les aliens les plus dangereux ayant jamais existé) et projette de les cloner ! Il ne tient qu'à vous de l'en empêcher et de détruire cette cellule avant qu'il ne soit trop tard. Jouable en solo, ou à deux dans un mode coopératif, Probotector vous propose de traverser plusieurs niveaux en éliminant un maximum d'ennemis grâce à vos puissantes armes à feu.
Cool Spot (USA)	Fonce, tire et franchis les obstacles dans cette aventure hilarante et effrénée sans perdre ton sang-froid… ni tes lunettes de soleil ! Dans la peau de COOL SPOT, tu ne reculeras devant rien pour sauver tes potes SPOT lorsqu'ils se feront enlever par des forces pas cool ! Tire sur la vague, déchaîne-toi sur un train fou et fonce à toute allure dans des montagnes russes à couper le souffle pour mettre tes ennemis K.O. ! 11 niveaux hilarants et 6 rounds bonus où tu devras éclater des bulles ! Des obstacles qui te sautent au visage, des manœuvres délicates et une portée de tir Cool Shot à 360 degrés ! Des graphismes tellement chauds que tu auras besoin de tes propres lunettes de soleil !
Cosmic Spacehead (USA, Europe) (En,Fr,De,Es)	Cosmic Spacehead est un jeu de plates-formes/aventure sur Megadrive. Vous incarnez Linus, un extraterrestre qui s'est écrasé sur la planète Terre. En rentrant chez lui personne ne le croit, il faut donc l'aider à retourner sur Terre pour ramener des preuves. Explorez les différents niveaux pour ramasser des objets et parler à des gens. Peut-être qu'après ça, les gens arrêteront de vous traiter de menteur !
Crack Down (USA)	Crack Down sur Megadrive est un jeu d'action dans lequel on dirige un duo chargé d'infiltrer et de piéger le quartier général ennemi. Choisissez entre Ben et Andy et partez à l'assaut de la forteresse de Mr. K. pour tout faire sauter. Placez vos bombes aux endroits stratégiques, sans vous faire repérer et prenez vos jambes à votre cou pour éviter de finir en confettis.
Crayon Shin-chan - Arashi o Yobu Enji (Japan)	Crayon Shin Chan est l'adaptation sur Megadrive (et Super Nintendo) du manga et dessin animé japonais des années 90 et 2000. Shinnosuke Nohara, un enfant de cinq ans, vit ses aventures à Kasukabe, une petite ville du Japon. La cartouche reprend l'univers de la série et propose de participer à plusieurs mini-jeux avec Shin Chan et ses amis. Adresse, rapidité et précision seront nécessaires pour être le meilleur.
CrossFire (USA)	Avec Crossfire on se retrouve tout de suite dans une ambiance de folie, le jeu étant en effet inspiré directement de la fameuse série TV Supercopter. Ô joie de retrouver ce monument des années 80 :) On commande bien entendu le fameux hélicoptère, mais aussi (et la est tout l'intérêt du jeu), un marine à pieds. Le jeu propose différentes missions, de difficulté variable, qui se décomposent en plusieurs phases: une phase d'approche (shoot vertical classique), une phase &quot;je rase le sol&quot; (shoot vertical pitoyable) et enfin une phase commando. 3 stades de jeux qui ajoutent une certaine variété au jeu.
Crue Ball - Heavy Metal Pinball (USA, Europe)	Crüe Ball est un jeu de flipper sur Megadrive dont l'univers se base sur le groupe glam-rock Motley Crüe. Des chansons du groupe comme &quot;Live Wire&quot;, &quot;Dr. Feelgood&quot; ou encore &quot;Home Sweet Home&quot; servent la bande-son du jeu. Visez juste pour décrocher tous les bonus des neuf niveaux. Des petites missions vous seront demandées à chaque niveau et il est possible de jouer à quatre en alternance.
Crusader of Centy (USA)	Soleil est un jeu de rôle orienté action sur Megadrive. C'est votre quatorzième anniversaire et comme cadeau, vous recevez l'épée et le bouclier de votre défunt père. Vous voilà prêt à devenir un héros à votre tour. De puissants monstres, qui furent forcés de se cacher depuis très longtemps, veulent à nouveau régner sur le monde et c'est à vous que revient la tâche de les en empêcher.
Crystal's Pony Tale (USA)	Crystal's Pony Tale est un bon jeu pour les enfants avec des niveaux assez facile. La mission sauver les autres poneys avec l'aide de cristal. Un plus l'option du début de jeu où l'on peut changer la couleur du poney. Un bon jeu pour les plus petits.
Curse (Japan) (En)	Curse est un shoot'em up spatial sur Megadrive. Contrairement à d'autres jeux du genre, vous disposez d'un bouclier qui vous permet de ne pas exploser dès le premier impact ennemi. Affrontez des hordes de vaisseaux et autres monstres organiques et ramassez des bonus pour tenir tête au boss de fin de niveau.
Cutie Suzuki no Ringside Angel (Japan)	Cutie Suzuki no Ringside Angel est un jeu vidéo de catch sorti en 1990 sur Mega Drive. Le jeu a été développé et édité par Asmik Corporation. Ce jeu porte le nom de Cutie Suzuki grande catcheuse japonaise des années 1980-90.
CutThroat Island (USA, Europe)	Dans ce jeu, vous incarnez une pirate nommée Morgan, à qui son père a confié un morceau de carte avant de mourir. Vous partez à la recherche d'autres morceaux de la carte afin de découvrir le trésor caché enfoui sur l'île de Cutthroat. Le gameplay consiste à faire défiler l'écran et à affronter au corps à corps des pirates et autres scélérats à l'épée, en utilisant diverses attaques. Au fur et à mesure de votre progression, vous débloquez de nouveaux combos. Ce jeu est inspiré du film du même nom.
Cyber Police - ESWAT (Japan) (En)	E-SWAT : City Under Siege sur Megadrive est un jeu d'action vous mettant dans la peau d'un cyber-flic chargé de nettoyer les rues de sa ville de toute la racaille qui y traîne. Vous incarnez au début un simple policier qui va ensuite revêtir une armure surpuissante le rendant capable d'utiliser des armes de plus en plus destructrices. A vous de mettre les criminels les plus recherchés derrière les barreaux.
Cyber-Cop (USA)	Corporation est un jeu de tir à la première personne sur Megadrive. Le soft vous demande de réfléchir avant de tirer sur tout ce qui bouge. Utilisez les objets que vous ramassez et économisez vos forces pour tenir le coup.
Cyberball (World)	Cyberball est un jeu de football américain futuriste sur Megadrive. Nous sommes en l'an 2022 et ce ne sont plus des joueurs qui s'affrontent mais deux équipes de sept robots. Le ballon a été remplacé par une bombe et le but est bien sûr de la faire exploser dans le camp adverse. Il est possible de jouer à deux dans un mode coopératif.
Cyborg Justice (USA, Europe)	Cyborg Justice est un beat'em all sur Megadrive. Vous êtes un membre de la Galactic Unity Agency et vous vous retrouvez esclave cyborg pour la Cydrek Federation qui compte bien renverser la GUA. C'est à vous d'empêcher cela en détruisant tous les ennemis qui se présentent devant vous à travers les cinq niveaux du jeu. Il est possible de ramasser leur pièces mécaniques pour les rajouter à votre armure. Un mode deux joueurs est également disponible en coopération.
Daffy Duck in Hollywood (Europe) (En,Fr,De,Es,It)	Daffy Duck in Hollywood sur Megadrive est un jeu de plates-formes dans un univers cartoon riche en couleurs. Vous incarnez Daffy qui a pour mission de retrouver l'award volé par le professeur Duckbrain. Explorez des décors de cinéma et servez-vous de votre pistolet à bulles pour neutraliser et capturer les ennemis.
Dahna - Megami Tanjou (Japan)	Vous incarnez Dahna, traumatisée dans sa septième année par le meurtre violent de ses parents et l'enlèvement de sa soeur. Recueillie par le sorcier Magh, elle vécue 10 années en paix. Jusqu'à l'apparition d'une force d'invasion menée par une sorcière maléfique d'origine inconnue qui ravage son village d'adoption et enlève Magh. Dans un environnement axé Médiéval Fantasy, vous parcourrez ainsi les 6 stages du jeu jusqu'au château des forces du mal afin de délivrer votre mentor. Pour ce faire, le jeu dispose d'une maniabilité hybride un peu particulière, croisement entre un beat'em all, un platformer, et un jeu d'infiltration. L'héroine peut ainsi frapper dans toutes les directions, possède 2 sauts différents, peut s'accroupir et même ramper, ainsi qu'utiliser de la magie.
Dangerous Seed (Japan) (En)	Dangerous Seed est un shoot'em up spatial sur Megadrive. Le joueur commence l'aventure avec trois vaisseaux différents. Si l'un est détruit, les autres prennent le relais. Chaque vaisseau dispose de son bouclier personnel, mais il est possible à partir du cinquième niveau de fusionner tous les vaisseaux pour augmenter ses compétences.
Danny Sullivan's Indy Heat (USA) (Proto)	Danny Sullivan, champion 1988 d'IndyCar et vainqueur du classique 'Spin & Win' Indianapolis 500 en 1985, a mis son nom dans ce jeu de course de style Super Sprint. Il y a 4 voitures dans chaque course, jouable seul ou à 2 et 9 pistes à parcourir, avec le Tradewest Speed Bowl la cible ultime, et est beaucoup plus longue mais comptant double. Le carburant est limité et votre voiture ralentira si le carburant vient à manquer. La voiture peut être endommagée, bien que vous puissiez la réparer aux stands. Elles ont un turbo à utiliser avec parcimonie, qui peut également être rechargé aux stands si vous en avez acheté. Après chaque course, le joueur recevra de l'argent, qui peut être consacré à des mises à niveau telles que l'amélioration de l'alimentation, des freins ou plus de turbos.
Darius (World) (Mega Drive Mini, Genesis Mini)	Darius est un shoot-em-up à défilement horizontal non linéaire. Le joueur pilote le Silver Hawk, vaisseau équipé de deux types d'armes : Missile air-air (tir vers l'avant) et bombe air-sol (largage). Le Silver Hawk est également équipé d'une &quot;Arm&quot; (armure) ; un bouclier énergétique vert qui absorbe les attaques ennemies.
Darius - Extra Version (USA, Europe) (Strictly Limited Games)	Darius: Extra Version est une version autonome étendue du port Genesis de Darius qui a été précédemment publiée dans la SEGA Genesis Mini. Il propose trois modes de jeu, &quot;Ancien&quot;, &quot;Nouveau&quot; et &quot;Extra&quot; qui reflètent différentes révisions Darius précédemment publiées. Il propose également un son récemment mis à jour avec des niveaux de volume améliorés et des effets sonores de meilleure qualité.
Dark Castle (USA, Europe)	Dark Castle est un jeu de plates-formes/aventure sur Megadrive où le but est de s'introduire dans une maison hantée pour anéantir le Black Knight. Vous avez été choisi pour incarner ce brave aventurier qui devra terrasser le mal en passant les quatorze niveaux que compte le jeu.
Darwin 4081 (Japan, Korea) (En)	Darwin 4081 est un pseudo remake d'un jeu d'arcade sorti en 1987 nommé Super Real Darwin. Comme son nom l'indique, il est question d'évolution. Sous couvert d'ADN et autres gracieusetés, vous aurez accès à un armement assez original. C'est d'ailleurs là le point principal du jeu. En fonction des bonus que vous prenez (Evol, B-Evol, ADN ou Speed Up), votre vaisseau va changer d'allure, pour grossir. Lorsque vous vous ferez toucher, il perdra au contraire un cran de son armement, pour vous faire perdre une vie lorsqu'au final vous vous faites toucher trop de fois.
Dashin' Desperadoes (USA)	Dashin' Desperadoes est un jeu de courses sur Megadrive. Deux cowboys essaient de séduire une jeune fille et devront se faire face dans des courses à pied endiablées pour y parvenir. Il faut éviter les nombreux obstacles des parcours à travers six mondes de trois niveaux chacun. Il est également possible de ramasser des bonus en cours de route qui vous feront accélérer ou au contraire ralentiront l'adversaire.
David Crane's Amazing Tennis (USA)	Amazing Tennis sur Megadrive est le jeu de tennis du célèbre game designer David Crane. Il est possible de jouer des tournois ou des matches simples en solo ou à deux avec plusieurs joueurs fictifs sur les trois surfaces : dure, terre battue et gazon. Contrairement à la majorité des jeux de tennis, il n'y a pas une vue d'ensemble sur le court mais une vue à la troisième personne dirigée sur le personnage que l'on contrôle.
David Robinson's Supreme Court (USA, Europe)	David Robinson's Supreme Court est un jeu de basket-ball sur Megadrive. Choisissez parmi les quatre équipes proposées dès le départ et faite votre place dans le classement en participant au mode tournoi. Un mode exhibition vous permet de faire un match rapide tandis qu'un mode deux joueurs permet au choix de se mesurer à un ami ou de jouer en coopération avec lui.
Davis Cup II (USA) (Proto 2)	Davis Cup II est la suite de Davis Cup World Tour. Prévu pour Megadrive, ce jeu ne sera jamais publié. 2 prototypes ont été retrouvés : Une première version PAL du 10/07/1994 et une version US du 28/07/1994. Ces deux versions étaient alors encore en cours de développement, elles ne proposent pas de bande son et empruntent des éléments du premier jeu.
Davis Cup World Tour (USA, Europe)	Davis Cup World Tour est un jeu de tennis sur Megadrive. Participez à cette compétition en simple ou en double et remportez tous les matches pour gagner la Coupe Davis. D'autres modes sont disponibles comme &quot;match simple&quot;, &quot;entraînement&quot; ou encore un mode deux joueurs.
Daze Before Christmas (Australia)	Noël est une période où les gens se rassemblent, donnent des cadeaux aux autres et passent toute la journée à manger. Mais il n'y a qu'un problème cette année. Vous voyez, pendant que Santa dormait dans son lit, le bonhomme de neige froid et méchant a effrayé tous les elfes, et le Timekeeper a volé les plans du Père Noël de sa maison. Il n'y aura pas de Noël si le Père Noël ne les arrête pas. Daze Before Christmas, vous êtes le Père Noël. Selon le calendrier de Noël du jeu, vous avez 24 zones à explorer, telles que des usines, des ateliers, des grottes et plus encore. Chaque zone est pleine d'ennemis méchants comme des pingouins, des diable en boîte, des hélicoptères, des bonhommes de neige et bien d'autres. En outre, après cinq zones, le Père Noël doit se tenir face à face avec non seulement le bonhomme de neige, le Timekeeper and Louse the Mouse, mais aussi Mr. Weather.
Deadly Moves (USA)	Deadly Moves est un jeu de combat sur Megadrive. Dans le mode un joueur, vous contrôlez Joe, un jeune Américain qui s'entraîne pour devenir le plus grand guerrier de tous les temps. Vous devez parcourir le monde pour rencontrer d'autres combattants afin de prouver que vous êtes le meilleur. Contrairement à la majorité des jeux de combat en deux dimensions, vous pouvez également déplacer votre personnage verticalement, de haut en bas. Cela permet d'esquiver les attaques adverses.
Death and Return of Superman, The (USA)	« Doomsday » est là, et seul Superman peut l'arrêter. Malheureusement, ce faisant, il trouve lui-même la mort. Quatre autres personnages font alors leur apparition, chacun prétendant être le véritable héros. L'histoire commence avec Superman, puis Steel, l'Eradicator, le Cyborg et Superboy. Chaque personnage dispose de coups légèrement différents, ce qui nécessite d'adopter des stratégies distinctes lorsque l'on incarne chacun d'entre eux. Le gameplay est essentiellement celui d'un beat-em-up classique, avec des coups de poing, des projections et des coups spéciaux.
Death Duel (USA)	Death Duel est un jeu de tir futuriste à la première personne sur Megadrive. Le jeu se présente comme une succession de duels à mort où vous êtes en face d'un adversaire et devez lui faire mordre la poussière. Entre chaque combat, il est possible d'acheter des meilleures armes et des protections afin d'être plus performant pour la joute suivante.
DEcapAttack (USA, Europe, Korea) (En)	Decap Attack est un jeu vidéo de plates-formes développé par Vic Tokai et édité par Sega en 1991 sur Mega Drive. Le joueur incarne la créature du Dr Frankenstein, une sorte de momie sans tête, qui doit empêcher le maître des enfers de contrôler le monde. Il est guidé au fil des niveaux par le Dr Frankestein et Igor, son fidèle serviteur. Les textes sont en anglais.
Demolition Man (USA, Europe)	Demolition Man est un jeu de plateforme au rythme effréné, dont certains niveaux se déroulent en vue aérienne (à l'instar de Smash TV). Dans la peau de John Spartan, le joueur passera la majeure partie de son temps à tirer sur des vagues incessantes de « cryocons » déchaînés dans un monde futuriste aseptisé. L'arme standard peut être améliorée avec un fusil à pompe et un magnum, tous deux dotés d'un nombre limité de munitions. De plus, divers types de grenades peuvent être ramassés et lancés indépendamment de l'arme à feu. Simon Phoenix apparaît en tant que boss à la fin de chaque niveau, en lien direct avec le film.
Desert Demolition Starring Road Runner and Wile E. Coyote (USA, Europe)	Desert Demolition est un jeu d'action/plates-formes sur Megadrive basé sur l'univers du dessin animé de Bip Bip et Coyote. Si vous choisissez d'incarner le Coyote, alors votre but est d'attraper son ennemi juré en usant de tous les artifices mis à votre disposition par le jeu (canons, rollers, ressorts). En choisissant Bip Bip, alors il faudra aller très vite pour éviter de se faire attraper par l'infatigable Coyote !
Desert Strike - Return to the Gulf (USA, Europe)	Desert Strike : Return to the Gulf sur Megadrive est le premier jeu de la série Strike. L'histoire prend place un an après la guerre du Golfe alors qu'un général tyrannique menace le Moyen-Orient et les Etats-Unis. Le président vous charge d'abattre le général Kilbaba et ses terroristes, avant qu'ils n'engagent un conflit nucléaire mondial. Vous pilotez un hélicoptère Apache et vos objectifs sont divers : porter secours, détruire des objectifs, détourner des missiles...
Devi to Pii (Japan) (Mega Drive Mini 2, Genesis Mini 2)	Le joueur utilise deux raquettes pour sauver des anges appelés &quot;Pii&quot;, tout en combattant des &quot;Devi&quot; qui tentent de les arrêter. C'est l'un des soixante jeux inclus sur la Sega Genesis Mini 2, et l'un des quelques jeux parus uniquement sur cette console.
Devilish - The Next Possession (USA)	Devilish sur Megadrive est un casse-briques amélioré. En effet, vous dirigez horizontalement et verticalement deux barres, sur lesquelles rebondit votre bille casse-briques. Franchissez les obstacles, éliminez vos ennemis à coups de bille, et terrassez les boss de fin de niveau pour annuler la malédiction qui a frappé le prince et la princesse.
Dick Tracy (World)	Dick Tracy sur Megadrive est un jeu d'action basé sur le film éponyme. Le joueur incarne Dick Tracy, un detective qui voit sa vie basculer le jour où son beau-père est assassiné par un gangster nommé Big Boy Caprice. Entre plates-formes et action, Dick Tracy plonge le joueur, 7 niveaux durant, dans un univers sombre où chaque rencontre se termine en une véritable effusion de sang.
Dick Vitale's 'Awesome, Baby!' College Hoops (USA)	Ce jeu de basket plutôt classique dans son gameplay est original au niveau de sa représentation, puisque le décor est représenté en 3D, avec des sprites en bitmap.
Dino Dini's Soccer (Europe) (En,Fr,De)	Dino Dini's Soccer est un jeu de football sur Megadrive. Le jeu propose plusieurs tournois dont la Coupe du Monde et le Championnat Européen. Les équipes nationales sont présentes et il est possible de modifier le nom des joueurs pour plus de réalisme. Le jeu propose une vue de dessus et le ballon vous colle aux pieds pour que la course se fasse plus facilement.
Dino Land (World) (Evercade)	Dinoland est un jeu de flipper sur Megadrive. Le jeu se déroule dans un univers peuplé de dinosaures et il faut les viser dans les différents tableaux pour marquer des points. Quatre flippers sont représentés, chacun ayant son thème : dinosaures terrestres, volants, marins et le boss. Faites preuve de dextérité et visez juste pour délivrer votre petite amie des griffes du grand vilain.
Dinosaur's Tale, A (USA)	Incarnez les personnages du film d'animation &quot;Les Quatre Dinosaures et le Cirque magique&quot; de Spielberg. Courez et sautez à travers une variété de niveaux et battez le Dr Screweyes. Incarnez les enfants humains Cecilia ou Louie et traversez des obstacles pour arriver à la fin du niveau. Ces niveaux sont définis dans divers endroits de New York, notamment un studio de télévision et un cirque qui souhaite conserver les dinosaures en tant qu'exposition. Tous les autres niveaux sont des niveaux 3D où vous incarnez l'un des dinosaures, par exemple faire du skateboard à l'arrière d'une camionnette en tant que Rex ou voler en tant qu'Elsa au-dessus de Central Park tout en ramassant des ballons. C'est l'un des premiers jeux Genesis avec un gameplay 3D.
Disney Collection, The - QuackShot Starring Donald Duck + Castle of Illusion Starring Mickey Mouse (Europe)	The Disney Collection est une cartouche Megadrive contenant deux jeux de plate-formes de Disney. Le premier est Castle of Illusion starring Mickey Mouse tandis que le second n'est autre que QuackShot starring Donald Duck.
DJ Boy (USA)	DJ Boy est un beat'em all sur Megadrive. La petite amie de DJ Boy s'est fait enlevée et vous êtes son seul espoir pour la récupérer. Incarnez DJ Boy qui est capable de donner des coups de poing et des coups de pied et d'effectuer des attaques aériennes. Les ennemis vaincus laissent des pièces derrière eux qui peuvent être échangées à la fin du niveau contre divers objets.
Dominus (USA) (Proto)	Dominus est un jeu vidéo d'aventure sorti en 1993 sur Mega Drive.
Donald in Maui Mallard (USA) (Sega Channel)	Donald joue le rôle d'un détective appelé Maui Mallard, à la recherche d'une idole ancestrale dérobée. Lorsque Donald est en Maui Mallard, il a un pistolet et doit parcourir les niveaux en collectant le plus de trésors possible. Une fois qu'il se transforme en Ninja Maui, il possède un bâton qu'il utilise pour escalader des murs.
Doom Troopers (USA)	Doom Troopers est l'adaptation sur Megadrive du célèbre jeu de rôle Mutant Chronicles. Des mutants des Légions Obscures envahissent le Monde. Vous incarnez au choix Mitch Hunter ou Max Steiner, membres des Doom Troopers, un commando qui a pour mission de détruire les Légions Obscures. Le jeu se déroule en vue horizontale, plusieurs armes sont à votre disposition pour venir à bout des mutants.
Doraemon - Yume Dorobou to 7 Nin no Gozans (Japan)	Doraemon: Yume Dorobo to 7-nin no Gozansu est un jeu vidéo de plates-formes sorti en 1993 sur Mega Drive. Le jeu a été développé et édité par Sega. Le jeu est inspiré du manga Doraemon et n'est sorti qu'au Japon.
Double Clutch (Europe)	Double Clutch est un jeu de courses sur Megadrive. Choisissez votre pilote et faites des courses endiablées sur le bitume contre vos adversaires. Bénéficiant d'une vue du dessus, dirigez-vous avec précision pour éviter les pièges de la route (flaques d'huile...) et ramassez de l'argent pour améliorer votre véhicule et en faire voir de toutes les couleurs à vos concurrents.
Double Dragon 3 - The Arcade Game (USA, Europe)	Double Dragon III : The Sacred Stones sur Megadrive met une nouvelle fois en scène les frères Lee dans un beat'em all. Un grand ennemi les attend ce coup-ci en Egypte et la pierre de Rosette pourrait les aider à en venir à bout. Dans ce volet, un magasin permet d'acheter des vies supplémentaires et des bonus pour les aider à traverser chaque niveau.
Double Dragon II - The Revenge (Japan) (En)	Après avoir kidnappé Marian dans le premier volet, les Black Warriors vont plus loin et la tue dans cette suite. Billy et Jimmy Lee reprennent donc le combat pour venger sa mort. Double Dragon II : The Revenge sur Megadrive est l'adaptation du second beat'em all de la série sortie dans les salles d'arcade.
Double Dragon V - The Shadow Falls (USA)	Double Dragon V : The Shadow Falls sur Megadrive est le cinquième épisode de la série de jeux développée par Technos sur bornes d'arcade puis que de nombreuses consoles. Cependant, contrairement aux précédents épisodes et pour la première fois dans l'histoire de la série, celui-ci est un jeu de combat. Il est alors possible de faire des duels en un contre un entre les personnages de la série. Un mode histoire est toutefois disponible, proposant une série de combats avant d'affronter le boss fina
Double Dribble - The Playoff Edition (USA)	Double Dribble : The Playoff Edition sur Megadrive est une simulation de basket et propose des matches en cinq contre cinq, avec seize équipes au choix : Boston, New York, Chicago, Los Angeles... Il est également possible de régler la durée des quarts-temps, d'alterner entre trois niveaux de difficulté et d'affronter jusqu'à huit amis via un adaptateur.
Dr. Robotnik's Mean Bean Machine (USA)	Dr. Robotnik's Mean Bean Machine sur Megadrive est un puzzle-game où vous devez arranger des blocs de couleur de manière à les faire disparaître et à réaliser des enchaînements qui auront raison de votre opposant. Sauvez les habitants de BeanVille de la robotisation qu'Eggman veut leur faire subir !
Dragon - The Bruce Lee Story (USA)	Dragon : The Bruce Lee Story est un beat'em up basé sur le film du même nom sorti en 93. Vous devez vous battre pour survivre et exploiter à bon escient la science de Bruce Lee. Des bonus sont disséminés à travers les niveaux, ils vous permettront de faire exploser votre fureur et ainsi de décupler votre puissance.
Dragon Ball Z - Buyuu Retsuden (Japan)	Dragon Ball Z : L'Appel du Destin sur Megadrive est un jeu de combat inspiré du manga proposant des affrontements avec écran splitté pour des affrontements plus vastes. Vous avez le choix dans entre onze personnages extraits des différentes sagas du manga. Vous retrouverez Krilin, Piccolo, Sangohan, Trunks, Sangoku, Vegeta, Ginue, Recoom, Freezer, C18 et Cell. Deux modes de jeu sont à votre disposition : mode Versus ainsi que le mode Story.
Dragon Slayer - Eiyuu Densetsu (Japan)	Dragon Slayer : The Legend of Heroes raconte l'histoire d'un jeune prince nommé Selios. Un jour, son vieux professeur Raiyas l'envoie dans une grotte voisine pour récupérer une arme magique. Lorsque le prince revient, il trouve la maison attaquée par des monstres. Raiyas lui dit de chercher de l'aide dans le château d'un baron, dont le pays est depuis longtemps allié au leur. Cependant, le baron trahit la confiance de Selios et l'emprisonne. Le jeune prince parvient à s'échapper, mais sans possibilité de retour, il n'a d'autre choix que d'errer à travers le pays, en essayant de trouver des compagnons dignes de confiance qui l'aideraient à sauver son pays. nnIl s'agit d'un RPG japonais traditionnel, avec un combat au tour par tour, vu à la première personne. Les ennemis sont semi-aléatoires : ils apparaissent certes de nulle part, mais ils sont visibles à l'écran, et si vous fuyez une bataille, ils vous poursuivront.
Dragon Slayer - Eiyuu Densetsu II (Japan)	Dragon Slayer : The Legend of Heroes II est un jeu de rôle sur Megadrive. Alors que le Prince Selios, héros du premier épisode, a sauvé le Monde d'une entité démoniaque, son fils Atlas aperçoit d'étranges individus en combinaisons spatiales aux abords de la ville ! Il part donc enquêter pour connaître leurs intentions...
Dragon's Eye Plus - Shanghai III (Japan)	Dargon's Eye est un portage du célèbre jeu de paires chinois connu mondialement sous le nom Shangaï, et très similaire à Shangaï II: Dragon's Eye. Le jeu contient les versions de Shangaï et Dragon's Eye pour un ou deux joueurs, une douzaine de formes de tuiles différentes contenant deux jeux de tuiles (MahJong traditionnel et Medieval Fantasy), ainsi que plusieurs options de jeu et des aides.
Dragon's Fury (USA, Europe)	Dragon's Fury est un jeu de flipper sur Megadrive. Le jeu se présente comme une aventure dont le héros est une bille de flipper. Visez juste pour défaire tous les monstres qui vous barrent la route et accumulez les bonus pour atteindre le milliard de points et affronter le terrible boss final.
Dragon's Lair (USA) (Proto)	Dragon's Lair : The Adventure Continues est une version non éditée du jeu Dragon's Lair/Dragon's Magic développé en 1993 par Bluth Group/Motivetime sur supernintendo. L'éditeur est Taito (ou au moins leur branche américaine). Le jeu a été annoncé au CES d'été 1994 par Taito, avec une date de sortie prévue pour l'automne 1994. Il a été annulé pour des raisons inconnues et est jouable à tous les niveaux (bien que l'on ignore si le port lui-même est complet ou non).
Dragon's Revenge (USA, Europe)	Dragon's Revenge est un jeu de flipper sur Megadrive situé dans un univers d'heroïc-fantasy. Utilisez la bille de flipper pour détruire tous les monstres qui se présentent à l'écran et soyez précis pour décrocher les nombreux stages bonus. Chaque tableau est divisé en trois parties et vous pouvez passer de l'une à l'autre à tout moment en faisant voyager la bille.
Duke Nukem 3D (USA) (Piko Interactive)	Duke Nukem 3D est un jeu de tir à la première personne sur Megadrive. Des extraterrestres ont envahi la Terre et détruisent tout à Los Angeles. C'est à vous de les renvoyer d'où ils viennent à coups de fusil et de répliques cinglantes. Éliminez vos ennemis et ramassez des armes au fur et à mesure du jeu pour devenir une vraie machine à tuer !
Dune - The Battle for Arrakis (USA)	Dune II : La Bataille d'Arrakis est un jeu de stratégie en temps réel sur Megadrive basé sur l'univers de la série Dune de Frank Herbert. Le joueur contrôle l'une des trois maisons et doit remplir différentes missions (rapporter de l'épice, tuez tous les ennemis...) pour remporter la campagne.
Dungeons & Dragons - Warriors of the Eternal Sun (USA, Europe)	Dungeons & Dragons : Warriors of the Eternal Sun est un jeu de rôle sur Megadrive. L'histoire du jeu se déroule dans l'univers de Donjons et Dragons et le joueur contrôle une équipe de quatre personnages qu'il aura crée en début de partie. Bénéficiant d'une vue isométrique et de combats en tour par tour, la cartouche vous propose de partir à la découverte d'un tout nouveau monde pour le sauver.
Dyna Brothers (Japan)	Dyna Brothers est un jeu de stratégie dans le thème Dinosaures vs Aliens : Un oeuf-autel dans votre camp, un ovni dans le camp adverse (les 2 servants de base), le but étant simplement de dévorer l'adversaire. Le déroulement du jeu, est aussi simple : « pondre » des oeufs via l'oeuf-autel, attendre qu'ils éclosent, et utiliser les dinosaures qui en sortent à bon escient.
Dyna Brothers 2 (Japan)	La planète Jura est un endroit magnifique et vert où les dinosaures vivent depuis toujours. Cependant, un jour, un sombre et gigantesque vaisseau apparaît dans les cieux, et des extra-terrestres débarquent en s'empressant d'attaquer les dinosaures. Ressentant leur souffrance, le créateur des dinosaures, The Egg, se réveille alors pour protéger leur race et leur planète. Les dinosaures doivent combattre ces envahisseurs extra-terrestres, et les forcer à quitter leur planète. Dyna Brothers 2 est un jeu de stratégie en temps réel comparable à Populous. Le joueur contrôle une petite armée de dinosaures contre l'invasion de l'armée ennemie. Il existe six types d'unités, chacune ayant des compétences et des niveaux différents. Le joueur peut ordonner à ses dinosaures de se déplacer ou d'attaquer, et peut aussi faire éclore de nouveaux dinosaures grâce à The Egg. Il existe aussi des commandes environnementales comme les tremblements de terre et la foudre. Le jeu dispose d'un mode entrainement, un mode histoire, un mode libre, ainsi qu'un mode 2 joueurs versus où le second joueur prend le rôle des envahisseurs extra-terrestres.
Dynamite Duke (World)	Alors qu'un scientifique totalement fou décide de créer une armée de soldats génétiquement modifiés, le sort de l'humanité ne repose plus que sur les larges épaules de Dynamite Duke. Dans ce jeu d'action sur Megadrive il faudra compter sur le goût prononcé du héros pour les armes à feu et sur son bras cybernétique.
Dynamite Headdy (USA, Europe)	Le décor est planté! La marionnette à la tête dure est bien décidée à prouver sa valeur. Vous disposez de 14 têtes interchangeables toutes plus délirantes les unes que les autres selon que vous désirez mordre, cogner, sauter, shooter... afin de vous frayer un chemin jusqu'au Château des Démons des Ténèbres.
DynoBlaze (USA) (Proto)	Dyno Blaze est un Beat them up qui a été développé par Bonsai Entertainment pour Genesis / Mega Drive, Mega CD et 3DO en 1994 et aurait été publié par Virgin. Un prototype jouable du jeu a été divulgué en ligne en 2008, dans lequel vous pouvez essayer une série de niveaux (presque vides) où déplacer votre dinosaure à roulette pour combattre les ennemis avec un bâton de hockey.
EA Hockey (Europe)	Grâce à la licence officielle NHL, le titre propose vingt-quatre équipes et plus de 500 joueurs avec leurs statistiques. Il est possible de concourir dans le mode League mais également de créer son propre tournoi. Un mode ralenti permet aussi de se repasser ses meilleures actions.
EA Sports Double Header (Europe)	Toute la rapidité d'une vrai partie de hockey - patinage de vitesse, plaquage, slop shots, ballistiques et combats! Tous le coups à tire-larigot comme dans le vrai football americain! Bloquez les tackles, plongez, sautez et virez le quaterback. Defilement du terrain de jeu 3D
Earnest Evans (USA)	Earnest Evans sur Megadrive est un jeu d'action/plates-formes où l'on incarne un jeune archéologue à la recherche de trois artefacts censés apporter gloire et prospérité. Le héros rencontre de nombreux obstacles (lave, falaises, rochers, gangsters et monstres) au cours de ses recherches et doit dénicher les précieux objets avant qu'ils tombent entre de mauvaises mains.
Earthworm Jim (World) (Evercade)	Earthworm Jim sur Megadrive met en scène Jim, un ver de terre ayant hérité d'un costume aux pouvoirs extraordinaires. Dans ce classique parmi les jeux de plates-formes, le joueur dispose d'un pistolet laser comme moyen de défense. Jim a aussi une large palette de mouvements pour parvenir à franchir des niveaux variés et colorés.
Earthworm Jim 2 (USA)	Earthworm Jim 2 sur Megadrive est la suite des aventures du ver de terre extraordinaire. Jim renfile son costume aux pouvoirs magiques pour parcourir les niveaux d'action/plates-formes du titre. Le lombric dispose cette fois-ci de cinq types de munitions différentes pour charger son pistolet. Son habileté pour la course et les sauts lui permettent aussi d'atteindre des endroits gigantesques aux yeux d'un tout petit ver de terre.
Ecco - The Tides of Time (USA)	Ecco : The Tides of Time sur Megadrive est la suite de la première aventure du courageux dauphin. L'océan est menacé par la Reine du Vortex et le cours du temps a été divisé en 2 futurs, l'un normal, et un autre où règnent les ténèbres instaurées par la Reine. Votre tâche consiste évidemment à rétablir le plus agréable des deux. La possibilité de se transformer en méduses ou en petits poissons-fourrage pour passer inaperçu a été ajoutée.
Ecco Jr. (USA, Australia)	Ecco Jr. sur Megadrive est un jeu d'aventure/action dans lequel vous incarnez le dauphin Ecco durant sa jeunesse. Accompagné de ses deux amis (Tara la Baleine et Kitney le Dauphin), Ecco va devoir explorer les océans pour retrouver la légendaire baleine bleue. Vous pouvez changer de personnage à tout moment et utiliser leur capacité à émettre des ondes pour trouver des objets et résoudre des énigmes.
Ecco the Dolphin (USA, Europe, Korea) (En)	Ecco the Dolphin sur Megadrive est un jeu d'action qui a l'originalité de mettre le joueur aux commandes d'un dauphin. L'histoire débute lorsque Ecco assiste impuissant à la disparition de tout l'écosystème, emporté par une mystérieuse tempête. 25 niveaux durant, explorez les abîmes et résolvez de nombreuses énigmes afin de ramener le calme au sein de la crique.
El.Viento (World) (Evercade)	El Viento est un jeu de plates-formes/action sur Megadrive. A New York, dans les années 30, une secte mystérieuse projette la résurrection de leur maître, le Prince Hastur, pour contrôler le monde. La seule personne capable de les en empêcher est une jeune fille nommée Annet car le sang de la lignée des Hastur coule dans ses veines.
Elemental Master (USA)	Elemental Master est un shoot'em up sur Megadrive. Contrairement à d'autres titres du genre, Elemental Master ne vous met pas aux commandes d'un vaisseau mais plutôt dans la peau d'un humain ayant toutes sortes de pouvoirs. Plusieurs armes sont à votre disposition et des bonus peuvent être ramassés en chemin pour vous débarrasser des ennemis qui vous foncent dessus.
Eliminate Down (World) (Retro-Bit)	Nous sommes en juin 1993, tout a été dit côté shoot horizontal sur Megadrive et la série Thunder Force règne parmi une ribambelle de portages arcade et de titres originaux. C'est dans cette situation que l'équipe d'Aprinet va puiser pour créer son propre jeu, n'hésitant pas à mélanger des styles très différents. Dans Eliminate Down, les amateurs reconnaîtront notamment un gameplay inspiré du terrible Hellfire, puisque le vaisseau dispose dès le début de tirs allant chacun dans une certaine direction.
Elitserien 95 (Sweden)	NHL 95 est un jeu de hockey sur glace sur Megadrive. Lancez-vous dans la saison complète et ses quatre-vingt matches pour emmener votre équipe favorite jusqu'à la victoire. Gérez vos joueurs comme vous l'entendez et effectuez des transferts pour améliorer vos statistiques générales. Une option permet de désactiver les pénalités et les blessures.
Elitserien 96 (Sweden)	NHL 96 est un jeu de hockey sur glace sur Megadrive. Cette mouture bénéficie de la technologie &quot;Virtual Stadium&quot; qui offre des effets 3D ainsi que plusieurs angles de caméra. Tous les joueurs officiels sont présents et il est possible de jouer la saison complète avec son équipe favorite. Les matches sont entièrement paramétrables, on peut activer (ou enlever) les fautes, les bagarres et les pénalités.
ESPN Baseball Tonight (USA)	ESPN Baseball Tonight sur Mega Drive est un jeu de base-ball développé en collaboration avec la chaîne télévisée ESPN. Ce jeu permet de se mettre aux manettes de l'une des équipes nationales américaines de base-ball lors de matchs amicaux, de tournois ou durant une saison de championnat.
ESPN National Hockey Night (USA)	ESPN National Hockey Night sur Megadrive est un jeu de hockey proposant de contrôler l'intégralité des équipes américaines et canadiennes lors de rencontres amicales, de tournois ou durant une saison entière. La saison peut être composée de 29 ou 82 matchs et s'achève lors de matchs à élimination directe nommés Play offs.
ESPN Speed World (USA)	ESPN Speed World est un jeu vidéo de course sorti en 1994 sur Mega Drive et Super Nintendo. Le jeu a été développé et édité par Sony Imagesoft.
ESPN Sunday Night NFL (USA)	ESPN Sunday Night NFL est un jeu vidéo de football américain sorti en 1994 sur Mega Drive et Super Nintendo. Le jeu a été développé par Absolute Entertainment et édité par Sony Imagesoft.
Eternal Champions (USA)	Après la mort injuste de neuf des plus puissants et influents guerriers de tous les temps, l'avenir risque de basculer dans le chaos le plus complet. Eternal Champion a rappelé à lui les âmes de ces neuf guerriers pour leur permettre de participer à une compétition. Le vainqueur aura une seconde chance d'empêcher sa mort. Il pourra ainsi rétablir l'équilibre dans ce monde en proie à un profond désespoir. Chaque personnage dispose de sa propre manière de combattre et il est possible en fin de combat d'envoyer son adversaire au tapis grâce à un super coup final.
European Club Soccer (Europe)	European Club Soccer est un jeu de football sur Megadrive. Les équipes européennes principales sont présentes et jouables dans les trois championnats du jeu. L'arbitre est physiquement présent sur le terrain et le joueur peut choisir entre un mode arcade et simulation qui comprend six formations différentes.
Evander Holyfield's 'Real Deal' Boxing (World)	Evander Holyfield's &quot;Real Deal&quot; Boxing est une simulation de boxe sur Megadrive. Choisissez un match rapide en mode exhibition ou optez pour le mode carrière où vous guidez votre poulain à travers toutes les étapes pour affronter Evander Holyfield. Jaugez bien la fatigue et les coups encaissés par votre boxeur et envoyez votre adversaire au tapis pour accéder à la gloire.
Ex-Mutants (USA, Europe)	Ex-Mutants est un jeu d'action/plates-formes sur Megadrive. Le monde entier a succombé au pouvoir de Lord Sluggo et il n'y a plus que des mutants sur Terre. C'est à vous (et cinq coéquipiers) de rassembler six échantillons génétiques purs pour recréer la race humaine. Arpentez les onze niveaux de Sluggtown en détruisant vos ennemis pour sauver l'humanité.
Exile (World) (Evercade)	Après avoir vaincu le calife, Sadler retourne dans son village natal, accueilli par ses compagnons assassins. Un espion des Croisés a été repéré à l'extérieur du village, en suivant sa trace, Sadler rencontre le puissant chef des Templiers. Voyageant ensemble dans différents pays du monde, ils tentent de trouver un mystérieux artefact sacré qui pourrait mettre fin aux guerres de religion. Le jeu se déroule dans une version fictive du Moyen-Orient et d'autres régions du monde au 13e siècle. Les déplacements et l'exploration se font dans la vue aérienne traditionnelle des RPG, tandis que les combats et les donjons sont des labyrinthes à défilement latéral. Des points d'expérience sont attribués en battant les ennemis. La montée en niveau augmente automatiquement les attributs de Sadler. Sadler se bat à l'épée et peut également lancer des sorts offensifs et réparateurs. Les armes, armures et objets peuvent être achetés et vendus dans les villes.
Exo Squad (USA)	ExoSquad est un jeu d'action sur Megadrive tiré de la série animée du même nom. Pilotez les membres d'ExoSquad à travers plusieurs missions qui suivent l'histoire ou optez pour une mode versus où vous affrontez un autre membre de l'unité jusqu'à la victoire.
F-117 Night Storm (USA, Europe)	F-117 Night Storm est une simulation de pilotage sur Megadrive. A bord de votre F-117, l'un des premiers avions furtifs, choisissez vos armes et lancez-vous dans la bataille. Le jeu vous propose diverses missions à remplir ainsi qu'un mode arcade pour des sensations différentes de pilotage.
F-15 Strike Eagle II (USA)	Le deuxième volet de la série propose des campagnes en Libye, dans le golfe Persique, au Moyen-Orient et au Viêt Nam, soit un total de 250 000 miles d'action et de danger potentiels. Sur chacun de ces terrains, il faut détruire des cibles aériennes ainsi que des cibles terrestres primaires et secondaires. Vous êtes armé d'un canon, d'un missile air-air à longue portée AMRAAM, d'un missile air-air à courte portée Sidewinder et d'un missile air-sol Maverick. Il y a 11 angles de caméras, y compris des vues internes et externes de l'avion. Pour aider les nouveaux joueurs, il existe un mode d'entraînement, avec des options pour désactiver les crashs et automatiser le décollage et l'atterrissage. L'IA des ennemis est réactive, mais le ciblage assisté vous aide à les éliminer.
F-22 Interceptor - Advanced Tactical Fighter (USA, Europe) (F-202)	F-22 Interceptor est une simulation d'avion de chasse sur Megadrive. Vous êtes dans le cockpit d'un F-22 et devez remplir diverses missions dans quatre espaces aériens différents (États-Unis, Irak, Corée et Russie). Les objectifs varient de l'une à l'autre de ces missions et vos armes seront mises à disposition pour vous débarrasser d'hélicoptères de combat ou démolir des constructions ennemies.
F1 - World Championship Edition (Europe)	La F1 représente le défi ultime pour un pilote de course professionnel. Cette édition « World Championship » vous permet en effet de piloter pour l'une des 12 écuries réelles lors des 16 Grands Prix officiels, face à de véritables pilotes de F1. Si ce défi ne vous suffit pas, vous disposez de 3 niveaux de difficulté, de conditions météorologiques variables, d'un choix entre des défis de championnat ou à élimination directe, et pour couronner le tout, d'une option d'écran partagé incroyablement rapide qui vous permet de courir en face à face contre un ami ou même contre votre SNES ! Démarrez vos moteurs ! Préparez-vous à courir !
F1 Circus MD (Japan)	F1 Circus MD est un jeu de courses de formule 1 sur Megadrive. Proposant une vue du dessus, F1 Circus MD offre un mode Championnat du Monde pour se mesurer aux meilleurs pilotes, ainsi qu'un mode Course Libre et Entrainement. Les conditions météorologiques peuvent grandement influer sur le bon déroulement de la course.
Faery Tale Adventure, The (USA, Europe)	The Faery Tale Adventure sur Megadrive est un jeu de rôle vous permettant d'incarner trois personnages qui partent à l'aventure dans un monde gigantesque, composé de dix sept mille écrans différents. Interagissez avec différents personnages et accomplissez les nombreuses quêtes qui vous sont proposées tout au long de l'aventure.
Family Feud (USA)	La Famille en Or est l'adaptation sur Megadrive de l'émission télévisée du même nom. Le jeu oppose deux familles dont les membres doivent à tour de rôle répondre à des questions qui ont préalablement été posées à un panel de personnes. Le but est de donner les réponses les plus fréquemment données par le panel. Pour cela, le joueur doit entrer ses réponses en saisissant les caractères en un temps limité.
Fantasia (USA, Europe)	Fantasia est un jeu de plates-formes sur Megadrive se déroulant dans l'univers du film du même nom de Walt Disney. Vous dirigez Mickey Mouse à la recherche des notes de musique manquantes à travers quatre mondes imaginaires. Mickey devra ramasser de nombreux bonus pour tenir le coup dans son épopée et se débarrasser des ennemis qui croisent sa route.
Fantastic Dizzy (USA, Europe) (En,Fr,De,Es,It)	Fantastic Dizzy est un jeu de plates-formes/aventure sur Megadrive. Le méchant magicien Zaks a jeté un sort à tous les habitants du village et a kidnappé la fiancée de Dizzy. Le but du joueur sera bien évidemment de la récupérer mais également de sauver les villageois. La jouabilité repose sur un mélange de plates-formes et d'énigmes à résoudre (en ramassant différents objets et en les utilisant au bon endroit).
Fantasy Pinball (Brazil) (Mega Drive 4)	Jeu de flipper. Le jeu n'a pas été distribué sur support physique, mais uniquement préinstallé dans la mémoire de certains modèles de consoles Mega Drive vendues au Brésil, tels que le Sega TecToy Super Mega Drive 3 avec 71 jeux en mémoire. Le jeu sorti exclusivement sur Mega Drive.
Fantasy Zone (World) (Mega Drive Mini 2, Genesis Mini 2)	Vous contrôlez un vaisseau spatial intelligent nommé Opa-Opa, qui combat une invasion ennemie dans le groupe de planètes de la Fantasy Zone. Le jeu propose plusieurs fonctionnalités atypiques pour un shoot'em up à défilement horizontal. Le personnage principal, Opa-Opa, est parfois considéré comme la première mascotte de Sega.
Fastest 1 (Japan) (En)	Fastest 1 a pour date de sortie : 28 juin 1991. Fastest 1 est jouable à 1-2 joueur(s).
Fatal Fury (USA)	L'histoire de Fatal Fury se déroule dans la ville américaine fictive de Southtown. Rongée par le crime et la corruption et dirigée de main de fer par le Parrain de la pègre locale Geese Howard, cette ville accueille chaque année le tournoi du King of Fighters, qui permet aux combattants les plus aguerris de se mesurer puis d'affronter le bras droit de Howard, l'invincible Billy Kane. Les frères Terry et Andy Bogard décident de participer au tournoi dans le but de se venger la mort de leur père, l'expert en arts martiaux Jeff Bogard, assassiné dans des conditions mystérieuses par Geese Howard. La principale originalité apportée par Fatal Fury est de permettre de combattre sur deux plans différents. Le joueur a la possibilité de déplacer son personnage de l'avant à l'arrière plan, afin notamment d'esquiver les attaques de l'adversaire. Les trois personnages disposent de coups pouvant porter d'un plan à l'autre ou sur les deux plans à la fois.
Fatal Fury 2 (USA, Korea) (En)	Fatal Fury 2 sur Megadrive est un jeu de combat innovant dans lequel les personnages peuvent évoluer sur deux plans différents. Il est possible de passer de l'arrière à l'avant de l'écran, pour notamment esquiver les attaques adverses. Les trois personnages jouables disposent de techniques diverses et variées, dont une qui permet d'attaquer les deux plans en même temps afin d'être sûr d'envoyer son rival au tapis.
Fatal Labyrinth (USA, Europe) (En,Ja)	Fatal Labyrinth est un jeu de rôle sur Megadrive. La Sainte Coupe a été dérobée et se trouve actuellement dans le Castle of Doom. Vous incarnez Trykaar qui devra pénétrer dans cet inquiétant château et en traverser les trente niveaux générés aléatoirement par le jeu.
Fatal Rewind (USA, Europe)	Fatal Rewind est un jeu d'action/plates-formes sur Megadrive. Le joueur dirige un criminel qui a été inséré dans un corps mécanique et qui doit survivre à tous les niveaux du jeu pour gagner sa liberté. Le jeu demande une certaine réflexion et il faudra choisir le bon objet à utiliser pour se sortir des différents niveaux. Trouvez la sortie avant de vous faire tuer par les ennemis ou les nombreux pièges sur votre route.
Ferias Frustradas do Pica Pau (Brazil)	Férias Frustradas do Pica-Pau est un jeu vidéo de plates-formes sorti en 1996 sur Master System et Mega Drive. Le jeu a été développé et édité par Tec Toy. Il n'est sorti qu'au Brésil.Le jeu met en scène le personnage Woody Woodpecker.
Ferrari Grand Prix Challenge (USA)	Ferrari Grand Prix Challenge est un jeu de courses sur Megadrive. Le joueur incarne un pilote de l'écurie Ferrari dont le but est de devenir champion de Formule 1. Pendant les seize étapes jusqu'à la victoire, il faudra se mesurer à vingt-cinq concurrents dirigés par l'ordinateur. Il faudra également penser à s'arrêter au stop pour faire le plein et changer les pneus.
Fica 1 (Brazil) (Mega Drive 4)	Le jeu Fica 1 se compose de 1 plateau et 32 pièces. C'est un jeu pour un seul joueur, dont l'objectif est de ne laisser qu'une seule pièce sur le plateau. Il existe plusieurs positions initiales pour les pièces, la plus commune étant celle dans laquelle toutes les maisons sont occupées par des pièces, à l'exception de la maison centrale. La capture se fait par saut, tant que la maison suivante est libre. Chaque fois qu'une pièce est sautée, elle est retirée du jeu. Les pièces ne peuvent être capturées qu'en ligne droite, c'est-à-dire qu'elles ne sont pas capturées en suivant des courbes ou en diagonale. Le jeu se poursuit jusqu'à ce qu'aucune autre pièce ne puisse être capturée. Pour sélectionner la pièce à déplacer ou pour annuler la pièce sélectionnée, appuyez sur l'un des boutons : A, B ou C. Bonne chance ! Ce jeu de puzzle n'a pas été vendu sur support physique, mais seulement préinstallé en mémoire de certains modèles de la console Mega Drive vendus au Brésil, comme le Sega TecToy Super Mega Drive 3 avec 71 jeux en mémoire. Puis le jeu a commencé à apparaître également dans les modèles AtGames distribués mondialement. Jeu sorti en exclusivité sur le Mega Drive.
Fido Dido (USA) (Proto)	Fido Dido est un jeu de plates-formes sur Megadrive. Le joueur incarne Fido à travers des mondes tirés des dessins de son auteur. Chaque niveau propose ses propres objectifs ainsi que ses propres objets que le joueur doit utiliser au mieux pour se débarrasser des ennemis et des obstacles qui lui barrent la route.
FIFA 98 - Road to World Cup (Europe) (En,Fr,Es,It,Sv)	FIFA 98 : En Route pour la Coupe du Monde est un jeu de football sur Megadrive. Emmenez votre équipe depuis les premières qualifications jusqu'à la finale de la coupe du monde. Le jeu propose 189 équipes de clubs ainsi que seize stades officiels. Chaque équipe nationale dispose de ses propres chants de supporter pour plus de réalisme.
FIFA International Soccer (USA, Europe) (En,Fr,De,Es)	FIFA International Soccer sur Megadrive est une simulation de football. Premier titre de la série la plus vendue au monde, FIFA donne la possibilité à 1 ou 2 joueurs de prendre le contrôle d'équipes nationales et internationales lors de matches amicaux, de tournois ou de championnats. Privilégiant les courses et passes courtes, le jeu permet d'adopter une stratégie parmi 5 au choix afin de mieux contrer le jeu de l'adversaire.
FIFA Soccer 95 (USA, Europe) (En,Fr,De,Es)	FIFA Soccer 95 est un jeu de football sur Megadrive. Proposant environ 200 équipes différentes, cet épisode amène également plus de ligues par pays ainsi que la possibilité de sauvegarder à l'aide de mots de passe. Un mode entraînement pour les tirs au but a aussi été ajouté.
FIFA Soccer 96 (USA, Europe) (En,Fr,De,Es,It,Sv)	FIFA Soccer 96 est un jeu de football sur Megadrive. Le jeu propose onze ligues officielles ainsi que cinquante-neuf équipes internationales. Il est possible de faire de simples matches amicaux, des tournois ou de participer à la Coupe du monde. Un éditeur d'équipes vous permet aussi de créer la sélection de vos rêves avec vos joueurs préférés.
FIFA Soccer 97 (USA, Europe) (En,Fr,De,Es,It,Sv)	FIFA 97 est un jeu de football sur Megadrive. Cette version amène une animation plus poussée, basée sur la façon de bouger de David Ginola. Il est possible de choisir un mode Arcade ou Simulation et de jouer à six contre six en intérieur. De nombreuses options multijoueurs sont également au programme.
Fighting Masters (USA)	Fighting Masters est un jeu de combat sur Megadrive. Un soleil géant est sur le point de se transformer en supernova et les Primaries offrent de sauver l'une des douze planètes du système en organisant un tournoi. Chaque planète envoie son champion pour représenter son peuple. Le jeu utilise trois boutons principaux : attaquer, bloquer et sauter. Montrez vous à la hauteur des espérances de votre peuple.
Final Zone (World) (Evercade)	« final zone » est sorti en 1990. Il n'est jamais sorti en Europe. Le joueur incarne Howard Bowie et doit combattre un ennemi nommé l'axe. Le héros est équipé d'une combinaison robotisée. C'est un shoot them up en 3D isométrique. Le jeu est assez difficile.
Fire Mustang (Japan)	Fire Mustang est un shoot'em up sur Megadrive se déroulant pendant la Seconde Guerre mondiale. Le joueur pilote un P-51D Mustang qui dispose d'un nombre illimité de munitions mais qui explosera s'il encaisse un tir ennemi. Plusieurs bonus peuvent être ramassés en chemin pour une puissance de feu accrue. Il est également possible de larguer des bombes sur les ennemis au sol.
Fire Shark (World) (Retro-Bit)	Fire Shark est un shoot'em up sur Megadrive se déroulant pendant la Seconde Guerre mondiale. Dix niveaux vous attendent, chacun regorgeant d'ennemis aériens, terrestres et marins. Entre chaque niveau, votre avion recevra plusieurs bonus en fonction de vos performances. D'autres bonus peuvent être ramassés dans les niveaux pour accroître votre puissance de feu.
Flash Point (Japan) (En) (Proto)	Flash Point est un puzzlegame sortis en 1993 sur la Megadrive de Sega
Flashback - The Quest for Identity (USA) (En,Fr)	L'histoire débute en 2042 lorsque Conrad B. Hart prend connaissance d'un complot lié à l'existence d'extraterrestres hostiles disséminés parmi la population. Ces derniers le kidnappent mais Hart parvient à s'enfuir. Il est vite rattrapé et atterrit en catastrophe au coeur de la jungle de Titan, un satellite de Saturne. Le joueur doit braver les dangers de la jungle environnante et déjouer le complot en place. Bien qu'une grande partie du gameplay soit consacrée à courir, sauter et tirer sur des ennemis, le jeu comporte également un élément d'exploration considérable, ainsi qu'une partie de résolution d'énigmes. Le joueur fait naviguer Conrad à travers des structures de plates-formes, en effectuant différents mouvements. Il est possible de sauter, courir, grimper, s'accrocher aux rebords et de ramasser des objets ... Pour se défendre, Conrad peut tirer sur les ennemis avec son pistolet et utiliser divers objets pour les blesser ou les distraire.
Flicky (USA, Europe)	Le principe de Flicky est dramatiquement simple : l'oisillon doit affronter une succession de tableaux fixes (qui forment une boucle infinie sur eux-mêmes) truffés de plates-formes. Les autres habitants du tableau sont un nombre variable de minuscules poussins, un chaton prénommé Tiger et un iguane prénommé Iggy. L'objectif est bien évidemment de récupérer tous les poussins et de les amener vers la sortie en évitant Tiger et Iggy. Une fois pris sous votre aile, les poussins vous suivent à la queue leu leu. Si Tiger ou Iggy parviennent à toucher un des poussins, ce dernier arrête de vous suivre et vous devrez donc aller le récupérer. Si les deux prédateurs attrapent Flicky, ils le bouffent, c'est aussi simple que cela. La seule façon dont Flicky peut se débarrasser de ses poursuivants félins et reptiliens consiste à ramasser certains objets qui traînent dans les niveaux et à les expédier dans les vibrisses de Tiger ou les écailles d'Iggy.
Flink (Europe) (En,Fr,De)	Un désastre frappe l'île de Imagica! Wicked Wainwright a pris le pouvoir! Seul l'apprenti magicien Flink peut nous sauver! Une course folle contre les sbires du mal, dans laquelle vous devrez concocter des sortilèges fantastiques, commence afin de libérer l'île.
Flintstones, The (USA) (En-US,En-GB,Fr,De,Es,It) (Ocean) (Sega Channel)	Quand rien ne va plus à Bedrock, Fred Pierrafeu doit intervenir. Traversez les cieux sur un ptérodactyle, ne ménagez pas votre fidèle Flintmobile et montez dans le Dino Express! Servez-vous de votre gourdin pour repousser les monstres loufoques qui surgissent au cours de cette excellente aventure pleine d'humour!
Flintstones, The (USA) (Taito)	Quand rien ne va plus à Bedrock, Fred Pierrafeu doit intervenir. Traversez les cieux sur un ptérodactyle, ne ménagez pas votre fidèle Flintmobile et montez dans le Dino Express! Servez-vous de votre gourdin pour repousser les monstres loufoques qui surgissent au cours de cette excellente aventure pleine d'humour!
Flux (Europe) (Program)	Flux est un logiciel de visualisation de musique développé par EXP pour la Sega Mega Drive.
Forca Alienigena (Brazil)	Jeu de tir style Space Invaders. Le jeu n'a pas été vendu sur support physique, mais était uniquement distribué préinstallé dans la mémoire de certains modèles de la console Mega Drive vendue au Brésil, tels que le Super Mega Drive 3 de Sega Tec Toy avec 71 jeux en mémoire. Jeu sorti exclusivement sur Mega Drive.
Foreman for Real (World)	Non, George Foreman n'est pas qu'un simple vendeur de barbecues à la télévision mais un boxeur de haut niveau. Dans ce jeu de sport éponyme sur Megadrive vous combattez en vue à la troisième personne. Foreman for Real vous permet de réaliser nombre de coups classiques issus de la palette du boxeur idéal. Choisissez parmi les modes Exhibition ou Tournament, ou lancez-vous dans un mode Carrière et tentez de ravir le titre à George Foreman lui-même !
Forgotten Worlds (World) (En,Ja)	La Terre était un endroit prospère, avec de grandes villes et une nature intacte jusqu'à l'arrivée des extraterrestres ! Avec le feu et les bombes, ils ont dévasté le monde et tout rasé. C'est à toi de chasser les aliens et de reconquérir la planète. Affronte le Seigneur de fer et évite le dangereux souffle de feu du &quot;Dust Dragon&quot; ! Combats les créatures les plus diverses dans Forgotten Worlds et montre-leur ce qu'il en est ! Explore les différents niveaux et bats le boss pour continuer ta mission. Améliore ton arsenal entre et récupère ta planète d'origine en défiant les extraterrestres !
Formula One (USA)	F1 sur Megadrive dispose des circuits officiels du championnat du monde de l'époque, chacun avec ses difficultés inhérentes. Vous pouvez choisir d'effectuer, seul ou à deux, de 4 à 18 tours. Le mode Arcade vous permet de choisir le circuit sur lequel vous souhaitez tester vos talents de pilote tandis que le mode Grand Prix suivra l'ordre des courses du championnat du monde FIA.
Frank Thomas Big Hurt Baseball (USA, Europe)	Frank Thomas Big Hurt Baseball sur Megadrive est un jeu de simulation de Baseball. Au travers de 6 modes de jeu (entraînement, match d'exhibition, saison complète, etc.), vous pourrez incarner plus de 700 joueurs de la Ligue majeure de base-ball américaine.
Frog Dude (Europe) (Proto)	Andy Swann, un programmeur a publié une version prototype du jeu en ligne en 2014. La ROM a d'abord été montrée lors de l'ECTS 1993. On pense que très peu de progrès ont été réalisés sur Frog Dude. Bien que le prototype soit entièrement jouable, il se compose d'un petit niveau jonchée de pommes mais dépourvu d'ennemis ou d'obstacles. Le joueur peut basculer entre &quot;humain&quot; et &quot;grenouille&quot; avec A. B attaque (bien qu'il n'y ait rien à attaquer) et C saut. En forme de grenouille, le joueur peut sauter plus haut au détriment de la vitesse. Il est impossible de gagner ou de perdre. Le joueur n'est pas affecté par ce qui est supposé être des puits sans fond. Il n'y a pas non plus de son.
Frogger (USA)	Frogger sur Megadrive est un jeu d'action dans lequel le but est de diriger des grenouilles pour les ramener chez elle tout en évitant les obstacles qui se dressent sur votre chemin. Traversez des rivières en allant de rondin en rondin, évitez les voitures sur les routes et autres dangers si vous ne voulez pas finir en purée.
From TV Animation Slam Dunk - Kyougou Makkou Taiketsu! (Japan)	From TV Animation Slam Dunk est jeu de Basket edité par Bandai en 1995
Fun 'n' Games (USA)	Fun 'N' Games est un condensé d'applications et de mini-jeux sur 3DO. Paint vous propose de dessiner à l'aide de pinceaux et d'arrière-plans originaux. Music vous aide à composer de la musique avec plusieurs instruments. Dans Aquashark vous dirigez un homard et devez trouver la sortie tandis que Space Cadet est un jeu de tir spatial. Sliding Puzzle enfin est un jeu de taquin.
Fushigi no Umi no Nadia (Japan)	1889, une époque de grandes inventions et d'avancées technologiques jamais vues auparavant. Vous incarnez Jean, un jeune génie scientifique. A Paris, il rencontre Nadia, une artiste de cirque africaine. Nadia porte un pendentif qui contient des pouvoirs magiques, et c'est pourquoi la gargouille maléfique est après elle : ce pendentif est juste l'objet dont elle a besoin pour construire l'arme ultime, la Tour de Babel. Jean fera tout pour protéger Nadia, espérant que son amour pour elle, son esprit aventureux et le pouvoir de la science finiront par vaincre Gargouille !
G-LOC - Air Battle (World)	La Citizens Defence Force ne fait pas confiance aux Nations Unies pour maintenir la paix dans le monde troublé du 21e siècle. Elle confisque une horde d'avions et de navires de guerre et, en tant que loyaliste de l'ONU, vous avez pour mission de les abattre. Le jeu est divisé en plusieurs étapes, elles-mêmes divisées en sous-étapes sur terre et sur mer, chacune d'entre elles ayant une limite de temps stricte et un nombre cible d'avions à abattre. Vous disposez de missiles et d'armes standard. L'avion peut survivre à quelques coups. Si vous ne parvenez pas à terminer une section dans le temps imparti, vous perdrez une vie, mais le nombre d'avions abattus précédemment n'est pas réinitialisé, ce qui rend la seconde tentative plus facile. Au fur et à mesure que vous détruisez des ennemis, vous avez accès à de meilleurs avions.
Gadget Twins (USA)	Gadget Twins est un jeu d'action sur Megadrive. Le joueur dirige un petit avion au design très cartoon à travers des niveaux remplis d'ennemis. Le coucou dispose de quatre armes de destruction et il est possible de récupérer des bonus pour améliorer son appareil en fin de niveau. Un mode deux joueurs en coopération est également disponible.
Gaiares (World) (Evercade)	Gaiares est un shoot'em up sur Megadrive. En l'an 3000, la Terre a été ravagée par la pollution humaine et Gulfer, un terroriste, veut en profiter pour construire une arme alimentée par cette pollution. Les Leezaluth ne l'entendent pas de cette oreille et envoient Dan pour l'en empêcher. Vous incarnez Dan à bord d'un vaisseau spatial et devez traverser huit niveaux remplis d'ennemis et de boss impressionnants.
Gain Ground (USA)	Gain Ground sur Megadrive est un jeu alliant action et stratégie. Les missions proposent deux types d'objectifs, traverser une zone sans mourir ou tuer l'intégralité des ennemis. Pour ce faire, vous disposez de différentes unités possédant leurs propres caractéristiques et la stratégie consiste à choisir judicieusement quel soldat serait le plus efficace dans une situation donnée.
Galaxy Force II (Japan) (En)	Galaxy Force II est un shoot'em up sur Megadrive. Bénéficiant d'une vue de dos, ce jeu vous propose de piloter un vaisseau spatial à travers de dangereuses planètes. Il faudra de l'adresse pour viser juste tout en évitant les obstacles. Vous disposez d'une jauge de vie qui se vide à chaque impact reçu, tandis que vos mitraillettes et vos missiles vous aident à faire des dégâts.
Gambler Jiko Chuushinha - Katayama Masayuki no Mahjong Doujou (Japan)	Joueur Jiko Chushinha: Katayama Masayuki no Mahjong Dojo est un jeu traditionnel de mahjong de 4 joueurs basé sur le manga de Masayuki Katayama, un des nombreux produits de Game Arts. Le jeu offre à la fois un mode de jeu libre et un mode d'histoire légère qui suit les personnages de Katayama, un groupe d'étudiants qui jouent au mahjong pour régler leurs différences. Il y a aussi un mode &quot;Mahjong Dojo&quot; qui vous interroge sur les aspects du jeu afin de vous aider à apprendre à mieux jouer.
Game no Kanzume Otokuyou (Japan) (Sega Channel)	Game no Kanzume Otokuyou est une compilation de jeux Sega Game Toshokan sorti pour la Sega MegaDrive, une version &quot;digest&quot; des collections Mega-CD Game no Kanzume Vol.1 et Game no Kanzume Vol.2. Il a été distribué exclusivement au Japon on ne sait quand, et la ROM actuelle que nous connaissons a probablement été trouvé sur le disque contenant une certaine version du navigateur Web Dreamcast; Ceci n'a pas encore été confirmé (TODO). Jeux inclux : - 16t - Flicky - Putter Golf - Hyper Marbles - Shi no Meikyuu - Medal City - Paddle Fighter - Ikazuse! Koi no Doki Doki Penguin Land MD - Pyramid Magic - Robot Battler - Teddy Boy Blues - Aworg
Garfield - Caught in the Act (USA, Europe)	Vous êtes Garfield, le chat paresseux, dans Garfield : Caught in the Act sur Megadrive. A trop regarder la télévision, vous voilà emprisonné dedans. Au cours des niveaux de plates-formes, vous devez désormais trouver les pièces de la télécommande qui vous permettra de vous échapper.
Garfield - The Lost Levels (USA) (Sega Channel)	Vous êtes Garfield, le chat paresseux, dans Garfield : Caught in the Act sur Megadrive. A trop regarder la télévision, vous voilà emprisonné dedans. Au cours des niveaux de plates-formes, vous devez désormais trouver les pièces de la télécommande qui vous permettra de vous échapper.
Gargoyles (USA)	Gargoyles sur Megadrive est un jeu de plates-formes basé sur la série animée du même nom. Vous contrôlez Goliath, alors qu'une puissante relique nommée l'Oeil d'Odin pourrait bien causer la fin du monde. Goliath peut grimper sur plusieurs édifices pour éviter ses ennemis mais il est aussi possible de les attaquer directement durant les dix-huit niveaux que compte le jeu.
Garry Kitchen's Super Battletank - War in the Gulf (USA)	Super Battletank 2 est le deuxième volet de la série Battletank de Garry Kitchen sur Megadrive. A bord d'un tank, vous avez plusieurs missions à réaliser dans des conflits des années 90. Vous contrôlez la vitesse et la direction que prendra le tank, ainsi que le viseur du canon et des mitraillettes. En regardant la carte, vous saurez où se situent les ennemis, et comment contourner les champs de mines dangereuses, même pour un véhicule aussi solide.
Gauntlet IV (USA, Europe) (En,Ja)	Gauntlet 4 est un hack'n slash sur Megadrive. Incarnez au choix : Thor le guerrier, Thyra la valkyrie, Merlin le sorcier ou Questor l'elfe (chacun ayant ses avantages et ses inconvénients) dans ce jeu qui permet à 4 joueur de jouer simultanément (avec un adaptateur manette). En plus du mode Arcade, retrouvez un mode Quest qui vous propose de vivre une grande aventure.
Gemfire (USA)	Dans un monde d'heroic-fantasy classique, 6 magiciens sont libérés d'un cachot où ils étaient enfermés par un tyran depuis des générations. Ils s'allient chacun à un roi différent et ces derniers vont tenter de renverser le tyran et conquérir l'ile sur laquelle se déroule l'histoire. Après avoir choisi son scénario, on joue au tour par tour en 2 phases distinctes : une phase de gestion et une phase de combat. Pendant la phase de gestion, toute l'île est représentée sur une carte montrant où se situent les troupes de chaque royaume. Les actions disponibles sont très nombreuses. Lorsqu'on attaque une unité ennemie, on passe à une vue rapprochée du champ de bataille où l'on déplace ses soldats au tour par tour. Chaque soldat a des capacités de déplacement et des compétences différentes.
General Chaos (USA, Europe)	General Chaos est un jeu de stratégie en temps réel sur Megadrive. Le joueur contrôle une équipe de 5 soldats dans la grande bataille des Rouges contre les Bleus. Le but est de remporter les petites escarmouches pour, au final, repousser l'ennemi vers ses quartiers. Il y a 5 types de soldats différents, chacun avec ses armes, ses avantages et ses inconvénients.
Generations Lost (USA, Europe)	Generations Lost est un jeu de plates-formes sur Megadrive. Le joueur contrôle Monobe, un aventurier à la recherche du passé de son peuple. Monobe est capable de faire plusieurs mouvements en plus de courir et sauter. Ainsi il est possible de rouler, d'attaquer avec les pieds et les mains ou encore d'envoyer des boules de feu. Pour progresser, Monobe doit résoudre des énigmes à travers six environnements différents.
Genghis Khan II - Clan of the Gray Wolf (USA)	Genghis Khan II : Clan of the Grey Wolf est un jeu d'action/stratégie sur Megadrive. En début de partie, il est possible de choisir entre une conquête mondiale, ou la conquête mongole. Dans la première, vous devez conquérir tous les pays afin de bâtir le Monde comme vous le souhaitez. Dans la deuxième vous incarnez le grand Temujin et vous devez réunir toutes les petites tribus de la Mongolie.
Gensou Senki Kokou no Ryuu - Crying Dragon (Japan) (Proto)	nnGensou Senki Kokou no Ryuu: Crying Dragon est un RPG d'action inédit annoncé à l'origine par Sega dans le cadre d'une série de premiers jeux Sega Mega-CD donnés à Famitsu et répertoriés dans le numéro du 28 juin 1991, à la page 14. Il a été annulé pour des raisons inconnues. Le 20 novembre 2019, un tout premier prototype du jeu a été acquis par Andlabs puis dumpé. Comme signe que le prototype est très tôt dans le développement, il s'agit d'un Sega Mega Drive sur une cartouche de développement Sega standard. Le jeu lui-même est un RPG d'action à défilement latéral. Lorsque vous démarrez le jeu, vous arrivez dans une ville. Vous pouvez vous déplacer et appuyer sur Haut pour entrer dans un bâtiment. Chaque bâtiment a une boutique d'aspect primitif qui, après une brève période de temps, présente sans ménagement un menu avec lequel vous pouvez faire des choses de type boutique.
George Foreman's KO Boxing (USA)	Vous incarnez le champion George Foreman dans ce jeu de boxe sur Megadrive où vous devez battre des boxeurs fictifs pour remporter la ceinture dorée. George Foreman's KO Boxing propose une vue de côté et des matchs pouvant durer jusqu'à 10 rounds. A noter la possibilité de pouvoir effectuer des &quot;super punches&quot; pour envoyer l'adversaire dans les cordes et ainsi le bloquer tout en lui infligeant de sérieux coups.
Ghostbusters (USA, Europe) (En,Ja)	Ghostbusters est un jeu d'action/plates-formes sur Megadrive basé sur la série connue chez nous sous le nom de SOS Fantômes. Suivez les aventures de Peter, Ray et Egon alors qu'ils tentent de rassembler les parties d'une mystérieuse tablette. Chacun des trois personnages a ses propres aptitudes. Des boutiques disséminées dans les niveaux permettent d'acheter des armes ou de la vie.
Ghouls'n Ghosts (Japan, USA) (En,Ja)	Ghouls'n Ghost sur Megadrive est un jeu d'action se déroulant dans un univers médiéval. L'histoire débute lorsque des revenants attaquent le royaume et capturent la petite amie du chevalier Arthur. Incarnez ce dernier et partez en croisade contre les envahisseurs avant qu'ils ne sacrifient sa dulcinée pour ressusciter un démon terrifiant.
Go Net (Japan)	Go Net est une cartouche Sega Mega Drive rare développée par Sega et Aisystem Tokyo et commercialisée exclusivement au Japon en 1992. Combinée avec un Sega Mega Modem et un abonnement, elle permet de jouer à Go avec d'autres propriétaires de la cartouche.
Gods (USA)	Dans Gods sur Megadrive, vous incarnez Hercule et parcourez la Grèce antique, accomplissant les tâches que les dieux vous ont attribuées. Vous pouvez ramasser des objets qui vous serviront à combattre les ennemis et à débloquer certains passages. Vous pouvez également acheter des objets en ramassant des diamants et autres trésors.
Golden Axe (World)	Autrefois, une terrible guerre fit rage entre les Dieux, créateurs du monde, et les Titans. Ces derniers furent vaincus grâce à une arme surpuissante forgée par les Dieux, nommée «Golden Axe». Grâce à elle, les Titans furent bannis, et les Dieux léguèrent la Terre aux humains. Cependant, un Titan avait survécu: Death Adder. Il s'empara de la Golden Axe et s'en servit pour mettre le monde à feu et à sang. Il enleva le roi de Yuria et sa fille et menaça de les exécuter si les habitants ne se soumettaient pas sans condition. Trois héros, décidés à se venger de Death Adder, partent à sa recherche.
Golden Axe II (World)	Golden Axe II est un beat'em all sur Megadrive. La paix du royaume est menacée par Dark Guld, qui a mis sa main sur la Golden Axe et compte bien s'en servir pour amener le chaos. Prenez le contrôle d'un des trois personnages, Ax-Battler, Tyris-Flare ou Gilius Thunderhead et usez de vos armes et de votre magie pour arrêter Dark Guld et récupérer la Golden Axe.
Golden Axe III (Japan) (En)	Le royaume de Golden Axe III sur Megadrive est de nouveau menacé. Cette fois, le prince des ténèbres s'est emparé de la célèbre Golden Axe et a jeté une malédiction sur le pays après en avoir neutralisé les défenseurs. Mais un guerrier a réussi à se libérer et se lance à l'assaut des forces des ténèbres. Dans ce jeu d'action à un ou deux joueurs, contrôlez un géant, une panthère ou un guerrier à la lame acérée et frayez-vous un chemin jusqu'à la victoire !
Goofy's Hysterical History Tour (USA)	Goofy's Hysterical History Tour est un jeu d'action/plates-formes sur Megadrive mettant en scène le personnage de Goofy (Dingo en France). Goofy a finalement trouvé un emploi au Musée d'Histoire Ludwig von Drake en tant que gardien. Malheureusement son pire ennemi, Pete, compte bien le faire virer et tente de saboter les expositions. Aidez Goofy qui devra retrouver les objets manquants à travers les niveaux pour conserver son poste.
Gouketsuji Ichizoku (Japan)	Power Instinct est un jeu de combat sur Megadrive. Le clan Gouketsuji organise un grand tournoi tous les cinq ans, pour savoir quelle famille du clan est la plus forte. Cette année, huit combattants représentent leur famille. En plus des modes traditionnels, histoire et versus, le jeu propose un mode appelé Life Attack, dans lequel il vous faudra battre une série de huit ou seize voire même une infinité d'adversaires avec une seule barre de vie.
Granada (World) (Evercade)	Granada est un shoot'em up sur Megadrive. Vous dirigez Leon qui part à l'assaut de l'Empire dans son tank. Bénéficiant d'une vue de dessus, votre but sera d'éliminer un maximum d'ennemis tout en dirigeant le tank dans les niveaux. Ramassez des bonus pour augmenter votre défense ou votre puissance de feu et partez affronter les boss de fin de niveau.
Great Circus Mystery Starring Mickey & Minnie, The (USA)	The Great Circus Mystery starring Mickey & Minnie est un jeu de plates-formes sur Megadrive. Mickey et Minnie arrivent dans un cirque et découvrent que celui-ci a été déserté. Curieux, ils décident de le parcourir afin d'en déterminer la cause. Le joueur peut choisir d'incarner Mickey ou Minnie, et un ami peut à tout moment rejoindre la partie avec le personnage restant.
Great Waldo Search, The (USA)	The Great Waldo Search est un jeu d'observation sur Megadrive Le titre s'inspire de la célèbre série de bande dessinée Où est Charlie ?. Le but est de retrouver Charlie, l'homme à lunettes et au pull bariolé, ainsi que son chien ou le mage. Pour ce faire, vous baladez une loupe sur l'écran et cliquez sur l'endroit où vous pensez avoir trouvé Charlie.
Greatest Heavyweights (USA)	Avec Greatest Heavyweights ou les poids lourds les plus celebres, la boxe se gagne en gravissant les echelons! Opposez l'un des huits champions de boxe aux sept autres dans une competition apuisante pour determiner le meilleur d'entre eux! Ou créez votre propre boxeur et tentez, avec lui, d'éliminer les autres concurents. Lorsque vous atteindrez le premier rang , les huits champions de tous les temps vous montreront ce qu'est reellement la boxe.
Greendog - The Beached Surfer Dude! (USA, Europe)	Greendog : The Beached Surfer Dude ! est un jeu de plates-formes sur Megadrive. Vous incarnez Greendog, un jeune surfer qui découvre un pendentif dans l'eau et décide de le porter. Manque de chance, le pendentif en question est maudit et condamne son porteur à se faire attaquer par les animaux. Greendog devra donc parcourir plusieurs niveaux tout en évitant de nombreux assauts pour lever cette malédiction.
Grind Stormer (USA)	Grind Stormer est un shoot'em up spatial sur Megadrive. Le joueur dispose de munitions illimitées pour se débarrasser des nombreux ennemis qui peuplent l'écran. Plusieurs armes et bonus de défense peuvent être ramassés en cours de route et seront d'un grand secours contre les boss de fin de niveau.
Growl (USA)	Growl est un beat'em all sur Megadrive qui oeuvre pour la défense des animaux. Incarnez l'un des quatre personnages (Gen, Burn, Khan ou Jack) et partez à l'assaut d'une organisation de chasseurs sans foi ni loi. Plusieurs armes peuvent être ramassées au cours des niveaux (grenades, lance-roquettes, épées...) et il faudra également penser à garder un oeil sur son stock de munition sous peine de finir le combat à la main.
Guerra dos Monstros (Brazil) (Mega Drive 4)	C'est un jeu de cartes. Le jeu n'a pas été vendu sur support physique, mais seulement en souvenir de certains modèles de la console Mega Drive vendus au Brésil, comme le Sega Tec Toy Super Mega Drive 3 avec 71 jeux en mémoire. Jeu sorti en exclusivité sur la MegaDrive.
Gunship (Europe)	Gunship sur Megadrive est un shoot'em up qui se déroule à bord d'un hélicoptère Apache AH-64A de l'armée américaine. Plusieurs missions vous sont proposées dans 4 environnements différents. Le soft mélange des phases de cockpit en vue à la première personne et d'autres phases de jeu avec une vue en 2D.
Gunstar Heroes (USA)	Le Colonel Red et l'armée de son empire ont décidé de voler la Gemme Mystique et de rendre plus puissant encore le Destructeur, un robot qui avait presque détruit la planète Gunstar, il y a 9 ans déjà. Les jumeaux Gunstar ont promis que, plus jamais, le Destructeur ne menacerait leur planète et maintenant, ils doivent passer à l'action! Etes-vous un héros, prêt à les suivre?
Gynoug (World) (Ratalaika Games)	Vous incarnez Wor, un membre des hommes volants dont la planète a été ravagée par un dangereux virus qui a transformé les habitants en mutants. Wor devra, au cours des six niveaux du jeu, détruire tous ces mutants en lançant des boules de feu. La puissance et la défense de Wor peuvent être renforcées en ramassant de multiples bonus, qui se trouvent dans des cristaux bleus.
Hard Drivin' (World)	Hard Drivin' est un jeu de courses en 3D sur Megadrive. Vous êtes au volant d'une voiture de sport et le but est de conduire en passant le plus de points de contrôle possibles. Chaque point de contrôle vous offre un bonus de temps supplémentaire pour aller plus loin. Certains circuits sont propices aux cascades (sauter à travers un anneau, sauter un pont...) et vous pouvez regarder votre performance grâce à un ralenti.
HardBall '94 (USA, Europe)	HardBall 94 est une simulation de base-ball sur Megadrive. Choisissez entre des équipes réelles et des équipes fictives, entraînez-vous et partez affronter vos adversaires sur le terrain.
HardBall '95 (USA)	HardBall 95 est un jeu de base-ball sur Megadrive. Orientée vers l'action plus que la simulation, le titre est essentiellement une mise à jour de HardBall 4, comprenant l'ajout d'un réglage de la difficulté, des graphismes plus nets, plus de commentaires par Al Michaels et l'amélioration de la ligue. Le soft comprend un mode deux joueurs.
Haunting Starring Polterguy (USA, Europe)	Haunting starring Polterguy sur Megadrive est un jeu qui vous met dans la peau d'un jeune fantôme bien décidé à se venger d'une riche famille. Votre but est de les effrayer pour les forcer à quitter la maison. Pour ce faire, divers objets viendront à votre secours et plus ils auront peur, plus vous gagnerez de temps pour avoir le droit d'apparaître dans le monde des vivants !
Head-On Soccer (USA)	Fever Pitch Soccer (ou Head-On Soccer aux US) est un jeu de football sur Megadrive. 50 équipes nationales sont représentées et deux modes de jeu peuvent être sélectionnés : Exhibition et Tournoi. Le mode Tournoi se présente comme une succession de sept matches à travers quatre continents tandis que le mode Exhibition propose un match simple à un ou deux joueurs.
Heavy Nova (USA)	À une époque où les attaques extraterrestres sont fréquentes, la Terre dispose d'un gouvernement unifié qui s'appuie sur une lignée de cyborgs, les Heavy Dolls, pour se défendre. Les meilleurs d'entre eux sont connus sous le nom de Heavy Nova, un titre obtenu en passant un régime d'entraînement rigoureux. Vous devez progresser (d'abord purement horizontalement, mais plus tard avec un flick-scrolling vertical) dans un environnement hostile composé d'ennemis, de bombes et de pièges, en gagnant des points si vous le faites rapidement et avec beaucoup d'énergie restante. Au début, vous pouvez voler et donner des coups de pied si nécessaire. Une fois cette section terminée, vous passez au combat en un contre un dans le style de Street Fighter 2. Les premiers ennemis ont beaucoup moins d'énergie que vous. Au fur et à mesure que vous progressez dans le jeu, vous obtenez des mouvements d'attaque supplémentaires.
Heavy Unit - Mega Drive Special (Japan) (En)	Heavy Unit est un jeu vidéo de type shoot them up à défilement horizontal développé par Kaneko, sorti en 1988 sur borne d'arcade par Taito. Il a été adapté sur PC Engine en 1989 et sur Mega Drive en 1990, dans des versions présentant de légères différences de graphisme et de jouabilité par rapport à la version arcade. La version sortie sur PC-Engine est la plus fidèle à l'originale de 1988.
Hellfire (World) (Retro-Bit)	Hellfire est un shoot'em up spatial sur Megadrive. La particularité du jeu vient du fait qu'il est possible de choisir la direction de ses tirs à tout moment. Plusieurs bonus peuvent être ramassés et ne seront pas de trop face à la quantité d'ennemis qui vous attaquent à l'écran et contre les boss de fin de niveau.
Herzog Zwei (USA, Europe)	Herzog Zwei est un jeu de stratégie sur Megadrive dont le but estest de gérer le transport de ses troupes pour investir la base adverse. Les deux joueurs qui s'opposent disposent chacun d'un avion ainsi que de troupes au sol. Il faudra bien souvent acheter de nouvelles troupes pour les transporter sur le champs de bataille et ainsi s'assurer la victoire.
Hexagonos (Brazil) (Mega Drive 4)	Jeu de société. Le jeu n'a pas été vendu sur support physique, mais n'est sorti qu'en mémoire de certains modèles de la console Mega Drive vendus au Brésil, tels que le Sega Tec Toy Super Mega Drive 3 avec 71 jeux en mémoire. Jeu sorti exclusivement sur Mega Drive. Vous dirigez des cellules que vous devez faire se multiplier à chaque tour afin d'aller &quot;manger&quot; les cellules adverses.
High Seas Havoc (USA) (En,Ja)	Dans le jeu de plates-formes Capt'n Havoc sur Megadrive, vous incarnez Havoc, un jeune voyageur chasseur de trésor qui traverse les océans avec son ami Tide. Un jour, une jeune fille s'échoue et lui dit qu'elle connaît l'emplacement d'un trésor légendaire nommé Emeralda. Mais le vil pirate Bernardo la kidnappe ainsi que Tide. Havoc se met en route pour récupérer ses amis et trouver le trésor.
Hit the Ice - VHL - The Official Video Hockey League (USA)	Hit the Ice est un jeu de hockey sur glace sur Megadrive. Choisissez parmi huit équipes (chacune représentée par une couleur) et lancez-vous sur la glace pour un match mêlant humour et castagne. Le design résolument cartoon indique bien qu'il ne faut pas se prendre trop au sérieux et tous les coups sont permis pour l'emporter !
Home Alone (USA, Europe)	Home Alone sur Megadrive, adapté du film &quot;Maman J'ai Râté l'Avion !&quot;, vous met dans la peau de Kevin McCallister, dont les parents sont partis en vacances en l'oubliant. Kevin se retrouve donc seul chez lui. Vous devez tendre des pièges dans et autour de la maison afin d'éviter que des cambrioleurs ne s'y introduisent.
Home Alone 2 - Lost in New York (USA)	Home Alone 2 : Lost in New York sur Megadrive est un jeu de plates-formes issu du film Maman, J'ai Encore Râté l'Avion !. Aux commandes du petit mais néanmoins futé Kevin McCallister, votre objectif est d'échapper aux majordomes de l'hôtel dans lequel le garçon s'amuse illégalement. Les 2 compères et malandrins Harry et Marv sont également de la partie pour se venger de l'enfant. Le jeu se déroule en défilement horizontal et vous devrez sauter au-dessus des obstacles pour progresser dans l'hôtel.
Honoo no Toukyuuji - Dodge Danpei (Japan)	Honoo no Toukyuuji Dodge Danpei est un jeu de balle au prisonnier adapté de la série TV animée Tokyo's Honoo no Toukyuuji Dodge Danpei.
Hook (USA)	Hook sur Megadrive est un jeu de plates-formes inspiré du film Hook : La Revanche du Capitaine Crochet. Le joueur incarne Peter Banning (Peter Pan adulte) et doit sauver ses enfants, kidnappés par le Capitaine Crochet. 11 niveaux durant, traversez villages, plaines et forêts et usez de vos pouvoirs spéciaux afin de rendre aux enfants leur liberté.
Hoops Shut Up and Jam 2 (World) (Evercade)	Barkley : Shut Up And Jam 2 est un jeu de basket de rue sur Megadrive. Ce sont des équipes de 2 joueurs qui s'affrontent dans des environnements urbains. Il n'y a aucun arbitre et les fautes sont de mise pour l'emporter. Choisissez votre équipe favorite parmi les plus grandes villes des États-Unis et remportez la victoire à coups de dunks et de 3 points.
Hoops Shut Up and Jam! (World) (Evercade)	Dans ce jeu, vous jouez au basket de rue en deux contre deux avec vos amis ou contre l'ordinateur. Il n'y a donc ni arbitre, ni faute, ni chronomètre de tir, mais les équipes portent les noms de villes telles que Phoenix ou Chicago. Vous pouvez choisir votre joueur parmi les 16 disponibles, dont Barkley lui-même.
Humans, The (USA)	Dans Humans sur Megadrive, vous devez guider une tribu d'hommes préhistoriques dans leur évolution. A chaque niveau, vous devez accomplir des tâches en un temps limité avec un certain nombre de membres de la tribu. Des animations humoristiques entrecoupent les passages entre les niveaux. Vous dirigez les hommes un par un et pouvez leur demander de faire plusieurs actions différentes en fonction des objets à disposition.
Hurricanes (Europe)	Hurricanes est un jeu d'action / plates-formes sur Megadrive basé sur la série TV The Hurricanes. Vous contrôlez l'un des joueurs de cette équipe de foot hors norme à travers plusieurs niveaux aux environnements variés (mine, jungle, temple...) pour arriver jusqu'au stade. Le ballon peut vous servir d'arme et chaque niveau dispose de plusieurs sorties possibles.
Hybrid Front, The (Japan)	The Hybrid Front est un jeu vidéo de stratégie par tour, sorti au Japon (exclusivement) pour la Mega Drive. L'introduction commence lorsque quelqu'un se connecte à un ordinateur. Ensuite, est présentée une révolution qui a eu lieu au cours des années 2080 menant à une série de guerres et de conflits qui plante le décor principal pour le jeu vidéo, se déroulant au 26e siècle. Depuis la seconde moitié du 21ème siècle, l'épuisement des ressources en combustibles fossiles a contribué à approfondir le conflit sur Terre ... Pendant le 24ème siècle, la Terre a été bombardée d'orbite avec des armes optiques massives appelées le &quot;Marteau de Métal&quot; par un consortium italien; Les grandes villes du monde entier ont été brûlées comme de vulgaires toasts. La résistance finira par être annoncée par CoCoON (abréviation de Communité de coopération de la négociation orbitale). En plus de vouloir diriger l'humanité comme une entreprise, CoCoON se développerait une réputation de groupe hostile de faucons de guerre; Constamment en révolte contre la coalition pacifique de la PETO (abréviation de Pan Earth Treaty Organization, où un parallèle peut être fait avec l'ONU sur notre planète). Que la lutte commence!
Hyokkori Hyoutan-jima - Daitouryou wo Mezase! (Japan)	Hyokkori Hyotanjima: Daitoryo o Mezase! (&quot;Aim for the Presidency!&quot;) Est un jeu de plateau de style sugoroku, pouvant accueillir jusqu'à quatre joueurs, basé sur le spectacle pour enfants NHK Hyokkori Hyotanjima. Quatre personnages du spectacle décident qu'ils veulent être le président de l'île, et ils ont donc commencé à faire campagne. Le but de chaque tour est de recueillir le plus de points; les points peuvent être gagnés ou perdus en fonction des espaces sur lesquels le joueur atterrit. Le tour se termine quand un joueur atteint la destination du début du tour, ce qui donne un bonus de points. Le joueur ayant le plus de points après un certain nombre de tours est le gagnant.
Hyper Marbles (Japan) (Sega Game Toshokan)	Hyper Marbles est un jeu vidéo de réflexion sorti en 1991 sur Mega Drive.
Ikasuze! Koi no Doki Doki Penguin Land MD (Japan) (Sega Game Toshokan)	Doki Doki Penguin Land MD est un jeu vidéo de puzzle sorti en 1990 sur Mega Drive. Le jeu a été développé et édité par Sega. Ce jeu était seulement disponible au Japon en téléchargement via le SegaNet.Il s'agit d'une adaptation de Doki Doki Penguin Land.
IMG International Tour Tennis (USA, Europe)	IMG International Tour Tennis est, comme son nom l'indique, un jeu de tennis sur Megadrive. Ce jeu signé Electronic Arts bénéficie de la licence officielle IMG (International Management Group) et propose 32 joueurs pro ainsi que 15 tournois différents. Il est possible de jouer en simple comme en double et un mode entrainement animé par le coach Vic Braden vous aidera a maîtriser les bases de la jouabilité.
Immortal, The (World) (Evercade)	The Immortal est un jeu d'action/aventure sur Megadrive. Pénétrez dans le cachot de la terreur où cauchemars deviennent réalité. Aventurez-vous dans plus de 50 salles à explorer et essayez de sortir vivant de ce maudit cachot.
Incredible Crash Dummies, The (USA, Europe)	The Incredible Crash Dummies sur Megadrive vous propose d'incarner deux mannequins de crash-test dans des missions loufoques où le but est d'infliger à votre mannequin un maximum de coups et de dégâts. Les missions vont de la conduite de véhicules, au classique jeu de plates-formes.
Incredible Hulk, The (USA, Europe)	Prenez le contrôle de Hulk et du Dr.Banner dans The Incredible Hulk sur Megadrive, un jeu d'action où vous devez exploiter la force incroyable du géant vert pour vous débarrasser de vos assaillants. Lorsque vous êtes trop affaibli par les attaques, vous redevenez Bruce Banner, faiblement armé, et donc vulnérable. Cependant cette transformation sera nécessaire pour emprunter certains passages, trop étroits pour Hulk.
Indiana Jones and the Last Crusade (USA)	Indiana Jones and the Last Crusade sur Megadrive est un jeu de plates-formes tiré du film éponyme. Vivez les aventures du célèbre archéologue et combattez les nazis au poing ou au fouet. Au-delà de la quête principale, à savoir la recherche du Graal, Indiana traverse différentes scènes du film dans lesquelles il doit trouver la croix de Conorado, un bouclier ainsi que son journal.
Insector X (USA)	Insector-X est un shoot'em up sur Megadrive. Les Robots-Insectes unissent leurs forces obligeant le joueur à dégommer des abeilles, des mouches et autres bestioles peuplant nos jardins. Chaque niveau se termine par un boss et les bonus qui parsèment les tableaux ne seront pas de trop pour en venir à bout.
Instruments of Chaos Starring Young Indiana Jones (USA)	Instruments of Chaos starring Young Indiana Jones est un jeu d'action/plates-formes sur Megadrive. Incarnez le jeune Indiana Jones qui doit empêcher des scientifiques du monde entier de créer des armes chimiques pour les allemands. Indiana traversera cinq environnements différents (Inde, Angleterre, Egypte, Tibet et Allemagne) et devra jouer de son arme et de son fouet pour triompher.
International Rugby (Europe)	International Rugby est un jeu de rugby sur Megadrive. Choisissez parmi seize équipes internationales et participez à la Coupe du Monde de Rubgy ou faites un simple match amical. Vous pouvez consulter les statistiques de tous vos joueurs et gérer l'équipe à votre manière.
International Sensible Soccer (Europe) (En,Fr,De,It)	Sensible World of Soccer sur Megadrive est une version améliorée du jeu de football. Celle-ci comprend à peu près toutes les divisions et les clubs de tous les pays pour la saison 95. Tout y est authentique grâce à tous les noms officiels. Vous pouvez aussi gérer plusieurs équipes pour les mener à la victoire.
International Superstar Soccer Deluxe (Europe, Brazil) (En)	International Superstar Soccer Deluxe est la version revue de International Superstar Soccer sur Megadrive. Outre l'amélioration des menus et des animations, trente-six équipes nationales sont désormais jouables. Après en avoir choisi une, vous pouvez participer à un championnat international ou à la Coupe du Monde, à condition de passer les qualifications. A noter que le mode match simple permet de faire des parties entre 8 joueurs différents grâce à un adaptateur.
It Came from the Desert (USA) (Proto)	It Came From the Desert est un jeu d'aventure sur megadrive en forme de parodie des films de série B des années 50. Découvrant l'invasion imminente de fourmis géantes, un géologue n'a que 15 jours pour sauver la planète. En dehors des éléments habituels du jeu d'aventure, It Came From the Desert repose sur une gestion soigneuse du temps dont on dispose.
Itchy & Scratchy Game, The (USA) (Proto)	Itchy & Scratchy est un jeu de plateforme à défilement horizontal pour un seul joueur. Le joueur contrôle Itchy, la souris, et doit vaincre Scratchy, le chat, à l'aide d'une variété d'armes. Itchy est équipé d'un maillet par défaut, mais peut ramasser des armes supplémentaires dans certains niveaux. Chacun des sept niveaux se déroule dans un lieu fictif différent et est conçu comme un labyrinthe de portes et de plates-formes. Après avoir vaincu Scratchy, celui-ci revient généralement avec un engin spécial pour attaquer Itchy, et doit donc être vaincu à nouveau.
Izzy's Quest for the Olympic Rings (USA, Europe)	Izzy's Quest for the Olympic Rings sur Megadrive, est le jeu officiel de la mascotte des Jeux Olympiques d'Atlanta de 1996. Vous contrôlez la mascotte Izzy et devez retrouver les anneaux olympiques qui ont été volés. Pour vous déplacer dans les niveaux, vous avez la possibilité de faire deux types de sauts différents : un pour la longueur et un autre pour la hauteur. Il suffit de sauter sur les ennemis pour les éliminer.
J. League Champion Soccer (Japan)	European Club Soccer est un jeu de football sur Megadrive. Les équipes européennes principales sont présentes et jouables dans les trois championnats du jeu. L'arbitre est physiquement présent sur le terrain et le joueur peut choisir entre un mode arcade et simulation qui comprend six formations différentes.
J. League Pro Striker (Japan)	J. League Pro Striker est un jeu vidéo de football sorti en 1993 sur Mega Drive. Le jeu a été édité par Sega. Il est sorti uniquement au Japon
J. League Pro Striker 2 (Japan)	J. League Pro Striker 2 est un jeu vidéo de football sorti en 1994 sur Mega Drive. Le jeu a été édité par Sega. Il est sorti uniquement au Japon
J. League Pro Striker Perfect (Japan)	J. League Pro Striker Perfect est un jeu vidéo de football sorti en 1993 sur Mega Drive. Le jeu a été édité par Sega. Il est sorti uniquement au Japon
Jack Nicklaus' Power Challenge Golf (USA, Europe)	Jack Nicklaus' Power Challenge Golf est un jeu de sport sur Megadrive. Incarnez Nicklaus, surnommé &quot;The Golden Bear&quot;, ou créez votre propre joueur à partir de l'éditeur fourni et lancez-vous sur le fairway. Trois parcours complets sont disponibles et il est possible de s'entraîner avant de participer au tournoi. Jusqu'à quatre joueurs peuvent aussi s'affronter.
James 'Buster' Douglas Knockout Boxing (USA, Europe)	Final Blow est un jeu de boxe sur Megadrive. La compétition vous attend à travers plusieurs combats intenses dans lesquels il est important de donner des coups mais aussi de les parer ou de les éviter. Chaque round dure une minute et il faut envoyer votre adversaire au tapis pendant dix secondes pour l'emporter.
James Bond 007 - The Duel (USA)	James Bond 007 : The Duel sur Megadrive est un jeu de plates-formes vous permettant d'incarner le célèbre agent secret britannique. Comme toujours, Bond affronte un professeur mégalomane qui tente de mettre le monde à sa merci. Durant ses péripéties, 007 fera de nombreuses rencontres, certaines douloureuses comme Jaws, d'autres plus heureuses comme les James Bond Girls.
James Pond - Underwater Agent (USA, Europe)	James Pond : Underwater Agent est un jeu d'action/plates-formes sur Megadrive. Parodiant allègrement la série James Bond, vous incarnez une créature marine du nom de Pond et devez retrouver votre chemin à travers des environnements remplis de monstres hostiles. Chaque niveau propose sa propre mission (sauver des otages, trouver une bombe...) qu'il faudra impérativement terminer pour passer à la zone suivante.
James Pond 3 (USA, Europe)	Vous contrôlez Pond, une créature marine, qui peut courir très vite et qui doit trouver la sortie des niveaux du jeu. Il faudra à nouveau affronter le savant maléfique Maybe qui fait encore des siennes. Plusieurs objets peuvent être ramassés pour améliorer les compétences de Pond pendant un cours moment et il faudra prendre garde à bien maîtriser son allure !
James Pond II - Codename - Robocod (USA, Europe)	James Pond 2 : Codename RoboCod est la suite sur Megadrive de James Pond Underwater Agent, sorti en 1990 sur diverses consoles. Entre James Bond et Inspecteur Gadget, James Pond, alias RoboCod, doit déjouer les plans de Dr Maybe qui vole des jouets dans des fabriques du Pôle Nord. Dans chaque niveau, vous devez récupérer deux pingouins avant de rejoindre la sortie. Un boss vous attend à la fin des mondes.
Jammit (USA)	Jammit est un jeu de basketball sur Megadrive qui propose des matches dans des environnements urbains. Choisissez l'un des trois personnages proposés au départ et lancez-vous dans des affrontements en un contre un. Un système de pari permet de gagner de l'argent au fur et à mesure des rencontres.
Janou Touryuumon (Japan)	Janou Touryuumon est une autre version numérique du célèbre jeu de société chinois Mahjong, à la différence qu'il possède une licence officielle de la Japan Professional Mahjong Association. Le jeu n'offre que la possibilité de jouer contre l'ordinateur, mais il propose une bonne variété de modes de jeu, tels que l'Entraînement, le Tournoi et un mode appelé Skill Test (Test de Compétence), qui, comme son nom l'indique, teste votre niveau de compétences dans le jeu.
Jantei Monogatari (Japan)	Jantei Monogatari (Clock Tower) est un jeu vidéo de mah-jong sorti en 1991 sur Mega Drive. Le jeu a été développé par Atlus et édité par Telenet Japan. Il est sorti uniquement au Japon. Ce jeu de mah-jong a la particularité de posséder une histoire.
Jelly Boy (Europe) (Proto)	Jelly Boy est un jeu d'action/plates-formes sur Megadrive. Le joueur incarne Jelly Boy, un blob humanoïde gélatineux, à travers des environnements variés telle qu'une fabrique de jouets ou encore un monde de glace. Plusieurs bonus ramassés dans les niveaux permettent à Jelly Boy de se transformer en différents objets et il peut attaquer les ennemis en muant son ventre en coups de poing !
Jennifer Capriati Tennis (USA)	GrandSlam : The Tennis Tournament est un jeu de sport sur Megadrive. Trois types de terrain sont disponibles et un mode entraînement vous permet de vous familiariser avec les commandes avant de vous lancer dans les choses sérieuses. Un mode Exhibition est là pour les parties rapides (à 1 ou 2 joueurs) tandis que le mode Circuits vous opposera à de nombreux adversaires à la suite.
Jeopardy! (USA)	Jeopardy! est un jeu de réflexion sur Megadrive basé sur le célèbre jeu télévisé du même nom. Vous pouvez vous mesurer à l'ordinateur ou y jouer contre un de vos amis. Le principe reste le même, on vous donne une réponse et à vous de trouver la question qui s'y rapporte. Vous perdez de l'argent à chaque erreur et vous choisissez vos réponses avec la manette à l'aide d'un clavier virtuel.
Jeopardy! - Deluxe Edition (USA)	Jeopardy! est un jeu de réflexion sur Megadrive basé sur le célèbre jeu télévisé du même nom. Vous pouvez vous mesurer à l'ordinateur ou y jouer contre un de vos amis. Le principe reste le même, on vous donne une réponse et à vous de trouver la question qui s'y rapporte. Vous perdez de l'argent à chaque erreur et vous choisissez vos réponses avec la manette à l'aide d'un clavier virtuel.
Jeopardy! - Sports Edition (USA)	Jeopardy : Sports Edition est un jeu de réflexion sur Megadrive basé sur le célèbre jeu télévisé du même nom. Cette édition propose une variété de questions sur le thème du sport et il est possible d'y jouer seul contre l'ordinateur ou avec un ami. Le principe reste le même, on vous donne une réponse et à vous de trouver la question qui s'y rapporte. Vous perdez de l'argent à chaque erreur et vous choisissez vos réponses avec la manette à l'aide d'un clavier virtuel.
Jerry Glanville's Pigskin Footbrawl (USA)	Jerry Glanville's Pigskin Footbrawl sur Megadrive est un jeu de football américain se déroulant dans un univers médiéval. Deux équipes de brutes s'affrontent sur un terrain vague semé d'obstacles et il est recommandé d'avoir recours à la violence pour marquer des points. Plusieurs armes parsèment le terrain et il faudra faire la passe au bon moment pour marquer l'essai tout en évitant de se faire démolir par l'adversaire.
Jewel Master (USA, Europe)	Jewel Master est un jeu d'action/plates-formes sur Megadrive. Vous incarnez le Jewel Master qui doit se mettre en quête des dix anneaux perdus qui l'aideront à vaincre Jardine le Fou. Les anneaux renferment tous les pouvoirs des éléments et en les combinant, il est possible de créer des attaques dévastatrices.
Jim Power - The Lost Dimension in 3D (World)	Voici la version finale du portage Megadrive de Jim Power, annulé peu de temps avant la sortie. Il est finalement publié en 2021 par Piko Interactive. Gardant le même titre que ses autres versions, la fin a été restaurée, les musiques et les effets sonores qui étaient manquants dans le prototype (sous le nom de Jim Power : The Arcade Game) ont été ajoutés et quelques finitions mineures y sont apportées.
Jimmy White's Whirlwind Snooker (Europe)	Jimmy White's Whirlwind Snooker est une simulation de jeu de billard en 3D sur Megadrive. Il est possible d'envisager n'importe quel coup sous tous les angles possibles. De même qu'il est aussi possible de gérer la puissance du coup et de reproduire les « bottes » des joueurs professionnels (pour par exemple faire décoller sa boule pour la faire passer par dessus une autre...). A l'instar de son homologue sur PC, ce jeu a longtemps été considéré comme une référence du genre.
Joe & Mac (USA)	Retournez à l'âge des cavernes grâce à Joe & Mac : Caveman Ninja sur Megadrive. Seul ou en coopération, vous incarnez Joe et Mac, deux hommes de Cro-Magnon qui vont devoir se battre pour retrouver les femmes capturées par des créatures préhistoriques. Et si les autres hommes des cavernes peuvent être facilement vaincus à coups d'os ou de massues, il faudra ruser pour ne pas se faire croquer par le grand tyrannosaure.
Joe Montana II - Sports Talk Football (World)	Joe Montana II : Sports Talk Football est un jeu de football américain sur Megadrive. Retrouvez les équipes officielles de la NFL et choisissez la meilleure formation à adopter dans chaque situation. Un mode deux joueurs est présent et chaque action de jeu est commentée.
John Madden Football '92 (USA, Europe)	John Madden Football '92 est un jeu de football américain sur Megadrive. Vingt-huit équipes officielles sont présentes ainsi que plusieurs modes de jeu différents : Pre-Season, Regular Season, Playoffs et Mort Subite. Les nouveautés de cette édition sont : les ralentis, les conditions météo ou de nouvelles blessures pour les joueurs.
John Madden Football '93 (USA, Europe)	John Madden Football'93 est un jeu de football américain sur Megadrive. Choisissez parmi vingt-huit équipes de la saison 92-93 ainsi que huit équipes de légende. Le jeu propose les classiques modes de jeu : pré-saison, saison, mort-subite et playoff. John Madden en personne fera part de son expérience pour commenter tous les matches.
John Madden Football (USA, Europe)	John Madden prête son nom à John Madden Football, jeu de football américain sur Megadrive. Après avoir sélectionné une équipe parmi toutes les franchises de NFL, vous pouvez faire une saison entière ou des matches simples. Comme pour un match réel, avant chaque action, il faut déterminer la stratégie pour gagner le plus de terrain possible et se rapprocher du camp adverse pour faire un touchdown.
John Madden Football - Championship Edition (USA)	John Madden prête son nom à John Madden Football, jeu de football américain sur Megadrive. Après avoir sélectionné une équipe parmi toutes les franchises de NFL, vous pouvez faire une saison entière ou des matches simples. Comme pour un match réel, avant chaque action, il faut déterminer la stratégie pour gagner le plus de terrain possible et se rapprocher du camp adverse pour faire un touchdown.
Jordan vs Bird (USA, Europe)	Jordan vs Bird : One on One est un jeu de basket-ball sur Megadrive. Deux des plus grandes légendes de la discipline se retrouvent dans ce face-à-face : Michael Jordan et Larry Bird. L'un spécialiste des dunks et l'autre des trois points. Le jeu vous demandera de vous affronter dans des matches simples ou dans des concours de lancer franc et de smashs. Il est possible d'y jouer à deux avec un ami.
Journey from Darkness - Strider Returns (USA)	Un Strider (the warrior) a été appelé afin de sauver sauver les habitants de la planète Magenta. Armé d'un laser Gyro et d'un convertisseur de matière, il doit se frayer un chemin à travers une forêt, une ville en ruines, des colonies souterraines, les toits d'un bâtiment, et enfin le vaisseau prison dans lequel est détenu le chef des Mégantans. Le gameplay est similaire à l'original, consistant à courir, sauter et attaquer, avec un personnage central très dynamique. Le pistolet laser peut être utilisé en restant immobile. Les attaques en mouvement avec l'épée sont toujours possibles, les deux armes se combinant de manière similaire aux jeux Switchblade. Des jetons peuvent être collectés et vous transformeront en robot pour affronter les boss de fin de niveau (si vous en collectez suffisamment).
Judge Dredd (World)	Judge Dredd est l'adaptation sur Megadrive du film éponyme avec Sylvester Stallone sorti en 1995, lui-même issu de la série de comics britannique. En 2139, la Terre est gouvernée par des juges qui font régner la loi. Vous incarnez l'un d'entre eux, Judge Dredd, qui est accusé de meurtre. Vous devez parcourir les niveaux pour prouver votre innocence. Le début du jeu retrace l'histoire du film, mais laisse ensuite place à des aventures issues directement des comics.
Junction (Japan, USA) (En)	Junction est un jeu de réflexion sur Megadrive. Le but étant de faire parcourir un chemin à une boule qui avance constamment. Vous devez donc faire en sorte qu'il y ait toujours un chemin devant elle afin qu'elle puisse atteindre la sortie du niveau. Pour cela, vous devez placer des cases et préparer son parcours. Le déplacement des cases se fait suivant le principe du taquin.
Jungle Book, The (World) (Disney Classic Games)	Le Livre de la Jungle sur Megadrive est l'adaptation du film de Disney de 1967, lui-même inspiré du livre écrit par Rudyard Kipling. Vous incarnez Mowgli et devez ramasser des fruits, grimper aux arbres et combattre les ennemis de l'histoire comme Sher Khan. Le jeu permet de replonger dans l'univers d'un des classiques de Disney en retrouvant tous ses personnages et ses décors.
Jungle Strike (USA, Europe)	Jungle Strike sur Megadrive est la suite de Desert Strike sorti en 1993. Kalbaba veut venger son père, tué par les Américains dans le précédent épisode, et s'allie au Sud-Américain Carlos Ortega pour attaquer les Etats-Unis. Vous contrôlez plusieurs types d'engins de guerre pour parcourir la jungle en Amérique du Sud afin de déjouer leurs plans.
Junte 4 (Brazil) (Mega Drive 4)	Le jeu reprend le principe de puissance 4. Jouez contre la console ou contre un adversaire. Les joueurs choisissent à tour de rôle l'une des colonnes. Les pièces pièce s'empilent de bas en haut jusqu'au sommet de la colonne. Le but est d'aligner 4 pièces de votre couleur en ligne, colonne ou diagonale avant votre adversaire
Jurassic Park (USA)	Un ouragan s'est abbattu sur Jurassic Park - une réserve de dinosaures - où il immobilise des touristes et libère des animaux terrifiants! Jouez le rôle de Grant, un paléontologue, dans une bataille cruelle contre les créatures préhistoriques, ou celui d'un Raptor, obligé de se battre contre d'autres dinosaures et de déjouer les pièges de ses ennemis, les êtres humains.
Jurassic Park - Rampage Edition (USA, Europe)	Jurassic Park : Rampage Edition est un jeu d'action sur Megadrive. Vous incarnez une fois encore ce pauvre Alan Grant qui doit faire son possible pour quitter l'île infestée de dinosaures. Le paléontologue dispose de nouvelles armes beaucoup plus destructrices dans cet opus et il pourra se défendre avec une mitraillette ou encore avec un lance-flammes. L'aventure peut également se jouer dans la peau du puissant vélociraptor !
Justice League Task Force (World)	Justice League Task Force est l'adaptation de la série de comics du même nom. Vous incarnez tous les super-héros de l'univers de DC Comics, de Batman à Flash en passant par Superman dans un jeu de combat sur Megadrive. Il est possible de faire des combats contre l'ordinateur ou contre un autre joueur. Dans le mode aventure, vous devez remporter tous les affrontements jusqu'au boss final Darkseid.
Juuouki (Japan) (En)	Altered Beast sur Megadrive est un beat'em all inspiré de la mythologie grecque. Le joueur incarne un héros ressuscité par Zeus afin de venir en aide à sa soeur Athena. Pour ce faire, vous devez affronter des hordes de morts-vivants et de démons, chaque niveau se ponctuant par un boss. vous pouvez augmenter vos chances en vous transformant en animal sauvage, fort de nouvelles capacités d'attaque et de défense.
Ka-Ge-Ki - Fists of Steel (USA)	Ka-Ge-Ki : Fists of Steel est un jeu de combat/beat'em all sur Megadrive. Profitant de graphismes en 2D Super Deformed, ce jeu vous propose de vous battre contre des gangs de motards et de les mettre tous K.O. Vous pouvez bouger votre personnage dans toutes les directions de l'arène et des combinaisons de boutons vous permettent d'attaquer, d'esquiver et de vous défendre.
Kawasaki Superbike Challenge (USA, Europe)	Kawasaki Superbike est un jeu de courses mettant en scène des motos sur Megadrive. Choisissez votre bécane préférée et lancez-vous sur les quatorze circuits du jeu en mode entraînement ou championnat. Vous pouvez choisir le nombre de tour et même vous lancer sur le circuit Suzuka pour une course d'endurance de huit heures.
Kick Off 3 - European Challenge (Europe) (En,Fr,De,Es,It)	Kick Off 3 est le troisième épisode de la série de jeu de football sur Megadrive. Contrairement à ses prédécesseurs, cette version propose une vue de profil, centrée sur le ballon. Bien qu'il n'y ait pas de licence officielle, le nom des joueurs des 32 équipes sont ceux des grands joueurs de l'époque comme Blanc ou Ginola pour la France. Plusieurs types de compétitions sont proposés, teles que la Coupe du Monde et une ligue internationale.
Kid Chameleon (World) (Mega Drive PlayTV)	Beaucoup de jeunes qui jouent à Wild Side, le jeu en vogue, disparaissent. Heady Metal, la crapule du jeu, les capture sans cesse. Seul Kid Chameleon, le jeune le plus courageux peut vaincre Heady Metal et son gang de voyous!
Kidou Keisatsu Patlabor - 98-Shiki Kidou Seyo! (Japan)	Kidou Keisatsu Patlabor est l'adaptation sur Megadrive de la série d'animation japonaise du même nom et diffusée en France au début des années 90. Dans cet univers futuriste, les gros engins comme les grues ont été remplacés par des robots géants. Pour veiller à ce que ces robots ne soient pas utilisés à des fins néfastes, la police Patlabor a été créée. Vous incarnez les deux héros principaux de la série, aux commandes de leurs robots.
King of the Monsters (USA)	King of the Monsters sur Megadrive est un jeu de destruction dans lequel des créatures géantes s'affrontent afin d'obtenir le titre de champion du monde des monstres. Les participants varient du dinosaure à la momie, en passant par le gorille ou le coléoptère. Quant aux rings choisis pour ces affrontements titanesques, il s'agit des plus vastes métropoles japonaises.
King of the Monsters 2 (USA)	King of the Monsters 2 : the Next Thing sur Megadrive est un jeu d'action dans lequel vous incarnez des créatures géantes. Contrairement au premier épisode, vous ne devez pas semer terreur et la destruction sur votre passage mais défendre les humains d'une invasion de monstres extraterrestres. Les combats se déroulent dans les 4 coins du monde : France, Etats-Unis, Grand Canyon, Volcans, etc.
King Salmon - The Big Catch (USA)	King Salmon : The Big Catch est une simulation de pêche sur Megadrive. Entrez dans la compétition grâce à un mode tournoi et essayez d'attraper les plus gros saumons. Choisissez avec soin votre canne à pêche, vos appâts et l'endroit où vous lancerez votre ligne. Les conditions météo peuvent également influer sur le cours du jeu .
King's Bounty - The Conqueror's Quest (USA, Europe)	Tout allait pour le mieux dans le royaume gouverné par le Roi Maximus : les quatre continents vivaient en harmonie et chacun menait une existence heureux et prospère, tandis que le Sceptre de l'Ordre, dans les mains du roi, tenait les forces des ténèbres à l'écart du royaume. Mais voilà qu'Arech Dragonbreath, chef des Légions des Ténèbres, réussit à s'emparer du Sceptre de l'Ordre à l'aide d'une puissante magie. Se retirant dans son antre, il laisse ses lieutenants s'emparer du reste du royaume, puis enterre le Sceptre. Il dessine une carte de son emplacement puis la déchire en 25 morceaux, en confie 16 à ses laquais, en garde un pour lui et cache les 8 restants à l'aide de puissants artefacts magiques. A vous de reconstituer la carte, de ramener le Sceptre au roi et de vaincre les forces des ténèbres !
Kishi Densetsu (Japan)	Jeu de stratégie tour par tour.
Kiss Shot (Japan) (Sega Game Toshokan)	Kiss Shot est un jeu vidéo de billard sorti en 1992 sur Mega Drive. Le jeu a été développé et édité par Sega.
Klax (Japan) (Namco)	Klax sur Megadrive est un puzzle-game dans lequel il vous faut disposer des blocs de couleur arrivant sur un tapis, de manière précise afin de les éliminer. Ils disparaissent par groupe de 3 minimum, et ce verticalement, horizontalement, et en diagonale. Plus vous avancez dans le jeu, plus le nombre de blocs de couleur différents s'accroît.
Klax (USA, Europe) (Tengen)	Klax sur Megadrive est un puzzle-game dans lequel il vous faut disposer des blocs de couleur arrivant sur un tapis, de manière précise afin de les éliminer. Ils disparaissent par groupe de 3 minimum, et ce verticalement, horizontalement, et en diagonale. Plus vous avancez dans le jeu, plus le nombre de blocs de couleur différents s'accroît.
Klondike (USA) (Sega Channel)	Klondlike est une interprétation sur Mega Drive du jeu de carte éponyme (auquel beaucoup ont joué du fait de sa présence sur le système d'exploitation Windows de Microsoft pendant des dizaines d'années). Si le jeu présente le logo Sega Channel et une bande-son unique, il est semblable à d'autres versions trouvées ailleurs.
Krusty's Super Fun House (USA, Europe)	Krusty's Super Fun House sur Megadrive est un jeu de réflexion dans lequel vous incarnez le clown pathétique des Simpsons. La maison de Krusty a été envahie par des rats et il vous incombe la tâche de les faire partir en les dirigeant vers des pièges. Pour ce faire, manipulez judicieusement les éléments de l'environnement de manière à conduire les rongeurs dans la bonne direction.
Kyuukai Douchuuki (Japan)	Kyuukai Douchuuki est un jeu vidéo de genre Sport, développé par Namco sur Megadrive et édité par Namco.
La Russa Baseball 95 (USA, Australia)	La Russa Baseball 95 est un jeu vidéo exclusivement import sur Megadrive, édité par Electronic Arts.
Lakers versus Celtics and the NBA Playoffs (USA, Europe)	Lakers vs Celtics and the NBA Playoffs est un jeu de basket-ball sur Megadrive. Choisissez parmi dix équipes officielles de la NBA de la saison 89-90 et optez pour un match simple en exhibition ou tentez le titre suprême en mode tournoi playoffs. Pendant le match, il est possible de remplacer les joueurs fatigués et des voix digitalisées commentent certaines actions.
Landstalker (USA)	Landstalker sur Megadrive est un jeu de rôle/action en vue isométrique qui raconte les exploits d'un jeune elfe parti à la recherche du trésor du roi Nole. S'échelonnant sur une bonne dizaine d'heures, l'aventure se distingue par ses environnements extérieurs vastes et ses donjons redoutables.
Langrisser II (Japan)	Langrisser II est un jeu de rôle tactique sur Megadrive. Vous incarnez le noble chevalier Elwin et devez arrêter l'empereur Bernhart et ses quatre généraux, à la recherche d'une puissante épée légendaire. L'armée que vous dirigez est divisée en unités, commandées par vos généraux et vous pouvez utiliser la magie pour vous défendre ou pour attaquer. La meilleure stratégie l'emportera.
Last Action Hero (USA)	Last Action Hero sur Megadrive est inspiré du film du même nom mettat en scène Arnold Schwarzenegger. Vous êtes Jack Slater, un héros de films d'action, qui doit tout faire pour empêcher le cruel Benedict de s'emparer du ticket de cinéma magique, permettant de passer de l'écran à la réalité.
Last Battle (USA, Europe, Korea) (En)	Last Battle est un beat'em all sur Megadrive. Le joueur incarne Aarzak, combattant émérite, accompagné de ses acolytes Max et Alyssa. Son but sera de délivrer le monde d'un puissant empire à la seule force de ses poings. Traversez les niveaux en vous battant contre les ennemis et en évitant les pièges avant de vous mesurer aux nombreux boss du jeu.
Lawnmower Man, The (USA, Europe)	The Lawnmower Man est un jeu de plates-formes/action sur Megadrive adapté du film du même nom (Le Cobaye en français). Un scientifique du nom de Dr. Lawrence conduit des expériences pour améliorer artificiellement l'intelligence de ses sujets. Cependant Jobe Smith, l'un de ses cobayes deviendra violent et obtiendra des pouvoirs de télékinésie. Son but : se venger. Les phases de plates-formes du jeu peuvent amener d'autres phases de jeu en vue à la première personne dans un monde en 3D.
Legend of Galahad, The (USA, Europe)	Galahad est un jeu de plates-formes/action sur Megadrive se déroulant dans un univers fantastique. Le héros peut sauter, marcher et bien sûr attaquer. Il lui faut pourfendre les nombreux ennemis qui croisent sa route pour tenter de récupérer la Princesse Lucanna, enlevée par Thanatos. Plusieurs bonus peuvent être ramassés dans les niveaux pour être ensuite échangés contre de meilleures attaques ou défenses.
Lemmings (USA)	Votre tâche dans Lemmings sur Megadrive est de secourir les petites créatures aux cheveux verts sur 120 niveaux. Un pourcentage d'individus à maintenir en vie vous est indiqué pour chaque mission. A vous de vous adapter à la configuration du terrain de jeu en assignant des tâches telles que creuser, construire un escalier ou encore bloquer le passage dans l'optique de ramener à bon port vos infatigables Lemmings.
Lemmings 2 - The Tribes (USA)	Lemmings 2 : The Tribes est le deuxième épisode de la série Lemmings sur Megadrive. Tout comme dans le précédent opus, il faut diriger les Lemmings d'un point à un autre. Cependant, cette fois-ci, douze tribus de Lemmings différentes sont jouables avec pour chacune des actions et décors différents. Un mode Entraînement permet de tester les 60 compétences disponibles. Encore une fois, le jeu propose en tout 120 niveaux, dix par tribu.
Lethal Enforcers (USA)	Lethal Enforcers est un jeu de tir sur Megadrive. Le personnage se déplace automatiquement, vous n'avez qu'à éliminer les ennemis à l'écran pour qu'il change de niveau. Le pointeur du fusil est dirigé à l'aide de la manette ou grâce au Sega Menacer, pistolet optique officiel de la console, qui peut être utilisé pour plus de sensations. Les réflexes sont indispensables pour ne pas se faire tuer en quelques secondes. Un mode Entraînement permet d'ailleurs d'ajuster ses tirs sur des cibles.
Lethal Enforcers II - Gun Fighters (USA)	Lethal Enforcers II : Gun Fighters est un jeu de tir à la première personne sur Megadrive. Vous incarnez le shérif et devez empêcher plusieurs crimes en jouant de la gâchette. Utilisez au choix la manette ou le Justifier Lightgun de Konami pour plus de précision. Faites preuve de rapidité et tâchez d'éviter de toucher des innocents sous peine de voir votre score diminuer.
LHX Attack Chopper (USA, Europe)	LHX Attack Chopper est une simulation d'hélicoptère de combat sur Megadrive. Choisissez la mission par laquelle vous voulez démarrer ainsi que votre hélicoptère préféré : Apache, Blackhawk, Osprey ou LHX. Avec une jouabilité plutôt orientée arcade, ce titre vous proposera d'engager le combat en Lybie, en Allemagne de l'Est ou encore au Vietnam.
Liberty or Death (USA)	Les guerres européennes contre l'Espagne et la France ont été couteuses pour l'empire britannique. Afin de récolter des fonds pour l'effort de guerre, la Couronne augmente les taxes des colonies du nouveau monde non représentées. Cet acte déclenche protestations et boycott contre les règles britanniques de la part des colonies du nouveau monde. En 1775, la Couronne, alarmée par les protestations, les boycotts et l'instabilité politique, envoie des troupes pour contenir la rébellion des colonies du nouveau monde. Cette approche menaçante provoque la révolte des 13 colonies. Cette révolte sera le début de la guerre d'indépendance dans le nouveau monde (Guerre d'indépendance des États-Unis).
Light Crusader (USA)	Dans le royaume de Light Crusader sur Megadrive, des disparitions mystérieuses ont lieu. Le roi charge son meilleur chevalier d'enquêter sur ces phénomènes étranges et d'y remédier. Dans ce mélange d'action et de jeu de rôle, explorez les donjons de Green Row, combattez des monstres et résolvez des énigmes afin de retrouver la population.
Lightening Force - Quest for the Darkstar (USA)	Thunder Force IV est un jeu de tir sur Megadrive. Le super ordinateur que l'on croyait détruit et en fait seulement endommagé. La fédération a ainsi décidé de vous envoyer dans un vaisseau pour détruire cette menace.
Lion King, The (World)	Le Roi Lion est l'adaptation sur Megadrive du film de Disney sorti en 1994. Vous parcourez la savane avec Simba, de son plus jeune âge jusqu'à son retour dans la tribu des lions à l'âge adulte. Tous les personnages et passages du film sont présents, de même que les musiques qui permettent aux nostalgiques de plonger pleinement dans l'univers d'un des classiques de Disney.
Lobo (USA) (Proto)	Le jeu n'est pas super joli et l'animation raide mais il s'agit d'un titre auquel on n'aurait très bien jamais pu jouer !! Les musiques très rock'n'roll donnent le tempo pour des combats à la Killer Instinct.
Lord Monarch - Tokoton Sentou Densetsu (Japan)	Lord Monarch est un jeu de stratégie en temps réel. Dans ce jeu très complet, vous devrez gérer un royaume tout entier. Que ce soit de la récolte de ressources, la création de nouvelles constructions, la gestion de l'argent du royaume, il faut faudra vous occuper avec soin de vos ouailles. Au-delà des frontières de vos contrées, se trouvent évidement d'autres royaumes, qui se développent également. Il vous faudra donc être prêt à défendre votre pays et pourquoi pas même choisir de les prendre de court, en allant les affronter pour étendre les limites de votre royaume.
Lost Vikings, The (USA)	Dans The Lost Vikings sur Megadrive, trois vikings ont été télétransportés dans un endroit inconnu. Chacun possède des habilités différentes : Eric l'Agile peut courir et sauter, Olaf le Fort possède un grand bouclier et Baleog le Sans Peur peut attaquer avec son épée et son arc. Vous devrez faire progresser les trois héros alternativement pour ouvrir des passages menant à la sortie et découvrir qui les a kidnappé avant de les faire retourner chez eux.
Lost World, The - Jurassic Park (USA, Europe)	Préparez vous à affronter l'inimaginable et partez pour la plus incroyable des aventures. Explorez 4 niveaux gigantesques où la nature a repris ses droits et où les dinosaures vont imposer leur terrible loi du plus fort.
Lotus II (USA, Europe)	Lotus II est un jeu de courses sur Megadrive. Vous jouez contre la montre sur huit circuits aux surfaces différentes qui intègrent la météo ainsi que le trafic routier. Choisissez la Lotus Elan ou arpentez le bitume au volant de la Lotus Esprit. Un mode deux joueurs en écran partagé permet de faire la course avec un ami.
Lotus Turbo Challenge (USA, Europe)	Lotus Turbo Challenge est un jeu de courses sur Megadrive. Choisissez votre Lotus préférée et lancez-vous dans des courses endiablées contre 16 concurrents dirigés par l'ordinateur. Le jeu repose sur un système de checkpoint, chaque course est divisée en segments et le joueur dispose d'un temps limité pour passer de l'un à l'autre. Un mode deux joueurs est également de la partie.
Lufia & The Fortress of Doom (USA) (Proto)	Lufia & The Fortress of Doom est un RPG pour le Super Nintendo Entertainment System développé par Neverland et publié par Taito. Après sa sortie initiale en 1993 en Amérique du Nord, Taito a annoncé ses plans pour une version Sega MegaDrive, qui a finalement été annulée pour des raisons inconnues. Au Japon, le jeu SNES est connu sous le nom de Estpolis Denki, mais aucune preuve n'indique qu'une version japonaise du jeu MegaDrive a été planifié. Le jeu a été montré au CES 1994, avec une date de sortie provisoire pour décembre 1994. Cela a été repoussé au printemps 1995 (avec un retard étant annoncé comme valant «la peine d'attendre») avant d'être tranquillement annulé. Il a été vu pour la dernière fois dans un état d'avancement très précoce au Winter CES 1995. Il est supposé que le jeu, principalement destiné au marché nord-américain, n'a pas été libéré en raison de la fermeture de Taito America en 1995.
M-1 Abrams Battle Tank (USA, Europe)	M-1 Abrams Battle Tank est une simulation de tank sur Megadrive. Dans ce jeu d'action vous êtes aux commandes d'un tank M-1 Abrams sous les ordres de l'OTAN. Plusieurs armes sont disponibles, de la mitraillette au lance-missiles et il faudra viser juste au cours des 8 missions du jeu pour repousser les forces de l'alliance du pacte de Varsovie.
Mad Stalker - Full Metal Forth (USA, Europe) (Strictly Limited Games)	Mad Stalker: Full Metal Forth est un jeu de beat'em up à défilement latéral dans le style Kung-Fu Master ou The Ninja Warriors. Les joueurs endossent le rôle de policiers prenant le contrôle d'un mecha SlaveGear connu sous le nom de Hound Dog à travers six niveaux aux thèmes variés se déroulant dans Artemis City dans le but de vaincre le boss mecha Rising Dog contrôlée par une intelligence artificielle nommée Omega.
Madden NFL '94 (USA, Europe)	Madden NFL '94 est un jeu de football américain sur Megadrive. Cet opus propose quatre-vingt équipes officielles que vous pouvez choisir pour un match simple en exhibition ou pour jouer une saison entière jusqu'au célèbre Super Bowl. La sauvegarde de votre progression s'effectue au moyen de mots de passe.
Madden NFL 95 (USA, Europe)	Madden NFL 95 sur Megadrive vous offre la possibilité de jouer avec toutes les équipes de la NFL de 1994. Vous pouvez choisir entre le match simple, le championnat, les playoffs ou encore le Super Bowl. Le jeu permet aussi de choisir les conditions climatiques dans lesquelles vous voulez jouer. Enfin, chose bien plus intéressante encore dans ce genre de simulation, plus de cent blessures pourront être infligées !
Madden NFL 96 (USA, Europe)	Madden NFL 96 sur Megadrive est en tout point similaire à sa version antérieure à l'exception évidente que vous aurez la possibilité de jouer avec les équipes présentes en NFL en 1995. Vous pouvez choisir d'effectuer un match simple, une saison complète ou de disputer le Super Bowl. Enfin, la principale nouveauté de cet opus réside dans l'ajout de voix digitalisées.
Madden NFL 97 (USA, Europe)	Madden NFL 97 est un jeu de football américain sur Megadrive. Retrouvez plus de cent équipes officielles de la National Football League mais aussi des équipes de légende. Amenez votre favorite jusqu'au Super Bowl ou retracez sa saison complète NFL et ses Playoffs.
Madden NFL 98 (USA)	Madden NFL 98 est un jeu de football américain sur Megadrive. Retrouvez plus de 120 équipes officielles de la saison en cours mais également des équipes de légende. Cette édition 98 amène également plus de variété dans le jeu avec de nouvelles actions pour le Quarterback et une intelligence artificielle plus poussée. Prenez votre équipe favorite et faites-la évoluer pour l'emmener jusqu'à la finale du Super Bowl !
Madou Monogatari I (Japan)	Madou Monogatari I sur Megadrive vous permet d'incarner une jeune apprentie sorcière nommée Arle. Vous devez sortir vivant de la Tour du Diable que vous explorerez en 3D à la première personne. Les combats se déroulent au tour par tour.
Magic School Bus, The - Space Exploration Game (USA)	The Magic Schoolbus est un jeu d'action plates-formes sur Megadrive s'inspirant du célèbre dessin animé Le Bus Magique. Plusieurs types de niveaux sont présents. Ainsi, il vous faudra tirer sur des astéroïdes lors de votre périple vers Mars, ou encore gérer votre atterrissage sur la planète.
Magical Hat no Buttobi Turbo! Daibouken (Japan)	Decap Attack est un jeu vidéo de plates-formes développé par Vic Tokai et édité par Sega en 1991 sur Mega Drive. Le joueur incarne la créature du Dr Frankenstein, une sorte de momie sans tête, qui doit empêcher le maître des enfers de contrôler le monde. Il est guidé au fil des niveaux par le Dr Frankestein et Igor, son fidèle serviteur. Les textes sont en anglais.
Magical Taruruuto-kun (Japan)	Sorti en 1992 au Japon, le jeu n'ayant jamais quitté son pays d'origine, Magical Tarurûto-Kun est l'adaptation d'un manga plutôt connu au Pays du Soleil Levant, manga qui arriva sous le nom de Talulu le magicien en France. Pour résumer de quoi il en retourne, sachez que c'est l'histoire d'un tout petit magicien qui va aider un jeune homme à réaliser ses souhaits et à conquérir la fille dont il est amoureux... C'est cette fille que vous devrez délivrer dans ce jeu.
Mahjong Cop Ryuu - Shiro Ookami no Yabou (Japan)	Mahjong Cop Ryuu ? Shiro Ookami no Yabou (L'ambition du Loup Blanc) est un croisement entre un visual novel et un jeu de Mahjong mettant en scène un détective nommé Ryuu, doté de pouvoir psychiques.
Mamono Hunter Youko - Dai 7 no Keishou (Japan)	Mamono Hunter Yohko : Dai-7 no Keishou est un jeu de plates-formes sur Megadrive basé sur la série animée Devil Hunter Yohko. Vous incarnez Yohko qui doit accomplir sa destinée et chasser les démons de la surface de la Terre. Vous pouvez utiliser pour cela plusieurs armes afin de vous débarrasser des ennemis et ainsi traverser les niveaux sans encombre.
Man Overboard! (Europe)	S.S. Lucifer : Man Overboard !, également connu sous le nom Sink or Swim, est un jeu de réflexion sur Megadrive. Vous êtes Kevin Codner, secouriste à la rescousse des passagers du navire de croisière SS Lucifer. Dans chacun des 60 niveaux, vous devez ouvrir le chemin vers la sortie. Les passagers se déplacent sans prendre garde et il faut sans cesse les devancer pour n'en perdre aucun. Mais attention à ne pas confondre vitesse et précipitation, sous peine d'avoir des morts sur la conscience.
Marble Madness (USA, Europe)	Une adaptation du jeu d'arcade. Marble Madness est un jeu de labyrinthe abstrait pour un ou deux joueurs selon la plateforme. Le but est de guider une petite bille de verre à travers un labyrinthe tridimensionnel et d'atteindre la ligne d'arrivée avant la fin du temps imparti. Les secondes restantes sur le chronomètre lorsque la ligne d'arrivée est franchie sont transférées au niveau suivant. En plus de devoir faire naviguer la bille sur des passerelles et des rampes dangereuses, de nombreux obstacles et des créatures hostiles tenteront de ralentir la progression de la bille ou de la faire tomber du bord d'une plate-forme, faisant perdre encore plus de précieuses secondes jusqu'à ce qu'une bille de remplacement apparaisse.
Mario Andretti Racing (USA, Europe)	Mario Andretti Racing est un jeu de courses sur Megadrive dans lequel vous pouvez choisir entre les Indy Cars, les Sprint Cars et les Stock Cars. Chaque véhicule réagira différemment en fonction du revêtement de la chaussée et il faudra conduire avec habileté pour l'emporter contre les vingt-sept concurrents contrôlés par l'ordinateur.
Mario Lemieux Hockey (USA, Europe)	Mario Lemieux Hockey est un jeu de hockey sur glace sur Megadrive. Choisissez votre équipe et lancez-vous dans l'arène glacée pour un match simple ou grimpez tous les échelons pour accéder à la gloire en mode tournoi. D'autres modes de jeu vous permettent de vous entraîner au tir aux buts mais aussi aux bagarres entre joueurs.
Marko (USA)	Marko's Magic Football est un jeu de plates-formes sur Megadrive. Vous contrôlez Marko, qui doit à tout prix arrêter le Colonel Brown qui transforme les gens en mutants. Armé de votre ballon magique, il faudra traverser tous les niveaux du jeu en faisant plusieurs tricks de football pour vous débarrasser de vos ennemis.
Marsupilami (USA) (En,Fr,De,Es,It)	Accompagnez notre jeune héros Marsupilami, pour un long périple à travers la jungle. Votre but sera de ramener Bonelli l'éléphant sain et sauf chez lui mais également de retrouver les enfants du Marsupilami capturés par de sinistres individus. Toutes vos capacités seront mises à rude épreuve au cours de ces aventures! Mais les diverses utilisation de l'incroyable queue du Marsupilami (escalier, lasso, treuil...) vous permettront de surmonter les obstacles et d'éviter toutes mauvaises rencontres.
Marvel Land (USA)	Marvel Land est un jeu de plates-formes sur Megadrive. Le Roi Taupe a envahi le parc de Marvel Land et capturé les fées gardiennes de la paix sur terre. Vous incarnez un jeune garçon et devez sauver toutes les fées enfermées dans des boules de cristal. Si vous réussissez, vous aurez un... bisou.
Mary Shelley's Frankenstein (USA)	Mary Shelley's Frankenstein est l'adaptation sur Megadrive du film de Kenneth Branagh de 1994, lui-même inspiré du roman Frankenstein ou le Prométhée moderne de Mary Shelley. Vous incarnez la créature de Victor Frankenstein qui veut se venger de ce dernier car il l'a rejeté. Armé d'un bâton et pouvant lancer des boules de foudre, la créature doit se défendre face aux villageois. Des leviers doivent aussi être activés pour progresser dans les niveaux.
Master of Monsters (USA)	Master of Monsters est un jeu de stratégie au tour par tour dans lequel vous choisissez l'un des cinq sorciers différents et combattez les autres sorciers pour dominer le pays qui se retrouve sans souverain après la mort du maître sorcier. Vous pouvez jouer deux campagnes contre l'ordinateur qui vous obligent à vaincre les mages ennemis sur toutes les cartes et vous permettent de transporter toutes les unités qui ont survécu à une bataille dans la suivante. Vous pouvez également jouer toutes les cartes individuellement avec un maximum de deux joueurs humains. Dans les batailles, vous pouvez invoquer différents monstres et lancer des sorts. Les monstres que vous pouvez invoquer et les sorts que vous pouvez utiliser dépendent du sorcier que vous avez choisi. Votre objectif dans chaque bataille est de vaincre tous les autres sorciers et de conquérir ainsi le pays (dans les campagnes, vous ne disposez que d'un nombre limité de tours pour y parvenir).
Master of Weapon (Japan) (En)	Master of Weapon est un shoot'em up sur Megadrive. A bord d'un vaisseau armé, vous devrez traverser plusieurs niveaux en détruisant un maximum d'ennemi tout en évitant leurs assauts. Plusieurs bonus peuvent être ramassés en cours de route pour améliorer l'attaque comme la défense et de puissants boss vous attendent à la fin de chaque zone.
Maten no Soumetsu (Japan)	Math Blaster est un RPG sur Megadrive.
Math Blaster - Episode 1 (USA)	Math Blaster : Episode 1 est un jeu éducatif qui a pour ambition de faire travailler les facultés des enfants à utiliser le calcul mental tout en les distrayant. On a même droit à une petite histoire car vous devez diriger un pilote de vaisseau dans un lointain futur qui doit délivrer son ami le petit robot des griffes d'un méchant extra-terrestre. Pour cela, il faudra traverser plusieurs phases de jeu basé sur le calcul. Suivant le niveau de difficulté choisit, vous aurez droit à des additions, soustractions, multiplications ou divisions.
Mazin Saga - Mutant Fighter (USA)	Mazin Saga: Mutant fighters est jeu très facile, mais qui est fort agréable. Artistiquement, le jeu est assez détaillé, et est constitué de deux types de gameplay. La majeure partie est du &quot;beat them up&quot;, où le joueur se bat contre de nombreux ennemis. La deuxième partie est à la fin de chaque niveau où le jeu prend une forme de jeux de combat 1 contre 1. Cette partie est de loin moins peaufinée que le reste et est débalancée.
McDonald's Treasure Land Adventure (USA)	McDonald's Treasure Land Adventure est un jeu de plates-formes sur Megadrive qui vous propose d'incarner le clown Ronald McDonald, mascotte des restaurants du même nom. Après avoir trouvé un morceau de carte au trésor, Ronald décide de se mettre à la recherche des autres morceaux. Vous pouvez sauter sur les ennemis, leur tirer dessus mais également utiliser votre écharpe pour vous accrocher à des éléments du décor.
Medal City (Japan) (Sega Game Toshokan)	Medal City est une collection de jeux simples de casino qui offre trois différents jeux: Poker, Black Jack et Machine à sous. Chaque jeu est uniquement pour un joueur, et est une reproduction basique du jeu réel. Le joueur commence avec 30 jetons, et peut librement parier dans chaque jeu comme bon lui semble. Les gains peuvent être sauvegardés grâce à un système de mot de passe.
Mega 6 Vol. 3 (Europe)	Mega Games 6 est une compilation en trois volumes de jeux vidéo de la firme Sega commercialisés en Europe. Elle contient : 1. Columns 2. Revenge of Shinobi 3. Sega Soccer 4. Sonic The Hedgehog 5. Streets of Rage 6. Super Monaco GP
Mega Anser (Japan) (Program)	Mega Anser est un logiciel de comptabilité sorti en 1989 sur Megadrive. Le logiciel a été développé par Sega et la banque japonaise Nagoya et édité par Sega uniquement dans un pack avec la Megadrive. Le pack contenait également une télécommande à 10 boutons utilisable uniquement avec ce logiciel.
Mega Bomberman (USA)	Mega Bomberman est un jeu d'action sur Megadrive. Dans le mode solo à vous de distiller vos bombes afin de libérer le passage, détruire vos ennemis et récupérer les bonus qui ornent les niveaux. Différents types de kangourous pourront vous prêter main forte sur certains tableaux et le mode multijoueurs permet de faire son choix parmi neuf personnages différents.
Mega Bomberman - Special 8-Player-Demo (Europe) (Proto)	Une petite demo technique réalisée par facteur 5 pour montrer leur talent avec un mode multijoueurs à 8 joueurs pour Mega Bomberman sur la Sega Mega Drive.
Mega Games 2 (Europe)	Mega Games est une compilation en trois volumes de jeux vidéo de la firme Sega commercialisés en Europe. Ce volume 2 contient : 1. Golden Axe 2. Streets of Rage 3. The Revenge of Shinobi
Mega Games 3 (Europe, Asia) (En)	Mega Games est une compilation en trois volumes de jeux vidéo de la firme Sega commercialisés en Europe. Ce volume 3 contient : 1. Alien Storm 2. Super Thunder Blade 3. Super Monaco GP
Mega Games 6 (Europe)	Mega Games 6 est une compilation en trois volumes de jeux vidéo de la firme Sega commercialisés en Europe. La version 6 est une compilation des des compilations Mega Games 1 et 2, elle contient : 1. Columns 2. Golden Axe 3. Super Hang-On 4. Streets of Rage 5. The Revenge of Shinobi 6. World Cup Italia '90
Mega Games 6 Vol. 2 (Europe)	Mega Games 6 est une compilation en trois volumes de jeux vidéo de la firme Sega commercialisés en Europe. Les volumes 1. Alien Storm 2. Columns 3. Super Hang-On 4. Super Monaco GP 5. Super Thunder Blade 6. World Cup Italia '90
Mega Games I (USA, Europe)	Mega Games est une compilation en trois volumes de jeux vidéo de la firme Sega commercialisés en Europe. Ce volume 3 contient : 1. Columns 2. Super Hang On 3. World Cup Italia '90 ou World Championship Soccer
Mega Man - The Wily Wars (World) (Retro-Bit)	Mega Man : The Wily Wars sur Megadrive est une compilation des trois premiers Mega Man sortis sur Nes. on retrouve donc les premiers combats du héros contre des robots aux pouvoirs destructeurs. La cartouche comprend aussi un mode de jeu inédit : Wily Tower qui voit Mega Man gravir une tour en battant un nouveau robot à chaque étage.
Mega SWIV (Europe)	Mega SWIV est un shoot'em up sur Megadrive. Sur une île de l'océan Atlantique, des véhicules de l'armée ont été volés par des robots avec un seul objectif, détruire tout ce qui se trouve sur leur passage. L'armée vous envoie pour infiltrer leur base et découvrir leurs plans. Vous avez le choix entre un hélicoptère et une jeep. L'hélicoptère permet d'éviter les ennemis au sol alors que l'avantage de la jeep est de pouvoir tirer dans toutes les directions.
Mega Turrican (USA)	Implacablement destructrice, d'une méchanceté dénuée de remords, &quot;La Machine&quot; jette une fois de plus une ombre de terreur sur la galaxie. Enveloppé dans une combinaison d'assaut Turrican, hérissé de quincaillerie militaire de haute technologie, c'est à vous de jouer. Attendez-vous à des étincelles.
Mega-lo-Mania (World) (Evercade)	MegaLoMania est un jeu de stratégie sur Megadrive. Choisissez parmi quatre personnages celui qui vous représentera le mieux et c'est à la tête de cent soldats que vous commencez la campagne. Le jeu est divisé en dix niveaux, et il est possible de former des alliances temporaires avec vos adversaires pour vous débarrasser d'un ennemi particulièrement coriace. La meilleure stratégie l'emportera !
MegaMind (Japan) (Sega Game Toshokan)	MegaMind est une version d'ordinateur du jeu de société classique Mastermind pour un joueur. Le joueur doit deviner une séquence à quatre chiffres de pièces dans un nombre défini de tours; La seule information fournie est une indication du nombre de pièces correctes présentes et du nombre de pièces correctes présentes et à la place correcte. Il y a quatre niveaux de difficulté, avec de plus grandes difficultés à augmenter le nombre de pièces à choisir ainsi que de permettre à l'ordinateur de mentir une seule fois pendant le jeu. Il y a quatre différents ensembles thématiques de pièces à jouer.
MegaPanel (Japan)	MegaPanel est un jeu vidéo de puzzle assez similaire à Tetris sorti en 1990 sur Mega Drive. Le jeu a été développé et édité par Namco. Il est sorti uniquement au Japon.
Menacer - 6-Game Cartridge (USA, Europe)	Menacer 6-Game Cartridge est une compilation de six mini-jeux sorti en 1992 sur Mega Drive.
Mercs (World) (En,Ja)	Le président des Etats-Unis a été kidnappé pendant un voyage dans un pays d'Afrique Centrale. Pour éviter toute rupture diplomatique, on va faire appel à un corps d'élite spécial : Mercs. Dans ce Run and Gun vous devrez faire le ménage et détruire les caisses pour trouver des armes plus puissantes ainsi que des trousses de premiers soins pour vous restaurer en cours de partie. A la fin de chaque niveau, vous serez confronté à un boss. Son énergie est représentée par des carrés rouges. Ils ont tous un point faible qui permet d'en venir à bout s'en trop s'exposer. A chaque série de coups encaissés, la puissance du boss diminuera jusqu'à son éradication. Les armes sont assez diversifiées, par exemple, après le simple M16, vous passerez à une arme de type inconnu dont le tir en éventail est fort efficace puis au lance-flammes.
Metal Fangs (Japan)	Metal fangs est un jeu de course mâtiné stratégie en temps réel développé par Victor Interactive sorti exclusivement sur Megadrive japonaise. Les portraits des personnages sont inspirés de célébrités, telles Madonna, David Bowie, Johnny Rotten des Sex Pistols, ou bien Angus Young d'ACDC.
Michael Jackson's Moonwalker (Japan, USA) (En)	Michael Jackson's Moonwalker sur Megadrive est un jeu d'action dans lequel vous incarnez le king of pop Michael Jackson. L'histoire débute lorsque Mr Big kidnappe des enfants et les réduit au rang d'esclaves. Dansez le moonwalk et faites usage de vos pouvoirs magiques afin de rendre aux enfants leur liberté.
Mick & Mack as the Global Gladiators (USA)	Mick et Mack sont les Global Gladiators dans ce jeu de plates-formes sur Megadrive. Armés de fusils à Ketchup, ils doivent éliminer les monstres dans les niveaux qu'ils traversent, tout en collectant un maximum de logos McDonald's pour pouvoir passer à la zone suivante, le tout en un temps imparti.
Mickey Mania - The Timeless Adventures of Mickey Mouse (USA)	Mickey Mania (aussi appelé Mickey Mania : The Timeless adventures of Mickey Mouse) sur Megadrive est un jeu de plates-formes. Le joueur incarne Mickey Mouse dans sept niveaux inspirés des dessins animés les plus célèbres de son histoire.
Mickey's Ultimate Challenge (USA)	Mickey's Ultimate Challenge est un jeu d'action / réflexion sur Megadrive. Mickey se réveille un beau jour dans le Royaume Beanwick qui subit énormément de tremblements de terre. Il propose son aide pour tente d'en trouver la cause. Chaque tâche à accomplir se présente comme un mini-jeu et un objet magique vous sera remit en cas de victoire. Rassemblez assez de ces artefacts pour accéder au puzzle final.
Micro Machines (USA)	MicroMachines sur Megadrive vous propose de diriger les petits véhicules de la marque, dans des courses fun et variées au beau milieu d'une baignoire, d'un bureau, ou d'une table à manger. Les courses incluant jusqu'à 4 concurrents. Si l'un d'eux tombe du circuit où se fait trop distancer, il perd un point.
Micro Machines - Military (Europe) (J-Cart)	MicroMachines Military est un jeu de courses sur Megadrive. Le but est toujours de finir premier au volant de son véhicule miniature tout en essayant de distancer ses concurrents, mais le tout est désormais accompagné d'un thème militaire. Il faudra conduire des camions de ravitaillement, des hélicoptères ou encore des tanks dans des environnements variés. Jusqu'à huit joueurs peuvent s'affronter en simultané.
Micro Machines - Turbo Tournament 96 (Europe) (J-Cart)	MicroMachines Turbo Tournament 96 est un jeu de courses sur Megadrive. La cartouche du jeu permet le branchement de deux manettes supplémentaires ce qui permet à de huit joueurs de s'affronter en simultané (deux joueurs par manette). Le but est toujours de finir premier au volant de son véhicule miniature tout en essayant de distancer ses concurrents. Cette édition amène un éditeur de niveau permettant au joueur de créer et de sauvegarder ses propres circuits.
Micro Machines 2 - Turbo Tournament (Europe)	MicroMachines 2 : Turbo Tournament est un jeu de courses sur Megadrive. La cartouche du jeu met à votre disposition deux ports manettes supplémentaires, ce qui permet à huit joueurs de s'affronter sur le même écran (deux par manette). Le jeu vous met aux volants des fameux bolides miniatures et le but est d'arriver premier en prenant soin de distancer les autres joueurs pour leur faire perdre des points.
Midnight Resistance (World) (Evercade)	Midnight Resistance est un jeu d'action/plates-formes sur Megadrive. Vous incarnez l'un des combattants de la Midnight Resistance, et votre famille a été kidnappée par un savant fou nommé King Crimson. Il faudra traverser neuf niveaux pour les sauver et faire échouer les projets maléfiques du &quot;roi&quot;. Les ennemis vaincus laissent derrière eux des clés qui peuvent être échangées contre des armes plus puissantes.
Mig-29 Fighter Pilot (USA)	MIG-29 Fighter Pilot est une simulation d'avion de chasse sur Megadrive. A bord d'un MIG-29 de l'armée soviétique, il vous sera demandé de remplir plusieurs missions de différentes natures (abattre un ennemi ou encore détruire une cible au sol). Vous pouvez changer d'arme à tout moment et il faudra penser à gérer toutes les parties importantes de l'avion afin d'éviter le crash.
Might and Magic - Gates to Another World (USA, Europe)	Le voyageur de l'espace et gardien voyou Sheltem a quitté le monde VARN, où il était poursuivi par l'implacable Corak le Mystérieux et un groupe d'aventuriers locaux qui l'aidaient. Les Portes d'un autre monde les emmène finalement tous dans un autre monde, connu sous le nom de CRON. Là, un grand trouble est causé par les actions de Sheltem, et les héros doivent arrêter sa folie, l'empêchant de projeter la planète dans son propre soleil. Gates to Another World est le deuxième volet de la série Might and Magic, et la suite de Secret of the Inner Sanctum. Le gameplay est similaire à celui de son prédécesseur : le joueur crée un groupe de six personnages et explore de vastes environnements en 3D à la première personne, tout en combattant des ennemis au tour par tour et en gagnant des niveaux. Contrairement au premier jeu, les rencontres avec les ennemis se font à des points précis et non plus de manière aléatoire.
Might and Magic III - Isles of Terra (USA) (Proto)	Après avoir vaincu Sheltem et ses forces de CRON dans Might and Magic II, le groupe d'aventuriers est amené dans le propre monde de Sheltem : Terra. Une fois de plus, les aventuriers doivent aider Corak à neutraliser Sheltem.
Mighty Morphin Power Rangers (USA)	Mighty Morphin Power Rangers sur Megadrive est un jeu de combat tiré de la série télévisée éponyme. Le joueur incarne l'un des combattants à culotte bariolée lors de combats contre les monstres de Rita. Au terme de l'affrontement, le monstre grandit. Une seconde phase débute alors où le joueur incarne Megazord.
Mighty Morphin Power Rangers - The Movie (USA)	Mighty Morphin Power Rangers : The Movie est l'adaptation sur Megadrive du film issu de l'univers des Power Rangers. Ivan Ooze, enterré depuis des milliers d'années, détruit les Zords et les pouvoirs des Power Rangers. Après avoir choisi parmi les six Power Rangers, vous allez rechercher le Grand Pouvoir et de nouveaux Zords afin de l'arrêter. Les combattants sous forme humaine peuvent vêtir leur uniforme de Power Rangers pour utiliser leurs armes contre les ennemis.
Minnesota Fats - Pool Legend (USA)	Minnesota Fats : Pool Legend est un jeu de billard, développé par Data East sur Megadrive et édité par Data East.
Miracle Piano Teaching System, The (USA)	The Miracle Piano Teaching System est un jeu vidéo éducatif sorti en 1990 sur Mega Drive, Nintendo Entertainment System, DOS, Super Nintendo, Amiga et Mac OS. Le jeu a été développé et édité par The Software Toolworks. Il permet d'apprendre les bases du piano. Au cours d'une leçon, le logiciel Miracle System surveille constamment vos progrès, vous fournit des commentaires et vous aide à perfectionner vos compétences. Le système Miracle rend même la pratique amusante, avec plusieurs exercices différents et des exercices de style de jeu.
MLBPA Baseball (USA)	MLBPA Baseball est un jeu de baseball sur Megadrive. N'ayant pas la licence officielle, le titre propose de faire des matches entre 28 équipes fictives représentant des villes des Etats-Unis. Tous les postes de l'équipe sont contrôlés par le joueur, en attaque comme en défense. Lors des championnats, le joueur ne choisit pas une équipe mais les matches qu'il veut jouer à chaque journée.
Monopoly (USA)	Monopoly sur Megadrive est l'adaptation du célèbre jeu de société créé par Charles Darrow. En plus des règles habituelles, il est possible de réaliser des enchères sur les terrains que l'on veut acheter. Le nombre de joueurs va de deux à huit au maximum, que l'on joue contre des amis ou contre l'ordinateur.
Monster World IV (World) (En,Ja) (Mega Drive Mini, Genesis Mini)	Monster World IV est un jeu d'action/plates-formes sur Megadrive. Le joueur contrôle Asha, une jeune fille aux cheveux verts, qui un jour entend un mystérieux cri et décide de partir à l'aventure pour découvrir son origine. Le jeu contient plusieurs éléments empruntés au jeu de rôle, ainsi Asha peut s'équiper de différentes armes et armures et il est possible de ramasser divers objets mais aussi de parler à des personnages non jouables.
Mortal Kombat (World)	Battez vos adversaires pour défier le guerrier Shokan nommé Goro, champion du tournoi depuis plus de 500 ans. Adaptation du célébrissime jeu d'arcade, Mortal Kombat sur Megadrive vous permet d'incarner 8 prétendants à la victoire finale, dont les protégés du seigneur Raiden, seuls remparts contre la menace qui pèse sur le Royaume de la Terre.
Mortal Kombat 3 (USA)	Shao Kahn est sorti vainqueur du précédent Mortal Kombat. Le Royaume de la Terre n'est plus. Vous devrez dans Mortal Kombat 3, affronter à nouveau les poulains de Shang Tsung, ainsi qu'une redoutable adversaire, la Reine Sindel. De nouveaux mouvements et la possibilité de courir ont été ajoutés à cet opus qui clôt la trilogie sur Megadrive.
Mortal Kombat II (World)	Mortal Kombat II, est un jeu de combat sur Megadrive. Combos, fatalités et autres coups spéciaux, tels sont les ingrédients qui fondent le succès d'un jeu réputé pour la violence de ses affrontements. Le joueur incarne l'un des 12 personnages et doit vaincre un par un l'ensemble de ses concurrents directs pour gagner le tournoi et mettre un terme au règne du maléfique Shao Kahn.
Mosaico (Brazil) (Super Mega Drive 3)	Jeu de puzzle assez classique qui compte le nombre de mouvement fait .Le jeu n'a pas été vendu sur des supports physiques, mais seulement sorti en mémoire de certains modèles de console Mega Drive vendus au Brésil, comme le Sega Tec Toy Super Mega Drive 3 avec 71 jeux en mémoire. Jeu sorti exclusivement sur Mega Drive.
Mr. Nutz (Europe)	Mr. Nutz est le nom d'un petit écureuil parcourant le monde sur Megadrive pour empêcher un yéti maléfique de congeler la planète. En contrôlant l'animal, vous serrez amené à courir et sauter à travers la forêt, au fond d'un volcan et dans bien d'autres endroits. Mr Nutz peut d'ailleurs éliminer ses adversaires en sautant sur eux et se servir de sa queue pour se protéger. Quelques petits puzzles doivent être résolus pour progresser dans l'aventure.
Mr. Nutz - Hoppin' Mad (Europe) (Proto)	M. Nutz 2 est un portage sur Sega Genesis de M. Nutz Hoppin 'Mad pour l'Amiga. Il a été développé par Neon, et devait être distrivué en 1995 par Océan. Mais le marché des jeux Genesis a commencé à décliner à cette époque et Ocean a décidé de ne pas le commercialiser. Quelqu'un lié à Neon a publié le code source de ce portage à la fin des années 2000 et quelques images de la ROM aussi (qui ne pouvait pas être commercialisé en raison de problèmes de droit d'auteur). Compiler le code source dans une ROM a été difficile au début, mais ça a finalement été fait, et la ROM a été publié dans le forum Sonic Retro. Cette ROM est apparemment une version bêta presque finale, car il n'y a pas de logos Neon ou Ocean au début, et le titre de la ROM est &quot;Mr. Nutz Hoppin 'Mad&quot; comme dans la version originale Amiga contrairement à &quot;Mr. Nutz 2&quot; comme dans les captures d'écran qui ont été publiés avant. Hormis cela, le jeu semble complet et est jouable.
Ms. Pac-Man (USA, Europe)	Ms. Pac-Man sur Megadrive est un jeu d'arcade dans lequel vous dirigez une petite boule jaune dans un labyrinthe infesté de fantômes à votre poursuite. A vous de leur échapper tout en ramassant les pac-gommes sur votre chemin. Attrapez des bonus afin de pourchasser les fantômes à votre tour et les dévorer pendant un court laps de temps. Mais attention à leur course aléatoire !
Muhammad Ali Heavyweight Boxing (USA)	Muhammad Ali's Heavyweight Boxing est un jeu de boxe sur Megadrive. Le joueur peut choisir d'incarner l'un des dix personnages et opter pour une jouabilité arcade ou simulation. Le mode exhibition permet à deux joueurs de s'affronter en déterminant le nombre de rounds, leur durée ou encore le nombre de KO à effectuer tandis que le mode tournoi se jouera exclusivement en solo.
MUSHA - Metallic Uniframe Super Hybrid Armor (USA)	M.U.S.H.A est un shoot'em up sur Megadrive. Vous êtes dans le cockpit d'un &quot;Metallic Uniframe Super Hybrid Armor&quot; et votre but est de détruire un maximum d'ennemis le long des niveaux de jeu. Plusieurs bonus peuvent être ramassés en cours de route notamment de petits satellites qui pourront vous défendre ou attaquer à votre place.
Mutant League Football (USA, Europe)	Mutant League Football est un jeu de football américain futuriste sur Megadrive. Une fois que vous avez mis les pieds dans l'arène, tous les coups sont permis ! Les règles du football américain servent de base au jeu alors que des équipes de robots, de monstres ou encore de morts-vivants s'affrontent sur des terrains remplis de mines ou de bombes.
Mutant League Hockey (USA, Europe)	Mutant League Hockey est un jeu de hockey sur glace futuriste sur Megadrive. Une fois que vous avez mis les pieds dans l'arène, tous les coups sont permis ! Les règles du hockey servent de base au jeu alors que des équipes de robots, de monstres ou encore de morts-vivants s'affrontent sur des patinoires remplies de pièges en tout genre. Les joueurs ont le droit de se servir d'armes et les rencontres deviennent vite riches en hémoglobine.
Mystic Defender (USA, Europe) (En,Ja)	Mystic Defender est un jeu d'action/plates-formes sur Megadrive. Vous incarnez Joe Yamata dans sa quête pour sauver Alexandra, kidnappée par l'infâme Zao. Il faudra progresser dans les niveaux en vous débarrassant de vos assaillants grâce à la magie. Quatre types de magie sont disponibles et il est possible d'effectuer des attaques chargées pour plus de dégâts.
Mystical Fighter (USA)	Mystical Fighter est un jeu vidéo de type beat them all sorti en 1991 sur Mega Drive. Le jeu a été développé par DreamWorks et édité par Taito. L'histoire, les décors et les personnages sont basés sur la mythologie japonaise.
Nakajima Satoru Kanshuu - F1 Grand Prix (Japan)	Jeu de F1 sur Megadrive sortis en 1991 sur la console 16Bits de Sega.
Nakajima Satoru Kanshuu - F1 Super License (Japan)	Jeu de F1 sur Megadrive sortis en 1992 sur la console 16Bits de Sega.
NBA Action '94 (USA)	NBA Action '94 est un jeu de basket-ball sur Megadrive. Choisissez votre équipe préférée parmi les vingt-sept officielles 1993-1994 et rejouez la saison entière jusqu'à la finale. Il est possible de jouer jusqu'à cinq simultanément grâce à un adaptateur et vous pouvez endosser le blouson de coach pour gérer votre équipe au mieux.
NBA Action '95 Starring David Robinson (USA, Europe)	NBA Action '95 starring David Robinson est un jeu de basket-ball sur Megadrive. Grâce à la licence officielle de la NBA vous pouvez faire votre choix parmi vingt-sept équipes mais il est également possible de créer vos propres joueurs. Jouez la saison complète, les playoffs ainsi que la finale, le tout accompagné par Marv Albert, commentateur officiel de la NBC.
NBA All-Star Challenge (USA, Europe)	NBA-All Star Challenge est un jeu de basket-ball sur Megadrive. Le jeu propose des duels en un contre un et vous pouvez choisir parmi vingt-sept joueurs officiels de la saison 1991-1992. Plusieurs modes de jeu sont disponibles : match simple, concours de trois points, concours de lancers-francs ou encore tournoi. Chaque mode peut se jouer en solo ou avec un ami.
NBA Hang Time (USA)	Dans NBA Hangtime sur Megadrive, jouez au basket avec des professionnels mais avec les règles de la rue. Vous pouvez choisir deux joueurs parmi les quatre proposés dans chacune des 30 équipes officielles du championnat nord-américain. Les matches se disputent en deux contre deux et les règles sont limitées aux fautes, pour laisser place au jeu et aux dunks spectaculaires. Il est également possible de créer son propre joueur.
NBA Jam (USA, Europe)	NBA Jam sur Megadrive est le premier jeu de basket à proposer de jouer avec des joueurs professionnels mais avec les règles de la rue. Les matches se disputent donc en deux contre deux et les fautes sont presque absentes. En revanche, les actions sont volontairement irréalistes, afin de pouvoir admirer ses stars de NBA préférées réaliser des dunks de plusieurs mètres de hauteur, tout en faisant des figures spectaculaires.
NBA Jam - Tournament Edition (World)	NBA Jam : Tournament Edition sur Megadrive reprend le principe de NBA Jam sorti quelques mois plus tôt en ajoutant un mode tournoi. Les matches se disputent toujours en deux contre deux, avec des règles atténuées au profit de l'action. L'intérêt du mode tournoi réside dans les bonus à débloquer, à savoir deux nouveaux joueurs pour pratiquement toutes les équipes ainsi qu'un mode de difficulté supérieur.
NBA Live 95 (USA, Europe)	Bénéficiant de la licence officielle de la NBA, ce jeu vous permet de choisir parmi 300 joueurs de la saison 1994-1995. Il est possible de gérer son équipe en s'échangeant des joueurs et en comparant leurs statistiques. De nombreux effets sonores ont été ajoutés par rapport à l'opus précédent pour plus de réalisme.
NBA Live 96 (USA, Europe)	Après l'édition 95 et pour la deuxième fois sur Megadrive, le championnat NBA est de retour. La saison 1996 comprend deux nouvelles équipes canadiennes : les Toronto Raptors et les Vancouver Grizzlies, ce qui fait 29 équipes au total divisées dans les deux conférences Est et Ouest. La licence officielle permet de jouer avec l'intégralité des joueurs réels. Votre saison reflétera-t-elle la réalité, à savoir la victoire des Chicago Bulls contre les Seattle SuperSonics en finale.
NBA Live 97 (USA, Europe)	Voici venue l'édition 97 du championnat nord-américain de basket-ball avec NBA Live 97 sur Megadrive. Comme dans les versions précédentes, vous pouvez jouer avec les 29 équipes officielles du championnat professionnel et faire une saison complète. Si les vrais joueurs ne vous conviennent pas, vous pouvez également créer votre propre équipe formée de joueurs fictifs issus de votre imagination.
NBA Live 98 (USA)	NBA Live 98 permet aux fans de basket de vivre sur leur Megadrive la saison intégrale du championnat américain de 1998 en compagnie de toutes les équipes et tous les joueurs officiels. Plusieurs niveaux de difficulté et modes de jeu sont proposés. Il est même possible de créer des joueurs et de les intégrer aux équipes professionnelles.
NBA Showdown '94 (USA, Europe)	&quot;NBA Showdown est un jeu de basket-ball sur Megadrive. Retrouvez toutes les équipes officielles de la saison 1993-1994 de la NBA et rejouez la saison entière (82 matchs) pour réécrire l'histoire. Les joueurs les plus connus disposent de mouvements uniques nommés &quot;&quot;signature move&quot;&quot; et il est possible de visionner les ralentis des meilleures actions.&quot;
NCAA Final Four Basketball (USA)	NCAA Final Four Basketball est jeu sortis en 1994 sur Megadrive.
NCAA Football (USA)	NCAA Football est un jeu vidéo de genre Sport, développé par Software Toolworks sur Megadrive et édité par Mindscape.
Nekketsu Koukou Dodgeball-bu - Soccer Hen MD (Japan)	es auteurs de Nekketsu Koukou Dodgeball Bu Soccer PC Hen sont Technos Japan, également auteurs du mythique Double Dragon, on retrouve ici le même type de personnages atrophiés avec une grosse tête, un corps fait d'un bloc et des poings serrés. Le parallèle ne s'arrête pas là : Nekketsu Koukou Dodgeball Bu Soccer PC Hen est mieux décrit comme un jeu de baston où il faut marquer des buts que comme un jeu de foot.
New 3D Golf Simulation - Devil's Course (Japan)	New 3D Golf Simulation: Devil's Course est un jeu de golf par T&E Soft pour le Sega Mega Drive sorti en 1994 uniquement au Japon. Ceci est un port du jeu au même nom de 1992 pour le PC-98. Contrairement aux autres jeux de la série New 3D Golf Simulation, Devil's Course se déroule sur des terrains de golf fictif.
New 3D Golf Simulation - Harukanaru Augusta (Japan)	New 3D Golf Simulation est un jeu de Golf sur Megadrive.
New 3D Golf Simulation - Waialae no Kiseki (Japan)	La mécanique est simple à comprendre avec des options pour sélectionner votre club, votre position, votre direction et un mètre circulaire pour sélectionner la puissance de votre tir. Comme pour de nombreux jeux de golf, cela nécessitera un bon timing. Une fois le niveau de puissance sélectionné, une balle avec un point tracé le long de sa surface s'affiche et une pression sur un bouton sélectionne l'endroit où la balle sera frappée. Il existe certaines personnalisations pour votre personnage, notamment la possibilité de sélectionner un caddie et de nommer votre joueur. Votre nom, ainsi que vos enregistrements et vos progrès, peuvent être sauvegardés via une batterie de secours.
New Horizons (USA)	New Horizons sur Megadrive est la suite d'Uncharted Waters. Ce jeu de rôle vous propose de choisir parmi 6 personnages et donc 6 scénarios différents. Au grès de vos pérégrinations maritimes, vous serez pris entre le commerce et les phases de combats pour défendre vos biens contre les pirates. Le jeu propose une gestion de votre flotte : vous pourrez acheter de nouveaux navires, effectuer des réparations, mais aussi prévoir la nourriture pour votre équipage.
Newman Haas IndyCar Featuring Nigel Mansell (World)	Newman Haas IndyCar featuring Nigel Mansell est un jeu de courses sur Megadrive. Le joueur peut choisir de faire une course simple ou de participer à un tournoi contre douze concurrents dirigés par l'ordinateur. Pas moins de quinze circuits sont disponibles, et il est possible d'opter pour une conduite arcade ou simulation. Un mode deux joueurs permet de s'affronter en écran partagé.
NewZealand Story, The (Japan) (En)	The New Zealand Story sur Megadrive est un jeu de plates-formes. Le joueur contrôle Tiki, un kiwi dont l'objectif est de secourir ses amis kidnappés par un léopard de mer. Chaque niveau achevé permet de sauver l'un des siens. Pour se défendre, le joueur peut user de flèches comme arme de base, puis acquérir des bombes, des lasers, ou encore des boules de feu.
NFL '95 (USA)	NFL '95 a été la réponse de Sega Sports à EA Sports pour sa ligne de jeux de football Madden. Il reprend beaucoup de ses caractéristiques ainsi que les 28 équipes professionnelles avec 1.500 des meilleurs joueurs de la NFL de la saison 1993. Le jeu contient un mode &quot;Exhibition&quot; standard ainsi qu'un mode &quot;Season&quot; où les joueurs peuvent faire des échanges, signer des contrats avec des agents, et stocker des enregistrements pour jusqu'à sept utilisateurs différents et permet de suivre les leaders de la ligue dans treize Catégories.
NFL 98 (USA)	Basé sur la Ligue nationale de football américain, le jeu est la suite du seul jeu vidéo de football sur Sega Saturn, NFL '97. C'est le dernier match de la série originale Joe Montana / NFL de Sega, qui sera remplacé par NFL 2K. Comme les deux précédents jeux de la série NFL (NFL '95 et NFL '97), NFL '98 a été lancé exclusivement pour le marché nord-américain. Ce n'était pas seulement le dernier jeu vidéo de football américain pour la MegaDrive, mais aussi l'un des derniers jeux de sport sortis pour une console 16 bits, qui ont été succédés par des consoles 32 bits comme la Sega Saturn et la PlayStation de Sony. Le jeu utilise un moteur modifié de Prime Time NFL, et introduit Deion Sanders ainsi que les mises à jour des équipes de 96-97.
NFL Football '94 Starring Joe Montana (USA)	NFL Football '94 starring Joe Montana est une simulation de football américain sur Megadrive qui permet de jouer avec le très renommé quarterback Joe Montana. Cette version regroupe les 28 équipes de NFL de l'année 94 ce qui fait un total de plus de 800 joueurs. Un système de passes amélioré et de nouvelles techniques offensives sont les nouveautés apportées par ce jeu.
NFL Quarterback Club (World)	NFL Quarterback Club est un jeu de football américain sur Megadrive. En dirigeant le Quarterback de l'une des équipes du Super Bowl (le championnat américain), le joueur doit faire preuve de bon sens pour mettre à mal les défenses adverses et marquer un maximum de Touchdowns. Tactique, timing et précision sont les clés pour mener votre équipe préférée vers la victoire.
NFL Quarterback Club 96 (USA, Europe)	NFL Quarterback Club 96 est une simulation de football américain sur Megadrive. Toutes les équipes NFL de la saison 1996 sont présentes. Le jeu contient 32 tactiques offensives et 16 défensives. Les différents modes de jeu sont : pré-saison, play-off ou saison complète, dans lequel vous devez battre 18 équipes avant de pouvoir accéder au Super Bowl.
NFL Sports Talk Football '93 Starring Joe Montana (USA, Europe)	NFL Sports Talk '93 starring Joe Montana est un jeu de football américain sur Megadrive. Choisissez parmi les vingt-huit équipes présentes dans le jeu et lancez-vous dans la compétition pour remporter la finale du Super Bowl. Plusieurs vues sont disponibles et il est possible de jouer avec un ami en coopération.
NHK Taiga Drama - Taiheiki (Japan)	NHK Taiga Drame: Taiheiki est un jeu de stratégie de 1991 pour le Sega Mega Drive de Sega lié à l'adaptation de la NHK Taiga Drama de l'épopée japonaise Taiheiki qui a diffusé cette année.
NHL '94 (USA, Europe)	NHL '94 est un jeu de hockey sur glace sur Megadrive. Choisissez votre équipe favorite grâce à la licence officielle de la National Hockey League (saison 1993-1994) et faites-la entrer dans l'histoire. Trois modes de jeu sont disponibles : &quot;Regular Season&quot;, &quot;Playoffs&quot; et &quot;Shootout&quot; qui permet de s'entraîner aux tirs aux buts. De nouvelles animations ont été ajoutées et il est désormais possible de contrôler le gardien pendant le match.
NHL 95 (USA, Europe)	NHL 95 est un jeu de hockey sur glace sur Megadrive. Lancez-vous dans la saison complète et ses quatre-vingt matches pour emmener votre équipe favorite jusqu'à la victoire. Gérez vos joueurs comme vous l'entendez et effectuez des transferts pour améliorer vos statistiques générales. Une option permet de désactiver les pénalités et les blessures.
NHL 96 (USA, Europe)	NHL 96 est un jeu de hockey sur glace sur Megadrive. Cette mouture bénéficie de la technologie &quot;Virtual Stadium&quot; qui offre des effets 3D ainsi que plusieurs angles de caméra. Tous les joueurs officiels sont présents et il est possible de jouer la saison complète avec son équipe favorite. Les matches sont entièrement paramétrables, on peut activer (ou enlever) les fautes, les bagarres et les pénalités.
NHL 97 (USA, Europe)	NHL 97 est un jeu de hockey sur glace sur Megadrive. La technologie &quot;Virtual Stadium&quot;, qui permet un rendu 3D, a été affiné dans cet opus et de nouveaux angles de caméra font leur apparition. Jusqu'à huit joueurs peuvent désormais s'affronter sur la glace grâce à un adaptateur et une option pour créer son propre joueur est également disponible. Retrouvez toutes vos équipes préférés dans NHL 97 et rejouez la saison entière pour réécrire l'histoire.
NHL 98 (USA)	Grâce à NHL 98 sur Megadrive, les fans de hockey peuvent vivre l'intégral de la saison 1998 du championnat en compagnie de toutes les équipes et de tous les joueurs. Plusieurs niveaux de difficulté et modes de jeu sont proposés. Contrairement à ce qu'il se fait dans la plupart des jeux de sport, lorsque l'on parcourt une saison, on ne choisit pas une équipe mais les matches que l'on veut disputer à chaque journée.
NHL All-Star Hockey 95 (USA)	NHL All-Star Hockey 95 est un jeu de hockey sur glace sur Megadrive. Grâce à la licence officielle NHL, retrouvez toutes vos équipes favorites et emmenez votre préférée jusqu'à la victoire en rejouant la saison à votre manière. Endossez le blouson du coach et dirigez votre équipe comme vous l'entendez en effectuant des transferts de joueurs ou en décidant des remplacements pendant le match.
NHL Hockey (USA)	Grâce à la licence officielle NHL, le titre propose vingt-quatre équipes et plus de 500 joueurs avec leurs statistiques. Il est possible de concourir dans le mode League mais également de créer son propre tournoi. Un mode ralenti permet aussi de se repasser ses meilleures actions.
NHLPA Hockey (USA) (Proto) (HeartBeat Catalyst)	NHLPA Hockey 93 est un jeu de hockey sur glace sur Megadrive. Bénéficiant de la licence NHLPA (qui permet d'avoir les vrais noms des joueurs) le jeu vous propose de retrouver votre sportif favori et de l'emmener jusqu'à la victoire dans deux modes de jeu : Regular Season et Playoff. Une meilleure intelligence artificielle des gardiens ainsi que des statistiques détaillées sont quelques-unes des nouveautés de cet opus.
NHLPA Hockey 93 (USA, Europe)	NHLPA Hockey 93 est un jeu de hockey sur glace sur Megadrive. Bénéficiant de la licence NHLPA (qui permet d'avoir les vrais noms des joueurs) le jeu vous propose de retrouver votre sportif favori et de l'emmener jusqu'à la victoire dans deux modes de jeu : Regular Season et Playoff. Une meilleure intelligence artificielle des gardiens ainsi que des statistiques détaillées sont quelques-unes des nouveautés de cet opus.
Nigel Mansell's World Championship Racing (USA)	Nigel Mansell's World Championship sur Megadrive reprend l'intégralité de la saison 1992 de Formule 1, année où Nigel Mansell fut sacré champion du monde. Au volant de la voiture du Britannique, vous disputez le championnat aux côtés des onze autres pilotes, qui ont tous les noms réels de la saison 92 comme Alesi ou Schumacher. A chaque grand prix, on peut régler les ailerons et la transmission de vitesse de la voiture et même choisir ses pneus.
Nightmare Circus (Brazil) (En)	Nightmare Circus est un mélange de Jeu de plateforme et de Beat them all: un indien pratiquant les arts martiaux se promène dans un cirque maudit et affronte les truands, les fantômes, les esprits, les démons et les monstres qui l'attaquent en permanence. Ce jeu est connu pour sa difficulté hors normes: les ennemis sont légion, le joueur n'a qu'une vie et doit se passer de mots de passe, de continues ou d'items pour regagner de la vie.
Nikkan Sports Pro Yakyuu VAN (Japan)	Sports Talk Baseball est, comme son nom l'indique, un jeu de base-ball sur Megadrive. Choisissez votre équipe parmi la sélection de 1991 et lancez-vous dans la compétition en compagnie de Ruben Sierra, Cecil Fielder, Ken Griffey Jr. ou Cal Ripkin Jr.
Ninja Burai Densetsu (Japan)	Ninja Burai Densetsu est un jeu de stratégie 1991 par Sega pour le Sega Mega Drive publié exclusivement au Japon. Le jeu se joue de manière similaire à d'autres jeux de stratégie tels que les jeux Daisenryaku de SystemSoft et les jeux Shining de Sega. Vous contrôlez une équipe de ninjas qui combattent une autre équipe. C sélectionne un ninja / confirme une action. B annule une action, ou si aucune action n'est en cours, sélectionne le ninja suivant. A ouvre le menu de bataille, qui vous permet de terminer votre tour. Les batailles sont entièrement automatiques. Une des particularités de Ninja Burai Densetsu est son side-scrolling sur certains niveaux : si vous déplacez un ninja sur un espace spécial, ils iront dans une ville où ils peuvent obtenir divers articles utiles de townsfolk.
Ninja Gaiden (Japan) (En) (Proto)	Ninja Gaiden est un jeu d'action sorti sur Megadrive. Vous êtes Ryu, un ninja moderne, et vous devez partir en Amérique pour découvrir qui a tué votre père. Vos recherches vous conduiront dans un scénario surnaturel.
No Escape (USA)	Dans No Escape sur Megadrive, vous incarnez Robbins, un ancien militaire condamné à aller sur Absolom, une île réservée aux criminels. Robbins doit trouver un moyen de sortir de cette île, tout en éliminant les criminels se dressant sur son passage. Plusieurs boutiques permettent d'acheter des armes et des objets utiles pour réussir cette quête.
Nobunaga no Yabou - Bushou Fuuunroku (Japan)	Jeu de stratégie très populaire au japon. Le jeu fait partie de la série Nobunaga's Ambition.
Nobunaga no Yabou - Haouden (Japan)	Jeu de stratégie très populaire au japon. Le jeu fait partie de la série Nobunaga's Ambition.
Nobunaga's Ambition (USA)	Au XVIe siècle, la période Sengoku du Japon a divisé la nation en de nombreux États féodaux, chacun dirigé par un daimyo. Nombreux étaient ceux qui rêvaient de conquérir le pays, de devenir Shogun et de régner sur tout le pays. L'un de ces daimyos était l'ambitieux Nobunaga Oda, un souverain sans pitié et un stratège renommé. Les joueurs prennent le rôle de Nobunaga Oda ou de l'un des nombreux autres daimyos pour tenter de conquérir le Japon. Nobunaga's Ambition est un jeu de stratégie au tour par tour qui peut être joué dans différents modes. Les joueurs commencent par sélectionner un scénario de 17 régions ou un scénario plus large de 50 régions. Ensuite, le joueur doit choisir un daimyo, dont les attributs sont évalués dans plusieurs catégories : âge, santé, ambition, chance, charme et QI. Au fur et à mesure de la progression du jeu, ces valeurs changent en fonction des événements du jeu.
Normy's Beach Babe-O-Rama (USA, Europe)	Normy's Beach Babe-O-Rama est un jeu de plates-formes sur Megadrive. Tout allait pour le mieux pour Normy lorsqu'un vaisseau extraterrestre débarqua pour kidnapper toutes les jolies filles de la plage ! C'est en traversant vingt-neuf niveaux aux environnements variés, que Normy retrouvera le responsable de toute cette histoire.
Nyuushi Chokuzen Check - Nanmon Kimon Kiki Kaikai (Japan) (Sega Channel)	Nyuushi Chokuzen Check Nanmon Kimon Kiki Kaikai est un jeu vidéo sorti exclusivement au japon pour le service en ligne Sega Channel. Ce jeu de quiz semble avoir été créé pour tester des étudiants bachoteurs afin de les aider à réussir leurs examens.
Olympic Gold (Japan, USA) (En,Fr,De,Es,It,Nl,Pt,Sv)	Olympic Gold : Barcelona '92 sur Megadrive est le jeu officiel des 25èmes olympiades qui se sont tenues à Barcelone en 1992. Vous pourrez concourir dans sept disciplines telles que : 100m, lancer de marteau, saut à la perche, plongeon, 200m nage libre, tir à l'arc et enfin le 110m haies. Vous devrez marteler le plus rapidement possible les boutons de votre pauvre manette pour réaliser de bonnes performances.
Olympic Summer Games (USA)	Olympic Summer Games : Atlanta 96 est un jeu de sport sur Megadrive. Le titre vous propose de vous exercer aux nombreuses épreuves olympiques des Jeux d'été d'Atlanta de 1996. Athlétisme, natation, tir... différents modes de jeu vous attendent afin de voir si vous avez vos chances de décrocher l'or olympique.
Ooze, The (Japan, USA) (En)	The Ooze est un jeu d'action sur Megadrive. Le méchant directeur de votre entreprise vous a transformé en une flaque radioactive. . Vous n'avez pas le choix, il vous fait désormais vous infiltrer à travers différents niveaux pour retrouver votre forme humaine et sauver le monde.
Operation Europe - Path to Victory 1939-45 (USA)	Operation Europe est un jeu de strategie sur Megadrive. Commandant les forces de l'Axe ou des Alliés, vous devez remplir des objectifs (capturer ou défendre des villes stratégiques) dans un temps imparti dans l'un des 6 scénarios proposés (de l'invasion de la France à la reprise de Berlin par les Russes). Avant chaque début de partie, on choisit des gradés (avec les noms authentiques, comme Montgomery, De Gaulle, Rommel,?) pour préparer votre « équipe » de 7 généraux : le commandant des armées (vous), le chef des opérations, le chef des Renseignement et des généraux de division.
Osomatsu-kun Hachamecha Gekijou (Japan)	Osomatsu-kun: Hachamecha Gekij? est un jeu vidéo de plates-formes sorti en 1988 sur Mega Drive. Le jeu a été développé et édité par Sega. Le jeu est basé sur le manga Osomatsu-kun.
Ottifants, The (Europe) (En,Fr,De,Es,It)	Disponible sur Megadrive, The Ottifants est un jeu de plates-formes dans lequel vous incarnez Bruno, un drôle de pachyderme en couche-culotte. Vous devez traverser des endroits dangereux pour un jeune bambin tels qu'une chambre à coucher, des égouts ou encore un chantier. Pensez à ramasser les objets qui vous permettent de lancer des projectiles contre vos ennemis.
Out of This World (USA)	Another World sur Megadrive est un jeu d'action-aventure qui démarre lorsque la foudre s'abat sur le laboratoire de Lester Chaykin qui procède à des expériences. L'explosion projettera le jeune scientifique dans un monde parallèle particulièrement hostile. Rapidement emprisonné par une espèce humanoïde, Lester fait la rencontre d'un compagnon de fortune.
Outback Joey (USA) (HeartBeat Catalyst)	Joey, un kangourou, vit avec sa famille dans le nord de l'Australie. Leur vie paisible est interrompue par l'invasion d'un groupe de braconniers qui emportent plusieurs membres de sa famille, alors Joey entreprend un voyage pour les ramener. Outback Joey est le seul jeu sorti pour &quot;HeartBeat Personal Trainer&quot;, un système de fitness basé sur Sega Genesis. À l'aide d'un capteur de pouls et de manettes de contrôle de jeu montées sur un vélo d'exercice, un monte-escalier, un tapis roulant ou une machine à skis, les joueurs doivent s'entraîner tout en jouant à un jeu de plateforme 2D autrement traditionnel. Le rythme cardiaque du joueur est directement lié à la vitesse du personnage du joueur dans le jeu, avec un rythme cardiaque sain lui permettant de se déplacer plus rapidement et un rythme cardiaque au repos le ralentissant jusqu'à un dur labeur. Les joueurs peuvent créer un profil avec leur nom, leur âge et leur sexe, et leurs données de santé sont suivies de manière persistante au fil du temps pour leur permettre de suivre leurs progrès.
Outlander (USA)	Outlander sur Megadrive est un jeu de courses disposant d'une bonne dose d'action. Votre but est de conduire votre voiture tout en essayant de survivre face aux hordes de motards qui veulent votre peau. Heureusement votre bécane est équipée d'une mitraillette et vous pouvez tirer au fusil à pompe par la fenêtre quand les ennemis se rapprochent un peu trop. Certaines phases se déroulent à pied et il faut se débarrasser de ses adversaires à mains nues ou à l'aide d'un pistolet.
OutRun (USA, Europe)	OutRun sur Megadrive est l'adaptation de la célébrissime version arcade. Vous êtes au volant d'une rutilante Ferrari Testarossa, avec à vos côtés une jolie blonde que vous tenterez d'épater grâce à vos talents de pilote.
OutRun 2019 (USA)	OutRun 2019 est un jeu de courses futuristes sur Megadrive. Les bolides peuvent atteindre la vitesse impressionnante de 700 km/h sur plusieurs circuits aux tracés sinueux. Chaque parcours est divisé en section et votre but est de terminer chacune d'elles dans le temps imparti pour passer à la suivante. D'autres voitures sont également présentes sur la piste et il faudra les éviter avec soin.
OutRunners (USA)	OutRunners est un jeu de courses sur Megadrive. La compétition tient une place essentielle dans ce titre qui vous propulse au volant de la voiture de votre choix (parmi huit bolides aux caractéristiques différentes) pour participer à un tournoi mondial de pilotage. A la fin de chaque circuit vous pouvez choisir où vous irez concourir à la manche suivante. Un mode deux joueurs en écran séparé permet d'affronter un ami.
Outworld 2375 A.D. (USA) (HeartBeat Catalyst)	Conçu pour être utilisé avec le Heartbeat Catalyst, un capteur de fitness portable connecté à la console, ce jeu surveillait la fréquence cardiaque du joueur et réagissait en fonction de celle-ci. Jamais achevé ni commercialisé officiellement, le jeu semble avoir connu une production limitée, et quelques exemplaires se trouvent aujourd'hui entre les mains de collectionneurs. Récemment, la Video Game History Foundation a fait l'acquisition d'un exemplaire.
P-47 II MD (USA, Europe)	Combattez sur les fronts européens et pacifiques durant la Seconde Guerre mondiale et prenez les commandes du P-47 Thunderbolt des forces aériennes de l'armée américaine ! Luttez pour détruire le prototype de bombardier super-lourd japonais, le FUGAKU. Grâce à un défilement multi-niveaux époustouflant, parcourez des niveaux magnifiquement réalisés, incluant des paysages européens pittoresques, des mers de nuages ​​en haute altitude et de vastes océans. Affrontez des boss emblématiques, tels que le cuirassé YAMATO et le porte-avions AKAGI !
P.T.O. - Pacific Theater of Operations (USA)	P.T.O. est une autre simulation militaire de KOEI. Dans ce jeu, vous pouvez choisir d'incarner le Japon ou les Alliés. En gérant vos flottes et en commandant de nouveaux navires de guerre, vous pouvez contrôler de nombreux aspects différents du conflit. (développement des navires, défense de la base, arrangement de la flotte, contrôle direct de la bataille, décisions économiques) Il existe de nombreuses options de jeu dans PTO, vous pouvez choisir de jouer à partir d'une des nombreuses batailles célèbres ou vous pouvez jouer la campagne. Vous pouvez contrôler un camp ou les deux.
Pac-Attack (USA)	Pac-Panic est un jeu à la Tetris sur Megadrive reprenant le personnage Pac-Man. Des blocs de différentes formes descendent, composés de morceaux de ligne unicolores, de fantômes et du fameux Pac-Man. Le but étant de faire des lignes avec les morceaux, tout en dévorant avec Pac-Man les fantômes qui font obstacle. Un mode Versus permet d'affronter l'ordinateur ou un autre joueur.
Pac-Man 2 - The New Adventures (USA)	Pac-Man 2 : The New Adventures se différencie très largement des précédents jeux Pac-Man en devenant un jeu de réflexion sur Megadrive. Pac-Man se déplace seul et à l'aide d'un lance-pierre, vous devez lui indiquer les endroits où aller et les objets à prendre. Si l'aventure commence paisiblement dans la maison de la famille de Pac-Man, vous devrez par la suite l'aider à éliminer la sorcière de Netor qui veut contrôler le monde.
Pac-Mania (USA, Europe)	Pac-Mania est un jeu d'action sur Megadrive. Disposant d'une nouvelle vue isométrique, cet épisode de la série des Pac-Man vous propose toujours de guider le petit personnage à travers des puzzles variés tout en dévorant les boules jaunes. Il vaut éviter les fantômes qui vous pourchassent à moins d'avoir avalé un bonus qui vous permet de les manger. Au rang des nouveautés, Pac-Man et les fantômes peuvent désormais sauter.
Pachinko Kuunyan (Japan)	Yokohama Pachi-Pachi Chinatown est une île où tout le monde aime Pachinko. Un jour, un mystérieux panda maléfique décide de la voler pour en faire son île personnelle et empêcher d'en partir quiconque y pénètre. Chen, un homme qui aime Pachinko, se rend un jour dans les célèbres salons de Yokohama ... il n'en revint jamais. Heureusement,la fille de Chen, Ren, part à la recherche de son père le jour de ses dix-huit ans. Pachinko Kuunyan est un RPG pachinko tout comme la série Pachio-kun. Le joueur contrôle Ren comme dans un jeu de rôle classique, mais plutôt que de combattre, elle peut entrer dans les salles Pachinko et faire fonctionner des machines. Chacune des cinq villes a plusieurs salles Pachinko, et Ren doit vider un certain nombre de machines avant de pouvoir passer à la ville suivante. Si elle manque de balles, le jeu se termine.
Paddle Fighter (Japan) (Sega Game Toshokan)	Paddle Fighter est jeu de sport sur Megadrive.
Pagemaster, The (USA)	The Pagemaster est un jeu de plates-formes inspiré du film Richard au pays des livres magiques avec Macaulay Culkin. Il faut guider son personnage à travers plusieurs niveaux répartis selon des thèmes de livres. Ainsi, le joueur se baladera aussi bien dans un univers d'épouvante, que de fantaisie. Il est possible d'utiliser la magie et d'écraser ses ennemis en leur sautant dessus grâce à des chaussures enchantées.
Panorama Cotton (USA) (Strictly Limited Games)	Le royaume des fées est depuis longtemps menacé par la sorcière maléfique Laine, chef de la Vague Sombre. Coton est le seul capable de la vaincre. Il accepte à une condition : obtenir des branches de saule en récompense, car le saule est son fruit préféré. Finalement, après avoir vaincu Laine, Coton réalise qu'il a été empoisonné et jure vengeance. Accompagné de Soie, il se lance à la poursuite de ce mystérieux ennemi.
Paperboy (USA, Europe)	Paperboy sur Megadrive est l'adaptation du succès arcade du même nom. Vous incarnez un jeune livreur de journaux à vélo et devez effectuer votre tâche le plus rapidement possible. Prenez garde tout de même aux divers obstacles, à savoir les automobilistes, chiens, skaters et autres trous dans la chaussée.
Paperboy 2 (USA, Europe)	Reprenant le concept du premier épisode, Paperboy 2 vous emmène livrer les journaux sur Megadrive. Vous avez le choix entre Paperboy et Papergirl pour enjamber votre vélo et distribuer les journaux à travers la ville. Attention cependant à les donner aux bonnes personnes et à éviter les obstacles comme les chiens ou les voitures. Il est d'ailleurs possible d'inverser les rôles et de poser des pièges sur la chaussée pour empêcher l'autre joueur de faire son travail.
Party Quiz Mega Q (Japan)	Party Quiz Mega Q est un jeu de questions pour la Sega MegaDrive sorti exclusivement au Japon en 1993. Le jeu se présente comme un jeu où vous répondez à des questions pour gagner des points. Chacun des quatre boutons (A, B, C et n'importe quel bouton du D-pad) correspond à une réponse. Appuyez simplement sur un bouton pour faire votre choix. En cas de réponse erronée vous perdez des points.
Pat Riley Basketball (USA)	Super Real Basketball est un jeu de sport sur Megadrive proposant 8 équipes représentant les grandes villes des Etats-Unis. Vous avez le choix entre des matchs d'exhibition ou des tournois, avec un mode 2 joueurs et 3 niveaux de difficulté.
Pebble Beach Golf Links (USA)	True Golf Classics : Pebble Beach Golf Links est comme son nom l'indique un jeu de golf sur Megadrive. Choisissez votre caddie et lancez-vous sur l'un des plus célèbres parcours du monde. Le Pebble Beach et son fameux parcours au bord d'une plage vous attend avec ses 18 trous qui demandent à la fois force et précision. Le joueur emmènera son golfeur jusqu'à la victoire en appuyant au bon moment sur les différentes jauges.
Pedreiro Polar (Brazil) (Super Mega Drive 3)	Vous êtes un constructeur d'igloos et vous devez les préparer avec les blocs de neige. Le problème est qu'il est nécessaire de traverser la rivière gelée en transportant qu'un bloc à la fois jusqu'à l'igloo. Veillez à ne pas tomber dans la rivière et à perdre une vie. Il faut également éviter d'autres dangers, tels que les boules de neige et les pingouins.
Pele II - World Tournament Soccer (USA, Europe)	Pele II - World Tournament Soccer est un jeu de foot sur Megadrive.
Pele! (USA, Europe)	Pele I - World Tournament Soccer est un jeu de foot sur Megadrive.
Pense Bem (Brazil) (Mega Drive 4)	Jeu de questions et réponses. Outre la Mega Drive (publié dans la mémoire de certaines consoles produites par Tectoy), le jeu est également sorti pour Master System (également dans la mémoire de certains modèles de consoles produites par Tectoy). Il n'a jamais été publié sur un support physique.
Pepenga Pengo (Japan) (En)	Pengo sur Megadrive est une sorte de Bomberman-like mais au lieu de balancer de bombes on crée des blocs de glaces avec notre Pingouin que l'on envoie sur nos adversaires . Divers bonus et malus sont de la partie avec un mode multijoueur addictif et le tout ça dans une réalisation graphique qui tient la route et une bonne ambiance sonore . Tres recommandable mais malheureusement il n'est jamais sortis en europe. A noter qu'il y a la version arcade de 1982 proposé en bonus.
Pete Sampras Tennis (USA, Europe) (MDST6636) (J-Cart)	Pete Sampras Tennis sur Megadrive vous permet de jouer en simple et en double dans des matches classiques ou en circuit ATP. Vous pouvez choisir d'incarner Pete Sampras ou bien l'un des vingt-neuf autres joueurs et joueuses fictifs. Le jeu à plusieurs est possible grâce aux adaptateurs intégrés à même la cartouche.
PGA European Tour (USA, Europe)	PGA European Tour est un jeu de golf sur Megadrive. Cinq parcours, répartis dans toute l'Europe, sont disponibles et pas moins de soixante golfeurs professionnels peuvent être sélectionnés. La jouabilité repose toujours sur un système de &quot;trois clics&quot; où le timing est essentiel pour ne pas finir dans le bunker.
PGA Tour 96 (USA, Europe)	PGA Tour 96 est un jeu de golf sur Megadrive. Le joueur peut choisir parmi dix joueurs pros de la PGA (Professional Golfers' Association) dont les swings ont été reproduits. Trois parcours complets de dix-huit trous sont disponibles et plusieurs modes de jeu s'offrent au joueur, dont un mode Tournoi. Un mode Entraînement répond également présent pour parfaire son drive.
PGA Tour Golf (USA, Europe)	PGA Tour Golf sur Megadrive est un classique parmi les jeux de golf de l'époque. Le système de frappe en trois temps (démarrer, puissance et effet) vous offre une palette de coups très variés. Dans le mode Tournoi, vous serez opposé à soixante adversaires, représentant les meilleurs golfeurs US de l'époque.
PGA Tour Golf II (USA) (HeartBeat Catalyst)	PGA Tour Golf II est un jeu de golf sur Megadrive. Par rapport à l'opus précédent, cette mouture ajoute dix joueurs professionnels pour arriver à un total de soixante. La physique de la balle à également subi plusieurs améliorations et les statistiques des joueurs ont été mises à jour. Pas moins de cinq tournois différents vous attendent sur sept parcours complets. La jouabilité repose toujours sur une jauge et un timing en trois temps pour doser à la fois la puissance et la précision.
PGA Tour Golf II (USA, Europe)	PGA Tour Golf II est un jeu de golf sur Megadrive. Par rapport à l'opus précédent, cette mouture ajoute dix joueurs professionnels pour arriver à un total de soixante. La physique de la balle à également subi plusieurs améliorations et les statistiques des joueurs ont été mises à jour. Pas moins de cinq tournois différents vous attendent sur sept parcours complets. La jouabilité repose toujours sur une jauge et un timing en trois temps pour doser à la fois la puissance et la précision.
PGA Tour Golf III (USA, Europe)	PGA Tour Golf III est un jeu de golf sur Megadrive. Huit parcours complets vous attendent et plus de soixante joueurs pro du circuit US sont présents. La jouabilité repose toujours sur un système en trois temps (commencer le swing, jauger la force et jauger la précision) au timing précis. Vous pouvez changer de club à tout moment en fonction de la situation et un mode entraînement permet d'arpenter le green sans la moindre pression extérieure.
Phantasy Star Fukkokuban (Japan)	Phantasy Star est le premier opus de la célèbre saga de jeux vidéo de rôle du même nom, créée par SEGA. Il a été initialement été développé pour la Master System, et sorti au Japon le 20 décembre 1987, puis aux États-Unis et en Europe en 1988. En 1994, Sega a publié une version pour Sega MegaDrive, Phantasy Star Fukkokuban. Ce fut l'une des premières cartouches à inclure de la RAM. Il avait aussi des graphismes incroyables (pour son époque), permettant d'explorer des zones à la première personne. En outre, il s'agit d'un des premiers jeux vidéo où le protagoniste est une femme.
Phantasy Star II (USA, Europe)	Phantasy Star II sur Megadrive est un jeu de rôle dont les combats se déroulent au tour par tour. Accompagné de 3 autres soldats, le héros Rolf Landale se voit assigner une nouvelle mission par le chef du gouvernement de la planète Mota. Il doit enquêter sur Mother Brain, le super ordinateur construit pour tout diriger mais qui semble justement échapper à tout contrôle.
Phantasy Star II - Amia's Adventure (Japan) (Sega Game Toshokan)	Phantasy Star II: Text Adventure est une série de huit jeux vidéo mêlant rôle et aventure sortis en 1990 uniquement au Japon sur Mega Drive via son modem le Sega Meganet. Ces 8 jeux étaient donc disponibles via téléchargement et ne sont pas sortis du territoire japonais. Ils sont également très peu connus du grand public. Ces fictions mettent en scène les principaux personnages de Phantasy Star II. L'arrivée massive des bio-monstres a été rapidement suivie par une nouvelle classe de guerriers. Appelé les Hunters, ils se consacrent à la protection de la population sur la planète Motavia. Anna (son nom sur les versions américaine et européenne), cependant, est un hunter d'un genre différent. Elle ne chasse pas les bio-monstres, mais les hunters, qui sont devenus pour la plupart, une menace pire que les monstres.
Phantasy Star II - Anne's Adventure (Japan) (Sega Game Toshokan)	Phantasy Star II Text Adventures était une série de huit jeux vidéo textuels d'aventure disponibles pour les utilisateurs de Sega Meganet, un modem pour le Sega Mega Drive au Japon, et plus tard publiée dans le cadre de deux compilations sur le Sega Mega-CD. Chacun des jeux a lieu peu de temps avant Phantasy Star II, en documentant le background de ses personnages, et en expliquant ce qui les amène à la ville Paseo où ils finissent par faire équipe pour enquêter sur les troubles omniprésents du système solaire Algol. Anne's adventure: Ce chapitre présente Anne, Amy sur les versions européenne et américaine. Elle vient de terminer son stage à l'hôpital de River Town et est devenu un véritable médecin. D'une nature très calme, elle se consacre à aider tous ceux qui ont besoin de son aide médicale. Son chapitre a lieu au printemps de l'année interstellaire 1284, peu de temps avant les événements de Phantasy Star II. Son histoire nous donne une idée sur la raison qui a poussé ce personnage à devenir un médecin et ce qui l'a fait décider à venir en aide aux victimes des bio-monstres.
Phantasy Star II - Huey's Adventure (Japan) (Sega Game Toshokan)	Le jeu a lieu au cours de l'été AW 1284, peu avant les événements de Phantasy Star II. Hugh Thompson ( ou Huey Reane)) est un chercheur en biologie à l'Université Motavia. Il a été invité par le président de l'Université à enquêter sur un incident impliquant une créature végétale écoénergétique qui erre sur le campus, se nourrissant de l'électricité et augmentant de taille de façon constante. Après que la créature soit propagée dans le réacteur du collège, menaçant de priver toute la ville de Kvarts de son électricité, Hugh s'efforce de l'arrêter. Cette aventure conduit finalement Hugh à adapter sa connaissance de l'anatomie des biomonsters au combat, à l'aide de Rolf de Phantasy Star II.
Phantasy Star II - Kinds's Adventure (Japan) (Sega Game Toshokan)	Phantasy Star II Text Adventures était une série de huit jeux vidéo textuels d'aventure disponibles pour les utilisateurs de Sega Meganet, un modem pour le Sega Mega Drive au Japon, et plus tard publiée dans le cadre de deux compilations sur le Sega Mega-CD. Chacun des jeux a lieu peu de temps avant Phantasy Star II, en documentant le background de ses personnages, et en expliquant ce qui les amène à la ville Paseo où ils finissent par faire équipe pour enquêter sur les troubles omniprésents du système solaire Algol. Kinds's Adventure : Ce chapitre présente Kind, Josh sur les versions américaine et européenne. Âgé de 18 ans, cet ingénieur en herbe a toujours aimé les machines et connait parfaitement bien le mode de fonctionnement des robots. Il a construit de nombreux petits appareils et sait pirater les ordinateurs. Toutefois, étant tête en l'air, il détruit souvent les choses, mais essaye malgré tout de les réparer. Finalement, après avoir été un &quot;réparateur&quot; peu doué, il décida plutôt de mettre son talent à la destruction des machines pour faire le bien. Il commença à se joindre à une bande de rebelles dans le but de détruire Mother Brain, le grand cerveau électronique du système solaire d'Algol. Et finalement, il finit par faire équipe avec Rolf dans Phantasy Star II.
Phantasy Star II - Nei's Adventure (Japan) (Sega Game Toshokan)	Phantasy Star II Text Adventures était une série de huit jeux vidéo textuels d'aventure disponibles pour les utilisateurs de Sega Meganet, un modem pour le Sega Mega Drive au Japon, et plus tard publiée dans le cadre de deux compilations sur le Sega Mega-CD. Chacun des jeux a lieu peu de temps avant Phantasy Star II, en documentant le background de ses personnages, et en expliquant ce qui les amène à la ville Paseo où ils finissent par faire équipe pour enquêter sur les troubles omniprésents du système solaire Algol. Nei's Adventure: Ce chapitre présente Nei - un Numan créé à travers une expérience pour élever des humains avec des monstres bioniques. Après son évasion de Neifirst, elle est sauvée par Rolf et adoptée comme sa petite s?ur.
Phantasy Star II - Rudger's Adventure (Japan) (Sega Game Toshokan)	Phantasy Star II Text Adventures était une série de huit jeux vidéo textuels d'aventure disponibles pour les utilisateurs de Sega Meganet, un modem pour le Sega Mega Drive au Japon, et plus tard publiée dans le cadre de deux compilations sur le Sega Mega-CD. Chacun des jeux a lieu peu de temps avant Phantasy Star II, en documentant le background de ses personnages, et en expliquant ce qui les amène à la ville Paseo où ils finissent par faire équipe pour enquêter sur les troubles omniprésents du système solaire Algol. Rudger's Adventure: Ce chapitre présente Rudolf &quot;Rudo&quot; Steiner, qui après la perte de sa femme et son enfant par une attaque de monstre bionique, devient un chasseur dédié à leur extermination.
Phantasy Star II - Shilka's Adventure (Japan) (Sega Game Toshokan)	Phantasy Star II Text Adventures était une série de huit jeux vidéo textuels d'aventure disponibles pour les utilisateurs de Sega Meganet, un modem pour le Sega Mega Drive au Japon, et plus tard publiée dans le cadre de deux compilations sur le Sega Mega-CD. Chacun des jeux a lieu peu de temps avant Phantasy Star II, en documentant le background de ses personnages, et en expliquant ce qui les amène à la ville Paseo où ils finissent par faire équipe pour enquêter sur les troubles omniprésents du système solaire Algol. Shilka's Adventure: Shilka ou Shir sur les versions américaine et européenne. Elle est l'unique héritière d'une riche famille à Paseo, la capitale de la planète Motavia. Au lieu de passer son temps à rien faire et pour remédier à la monotonie de la vie quotidienne, elle est devenue une voleuse experte. Elle aime prendre l'air, la fraîcheur de la brise de nuit et se repose souvent sur les toits. On la surnomme « Shir of the Wind ». Son aventure a lieu en automne de l'année interstellaire 1282, environ deux ans avant les événements qui se déroulent dans Phantasy Star II. Elle envisage de voler un tableau intitulé « Opa-Opa », qui est exposée dans un hôtel d'exposition.
Phantasy Star II - Yushis's Adventure (Japan) (Sega Game Toshokan)	Phantasy Star II: Text Adventure est une série de huit jeux vidéo mêlant rôle et aventure sortis en 1990 uniquement au Japon sur Mega Drive via son modem le Sega Meganet. Ces 8 jeux étaient donc disponibles via téléchargement et ne sont pas sortis du territoire japonais. Ils sont également très peu connus du grand public. Ces fictions mettent en scène les principaux personnages de Phantasy Star II. Yushis's Adventure : Il se nomme Rolf sur les versions américaine et européenne. Il est un agent du gouvernement de la capitale de la planète Motavia, Paseo. Il est le personnage principal de Phantasy Star II. En mission, il secoure une jeune newman : Nei.
Phantasy Star III - Generations of Doom (USA, Europe, Korea) (En)	Phantasy Star III : Generations of Doom est un jeu de rôle sur Megadrive. Alors qu'une grande guerre déchira les royaumes d'Orakio et de Laya, 1000 ans plus tard, Rhys, le jeune prince d'Orakio choisit une magnifique Laya pour épouse. Pendant la cérémonie, d'étranges créatures kidnappent la princesse et Rhys part aussitôt à l'aventure pour la retrouver. Le prince évolue dans un univers médiéval, différent du reste de la série et les combats sont à régler au tour par tour.
Phantasy Star IV (USA)	Dans le jeu de rôle Phantasy Star IV : The End Of The Millennium sur Megadrive, vous dirigez Chaz, un jeune mercenaire appartenant à la guilde d'Aiedo. Alors que Dark Force, une entité maléfique, ressurgit des ténèbres grâce au mage noir Zio, vous avez été choisi pour rassembler une équipe et mettre un terme à cette menace une bonne fois pour toute. Votre route sera parsemée de nombreux combats à régler au tour par tour.
Phantom 2040 (USA)	Phantom 2040 est l'adaptation sur Megadrive de la série d'animation éponyme, inspirée du comics The Phantom créé par Lee Falk. Lorsque Kit Walker Jr. apprend qu'il est le 24ème descendant d'une lignée de justiciers appelés Fantômes, il décide de poursuivre les efforts de ses ancêtres en combattant le crime qui a envahi Metropia. Le héros n'a pas de pouvoir extraordinaire mais est habile, robuste et fin tireur. Il se sert également d'une corde pour se déplacer et fouetter les ennemis.
Phelios (World) (Evercade)	Phelios est un shoot'em up sur Megadrive se déroule en pleine mythologie grecque. Vous incarnez Apollo et vous devez secourir la belle Artémis, prisonnière du démon Typhon. Le but est d'avancer dans les sept niveaux du jeu en tirant sur tout ce qui bouge et en prenant soin de ramasser les nombreux bonus que certains ennemis laissent derrière eux.
Pink Goes to Hollywood (USA, Europe)	Pink Goes to Hollywood est l'adaptation sur Megadrive du personnage la Panthère Rose créé dans les années 60. Vous contrôlez la panthère qui part pour Hollywood en espérant décrocher un grand rôle. L'animal aura l'occasion d'incarner Robin des bois ou Frankenstein mais devra se méfier de l'inspecteur Clouseau. Des objets comme la boule de bowling ou des marteaux lui permettront de se défendre.
Pinocchio (USA)	Pinocchio est l'adaptation sur Megadrive du film de Disney de 1940. Vous dirigez la petite marionnette et revivez l'histoire du film, en parcourant les différents niveaux avec l'aide de Jiminy Cricket. Attention cependant à ne pas mentir ou faire des bêtises, sous peine de se voir changé en âne ou de voir votre nez s'allonger.
Pirates of Dark Water, The (USA)	The Pirates of Dark Water sur Megadrive est un jeu d'action/plates-formes tiré de l'univers du dessin animé du même nom. Le Roi Primus confie à son fils, Ren, la tâche de retrouver un trésor perdu pour arrêter son ennemi : Dark Water. A l'aide de ses compagnons, Ren devra retrouver son chemin à travers les niveaux tout en se débarrassant de ses ennemis.
Pirates! Gold (USA)	Sid Meier's Pirates! Gold sur Mega Drive est le remake du jeu éponyme sorti en 1987 qui vous proposait de vivre la vraie vie d'un pirate dans les Caraïbes. Votre but sera de prendre votre retraite avec le plus d'argent et de terres possible. Pour atteindre votre objectif, vous devrez piller des villes, attaquer des navires ennemis, etc... Vous pouvez aussi choisir votre époque, nationalité, difficulté ainsi que votre capacité spéciale.
Pit-Fighter (World) (En,Ja)	Pit-Fighter est un jeu de combat à la troisième personne qui propose des graphismes numérisés de vrais combattants ainsi que des effets de zoom. Les joueurs sélectionnent l'un des trois combattants (Buzz, Ty ou Kato) pour affronter quiconque osera les défier. À la fin de chaque match, les joueurs reçoivent individuellement un bonus Knockout, un bonus Brutality et un Fight Purse. Chaque troisième match est un &quot;match de rancune&quot; où les joueurs testent les compétences les uns des autres. Le vainqueur est le dernier homme debout de ce match à trois rounds.
Pitfall - The Mayan Adventure (USA)	Pitfall : The Mayan Adventure sur Megadrive est un jeu de plates-formes. Le joueur incarne Pitfall Harry, un explorateur qui doit évoluer dans la jungle en évitant toutes sortes d'obstacles tels que sables mouvants, serpents, tapirs, singes, jaguars, etc. Il peut éviter les trous, sauter par-dessus les obstacles, rebondir sur les toiles d'araignées, se balancer de liane en liane et attraper d'autres lianes élastiques qui lui permettent de monter verticalement.
Planet Message Quiz (Japan) (Sega Channel)	Planet Message Quiz est un jeu distribué sur Sega Mega Drive exclusivement par le biais du service Sega Channel au Japon, mais il n'a jamais été publié sur support physique. Une copie de la ROM a été découverte et rendue publique en 2017.
Pocahontas (USA)	Pocahontas sur Megadrive est un jeu de plates-formes basé sur le film de Walt Disney. Le joueur incarne Pocahontas, accompagnée de son ami Meeko, qui doit tout faire pour sauver les animaux en danger. Bénéficiant du pouvoir de &quot;l'esprit des animaux&quot;, l'indienne devra empêcher la guerre entre son peuple et les hommes de John Smith en parcourant plusieurs niveaux qui suivent la trame du film.
Populous (Europe)	Populous vous propose de vous mettre dans la peau du Créateur. Commandez une civilisation et venez à bout des populations sous la joute de dieux adverses. En tant que Dieu, vous pouvez modeler les reliefs à votre aise, jeter des sorts, commander vos troupes et fabriquer des héros pour influencer les masses, et ce, dans plus de 500 mondes.
Power Drive (USA) (En,Fr,De,Es,Pt) (Sega Channel)	Power Drive est un jeu de rallye sur Megadrive. Contrairement à la majorité des jeux de voitures, la vue est ici aérienne, comme si la caméra se situait dans un hélicoptère survolant la voiture que vous conduisez. Au tout début, vous avez seulement le choix entre deux véhicules de la plus basse catégorie, mais en gravissant les échelons et en enchaînant les performances, vous obtiendrez de nouveaux bolides.
Power Monger (USA, Europe)	PowerMonger est un jeu de stratégie sur Megadrive. Vous incarnez un seigneur qui a été dépossédé et devez tout faire pour reconquérir vos territoires d'antan. Il faudra guider votre peuple au mieux et vous développer dans différents domaines : économie, invention ou encore diplomatie. D'autres seigneurs sont présents sur la carte. A vous de les détruire ou de les prendre comme alliés.
Powerball (USA)	Powerball est un jeu de sport hybride sur la console virtuelle de la Megadrive. Savoureux mélange entre le football américain, le football et le rugby, Powerball vous propose d'incarner l'une des huit équipes du jeu pour représenter votre nation. Il y a deux façons de marquer : faire un touchdown dans le camp adverse ou envoyer le ballon dans les filets de vos concurrents. Un mode deux joueurs permet d'affronter un ami.
Predator 2 (USA, Europe)	Predator 2 sur Megadrive est un jeu d'action se déroulant en plein coeur des années 90. Vous incarnez le lieutenant Mike Harrington en pleine opération contre la guerre des gangs lorsqu'il découvre une nouvelle menace, le Prédator. Il s'agit d'une entité alien qui tue tout sur son passage. Votre job est de mettre un terme à cette menace extraterrestre.
Premier Manager (Europe)	Le premier jeu de la série de jeux de gestion de football de Gremlin. Vous commencez par gérer une équipe dans la Conférence (le cinquième niveau du football anglais) et vous cherchez à progresser dans les ligues, soit en améliorant votre équipe existante, soit en obtenant des postes dans des clubs plus prestigieux. Les fonctions à votre disposition comprennent la sélection des régimes d'entraînement, la planification des tactiques pour chaque match en fonction des forces et des faiblesses de l'adversaire, la recherche de nouveaux joueurs, y compris de jeunes espoirs, et l'organisation du sponsoring et de l'amélioration des stades (afin d'attirer davantage de supporters). Le système de transfert est une partie cruciale du jeu, car vous cherchez à recruter des joueurs (qui sont évalués de manière générale dans chacun des principaux domaines de compétences) contre d'autres équipes qui les veulent, et à vendre les joueurs dont vous n'avez pas besoin. Vous disposez d'un découvert, mais veillez à ne pas le dépasser.
Premier Manager 97 (World) (Evercade)	Premier Manager 97 est un Football Manager sur Megadrive dans lequel votre but est de gérer votre propre équipe, en entraînant vos joueurs pour remporter tous vos matchs, et vous retrouver finalement à la tête de la très lucrative Premier League.
Primal Rage (USA, Europe)	Primal Rage sur Megadrive est un jeu de combat se situant dans un monde post-apocalyptique. Une météorite a frappé la Terre de plein fouet et un grand chaos en résulte. Sept dieux des temps anciens se réveillent et souhaitent prendre le contrôle de la planète. Combattez avec des personnages aussi originaux que des singes géants ou des dinosaures pour sauver le monde.
Prime Time NFL Starring Deion Sanders (USA)	Prime Time NFL Football starring Deion Sanders est un jeu vidéo de football américain sorti en 1995 sur Mega Drive. Le jeu a été développé par Spectacular Games et édité par Sega. Une version 32X aurait été prévue mais n'est jamais sortie.
Prince of Persia (USA)	Prince of Persia sur Megadrive est un jeu de plates-formes se déroulant dans le Moyen-Orient. Le joueur contrôle le Prince de Perse qui peut marcher, courir, se baisser, sauter, s'accrocher et combattre à l'épée. Le but est de terminer tous les niveaux pour libérer la princesse dans le temps imparti, c'est-à-dire une heure. Chaque niveau consiste en un donjon de plus en plus grand et parsemé d'embûches (précipices, dalles se dérobant sous les pieds, pics sortant du sol).
Prince of Persia 2 (Europe) (Proto)	Prince Of Persia 2 est un jeu de plates-formes sur Megadrive. Après onze jours de bonheur avec la princesse, le prince est chassé du palais par un sosie qui prend sa place. Au cours de vos aventures dans des terres lointaines, vous en apprenez plus sur vos origines et partez afin de venger vos parents et de retrouver votre épouse.
Pro Moves Soccer (USA)	Pro Moves Soccer est un jeu de football sur Megadrive. Choisissez votre équipe favorite ou créez la vôtre et gérez-la comme vous l'entendez. Il est possible de gagner de l'argent au fil des matches et de s'en servir pour se payer les meilleurs joueurs. Emmenez votre équipe jusqu'à la Coupe du Monde ou lancez-vous dans un simple match amical.
Pro Quarterback (USA)	Pro Quarterback est un jeu vidéo exclusivement sortis en import sur Megadrive
Pro Striker - Final Stage (Japan)	J. League Pro Striker Final Stage est un jeu vidéo de football sorti en 1995 sur Mega Drive. Le jeu a été édité par Sega. Il est sorti uniquement au Japon
Pro Yakyuu Super League '91 (Japan)	Sports Talk Baseball, Pro Yakyuu Super League '91 est un jeu vidéo de baseball sorti en 1992 sur Mega Drive. Le jeu a été développé et édité par Sega.
Psy-O-Blade (Japan)	Au 21ème siècle, il y a 3 grandes puissances sur la Terre. Le monde libre et le bloc communiste hérité du 20ème siècle, la troisième puissance est la Nouvelle Fédération Communiste. Comme un programme de dénucléarisation est soutenu par toutes ces puissances, la Nouvelle Fédération Communiste a développé une arme dévastatrice : le satellite &quot;Raiden&quot;. Les deux autres puissances rivalisent avec la Nouvelle Fédération Communiste, en développant leurs propres satellites tueurs, et le danger d'une annihilation totale resurgit. Ne voyant aucun avenir pour la Terre, les humains ont commencé à coloniser d'autres planètes. Au 22e siècle, ils ont envoyé un vaisseau expérimental &quot;Septemius 1&quot; vers une étoile située à six années-lumière du système solaire. L'ordinateur principal du vaisseau, &quot;Racoon&quot;, a envoyé un étrange message avant de cesser toute communication. Keith McDonnell, un membre d'équipage de 17 ans de &quot;Septemius 2&quot;, est envoyé pour enquêter sur cette étrange disparition.
Psycho Pinball (World) (Evercade)	Psycho Pinball est un jeu de flipper sur Megadrive. Plusieurs bonus vous attendent comme les multi-billes ou les billes supplémentaires que l'ont peut gagner sur trois tables différentes : The Abyss, Trick or Treat et Wild West. Bénéficiant d'un thème (aquatique, horrifique ou de western) ces trois tables peuvent se retrouver réunies dans le dernier tableau qui propose de passer de l'une à l'autre pour faire exploser son score.
Puggsy (USA)	Puggsy est un jeu de plates-formes sur Megadrive combinant des séquences d'action et des énigmes. Le joueur contrôle une créature qui a écrasé son vaisseau spatial sur une planète inconnue. Puggsy doit donc explorer les différents environnements et trouver un vaisseau en état de marche pour être en mesure de rentrer chez lui.
Pulseman (Japan)	Pulseman est un jeu d'action/plates-formes sur Megadrive. Vous incarnez Pulseman, un héros électrique qui a été créé pour combattre le cybercrime. Il faudra en découdre avec le gang de la galaxie à travers sept environnements différents pour un total de cinquante niveaux. De bons réflexes seront nécessaires pour parcourir les zones à toute vitesse en évitant les ennemis.
Punisher, The (USA)	The Punisher sur Megadrive est un jeu d'action vous proposant d'épurer les rues de votre ville de tous les gangs et autres crapules qu'elle comporte. A grands coups de fusil ou encore au lance-flammes, à vous de battre vos adversaires du jour ou de les torturer pour qu'ils vous livrent de précieuses informations.
Putter Golf (Japan) (Sega Game Toshokan)	Putter Golf est un jeu de Golf sur Megadrive.
Putty Squad (Europe) (Proto 2)	Putty Squad est un jeu de Sega Mega Drive sans licence, développé par System 3 et devait être publié par Ocean Software en mai 1995. C'est une suite de Putty, sorti pour l'Amiga et SNES en 1992 et 1993, respectivement. Le jeu a été annulé suite aux nombreux retard de développement. Un prototype fonctionnel de la version Mega Drive a été trouvé et dumpé en octobre 2015.
Puyo Puyo (Japan)	Puyo Puyo est un puzzle-game sur Megadrive. Le but est de faire en sorte que quatre puyos de la même couleur se touchent pour les faire disparaître. Si vous avez d'autres puyos de la même couleur qui y sont connectés, ils disparaîtront également. Il est possible de jouer à deux et de gêner son adversaire en réalisant de multiples combinaisons.
Puyo Puyo Tsuu (Japan)	Puyo Puyo 2 est un puzzle-game sur Megadrive. Le but est de faire en sorte que quatre puyos de la même couleur se touchent pour les faire disparaître. Si vous avez d'autres puyos de la même couleur qui y sont connectés, ils disparaîtront également. Il est possible de jouer à deux et de gêner son adversaire en réalisant de multiples combinaisons. Un mode histoire vous propose de diriger Arle qui devra se battre contre de nombreux ennemis.
Puzzle & Action - Ichidanto-R (World) (Ja) (Sega Ages)	Ichidant-R est la suite de Tant-R, deuxième jeu de la série Puzzle & Action. Vingt nouveaux mini-jeux sont présents, y compris l'assemblage de fusées, un concours de collisions, et de freinage sur voiture en accélération. Le jeu comprend à nouveau un mode arcade pour un ou deux joueurs. Cette fois, le joueur cherche à sauver une princesse enlevée par un chevalier maléfique. Il y a aussi un mode quêtes qui se joue comme un simple RPG , où les batailles se font via des mini-jeux. Bien sûr, la compétition à quatre joueurs et les modes libres font aussi un retour, complétant le tout.
Puzzle & Action - Tanto-R (Japan)	Puzzle & Action est un puzzle-game sur Megadrive renfermant plusieurs mini-jeux. Le jeu vous demande de les enchaîner, le tout dans une ambiance loufoque et délurée. Plus de quarante épreuves vous attendent où vos réflexes et vos méninges seront mis à dure épreuve.
Pyramid Magic (Japan) (Sega Game Toshokan)	Pyramid Magic est un jeu vidéo sortis uniquement sur Megadrive, développé par Sega, édité par Sega.
Pyramid Magic II (Japan) (Sega Game Toshokan)	Pyramid Magic II est un jeu vidéo sortis uniquement sur Megadrive, développé par Sega, édité par Sega.
Pyramid Magic III (Japan) (Sega Game Toshokan)	Pyramid Magic III est un jeu vidéo sortis uniquement sur Megadrive, développé par Sega, édité par Sega.
Pyramid Magic Special (Japan) (Sega Game Toshokan)	Pyramid Magic Special est un jeu vidéo sortis uniquement sur Megadrive, développé par Sega, édité par Sega.
QuackShot Starring Donald Duck (World) (En,Ja)	Rejoignez Donald dans sa quête du trésor Great Duck de Garuzia! Voyagez à travers les continents remplis d'ennemis perfides. Rassemblez des outils, des indices et des clés dans des territoires remplis de dangers. Enfin, prenez votre courage à deux mains pour l'aventure finale sur l'île au trésor Great Duck!
Quad Challenge (World) (Evercade)	Quad Challenge est un jeu de courses sur Megadrive qui vous permet de choisir votre quad afin de dévaler les circuits boueux du championnat américain. Chaque course se déroule comme un duel en écran partagé où vous pouvez affronter l'ordinateur comme un ami. Une fois le championnat remporté, vous pouvez refaire les treize circuits du jeu pour améliorer vos temps.
R.B.I. Baseball '93 (USA)	R.B.I. Baseball '93 sur Megadrive, est un jeu de base-ball bénéficiant d'une jouabilité orientée arcade. Les vingt-huit équipes de la ligue sont présentes et plus de 700 joueurs professionnels voient leur statistiques intégrées dans la cartouche du jeu. Chaque équipe dispose de son propre stade et de nouveaux modes de jeu font leur apparition comme un mode entraînement ou encore un concours de Home Run.
R.B.I. Baseball '94 (USA, Europe)	R.B.I. Baseball '94 est un jeu de base-ball sur Megadrive. Plutôt orienté arcade, il vous offre la possibilité de choisir parmi les vingt-huit équipes officielles de la saison 1993 mais propose également plus de quarante équipes de légende. Les statistiques des joueurs sont respectées et votre coach pourra vous souffler la bonne stratégie au moment du lancer. Il est également possible de créer sa propre équipe pour devenir imbattable.
R.B.I. Baseball '95 (USA) (Proto)	R.B.I. Baseball '93 sur Megadrive, est un jeu de base-ball bénéficiant d'une jouabilité orientée arcade. Les vingt-huit équipes de la ligue sont présentes et plus de 700 joueurs professionnels voient leur statistiques intégrées dans la cartouche du jeu. Chaque équipe dispose de son propre stade et de nouveaux modes de jeu font leur apparition comme un mode entraînement ou encore un concours de Home Run.
R.B.I. Baseball 3 (USA)	R.B.I. Baseball 3 est un jeu de baseball sur Megadrive. Bénéficiant d'une jouabilité orientée arcade, cet opus dispose lui aussi de la licence officielle de la MLBP ce qui lui permet de proposer tous les joueurs officiels ainsi que leurs statistiques. Choisissez votre équipe favorite et amenez-la jusqu'à la victoire en affrontant toutes les équipes légendaires des années 1983-1990.
R.B.I. Baseball 4 (USA)	R.B.I. Baseball 4 sur Megadrive, est un jeu de base-ball bénéficiant d'une jouabilité orientée arcade. Retrouvez tous les joueurs officiels de la saison 1991 ainsi que les vingt-six équipes de la ligue, chacune avec son propre stade. D'autres équipes de légende sont également de la partie, et un mode deux joueurs permet d'affronter un ami.
Race Drivin' (USA)	Race Drivin' est un jeu de courses sur Megadrive. Vous êtes au volant d'une voiture de sport et le but est de conduire en passant le plus de points de contrôle possible. Chaque point de contrôle vous offre un bonus de temps supplémentaire pour aller plus loin. Certains circuits sont propices aux cascades et vous pouvez regarder votre performance grâce à un ralenti.
Radical Rex (World) (QUByte Classics)	Sauvez les dinosaures de l'extinction dans Radical Rex sur Megadrive. Le sorcier Sethron a lancé un sort aux dinosaures afin qu'ils se battent entre eux jusqu'à leur disparition qui laissera place aux mammifères. Vous contrôlez Rex, un dinosaure qui tente de survivre à l'agressivité de ses copngénères, causée par le sort maléfique. Il peut se déplacer en skate et pour combattre, il crache du feu, donne des coups de poing et pousse un cri qui détruit tout à l'écran.
Raiden Trad (Japan, USA) (En)	Raiden Trad est un shoot'em up sur Megadrive. En l'an 2090, la Terre est à la merci de puissants extraterrestres et le vaisseau supersonique Raiden est le seul espoir de l'humanité. Vous avez été choisi pour en être le pilote et il faut à tout prix détruire les forces ennemies à travers plusieurs niveaux se terminant tous par un énorme boss.
Rainbow Islands Extra (Japan) (En)	Rainbow Islands Extra est un jeu de plates-formes sur Megadrive. Bub et Bob, les deux héros de Bubble Bobble, sont redevenus humains au terme de leur précédente aventure et ils doivent désormais sauver les îles arc-en-ciel d'une bande de monstres. Il faudra sauter et utiliser votre pouvoir pour créer des arcs-en-ciel au cours des sept mondes du jeu, divisés en quatre niveaux chacun.
Rambo III (Japan, USA) (En,Ja)	Rambo III sur Megadrive est un jeu d'action basé sur le film du même nom avec Sylvester Stallone. Le joueur incarne John Rambo parti en Afghanistan pour sauver le Colonel Trautman. Rambo dispose de plusieurs armes pour accomplir divers objectifs (trouver la sortie du niveau, sauver des otages, détruire un tank...) au cours des six missions du jeu.
Rampart (USA)	Rampart est l'adaptation sur Megadrive du jeu de stratégie sorti sur borne d'arcade en 1990. Après avoir choisi un emplacement pour votre château parmi les quatre possibilités, vous placez des canons pour vous défendre contre les bateaux qui vous bombardent. Après chaque bataille, vous disposez de quelques secondes pour reconstruire vos remparts avant une nouvelle attaque. Pour cela, des blocs de plusieurs formes apparaissent, façon Tetris, et vous devez les combiner sans laisser de vide.
Ranger X (USA)	Ranger X est un shoot'em up sur Megadrive dans lequel le joueur contrôle un robot accompagné d'un engin plus petit lui permettant d'alterner sa façon de tirer. Il est possible de viser en avant comme en arrière et d'utiliser le jet pack pour s'élever dans les airs et éviter de nombreux pièges.
Ransei no Hasha (Japan)	Ransei no Hasha est un jeu de stratégie de SystemSoft sorti en 1991 pour la NEC PC-98. Il est le deuxième épisode de la série de jeux de stratégie Tenka Touitsu, dont le premier opus a été publié en 1989. Asmik l'a porté sur Sega MegaDrive en 1991. Aucune version n'a été distribué en dehors du Japon.
Rastan Saga II (USA)	Rastan Saga II est un jeu d'action / plates-formes sur Megadrive. Un groupe maléfique s'est emparé d'un bâtiment sacré : le Skyscraper et compte bien s'en servir pour conquérir le monde. Vous incarnez un féroce guerrier et vous devez parcourir plusieurs niveaux en prenant soin de démolir tous vos ennemis. Les boss de fin de niveau laissent derrière eux des gemmes, indispensables pour progresser dans le jeu.
Red Zone (USA, Europe)	Red Zone est un jeu d'action sur Megadrive qui vous met aux commandes d'un hélicoptère AH-64B Apache pour une mission au coeur du territoire ennemi. Il faut empêcher un dictateur armé du nucléaire de s'approprier tous les pays voisins. Plusieurs missions vous demandent de bombarder des cibles au sol tandis que d'autres vous forcent à continuer à pied pour provoquer l'ennemi au corps-à-corps.
Ren & Stimpy Show Presents, The - Stimpy's Invention (USA)	Ren et Stimpy : L'Invention de Stimpy sur Megadrive est un jeu d'action/plates-formes qui vous invite à visiter le monde délirant du dessin animé du même nom. Le titre vous propose d'incarner Ren et Stimpy qui doivent récupérer les pièces d'une machine qu'ils ont créée et qui a explosé, provoquant alors la colère des voisins. A travers six niveaux, utilisez toutes sortes d'armes telle qu'une tapette à mouche pour survivre aux voisins et réparer votre erreur.
Rent a Hero (Japan)	Rent A Hero est un jeu de rôle sur Megadrive où le joueur incarne Taro Yamada, qui reçoit par erreur une armure de combat lui octroyant une force surhumaine. Il décide alors de devenir un héros à louer pour pouvoir rembourser l'armure en aidant les habitants de la ville pour diverses tâches.
Resq (Europe) (Proto)	ResQ est un jeu de plateforme 2D annulé, initialement prévu pour la Sega Genesis en 1994. Son gameplay unique mêlait action à pied, pilotage de vaisseaux spatiaux en 2D et phases de vol en 3D, fortement inspiré de Star Fox. L'histoire suit des envahisseurs interplanétaires qui attaquent une colonie minière pour en prendre le contrôle. Votre mission? Secourir les survivants et mettre fin à l'invasion mercenaire.
Revenge of Shinobi, The (Japan, USA) (En)	Vous êtes Musashi, maître ninja. Vous êtes un des guerriers mystiques, qui voient et savent toutes choses. Vous êtes implacable! Maintenant, vous devez détruire l'armée malfaisante de Neo Zeed. Si vous échouez, Naoko, leur belle captive, mourra!
Revolution X (USA, Europe)	Revolution X sur Megadrive vous fait tirer sur tout ce qui bouge, au rythme du rock & roll d'Aerosmith. Dans un pays qui empêche les jeunes de s'exprimer et où le rock a été banni, seul un groupe de rock stars peut rétablir la situation. Equipé d'un fusil, vous devez secourir les membres d'Aerosmith qui ont été enlevés par la Nation du Nouvel Ordre. En dirigeant le viseur du fusil, il faut éliminer tous les adversaires à l'écran pour progresser dans les niveaux.
Richard Scarry's Busytown (USA)	Richard Scarry's Busytown est un jeu ludo-éducatif sur Megadrive. Basé sur la série animée du même nom, la cartouche vous propose d'explorer la ville colorée tout en aidant un maximum de gens. De menus services vous seront demandés (construire une maison, sauver des gens d'un bâtiment en flammes ou encore récurer un bateau) et vous pouvez recommencer chaque mini-jeux quand vous le voulez.
Riddle Wired (Japan) (Sega Game Toshokan)	Un groupe terroriste a pris le contrôle d'un satellite armé et attaque toutes les nations de la Terre. Votre mission: infiltrer et récupérer le satellite ... en répondant à des questions. Riddle Wired est un jeu de quiz de style japonais, et malgré le scénario, la totalité du jeu consiste à répondre à des questions de culture générale. Le joueur devra faire face à différents adversaires au cours de la mission, et chacun posera au joueur une série de questions dans un &quot;Quiz Battle&quot;. Si le joueur répond correctement, l'ennemi perdra de la vie; Sinon, le joueur perdra de la vie. Si l'ennemi est anéanti, le joueur passe à l'étape suivante, mais si toute sa vie est perdue, le jeu est terminé. Un ou deux joueurs peuvent jouer simultanément.
Rings of Power (USA, Europe)	Rings of Power est un jeu de rôle sur Megadrive dans lequel vous incarnez Buc, un jeune sorcier lancé dans une quête pour retrouver les onze anneaux magiques et bannir le maléfique Void à tout jamais. Il est possible d'explorer le monde parfaitement librement et de recruter des sorciers d'autres guildes pour renforcer les rangs. Un cycle jour/nuit affecte certains personnages plus que d'autres et le joueur peut interagir de différentes manières avec les personnages non jouables.
Rise of the Robots (Europe)	Rise of the Robots est un jeu de combat en 2,5D . On y incarne le cyborg Eco35-2, mi-homme mi-robot, créé par la société Electrocorp, afin de contrer la mutinerie qui se prépare dans leur usine de Metropolis 4, suite à la reprogrammation de certains robots en leur injectant le virus EGO, les rendant conscient de leur situation et donc agressif. Il faudra donc les affronter un par un dans des combats en duel pour arrêter cette rébellion. Le titre se voulait graphiquement révolutionnaire. Mais bien que les robots de combats sont assez jolis (avec des sprites 3D retranscrits dans un univers 2D), les décors ne sont qu'en 2D statique assez ternes. Aussi, l'animation en jeu est lente, voire assez &quot;lourde&quot; impactant directement la maniabilité. La lenteur de votre robot et la puissance des ennemis qui varie (au point que certains robots sont ultra puissants et vous atomisent en deux coups) rendent vite les combats déséquilibrés.
Risk (USA)	Risk sur Megadrive reprend le principe du célèbre jeu de société du même nom. Jusqu'à six joueurs peuvent participer à la même partie (contrôlés par l'ordinateur ou par des amis) et toutes les règles officielles sont présentes. Le but est de conquérir un maximum de territoires en affrontant ses adversaires sur une mappemonde. Le lancement de dés est ici remplacé par une animation où des canons se tirent dessus.
Risky Woods (USA, Europe)	Risky Woods est un jeu d'action/plates-formes sur Megadrive. Il faut traverser plusieurs niveaux armés d'une dague en éliminant les ennemis qui laissent des pièces derrière eux. Ces pièces peuvent servir à acheter différents bonus à la boutique mais elles vous abandonneront très vite si vous êtes mortellement blessé par un ennemi.
Ristar (USA, Europe)	Le démoniaque souverain de Despair s'empare de la constellation de Valjee et il sème terreur et désolation plongeant ainsi le Royaume dans les ténèbres. Mais, du fin fond de la galaxie surgit Ristar, une étoile dotée de pouvoirs extraordinaires. Vis le destin exceptionnel d'une étoile filante à travers 7 niveaux de toute beauté!
Road Rash (USA, Europe)	Road Rash est un jeu de course de moto agressif dans lequel le joueur joue le rôle d'un motard qui participe à une série de courses illégales à travers les États-Unis. En partant en queue de peloton, l'objectif est toujours de finir premier sur un parcours linéaire, en dépassant les autres motards. Pour y parvenir, il faut bien conduire et faire tomber les adversaires à l'aide de gourdins, de pieds-de-biche ou à mains nues. Les autres coureurs se défendent de la même manière et il y a aussi des dangers. Toutes les courses se déroulent sur route ouverte. Il y aussi les flics, des taches d'huile et des vaches errantes sur votre parcours. En gagnant des courses, vous pouvez être promu dans une division supérieure et gagner de l'argent avec lequel vous pouvez acheter une meilleure moto. Chaque fois que vous êtes éjecté de votre moto ou que vous percutez quelque chose, vous devez courir pour retrouver votre moto et perdez du temps, sans compter que votre moto subit des dommages.
Road Rash 3 (USA, Europe)	Road Rash 3 est un jeu de courses de motos sur Megadrive. Après avoir conquis les tracés américains dans les précédents volets, le joueur part affronter tous les plus grands champions mondiaux dans des courses toujours plus dangereuses où tous les coups sont permis. De nouvelles armes sont au programme ainsi que des forces de l'ordre plus féroces. Le jeu vous emmènera aux quatre coins du monde (Italie, Japon, Kenya ou encore Australie).
Road Rash II (USA, Europe)	Road Rash II est un jeu de courses de motos sur Megadrive. Vous êtes en compétition avec plusieurs adversaires et vous devez arriver en tête de chaque course pour remporter une grosse somme d'argent. Il est possible d'attaquer ses adversaires avec ses poings ou à l'aide d'armes que l'on peut subtiliser. L'argent gagné vous aidera à acheter une moto plus puissante. Prenez garde à la circulation et aux forces de l'ordre en chemin !
RoadBlasters (USA)	RoadBlasters est un jeu de courses sur Megadrive disposant d'une bonne dose d'action. Le but est de franchir la ligne d'arrivée en un seul morceau au cours des cinquante niveaux du jeu. De nombreux ennemis vous attendent sur la route et feront tout pour vous arrêter. Heureusement vous disposez de plusieurs armes pour riposter et d'autres bonus peuvent également être ramassés sur le parcours.
RoboCop 3 (USA, Europe)	RoboCop 3 sur Megadrive est un jeu mêlant plates-formes et tir. Vos missions consistent pour la plupart à porter secours à des collègues ou des civils en mauvaise posture. Vous trouverez en chemin des kits de réparation qui vous permettront de récupérer l'énergie que vous auront enlevée vos nombreux assaillants.
RoboCop Versus The Terminator (USA)	Robocop vs Terminator sur Megadrive est un jeu d'action combinant les univers des deux longs métrages éponymes. L'histoire débute lorsque les soldats de John Connor découvrent que Skynet est issu de la technologie cybernétique utilisée pour fabriquer Robocop. Incarnez ce dernier, entrez dans la résistance et venez en aide à Connor pour sauver l'humanité des machines.
Robot Battler (Japan) (Sega Game Toshokan)	Robot Battler est un jeu d'action sur Sega Mega Drive, sorti exclusivement au Japon via le service Sega Game Toshokan. Les joueurs construisent et équipent des robots pour se battre entre eux, une perspective haut-bas est gérée pour rendre le combat moins linéaire.
Rock n' Roll Racing (USA)	Avant de devenir Blizzard, les créateurs de Warcraft se nommaient Silicon & Synapse, on leur doit Rock N' Roll Racing sur Megadrive, un jeu de courses dont la particularité est de disposer d'une bande-son composée de titres phare du répertoire Heavy Metal.
Rocket Knight Adventures (USA)	Sparkster, le seul espoir d'une nation désespérée. Le Chevalier noir et son armée de soldats-robots psychotiques ont apporté mort et destruction au pays autrefois tranquille d'Elhorn. Est-ce que Sparkster pourra vaincre le seigneur de la guerre dépravé et rendre la paix à son pays?
Roger Clemens' MVP Baseball (USA)	Roger Clemens' MVP Baseball est un jeu de base-ball sur Megadrive. Retrouvez plus de vingt-cinq équipes du championnat et jouez un match simple ou la saison complète des playoffs. Chaque joueur dispose de ses propres statistiques et un mode deux joueurs permet d'affronter un ami.
Rolling Thunder 2 (USA)	Rolling Thunder 2 sur Megadrive est un titre d'action dans lequel vous dirigez deux agents secrets d'Interpol sur un écran à défilement horizontal. Traversez de nombreux niveaux et utilisez vos munitions à bon escient pour ne pas vous retrouver acculé. Jouez seul ou avec un ami pour incarner Leila ou Albatross et défaites l'organisation Neo-Geldra, dirigée par Gimdo.
Rolling Thunder 3 (USA)	Rolling Thunder 3 sur Megadrive est un jeu d'action dans lequel vous dirigez deux agents secrets d'Interpol qui se battent contre Geldra, une organisation criminelle responsable de la perte de nombreux satellites. Au début de chaque mission, vous pouvez choisir une arme spécifique (bazooka, lance-flammes ou encore grandes) pour faire encore plus de dégâts dans les dix niveaux que compte le jeu.
Rolo to the Rescue (USA, Europe)	Rolo to the Rescue est un jeu de plates-formes sur Megadrive. Le joueur contrôle Rolo, un éléphant qui s'est échappé d'un cirque et qui découvre le monde. Au cours de son voyage, Rolo rencontre plusieurs animaux qui se révèlent être des alliés de choix : un écureuil, un lapin, un castor et une taupe. Chacun de ces animaux dispose de capacités spéciales qui seront d'un grand secours au pachyderme pour qu'il retrouve le chemin de sa maison.
Romance of the Three Kingdoms II (USA)	Romance of the Three Kingdoms II est la suite sur Megadrive de l'adaptation du roman historique de Luo Guangzhong. Le jeu relate l'histoire chinoise des deuxième et troisième siècles après J.C. Les neuf scénarios vous font incarner le gouverneur de la province que vous sélectionnez. En dirigeant l'un des héros de guerre de chaque période comme Liu Bei, Cao Cao ou Sun Jian, vous devrez user de stratégie pour tenter de régner sur la Chine en créant des alliances ou déclarant la guerre aux ennemis.
Romance of the Three Kingdoms III - Dragon of Destiny (USA)	Dès le début du jeu, les joueurs choisissent l'un des six scénarios qui déterminent la disposition initiale du pouvoir dans la Chine ancienne. Après avoir choisi le scénario, les joueurs déterminent le ou les seigneurs de guerre qu'ils contrôlent. Chaque personnage a plusieurs statistiques: capacité de guerre, intelligence, politique, charisme, commandement de l'armée, commandement naval. Le joueur gagne le jeu en conquérant tous les territoires de Chine.
Rugby World Cup 95 (USA, Europe) (En,Fr,It)	Rugby World Cup 1995 sur Megadrive est un jeu de rugby qui prend pour cadre la Coupe du Monde 1995 qui s'est déroulé en Afrique du Sud. Les vingt équipes internationales sont présentes avec notamment les All Blacks de Nouvelle Zélande ou encore les Springboks d'Afrique du Sud. Le joueur peut choisir une jouabilité (arcade ou simulation), décider de la météo et de la tenue du sol.
Sagaia (USA)	Sagaia est un shoot'em up sur Megadrive. Il y a longtemps, la planète Darius fut détruite, deux rescapés, Proco et Tiat, reçoivent un S.O.S d'un autre descendant du peuple de Darius et partent à sa recherche à bord du Silverhawk. Il faudra détruire un maximum d'ennemis en chemin à travers des niveaux non linéaires pour trouver le fin mot de l'histoire.
Saint Sword (USA)	Saint Sword est un jeu d'action/plates-formes sur Megadrive dans lequel vous incarnez Macress, un guerrier mythique appelé pour détruire le démon maléfique Gorgon qui souhaite asservir le monde. Vous devez éliminer un maximum d'ennemis le long des niveaux. Certaines créatures laissent des bonus derrière elles qui peuvent vous octroyer des pouvoirs supplémentaires.
Sampras Tennis 96 (Europe) (J-Cart)	Sampras Tennis 96 est un jeu de tennis sur Megadrive qui vous propose de choisir parmi huit joueurs professionnels dans trois modes de jeu différents : challenge, tournoi et tour du monde. Chaque mode peut se jouer en simple ou en double et quatre types de court sont représentés, allant de la terre battue au terrain en intérieur.
Samurai Shodown (USA)	Samurai Shodown sur Megadrive est un jeu de combat se déroulant au XVIIIème siècle au Japon. Le titre intègre des modifications par rapport aux classiques du genre telles que l'utilisation d'armes blanches, un système de zoom ainsi qu'une jauge POW se remplissant au fil du combat et débloquant des attaques puissantes.
Sangokushi Retsuden - Ransei no Eiyuutachi (Japan)	Sangokushi Retsuden: Ransei no Eiyuutachi est un jeu de stratégie sorti en 1991 par Sega au Japon, ainsi qu'à Hong Kong sous le nom San Guo Zhi Lie Zhuan: Luan Shi Qun Ying. On suppose que ce jeu est lié de près ou de loin à un autre éditeur qui faisait à l'époque les jeux les plus populaires sur la thématique des Trois Royaumes de Chine : Koei.
Sanrin San-chan - Spatter (World) (Mega Drive Mini 2, Genesis Mini 2)	Spatter est un jeu de labyrinthe où vous incarnez un petit personnage sur tricycle. Vous devez récupérer les fleurs éparpillées dans les niveaux pendant que vous serez poursuivis par toute une variété d'ennemis, que vous devrez à tout prix essayer d'éviter par tous les moyens.
Sansan (Japan)	Sansan est une conversion du jeu de société populaire Go, qui permet au joueur de jouer en ligne contre des adversaires distants à travers le service de réseau du jeu. Il offre la possibilité de jouer contre les adversaires qui ne sont pas actuellement en ligne, tout comme les échecs par la poste, et permet également d'envoyer des messages courts à l'autre joueur. Contrairement à la plupart des titres Meganet, ce titre fonctionne avec le service payant indépendant de Sansan, qui a continué d'être opérationnel longtemps après l'arrêt du service de Sega.
Saturday Night Slammasters (USA)	Saturday Night Slam Masters sur Megadrive est un jeu de combat se déroulant dans le monde du catch. Dix lutteurs peuvent être sélectionnés, chacun avec son style bien à lui et différentes combinaisons de boutons permettent d'amocher son adversaire. Il est possible de quitter le ring un court instant et de se servir d'éléments du décor comme armes. Un mode Death Match est également présent où tous les coups sont permis.
Schtroumpfs Autour du Monde, Les (Europe) (En,Fr,De,Es)	Les Schtroumpfs : Autour du Monde est un jeu de plates-formes sur Megadrive. Alors qu'un Schtroumpf et la Schtroumpfette se rendent chez le Grand Schtroumpf pour observer un cristal qui fait voyager, vous vous retrouvez coincés dans un lieu inconnu. Il faudra retrouver votre chemin en parcourant les niveaux répartis aux quatre coins du monde.
Scooby-Doo Mystery (USA)	Scooby-Doo Mystery est l'adaptation Megadrive du dessin animé du gros chien peureux des studios Hanna-Barbera. Scooby, Sammy, Fred, Daphné et Véra partent une nouvelle fois résoudre des affaires de fantômes. En contrôlant Sammy et accompagné de Scooby-Doo, vous devrez trouver des indices et les amener à Véra pour démasquer de faux fantômes dans un bateau, un cirque et un ranch. Attention à ne pas remplir la jauge de peur qui augmente à chaque fois que Sammy croise une bête ou un fantôme.
Scrabble (Europe) (Proto)	Scrabble est un jeu de société sur Megadrive. Vous devez former des mots sur un plateau pour récolter le plus de points possible. A chaque lettre est en effet associée une valeur inversement proportionnelle à sa fréquence dans la langue française. Sur le plateau sont également éparpillées quelques cases bonus qui permettent de doubler, voire de tripler, la valeur de la lettre ou du mot qui passe par là.
seaQuest DSV (USA)	SeaQuest DSV est l'adaptation sur Megadrive de la série des années 90, connue en France sous le nom SeaQuest : Police des mers. En 2018, alors que les ressources sur Terre sont épuisées, des colonies humaines vivent dans des cités bâties dans les fonds océaniques. Aux commandes des sous-marins de la SeaQuest, vous êtes chargé de les protéger. La vue varie en fonction des missions et des vaisseaux. Avec le Dolphin, vous aurez une vue de dessus tandis que le Speeder progresse horizontalement.
Second Samurai (World) (QUByte Classics)	Second Samurai est un jeu d'action/plates-formes sur Megadrive se déroulant dans l'ancien Japon. Le héros doit ce coup-ci rattraper le Roi Démon qui a réussi à voyager dans le temps. Offrant une jouabilité orientée arcade, Second Samurai propose au joueur de traverser une dizaine de niveaux en éliminant un maximum d'ennemis. Plusieurs sections sont cachées et un peu d'exploration sera nécessaire pour déverrouiller tous les secrets du jeu.
Sega Sports 1 (Europe)	Sega Sports 1 est une compilation de jeux vidéo consacrée au sport sortie sur Mega Drive en 1995. Il est possible de jouer jusqu'à huit à certains jeux via l'utilisation de deux adaptateurs pour quatre joueurs.
Sega Top Five (Brazil) (En)	Sega Top Five est une compilation de jeux pour Sega Mega Drive, sorti exclusivement au Brésil en 1997. Il a été suivi d'une compilation semblable au Brésil, nommée Sega Top Ten.
Segapede (USA) (Proto)	Un prototype développé vers 1993-94 mais jamais terminé. Dans ce jeu de plateforme à défilement fluide, le personnage principal traverse des niveaux colorés à toute vitesse. Seule une version très incomplète a circulé, contenant un unique niveau avec effets sonores et musique, mais sans ennemis. On ignore si une version plus aboutie existe.
Sensible Soccer (World) (En,Fr,De,It) (Evercade)	La mouture European Champions de Sensible Soccer sur Megadrive inclut les noms des joueurs présents en clubs européens lors de la saison 92/93. Vous pouvez aussi participer aux qualifications pour la Coupe du Monde 94. L'un des arguments majeurs du jeu à l'époque était la prise en compte des cartons.
Sesame Street Counting Cafe (USA)	Sesame Street Counting Cafe est un jeu vidéo éducatif sorti en 1994 sur Mega Drive. Le jeu a été développé et édité par Electronic Arts. Il est basé sur l'émission de télévision éducative 1, rue Sésame produite par Children's Television Workshop. Le jeu n'est sorti qu'aux États-Unis.
Shadow Blasters (USA)	Shadow Blasters est un jeu d'action/plates-formes sur Megadrive. Sauvez la Terre des forces maléfiques d'Ashura grâce à une équipe de quatre guerriers aux pouvoirs magiques. Le joueur dirige alternativement ces personnages (Leo, Marco, Horatio et Tiffany) à travers plus de huit niveaux différents. Les ennemis vaincus laissent derrière eux des bonus qui seront fort utiles face au boss de fin de niveau.
Shadow Dancer - The Secret of Shinobi (World)	Shadow Dancer : The Secret of Shinobi est un jeu d'action/plates-formes sur Megadrive. L'histoire se déroule à New York en 1997 et le Maître Ninja Shinobi doit faire face à une nouvelle menace. La discrétion et la rapidité sont des armes redoutables mais Shinobi peut aussi utiliser la magie tandis que son chien le protège contre de nombreux assaillants. Chaque niveau se termine par l'affrontement d'un boss et plusieurs bonus peuvent être ramassés en cours de route.
Shadow of the Beast (USA, Europe)	Shadow of the Beast sur Megadrive est un jeu mélangeant beat'em all, plates-formes et exploration. Le joueur incarne Aarbron, un personnage mi-homme, mi-bête qui se rend à Maletoh pour se venger du Beast Lord. Réflexes et précision sont de mise pour éviter ou détruire les ennemis provenant de toute part. Soyez sur vos gardes, le joueur ne dispose que d'une seule vie.
Shadow of the Beast II (USA, Europe)	Shadow of the Beast II sur Megadrive est un jeu mêlant plates-formes, action et réflexion. Dans ce second opus, le héros est à la recherche de sa soeur, kidnappée par le mage Zelek. Pour la retrouver, il traverse les mondes de Karamoon et affronte toutes sortes de créatures (monstres, dragons...).
Shadowrun (USA)	Shadowrun sur Megadrive est inspiré du jeu de rôle sur table du même nom. Bien qu'il en reprenne l'univers futuriste, le jeu vidéo diffère beaucoup de l'original. Vous contrôlez Jake qui se réveille avec une grave amnésie après une fusillade à Seattle en 2050. Vous allez découvrir en même temps que lui comment les Nains, les Orcs et les Humains cohabitent dans les grandes villes et apprendrez à survivre malgré les dangers qui vous attendent à chaque coin de rue.
Shanghai II - Dragon's Eye (USA)	Shanghai II : Dragon's Eye est un jeu de réflexion sur Megadrive. Le but, dans ce jeu de Mah-Jong, est de faire des paires à l'aide des différentes pièces disposées aléatoirement par l'ordinateur. Le jeu propose douze dispositions différentes basées sur les signes du zodiaque chinois. Un mode deux joueurs est également disponible dans lequel il est nécessaire de tout faire pour gêner son adversaire.
Shaq-Fu (USA, Europe)	Shaq Fu est un jeu de combat sur Megadrive ayant Shaquille O'Neal, l'un des plus grands basketteurs de tous les temps, comme personnage principal. Alors que Shaq se déplace pour un match de charité, il est aspiré dans une autre dimension où un vieil homme lui demande de sauver son petit-fils. Il devra alors affronter onze créatures pour y parvenir. Dans le mode deux joueurs, tandis que l'un des deux doit forcément jouer avec Shaq, l'autre joueur peut choisir le personnage de son choix.
Shikinjou (Japan)	Shi-Kin-Joh (&quot;Cité Interdite&quot;) est un jeu de puzzle similaire à Sokoban dans lequel le joueur doit atteindre un but en poussant des tuiles surdimensionnées de mahjong qui bloquent le chemin. Lorsque deux tuiles correspondantes sont poussées l'une à côté de l'autre, elles disparaissent. D'autres types de tuiles verrouilleront les tuiles mobiles qui entrent en contact avec elles. La version Megadrive comprend cinq ensembles de sons et de graphiques différents, des dizaines de puzzles à résoudre et un mode «puzzle spécial» où les règles du jeu sont radicalement modifiées. Il existe également un mode d'édition où des puzzles personnalisés peuvent être créés. La progression du jeu est sauvegardée à l'aide de mots de passe.
Shining Force (USA)	Shining Force sur Megadrive est un jeu de rôle tactique dans lequel vous dirigez une équipe de combattants devant lutter contre les Forces du Mal. Le jeu se décompose en deux parties : l'aventure, dans laquelle vous explorez la carte, vendez et achetez des objets et de l'équipement, puis les combats au tour par tour sur un terrain découpé en cases où chacune dispose de caractéristiques affectant le joueur ou l'ennemi.
Shining Force II (USA)	Shining Force II est un RPG tactique sur Mega Drive. L'histoire fait suite aux événements du jeu Shining Force Gaiden : Final Conflict, sorti sur Game Gear. L'aventure débute quand un mystérieux voleur dérobe les reliques sacrées de l'Ancienne Tour, ouvrant ainsi la voie à un puissant démon. Accompagné de vos amis, explorez les secrets du pays de Rune à travers plus de 40 batailles au tour-par-tour et faites triompher la lumière de la Shining Force !
Shining in the Darkness (USA, Europe)	Shining in the Darkness est un jeu de rôle sur Megadrive. Le Royaume de Thornwood a été envahi par les troupes de Dark Sol et c'est à vous de les repousser. Pour cela il vous faut retrouver les légendaires Armes de Lumière en explorant plusieurs donjons. Les combats du jeu sont au tour par tour et les différents métaux que l'on ramasse au fur et à mesure peuvent servir à forger des armes plus puissantes.
Shinobi III - Return of the Ninja Master (USA)	Dans les montagnes du Japon, se trouve un ninja solitaire. Il a senti la présence d'un vieil ennemi devenant à nouveau une menace. Le nom du ninja est Joe Musashi. Son ennemi est Neo Zeed qu'il a déjà vaincu, et qui a un nouveau plan maléfique qui ne peut être arrêté que par Joe Musashi - mieux connu sous le nom de Shinobi!
Ship (USA) (Demo) (Visitor)	Ship est un jeu jamais sorti . Le code source d'un prototype très précoce a été déterré par Drx de Hidden-Palace.org le 24 septembre 2007.Le développement n'a pas beaucoup progressé avant d'être annulé. Le jeu est très simple. Le joueur contrôle un navire semblable à celui d'astéroïdes. B accélère alors que la gauche et la droite permettent au navire de tourner. Lorsqu'il est maintenu enfoncé, A active un bouclier, et C permet au navire de tirer. Les navires sont manipulés par l'attraction gravitationnelle d'une étoile au centre de l'écran, et si un navire touche cette étoile, il sera détruit.
Shougi no Hoshi (Japan)	&quot;Shogi no Hoshi&quot; est une version digitale d'un ancien jeu Japonais, le shogi, un jeu de plateau qui ressemble un peu aux echecs. C'est un jeu de sh?gi standard qui se joue à un joueur, soit contre l'ordinateur à travers 6 niveaux de difficulté différents, soit en mode aventure ou je joueur incarne un jeune garçon nommé Kinta, dont la maman tente d'en faire le meilleurs joueur de shogi du Japon!
Shove It! ...The Warehouse Game (USA)	Shove it! The Warehouse Game est un jeu de réflexion sur Megadrive. Le joueur contrôle Stevedore, un personnage qui doit déplacer des caisses pour gagner de l'argent et s'offrir la voiture de ses rêves. Le jeu comprend seize stages, chacun offrant dix niveaux différents. Stevedore doit pousser chaque caisse sur son bon emplacement pour passer au niveau suivant.
Show do Milhao (Brazil)	Show do Milhão est basé sur une émission de télévision brésilienne du même nom, animée par Silvio Santos, un célèbre présentateur de télévision brésilien, propriétaire de SBT, l'une des plus grandes chaînes de télévision au Brésil. Show do Milhão (Qui veut gagner des millions, en Français) est essentiellement un quiz, avec 16 questions divisées en trois palliers de cinq questions chacun, plus la question à un million. Chaque question a 4 réponses alternatives, dont une seule est juste. Le joueur gagne un somme d'argent pour chaque bonne réponse. S'il décide de s'arrêter à une certaine question, il gagne la moitié du prix des questions. Si il devine mal, il gagne un quart du prix. Mais les règles sont différentes pour la dernière question: si il devine mal, il perd tout l'argent qu'il a gagné pendant le match. S'il s'arrête, il prend la moitié de la somme comme d'habitude. Le joueur peut également sauter des questions jusqu'à trois fois. S'il renonce à une question, une autre de la même somme est proposée. Il peut aussi demander de l'aide, qui se présente sous trois formes différentes: cartes, joueurs et invités. Si le joueur choisit les cartes d'aide, il doit choisir l'une des trois cartes mélangées (K, A, 2 et 3), chacune correspondant à la quantité de mauvais choix qui seront supprimés de l'écran (le K signifie pas de retrait du tout ). Si le joueur choisit l'autre (dans ce cas, simulé) les joueurs aident, un écran montrant le pourcentage de joueurs choisissant chaque réponse apparaîtra (dans le jeu réel, beaucoup de joueurs participaient chaque soir, prenant la place centrale à leur tour). Si le joueur choisit l'aide des invités, trois invités donnent leur avis sur la réponse, que vous pouvez suivre ou pas (dans le véritable jeu, ces invités étaient des étudiants). Le jeu présente la voix numérisée de Silvio Santos, ainsi que le thème principal de l'émission. Tout le texte est en portugais.
Show do Milhao - Volume 2 (Brazil)	Show do Milhão volume 2 est une suite de Show do Milhão, un jeu basé sur un jeu télévisé brésilien du même nom, animé par Silvio Santos, un célèbre présentateur de télévision brésilien, propriétaire de SBT, l'une des plus grandes chaînes de télévision au Brésil . Cette suite est exactement le même jeu que la précédente, à l'exception des questions qui sont toutes nouvelles. Show do Milhão (Qui veut gagner des millions, en Français) est essentiellement un quiz, avec 16 questions divisées en trois palliers de cinq questions chacun, plus la question à un million. Chaque question a 4 réponses alternatives, dont une seule est juste. Le joueur gagne un somme d'argent pour chaque bonne réponse. S'il décide de s'arrêter à une certaine question, il gagne la moitié du prix des questions. Si il devine mal, il gagne un quart du prix. Mais les règles sont différentes pour la dernière question: si il devine mal, il perd tout l'argent qu'il a gagné pendant le match. S'il s'arrête, il prend la moitié de la somme comme d'habitude. Le joueur peut également sauter des questions jusqu'à trois fois. S'il renonce à une question, une autre de la même somme est proposée. Il peut aussi demander de l'aide, qui se présente sous trois formes différentes: cartes, joueurs et invités. Si le joueur choisit les cartes d'aide, il doit choisir l'une des trois cartes mélangées (K, A, 2 et 3), chacune correspondant à la quantité de mauvais choix qui seront supprimés de l'écran (le K signifie pas de retrait du tout ). Si le joueur choisit l'autre (dans ce cas, simulé) les joueurs aident, un écran montrant le pourcentage de joueurs choisissant chaque réponse apparaîtra (dans le jeu réel, beaucoup de joueurs participaient chaque soir, prenant la place centrale à leur tour). Si le joueur choisit l'aide des invités, trois invités donnent leur avis sur la réponse, que vous pouvez suivre ou pas (dans le véritable jeu, ces invités étaient des étudiants). Le jeu présente la voix numérisée de Silvio Santos, ainsi que le thème principal de l'émission. Tout le texte est en portugais.
Shura no Mon (Japan)	Tsukumo Mutsu, un jeune étudiant en Karaté, est venu en ville à la recherche du dojo de Jinmukan afin de relever un défi personnel. Il s'est perdu, mais une jeune fille lui vient en aide. Elle se trouve être la petite-fille du chef du dojo, et ne veut pas qu'il s'implique dans cet endroit, mais Tsukumo insiste pour continuer malgré tout. Il marche droit devant, et prend le premier gars qu'il rencontre au karaté... Shura no Mon est un jeu d'action basé sur le manga de Masatoshi Kawahara. Le joueur contrôle Tsukumo en sélectionnant les commandes dans une liste, pour déclencher différentes attaques et man?uvres défensives au moment approprié, les résultats sont illustrés par de brèves séquences animées. Entre les combats, des cinématiques décrivent la progression de l'histoire. L'intrigue suit de près le premier tome du manga, à commencer par l'arrivée de Tsukumo au légendaire Dojo Jinmukan.
Side Pocket (USA)	Side Pocket sur Megadrive est une simulation de billard/snooker. Vous parcourez les États-Unis à travers des défis et tournois. Le jeu offre la possibilité d'affronter un ami en branchant une deuxième manette, et ce en jeu traditionnel, ou bien en défi &quot;9-Ball Game&quot;, qui consiste à être le premier à empocher neuf billes.
Simpsons, The - Bart vs. the Space Mutants (USA, Europe)	The Simpsons : Bart vs the Space Mutants sur Megadrive est un jeu de plates-formes dans lequel vous incarnez Bart Simpson qui part en croisade contre les mutants envahisseurs venus de l'espace. Pour faire la part des choses entre les mutants et les simples autochtones, Bart utilise des lunettes à Rayons X. Sauvez Springfield et enrayez la conspiration visant à détruire la ville avec une arme secrète.
Simpsons, The - Bart's Nightmare (USA, Europe)	The Simpsons : Bart's Nightmare sur Megadrive commence alors que Bart s'endort sur son devoir d'école. Le joueur explore ensuite les rêves du fils Simpson, de Bartzilla à Bartman à travers différents niveaux qui font la part belle à l'action et à la plate-forme.
Skeleton Krew (USA)	En l'an 2062, un homme maléfique nommé Moribund Kadaver a pris le contrôle d'une usine cryogénique près de Monstro City ou il projette de transformer la population en mutants appelés Psykogenix. Le Département de la recherche militaire (MAD), a décidé pour arrêter les plans néfastes de Kadaver de se tourner vers les mercenaires les plus impitoyables du monde: le Skeleton Krew..
Skitchin' (USA, Europe)	Skitchin est un jeu de courses de rollers en milieu urbain sur Megadrive. Mesurez-vous à vos adversaires en chaussant vos rollers pour une course effrénée au milieu de la circulation, ramassez des armes pour vous débarrasser de vos concurrents et terminez premier pour amasser de l'argent qui vous permettra d'améliorer votre équipement.
Slam - Shaq vs. the Legends (USA) (Proto)	159/5000 Slam: Shaq vs. The Legends est un jeu de sport, développé par High Score Productions et publié par Electronic Arts, qui a été annulé avant sa sortie.
Slap Fight MD (Japan) (En)	Conversion MD d'un shooter arcade de 1986, Slap Fight est de ce genre de jeu destiné à des joueurs prêts à devoir analyser chaque situation afin d'arriver à franchir les niveaux du jeu.
Slaughter Sport (USA)	Slaughter Sport est un jeu de combat sur Megadrive qui vous permet de choisir votre personnage préféré parmi plusieurs races extraterrestres. Lancez-vous dans l'arène en achetant des armes et des bonus au fur et à mesure des combats. Une fois tous vos adversaires au tapis, il faudra affronter le redoutable Fatman. Un mode deux joueurs permet d'affronter un ami.
Smurfs, The (Europe) (En,Fr,De,Es,It)	Gargamel a décidé de capturer TOUS les Schtroumpfs! Quatre d'entre eux ont disparu. Pour les délivrer il te faudra braver les Schtroumpfs noirs et les mouches Bzz avant de parcourir les labyrinthes de la mine, de faire de la luge, de voyager à dos de cigogne et d'affronter enfin l'ignoble GARGAMEL!
Snake Rattle n Roll (Europe)	Snake Rattle And Roll est un jeu de plates-formes en 2D isométrique sur Megadrive. Incarnez Rattle ou Roll, deux serpents qui, pour finir les niveaux qu'ils vont parcourir, devront manger et encore manger, afin de grossir et pouvoir actionner la porte de sortie !
Snow Bros. - Nick & Tom (Japan) (En)	Snow Bros. Nick & Tom est un jeu de plates-formes sur Megadrive se présentant comme une succession de tableaux à écran fixe. Le but est d'éliminer tous les ennemis de chaque niveau grâce aux Snow Brothers qui disposent de pouvoirs magiques liés au froid et à la neige. Nick et Tom tenteront de retrouver le vil King Scorch, responsable du kidnapping de leurs princesses.
Socket (USA)	Socket, nommé au Japon Time Dominator, est un jeu vidéo de plates-formes sorti en 1993 sur Mega Drive. Le jeu a été développé et édité par Vic Tokai.
Sol-Deace (World) (Evercade)	Sol-Feace est un shoot'em up sur Megadrive comprenant six niveaux différents et plusieurs armes (balles au plasma, lasers ou encore missiles). Il est possible en cours de jeu de réaligner ses armes pour les faire tirer dans une autre direction.
Soldiers of Fortune (USA)	Vous contrôlez l'un des six personnages disponibles et avez un allié qui peut être dirigé soit par l'ordinateur, soit par un ami. Le but est d'arriver à éradiquer un engin devenu incontrôlable et qui transforme les êtres vivants en machine à tuer. Pour cela, vous devrez aussi éradiquer les bêtes qu'elle a créées.
Sonic & Knuckles (World)	Sonic & Knuckles unissent leurs forces pour vaincre le Dr. Robotnik dans une nouvelle aventure aux possibilités illimitées. Découvrez la puissance des poings de Knuckles, son super vol plané et son habileté à escalader les murs ou alors utilisez la vitesse légendaire de Sonic.
Sonic & Knuckles + Sonic The Hedgehog (USA, Europe) (Lock-On)	Succession de Special Stages &quot;Blue Sphere&quot; dans le style de Sonic 3 et de Sonic & Knuckles.
Sonic & Knuckles + Sonic The Hedgehog 3 (USA) (Lock-On)	Le Death Egg du Dr. Eggman (connu aussi sous le nom de Dr. Robotnik) a une fois de plus été détruit par Sonic, et a dû faire un atterrissage forcé au sommet d'un volcan sur la Floating Island. Mais le Dr. Eggman n'a pas encore dit son dernier mot, et Sonic doit l'empêcher de mettre la main sur la Master Emerald et de réparer le Death Egg. Sonic doit aussi semer Knuckles, qu'il a à ses trousses ; mais Knuckles a aussi ses problèmes. En tant que gardien de la Floating Island et des Emeralds, Knuckles doit jouer son rôle de gardien et protéger l'île. Mais alors qu'ils s'affrontent, qui arrêtera le Dr. Eggman ?
Sonic 3D Blast (USA, Europe, Korea) (En)	Qui aurait cru qu'un Sonic en 3D sortirait sur Mega Drive ? La jouabilité est aussi bonne que les autres opus et les mondes sont très différents. Vous devez sauver des Flickies : ce sont des petits oiseaux aux pouvoirs magiques, mais qui ont été transformés en robots par l'infame docteur Robotnik. Votre mission : sauter sur la tête de ces robots pour qu'ils redeviennent des Flickies, faire en sorte qu'ils vous suivent en vous approchant d'eux (vous entendrez une petite musique si c'est le cas) et enfin vous suspendre aux bords des gros anneaux pour sauver les Flickies. Bref, cette adaptation est une véritable révolution avec plein de nouveautés (et des bonus si vous trouvez Tails et Knuckles avec 50 anneaux sur vous). Même si ce jeu est un peu plus difficile à cause de la 3D, je vous recommande de le télécharger car cela vaut vraiment le coup.
Sonic Compilation (Europe)	Sonic Compilation sur Megadrive est, comme son nom l'indique, une compilation de plusieurs titres de l'univers de Sonic. Retrouvez donc sur la même cartouche : Sonic the Hedgehog, Sonic the Hedgehog 2 et Dr. Robotnik's Mean Bean Machine.
Sonic Crackers (USA) (Proto)	Sonic Crackers, également appelé Sonic Studium, était un prototype de jeu vidéo développé par la Sonic Team et édité par Sega. Il s'agissait d'un jeu de plates-formes de la série Sonic prévu sur Mega Drive. Le jeu met en scène Sonic et son ami Miles &quot;Tails&quot; Power. Ce prototype a servi de base pour Knuckles' Chaotix, sorti sur 32X en 1995.
Sonic Eraser (Japan) (Sega Game Toshokan)	Sonic Eraser est un puzzle-game inspiré de Columns qui consiste à réaliser des alignements de plusieurs symboles identiques en changeant l'orientation des blocs qui chutent du haut de l'écran. Il permet d'affronter l'IA ou de rivaliser avec un autre joueur en ligne. Il existe aussi un mode coopératif proposant plusieurs options de jeu.
Sonic Spinball (USA)	Accompagné de son ami Tails, Sonic le hérisson bleu le plus rapide de la galaxie doit à nouveau affronter le Dr Robotnik dans Sonic Spinball sur Megadrive. Le quartier général ennemi est installé en haut d'un volcan, et le mécanisme qui le protège est similaire à celui d'un flipper. Mettez-vous en boule et escaladez le Mont Mobius pour libérer les animaux transformés en robots par votre pire ennemi.
Sonic The Hedgehog (USA, Europe)	Franchissez le mur du son avec Sonic The Hedgehog (Sonic l'Hérisson). Crachez du feu avec la &quot;Formidable Attaque Supersonique&quot;. Faites un looping en défiant la gravité. Vous pouvez même faire un tour de 360° sur vous-même dans un laboratoire circulaire. Vous n'avez jamais rien vu de tel!
Sonic The Hedgehog 2 (World)	Sonic est de retour et meilleur que jamais. Il est absolument super! Il déborde d'énergie! Sa nouvelle super attaque éclair est extraordinaire, comme son nouvel ami, &quot;Tails&quot;, le renard. Vous n'en croierez pas vos yeux. Et, pris par le feu de l'action, vous ne lâcherez plus les commandes.
Sonic The Hedgehog 3 (USA)	Attention, Sonic revient. Sonic et Tails doivent affronter des épreuves redoutables pleines d'adversaires inédits. Le bonus stage en 3D vous rendra complètement dingue.
Sorcerer's Kingdom (USA)	Sorcerer's Kingdom est un jeu vidéo RPG, développé par NCS Masaya sur Megadrive et édité par Treco.
Sorcerian (Japan)	Sorcerian est un jeu de rôle sur Megadrive vous mettant à la tête d'un groupe de quatre aventuriers. Au fil des donjons, vous rencontrerez de nombreux monstres prêts à tout pour vous empêcher d'avancer dans votre quête principale.
Space Harrier II (World)	Space Harrier II est un shoot'em up sur Megadrive. Le personnage dirigé à la troisième personne peut courir ou voler, et doit éviter les obstacles et tirs ennemis. Faites preuve d'adresse pour arriver au terme des 18 niveaux, chacun se terminant par un affrontement avec un boss.
Space Invaders '91 (USA)	Space Invaders est l'adaptation sur Megadrive du légendaire jeu de shoot sorti sur bornes d'arcade à la fin des années 70. Cette version reste très fidèle à l'originale en n'apportant que très peu d'améliorations graphiques, comme par exemple des illustrations remplaçant le fond noir traditionnel. Il faut toujours repousser la menace extraterrestre en éliminant les aliens avant qu'ils n'atteignent le bas de l'écran.
Sparkster (USA)	Sparkster est la suite sur Megadrive de Rocket Knight Adventures sorti en 1993. La fille du Roi a été enlevée après une attaque ennemie. Seul Sparkster, jeune opossum leader du clan Rocket Knight, peut aller la retrouver. En plus de son habilité au combat, Sparkster possède un propulseur accroché sur son dos qui lui permet de flotter quelques secondes dans les airs. Il sera également amené à piloter différents engins pour arriver jusqu'aux kidnappeurs de la princesse.
Speedball 2 - Brutal Deluxe (World) (Evercade)	Speedball 2 sur Megadrive est un titre qui oppose deux équipes dans un sport futuriste mélangeant football américain et handball. Les joueurs doivent faire entrer une boule en fer dans le but adverse par tous les moyens. Il est autorisé de frapper les adversaires pour se saisir de la balle, et les faire sortir sur blessure rapporte autant de points qu'un but.
Spider-Man (USA) (Tengen) (Demo)	Spider-Man est une nouvelle adaptation du comics de Marvel sur Megadrive. Le Bouffon vert, Octopus et Smythe se sont évadés de prison. Peter Parker enfile son costume de Spider-Man pour les retrouver et les y renvoyer. En le contrôlant, vous pouvez utiliser sa toile comme une liane pour traverser des obstacles où en faire des missiles pour éliminer les ennemis. La toile est cependant limitée et il faut trouver des recharges au préalable pour ne pas risquer de tomber à sec en pleine bagarre.
Spider-Man (USA, Europe)	Spider-Man est une nouvelle adaptation du comics de Marvel sur Megadrive. Le Bouffon vert, Octopus et Smythe se sont évadés de prison. Peter Parker enfile son costume de Spider-Man pour les retrouver et les y renvoyer. En le contrôlant, vous pouvez utiliser sa toile comme une liane pour traverser des obstacles où en faire des missiles pour éliminer les ennemis. La toile est cependant limitée et il faut trouver des recharges au préalable pour ne pas risquer de tomber à sec en pleine bagarre.
Spider-Man - Venom - Maximum Carnage (World)	Spider-Man & Venom : Maximum Carnage est un beat'em all sur Megadrive. Le jeu commence alors que Carnage s'échappe de l'asile de fous et que Spider-Man fait tout pour le remettre dans sa camisole. Vous incarnez donc Spider-Man (mais il est possible de jouer avec Venom à certains moments du jeu) et il faudra faire le ménage dans les niveaux en se débarrassant des multiples ennemis qui débarquent à l'écran.
Spider-Man - X-Men - Arcade's Revenge (USA, Europe)	Spider-Man et les X-men unissent leurs forces dans Spider-Man and the X-Men : Arcade's Revenge sur Megadrive. Vous incarnez au début l'homme-araignée poursuivant Arcade, qui a enlevé les X-Men pour les emmener dans un parc diabolique tout droit sorti de son imagination morbide. Une fois à l'intérieur vous pourrez choisir entre Tornade, Cyclope ou Wolverine, chacun disposant de ses attaques respectives.
Spider-Man vs. The Kingpin (World)	Vous incarnez l'homme-araignée. Wilson Fisk alias The Kingpin déclare à la presse qu'une bombe placée quelque part dans New York va exploser d'ici 24 heures. Il accuse directement Spider-Man, qui se retrouve avec la police sur le dos. Vous devez trouver la bombe et redorer votre blason, mais Octopus, Electro et Mysterio tenteront de vous barrer la route.
Spirou (Europe) (En,Fr,De,Es)	Spirou sur Megadrive est un jeu de plates-formes inspiré de l'univers gravitant autour du personnage de bandes dessinées de la maison Dupuis. Bien que l'aventure débute à New York, le jeu ne reprend pas l'histoire de l'album intitulé Spirou à New York. Ici, Spirou doit arrêter les plans de Cyanure, qui tente de réduire les humains en esclavage. Aidé de son écureuil Spip, Spirou court, saute et grimpe dans les niveaux à la recherche du Comte de Champignac, enlevé par Cyanure.
Splatterhouse 2 (World) (Evercade)	Splatterhouse 2 est un beat'em all sur Megadrive. Le joueur contrôle Rick qui est prêt à tout pour sauver sa copine Jennifer, même à mettre un masque maudit qui le transforme en tueur assoiffé de sang. En plus de ses poings et de ses pieds, Rick peut espérer se défendre en ramassant différentes armes (bombes, fusil à pompe, tronçonneuse...) au cours des huit niveaux que compte le jeu.
Splatterhouse 3 (World) (Evercade)	Splatterhouse 3 est un beat'em all sur Megadrive. Une entité maléfique nommée &quot;The Evil One&quot; a kidnappé la femme et le fils de Rick et ce dernier n'a donc plus le choix : il doit à nouveau porter le masque du démon qui le transforme en tueur sanguinaire. Le joueur devra se débarrasser de nombreux ennemis à travers les six niveaux que compte le jeu. Il est possible de ramasser des bonus ainsi que des armes en cours de route afin d'affronter les redoutables boss.
Sport Games (Brazil) (En)	Le public est incontrôlable, tandis que la hola parcours l'ensemble des tribunes. Et c'est vous qui êtes au devant de la scène ! nnSuper Volleyball: services, smashs incroyables, réceptions parfaites. Toutes les émotions de la Ligue mondiale de volleyball. Championnat du monde de football II: dribbles, tacles, coups francs etc font partie de ce défi incroyable pour les pelouses internationales. Super Real Basketball: paniers à trois points, lancers francs, passes décisives... Montrez ce que vous êtes capable de faire avec un ballon de basket dans vos mains. PRÉPAREZ VOTRE CHANGEMENT DE T-SHIRT ... ET LES BOUTONS DE VOTRE JOYSTICK.
Sports Talk Baseball (USA)	Sports Talk Baseball est, comme son nom l'indique, un jeu de base-ball sur Megadrive. Choisissez votre équipe parmi la sélection de 1991 et lancez-vous dans la compétition en compagnie de Ruben Sierra, Cecil Fielder, Ken Griffey Jr. ou Cal Ripkin Jr.
Spot Goes to Hollywood (USA)	Spot goes to Hollywood est un jeu de plates-formes sur Megadrive mettant en scène Spot, le petit personnage rouge des publicités 7Up. Enfermé dans un projecteur de film, Spot devra naviguer à travers plusieurs bobines aux genres différents (aventure, horreur, pirate...) représentés par autant de niveaux à parcourir.
Star Cruiser (Japan)	200 ans se sont écoulés depuis que la Terre Centrale a mis fin à une guerre qui a commencé lorsque les humains ont établi le premier contact avec les aliens. L'équilibre des forces est cependant mis en péril par la nation militariste VOID, qui tente d'expulser tous les aliens de la société civilisée, et par les restes de la Fédération Terrienne. La VOID prévoit de faire la guerre et de prendre le contrôle de la galaxie, mais un petit bataillon sur le satellite Ganymède de Jupiter est entraîné pour résister à la VOID. Les innovations du jeu comprenaient des graphismes polygonaux entièrement en 3D novateurs, et un système mélangeant RPG et tir à la première personne avec un contenu solide : conseil galactique, planètes à explorer, missions au sol, combat dans l'espace ... Un vaste univers en monde ouvert, vous permet d'explorer plus de 30 planètes à travers quatre systèmes stellaires dans un space opera épique bien scénarisé.
Star Mobile (USA, Europe) (Mega Drive Mini 2, Genesis Mini 2)	Star Mobile est un jeu de puzzle en temps réel. Des étoiles tombent du ciel sur une échelle. Vous devez déplacer les étoiles de manière à ce qu'elles ne déséquilibrent pas l'échelle. Certains zones de l'échelle interagissent différemment avec les étoiles qui leur tombent dessus.
Star Odyssey (USA) (Super Fighter Team)	Nous sommes en 2011 et la MegaDrive a accueilli cette année un nouveau RPG : Star Odyssey. Cependant, “nouveau” RPG n’est pas le terme approprié. Star Odyssey est en réalité la version localisée d’un jeu jamais sorti hors du Japon : Blue Almanac. Et ce jeu date de 1991, ce qui nous amène dans la première phase de la longue vie de la MegaDrive. Préparez-vous pour une expérience old-school !
Star Trek - Deep Space Nine - Crossroads of Time (USA)	Star Trek : Deep Space Nine : Crossroads of Time est l'adaptation sur Megadrive de la troisième série télévisée Star Trek. Vous incarnez Benjamin Sisko, le commandant de la station spatiale Deep Space Nine. La station est attaquée par des terroristes que vous devrez découvrir. En utilisant plusieurs objets, vous devrez secourir les otages, éliminer les ennemis ou encore désactiver des bombes.
Star Trek - The Next Generation - Echoes from the Past (USA)	Star Trek : The Next Generation - Echos from the Past est l'adaptation sur Megadrive de la deuxième série Star Trek, sous-titrée La Nouvelle Génération et diffusée entre les année 80 et 90. Vous êtes aux commandes de l'USS Enterprise, dirigé par le capitaine français Jean-Luc Picard. Vous devez répondre aux appels de détresse de plusieurs personnes sur les différentes planètes de l'univers Star Trek. Une fois arrivé à destination, vous formez une équipe de quatre pour secourir les personnes qui
Star Wars (USA) (Proto)	Basé sur Super Star Wars, sorti pour la SNES. Le jeu était développé par Sega Interactive mais annulé pour des raisons inconnues. Le développement a commencé à la fin de 1992 et s'est terminé vers la fin de 1993. Mis à part quelques mentions dans les magazines de jeu de cette période, le jeu n'a pas été montré jusqu'à présent. Aucune des cinématiques ne semble être mise en œuvre. Certaines étapes ne sont que des écrans d'espace réservé avec du texte. L'en-tête ROM est basé sur Greendog, qui était un autre titre développé par Sega Interactive à la même époque.
Starflight (USA, Europe)	Starflight est un jeu de rôle sur Megadrive. Le joueur doit réunir une équipe et personnaliser son vaisseau pour partir à l'aventure dans l'immensité de l'espace. Il faudra explorer la galaxie en visitant plusieurs planètes pour trouver des ressources essentielles à la continuation de l'aventure. Au cours des missions, il faudra décider si l'on souhaite combattre les ennemis extraterrestres ou bien chercher plutôt la voie de la diplomatie.
Stargate (USA, Europe)	Stargate sur Megadrive, est un jeu d'action / plates-formes basé sur le film du même nom réalisé par Roland Emmerich. Le joueur incarne le colonel O'Neil et sa première mission est de retrouver son équipe, ainsi que le Docteur Jackson, alors qu'ils ont traversé la porte des étoiles pour arriver sur la lointaine planète désertique d'Abydos. Il faudra ensuite mener l'assaut contre Râ et ses troupes pour espérer rentrer sur Terre en un seul morceau.
Steel Empire (USA)	Empire of Steel est un shoot'em up sur Megadrive. Le joueur peut choisir de voler avec l'avion Striker ou l'Attaquant Z-01 Zeppelin pour lutter contre l'ennemi au travers de sept niveaux progressifs en difficulté, contenant chacun un patron à la fin, qui doit être vaincu pour pouvoir avancer au niveau suivant. Les niveaux comportent également des mini-boss moins puissants, qui apparaissent à la moitié d'un niveau.
Steel Talons (USA, Europe)	Steel Talons est une simulation d'hélicoptère sur Megadrive. Après avoir perfectionné votre technique de vol dans la mission d'entraînement, vous pourrez tenter d'éliminer les adversaires volants ou au sol dans les onze autres missions du jeu. Avec une vue à la troisième personne sur votre hélicoptère en 3D, vous contrôlez sa direction, sa hauteur et ses missiles. Chaque mission consiste à abattre des ennemis en un temps limité.
Stone Protectors (World) (Steam)	Stone Protectors est un jeu d'action de type Beat them all en 2D. Le jeu a été développé par Eurocom et édité par Kemco sur Super Nintendo. Il est sorti en Amérique du Nord en novembre 1994 puis au Japon le 28 avril 1995. Il s'agit d'une adaptation du dessin animé éponyme, Stone Protectors, lui-même basé sur les figurines Troll dolls.
Stormlord (USA)	La reine Badh a imposé une terrible vengeance à la terre en enlevant les fées. Pour rétablir la situation, vous devez les sauver. Au fur et à mesure que vous progressez dans les niveaux du jeu, vous rencontrerez des fées que vous pourrez sauver en les touchant. Les ennemis sont les pièges à mouches de Vénus, des pluies acides et des dragons, qui peuvent être évités ou tués dans les sections bonus. Pour atteindre certains niveaux, vous aurez besoin de l'aide de Mael Dvin l'Aigle. Après chaque niveau, il y a un jeu bonus dans lequel il faut collecter des larmes pour gagner des points.
Street Fighter II' - Special Champion Edition (USA)	Street Fighter II' : Special Champion Edition sur Megadrive vous lance dans l'arène pour cette nouvelle déclinaison de la saga de Capcom. Dans ce jeu de baston, vous retrouvez huit combattants de légende ainsi que les quatre boss qui sont débloqués dès le début du jeu (Balrog, Sagat, Vega et M. Bison). Maîtrisez chacune des techniques propres aux personnages dans ce titre à la jouabilité nerveuse et aux coups ravageurs.
Street Racer (Europe)	Street Racer est un jeu de courses dans lequel tous les coups sont permis. Huit personnages sont proposés, avec des caractéristiques différentes pour leur véhicule. Certains seront plus rapides alors que d'autres seront plus résistants aux attaques adverses. En plus des courses où l'important est de gagner, quelle que soit la manière, d'autres modes sont disponibles en solo ou à plusieurs : Rumble (bagarre) et Soccer (football).
Street Smart (Japan, USA) (En)	Quand on entend SNK, on pense tout de suite King Of Fighters, Fatal Fury, Samurai Shodown, ou Art Of Fighting. Autant de sagas de jeux de combat qui ont fait le tour du monde et on laissé un sentiment unanime de qualité.
Streets of Rage (World) (En,Ja)	La ville est sous le contrôle d'un syndicat du crime organisé. Trois jeunes policiers ont quitté les forces de la police métropolitaine et se préparent à vaincre l'organisation par leurs propres moyens!
Streets of Rage 2 (USA)	Choisissez un des quatres combattants et plaquez vos ennemis au sol par des super mouvements d'arts martiaux! Tapez-leur dessus avec des tuyaux ou taillez-les en morceaux avec des couteaux et des armes Ninja! Soyez prêt pour un combat incroyable avec Streets of Rage!
Streets of Rage 3 (USA)	Battez-vous pour la justice! Axel a été arrêté, victime d'une machination, vous seul pouvez prouver son innocence. 8 niveaux tous plus redoutables les uns que les autres, de nouveaux héros, de nouveaux coups; bref un nouvel épisode passionnant de la fabuleuse saga des &quot;Streets of Rage&quot;.
Strider (USA, Europe)	Vous incarnez Hiryu, un membre de la confrérie des Striders, sorte d'ordre chevaleresque des temps modernes, en lutte avec le sinistre &quot;Grand Master Meio&quot;, qui souhaite conquérir le monde. Votre confrérie décimée, vous êtes l'un des seuls Striders encore en vie pour réclamer vengeance. Le jeu se présente sous la forme d'un jeu de plates-formes. Armé de votre sabre laser (Cypher), il vous faudra éliminer de nombreux ennemis au grès de niveaux variés allant de l'Union Soviétique à la forêt vierge. Vous pourrez aussi vous accrocher aux parois grâce à un crochet métallique Occasionnellement, des bonus obtenus en détruisant des capsules vous permettront d'agrandir la portée de votre sabre ou encore de vous faire accompagner par un petit robot détruisant vos ennemis. On appréciera le côté spectaculaire des mouvements du personnages dégainant son arme ou tournoyant dans l'air en sautant.
Striker (Europe) (En,Fr,De,Es,It)	Choisissez parmi les 64 équipes internationales présentes et optez pour la meilleure stratégie une fois dans le match. Lancez-vous dans la compétition pour remporter la Coupe du Monde et marquez un maximum de buts pour accéder à la gloire.
Sub-Terrania (USA)	Subterrania est un jeu shoot'em up sur Megadrive. Des extraterrestres ont envahi une colonie minière et c'est à vous de les en déloger. Il faudra piloter votre vaisseau à travers différentes cavernes pour détruire les envahisseurs et sauver les mineurs pris au piège. Le jeu mélange phases de tir et d'exploration et propose un total de dix missions.
Sumisei Home Tanmatsu (Japan) (Program)	Sumisei Home Tanmatsu permet aux utilisateurs de gérer leur assurance-vie auprès de Sumitomo Life (d'où le « Sumisei » dans le titre). On sait peu de choses sur cette cartouche, si ce n'est qu'elle était conçue pour être utilisée avec le Mega Modem.
Sunset Riders (USA)	Sunset Riders vous envoie vous et votre Megadrive dans le Far West américain, à l'époque des cow-boys et des chasseurs de prime. Richard Rose, l'un des plus grands bandits, a décidé de tout contrôler pour devenir le maître de l'Ouest. Seul les Sunset Riders, quatre justiciers rapides de la gâchette, peuvent l'en empêcher. Vous avez le choix parmi Steve, Bob, Billy et Cormano pour éliminer tous les sous-fifres de Rose. Chacun possède une arme différente, revolver ou fusil.
Super Baseball 2020 (USA, Europe)	Dans ce jeu, le baseball est revisité avec des éléments futuristes même si les règles sont conservées. Par exemple, pendant la phase de défense, les joueurs peuvent sauter très haut à l'aide de jetpacks. Les équipes comprennent des joueurs humains et des robots. Certaines équipes ne sont composées que de robots. Chaque action effectuée rapporte de l'argent. Avant que le lanceur ne lance la balle, le joueur peut changer de batteur ou améliorer sa puissance (vitesse, frappe, résistance). Les améliorations ont trois niveaux maximum. En phase de défense, le joueur contrôle à tour de rôle le lanceur et les joueurs de champs. En tant que lanceur, il y a plusieurs choix de tirs selon le lanceur utilisé.
Super Battleship - The Classic Naval Combat Game (USA)	Super Battleship est l'adaptation de la bataille navale sur Megadrive. En plus de la version traditionnelle en un contre un avec des grilles, le jeu propose un mode mission. Sur une carte, il faut partir à la recherche des bateaux ennemis pour les faire couler. Plusieurs types de missiles permettent de venir à bout des plus gros navires.
Super Daisenryaku (Japan)	Super Daisenryaku est l'un des nombreux titres de la longue série de jeux de stratégie de guerre de SystemSoft. Les mécanismes de jeu sont basés sur Daisenryaku II, mais de nombreuses cartes incluses sont uniques à cette version. Il n'y a pas de mode campagne, et toutes les cartes incluses peuvent être jouées. Certaines cartes sont prévues pour deux joueurs, d'autres pour quatre, et toutes les cartes peuvent être jouées avec n'importe quelle combinaison de joueurs humains et informatiques. Les versions sur ordinateur disposent également d'un éditeur. Le jeu se déroule sur une grande carte composée d'espaces hexagonaux, chacun d'entre eux étant constitué d'un des types de terrain inclus. Chaque joueur contrôle un certain nombre d'unités, qui occupent chacune un espace sur la grille. Les types d'unités sont pour la plupart basés sur l'équipement militaire réel de l'époque de la sortie du jeu.
Super Fantasy Zone (USA) (En,Ja) (Mega Drive Mini, Genesis Mini)	Super Fantasy Zone est un shoot'em up sur Megadrive. Le joueur contrôle Opa Opa aux commandes d'un petit vaisseau qui évolue dans des niveaux colorés aux multiples ennemis à éliminer. Au fur et à mesure des niveaux, les pièces récoltées peuvent servir à améliorer le vaisseau (nouvelles armes, meilleure protection...) afin d'être paré contre les boss de fin de niveau.
Super Hang-On (Japan, USA) (En,Ja)	Super Hang-On est un jeu de courses de moto sur Megadrive. Prenez votre bécane et partez à l'assaut des routes du monde entier en terminant les circuits dans le temps imparti. Chaque continent propose un niveau de difficulté différent et les concurrents sont autant d'obstacles à éviter sur la route.
Super High Impact (USA)	Super High Impact est un jeu de football américain sur Megadrive. Choisissez parmi les 18 équipes présentes et lancez-vous sur le terrain pour des parties musclées et riches en mêlées. Des bagarres peuvent se déclencher et il faudra marteler les boutons pour s'en sortir. Plusieurs niveaux de difficulté sont disponibles et un mode deux joueurs permet de jouer avec (ou contre) un ami.
Super Hydlide (USA)	Super Hydlide est un jeu de rôle sur Megadrive. Choisissez l'une des quatre classes disponibles pour votre héros (guerrier, voleur, prêtre ou moine) et partez à l'aventure pour sauver le monde de Hydlide, en proie à une invasion de démons. Utilisez vos armes ou la magie pour venir à bout des monstres et pensez à dormir et à manger de temps en temps pour faire remonter votre énergie.
Super Kick Off (Europe)	Super Kick Off sur Megadrive vous permet de choisir parmi quarante équipes de football (16 nationales et 24 clubs). Après avoir exploré le complet mode Training vous pourrez vous lancer dans un championnat national ou une compétition internationale. Vous pouvez aussi créer votre propre compétition. A noter que tous les changements que vous apporterez aux équipes et leur composition, sont sauvegardés grâce à la mémoire intégrée à la cartouche.
Super Locomotive (World) (Mega Drive Mini 2, Genesis Mini 2)	Super Locomotive est un jeu avec des trains contenant de la musique basée sur le hit &quot;Rydeen&quot; joué par Yellow Magic Orchestra en 1979. Ce jeu est sorti sous forme de bonus sur la Mega Drive Mini 2.
Super Monaco GP (World) (En,Ja)	Super Monaco GP sur Megadrive est l'adaptation du jeu arcade du même nom. Le jeu inclut les séances de qualifications, dans lesquelles il vous faut briller pour prendre le départ de la course en bonne position. Seul ou à 2 joueurs en écran partagé, testez vos réflexes sur les circuits officiels du championnat du monde FIA de l'époque.
Super Skidmarks (Europe) (J-Cart)	Super Skidmarks est un jeu de courses sur Megadrive. Le soft propose deux modes différents : le mode Compétition qui permet de s'affronter avec différents véhicules sur divers circuits ainsi qu'un mode Championnat qui offre une ligue entre pilotes qui s'affrontent sur 4 circuits prédéfinis.
Super Smash T.V. (USA, Europe)	Super Smash T.V. sur Megadrive vous place dans un morbide, mais heureusement fictif, jeu télévisé, où deux combattants armés jusqu'aux dents s'affrontent au travers de diverses arènes remplies d'individus mortellement dangereux. Le but est de faire plus de dégâts que votre adversaire, tout en récoltant un maximum de cadeaux.
Super Street Fighter II (USA)	Super Street Fighter II : The New Challengers est une variante de Street Fighter II sortie en 1994 sur Megadrive. Quatre nouveaux personnages sont au programme, en plus des boss cachés dans le jeu original, portant le nombre de personnages à un total de 16. Les fonctions multijoueurs apportent également des nouveautés, avec le mode élimination et le mode tournoi à huit. Enfin, il est toujours possible de jouer en solo, en affrontant un à un, tous les personnages du jeu.
Super Thunder Blade (World)	Dans Super Thunder Blade sur Megadrive vous êtes aux commandes d'un super hélicoptère de combat et vous menez des missions contre des guérilleros qui veulent conquérir le monde. Vous serez confronté à des sous-marins, des tanks, des chasseurs et d'autres dangers. Vous devrez piloter de manière irréprochable si vous voulez survivre au déluge de balles qui vous attend. Utilisez vos nombreuses armes pour éliminer toutes les cibles ennemies et mettre un terme à leurs projets une fois pour toutes.
Super Volleyball (USA)	Contrôlez une équipe de joueurs et participez aux tournois internationaux dans le seul jeu de volley-ball sur Megadrive. Mélange de stratégie et d'action vu de côté et en 2 dimensions, le jeu propose de nombreuses actions techniques qui permettent de mieux enchaîner les coups spéciaux et maîtriser la balle, animée à vitesse variable. Huit équipes sont disponibles, dont celles de la Chine, du Brésil, des Etats-Unis et de l'Italie.
Superman (USA)	Superman : The Man of Steel est un jeu d'action sur Megadrive dans lequel vous incarnez le super héros Superman. Le jeu est tiré des comics originaux, vous retrouvez donc de nombreuses connaissances comme par exemple Lex Luthor, Byzaro et Brainiac. Participez à des combats au sol ou aériens dans Metropolis, la zone fantôme, l'hyper-espace ou encore beaucoup d'autres environnements.
Surging Aura (Japan)	Dans la rubrique des RPGs oubliés dans un coin, Surging Aura est un jeu que peu d’entre vous auront connu. Pourtant ce jeu peut se révéler relativement sympathique pour tous ceux qui apprécient les graphismes façon phantasy star 4. La question qui se pose donc est comme à l’accoutumée : que vaut ce jeu exactement ?
Swamp Thing (USA) (Proto)	Swamp Thing est un jeu d'action plates-formes 2D à thème de super héros sorti sur NES et Game Boy en 1992. Il a été développé par Imagineering (version NES) et par Equilibrium (version Game Boy) et édité par THQ. Il s'agit d'une adaptation du comic et dessin animé éponyme.
Sword of Sodan (World) (Evercade)	Le jeu d'action aventure Sword of Sodan sur Megadrive se déroule dans un univers médiéval en deux dimensions où un héros en quête de vengeance affronte le terrible Lordan, nécromancien retranché dans sa tour construite en os humains. Le joueur incarne ce héros et combat toutes sortes d'ennemis maléfiques, possédant comme arme la mythique épée de Sodan héritée de son père. Il est également possible d'incarner la soeur du héros, sans que cela n'affecte la jouabilité.
Sword of Vermilion (USA, Europe)	Sword of Vermilion sur Megadrive est un jeu de rôle dans lequel votre personnage doit retrouver les huit anneaux du Bien afin de sauver son monde. Traversez quatorze villes, étoffez votre inventaire, montez votre niveau en affrontant les monstres qui obstruent votre chemin et parcourez de nombreux donjons pour triompher du mal.
Syd of Valis (World) (Retro-Bit)	Ce jeu d'action et de plates-formes japonais constitue le second épisode de la série Mugen Senshi Valis. Au fil des niveaux, le joueur doit affronter de multiples ennemis, sauter de plates-formes en plates-formes, puis combattre des boss.
Sylvester & Tweety in Cagey Capers (USA, Europe)	Premier jeu à mettre en scène Titi et Grominet, Sylvester And Tweety In Cagey Capers permet d'incarner le célèbre matou à la poursuite de l'agaçant Canari pour de l'action pure et dure sur Megadrive. Dans chaque niveau, le joueur doit donc rattraper le volatile et éviter les pièges de la Grand Mère et de nombreux personnages Looney Tunes.
Syndicate (USA, Europe) (En,Fr,De)	Le jeu de stratégie Syndicate sur Megadrive présente un univers futuristique dans lequel les grandes compagnies ne respectent aucune règle de moral pour couler la concurrence. Vous êtes le directeur marketing de l'une d'entre elles. Avec les hommes de mains que vous aurez engagés, vous devez imposer votre loi dans des missions d'infiltration et de sabotage à l'intérieur des bâtiments adverses.
T2 - Terminator 2 - Judgment Day (USA, Europe)	Terminator 2 : Judgment Day sur PC reprend l'intrigue du film culte. Vous incarnez donc le T-800, en charge de protéger John Connor, menacé de mort par le T-1000. Eliminez tout opposant par les poings ou par les armes dans les différents niveaux de jeu (combats, courses-poursuites, énigmes).
T2 - The Arcade Game (USA, Europe)	T2 : The Arcade Game sur Megadrive est la conversion d'un jeu de tir sorti sur borne d'arcade. L'intrigue est celle du film Terminator 2 et deux joueurs peuvent jouer ensemble pour défaire les nombreux ennemis. Faites équipe et affrontez le redoutable T-1000 !
Taikou Risshiden (Japan)	Taikou Risshiden («La Success Story de Taikou») est le premier jeu de la série Taikou Risshiden de Koei, un jeu open world qui permet au joueur de créer son propre personnage dans la société de l'ère Sengoku (samouraï, marchand...) et suivre une histoire qui change en fonction de leur position et les décisions qu'ils prennent.
TaleSpin (USA, Europe)	Dans TaleSpin sur Megadrive, vous incarnez l'ours Baloo et devez l'aider à acheminer ses cargaisons. Le jeu alterne séquences de plates-formes et phases de pilotage aérien. Bravez les conditions climatiques, débarrassez-vous des pirates de l'air, mais surtout, prenez garde aux griffes acérées de Sher Khan !
Target Earth (USA)	Target Earth est un jeu d'action en 2D sur Megadrive dans lequel vous contrôlez un personnage en armure verte qui tire sur tous les ennemis à l'écran. Vous intervenez dans la colonie humaine de Ganymede où de sombres ennemis tentent de vous faire mordre la poussière (d'étoile)...
Task Force Harrier EX (USA)	Task Force Harrier Ex est un jeu de tir sur Megadrive. Vous contrôlez un hélicoptère et vous devez éliminer tous les ennemis qui se rapprochent de vous en leur tirant dessus. Plusieurs bonus sont disponibles tout au long du jeu. En les récupérant, vous pouvez par exemple tirer plus de coups en même temps ou avoir une protection accrue.
Taz in Escape from Mars (USA)	Taz in Escape from Mars sur Megadrive vous permet d'incarner le célèbre tigre de Tasmanie, capturé par Marvin le Martien, puis exposé dans un zoo. Dans ce jeu de plates-formes aux créatures loufoques, vous devez aider Taz à s'échapper du zoo extraterrestre, et surtout, trouver un moyen de rentrer sur Terre.
Taz-Mania (World)	Taz-Mania sur Megadrive est un jeu de plates-formes tiré de l'univers franchement coloré des Looney Tunes. Dans cet opus, Taz est à la recherche d'un oeuf géant, caché dans une vallée perdue. Selon la légende, cet oeuf serait assez gros pour nourrir une famille pendant une année... Composé de 12 niveaux, le jeu restitue entre autres la fameuse attaque tornade de Taz pour se défendre.
Team USA Basketball (USA, Europe)	Team USA Basketball est un jeu de basket-ball sur Megadrive. Le titre, sorti en 1992, vous permet de jouer une des 14 équipes nationales proposées, lors des Jeux Olympiques de Barcelone. En outre, vous pouvez prendre l'équipe &quot;All-World&quot; regroupant les meilleurs joueurs du monde, hors Etats-Unis.
TechnoClash (USA, Europe)	TechnoClash est un jeu d'action-aventure sur Megadrive dans lequel vous incarnez Ronaan, un prince sorcier. Vous devez combattre le terible Homme Machine, qui comme son nom l'indique, est une créature mi-homme, mi-machine. Pour vous aider, deux gardes du corps sont présents, Chazz et Farrg. En plus de vos armes classiques, vous pouvez prendre le contrôle d'un engin volant, capable de se déplacer où bon lui semble.
Technocop (USA)	Techno Cop sur Megadrive est un jeu d'action futuriste dans lequel vous incarnez un policier qui cherche à éliminer tous les criminels de la ville. Le jeu est divisé en deux parties, une où il conduit sa voiture et où il doit éliminer les ennemis et une autre à pied dans un style d'action plus traditionnel.
Tecmo Cup Football Game (Europe) (Proto)	Tecmo Cup Football Game: Le jeu suit l'aventure d'un jeune garçon nommé Robert, avec comme passion le football et un rêve de gagner la Coupe du Monde . Pour atteindre son ambition, il rejoint le Dreams FC avec son frère David et devient rapidement capitaine et joueur étoile de l'équipe.
Tecmo Super Baseball (USA)	Tecmo Super Baseball est un jeu de sport sortis en 1994 sur Megadrive.
Tecmo Super Bowl (USA)	Tecmo Super Bowl est un jeu de football américain sur Megadrive. Jouez avec les vrais joueurs de la NFL (National Football League) en suivant les véritables calendriers de saison. Des effets météo (pluie, neige) sont également présents. Faites grimper votre équipe jusqu'au sommet, et remportez le fameux Super Bowl !
Tecmo Super Bowl II - Special Edition (USA)	Tecmo Super Bowl II : Special Edition est un jeu de football américain sur Megadrive. Bénéficiant de la licence officielle de la NFL (National Football League), cette mouture de Tecmo Super Bowl apporte les statistiques et les calendriers de la saison 1993-1994 ainsi qu'un nouvel angle de vue pour plus de visibilité. Amenez votre équipe jusqu'à la récompense suprême : la finale du Super Bowl !
Tecmo Super Bowl III - Final Edition (USA)	Tecmo Super Bowl III : Final Edition est un jeu de football américain sur Megadrive. Cette version bénéficie d'une mise à jour des équipes, des joueurs et du calendrier pour coller avec la saison 1994-1995 de la NFL. Les vraies photos des joueurs sont présentes. Il est possible de créer ses propres formations (offensives, défensives) et d'aménager son propre tournoi de Pro Bowl.
Tecmo Super Hockey (USA)	Tecmo Super Hockey est un jeu vidéo de hockey, développé par Tecmo sur Megadrive et édité par Tecmo.
Tecmo Super NBA Basketball (USA)	Tecmo Super NBA Basketball est comme son nom l'indique un jeu de basket sur Megadrive. 27 équipes officielles sont présentes avec plus de 320 joueurs réels. Vous pouvez donc choisir votre équipe ou même votre joueur préféré et partir à la victoire à coup de dunks et de trois points. Différents points de vue de caméra se révèlent lors de certaines phases de jeu (lancer franc, fautes, etc).
Tecmo World Cup (USA)	Tecmo World Cup est une simulation de football sur Megadrive. Le titre vous propose de participer à la Coupe du Monde avec l'une des 24 équipes proposées. Plusieurs modes de jeu sont disponibles : le mode Coupe du monde bien sûr, le mode Exhibition qui vous permet de faire un match rapide, et le mode Versus qui vous permet d'affronter un autre joueur.
Teddy Boy Blues (Japan) (Sega Game Toshokan)	Teddy Boy Blues est un jeu de plateforme sortis en 1990.
Teenage Mutant Ninja Turtles - The Hyperstone Heist (USA)	Teenage Mutant Ninja Turtles : The Hyperstone Heist est un jeu d'action sur Megadrive. Shredder, l'ennemi incontournable des Tortues Ninja, a trouvé le moyen de détruire les bâtiments de la ville, grâce aux pouvoirs de l'HyperStone. Heureusement, Leonardo, Michelangelo, Raphael et Donatello ne l'entendent pas de cette oreille ! Avalez une dernière part de pizza et partez défier le sombre Shredder.
Teenage Mutant Ninja Turtles - Tournament Fighters (USA)	Teenage Mutant Ninja Turtles : Tournament Fighters est un jeu de combat sur Megadrive se déroulant dans l'univers des Tortues Ninja. Retrouvez vos 4 tortues préférées ainsi que d'autres personnages de la série comme Shredder. Le jeu propose un mode histoire où vous choisissez un seul personnage et allez jusqu'au bout pour sauver April et Splinter. Un mode tournoi est également présent mais vous vous battez uniquement pour la gloire (et l'argent) dans celui-ci.
Tel-Tel Mahjong (Japan)	Tel-Tel Mahjong est un jeu Sega Mega Drive exclusif au japon sorti en 1990. Il fait partie de la série des Tel-tel et est un des rares jeux où l'on pouvait s'affronter en ligne grâce au modem de la Mega Drive et au réseau Sega Net.
Tel-Tel Stadium (Japan)	Tel Tel Stadium est un jeu vidéo de Baseball, développé par Sunsoft sur Megadrive et édité par Sunsoft.
Terminator, The (USA)	The Terminator sur Megadrive est un jeu de plates-formes respectant fidèlement la trame du film du même nom. Vous incarnez Kyle Reese et devez sauver Sarah Connor du robot exterminateur. Chacun des 6 niveaux retrace l'une des scènes les plus mémorables du film, en commençant par le combat contre l'ordinateur Skynet.
Tetris (Japan) (En) (Mega 6)	Tetris sur Megadrive est le célèbre puzzle-game dans lequel vous devez empiler des briques afin de constituer des lignes qui s'effaceront au fur et à mesure de votre progression. La difficulté augmente au fil de votre avancée.
Tetris (USA) (Mega Drive Mini, Genesis Mini)	Tetris sur Megadrive est le célèbre puzzle-game dans lequel vous devez empiler des briques afin de constituer des lignes qui s'effaceront au fur et à mesure de votre progression. La difficulté augmente au fil de votre avancée.
Theme Park (USA, Europe) (En,Fr,De,Es)	Dans Theme Park, le joueur doit gérer son parc d'attraction. Pour le développer, il doit faire venir un maximum de visiteurs souhaitant un parc divertissant mais propre. Pour cela, il est possible de construire bon nombre d'attractions, allant du chateau gonflable aux montagnes russes ... Le joueur peut aussi construire des magasins comme des vendeurs de boissons, frites, glaces ... Il devra alors gérer les prix, les stocks et d'autres paramètres. La recherche de nouvelles attractions et de nouveaux commerces est possible en investissant dans les recherches. On peut également rechercher de nouveaux décors (arbres, fleurs) ou des infrastructures (poubelles, toilettes...). La gestion du personnel est également de la partie, il faudra recruter des mécaniciens, des agents de sécurité, des animateurs et des agents de propreté. La qualité de leur travail dépendra bien entendu de leur rémunération.
Thomas the Tank Engine & Friends (USA)	Thomas the Tank Engine & Friends est un jeu de courses sur Megadrive. Vous participez à des excursions spéciales à bord d'une locomotive. Des missions variées sont au programme : escorter des enfants ou des blessés à l'hôpital, distribuer le courrier, etc.
Thunder Force II (USA, Europe)	Jouable sur Megadrive, Thunder Force II est un jeu de tir dans lequel vous pilotez un vaisseau spatial et devez affronter les hordes d'ennemis volant pour sauver vos compatriotes et votre planète Nebula.
Thunder Force III (Japan, USA) (En)	Thunder Force III est un jeu de tir sur Megadrive. Votre mission est de repousser les Aliens jusqu'à leur retranchement et d'éliminer le chef de ces monstres. Pour cela, vous pilotez le seul, l'unique prototype à armement évolutif qu'est le thunderforce III et parcourez l'univers à la recherche des 6 planètes à nettoyer.
Thunder Fox (USA)	Thunder Fox sur Megadrive est un jeu d'action dans lequel vous incarnez au choix un agent d'une cellule antiterroriste, Thunder ou Fox. En effet, dans un futur proche la Terre est envahie par des groupuscules extrémistes voulant mettre le monde à feu et à sang. A vous de les en empêcher grâce à un arsenal d'armes de guerre démentiel !
Thunder Pro Wrestling Retsuden (Japan)	Thunder Pro Wrestling sur Megadrive est un jeu de combat et plus précisément de catch. Grimpez sur le ring, exhibez votre testostérone, utilisez vos muscles et échauffez la foule en brisant votre adversaire.
Tick, The (USA)	The Tick est un jeu d'action sur Megadrive. Le but est avant tout de démolir tous les ennemis qui se présentent. Le joueur incarne The Tick, super-héros de la série du même nom et il est possible d'appeler Arthur à la rescousse pour qu'il donne un petit coup de main. Il faut user des attaques de The Tick pour venir à bout de tous les ennemis et des nombreux boss.
Time Killers (USA)	Time Killers sur Megadrive est un jeu de combat dans lequel vous devez éliminer tout adversaire qui se présentera devant vous, et ce d'où qu'il vienne. Dans Time Killers, vos opposants peuvent venir du passé, du présent ou du futur, et chacun dispose de coups spéciaux. Dans un tournoi à mort, seul le survivant deviendra immortel. Soyez sans pitié.
Time Trax (USA) (Proto)	Vous êtes le capitaine Lambert dans Time Trax, un jeu d'action inspiré par la série télé des années 90. Vous faites partie des forces de l'ordre du futur et êtes chargé de remonter le temps pour mettre la main sur deux malfrats étant revenus en 1993. Vous pourrez compter sur votre équipement, vos armes et votre entraînement au combat pour traquer les vilains et les ramener derrière les barreaux en 2193.
Tinhead (World) (QUByte Classics)	Jouable sur Megadrive, Tinhead est un jeu de plates-formes dans lequel Tinhead, un héros de plomb, doit attraper Grim Squidge pour que ce dernier remette en place les étoiles qu'il a volées. Au total c'est à travers vingt-quatre niveaux que vous sautez, volez et tirez sur vos ennemis pour éviter que le monde ne sombre dans le noir.
Tintin in Tibet (Europe) (En,Fr,De,Es,Nl,Sv)	Tintin au Tibet sur Megadrive vous met dans la peau du plus célèbre reporter dans une histoire identique à celle de la BD. Alors qu'il est en vacances, Tintin apprend que son ami Tchang vient lui rendre visite mais l'avion avec lequel il doit partir s'écrase. En allant à sa recherche, Tintin se trouve embarqué dans une grande aventure. Ce jeu de plates-formes ne dispose d'aucun bouton d'attaque et se base uniquement sur vos capacités de saut et d'esquive.
Tiny Toon Adventures - ACME All-Stars (USA, Korea) (En)	Entrez dans le monde coloré de Tiny Toon Adventures : Acme All-Stars sur Megadrive. Ce jeu de sports vous invite à disputer des matches de foot ou de basket-ball mais revus par les Toons. Le titre propose quatorze personnages jouables dont le petit Bunny et Taz. Profitez de cet univers farfelu et utilisez les capacités spéciales de chacun pour faire gagner l'équipe.
Tiny Toon Adventures - Buster's Hidden Treasure (USA)	GAGNEZ UNE FORTUNE EN VOUS AMUSANT! Joignez-vous à Buster Bunny pour une chasse au trésor en 33 étapes. Le jeu le plus excitant, 24 &quot;carottes&quot; d'or!
TNN Bass Tournament of Champions (USA) (Rev 1)	TNN : Bass Tournament of Champions est un jeu de sport, plus précisément de pêche. Le titre vous invite à participer à trois tournois différents. Installez-vous sur six lacs, accrochez votre hameçon porte-bonheur, lancez la ligne et attendez pour que le gros poisson tombe dans le panneau. N'oubliez pas de prendre en considération la saison et le temps qu'il fait pour parvenir à vos fins.
TNN Outdoors Bass Tournament '96 (USA)	TNN Outdoors : Bass Tournament '96 sur Megadrive est un jeu de sport dans lequel vous faites de la pèche à la ligne. Choisissez votre hameçon porte-bonheur, lancez la ligne, patientez puis tirez le gros poisson. Le dîner est servi.
Todd's Adventures in Slime World (USA)	Todd's Adventures in Slime World est un jeu d'action/aventure sur Megadrive. Votre vaisseau s'est écrasé sur une planète entièrement recouverte de vase. Avec ou sans un ami, vous explorez les gigantesques niveaux à l'aide de votre pistolet à eau ; à vous de trouver des gadgets qui vous feront sortir et resurgir à la surface.
ToeJam & Earl (USA, Europe, Korea) (En)	ToeJam et Earl sur Megadrive sont deux extraterrestres aimant s'amuser et qui s'écrasent par accident sur Terre après que leur vaisseau ait été heurté par une météorite. Ils doivent trouver les 10 pièces du vaisseau afin de rentrer sur la planète Funkotron. Certains niveaux contiennent des pièces du vaisseau, d'autres non. Si une pièce se trouve dans un niveau, vous verrez un message d'aide lorsque vous entrez dans ce stage.
ToeJam & Earl in Panic on Funkotron (USA)	ToeJam & Earl II : Panic on Funkotron est un jeu d'action sur Megadrive. Des terriens ont envahi la paisible planète de Funkotron semant partout la terreur et la confusion. ToeJam & Earl doivent essayer de capturer ces intrus pour les renvoyer sur Terre.
Toki - Going Ape Spit (USA, Europe)	Les mains de Bashtar ont arraché Moho à son bien-aimé Toki. Toki n'est pas mieux loti : il a été transformé en singe par le sorcier Vookimedlo. Toki doit maintenant sauver son amour et trouver un moyen de se retransformer en homme. Toki comprend plussieurs niveaux : le labyrinthe des grottes, le lac Neptune, les cavernes de feu, le palais de glace, la jungle sombre, le palais d'or ... La principale attaque de Toki contre ses ennemis consiste à leur cracher dessus, mais il peut aussi leur sauter dessus pour les vaincre. Le crachat normal de Toki peut être transformé en souffle de feu en trouvant le bon objet. Les autres objets comprennent un casque de football qui protège temporairement Toki, des chaussures de saut en hauteur, des horloges qui ajoutent du temps, des pièces qui augmentent le nombre de vies de Toki, et des fruits qui augmentent le score total.
Tom and Jerry - Frantic Antics! (USA)	Jouable sur Megadrive, Tom and Jerry : Frantic Antics est un jeu d'aventure et d'action dans lequel vous contrôlez Tom le chat mais aussi la souris Jerry. Tous deux sont unis pour récupérer leur ami : Robyn. Traversez huit niveaux et soyez prêt à affronter vos ennemis et récupérez le fromage et le poisson pour gagner des forces.
Tom Mason's Dinosaurs for Hire (USA)	Dinosaurs for Hire est un jeu d'action/plates-formes sur Megadrive. Vous incarnez l'un des trois Dinosaurs for Hire (Archie le T-Rex, Lorenzo le tricératops ou Reese le stégosaure) et devez libérer la Terre, menacée par d'étranges créatures. Armé d'un fusil, à vous de sauter sur les différentes plates-formes tout en faisant le ménage autour de vous. Un mode coopératif jouable à deux est disponible.
Tommy Lasorda Baseball (USA)	Jouable sur Megadrive, Tommy Lasorda Baseball est une simulation de baseball dans laquelle vous pouvez jouer chaque membre de l'équipe. Avec les conseils avisés de Tommy Lasorda, c'est le Home Run assuré.
Tony La Russa Baseball (USA, Australia)	Tony La Russa Baseball est une série de jeux vidéo de baseball développée par Beyond Software (désormais Stormfront Studios) et éditée par Strategic Simulations, Inc., commercialisée entre 1991 et 1995. L'ancien joueur Tony La Russa a apporté son image et son expertise à la série. La série a été conçue par Mark Buchignani, David Bunnett, Michael Breen, Don L. Daglow et Hudson Piehl.
Top Gear 2 (USA)	Top Gear 2 est un jeu de course de voitures sur Megadrive. Le joueur doit l'emporter dans 16 championnats différents, chacun comptant 4 circuits dont certains sortent tout droit de la réalité comme le circuit Monza de l'Ayers Rock. Se placer parmi les premiers dans ces championnats est synonyme d'argent débloqué pour pouvoir améliorer et réparer ses véhicules. Un système de mots de passe permet de garder sa progression en mémoire.
Top Pro Golf (Japan) (En)	Top Pro Golf est un jeu vidéo exclusivement import sur Megadrive.
Total Football (Europe)	Total Football est un jeu de sport sur Megadrive. Vivez votre passion du foot de haut niveau qui sommeille en vous. Différentes sortes de shoots et de techniques sont au programme. De plus, vous pouvez taper dans le ballon avec un ami dans le mode deux joueurs.
Toughman Contest (USA, Europe)	Toughman Contest sur Megadrive est un jeu de boxe. Le joueur prend les commandes de l'un des 24 boxeurs proposés et affronte des concurrents dans les quatre coins de l'hémicycle. De la zone Europe à l'Asie en passant par l'Amérique, enchaînez les uppercuts et veillez bien à conserver votre garde. L'objectif est de mettre votre adversaire KO en épuisant ses réserves d'énergie ou de marquer un maximum de points afin de l'emporter lors du décompte final des juges.
Tougi Ou - King Colossus (Japan)	Tougiou King Colossus est un RPG. Le jeu suit le héros principal du jeu qui est un voyageur amnésique. Un aîné a mis ce voyageur en charge de garder son épée mais le voleur Zakkar est venu la voler pendant que le voyageur était occupé. L'aîné le força donc à récupérer l'épée.
Toxic Crusaders (USA)	Toxic Crusaders est un jeu d'action basé sur la série animée du même nom. Les protecteurs de Tromaville, les Toxic Crusaders doivent faire face au Dr. Killemoff et ses Radiations Rangers, malheureusement tous se font capturer par ce dernier. Tous sauf un, Toxie qui part à la rescousse de ses camarades à travers les 6 niveaux du jeu, armé uniquement d'une serpillère...
Toy Story (USA)	Toy story sur Megadrive est un jeu d'action mettant en scène les célèbres Buzz l'éclair et Woody du célèbre film d'animation de Pixar. Le joueur prend le contrôle de Woody, armé de son lasso dorsal, il devra braver les obstacles et ainsi sauver son compagnon. Chacun des niveaux est basé sur un passage du film ce qui ravira les fans.
Toys - Let the Toy Wars begin! (USA)	Toys est basé sur le film du même nom avec Robin Williams, Joan Cusack et LL Cool J. Vous jouez comme le personnage de Williams, Leslie Zevo, un fabricant de jouets au coeur d'enfantt qui combat son oncle Lt. Général Leland (joué dans Le film et représenté dans le jeu par Michael Gambon) et ses jouets de guerre déments comme des armes de destruction massive, avec votre propre assortiment de jouets. Il le fait pour reprendre l'usine que son oncle a dénaturé quand il a hérité de son frère décédé. Il y a quatre étapes dans le jeu , chacune avec leur propre assortiment d'ennemis tels que des ballons grenade des ours pogo et des poupées d'Elvis qui explosent, mais vous avez également vos propres armes telles que voitures de course, canards de bain, boules de bowling, ballons d'eau et même des tartes.
Trampoline Terror! (USA)	Trampoline Terror sur Megadrive est un jeu de plates-formes dans lequel vous incarnez un gymnaste hors pair qui décide de stopper les aliens qui ont kidnappé la reine de la planète Ahas. Pour mener à bien sa mission le joueur devra passer sur des plates-formes qui s'auto-détruisent tout en évitant les ennemis. Outre les interrupteurs explosifs, des dalles de couleur sont présentes et disparaissent à mesure que le joueur saute dessus.
Traysia (World) (Evercade)	Traysia est un jeu de rôle sur Megadrive. Vous incarnez le jeune Roy qui doit constituer une équipe de héros pour déjouer les forces du mal. Ainsi, vous voyagez à travers plusieurs royaumes et vous devez tuer toutes les bêtes qui s'y trouvent.
Triple Play - Gold Edition (USA)	Jouez pour l'or dans la simulation de baseball Triple play Gold sur Megadrive. Cet opus comprend la liste complète des joueurs de base-ball de la saison 96 et l'intelligence artificielle a même été repensée pour l'occasion. Six modes de jeu pointent le bout du nez pour vous garantir une expérience de jeu riche à souhait (échange de joueurs, création de joueurs, saison, présélection...).
Triple Play 96 (USA)	Le jeu de baseball Triple Play 96 sur Megadrive comporte la liste exhaustive des joueurs, équipes (28 au total) et même des statistiques de la saison 95. Vous pouvez à loisir faire des transferts de joueurs ou encore même créer vos propres athlètes. La plupart des modes sont présents tels que les matchs d'exhibition, la saison, les play-off... Le joueur peut aussi créer ses propres joueurs de base-ball et les faire intervenir dans le jeu ou contre un ami.
Trouble Shooter (USA)	Trouble Shooter (Battle Mania au Japon) sur Megadrive vous met dans la peau de Madison une mercenaire assignée pour sauver le prince Eldon, kidnappé par Blackball un scientifique maniaque des armes. Dans ce jeu de tir à défilement horizontal, vous serez accompagné par votre partenaire Crystal qui à loisir pourra couvrir vos arrières ou vous soutenir à l'avant.
Troy Aikman NFL Football (USA)	Troy Aikman NFL Football sur Megadrive vous propose seul ou à 2 de coacher une équipe de football américain sous les conseils avisés du Quaterback et champion du Superbowl Troy Aikman. Trois autres modes de jeu sont disponibles : Avant-saison, Saison ou encore une saison générée aléatoirement. Vous pourrez personnaliser votre équipe, mais aussi leur équipement, les entraîner sur des surfaces différentes (neige, herbe...) ainsi que des conditions météo défavorables (tempête, neige...).
True Lies (World)	Dans True lies sur Megadrive vous incarnez l'agent Tasker qui doit éliminer les ennemis sur sa route dans 20 niveaux reprenant fidèlement le film. Dans ce jeu d'action, vous devrez trouver des clés, placer des pisteurs ou encore libérer des otages pour terminer le niveau. Pour vous défaire de vos coriaces ennemis 5 types d'armes sont à votre disposition : le colt, le fusil à pompe, le lance-flammes, l'uzi et même des grenades.
Truxton (World)	Truxton sur Megadrive est un shoot'em up dans l'espace. A bord de son vaisseau, le joueur doit se défaire de nombreux ennemis venus en découdre. Des capsules peuvent être ramassées afin d'améliorer votre engin, ce qui ne sera pas du luxe lors des affrontements contre les boss à la fin de chaque niveau.
Turbo OutRun (Japan, Europe) (En)	Turbo OutRun est un jeu de courses sur Megadrive. Choisissez un bolide parmi la multitude de voitures proposées et foncez sur les différents circuits disponibles afin de devenir le prochain champion.
Twin Cobra - Desert Attack Helicopter (USA)	Twin Cobra sur Megadrive est shoot'em up en scrolling vertical dans lequel vous incarnez un hélicoptère et vous devrez détruire tout ce qui vous barrera la route : tanks, tourelles, hélicoptères de combat... Vous avez aussi la possibilité de changer de type d'arme quand vous le souhaitez entre un tir omnidirectionnel, un laser...
Twin Hawk (Japan, Europe) (En)	Twin Hawk est un shoot'em up sur Megadrive. Tirez, esquivez et tirez de nouveau. Si la bataille vous file entre les doigts, faites appel à un de vos escadrons de soutien et augmentez votre puissance de tir. Il n'y a pas de demi-mesure dans cette bataille, c'est du tout ou rien !
Twinkle Tale (Japan)	La création du monde d'Alphérion a été précédée par la naissance de trois lumières. Ces énergies cherchaient à se dominer et, ce faisant, la lumière blanche a verrouillé les trois lumières avec l'obscurité cristalline, donnant naissance au monde. L'apprentie Saria découvre à la demande de son maître que le magicien noir Gadou aspire à arrêter les magiciens d'Alphérion pour obtenir les cristaux
Two Crude Dudes (World) (Evercade)	Two Crude Dudes est un jeu d'action sorti sur Megadrive. Il y a vingt ans la ville de New York était rasée par une attaque nucléaire. Aujourd'hui elle est à nouveau attaquée, mais par des mutants et un scientifique fou. Seuls deux mecs costauds peuvent les arrêter...
Two Tribes - Populous II (Europe)	Populous II : Two Tribes est un jeu de stratégie sur Megadrive. Le mécanique de jeu reste la même que celle de l'opus précédent, vous incarnez un être immortel et devez commander une civilisation entière tout en vous faisant vénérer. Populous II vous propose d'affronter les Dieux de l'Olympe et de vous mesurer à Zeus lui-même pour devenir le Dieu unique.
Uchuu Senkan Gomora (Japan) (En)	Adaptation mégadrive un an après la sortie de la version arcade, ce portage sur la 16 bit sega n'enlève rien à la bizarrerie de Bio Ship Paladin (aussi connu sous le nom de Gunship Gomora)
Ultimate Mortal Kombat 3 (USA)	Les combattants de l'extrême débarquent sur Megadrive avec Ultimate Mortal Kombat 3. Retrouvez le jeu de combat en 2D avec de la violence, du sang et les fameux &quot;Finish Him&quot; qui permettent d'achever un adversaire de manière gore. Retrouvez aussi les protagonistes de la série comme Scorpion, Sub-Zero, Raiden, Liu Kang ou encore Kitana pour des affrontements d'anthologie.
Ultimate QIX (USA)	Dans le puzzle-game Ultimate Qix (aussi appelé Volfied) sur Megadrive, vous devez guider un marqueur pour grignoter petit à petit l'écran. Lorsque le marqueur s'aventure au centre de l'écran, il laisse un trait derrière lui. Chaque zone fermée que vous aurez dessinée sera alors validée. Votre but est de valider un certain pourcentage de l'écran. Mais attention, des ennemis rôdent ! Faites donc attention à ce qu'ils ne touchent ni votre marqueur ni votre ligne pour ne pas perdre de vie.
Ultimate Soccer (Europe) (En,Fr,De,Es,It)	Ultimate Soccer est un jeu de football sur Megadrive. Le soft vous propose de choisir une formation au sein de nombreuses équipes internationales fantaisistes. Cinq modes de jeux sont disponibles : Match Amical, Penalty, Tournois, Exhibition et Ligue.
Ultracore (USA) (Strictly Limited Games)	Ultracore (initialement connu sous le nom de Hardcore ) est un Run and Gun développé par Digital Illusions, le jeu a été annulé par son éditeur, Psygnosis , en 1994 après avoir été presque terminé. Le jeu a été récupéré par l'éditeur Strictly Limited Games et sorti en mars 2019. Ultracore est un &quot;shooter 2D Eurostyle&quot; run and gun qui nécessite une action réflexe rapide. Le joueur récupère les power-ups d'armes tout en se déplaçant à travers les niveaux.
Ultraman (Japan)	Ultraman est un jeu d'action. Le joueur incarne Ultraman dans sa lutte contre des extraterrestres qui menace la planète Terre. Il faut user de coups de pieds et de coups de poings pour remplir la jauge qui permettra de déclencher un coup spécial dévastateur. Il est également possible d'obtenir 4 armes spéciales.
Uncharted Waters (USA)	La famille Franco était autrefois l'une des maisons les plus influentes du Portugal. Jusqu'à ce que le chef de famille parte pour un voyage désastreux à la recherche du royaume du Prêtre Jean. Le chaos qui s'ensuivit mit fin à la noblesse du nom Franco. Cent ans ont passé et le Portugal a prospéré grâce à ses empires maritimes et commerciaux. Le jeune Leon Fanco souhaite restaurer la réputation de sa famille et se faire un nom en tant que marin. Au cœur de son ambition se trouve la belle Christiana, convoitée par l'héritier présomptif du royaume. À cette fin, Leon a travaillé dur pour financer son premier navire. La première étape de son rêve accomplie, Franco prend la mer avec le meilleur ami de son père comme second, parti à la recherche de la gloire, de l'aventure et de la fortune sur les mers et dans des eaux inexplorées.
Undead Line (Japan)	Même si les premières secondes de jeu font penser à un genre de Zelda, ne nous y trompons pas, Undead Line est bien un shmup pur et dur, le traditionnel vaisseau ayant simplement ici été remplacé par un guerrier, à pieds. Notre vaillant aventurier décime des monstres affreux, après avoir choisi son level de départ parmi 6 niveaux de difficulté.
Unnecessary Roughness '95 (USA)	Unnecessary Roughness '95 sur Megadrive est un jeu de football américain qui vous permettra de jouer la saison entière de 1995, les play-off et le SuperBowl inclus. Vous pourrez créer votre propre équipe de toutes pièces et l'amener tout en haut du championnat. Le titre propose bien sûr un mode multijoueur jouable à 2.
Urban Strike (USA, Europe)	Urban Strike sur Megadrive est un jeu d'action dans lequel le joueur pilote un hélicoptère de combat. Un homme du nom de H.R. Malone a lancé sa propre secte et compte des millions d'adeptes. Il utilise son influence et son argent pour construire une arme capable de détruire le gouvernement en place. Le joueur devra contrôler différents types d'hélicoptères pour contrecarrer les plans de Malone. Certains niveaux disposent aussi de phases de jeu à pied.
Uzu Keobukseon (Korea)	Uzu Keobukseon est un Shoot'em Up en vertical. Ce jeu était réserver exclusivement au marché Coréen.
Valis (World) (Evercade)	Yuko Ahso était autrefois une lycéenne ordinaire. Ou du moins, sa vie était ordinaire. Son amie Reiko est sortie avec un Roi des Ténèbres nommé Rogles, et a disparu. Immédiatement, des monstres l'ont attaquée. Elle pensait qu'elle allait mourir à coup sûr, mais une épée mystique nommée Valis est apparue devant elle. En utilisant l'épée, Yuko s'est défendue contre les monstres, et a été transportée dans un pays étrange, où on lui a dit qu'elle était la guerrière Valis choisie et qu'elle devait vaincre Rogles, ou le monde humain et le monde des rêves seraient tous deux plongés dans le chaos. Valis : The Fantasm Soldier est un jeu de plateforme à défilement latéral. Yuko peut sauter et attaquer les ennemis avec son épée Valis, qui peut être améliorée et utilisée comme arme à distance en collectant des bonus trouvés dans les niveaux. Elle peut également trouver et utiliser des objets qui lui confèrent de puissantes attaques ou une invincibilité temporaire.
Valis III (World) (Evercade)	Valis 3 sur Megadrive est un jeu de plates-formes. Vous incarnez ici Yuko la porteuse de l'épée sacrée Valis et devez défendre le monde des humains et le Dream World contre l'invasion des démons du Dark World. Il vous est aussi possible d'incarner 2 autres personnages, une mage et une voleuse que vous rencontrerez au cours de vos aventures.
Vapor Trail (USA)	&quot;Vapor Trail: Hyper Offence Formation, appelé Kuhga: Operation Code &quot;&quot;Vapor Trail&quot;&quot; Operation Code &quot;&quot;Vapor Trail&quot;&quot;) au Japon, est un jeu vidéo de type shoot them up développé et commercialisé par Data East, sorti en 1989 sur borne d'arcade. Il a été adapté sur Mega Drive en 1991.&quot;
Vectorman (USA, Europe)	En l'an 2043, la terre est devenue une véritable décharge de produits toxiques nettoyée progressivement par des mutants appelés les &quot;orbots&quot;. Mais, après une explosion nucléaire, leur leader Raster modifie leur comportement. Ils deviennent alors une menace pour la planète. Seul Vectorman, avec ses extraordinaires capacités de métamorphoses pourra les arrêter.
Vectorman 2 (USA)	Véritable suite de Vectorman premier du nom, Vectorman 2 sur Megadrive prend part lorsque votre robot super puissant se fait attaquer dans son vaisseau lors de son retour sur Terre. Après un miraculeux atterrissage, vous vous rendrez compte que la Terre n'est plus ce qu'elle est et vous devrez jouer des coudes pour vous frayer un chemin à travers une marée de créatures toujours plus hostiles.
Venom - Spider-Man - Separation Anxiety (USA, Europe)	Spider-Man & Venom : Separation Anxiety est une adaptation du comics de Marvel sur Megadrive. La Life Foundation a créé cinq clones de Venom et a projeté de faire une armée pour contrôler la ville. En contrôlant Spider-Man ou Venom, vous devrez les détruire tous les cinq et stopper leurs plans. Hormis les coups traditionnels et l'utilisation de la toile d'araignée, il est possible de faire appel à quelques autres super héros en récoltant des icônes spéciales.
Verytex (Japan)	Jouable sur Megadrive, Verytex est un jeu de tir qui se déroule dans un futur lointain. Les humains ont réussi à coloniser certaines planètes, dont la plus prospère est Shirakusa. Le jeu commence lorsque l'armée reçoit un appel de détresse de cette planète et vous envoie vers les étoiles pour mettre fin à cette bataille de l'espace. Vous contrôlez Verytex, un vaisseau spatial armé de différents types d'armes que vous pouvez ramasser en bonus comme par exemple un rayon laser ou un missile.
Viewpoint (USA)	Un ou deux joueurs (en mode hot-seat ou coopératif) contrôlent un vaisseau spatial équipé d'un canon laser qui peut être chargé (en maintenant le bouton de tir enfoncé) pour obtenir une explosion plus puissante. Outre l'arme principale, trois armes spéciales sont disponibles : un mur de feu qui balaye l'écran en une vague, une explosion semblable à une nova et un cercle de missiles verts sphériques à tête chercheuse.
Virtua Fighter 2 (USA, Europe)	Virtua Fighter 2 est la suite du premier jeu de combat en 3D de l'histoire du jeu vidéo. Les valeureux combattants se réunissent une nouvelle fois pour participer au World Fighting Tournament ! Qui des huit personnages disponibles sera l'élu ? Entrez dans l'arène sur Megadrive pour connaître le nom de celui qui remportera le titre. Testez vos aptitudes et découvrez si vous êtes de la trempe des champions !
Virtua Racing (USA)	Virtua Racing est un portage du tout premier jeu de course d'arcade en 3D polygonale de Sega. Le jeu consiste en des courses de Formule 1 sur des pistes débutant, intermédiaire, ou expert, contre un second joueur ou des pilotes contrôlés par la console. La version Megadrive de Virtua Racing est le seul jeu de la console à utiliser une puce SVP (Sega Virtua Processor). Cette puce est un processeur 3D intégré dans la cartouche (la console n'ayant aucune capacité 3D), très similaire à la puce SuperFX de la Super NES, utilisée dans Starfox et Stunt Race FX.
Virtual Bart (World)	Virtual Bart sur Megadrive est un jeu de plates-formes tiré du célèbre dessin animé Les Simpsons. Bart se retrouve piégé dans un monde virtuel après avoir participé à une expérience de Martin Prince à la fête de l'école. Il se doit de finir tous les niveaux pour s'échapper avant que le programme ne s'arrête. Le joueur retrouvera Bart sous plusieurs formes (cochon, bébé, dinosaure...) et peut envoyer des tomates ou encore conduire une moto dans ce monde virtuel.
Virtual Pinball (USA, Europe)	Jouable sur Megadrive, Virtual Pinball va faire frétiller vos doigts. Ce jeu de flipper vous invite à taper la balle dans tous les sens pour faire exploser le score. Rapidité et réflexes sont au rendez-vous.
Vixen 357 (Japan)	Disponible sur Megadrive, Vixen 357 est un jeu de stratégie vous proposant d'entrer dans un monde futuriste peuplé de robots militaires. Dirigez vos propres troupes et partez à l'assaut de vos ennemis.
VR Troopers (USA, Europe)	VR Troopers est un jeu vidéo de combat basé sur la série télévisée VR Troopers. Le jeu est sorti en 1995 sur Mega Drive et Game Gear et a été développé par Syrox Developments et édité par Sega.
VS Puyo Puyo Sun (USA, Europe) (Mega Drive Mini 2, Genesis Mini 2)	Un portage simplifié de Puyo Puyo Sun, sorti en tant que jeu bonus pour la SEGA Genesis Mini 2, connue hors d'Amérique du Nord sous le nom de Mega Drive Mini 2. Ce portage, sorti en octobre 2022, ne propose que les modes multijoueurs du jeu. Cette version du jeu inclut notamment les règles de base de Sun, ainsi que deux variantes supplémentaires : Fusion Sun et Fading Sun, qui modifient la façon dont les Sun Puyo interagissent sur le terrain.
Wacky Races (USA) (Proto)	&quot;Wacky Races est un jeu de course basé sur la série télévisée d'animation de 34 épisodes &quot;&quot;Les fous du volant&quot;&quot;&quot;
Wacky Worlds Creativity Studio (USA)	Wacky Worlds Creativity Studio est un titre atypique sur Megadrive. Peuplez les six différents environnements à l'aide de quarante autocollants de personnages animés de Sega (Sonic, Tails, Eco le Dauphin). Puis peignez-les avec les couleurs de votre choix, et enfin composez la musique grâce à quarante différents morceaux. La cartouche est livrée avec une souris.
Wani Wani World (Japan) (En)	Egalement appelé « Berlin Wall » sous d’autres latitudes, Wani Wani World est un jeu de tableaux dans la plus pure tradition de Bubble Bobble et Parasol Stars, un de ces micro-jeux kitch et addictifs, où deux joueurs luttent sans merci pour s’emparer le premiers des nombreux bonus colorés disséminés dans chaque écran et exploser le score du coéquipier.
Wardner (USA)	Wardner est un jeu de plates-formes sur Megadrive. Vous y incarnez un garçon, Wardner, qui se fraie un chemin à travers chaque niveau en sautant ou en tirant sur ses ennemis. Tuer des ennemis vous permet d'obtenir de l'argent tandis que des power-up bien cachés vous donnent des capacités supplémentaires.
Warlock (USA, Europe)	Warlock sur Megadrive est un jeu de plates-formes/action dans lequel le joueur incarne un druide qui utilise ses pouvoirs magiques pour empêcher la résurrection du terrible Warlock. Le joueur dispose de deux pouvoirs principaux pour se débarrasser de ses ennemis : des sorts magiques ainsi qu'une orbe qu'il peut contrôler.
Warrior of Rome (USA)	Warrior of Rome est un jeu de stratégie en temps réel sur MegaDrive. C'est l'âge d'or de Rome ; l'armée de César campe en Crête lorsqu'une étrange armée arrive. La bataille commence. Mettez-vous dans la peau de César et dirigez ses armées autour de la Méditerranée à travers quatre modes de bataille : Défensive, Navale, Terrestre ou Siège.
Warrior of Rome II (USA)	Warrior of Rome II est un jeu vidéo exclusivement import sur Megadrive, de genre Wargame, de thème Antiquité, développé par Micronet, édité par Micronet.
Warsong (USA)	Warsong (Langrisser en version originale) est un jeu de rôle tactique sur Megadrive se déroulant dans un univers fantastique. Les combats se présentent en tour par tour et le joueur contrôle plusieurs généraux sur le champ de bataille. Chaque général commande une unité de huit types différents (soldats, archers mais aussi hommes-lézards ou encore sirènes) et se bat aux côtés de ses troupes.
Waterworld (USA) (Sega Channel)	&quot;Waterworld est un jeu d'action inspiré du film avec Kevin Costner. Le joueur incarne ce dernier dans trois phases de jeu différentes. La première permet de diriger le bateau tout en se débarrassant des &quot;&quot;Smokers&quot;&quot;. Une autre propose de nager sous l'eau pour ramasser divers bonus et éviter des créatures marines. La dernière est une phase d'action où plusieurs armes deviennent disponibles au fur et à mesure de la progression dans le jeu.&quot;
Wayne Gretzky and the NHLPA All-Stars (USA, Europe)	Parmi les nombreux jeux de hockey commercialisés, cette version permettait non seulement au joueur de contrôler Gretzky, mais aussi d'autres grands joueurs de l'époque tels que Mario Lemieux, Eric Lindros, Mark Messier et bien d'autres, soit 600 au total. Elle proposait également les 26 équipes de la NHL de l'époque ainsi que 6 équipes internationales parmi lesquelles choisir. Le gameplay est similaire à celui de nombreux autres jeux de hockey, avec des modes standard tels que Exhibition, Season, Playoffs ou même une option « Just Play » qui permettait au joueur d'accéder instantanément à un match aléatoire. Il existe également un « mode simulation » qui donne au jeu un aspect authentique avec des pénalités, ou un « mode arcade » plus axé sur l'action et avec moins de règles. Une batterie de secours permet de conserver toutes les statistiques et offre également une option pour deux joueurs.
Wayne's World (USA)	Wayne's World sur Megadrive est un jeu de plates-formes qui propose au joueur d'incarner Wayne dans une aventure qui ne suit pas la trame du film. En effet, Garth, son ami de toujours, a été aspiré dans un jeu vidéo et kidnappé par l'infâme Zantar. Wayne se lance alors à sa poursuite avec sa fidèle guitare électrique qui envoie des ondes mortelles à ses ennemis.
WeaponLord (USA)	Weaponlord est un jeu d'action sur Megadrive. Le joueur peut incarner l'un des 7 guerriers disponibles, chacun avec une arme unique pour se tailler un chemin à travers les niveaux. L'ennemi à abattre se nomme Demonlord et c'est à coup de combos que le joueur ira le défier tout en découvrant l'histoire spécifique à chaque protagoniste.
Wheel of Fortune (USA)	Wheel of Fortune sur Megadrive n'est ni plus ni moins que l'adaptation de la célèbre émission télévisée &quot;La Roue de la Fortune&quot;. Le but du jeu est donc de deviner, lettre après lettre, la phrase ou le mot mystère. Plusieurs types d'éléments sont à deviner : phrase, personne, titre, etc. Vous pouvez jouer contre deux autres joueurs, ordinateurs ou humains.
Where in the World Is Carmen Sandiego (USA, Europe) (En,Fr,De,Es,It)	A la Poursuite de Carmen Sandiego dans le Monde sur Megadrive est un jeu d'aventure éducatif. Vous incarnez un enquêteur d'Interpol et devez parcourir le monde pour trouver la cambrioleuse Carmen Sandiego et les membres de son organisation. L'aventure prend forme en un jeu de piste où chaque ville visitée est l'occasion de tester ses connaissances en géographie.
Where in Time Is Carmen Sandiego (USA, Europe) (En,Fr,De,Es,It)	Where in Time is Carmen Sandiego ? est un jeu d'aventure sur Megadrive. Carmen Sandiego, célèbre chef de la Ligue internationale des scélérats du mal, voyage dans le temps en volant des trésors inestimables. Il vous incombe de l'attraper avant qu'elle ne change le cours de l'histoire.
Whip Rush (USA)	Ce petit shoot à scrolling horizontal . Pas monotone pour deux sous, les scènes de jeu sont très variées et le level design clairement inspiré. Le jeu donne la part belle à l'évitement, avec des adversaires qui vont vous obliger à vous déplacer afin d'éviter leurs attaques qui ne limitent que rarement à de simples envois de boulettes.
WildSnake (USA) (Proto 2)	Wild Snake est un jeu du genre Tetris mais avec des serpents
Williams Arcade's Greatest Hits (USA)	Compilation de jeux d'arcade sur Megadrive.
Wimbledon Championship Tennis (USA)	Disputez le plus vieux des quatre tournois du Grand Chelem dans Wimbledon sur Megadrive. Vous avez la possibilité de jouer en simple et en double, pour un match d'exhibition, ou pour l'ensemble du tournoi. Vous disposez alors d'un capital de points à distribuer entre quatre capacités, vous permettant de personnaliser à votre aise le sportif incarné.
Winter Challenge (World) (Evercade)	Winter Challenge propose quatre grandes disciplines et près d'une vingtaine d'épreuves en solo et en multijoueur. Des épreuves classiques comme le ski alpin, le saut à ski, le biathlon et le bobsleigh s'ajoutent à d'autres disciplines comme le ski de fond. Winter Challenge offre plusieurs niveaux de difficulté et la possibilité de gagner de l'expérience à travers les compétitions se déroulant dans les plus grandes stations mondiales de sports d'hiver.
Winter Olympic Games (USA) (En,Fr,De,Es,It,Pt,Sv,No)	Winter Olympics : Lillehammer 94 est comme son nom l'indique, l'adaptation sur Super Nintendo des Jeux Olympiques d'Hiver de 1994, disputés à Lillehammer en Norvège. Le jeu inclut cinq sports : le biathlon, le ski alpin, le saut à ski, le bobsleigh et le patinage de vitesse. Chacun d'entre eux comporte différentes disciplines et catégories, fidèle aux règles olympiques officielles. Le mode d'entraînement vous permet d'ajuster vos skis avant de tenter de décrocher la médaille d'or.
Wiz 'N' Liz (USA)	Wiz 'n' Liz est un jeu de plates-formes sur Megadrive. Un couple de sorciers, Wiz et Liz, passent leurs journées à mélanger des fruits dans leur chaudron magique afin de réaliser des sorts. Mais un jour, l'expérience tourne au drame : une gerbe d'étoiles surgit du chaudron et capture tous les lapins des sorciers. Wiz et Liz se voient donc contraints de partir à la recherche de leurs lapins pour les sauver...
Wolfchild (USA)	Wolfchild est un jeu d'action/plates-formes qui vous met dans la peau de Saul Morrow, à la recherche de son père, un expert en génétique récemment enlevé. En exploitant les recherches de ce dernier, vous pouvez vous transformer en loup-garou à condition d'avoir trouvé suffisamment de capsules d'énergie dans le niveau. Cette transformation vous confère des pouvoirs spéciaux.
Wolverine - Adamantium Rage (USA, Europe)	Wolverine : Adamantium Rage est un jeu d'action/plates-formes sur Megadrive. Wolverine est à la recherche de son passé lorsqu'il est contacté par une mystérieuse personne lui demandant de venir au Canada. Chaque niveau du jeu lèvera une partie du voile sur sa véritable identité. Le joueur dispose de plusieurs coups pour se défaire de ses ennemis, il est notamment possible de grimper aux murs grâce aux griffes du super-héros.
Wonder Boy III - Monster Lair (Japan, Europe) (En)	Ils sont féroces, bestiaux, atroces, oui c'est bien ça. Les monstres du bout de l'univers ont envahi et pillé Xénobia et maintenant ils se dirigent vers votre ville! Rejoignez Léo et Priscilla et détruisez-les avant qu'il ne soit trop tard pour sauver le monde!
Wonder Boy in Monster World (USA, Europe)	&quot;Monster World&quot; était autrefois une région paisible. Puis, la paix a été brisée par une armée de monstres. Un jeune homme nommé Shion s'est juré de les vaincre et de rendre la paix à son pays. Wonder Boy In Monster World est le troisième jeu de la série dérivée Monster World, initialement connue sous le nom de Wonder Boy 5 : Monster World 3. Le joueur incarne Shion dans sa quête pour sauver Monster World des mains maléfiques de BioMeka. Il se contrôle comme un jeu de plateforme standard : courir, sauter et tuer des ennemis. Le jeu comporte de légers éléments de RPG, comme parler aux habitants de la ville, collecter de l'argent pour acheter des objets, améliorer votre vie et vous équiper d'une variété d'armures et d'armes, en restant très proche du format Zelda. Vous pouvez sauvegarder votre jeu pour poursuivre votre quête ultérieurement.
World Championship Soccer (Japan, USA) (En)	World Championship Soccer (ou World Cup Italia '90) est un jeu vidéo de football dans lequel le joueur contrôle une équipe de onze joueurs. La caméra est située en haut de la tête des joueurs.On peut rejouer la coupe du monde de football de 1990, mais on peut aussi faire un match amical seul contre le CPU, ou alors avec une autre personne.Dans ce jeu les tacles ne sont pas sanctionnés. Il en va de même pour les &quot;mains&quot; et &quot;hors-jeu&quot;.
World Championship Soccer II (USA)	World Championship Soccer 2 sur Megadrive est un jeu de football permettant de prendre les commandes des équipes ayant participé aux phases finales des la Coupe du Monde 1990 et 1994. En match amical, en poules ou lors de matchs à élimination directe, mettez-vous dans la peau des plus grands.
World Class Leaderboard Golf (USA)	World Class Leader Board est un jeu de golf sur Megadrive. Testez vos compétences de golfeur sur des parcours aussi variés que techniques tels que Cypress Creek ou Saint-Andrews. Les effets et voix digitalisées contribuent à donner l'impression d'assister à une retransmission télévisée.
World Cup USA 94 (USA, Europe, Korea) (En,Fr,De,Es,It,Nl,Pt,Sv)	World Cup USA 94 sur Megadrive est le jeu officiel de la Coupe du Monde de football 1994, à laquelle la France n'a pas participé. Qu'à cela ne tienne, vous pourrez changer le cours de l'histoire en tentant de qualifier les bleus, mais aussi nos amis Anglais, compagnons d'infortune en cette triste année. Bien que peu esthétique, le tacle est de rigueur dans ce jeu où il se révèle le moyen le plus efficace pour s'emparer du ballon.
World Heroes (USA)	World Heroes est un jeu de baston dans lequel s'affrontent les plus grands champions de l'histoire. Huit personnages uniques sont à votre disposition, prêts à s'en mettre plein la tête pour rien, avec des coups spéciaux jamais vus et des techniques hors du commun. Affrontez-les tous pour vous voir remettre le titre du meilleur combattant.
World of Illusion Starring Mickey Mouse and Donald Duck (USA, Korea) (En)	Alakazam! Et revoici les inoubliables aventures de Disney avec vos amis Mickey Mouse et Donald Duck. Transportés vers un monde de fantaisie, Mickey et Donald doivent accomplir d'étonnantes prouesses de magie pour vaincre un Sorcier habile et retrouver le chemin de leur maison!
World Series Baseball '95 (USA)	World Series Baseball est un jeu de sport qui entraîne le joueur au coeur du championnat américain de base-ball. Doté de la licence MLBPA, le jeu permet de jouer avec 28 équipes américaines ainsi que 700 joueurs. Trois modes de jeu sont proposés : Entraînement, match d'exhibition ou championnat national.
World Series Baseball '96 (USA)	World Series Baseball est un jeu de sport qui entraîne le joueur au coeur du championnat américain de base-ball. Doté de la licence MLBPA, le jeu permet de jouer avec 28 équipes américaines ainsi que 700 joueurs. Trois modes de jeu sont proposés : Entraînement, match d'exhibition ou championnat national.
World Series Baseball (USA)	World Series Baseball 2K2 sur Megadrive est le premier opus d'une longue série de jeux de base-ball. Avec plus de 20 équipes, et tous leurs joueurs officiels, il propose différents modes de jeu dont le Hom Run Derby composé d'une série de 162 matches par saison, play off compris. Les statistiques du joueur sont sauvegardées au fur et à mesure et témoignent de sa progression dans différents domaines.
World Series Baseball 98 (USA)	World Series Baseball est un jeu de sport qui entraîne le joueur au coeur du championnat américain de base-ball. Doté de la licence MLBPA, le jeu permet de jouer avec 28 équipes américaines ainsi que 700 joueurs. Trois modes de jeu sont proposés : Entraînement, match d'exhibition ou championnat national.
World Trophy Soccer (World) (Evercade)	European Club Soccer est un jeu de football sur Megadrive. Les équipes européennes principales sont présentes et jouables dans les trois championnats du jeu. L'arbitre est physiquement présent sur le terrain et le joueur peut choisir entre un mode arcade et simulation qui comprend six formations différentes.
Worms (World) (Evercade)	Worms est un jeu de stratégie au tour par tour. Il met en scène jusqu'à 4 équipes de 4 vers, dont le but est de détruire les autres sur un terrain généré aléatoirement. Chaque ver dispose de 100 points de vie et meurt lorsque ses points de vie tombent à 0. À sa mort, un ver explose, causant des dégâts à tous ceux qui se trouvent à proximité.
Wrestle War (Japan, Europe) (En)	Wrestle War est un jeu de sport de combat sorti sur Megadrive. Amis aux muscles saillants et en slip en cuir, laissez exprimer toute votre haine dans ce jeu de catch survitaminé aux techniques de Body Slams et Back Drops.
WWF RAW (World)	WWF Raw sur Megadrive est une simulation de catch sous licence officielle de la fédération mondiale. Le titre donne lieu à des combats en solo ou par équipe où tous les coups sont permis. 10 des plus grandes stars de l'époque sont là pour assurer le spectacle.
WWF Royal Rumble (World)	WWF Royal Rumble sur Megadrive est un jeu de catch basé sur la World Wrestling Federation. Les joueurs peuvent jouer un contre un, par équipe ou en mode Royal Rumble : le match commence à 2, les autres catcheurs faisant leur entrée chacun à leur tour. L'objectif est d'éliminer tous les catcheurs en les projetant par dessus la corde pour les faire retomber hors du ring.
WWF Super WrestleMania (USA, Europe)	WWF Super Wrestlemania est un jeu de catch sorti en 1992 sur Megadrive qui permet de contrôler les plus grands catcheurs de l'époque : Hulk Hogan, Papa Shango, Ultimate Warrior, Macho Man, British Bulldog ou encore IRS. WWF Super Wrestlemania propose plusieurs modes de jeu : Un contre Un, Equipe et Survie (où le joueur doit enchaîner un maximum de matchs sans perdre).
WWF WrestleMania - The Arcade Game (USA, Europe)	WWF Wrestlemania : The Arcade Game sur Megadrive est un jeu de catch sous licence de la célèbre émission de TV. Le joueur peut choisir parmi huit superstars de la discipline. La jouabilité est similaire à celle d'un jeu de combat classique avec son lot de coups destructeurs. Un mode arcade et un mode tournoi sont présents. Il est également possible d'affronter un ami en mode Versus.
X-Men (USA)	X-Men est un jeu d'action à défilement horizontal sur Megadrive. La Salle des Dangers du Professeur Xavier simule différents environnements, nécessaires à l'entraînement des X-Men. Seulement, quand Magneto introduit un virus dans la machine, celle-ci devient complètement folle et dangereuse. Incarnez Wolverine, Cyclope, Diablo, ou Gambit, et affrontez vos ennemis en faisant appel si nécessaire à quatre autres mutants.
X-Men 2 - Clone Wars (USA, Europe)	Les mutants sont de nouveau menacés par l'infâme Magneto et ses complices. Pour sauver la planète, les X-men vont devoir unir leurs forces et combattre leurs ennemis. Jouez avec Wolverine, Cyclope, Gambit, Diablo, la Bête, Psylocke et, pour la première fois, le diabolique Magneto qui ne perdra aucune occasion pour exterminer les X-men.
X-Perts (USA)	X-Perts est un jeu d'action sur Megadrive qui se déroule dans un laboratoire de recherche futuriste sous-marin appelé AQUA, assiégé par les terroristes. Vous contrôlez 3 personnages, chacun avec des mouvements de combat uniques et des compétences spécifiques.
XDR - X-Dazedly-Ray (Japan) (En)	X-Dazedly-Ray cache un shooter horizontal pouvant rappeler dans les premières secondes de jeu un Thunderforce.
Xenon 2 - Megablast (World) (Evercade)	Xenon 2 : Megablast sur Megadrive est un shoot'em up spatial dans lequel vous affrontez deux catégories d'ennemis : organiques et mécaniques. Le jeu encourage l'esprit conquérant en récompensant le joueur par de l'argent convertible entre chaque mission en des équipements pour améliorer le vaisseau.
Yogi Bear - Cartoon Capers (Europe)	Yogi Bear : Cartoon Capers est un jeu de plates-formes sur Megadrive. Lorsque Yogi Bear apprend que le parc de Jellystone va être transformé en usine chimique, il se promet d'arrêter ça. Le joueur devra traverser cinq zones du parc en ramassant les divers bonus et en éliminant les ennemis. Il y a aussi quelques phases de jeu spéciales comme une conduite de chariot de mine ou du surf à dos de castor !
Ys III (USA)	Ys III : Wanderers from Ys est un jeu de rôle sur Megadrive. Dogi décide de rentrer chez lui après d'inquiétantes rumeurs liées à son village. Toujours prêt à partir à l'aventure, Adol, son fidèle ami, se joint à lui pour tenter de déterminer la cause de ces nouveaux problèmes. Le joueur incarne Adol qui peut se servir de son épée et d'autres objets pour se défaire de ses nombreux ennemis.
Yu Yu Hakusho - Makyou Toitsusen (Japan)	Yu Yu Hakusho est basé sur la série d'animes et le manga du même nom. Il raconte l'histoire d'un ado délinquant, Yuusuke Urameshi, qui se fait tuer par une voiture alors qu'il allait sauver un enfant. Malheureusement, il ne reste plus de place pour lui ni en enfer, ni au paradis, et c'est sur Terre qu'il est envoyé pour lutter contre les démons, dans un jeu de combat où 11 personnages de la série sont jouables.
Yu Yu Hakusho Gaiden (Japan)	Yu Yu Hakusho Gaiden est basé sur la série d'anime et le manga du même nom. Il raconte l'histoire d'un ado délinquant, Yuusuke Urameshi, qui se fait tuer par une voiture alors qu'il allait sauver un enfant. Malheureusement, il ne reste plus de place pour lui ni en enfer, ni au paradis, et c'est sur Terre qu'il est envoyé pour lutter contre les démons, dans un jeu qui mélange action et aventure.
Zan - Yasha Enbukyoku (Japan)	Zan: Yasha Enbukyoku est un jeu de stratégie au tour par tour qui utilise le japon féodal comme décor. Ce jeu se déroule durant une bataille impliquant de nobles guerriers, appelés yasha, et des démons. Entre les deux camps se trouvent &quot;les gens du milieu&quot; , faction composée d'autres généraux et dirigeants. Le joueur peut décider d'incarner les yasha, les démons ou le peuple du milieu. Le joueur devra gérer son armée, déployer des unités en défense ou en attaque, ou encore négocier avec les autres dirigeants. Au cours de la partie, certains événements ( tremblement de terre, peste, etc) auront lieu de manière aléatoire. La diplomatie ne fonctionne pas toujours donc les batailles contre les ennemis représentent une grande partie du jeu. Les batailles se déroulent au tour par tour: le joueur choisi à travers un menu quelle action il va effectuer ( attaquer, utiliser la magie, utiliser une technique spéciale, choisir une formation de combat, etc).
Zany Golf (USA, Europe)	Will Harvey's Zany Golf est un jeu de minigolf. Usez d'adresse et de précision pour vous montrer le meilleur sur chaque parcours. Les trous proposent tous un thème bien précis comme l'électricité, les moulins ou la nourriture.
Zero the Kamikaze Squirrel (USA)	Zero : the Kamikaze Squirrel sur Megadrive est un jeu de plates-formes tiré de la série Aero the Acro-Bat. Le joueur doit aider Zero à sauver sa dulcinée ainsi que la forêt, en passe d'être rasée. Pour y arriver, Zero dispose de plusieurs mouvements et attaques, il sera aussi possible de trouver dans le jeu un jet pack pour effectuer des sauts plus importants.
Zero Tolerance (World) (Switch)	Zero Tolerance sur Megadrive est un jeu de tir à la première personne qui vous place au milieu d'un groupe d'intervention de secours qu'il faut sans cesse protéger. Vous devez vous occuper des voyous tandis que les pompiers font leur possible pour dégager le chemin et parvenir jusqu'aux civils toujours prisonniers des flammes. Tout un panel d'objets est à votre disposition pour repousser les flammes et combattre les opportuns.
Zero Tolerance Underground (World) (Proto) (Switch)	Zero Tolerance plonge les joueurs dans un futur lointain où l'univers est menacé d'invasion extraterrestre. C'est à ce moment que l'équipe Zero Tolerance est appelée à la rescousse pour protéger l'humanité ! Le nom Zero Tolerance fait référence à une escouade d'élite composée de cinq membres spécialement entraînés, que vous pouvez choisir dès le début du jeu. Chacun possède des armes et des compétences uniques qui transforment radicalement votre façon de progresser dans les niveaux. Zero Tolerance Underground est une nouvelle extension de neuf niveaux pour le jeu original, avec des cartes initialement prévues pour une version Sega CD annulée.
Zero Wing (World) (Retro-Bit)	Zero Wing est un shoot'em up sorti sur Megadrive. Vous êtes l'escadron de la Voie Lactée, le seul espoir de la galaxie pour arrêter la bande de Cats, des pirates interstellaires qui jouent les fanfarons.
Zombie High (USA) (Proto)	Zombie High est prototype de jeu de plate forme ou vous devez traverser des niveaux en tuant des zombies.
Zombies Ate My Neighbors (USA)	Zombies (ou Zombies Ate My Neighbors) sur Megadrive est un jeu d'action où il est possible d'incarner un garçon (Zeke) ou une fille (Julia). Il faut sauver un maximum de gens au cours de la cinquantaine de niveaux du jeu tout en combattant les vampires, momies et autres zombies. Plusieurs armes sont disponibles dont un pistolet à eau et un bazooka. Un mode Coopératif permet de faire l'intégralité du jeu avec un ami.
Zool (World) (Evercade)	Vous incarnez Zool dans ce jeu d'action/plates-formes sur Megadrive, un ninja de la &quot;Nième Dimension&quot; qui a la capacité de se déplacer très rapidement et de grimper aux parois. Le jeu vous offre la possibilité (originale pour l'époque), de choisir votre musique (Rock ou Funk) ainsi que la vitesse du jeu, qui est une composante essentielle.
Zoom! (World)	Zoom! est un jeu de réflexion de type arcade. Votre personnage, Zoomer (qui ressemble à Pacman, mais avec des bras et des jambes), doit suivre le contour des carrés sur le plateau de jeu pour les éclairer. Des points sont attribués lorsque des carrés complets sont formés, mais le jeu affiche également le nombre de lignes qu'il reste à compléter. Vous passez au niveau suivant lorsque tous les carrés ont été éclairés. Divers monstres tenteront de vous pourchasser. Si vous entrez en contact avec eux, vous perdrez de l'énergie et, à terme, une vie. Il existe également un certain nombre de bonus qui vous aideront dans votre quête, par exemple le remplissage rapide des cases entourant la pièce bonus, un saut de niveau et des points bonus.
Zoop (USA)	Zoop est un jeu de réflexion dans lequel le joueur doit éliminer des formes colorées qui s'approchent de son alter ego, une autre forme colorée, avant qu'elles n'atteignent le sommet, un peu comme dans Tetris.nnnnnnPour éliminer les autres formes, vous devez pointer votre pièce vers elles et « tirer ». Si la forme est de la même couleur que votre pièce, elle est éliminée, ainsi que toutes les formes de la même couleur derrière elle, jusqu'à ce que votre pièce touche une pièce d'une couleur différente. Si la forme est d'une couleur différente, ou si elle est touchée lors de la collecte d'une ligne de formes similaires, votre pièce échange ses couleurs avec la forme.
