#key	synopsis
10 Super Jogos (Brazil) (En)	10 Super Jogos es una recopilación de 10 juegos. La primera producción fue de Brasil, entonces el juego fue producto en Asia bajo el nombre &quot;Mega Juegos 10&quot;. El cartucho incluye los siguientes juegos : 1. California Games 2. Columns 3. Flicky 4. Golden Axe 5. Revenge of Shinobi 6. Sega Soccer 7. Super Hang-On 8. Sonic the Hedgehog 9. Streets of Rage 10. Super Monaco GP
16t (Japan) (Sega Game Toshokan)	16t es un juego de acción y plataformas en el que el jugador controla a un programador informático vestido de prisionero llamado Apple Gaikichi, que debe eliminar a todos los enemigos en cada fase y así eliminar los bugs del programa informático. Para aplastar a los enemigos, Apple lanza pesas de 16t.
3 Ninjas Kick Back (USA)	Nuestra historia comienza con el abuelo Mori, quien ha llevado a los 3 Ninjas (Rocky, el mayor, Colt, y Tum Tum, el menor) a las etapas finales de su programa de entrenamiento Ninjitsu. El viejo Mori podrá verse como un anciano, pero ciertamente no se mueve como uno, superando vez tras vez a sus jóvenes guerreros; aún así, nadie resulta herido en los duros entrenamientos en el bosque. Una vez han terminado, Mori informa a los jóvenes que debe regresar a su villa en Japón, para entregar una daga ceremonial al ganador de un torneo de artes marciales. La leyenda dice que la daga es parte de una &quot;llave&quot;, para acceder a una mítica caverna de oro; Mori nunca creyó en la leyenda, pero su rival de toda la vida, sí. En su tierra natal, se ha esparcido el rumor del regreso de Mori, y han comenzado a tramarse malvados planes para despojarlo del trofeo. ¿Podrán los 3 Ninjas salvar a su abuelo, y entregar la daga a su legítimo dueño?
6-Pak (USA)	6-Pak es una recopilación de los juegos de Sega Mega Drive / Genesis lanzados en junio de 1995, durante el declive de la consola. El cartucho contiene 6 de los juegos más exitosos de Sega; Sonic the Hedgehog , Golden Axe, Revenge of Shinobi, Streets of Rage, Columns y Super Hang-On. El menú del juego incluye el arte de la caja digitalizada de los juegos originales. También vino con un manual de 67 páginas que contenía las instrucciones completas para los seis juegos. Curiosamente, la obra de arte utilizada en la caja de Columns no es de la versión de Mega Drive, sino la edición de Master System del juego.
688 Attack Sub (USA, Europe)	Conviértete en el capitán de un submarino a través de 10 misiones en un mundo en conflicto. Además de subir y bajar el periscopio, deberás controlar todos los elementos de navegación para controlar la trayectoria, la distancia con respecto al fondo marino, el sónar para detectar presencia enemiga y otros factores que habrá que dominar para lograr cumplir los objetivos.
A Ressha de Ikou MD (Japan)	A Ressha de Ikou MD es un juego de simulación ferroviaria en tiempo real y parte de la serie A-Train de Artdink. Según los primeros dos juegos de la serie, en cada escenario el jugador debe usar los recursos disponibles para construir un ferrocarril que conecte desde un extremo del mapa al otro. Durante el día, se puede controlar el &quot;A-Train&quot; titular, mediante el cual el jugador puede construir pistas y estaciones. Durante la noche, los horarios de los trenes pueden ser modificados. A medida que el jugador construye, el desarrollo surgirá alrededor de las pistas y estaciones, generando ingresos por los cuales se pueden construir más pistas y estaciones. El juego ofrece un total de cinco escenarios diferentes de dificultad creciente, que van desde un escenario de práctica para principiantes hasta escenarios muy difíciles para jugadores experimentados. También hay tres configuraciones de velocidad de juego diferentes disponibles.
Aa Harimanada (Japan)	Aa Harimanada es un juego de lucha de sumo basado en el manga y el anime creado por Kei Sadayasu. Al igual que en el deporte real, el objetivo es sacar al oponente del ring. Sin embargo, no es una interpretación particularmente realista del sumo, ya que juega muy parecido a un juego de lucha tradicional 1 contra 1. Hay agarres, tiros y movimientos especiales, y el jugador también puede ganar por nocaut drenando la resistencia del oponente. Hay un modo para un solo jugador que sigue la historia del protagonista Harimanada, así como un modo versus para uno o dos jugadores donde se puede usar cualquiera de los 15 personajes.
Aaahh!!! Real Monsters (USA)	Con el fin de graduarse en la Academia de Monstruos, tres monstruos jóvenes, Ickis, Oblina, y Krum, tiene que pasar su examen de mitad de período del monstruo. Esta prueba consiste en asustar a un número de personas que su director, Gromble, les ordena a fin de aprobar el examen.
Academia do Saber (Brazil) (Mega Drive 4)	Juego de rompecabezas. Lanzado exclusivamente para Mega Drive, en la memoria de algunas consolas producidas por la Tectoy. Jamás fue lanzado en medios físicos.
Addams Family Values (Europe) (En,Fr,De)	Un nuevo integrante ha llegado a casa de los Addams: Pubert, el tercer hijo de la familia. Luego de una larga búsqueda para encontrar una niñera, finalmente parece haber aparecido la candidata ideal... una misteriosa mujer llamada Debbie Jelinsky. Lo cierto es que Debbie es una asesina en serie conocida como La Viuda Negra. Sus planes son casarse con Fester, para luego eliminarlo y apoderarse de la fortuna Addams... pero luego de muchos intentos fallidos, decide ser más directa y secuestrar a Pubert. Inmediatamente, toda la familia se pone en movimiento para encontrar al bebé, pero será Fester quien más empeño pondrá en la tarea. Deberá viajar por los vastos terrenos de la mansión, reuniendo pistas y abriéndose camino para poder, finalmente, acabar con los locos planes de Debbie.
Addams Family, The (USA, Europe)	¡Han raptado a Morticia! El tío Fester ha perdido la memoria y está bajo el hechizo de Abigail Craven. Sólo Gómez puede salvar el día y enfrentarse al malvado Juez en un clímax de lo más grillado y fantasmal. Addams Family es un juego de plataforma basado en los personajes y escenarios de la película (que, a su vez, se basa en la famosa serie de televisión de 1960, que a su vez se basa en la caricatura de Charles Addams del mismo nombre, que apareció en revista, The New Yorker, en los años 30). El juego tiene lugar hacia el final de la película: la familia Addams ha sido expulsada de su hogar por una orden judicial emitida por un abogado traidor, Tully Alford. Peor aún, los otros Addams: Morticia, Pugsley, Wednesday, Granny y Lurch han desaparecido.
Advanced Busterhawk Gley Lancer (World) (Ratalaika Games)	Un sci-fi shooter de desplazamiento lateral, Gleylancer te presenta como Lucía, una joven piloto en la Flota Espacial de cazas estelares que secuestra al luchador experimental Gleylancer para explorar las fronteras exteriores del espacio conocido en busca de su padre desaparecido. En el camino, Lucía tendrá que derribar a decenas de enemigos de forma estándar, evitando la destrucción y recogiendo poderes que amplíen la energía de su nave, mejoren las armas y recojan las bombas que limpian la pantalla. El Gleylancer viene equipado con dos satélites flotantes que pueden recibir actualizaciones de armas propias, y pueden bloquear sus posiciones en ángulos específicos para aumentar tu potencia de fuego y proteger al jugador de los ataques enemigos. Presenta solo una campaña para un solo jugador con dos finales diferentes dependiendo de cómo se completen las etapas finales (por ejemplo, si se rescata o no al padre de Lucía).
Advanced Daisenryaku - Deutsch Dengeki Sakusen (Japan) (Rev A)	Advanced Daisenryaku es un juego de simulación de estrategia bélica de SystemSoft ambientado en la Segunda Guerra Mundial. El jugador lidera al ejército nazi alemán, comenzando con la invasión de Polonia en 1939. Según los resultados de cada batalla, la historia puede desviarse de los hechos reales, ofreciendo rutas alternativas. El juego utiliza una rejilla hexagonal donde los espacios representan distintos terrenos como hierba, montañas o mar. Unidades como infantería y tanques tienen fortalezas y debilidades según el terreno y sus características, y el objetivo es capturar todas las ciudades enemigas. Incluye un modo &quot;estándar&quot; que permite jugar libremente cualquier mapa con combinaciones personalizadas de jugadores humanos y controlados por la IA. Es uno de los pocos juegos de Mega Drive compatibles con Sega Meganet para juego online.
Adventures of Batman & Robin, The (USA)	Basado en la galardonada serie de televisión, The Adventures of Batman and Robin enfrenta al jugador contra el diabólico Sr. Freeze que quiere liberar a Gotham con un enorme cañón de hielo y su ayuda contratada de otros supervillanos de Gotham: The Joker, Mad Hatter, y dos caras. El jugador puede tomar el rol de Batman o Robin, pero esta opción no hace una diferencia con respecto a la jugabilidad. Este es un juego de acción de desplazamiento lateral. El jugador básicamente camina de izquierda a derecha mientras combate a numerosos enemigos en combate cuerpo a cuerpo. Las armas que se encuentran durante los niveles se utilizan para disparar a los enemigos desde una distancia mayor. Estas armas también se pueden actualizar al recoger los símbolos correspondientes. En general hay cuatro áreas (una para cada villano) con tres niveles cada una, incluido un estudio de cine o la Universidad de Gotham. Si bien la mayoría de las etapas son niveles de lucha típicos con ocasionales efectos 3D, también hay algunos de vuelo en los que el jugador usa el Batwing o un jet pack.
Adventures of Mighty Max, The (USA)	The Adventures of Mighty Max se basa en el dibujo animado de televisión Mighty Max, que a su vez se basa en una serie de juguetes. Max es un niño que posee una gorra mágica que le permite viajar a través de diferentes mundos y salvar a las personas que se meten en problemas en otras dimensiones. Pero su archienemigo, el demoníaco Skull Master, ha bloqueado recientemente todos los portales que Max usaba para viajes interdimensionales. Sin embargo, el Skull Master ha guardado algunos de los portales para él, manteniendo allí algunas de sus armas destructivas. ¡Es hora de destruir esas armas y detener a Skull Master! Este es un juego de plataforma en el que controlas a Max o una de sus dos patadas laterales (que no influyen en la jugabilidad). Viajas a través de varios mundos diferentes. Tu objetivo es encontrar las armas de Skull Master, que están dispersas por el nivel, y destruirlas. Los niveles están cronometrados, y también hay muchos enemigos que te molestarán en tu camino hacia la meta.
Adventures of Rocky and Bullwinkle and Friends, The (USA)	The Adventures of Rocky and Bullwinkle es la adaptación de un videojuego de la serie de dibujos animados de los años 60 titulada Bullwinkle, a moose, and Rocky, a flying squirrel. El juego se parece mucho a un episodio del espectáculo. La historia comienza en la dedicación del museo Frostbite Falls Rocky and Bullwinkle. Desafortunadamente, los no tan agradables Boris y Natasha se disfrazaron como guardias de seguridad para el museo y lograron robar algunos de los artefactos de valor incalculable. Bullwinkle y Rocky deben rastrear los artefactos robados y devolver el orden a Frostbite Falls. La mayor parte de la acción es de la variedad de plataformas de desplazamiento lateral, pero a lo largo del camino, podrás jugar muchos minijuegos con personajes del programa. Durante las secciones de plataformas puedes cambiar instantáneamente entre los dos protagonistas. Ambos juegan de forma diferente: Bullwinkle puede lanzar bombas a los enemigos y Rocky puede volar en instancias cortas.
Aero the Acro-Bat (USA)	Inspirado en parte por la moda de las &quot;mascotas con carácter&quot;, que se generalizó a raíz de la presentación de Sonic the Hedgehog, trata de un murciélago rojo llamado Aero, que trabaja y vive en un circo. Debe defender el circo de un malvado ex payaso llamado Edgar Ektor, que trabajaba en el mismo circo y quiere cerrarlo para siempre. Aero también debe tratar con su secuaz Zero, la ardilla.
Aero the Acro-Bat 2 (USA)	¡Híncale el diente a la acción!. El maestro del aire Aero the Acro-Bat, vuelve a la acción una vez más, en esta ocasión para detener al malvado industrial Edgar Ektor. Aero ha entrado en el reino de la fascinación, y ahora debe usar su destreza acrobática para detener un complot criminal conocido con el nombre de ?Plan B?. Descubre con Aero nuevos amigos (y enemigos) en un mundo especialmente creado para estas aventuras de altos vuelos.
Aerobiz (USA)	Eres el CEO de una aerolínea y tu meta será convertir tu compañía en una de las grandes, distinguible por la regularidad de sus vuelos, bajo número de cancelaciones o demoras, y un reconocido servicio de primera clase. Y para ello, deberás cumplir 3 requisitos: expandir tus rutas aéreas, poner la seguridad ante todo, y darles a tus clientes el mejor trato posible. Deberás conectar 22 ciudades alrededor del mundo, mientras las huelgas, problemas con los aviones e inesperados sucesos afectarán tu negocio.
Aerobiz Supersonic (USA)	Eres elegido presidente de una nueva línea aérea y debes intentar llevarla a ser la número uno del ranking en el mercado. Cuenta con cuatro escenarios correspondientes a períodos de 20 años, nuevos aviones y nuevos destinos en siete regiones del mundo. Además de los acontecimientos mundiales y los desastres naturales, la política entra en juego, lo que complica la situación.
After Burner II (USA, Europe)	Estás acorralado y no hay tiempo para pensar. Estás rodeado por un enjambre de aviones enemigos y otros más se acercan al frente a una velocidad de 5 Mach. Comienzas a disparar tus ametralladoras. No podrás atinar a nada por la increíble velocidad del ataque. ¡Enciende tu impulsor a chorro! ¡Zambúllete en un picado y gira! Lánzate en un tonel a 360 grados mientras el enemigo desciende en barrena tan cerca, que casi tocas las puntas de las alas.
Air Buster (USA)	En el año 2021 una misteriosa arma espacial aparece y asalta a las naciones de la Tierra. En el papel del piloto Mike, formas parte de la Trouble Speciality Raid Unit con la misión de detener la invasión. Esto no es una pequeña escaramuza aérea, se trata de una guerra en toda regla, sin prisioneros, hipervelocidad con pantallas tridimensionales y efectos de sonido increíbles. Acción simultánea de dos jugadores con desplazamiento horizontal y vertical, vas a necesitar habilidad, astucia, e instinto de vuelo para destruir al enemigo ... ¡y sobrevivir!.
Air Diver (USA)	Tu misión es encontrar y eliminar a los terroristas enemigos. Están muy bien armados, y la inteligencia central nos informa que pueden tener el apoyo de varias naciones extraterrestres hostiles...
Air Hockey (Europe) (Sega Reactor)	Juego de deportes (hockey sobre mesa). Lanzado exclusivamente en Mega Drive. El juego no fue lanzado en medios físicos en Brasil, siendo vendido sólo en la memoria de algunos modelos de Mega Drive de Tec Toy. Después el juego comenzó a aparecer también en modelos de AtGames lanzados por el mundo.
Akira (USA) (Proto)	Un primer prototipo de la adaptación original de Sega Mega Drive de Akira. Desarrollado por Black Pearl Software a finales de 1993 para su lanzamiento en 1995, este juego intentó hacer una adaptación fiel de la película original presentando varias escenas clave de la película de formas únicas. El juego presenta segmentos de disparos en primera persona, carreras, plataformas y beat-em-up para ayudar a ilustrar diferentes puntos en la historia de la película.
Al Michaels Announces HardBall III (USA, Europe)	HardBall III es un juego de béisbol de Megadrive. Jugable con uno o dos jugadores, este título te ofrece lanzar la pelota de diferentes maneras (bola curva, bola rápida ...) para engañar al baterista y ganar la victoria. Es posible administrar su equipo durante el juego y hacer sustituciones en una partida completa.
Aladdin (World) (En) (Disney Classic Games)	SEGA presenta Aladdin de Disney en una coproducción Disney/Virgin Games. ¡Agárrate a la alfombra para entrar en acción mientras Aladdin ondea su brillante cimitarra en una lucha a través de Agrabah! Escápate de las mazmorras del Sultán, sobrevive a la temible Cueva de las Maravillas, llévate la lámpara del genio y salva a la princesa Yasmin del malvado Yafar.
Alex Kidd in the Enchanted Castle (USA)	¡PIM! ¡PAM! ¡PUM! Alex Kidd pega puñetazos, suelta patadas y da saltos por el planeta Paperock tratando de salvar a su padre. La misión no es nada fácil, sobre todo habiendo escorpiones, peces globo, monos y momias bloqueando el camino.! ¡PIEDRA! ¡PAPEL! ¡TIJERAS! Alex se ve obligado a jugar el juego del Janken.
Alfred Chicken (USA) (Proto)	&quot;Alfred Chicken&quot; es un juego de plataformas desarrollado por Twilight y publicado por Mindscape. Se lanzó a partir de 1993 para múltiples plataformas, incluidas Amiga, Game Boy, NES, Super NES y PlayStation. En el juego, el jugador controla a un pollo llamado Alfred, que debe atravesar niveles extraños llenos de globos, teléfonos, queso y otros objetos extraños. Alfred puede correr, saltar y picotear globos e interruptores de piso. También puede saltar sobre enemigos o resortes para saltar más alto.
Alien 3 (USA, Europe)	Los Xenomorfos son rápidos, escupen ácido y están... ¡justo detrás de ti! No se tiene mucha visibilidad en estos conductos de aire. Es difícil respirar. Los atrapacaras pueden estar en cualquier parte. Debes encontrar a la reina madre. Cuanto más cerca estés de ella, más aliens encontrarás... ¡más vale que no sean ellos los que te encuentren a ti! Sigue diciéndote a ti mismo, &quot;todo esto no está pasando en realidad... ¡sólo es un juego!&quot;
Alien Soldier (Europe)	Eres un soldado de elite llamado Epsilon Eagle que debe salvar al universo de un villano llamado Z-Leo que envió a tu planeta diversos Aliens a invadirlo. Eres la única esperanza para salvar el planeta.
Alien Storm (World)	Los alienígenas están invadiendo la Tierra, y todo depende de los &quot;Busters Alien&quot; para acabar con ellos y destruir a su creador. Estos cazadores son Karla, Gordon y Scooter. Cada uno de ellos tiene sus propias armas y ataques especiales.
Alisia Dragoon (USA)	Baldour, la personificación del diablo, está a punto de finalizar su letargo. Alisia tendrá que destruirlo antes de que se despierte, o hará los estragos de hace 13 años. Sus últimas correrías costaron la vida del padre de Alisia. ¡Ayúdale a vengar su muerte!
American Gladiators (USA)	American Gladiators era un programa de la televisión americana con éxito internacional, que fue emitido entre 1989 y 1993. Se trataba de un concurso en el que los participantes tenían que realizar diferentes pruebas físicas y, en muchas ocasiones, enfrentarse a una serie de atletas que formaban parte de la plantilla del programa y que le daban el toque característico al show. Al igual que en el programa de televisión, la competición se divide en una serie de diferentes pruebas donde se van acumulando puntos, hasta llegar al circuito final. De esta manera, el videojuego nos presenta un modo torneo que simula el desarrollo completo del programa y un modo Head-to-head para competir en una prueba en concreto.
Anaconda (Brazil) (Mega Drive 4)	Clon de Snake. Lanzado exclusivamente en Mega Drive. El juego no fue lanzado en medios físicos en Brasil, siendo vendido sólo en la memoria de algunos modelos de Mega Drive de Tec Toy.
Andre Agassi Tennis (USA)	El potente drive de Andrea Agassi es tuyo. Conviértete en el mismo Agassi o juega contra él. Por vez primera puedes ganar grandes cantidades de dinero en el partido de los ?duros?, donde las apuestas se duplican con cada devolución. Con 4 canchas, 8 jugadores de categoría, cada uno con un estilo de juego diferente y un juez de silla que canta cada pelota, Andre Agassi Tennis es insuperable.
Animaniacs (USA)	TEN MIEDO, MUCHO MIEDO. Los hermanos Warner han escapado una vez mas y están resueltos a iniciar una aventura divertidísima alrededor del universo Cinematográfico de Warner. Ayúdalos a eludir al Guardia y juntar los ítems necesarios para su nueva tienda de películas.
Aniversario (Brazil) (Mega Drive 4)	Juego de disparos. Controlando una mira, el jugador debe disparar a las arañas, impidiendo que ellas bajen de la mesa y coman el pastel. El juego no se vendió en los medios físicos, sino que se lanzó sólo en la memoria de algunos modelos de la consola Mega Drive vendidos en Brasil, como el Sega Tec Toy Super Mega Drive 3 con 71 juegos en la memoria. Después el juego comenzó a aparecer también en modelos de AtGames lanzados por el mundo. Juego lanzado exclusivamente en el Mega Drive.
Aquaduto (Brazil) (Mega Drive 4)	Juego de rompecabezas inspirado en Pipe Mania. El objetivo del jugador es montar una tubería entre el hidrante y el conector del depósito. Si hay algún registro en el camino, la plomería debe pasar por él. Además del Mega Drive (lanzado en la memoria de algunas consolas producidas por Tectoy), el juego también fue lanzado para Master System (también en la memoria de algunos modelos de la consola producidos por la Tectoy). Jamás fue lanzado en medios físicos.
Aquatic Games Starring James Pond and the Aquabats, The (USA, Europe)	James Pond está en un descanso de los malos ataques para competir en los Juegos Acuáticos en Basselona. Juega con los amigos pescado de Pond mientras compiten por la codiciada medalla de Goldfish en 10 eventos mojados y alocados. Practique todo lo que quiera y califique para los Juegos Oficiales, o juegue con hasta cuatro amigos en su propio partido marítimo. Tu marsopa - eh... propósito - es ser el primero en cruzar la línea de meta, ¡pero estarás enganchado mucho antes!
Arcade Classics (USA, Europe)	Missile Command y Centipede han regresado mejor que nunca. Los juegos originales están aquí, además con versiones especialmente modificadas por Sega que llevan estos clásicos de los años 80 a los 90, pero la diversión no para aquí también dispones del videojuego original Pong.
Arcade Legends Street Fighter II' - Special Champion Edition (World) (Radica)	&quot;The Arcade Legends Street Fighter II&quot;: Special Champion Edition, conocido como Mega Drive Play TV 3 en Japón, es un Sega Mega Drive &quot;consola en un chip&quot; diseñado y fabricado por Sega Toys. En Occidente fue distribuido por Radica. En el sistema contiene Street Fighter II: Special Champion Edition y la versión de Mega Drive de Ghouls'n Ghosts en la memoria.
Arch Rivals - The Arcade Game (USA, Europe)	¡La acción de realismo arcade entre los Arch Rivals es verdaderamente excitante! ¡porque esta vez no es de locos¡ ¿Qué? ¿No es de locos? Eso es ¡Este juego no es de locos!. En esta modalidad de baloncesto ¡romper las reglas es parte de las reglas! Si no puedes bloquear un tiro, golpea a tu oponente. Para jugar Arch Rivals también necesitas habilidades de verdad, como pases, rebotes, buena defensa, buenos regates y tiros de 3 puntos. No es simple baloncesto, es baloncesto pendenciero, ¡baloncestoAUU!
Arcus Odyssey (World) (Evercade)	La hechicera Castomira se dispuso a destruir el mundo, y ha logrado derrotar a todos menos a uno de los guerreros que han intentado detenerla. Ese alma solitaria era la princesa Leaty, que tuvo un feroz y destructivo duelo mágico con Castomira que duró varios días, terminando con la victoria de Leaty , que encerró a Castomira en el Mundo Oscuro usando una espada que llegó a conocerse como The Power of Leaty. Siglos después, los seguidores de Castomira han robado la espada y planean rescatar a Castomira para la destrucción final.
Ariel - The Little Mermaid (USA, Europe)	El Rey Tritón y su hija Ariel, luchan contra los peligros de las profundidades. En el papel de Tritón rescata Ariel y destruye el camino de Ursula, la Bruja del Mar. Como Ariel lucha contra las criaturas embrujadas del mar y derrota a Ursula para salvar a Tritón y a los pobladores del mar.
Arnold Palmer Tournament Golf (USA, Europe)	¡Salida del tee! Ha llegado el momento de jugar una de las competiciones de golf más grandes de la historia: El torneo Arnold Palmer Tournament. Y no va a ser nada fácil. Con permiso para solamente 16 jugadores, usted tendrá que demostrar su calidad. Usted podrá jugar en exuberantes campos, pero existen muchos obstáculos. desde agua y trampas de arena hasta el siempre presente terreno escabroso.
Arrow Flash (USA)	Durante cierto tiempo, Zorgon V ha estado tratando de entrar en el laboratorio espacial del Dr. Herbert Schwinn y robar su proyecto para viajar en el tiempo. El Dr. Schwinn, cuya esposa fue víctima de los criminales del espacio, ha desarrollado una nave de ataque haciendo uso de la tecnología láser más moderna. Anna, su única hija. debe pilotar la nave y con ella introducirse en el complejo mundo de Zorgon V para destruir todo lo que vea. Ayude a la familia Schwinn a vengarse de Zorgon V ? únase al equipo Arrow Flash.
Art Alive (World)	Conviértase en el artista que siempre quiso ser. Cree divertidos personajes con hermosos fondos, anímelos y sorprenda a sus amigos. Es un arte fácil y se llama Art Alive!.
Art of Fighting (USA)	Yuri Sakazaki ha sido secuestrada por Mr. Big para castigar a su padre, Takuma, y su hermano Ryo. Para rescatarla, Ryo y Robert debe luchar contra numerosos enemigos alrededor de South Town, hasta llegar al misterioso Mr. Karate. La pasión de los creadores del juego es evidente en los elementos de juego y su único game play. Estos incluyen un medidor de energía que se agota cada vez que un luchador utiliza una maniobra especial, la desesperación los ataques que se pueden utilizar sólo cuando la salud de un boxeador es baja, y la cámara de zoom que se ajusta sobre la marcha de los combatientes se mueven por el escenario. Todas estas características garantizan que los jugadores utilizan la estrategia y la táctica. Añadiendo a la mezcla son pequeños detalles, como los personajes que muestran los cortes cuando están heridos y voz a través de las muestras durante las escenas de corte. ¿Se puede perfeccionar el arte de la lucha y salvar a Yuri?
Asa Delta (Brazil) (Mega Drive 4)	Juego de deportes (ala delta). Usted está en un vuelo de ala delta. Su objetivo es aterrizar en el blanco. ¡Cuanto más cerca del centro, más puntos ganará! A cada nueva fase el objetivo va a quedar más lejos. Utilice A, B o C para ganar altitud y el direccional hacia adelante para ganar velocidad. Lanzado exclusivamente en Mega Drive. El juego no fue lanzado en medios físicos en Brasil, siendo vendido sólo en la memoria de algunos modelos de Mega Drive de la TecToy.
Asterix and the Great Rescue (USA)	Toda la Galia está invadida por los Romanos... ¿Toda? Je, je, je. No contaban con nuestros 2 héroes, capaces de aplastar toda una legión a mamporro limpio. Elige entre Asterix y Obelix y no te andes con contemplaciones. iGolpea! ¡Salta! ¡Agáchate!... Un traguito de poción y... ¡Más energía!. Pásmate con el Scroll Multidireccional y alucina con las imágenes digitalizadas sacadas del propio cómic. 16 MEGAS plagados de la acción más frenética. Y una música original, fuera de serie. ¡Sálvese quien pueda!
Asterix and the Power of the Gods (Europe) (En,Fr,De,Es)	Las fuerzas de Cesar el Emperador han robado el legendario escudo de Vercingetorix. Asterix, con la ayuda de su compañero Obelix, tiene la misión de devolverlo al pueblo galo. Puedes elegir entre Asterix u Obelix para recorrer más de 20 niveles y lugares como Lutetia, Egipto, Alexandria y Mesopotamia hasta llegar a Roma.
Atomic Robo-Kid (USA)	Definitivamente algo no está bien en Terra-12. Sin vacilar, las fuerzas cósmicas hostiles han bombardeado? ¡la colonia!. El planeta se ha convertido en un patio de recreo para la crueldad, formas de vida mutantes y ¡gobernantes aliens que no tienen piedad!. Mientras, los humanos supervivientes, los afortunados que encontraron refugio, esperan silenciosamente en sus escondites con la única esperanza de activar a ¡Atomic Robo-Kid! Armado con lo último en armamento nuclear y una mente pre programada, Kid se propone aniquilar a los chicos malos. ¿Estás listo para destruir mutantes y salvar el planeta?.
Atomic Runner (USA)	Seres alienígenas que habitaron la Tierra miles de años atrás han vuelto para reclamarla como ¡propia!. Ponte tu traje atómico y prepara las armas para una carrera que te llevara a través de desiertos abrasadores, cavernas mortales y ruinas antiguas en camino hacia la ¡batalla más grande de todos los tiempos!
ATP Tour Championship Tennis (USA)	¡Rápido! Coge tu raqueta y pon a prueba tus habilidades tenísticas con el más prestigioso Torneo de Tenistas Profesionales (ATP). Podrás elegir entre los mejores jugadores de todos los tiempos, o si lo prefieres puedes crear tu propio campeón. Podrás jugar en pistas de tierra batida, hierba, etc?
Australian Rugby League (Europe)	Los creadores de Rugby World Cup 1995, EA SPORTS, presentan toda la acción frenética y la dureza de la Liga de Rugby profesional. -44 equipos incluyendo 20 equipos de la liga de Rugby de Australia y 11 equipos ingleses. -5 modos de juego diferentes, incluyendo amistosos y liga. -Animaciones realistas en 3D con modelado de jugadores nn-Experiencia de juego de la liga de rugby muy realista, con meles, pateos y los 6 tackles más importantes.
Awesome Possum Kicks Dr. Machino's Butt (USA)	Awesome Possum está aquí para limpiar el mundo. ¿Cómo puedes ayudar? No te preocupes Awesome te lo dirá. Con más de 80 frases diferentes de audio, Awesome Possum es el primer personaje de dibujos animados de Génesis que realmente habla - ¡y tiene mucho que decir! Tú y Awesome recogéis la basura del Dr. Machin. Limpia la basura rancia y lucha contra la fétida contaminación... y recicla para ganar más puntos. Pon a prueba tus conocimientos ecológicos y gana más puntos respondiendo preguntas sobre la naturaleza y el medio ambiente. Así que si los malos contaminan, ¡dales duro! Y ayuda a salvar los árboles, el océano y la Madre Tierra.
Aworg - Hero in the Sky (Japan) (Sega Game Toshokan)	Conoce a Aworg, héroe cósmico y por lo general un agradable robot. Necesita tu ayuda para navegar por los pozos de gravedad y recoger pilas de energía para mantenerse vivo. Escucha a los enemigos mientras giras y danzas en tu camino a través de cada desalentador nivel. No olvides tus poderes eléctricos para salir de apuros.
Ayrton Senna's Super Monaco GP II (USA) (En,Ja)	Colóquese en la cabina y prepárese para la emoción de las carreras como nunca antes la había experimentado en un videojuego. Con Ayrton Senna's Super Monaco GP II correrás en circuitos que exigen velocidades de vértigo en la dura competición de la Fórmula 1.
B.O.B. (USA, Europe)	El robot mas pacifico de la galaxia se encuentra forzado a luchar por salvar el pellejo metálico. Con más de 45 niveles, 6 tipos distintos de armas, 6 clases de munición incluyendo rayos láser y lanzallamas. Más de 40 peligrosos enemigos y paseos en cohete mas rápidos que el rayo.
Baby Boom (USA) (Proto 3)	Baby Boom es un juego de acción inédito que se anunció originalmente en Sega Gamer's Day 1994 para Sega Mega Drive, Sega Mega-CD y Sega Game Gear. Posteriormente fue cancelado por razones desconocidas. Desde entonces, se han filtrado a Internet tres prototipos iniciales de la versión de Mega Drive, que muestran que el juego consistía principalmente en recoger a los bebés y llevarlos a una salida en el menor tiempo posible. Solo existen tres niveles normales y dos niveles de bonificación en el último prototipo (con fecha de 1994-08-11).
Baby's Day Out (USA) (Proto 2)	Baby's Day es un videojuego de reflexión lanzado en 1994 en Mega Drive. El juego ha sido desarrollado por Designer Software y editado por Hi-Tech Enterprises. El sistema de juego es un poco como Lemmings en el sentido de que el bebé está controlado y dirigido al final del nivel.
Back to the Future Part III (USA)	¡1885 nunca fue así! Las aventuras de Marty McFly y Doc Brown en su viaje por el tiempo incrementan su ritmo vertiginoso para esta última y más excitante parte de la trilogía de Regreso al Futuro. Perdido en Hill Valley, en medio del Lejano Oeste, usted dirige a Marty Y Doc en una frenética carrera contra el tiempo, lo cual no resulta muy fácil con Buford &quot;Mad Dog&quot; Tannen y su banda de forajidos interponiéndose en su camino.
Bahamut Senki (Japan)	El mundo de Bahamut está dividido en ocho países poderosos. Cuatro de ellos son gobernados por seres humanos o criaturas humanas, mientras que los otros cuatro están bajo el control de las fuerzas demoníacas malignas. Los países hacen guerra unos con otros, cada uno tratando de dominar a los demás. Su tarea es elegir uno de esos países y hacerlo más poderoso en Bahamut, conquistando a los demás y derrotando a sus señores. Bahamut Senki es un juego de estrategia de guerra basado en turnos. Al principio de cada turno, usted puede hacer que su líder realice varias acciones, como reclutar soldados, declarar guerra o establecerse en la región por conversaciones diplomáticas con otros líderes. En batallas, controlas varias unidades de soldados o criaturas mágicas que puedes convocar para ayudarte.
Ball Jacks (Japan, Europe) (En)	Los humanos controlan a los robots en esta feroz competición cuerpo a cuerpo que tiene lugar en el futuro lejano. Mida sus habilidades en una prueba contra el tiempo para luego enfrentarse a los Bots más avanzados del universo en el Campeonato del Mundo. ¡El futuro es ahora!
Ballz 3D - The Battle of the Ballz (USA, Europe)	Cárgate de energía para un juego de combate mortal en 3 dimensiones, enfréntate hasta con 8 personajes únicos y 8 jefes que dan puñetazos, patean, apalean, aplastan, humillan y se tiran pedos en sus contrarios. Verifica tu valor de clasificación de daños en la repetición instantánea de la jugada, o metamorfoséate en otro personaje para realmente desconcertar al contrario. Olvídate de la triste y plana escena de lucha en 2 dimensiones, este enrevesado combate está en la tercera dimensión. Vas a necesitar BALLZ?.
Barbie Super Model (USA)	Nadie dijo que convertirse en una mundialmente famosa Súper Modelo sería fácil. ¡Y eso es lo que tú y Barbie descubrís cuando salís en una maravillosa gira de moda por las ciudades más importantes de los Estados Unidos! La emoción comienza en Hollywood Boulevard al volante de tu super-cool coche deportivo rosa descapotable. ¿Podrás llegar desde el restaurante al teatro a tiempo para tu primer gran desfile de moda?nnHawaii, Aspen, y finalmente, llegada a New York para la competición final en tu camino para conseguir el status de Súper Modelo. El glamoroso mundo de la alta moda te está esperando. ¡Ve a por él!
Barbie Vacation Adventure (USA) (Proto)	En Barbie Vacation Adventure, Barbie y su amiga Midge (en modo de dos jugadores) viajan por Estados Unidos disfrutando de minijuegos temáticos en cuatro destinos vacacionales: -Iowa: En una feria, Barbie atrapa un cerdo y juega en los stands de carnaval, incluyendo pruebas de fuerza y puntería. -Wyoming: Barbie arma una tienda de campaña como un rompecabezas, salta entre rocas y fotografía animales en un sendero natural. -Texas: En un rancho, Barbie monta a caballo, saltando obstáculos, y juega herraduras. -Florida: Barbie y Midge juegan voleibol y exploran un laberinto submarino buscando tesoros hundidos. El viaje concluye en California, donde Barbie encuentra regalos escondidos por Ken en su casa. Con opciones cooperativas y desafíos variados, el juego ofrece diversión para todas las edades.
Barney's Hide & Seek Game (USA)	Busca a cuatro amigos y a Baby Bop en la granja, bajo el agua, y a través de otros escenarios divertidos. A los niños les encantará el descubrimiento y la diversión que tienen con Barney. Barney nombra cosas favoritas como juguetes y animales. Los niños SIEMPRE ganan y Barney NUNCA se lastima. Escucha más de 100 palabras y 200 frases familiares como &quot;Te amo&quot; con la propia voz de Barney. Barney ayuda a contar, emparejar y resolver problemas. Él muestra cómo cruzar las calles con seguridad y tirar la basura. Barney tiene una característica única: cuando su hijo deja de jugar, Barney le enseña qué hacer a continuación.
Bass Masters Classic (USA)	Bienvenido al BASS Masters Classic. Mi nombre es Hank, sere tu anfitrión y te diré lo que necesitas saber. Este tour consiste en cuatro torneos de 3 días en cuatro lagos. El primero está en el lago Skull. Veras mi tienda de cebo allí y aprenderás el camino hacia la zona del muelle, pero primero tendrás que preparar algunas cosas. Comprueba tu equipo y lánzate a pescar un Big One. ¡Este es el Campeonato del Mundo! ¡Buena suerte!
Bass Masters Classic - Pro Edition (USA)	No pierda la oportunidad de competir en el juego de pesca más realista megadrive. Con la participación de pescadores profesionales como George Cochran, Shaw Grigsby Jr., Gary Klein, Tom Mann Jr., Dee Thomas y Kevin VanDam, BASS MASTERS CLASSIC PRO EDITION trae la pesca del campeonato mundial a tu casa. Competir como uno de los seis pescadores reales profesionales o como un aficionado en el Bass Masters Classic. Pesque en las aguas de cinco torneos de tres días en cinco lagos diferentes. Gráficos realistas que recrean la experiencia de la pesca al aire libre con todo detalle. Elija su caña, carrete, señuelo, e incluso el motor del barco.
Batalha Naval (Brazil) (Mega Drive 4)	¡Lidere un escuadrón en una batalla de vida o muerte! Usa las flechas direccionales para seleccionar tu objetivo y pulsa A, B o C para disparar. Juego de tablero (batalla naval). Lanzado exclusivamente en Mega Drive. El juego no fue lanzado en medios físicos en Brasil, siendo vendido sólo en la memoria de algunos modelos de Mega Drive de la TecToy.
Batman - Revenge of the Joker (USA)	Metales preciosos han estado desapareciendo desde las minas de Gotham; la lista incluye un metal con un compuesto altamente tóxico, usado para fabricar explosivos para misiles. La policía de Gotham ha agotado sus recursos en la búsqueda de respuestas, y desesperados, recurren a la ayuda de Batman. Él sabe que estos hechos sólo pueden ser fruto de las maquinaciones de una retorcida mente criminal... ¡el Joker ha regresado! Batman debe seguir las pistas que llevan a la localización del escondite secreto del Joker, antes de que sea demasiado tarde. Pero no será fácil. El Caballero Oscuro deberá usar su nuevo arsenal de armas para vencer a los malvados secuaces del Joker, y confiar en su fuerza acrobática para superar los obstáculos que bloquearán su camino. ¡Gotham confía en ti para detener el Regreso del Joker!
Batman - The Video Game (USA)	Joker ha vuelto y tiene el ojo puesto en Gotham City, ¡Solo el control total de la ciudad lo dejara satisfecho!. Con ayuda del Batmovil, de la Batwing y contigo en los controles...¡Batman esta listo para detener a este villano!
Batman Forever (World)	Basado en la película del mismo nombre, en este juego ayudarás a Batman y Robin a enfrentarse a Dos Caras, un desquiciado villano con la cara deformada a causa de un ataque con ácido, y al Acertijo, un extraño y enigmático personaje. Ambos se han aliado para desatar el caos sobre Gotham City, enviando a toda clase de lunáticos y malhechores a invadir la ciudad. Las calles, el metro, el asilo Arkham, el circo, e incluso la propia mansión Wayne están bajo ataque, así que no hay tiempo qué perder!
Batman Returns (World)	El Pingüino tiene a Gotham City atrapada en sus aletas. Le ayudan la perturbada pandilla del Circo del Triángulo Rojo y la malvada Catwoman entre otros. Lanza los mortíferos Batarangs, acorrala con el Batmovil a los secuaces, utiliza todas las armas disponibles para luchar con las multitudes y lograr alcanzar así el momento decisivo en la Guarida de El Pingüino.
Battle Frenzy (USA) (En,Fr,De,Es) (Sega Channel)	Gráficos tridimensionales de movimiento super suave, una acción frenética y una pantalla dividida en dos partes para uno o dos jugadores. Tendras que recorrer una nave alienigena de transporte de tropas cargada de maquinas programadas para matar. Entre las armas que tendrás a tu disposición se incluyen un &quot;chip de locura por la batalla&quot; que se te ha implantado quirúrgicamente y que te proporciona fuerza, reflejos super rápidos y un insaciable deseo de matar, poniéndote en un estado conocido como &quot;Bloodshot&quot; (inyectado en sangre). A tu compañero mas le vale andarse con cuidado contigo...
Battle Golfer Yui (Japan)	En Battle Golfer Yui, el Profesor G, líder de la malvada Dark Hazard, busca dominar el mundo usando el poder del golf a través de su proyecto Battle Golfer. Las estudiantes prodigios Yui Mizuhara y Ran Ryuzaki son secuestradas para formar parte de este plan, pero logran escapar gracias a un misterioso salvador. Sospechando de los planes nefastos de la Hazard Foundation, Yui se infiltra en el torneo Hazard Cup para detener al Profesor G. Este juego combina golf con elementos de aventura. En el modo principal, Yui compite en campos de golf de temática extraña, enfrentando oponentes con habilidades especiales. El sistema de juego es sencillo: seleccionas dirección, palo y ajustas la potencia del disparo. Cada personaje cuenta con habilidades especiales de uso limitado. El juego también incluye un modo tradicional de golf para uno o dos jugadores, con opciones de stroke play y match play.
Battle Mania Daiginjou (Japan, Korea) (Ja)	En Battle Mania Daiginjo, secuela de Trouble Shooter, las cazadoras de recompensas Mania Otorii y Maria Haneda regresan para enfrentar a Don Morguestein, quien busca venganza tras su derrota anterior. Con humor y temática anime, este shooter pone al jugador en control de ambas protagonistas, donde Mania lidera y Maria dispara hacia atrás, ofreciendo un estilo de juego único. El juego incluye un medidor de salud para Mania, recuperable con pastillas, y un arsenal de armas seleccionables al inicio de cada etapa, que pueden potenciarse durante el juego. También cuenta con un ataque bomba que despeja la pantalla, pero requiere tiempo para recargarse. Ofrece un modo para un solo jugador con tres niveles de dificultad y una modalidad de puntuación en la que los jugadores compiten por sumar puntos en dos minutos en una pantalla fija.
Battle Squadron (USA, Europe)	El Imperio alienígena Barrax ha estado en guerra con la Tierra durante siglos para ganar control sobre el Universo. Mientras regresaban del planeta Urainia de recoger información sobre las flotas del imperio Barrax, el Comandante Barry D. Mayers y el Comandante Lori Bergin fueron tomados como rehenes por un crucero Barrax , en su última transmisión mencionaron algo sobre ser invisible un corto período de tiempo. ¡La misión es rescatarlo!.
Battlemaster (USA)	Un mundo de enanos, elfos, humanos y orcos. En la corona del rey de cada raza hay uno de los cuatro fragmentos de la Gema de la Torre del Vigilante, que deben ser devueltos a su lugar de origen antes de que el mundo degenere en el olvido. Monta un ejército, llévalo a la batalla y conquista las cuatro razas.
Battletech - A Game of Armored Combat (USA)	El siglo 31 es un lugar brutal y violento. La galaxia está atormentada por una devastadora guerra librada con gigantescos BattleMechs de 75 toneladas repletos de las armas más destructivas que la ciencia puede crear. MechWarriors como usted son necesarios para pilotar el &quot;Madcat&quot; Heavy OmniMech en misiones desesperadas contra instalaciones enemigas. ¡Este es el mundo de BATTLETECH!. Solo contra la incansable avalancha de hordas de defensores enemigos, necesitarás habilidad y astucia para eliminar tus objetivos. ¡Lucha hasta el final por una victoria que te traerá honor y gloria! Y si el honor no es motivación suficiente, te ayudara recordar que el enemigo no hace prisioneros...
Battletoads (World)	Cuando la malvada Reina de la Oscuridad secuestra a su mejor amigo y a la Princesa Angélica, es el momento de volverse loco para después desquitarse, así que prepara las armas nucleares porque las vas a necesitar para rescatar a tus amigos y salir con la piel verde intacta.
Battletoads-Double Dragon (USA)	Dark Queen, enemiga principal de los Battletoads, hizo un pacto de alianza con Shadow Boss, el enemigo principal de los Double Dragon. De esta forma, pretendían conquistar juntos la tierra y posteriormente el universo. Para evitar esta gran amenaza, los Battletoads y los Double Dragons también hicieron una alianza, para luchar juntos contra sus enemigos.
Beast Wrestler (World) (Evercade)	En el futuro, las industrias de Ciencias de la Vida han creado a los mejores guerreros deportivos del mundo. Con un promedio de 25 pies de alto y pesando varias toneladas cada uno, estos luchadores gigantes luchan por la victoria en un torneo. Controla tu propia bestia titánica y domina las diversas técnicas de golpes mortales. Gana premios para fortalecer a tu gigante o inscríbelo en eventos de entrenamiento de batalla. ¡Trabaja con un equipo de Ciencias de la Vida para crear el luchador más poderoso jamás construido por el hombre!. Elige entre una variedad de extrañas y poderosas bestias y derrota al campeón nacional para estar entre los mejores jugadores del mundo.
Beastball (World) (Evercade)	Beastball es un juego deportivo inédito de Sega Mega Drive. Es una adaptación de consola del título de Amiga de 1993 Brutal Football / Crazy Football (portado al Amiga CD32 en 1994, IBM PC en 1995 y al Atari Jagauar en 1994 como Brutal Sports Football). Beastball también fue lanzado en Super Nintendo, pero presumiblemente fue cancelado al mismo tiempo que esta adaptación Mega Drive. Desde entonces, se ha lanzado un prototipo que muestra un juego casi completo. Los lanzamientos de Mega Drive y Super Nintendo se anunciaron en Norteamérica a fines de 1993, y posiblemente se lanzaron a tiempo para Navidad de ese año o principios de 1994. La versión Mega Drive también se envió en pequeños números para la prensa. A pesar de haberse construido en Europa, aparentemente no se han puesto en marcha planes para lanzar Beastball fuera de América del Norte.
Beauty and the Beast - Belle's Quest (USA)	Todavía hay una oportunidad de romper el hechizo. Pero sólo si tienes la inteligencia para hacerlo. En primer lugar, utiliza todo el encanto de Belle y su ingenio para ser más astuto que el obstinado Gastón. Reúne pistas de los ciudadanos que puedan ayudarte en tu viaje. A continuación, monta a tu fiel corcel, Philippe, por un bosque negro y espeso, recorre su laberinto de caminos espinosos, ¡pero ten cuidado! abundan los lobos hambrientos y las trampas escondidas. Una vez en el castillo, debes liberar a tu padre de las garras de la Bestia y buscar los oscuros secretos que se escoden dentro de las murallas del castillo. ¡Supera todos los desafíos y rompe el hechizo! Pero date prisa, tu apuesto príncipe está esperando.
Beauty and the Beast - Roar of the Beast (USA)	Da rienda suelta a la bestia. Ahora controlas todo su poder y su furia, y lo vas a necesitar, porque a menos que se ganes cada batalla, permanecerás siendo una bestia horrible para siempre. Primero, proteja tu castillo de las hordas de seres malvados y criaturas siniestras, asquerosas ratas y arañas sanguinarias. La batalla atraviesa el oscuro y polvoriento castillo, y después en el bosque helado, saltan de un árbol a otro, de una rama a otra. ¡Pero ten cuidado! manadas de lobos hambrientos están al acecho. Ahora enfréntate a la ira de los aldeanos que han saqueado tu castillo. Recupera tus objetos de valor robados con la ayuda de Lumiere, Cogsworth y la Sra. Potts. Luego sube a la azotea del castillo para hacer frente a Gastón en un combate cuerpo a cuerpo. Invoca toda la fuerza bruta que puedas, porque estás luchando por tu vida... y va a ponerse muy feo.
Beavis and Butt-Head (USA)	Íbamos a ir al concierto de GWAR y entonces el idiota del perro de Anderson va y se come las entradas. Tienes que ayudarnos a encontrar las piezas o alguien va a pagar los platos rotos, probablemente Beavis.
Berenstain Bears' Camping Adventure, The (USA)	Una familia de osos - Padre Oso, Madre Oso, Hermana Oso y Hermano Oso - deciden ir de campamento al bosque cercano. Mientras se sientan junto al fuego, los dos cachorros deciden explorar el área. Visite lugares peligrosos, evite o destruya a los enemigos, y recolecte cosas que llevan la mayoría de los osos, como la miel o el pescado fresco. Puedes jugar como Hermana o Hermano Oso. Desde el comienzo, puedes acceder a cuatro niveles diferentes. Una vez que los completas, desbloquearás la etapa final. Los osos pueden saltar, arrojar rocas a los enemigos, o balancear una red para golpearlos. En cada área hay muchas cosas para reunir, principalmente comida. Después de completar un nivel, se le mostrará la cantidad de material valioso que ha logrado obtener.
Best of the Best - Championship Karate (USA)	Toda tu vida has soñado con ser el mejor. Has estudiado y entrenado el arte del karate desde temprana edad, aún cuando tenías dificultades para caminar, aprendiendo no sólo los aspectos físicos de este deporte sino también los espirituales. Después de una vida de plena dedicación al Karate ha llegado tu momento. Te encuentras en el puesto 16 en el ranking mundial. ¿Podrás llegar a la cima? Entrena a tu karateka para que sea una máquina imparable en diferentes técnicas de lucha y domina los 55 movimientos con los que cuentas.
Beyond Oasis (USA)	En 'Beyond Oasis', un personaje con el nombre de Prince Ali es tu protagonista, que empuña un brazalete dorado con el poder del fuego, el agua, las plantas y las sombras. Debes viajar por tus tierras en busca del titular del brazalete de plata, que había estado oculto por generaciones. Recientemente desenterrado tiene el poder del caos y la destrucción.
Beyond Zero Tolerance (USA) (Proto 2)	Beyond Zero Tolerance es una secuela inédita de Zero Tolerance para Sega Mega Drive. Al igual que con su precuela, es un shooter en primera persona, uno de los pocos disponibles para el sistema. Un prototipo de Beyond Zero Tolerance (etiquetado como &quot;Build: 062395a&quot;, que sugiere una fecha de compilación del 23 de junio de 1995) fue lanzado como freeware por su creador (al igual que Zero Tolerance). En su mayoría es el mismo juego pero con nuevos gráficos, y está lejos de ser completo. Toda la música en el prototipo se recicla del primer juego.
Bil Bolha (Brazil) (Mega Drive 4)	Bil Bilha y sus hermanos fueron arrestados en una máquina misteriosa. Su objetivo es liberar a todos ellos. El problema es que la máquina tiene una extraña regla. Al soltar o aprisionar uno de ellos, aquellos que están a su izquierda, derecha, arriba y abajo cambian su estado. Si estaban sueltos, son atrapados. Si estaban presos, son sueltos. Hay varias configuraciones iniciales de máquina para ser resueltas, incluyendo la de &quot;Sorteo&quot; que se crea una configuración aleatoria. Para soltar o aprisionar, basta con apretar los botones A, B o C cuando la selección esté sobre la ubicación elegida. Ahora juegue, ellos necesitan su ayuda! Juego de rompecabezas. El juego no se vendió en medios físicos, sino que se lanzó sólo en la memoria de algunos modelos de la consola Mega Drive vendidos en Brasil, como el Sega TecToy Super Mega Drive 3 con 71 juegos en la memoria. Después el juego comenzó a aparecer también en modelos de AtGames lanzados por el mundo. Juego lanzado exclusivamente en el Mega Drive.
Bill Walsh College Football (USA, Europe)	Este juego de fútbol americano cuenta con 24 equipos universitarios de la temporada 1993 y 24 de los equipos universitarios de todos los tiempos desde 1978. Los modos de juego incluyen exhibición, playoffs y playoffs de todos los tiempos. El libro de jugadas consta de 56 jugadas ofensivas y 52 jugadas defensivas. Con condiciones meteorológicas variables (viento, lluvia y nieve), y tres opciones en cuanto al tiempo que dura un cuarto.
Bill Walsh College Football 95 (USA)	Disfruta del Fútbol Americano universitario, 36 equipos con licencias oficiales, personalización de la temporada, todo tipo de estadísticas de los jugadores durante el partido y de la temporada. Nueva pantalla de pase mostrando los receptores disponibles y nivel de energía de cada jugador. Nuevas jugadas y formaciones y toda la rivalidad real del fútbol universitario.
Bill's Tomato Game (USA) (Proto)	Conoce a Terry y Tracy, dos tomates parlantes que sueñan con escapar del camión que los lleva a la fábrica de puré y casarse. Sin embargo, su plan se complica cuando una ardilla malvada secuestra a Tracy mientras pasan por una parra. Terry, lleno de furia, decide enfrentarse al roedor y rescatar a su amada, demostrando que incluso los tomates pueden trepar árboles. Esta divertida y absurda historia mezcla amor, rivalidad y ardillas villanas, mientras acompañas a Terry en su valiente misión para recuperar a Tracy y alcanzar la felicidad juntos.
Bimini Run (USA)	El diabólico Dr. Orca golpea otra vez. Ha secuestrado a tu hermana Kim y se dirigió a su escondite en la isla. Tienes que encontrarla, si no, ella está condenada, y si la tecnología B.A.M. de Orca tiene éxito, la raza humana entera está en peligro. Tienes que ir detrás de ella a toda velocidad en tu potente barco off-shore enfrentándote a la malvada armada del Dr. Orca. Evita las ondas de los helicópteros y las ojivas terrestres, luchar contra el ejército de Orca no es un picnic, pero la prueba real es la Zona de Bimini, la deformación macabra en el tiempo donde nada es lo que parece. Es un desafío interminable, al igual que la zona de Bimini, este juego nunca es el mismo dos veces. ¡Necesitarás toda tu valentía y astucia para tener éxito, o el mundo entero está condenado a la extinción!
Bio Hazard Battle (USA, Europe)	Una guerra biológica global ha cambiado completamente la superficie del planeta Avaron. Los últimos humanos supervivientes tienen que volar en sus bionaves hasta Avaron y buscar un lugar seguro para construir una colonia. Usted tendrá que enfrentarse con todo tipo de criaturas extrañas en su búsqueda de un nuevo hogar ¡A las bionaves!
Bishoujo Senshi Sailor Moon (Japan)	Esta adaptación de la historia es un juego beat-em-up. Se puede controlar a Serena o una de sus compañeras de Sailor Moon. Cada una de ellas tiene sus puntos fuertes y diferentes ataques especiales. Que avances en el juego moviendo en una plataforma y derrotar a los enemigos que encuentres.
Blades of Vengeance (USA, Europe)	El reino ha sido conquistado por Mannax la Dama Oscura, y las fuerzas del bien han sido puestas en fuga. El Maestro ha convocado a los tres únicos aventureros que pueden derrotar a Mannax. Ellos son la única esperanza del Reino. A escoger entre tres geniales personajes. Amuletos, pociones y hechizos servirán para aumentar tus poderes. Ocho niveles asombrosos con espeluznantes guardianes de fin de nivel.
Blaster Master 2 (USA)	Ha pasado tiempo desde que Jasón y su tanque Sofía derrotaron al malvado Plutonium Boss y a sus secuaces mutantes radioactivos. Sin embargo, no todo parece ir bien, uno de los secuaces de Plutonium Boss ha sobrevivido y ha destruido a Sofía y ahora está usando sus partes para elevarse a la superficie de la Tierra y conquistarla. Jasón construye un nuevo tanque y está preparado para defender el planeta.
Blockbuster World Video Game Championship II (USA)	Blockbuster World Video Game Championship II es un cartucho especial utilizado para, como su nombre indica, el segundo Blockbuster World Video Game Championships, celebrado en sucursales de Blockbuster. Fue construido por Acclaim para las unidades Sega Mega Drive de América del Norte y contiene versiones diluidas de NBA Jam Tournament Edition y Judge Dredd. El evento se organizó en 1995, dividiendo a los concursantes en categorías: menores de 13 años e incluidos, y mayores de 14 años. Los jugadores podían elegir entre la consola de Sega o la SNES de Nintendo (que tenía un cartucho diferente, uno producido por Rare con Donkey Kong Country). Cada tienda Blockbuster en América del Norte celebró el evento entre el 14 de junio y el 9 de julio, produciendo &quot;campeones de tiendas&quot; que luego avanzarían a una ronda más en agosto, en la sede de GamePro en San Francisco. A pesar del nombre, en realidad no era un &quot;campeonato mundial&quot;.
Blockout (World)	Blockout es un clon de tetris en 3D donde tienes que dominar y colocar los bloques 3D contra el reloj, solo o contra otro jugador cara a cara haciendo uso de las 750 adictivas combinaciones de juego.
Body Count (USA) (Sega Channel)	Combate alienígenas en 5 explosivos niveles. Ideal para jugar con menacer (SEGA) y Sega mouse.
Bomber (USA) (Sega Gopher)	¡Explora a tus adversarios! Pero cuidado de no explotar los elementos, que pueden ser útiles! Juego de laberinto inspirado en el modo batalla de la franquicia Bomberman. El juego no se vendió en medios físicos, sino que se lanzó sólo en la memoria de algunos modelos de la consola Mega Drive vendidos en Brasil, como el Sega TecToy Super Mega Drive 3 con 71 juegos en la memoria. Juego lanzado exclusivamente en el Mega Drive.
Bonanza Bros. (Japan, Europe) (En,Ja)	Robo y Mobo, los infames y torpes ladrones, están metidos en problemas hasta el cuello. El Jefe de Policía los ha reclutado para limpiar la ciudad. Si fallan, ¡terminarán en la cárcel!
Bonkers (USA, Europe)	El super poli Bankers D. Bobcat quiere ganar el premio &quot;Agente de Policía del mes&quot; y busca a los malos para cascarles bien...¡con donuts!. Desde espeluznantes persecuciones en la autopista de Los Ángeles hasta alucinantes laberintos dentro del Studio Warehouse, Bankers conoce muy bien su trabajo en esta travesura de dibujos animados de Hollywood
Boogerman - A Pick and Flick Adventure (USA)	Lánzate a la acción con nuestro héroe Boogerman e intenta librar al mundo del malvado Booge Meister. Mas de 20 alucinantes niveles de aventuras, con mundos como los Fosos, las Montañas Mocosas, las Ciénagas Flatulentas y muchos más. Entre los ataques se encuentran los ?gases feroces?, el ?toque Booger? y el tremendo ?vampirazo?.
Bottle Taps Race (Europe) (Sega Reactor)	&quot;Bottle Taps Race&quot; es un juego de carreras desarrollado por Devworks Game Technology y lanzado en 2005. En este juego, los jugadores controlan tapas de botellas que corren por varios circuitos. Fue diseñado para la consola Sega Genesis.
Boxing Legends of the Ring (USA)	Ocho de los pesos medios más legendarios: Sugar Ray Leonard, Roberto Durán, Thomas Hearns, James Toney, Maravilloso Marvin Hagler, Jake LaMotta, Sugar Ray Robinson y Rocky Graziano se enfrentan en combates de proporciones gigantescas. Elige entre los ocho boxeadores o crea tu propia leyenda. Tres modos de juego, Exhibición, Carrera y Batalla de las Leyendas.
Bram Stoker's Dracula (USA)	El Drácula de Bram Stoker va directamente a la yugular con acción escalofriante tan real que no creerás a tus propios ojos. Experimenta 7 aterrorizantes niveles - cada uno dividido en día y noche - y lánzate profundamente en la película interactiva más avanzada, completada con gráficos de 16 bits y un magnifico sonido que da vida a los fríos y oscuros calabozos del Castillo de Drácula.
Brett Hull Hockey 95 (USA)	Todos los impactantes jugadores de la NHLPA y estadísticas reales al estilo NHL. Acción real de hockey sobre hielo. Controle la línea azul con tipos como Leetch y Bourque, en el centro con chicos como Richter y Lrbe y avanza por las alas y marca con leyendas como Modano, Yzerman, Bure, y, por supuesto, Brett Hull. ¿Podrás pasar el corte? Sólo las estadísticas lo dirán, disparos, controles, faltas y porcentajes de pase. Hazlo bien o perderás, es el momento decisivo. Y esta vez, es de verdad.
Brian Lara Cricket (Europe)	Brian Lara Cricket '96 es una versión actualizada de Brian Lara Cricket en SEGA Genesis. Básicamente es el mismo juego, pero con sprites actualizados y roster. El juego presenta partidos internacionales, partidos del condado inglés (con 18 equipos) y 6 partidos históricos clásicos (de 1960 a 1994). También está disponible la competencia de la Copa del Mundo (con 12 equipos nacionales) y una serie de pruebas. El juego también cuenta con un editor de equipo, batería de reserva y modo de uno a cuatro jugadores.
Brian Lara Cricket 96 (Europe)	Ahora con el Campeonato Inglés y la Copa del Mundo de Equipos. Experiencia real de cricket de primera clase en las competiciones más difíciles y partidos individuales por todo el mundo. Completan la experiencia unas condiciones de pitch auténticas y estadísticas de jugadores.
Brutal - Paws of Fury (USA)	Cada cuatro años, en la oculta Isla Brutal, los más fieros luchadores de artes marciales del mundo son invitados a competir en el más duro de los torneos. Sólo el ganador de este torneo obtendrá el privilegio de retar al Dalai Llama, el más grande luchador del mundo, por el codiciado cinturón del Campeonato Celestial.
Bubba 'N' Stix (USA)	Nuestro bobo héroe y su amigo, un inteligente palo extraterrestre, han efectuado un aterrizaje forzoso en un planeta extraño después de haber sido capturados por una nave espacial extraterrestre. En este rompecabezas multi-direccional, para volver a la Tierra, Bubba tiene que usar su palo de varias formas diferentes para resolver los rompecabezas, vencer enemigos y desbaratar los cómicos intentos de su secuestrador para volver a capturarle.
Bubble and Squeak (USA)	El malvado gato de las nueve colas tiene prisioneros a las simpáticas criaturas azules del planeta Grool, ¡y hasta les ha cortado las colas! El único que ha escapado a tan horrible masacre de colas ha sido Squeak. Pero ahora ha aterrizado en un nuevo mundo con un apodo tan extraño como el de Bubble. Deben regresar a Grool y recoger suficientes alhajas y monedas para que el siniestro gato desaparezca de una vez por todas, para ello deben trabajar juntos. Conduce a Squeak en una aventura para ayudar a Bubble a vencer obstáculos. Haz que Squeak preste su ayuda a Bubble llevándole más allá del peligro. Dale a Squeak las bolas de chicle mágicas y deja que te lleve a cuestas hacia la victoria. Bubble y Squeak están decididos a saltar encima del malvado gato. Las cavernas de los alienígenas están infectados de culebras y ciénagas, y los dragones que escupen fuego te aguardan. ¡Para que se te pongan los pelos de punta!
Bubsy II (USA, Europe)	Un siniestro personaje llamado Oinker P. Hamm intenta construir el mejor museo del mundo. Su proyecto lleva por nombre El Amazatorium, e incluye la construcción de una máquina del tiempo que recupera objetos del pasado. Pero la verdad es que la máquina está siendo usada para robar esos objetos, mediante el uso de portales... Bubsy y compañía, después de un incidente en su automóvil, tropiezan (literalmente) con el museo. La curiosidad los impulsa a entrar... y al poco rato, ¡Bubsy comprueba que se ha quedado solo! Los demás se han perdido entre los portales, y nuestro héroe deberá emprender las labores de búsqueda y rescate dentro del museo.
Bubsy in - Claws Encounters of the Furred Kind (USA, Europe)	Bubsy es un felino que derrocha personalidad, adicto a la velocidad y las aventuras. Pero tiene un problema: el mundo ha sido invadido por los Woolies, unos curiosos seres que han robado todos los ovillos de lana. ¡Y es bien sabido cuánto les gusta eso a los gatos! Bubsy tomará en sus garras la misión de recuperar todo lo robado, en un viaje que lo llevará alrededor del mundo y más allá.
Buck Rogers - Countdown to Doomsday (USA, Europe)	Unase a Buck Rogers en una misión para destruir el dispositivo del día del Juicio final del malvado imperio. Controle guerreros intergalácticos en un emocionante combate táctico. Destruya las naves enemigas con sus láser, misiles y cañones.
Budokan - The Martial Spirit (Europe)	- Prepare su mente y su cuerpo para el desafío de Budokan - Domine 4 artes marciales mortales - Aprenda 25 movimientos por arte - Combate 12 rivales diferentes - Opción: 2 jugadores frente a frente
Bugs Bunny in Double Trouble (USA)	Bugs Bunny se ha metido en un buen lío ¡soñando!. Un científico loco está detrás del cerebro de Bugs. Para escaparse, Bugs debe utilizar el televisor del científico para viajar a través del mundo de los sueños y vencer a sus compañeros de los Looney Tunes, el Pato Lucas, Elmer y Yosemite Sam. Antes de poder descansar, Bugs deberá volar hasta el planeta Marte para luchar contra Marvin el Marciano y su fiel perro K-9.
Bulls versus Blazers and the NBA Playoffs (USA, Europe)	Con los equipos auténticos, los jugadores de verdad y las jugadas características reales de la ronda eliminatoria de la NBA de la temporada 1992. Novedad: Creación de tu equipo All-Stars particular y mas jugadas características.
Bulls vs Lakers and the NBA Playoffs (USA, Europe)	Baloncesto autentico con 5 jugadores por equipo. Con los 16 equipos de la NBA de los partidos eliminatorios de 1991. Movimientos característicos de los mejores jugadores. Los reporteros de la EASN le muestran las estadísticas de los jugadores y la puntuación durante la liga.
Burning Force (World) (Evercade)	En Burning Force, el jugador controla a un cadete espacial de 21 años llamado Hiromi Tengenji el cual, como parte de su entrenamiento final, debe luchar contra enemigos equipados con la más avanzada tecnología a través de seis mundos en un futurista Airbike llamado ?Sign Duck&quot;. Los mundos se dividen en cuatro áreas y no hay movilidad vertical lo que hace que el juego sea diferente por derecho propio; En las dos primeras secciones el jugador controla a Hiromi en el airbike, que se puede mover a la izquierda y la derecha, así como frenar y acelerar y disparar balas y misiles a los enemigos. En la tercera área de cada mundo nos enfrentaremos a un jefe y el airbike se transformará en una nave que puede moverse en todas las direcciones; La cuarta área de cada mundo, sin embargo, es una etapa de bonificación y el jugador tiene que recoger tantas esferas como sea posible para lograr el máximo número de puntos.
Cadash (USA, Korea) (En)	Te necesitan valiente guerrero, sus servicios son una vez más necesarios. Baarogue, el Destructor, ha secuestrado a la única hija del rey, la princesa Sarasa, y ahora su objetivo es el dominio universal. Conviértete en un poderoso luchador, en un ingenioso Mago, en una sacerdotisa que domina la magia negra o en un ninja ágil en tu búsqueda para devolver la paz a la tierra de Deerzar. Mucho cuidado en el camino hacia tu meta, Baarogue la ha sembrado con muchos enemigos, desde las reanimadas Manos de Piedra hasta los gigantes de piedra de Dokra-Ri. Aprovecha los servicios de un amigo de confianza para ayudarte, ya que esta misión permite que dos almas valientes se aventuren juntas a través de TurboTap. Deberás luchar hasta la extenuación porque el poder oscuro de Baarogue crece por segundos y pronto ningún alma podrá detener su avance.
Caesars Palace (USA)	CAESARS PALACE te transporta al emocionante mundo del juego de azar con una acción nunca antes vista. Con más de 11 juegos para elegir, usted experimentará la emoción de los juegos de casino en el mundialmente conocido CAESARS PALACE de Las Vegas sin salir de casa. Mesas VIP especiales para invitación: Suma grandes grandes cantidades de dinero para ser invitado a jugar con los grandes. Utiliza la ventanilla de compras en los cajeros automáticos para retirar dinero, realizar un seguimiento de sus ganancias y jugar un scratcher en cualquiera de los cajeros distribuidos por todo el casino. Sumérgete en el Casino, fidedignamente representado, el cual podrá explorar: Viaje por las escaleras mecánicas y examine el casino para encontrar la mesa o la máquina perfecta.
Cal Ripken Jr. Baseball (USA)	Cal Ripken fue uno de entre veinte jugadores en la historia del béisbol de las Grandes Ligas en ser MVP dos veces. Un jugador con una fuerza y técnica descomunales. Cuando Cal juega, juega de verdad. Cal Ripken trae ese realismo a tu casa. Obtendrás una animación sin igual, una estrategia precisa y jugadores que responden a situaciones de juego reales. También obtendrás todas las nuevas características que no encontrarás en ningún otro juego de baseball. Podrá seleccionar jugar en pista cubierta o al aire libre, elegir el tipo de hierba (natural o artificial) o el tipo de cámara para elegir el mejor ángulo de visión que se adapte a tus gustos
Caliber.50 (USA)	Juego de acción en el que controlas al capitán Addis del Ejército de Estados Unidos, que debe rescatar a sus compañeros soldados veinte años después de que no haber podido liberar a sus hombres durante la Guerra de Vietnam en 1972 . Ahora deberás volver a navegar por el sendero de Ho Chi Minh para liberar a tus capturados camaradas de armas. Deberás luchar contra los soldados enemigos con armas y granadas. Varios power-ups están disponibles y dan al jugador la posibilidad de usar otras armas, incluyendo una ametralladora y lanzallamas. Vehículos enemigos como un avión también pueden ser requisados. Un menú de opciones permite a los jugadores elegir entre un nivel de dificultad fácil, normal o difícil, además del número de vidas iniciales.
California Games (USA, Europe)	El verano llegó y no hay época mejor para practicar algunos deportes muy radicales: surf, skate, bicicross, footbag y patinaje! Y tampoco hay lugar mejor para eso que California. Es para allá que usted va... ¡Toma tu tabla reme, y drope las más perfectas olas! Con el skate, haz tus maniobras en el peligroso half-pipe. Ejercite su pie con el fabuloso footbag y deslizándose sobre los patines. ¡Pedale sin parar tu bicicross y demuestra cómo eres bestia en el tema! ¡Son cinco opciones de deportes y hasta nueve valientes! ¡Entre en esta y entre rápido antes de que el verano acabe!
Canhao (Brazil) (Mega Drive 4)	¡Prueba tu puntería! Presione el botón A, B o C una vez para fijar la mira del cañón, y otra vez para definir la fuerza y disparar una bala. La flecha en el centro de la pantalla indica la dirección e intensidad del viento, preste atención ya que puede cambiar la trayectoria de la bala. Si tienes suerte, tal vez no tengas viento para que te preocupes. Usted puede jugar solo contra el Mega Drive o desafiar a un amigo a un partido de dos jugadores. Juego de acción. El juego no se vendió en medios físicos, sino que se lanzó sólo en la memoria de algunos modelos de la consola Mega Drive vendidos en Brasil, como el Sega TecToy Super Mega Drive 3 con 71 juegos en la memoria. Juego lanzado exclusivamente en el Mega Drive.
Cannon Fodder (World) (Evercade)	Guía a un equipo de hasta cuatro soldados en 72 niveles de combate en este innovador híbrido de estrategia / acción de arriba hacia abajo, mejor pensado como Lemmings cruzado con Comando cruzado con Dune 2. Los personajes se controlan indirectamente con el mouse, a medida que activas cada soldado o grupo de ellos al resaltarlos, haga clic en el botón izquierdo para moverlos a un lugar en particular, y el botón derecho para que disparen armas a un enemigo. También puedes recoger granadas, que pueden usarse para destruir grupos de enemigos o edificios (presionando ambos botones a la vez). Cada misión tiene un objetivo específico, y algunos cuentan con vehículos como tanques para facilitar las cosas. Tus tropas pueden cruzar el agua pero no pueden disparar dentro de ella, por lo que encontrar y controlar puentes suele ser crucial. Puedes usar la disposición de los árboles para encontrar escondites desde donde disparar, y debes tener cuidado con los soldados de la CPU que también lo hacen.
Captain America and the Avengers (USA)	Una conversión del juego de arcade del mismo nombre, Captain America y The Avengers, Este es un juego de un o dos jugadores (simultáneos) de desplazamiento lateral beat 'em up en el que cuatro héroes licenciados de Marvel Comics (Capitán América, Iron Man, Hawkeye y Vision) enfrentan al malvado Red Skull (quien &quot;al reunir a un equipo de supervillanos busca conquistar el mundo&quot;). ¿No es así siempre?
Captain Planet and the Planeteers (Europe)	Los niños que crecieron a principios de los años 90 estaban preocupados por la inminente condena al medio ambiente. Las populares caricaturas de Capitán Planeta les decían que estaban condenados, a menos que un grupo multinacional de jóvenes pudiera formar un superhéroe (los Planeteers del título) para enfrentarse a los contaminadores y deforestadores. Cada uno de los cinco niveles de este juego de plataforma tiene una misión y un jefe específicos, y lo lleva a cabo un Planeteer específico. Estos implican la destrucción de peligros, disparar a los enemigos, moverse a través de postes suspendidos, y saltar a las repisas. Tiene cuatro unidades de energía y cuatro de potencia: se pueden recoger más hasta un límite de 8, y siempre se recargarán a cuatro (si es necesario) cuando llegue a un jefe. Tienes un tiro estándar ilimitado y un Super shot más poderoso, que consume energía.
Castle of Illusion Starring Mickey Mouse (USA, Europe)	¡La búsqueda comenzó! Mickey está detrás de una bruja malvada, llamada Mizrabel, que secuestró a Minnie. Mickey necesita encontrar las 7 gemas escondidas en las cámaras fantásticas y en las profundidades de los laberintos del castillo de la Ilusión, y usarlas para salvar a Minnie. En esta aventura aterradora, Mickey gira por los aires, es cargado por una trompa de agua, y entra en la maravillosa Tierra de los Juguetes, donde la fantasía se vuelve realidad. Para salir de las trampas, Mickey salta, corre y dispara manzanas a los enemigos. Es necesario tener mucho coraje para envolverse en la oscuridad del castillo, donde aparecen murciélagos, dragones, y hasta fantasmas! ¡Flotando sobre hojas, pero tenga cuidado con las arañas! ¡Preste mucha atención dentro de la biblioteca loca, pues hasta los libros atacan! Ayuda a Mickey a derrotar a la diabólica Mizrabel, y sacar a Minnie de una vez por todas las manos de esta bruja!
Castlevania - Bloodlines (USA)	Una pesadilla escalofriante y espeluznante de 6 niveles donde tienes que impedir que la vampiresa Condesa Bartley resucite al Señor de la Tinieblas, el Conde Drácula.
Cavalos & Peoes (Brazil) (Mega Drive 4)	En el juego Cavalos & Peões, el jugador controla un caballo y necesita capturar todos los peones. El movimiento y la captura ocurren como en un juego de Ajedrez. El caballo se mueve caminando 2 casas en una dirección y 1 en otra (siendo las direcciones vertical y horizontal). Para capturar, el caballo sólo necesita caer en la misma casa de un peón. Cada vez que el caballo juega, los peones andan una casa hacia adelante. Si algún peón consigue salir del tablero, el jugador pierde el juego. Si él captura todos, gana 1 punto y sigue para el próximo desafío! Juego de tablero (variación del ajedrez). El juego no se vendió en medios físicos, sino que se lanzó sólo en la memoria de algunos modelos de la consola Mega Drive vendidos en Brasil, como el Sega TecToy Super Mega Drive 3 con 71 juegos en la memoria. Juego lanzado exclusivamente en el Mega Drive.
Centurion - Defender of Rome (USA, Europe)	Conquiste el Imperio Romano. Batallas terrestres en tiempo real: Los ejércitos romanos y los elefantes de Aníbal. Batallas marinas en tiempo real ? lance catapultas, dispare flechas, aplaste al enemigo. Carreras de carros cargadas de acción. Seduzca a la bella Cleopatra.
Chakan (USA, Europe)	Desate la furia de las dos espadas afiladas y los viejos conocimientos de alquimia de Chakan sobre las bestias de la oscuridad. Chakan, el alma errante, deberá derrotar a los demonios sobrenaturales para encontrar la ansiada paz.
Champions World Class Soccer (World) (En,Fr,De,Es)	¡A POR LOS GOLES! ¡32 equipos internacionales compiten en un fútbol de duros ataques! -AVANZADO CONTROL DEL JUGADOR: DISPAROS, CORNERS Y SAQUES. - REALISTICAS CHILENAS, REMATES DE CABEZA, PARADAS, PASES Y MUCHO MÁS. - AMONESTACIONES DEL ÁRBITRO. FALTAS, PENALTIS Y TARJETAS ROJAS Y AMARILLAS. - ELIGE EL IDIOMA DEL TEXTO: INGLES, ESPAÑOL, FRANCÉS O ALEMÁN. CHAMPIONS World Class Soccer... ¡Es la hora de jugar contra el resto del mundo!
Championship Bowling (USA)	Championship Bowling ofrece una acción realista de bolos. Los gráficos crean la sensación de una bolera real incluyendo reacciones hilarantes a sus tiros. Usted tiene la capacidad de seleccionar una variedad de opciones incluyendo personaje, peso de pelota, juego regular o especial, modo individual o multijugador (para 1 a 4 jugadores).
Championship Pool (USA)	Aquí tienes un juego de billar para jugar contra tus amigos - sin trucos - con riffs de rock 'n' roll bailando en tus tímpanos. Todas las emociones de uno de los juegos más populares del mundo es tuyo cuando quieras y nunca tendrás que esperar una mesa. Championship Pool te ofrece toda la emoción del juego de billar puro, con características únicas que no puedes encontrar en ningún otro producto de billar electrónico. Y este juego de billar está oficialmente respaldado por el Billiard Congress of America. Sumérgete contra la consola o desafía hasta 7 oponentes humanos usando la opción Party Pool. ¿Crees que eres un tiburón? Pruebe el Modo Torneo, donde sólo los mejores jugadores califican para el torneo del campeonato mundial. ¡Juega a 8 bolas, 9 bolas, o más de 15 juegos diferentes!
Championship Pro-Am (USA)	Y la leyenda sigue viva... Si estás buscando una competición de carreras rápida y vertiginosa, ¡CHAMPIONSHIP PRO-AM es tu juego! Gira el volante y haz chirriar las ruedas a través de 24 emocionantes niveles. Las pistas se llenan de peligros como el agua, manchas de aceite, paredes y 5 desagradables competidores tratan de sacarte de la pista. Recoge los complementos TURBO, TOP SPEED y STICKY TIRE para una ayuda extra, si te parece poco también hay MISILES y BOMBAS para mejorar tus probabilidades de éxito. Recoge BONUS LETTERS para mejorar aún más tu coche.
Chaos Engine 2, The (Europe) (Proto)	The Chaos Engine 2 es un videojuego de The Bitmap Brothers y la secuela de The Chaos Engine (conocido como Soldiers of Fortune en América del Norte). Fue lanzado para el Commodore Amiga en 1996, aunque también fue lanzado para el Sega Mega Drive antes de que esta versión fuera cancelada. The Chaos Engine 2 es un juego de acción de arriba hacia abajo como su predecesor, pero esta vez es siempre un juego de dos jugadores con pantalla dividida (con la computadora asumiendo el rol de jugador 2 si es necesario). Los personajes &quot;Thug&quot; y &quot;Preacher&quot; han sido cortados para esta secuela. Un prototipo de la versión Mega Drive de The Chaos Engine 2 se filtró a Internet, mostrando una compilación temprana sin reproductores de computadora, pantalla dividida vertical (a diferencia del Amiga, que se divide horizontalmente) y un solo nivel. De acuerdo con una entrevista que el sitio de juegos Sega-16 tuvo con Mike Montgomery de The Bitmap Brothers, los juegos fueron cancelados ya que no se pudo establecer ningún acuerdo de publicación. De haber sido lanzado, habría llegado a la consola bastante tarde en su vida útil.
Chase H.Q. II (USA)	Tu misión es rastrear, perseguir y capturar a los criminales más peligrosos. Persecuciones por varios tipos de terreno, mantente dentro de las líneas de la carretera o terminaras arando el campo. Los criminales manejan armamento pesado, debes disparar y esquivar su artillería pesada, los camiones dejaran su carga sobre tu capó... Cambios de clima, escuadrones de guardaespaldas, lanza granadas, helicópteros... ¡Atrévete a detenerlos!
Cheese Cat-Astrophe Starring Speedy Gonzales (Europe) (En,Fr,De,Es)	El alter ego de Sylvester, alias el Dr Cheesefinger ha secuestrado las provisiones de queso y a Carmel, la novia de Speedy Gonzales. ¿Podrá este ratón engañar al cruel gato Sylvester y salvar las provisiones de queso del pueblo?
Chessmaster, The (USA) (Sega Channel)	Es un juego de ajedrez virtual que ofrece un desafío para los aficionados al ajedrez, con diferentes modos de juego y niveles de dificultad. Este juego se lanzó exclusivamente a través del servicio Sega Channel en Norteamérica, lo que significa que nunca se vendió una versión física.
Chester Cheetah - Too Cool to Fool (USA)	Un día en que Chester Cheetah paseaba en motocicleta por su amada Hip City, un descuido al volante le significó sufrir un accidente, y acabar con su vehículo hecho pedazos. El malvado Mean Eugene y su perro estaban al acecho, y aprovecharon el momento para robar todas las piezas del vehículo, luego de encerrar a Chester en el zoológico. Por supuesto, ahora Chester desea recuperar su motocicleta y volver a la ciudad, así que de inmediato comenzará su búsqueda... Por desgracia, ¡llegar a los lugares donde Eugene ha escondido las piezas no será una tarea fácil!
Chester Cheetah - Wild Wild Quest (USA)	¡Hola! ¡Soy Chester Cheetah, y te invito a una búsqueda salvaje!. Finalmente pude huir del zoológico Four Corners y comenzar mi viaje en búsqueda de Hip City... pero Mean Eugene no para de meterse en mi camino. Mientras viajaba, teniendo el mapa bien guardado en la bolsa de mi motocicleta, Eugene logró rebasarme, ¡robándomelo! En seguida esa rata subió a su aeroplano, y esparció mi mapa por todo el país.Ahora Mean Eugene se dedica a cazarme, mientras yo busco de pueblo en pueblo cada una de las piezas de mi mapa. Y cuando reúna las diez, podré retomar mi búsqueda de Hip City. Deberás estar atento, porque podrás elegir moverte en cualquier dirección a través del país; a medida que vayas encontrando las piezas, podrás guiarte con el mapa para ver qué ciudades tienen las demás.
Chi Chi's Pro Challenge Golf (USA)	Campos de golf más allá de tus sueños te invitan a recorrer sus fabulosas calles y Chi Chi Rodriguez te desafía a jugar en todos ellos y vencerle. Chi Chi Pro Challenge Golf tiene la interfaz más sencilla que has visto en cualquier juego de golf de Megadrive. Con nuestra UltraCam obtendrá una visión aérea de la disposición del hoyo, revelando cualquier trampa u obstáculos que puedan estar en el camino de tu golpeo. Más de 20 oponentes con diferentes niveles de maestría. Cuando pienses que estás realmente a su altura, desafía al PGA World Hall of Famer Chi Chi Rodríguez a un duelo de golf que no olvidarás.
Chibi Maruko-chan - Wakuwaku Shopping (Japan)	Es el tiempo de vacaciones para Maruko y sus amigas. Hanawa, el hombre de las damas con padres ricos, invita a Maruko y Tamae a una isla al sur para relajarse, y completando el grupo, Maruo se integra y aparece también. Ya que van a conseguir recuerdos y cosas así mientras están allí, deciden hacer un juego y ver quién es el mejor en las compras. Waku Waku Shopping es un juego de mesa de estilo sugoroku basado en los populares personajes creados por Momoko Sakura. El juego tiene lugar en un tablero compuesto por varios espacios: hay espacios que aumentan o disminuyen el dinero o la felicidad del personaje, espacios donde el jugador puede gastar su dinero para comprar cosas para aumentar su felicidad y espacios que desencadenan diversos eventos. El juego termina cuando el objetivo se ha alcanzado varias veces, y el ganador es el jugador con más alegría al final del juego. Hasta cuatro jugadores pueden jugar, con la computadora tomando el control de los personajes restantes.
Chiki Chiki Boys (USA, Europe)	El juego presenta a dos gemelos que intentan recuperar el control de su tierra, Alurea, tras el inesperado ataque de un monstruo que destruye todo a su paso. Los habitantes de Alurea han vivido en paz durante mil años y han olvidado cómo luchar. Los únicos supervivientes del país, los hijos gemelos del rey, deben enfrentarse al desafío y devolver a su reino su antigua gloria. Los dos gemelos, de unos 15 años en la época del juego, se aventuran en busca de una piedra legendaria conocida como el &quot;Dragon Blue Eyes&quot;, de la que se dice que puede volver a poner todo en orden.
Chou Kyuukai Miracle Nine (Japan)	Chou Kyuukai Miracle Nine es un juego arcade de béisbol con un estilo visual de caricaturas y con licencia oficial de la NPB, lo que significa que incluye los 12 equipos de la liga de Pacífico Central y lista completa de los jugadores de la temporada 1995.
Chuck Rock (USA)	Unga Bunga' Ophelia, la esposa de Chuck Rock, ha sido capturada por ese inservible de Gary Gritter. ¡Podrá Chuck abrirse paso a través de las cinco fases con retos cada vez mayores, decenas de dinosaurios trastornados, y sorpresas a lo largo de todo el camino? ¿O terminará su amor finalmente convertido en polvo?
Chuck Rock II - Son of Chuck (USA)	Dieciocho meses después de su victoria sobre Gary Gritter, Chuck Rock se ha convertido en el proprietario de la próspera 'Chuck Motors', ¡y ha tenido un hijo! Pero ahora ha sido raptado por Brick Jagger, su diabólico enemigo, y lo más probable es que éste le haga polvo a menos que alguien le rescate....¡Catacrock! ¡Es Chuck Junior, que ha salido de su parquecito! -&quot;Gu-gu, ga-ga, volveré&quot;.
Classic Collection (Europe)	Una colección de cuatro juegos en un solo cartucho, seleccionables desde un menú del juego. Los juegos incluidos son: Alex Kidd in the Enchanted Castle, Altered Beast, Flicky, Gunstar Heroes
ClayFighter (USA)	Un parque de atracciones abandonado yace pacíficamente bajo el sol del atardecer. Pero, proveniente de un lugar a un bazillón de millas lejos de ahí, aparece un misterioso meteoro púrpura que, aparentemente a propósito, se dispara hacia el centro del parque. ¡El impacto provoca que Playland se convierta en Clayland! Y entonces, de entre los ardientes restos, emerge un poderoso guerrero... y otros más. Todos ellos tienen un sólo propósito en el universo: ¡ser el Rey del Circo!
Cliffhanger (USA)	Por 7 niveles que incluyen bosques, grutas y montañas traicioneras los jugadores deben intentar salvar a sus amigos de los locos terroristas utilizando una combinación de técnicas de lucha y alpinismo. Por suerte para ti, puedes utilizar una ametralladora Uzi, navajas y una selección de movimientos mortales de Kung-Fu, pero lo malo es que los terroristas y el terreno conspiran para abatirte.
Clue (USA)	Clue es una fiel conversión del clásico juego de mesa Cluedo. Deberás usar tus dotes detectivescas para esclarecer un asesinato: investigando junto a otros 5 personajes, deberás averiguar quién mató a Mr. Boddy, con qué arma, y en qué lugar de su mansión.
Coach K College Basketball (USA)	Final del Campeonato Nacional... pierdes por 2 puntos a 10 segundos del final, la multitud enloquece... ¿penetras en la zona para asegurar 2 puntos o tiras de 3 para ganar el título nacional? Concéntrate para contrarrestar los cánticos y las payasadas de la afición local. Protege el perímetro con la zona 1-3-1, ¡las buenas defensas ganan campeonatos! Coack K le guía a través de más de 50 jugadas ofensivas y 14 defensivas, que puedes controlar durante los partidos.
College Football USA 96 (USA)	College Football USA 96 presenta la acción gridiron de los rangos universitarios con 108 equipos de la División 1-A completos con 45 listas de hombres para cada equipo. Cuenta con los modos de juego estándar que incluyen Exhibición y Temporada, junto con la posibilidad de jugar en los cuatro juegos de tazón principales (Rosa, Naranja, Fiesta y Azúcar) en un esfuerzo por ganar el Campeonato Nacional. La jugabilidad es prácticamente idéntica a la de muchos de sus competidores, pasar, correr, equipos especiales, etc. También presenta una ventana de 5 receptores en la parte superior de la pantalla cuando el jugador cambia al modo de pase para ver todos los receptores disponibles a la vez. Las estadísticas del jugador y del equipo estan actualizadas y presenta jugadas clásicas de fútbol como Hail Mary y Wishbone.
College Football USA 97 (USA)	College Football USA 97 es la cuarta entrega de esta serie de juegos de futbol americano, pudiendo elegir entre más de 100 equipos de la liga universitaria donde el quarterback de la Universidad de Nebraska, Tommie Frazier es el protagonista.
College Football's National Championship (USA)	32 de los mejores equipos de fútbol universitario en un juego: Florida, Washington, Pennsylvania, USC, Arizona, Arkansas, Auburn, Boston, BYU, Cal, Clemson, Georgia, Houston, Illinois, LSU, estado de Ohio, Oklahoma, Pitt, San Diego, Stanford, Syracuse, Tennessee, Texas y UCLA. Exhibición y temporada regular de 11 partidos.
College Football's National Championship II (USA)	32 potentes universidades te ofrecen la oportunidad de pelear sobre el terreno de juego el Campeonato Nacional. Con cinco nuevos equipos: Wisconsin, Carolina del Norte, Colorado State, Oregon y el estado de Washington. Con cánticos, logotipos y los colores de cada Universidad.
College Slam (USA)	Parte de la serie de juegos de baloncesto NBA Jam, College Slam te permite elegir entre más de 40 equipos universitarios reales, con licencia oficial, y participar en partidos de 1 VS 1, torneos y modo temporada. Prepárate para saltar a la cancha entre cánticos de la afición y regálales un mate increíble.
Columns (World) (Sega Ages)	Regrese a la antigua Fenicia y acepte el reto de Columns, el juego predilecto de los antiguos mercaderes. Olvídese del tiempo y diviértase con este excelente juego de estrategia y habilidad. En este hipnotizante pasatiempo juegue con sus riquezas para alinear joyas resplandecientes, horizontal, vertical y diagonalmente.
Columns III (USA)	Utilizando columnas compuestas por tres casillas de diferentes colores tenemos que hacer líneas de tres o más colores idénticos, tanto horizontales, verticales como diagonales. El objetivo es hacer que el rival pierda la partida. Para ello, si conseguimos un número determinado de líneas podemos hacer que al rival le aparezca debajo de su área de juego un muro, haciendo que tenga menos espacio para jugar. El juego cuenta con un buen número de modos. En el modo historia recorremos una pirámide enfrentándonos a varios rivales, mientras que en el modo de dos jugadores nos enfrentaremos a un amigo al mejor de tres, de cinco o de siete partidas. Otros modos incluyen partidas entre cinco jugadores distintos.
Combat Aces (USA) (Proto)	Juego independiente de tiro donde el jugador debe eliminar a diferentes enemigos a bordo de su avión. Cancelado debido a la falta del lanzamiento del Teleplay Modem. Programado por Chuck Peavey.
Combat Cars (USA, Europe)	Misiles termo-guiados, minas anti-coches, charcos de fango resbaladizo, esto no es una vuelta alrededor de la manzana, este es el videojuego de carreras con mas acción que ha pisado las calles. Necesitarás todas las mejoras que puedas comprar con tus premios para ganar en las 24 agotadoras pistas. No importa si son montañas rocosas o urbanizaciones irregulares y congestionadas, deberás llenar la carretera de misiles, minas, charcos de aceite o globos de pegamento.
Comix Zone (USA)	Comix Zone para Megadrive es un juego de acción en el que encarnas a Sketch, un diseñador inmerso en su propio cómic. Conlleva una gran responsabilidad estar al cargo de la lucha contra los villanos que han creado sus propias manos, por lo que has de derrotar al gran jefe antes de que invada la Tierra.
Congo - The Game (USA) (Proto)	Congo es un juego que no ha ido más allá de la etapa de prototipo en megadrive. Sería el juego que acompañaría la película estadounidense del mismo nombre dirigida por Frank Marshall y lanzada en 1995.
Contra - Hard Corps (USA, Korea) (En)	La humanidad está recuperándose de una desastrosa guerra con una misteriosa raza alienígena. El crimen domina el planeta y la única solución que queda son los nuevos robots guerreros. Ayuda a los Probotectores a eliminar a los enemigos.
Cool Spot (USA)	¡DE NINGUNA MANERA! ¡Tus amigas SPOT están encerradas! ¡DEBES AYUDARLAS! Tu, como Cool SPOT estas aquí para salvarlas y arreglar el día. !Deja de mirar el idílico paisaje embobado, las increíbles animaciones y el sonido espectacular de tu alrededor. ¡A jugar hombre!, es una situación delicada.
Cosmic Spacehead (USA, Europe) (En,Fr,De,Es)	¡Sumerge tus sentidos en esta gigantesca odisea extraterrestre de descubrimiento cósmico! ¡Una aventura radical, un impresionante arcade y soberbios sub-juegos se combinan en la gesta de ciencia ficción de los años cincuenta que Cosmic Spacehead tiene que llevar a cabo para probar la existencia de la Tierra!
Crack Down (USA)	Ben y Andy. los dos mejores agentes del Servicio Especial, acaban de aceptar una peligrosa misión, eliminar al Sr. K y a su Sistema de Vida Artificial. El Sr K planea acabar con todo tipo de vida humana en la tierra haciendo uso de los robots asesinos que él mismo ha creado. Sólo Ben y Andy podrán detenerle. Ayúdales a infiltrarse en la escalofriante ciudad del Sr. K. poner las bombas Clystron y salir corriendo antes de que exploten ¡Acabe con el Sr K!
Crayon Shin-chan - Arashi o Yobu Enji (Japan)	Arashi o Yobu Enji es un juego basado en el manga y anime de Shin-chan creado por Yoshito Usui. En cuatro etapas, cada una con cinco áreas, Shinnosuke Nohara, un niño de cinco años conocido por su comportamiento ruidoso e inapropiado, debe explorar su vecindario buscando un objeto específico. Puede interactuar con los vecinos, aunque a menudo los insulta accidentalmente. Shin-chan debe evitar a otros niños o enfrentarlos usando cartas de habilidad que otorgan herramientas como una pistola de agua o reponen su salud. Al completar la búsqueda, avanza a la siguiente área. El juego incluye un modo de minijuegos con actividades como concursos de burbujas, carreras de tres patas y búsquedas de ropa antes de la escuela. Todo está lleno del humor característico de la serie original.
CrossFire (USA)	Pilota un helicóptero en territorio hostil para rescatar a los rehenes y hacer fortuna. Los lugares donde el jugador puede optar por volar son Guatemala, Cuba y Panamá. Las misiones se dividen en tres partes diferentes. La primera parte consiste en volar un helicóptero acabando con varios enemigos. La segunda parte tiene al jugador volando un super helicóptero en la base de los enemigos. La tercera parte tomando el control de un soldado en el suelo acabando con los enemigos en la base. En el suelo, el jugador puede pedir ayuda al helicóptero sólo un número limitado de veces. Asimismo, mientras se está en el suelo, el jugador puede rescatar a los rehenes.
Crue Ball - Heavy Metal Pinball (USA, Europe)	Juego de pinball para los más cañeros. La sensacional banda sonora cuenta con tres éxitos musicales de Mötley Crüe. Nueve niveles de volumen (es decir, niveles de juego) alucinantes. Con la aparición especial de Allister Fiend de Mötley Crüe. Creado por diseñadores de pinballs reales.
Crusader of Centy (USA)	El protagonista es un chico que acaba de cumplir 14 años, y por eso le regalan la legendaria espada que su padre usase en vida. Además, el Rey le da permiso para iniciarse en la vida del soldado y comienza su entrenamiento en el centro de entrenamiento de Rafresa. Pero pronto comienzan los problemas con los seres de la oscuridad, criaturas milenarias monstruosas que han estado esperando en las sombras desde tiempos inmemorables para atacar a los seres humanos y devastar el mundo. Para cumplir con los objetivos del juego, durante su desarrollo se irán uniendo una serie de animales, cada uno con una habilidad especial.
Crystal's Pony Tale (USA)	¡Una bruja malvada ha lanzado un hechizo y los amigos de Crystal el Pony son capturados! Crystal galopa a través de campos de flores, bosques oscuros y cuevas espeluznantes en busca de los cristales mágicos que liberarán a sus amigos pony. Siete niveles de aventuras para horas de diversión.
Curse (Japan) (En)	Controla una nave espacial por 5 niveles para salvar a un planeta alienígena de la destrucción causada por un planeta vecino que había cambiado misteriosamente de amigo a enemigo a lo largo de los siglos.
Cutie Suzuki no Ringside Angel (Japan)	Juego de lucha donde tomas el control de una de las nueve luchadoras profesionales japonesas intentando alcanzar el numero 1. Hay cuatro modos: torneo de un jugador, torneo de dos jugadores, lucha de dos jugadores, o ver a la consola jugar con los personajes de su elección en los cinco escenarios disponibles.
CutThroat Island (USA, Europe)	Afila tu larga espada para la última batalla en alta mar. Mientras saqueas y descubres tesoros, piedras preciosas y lingotes de oro, te esperan batallas de piratas sanguinarios con cuchillos y pistolas. Traza tu rumbo a través de lugares peligrosos, pero piénsalo dos veces antes de zarpar, los muertos no cuentan historias en Cutthroat Island.
Cyber Police - ESWAT (Japan) (En)	La ciudad está sitiada por criminales buscados, y como oficial de policía es su deber detenerlos. Los primeros criminales en la lista de buscados pueden ser detenidos con su arma de servicio en algunas reacciones rápidas, pero una vez que enfrentas a los criminales más duros de la ciudad, necesitarás usar el traje cibernético, que proporciona protección adicional y mayor poder de fuego. A diferencia de otras versiones de este juego, este cartucho Genesis no sigue el diseño del juego de arcade. Los niveles, en lugar de ser lineales, presentan algunos elementos de plataforma, y ??los enemigos en los primeros niveles ya no son ladrones de bancos o sicarios, sino soldados y robots, Ademas, el escenario ya no es la típica ciudad estadounidense, sino una megalópolis futurista.
Cyber-Cop (USA)	Corporation es el primer juego de rol, acción y aventura con 360 grados y 3 dimensiones para la Mega Drive. Infíltrate en las defensas futuristas de la poderosa Corporation en una misión para desenmascarar sus diabólicos experimentos en Mutación Genética. ¡Y presta atención por si aparece Freddy!
Cyberball (World)	Ábrete camino a golpes hasta el poste de la portería en Cyberball el deporte nacional del siglo XXI. Grandes Robots luchan a brazo partido por avanzar yardas en este campo de fútbol de metal crujiente del futuro. Y cuando la acción se torne crítica, ¡la pelota explotará!
Cyborg Justice (USA, Europe)	Comunicado sobre Cyborg 127: El borrado de memoria de Cyborg 127 no tuvo éxito, el cyborg tiene todos sus archivos sobre el ataque por sorpresa de la Federación Cydrek en la Unidad Galáctica. El cyborg en otro tiempo fue un agente de defensa de G.U. e intentara detener nuestros planes. Todas las unidades alerta, ¡Destruyan el Cyborg 127! ¡Destruyanlo!
Daffy Duck in Hollywood (Europe) (En,Fr,De,Es,It)	EI Detective privado y súper héroe Daffy Duck armado con su pistola de burbujas, investiga a través de 6 distintos niveles de platos de Hollywood para recuperar los Oscars robados de Yosemite Sam. Los gráficos son alucinantes, de una calidad igual a la de los dibujos animados, y te llevaran al mundo loco de Daffy.
Dahna - Megami Tanjou (Japan)	Regine y Dahna, dos hermanas nacieron con una extraña magia que les permitía convocar los elementos entre otras cosas. En el séptimo cumpleaños de Dahna, los padres de las hermanas fueron asesinados en un violento intento de secuestro. Las hermanas se separaron y Dahna se escondió y se refugió en una aldea cercana donde perfeccionó sus habilidades de magia y combate bajo la guía del hechicero Magh. Diez años más tarde, una misteriosa fuerza de invasión dirigida por una hechicera malvada atacó a su pueblo y secuestró a Magh, provocando a Dahna en su primera batalla.
Dangerous Seed (Japan) (En)	En el siglo 25 el sistema solar ha sido atacado por un misterioso enemigo alienígena conocido como Dangerous Seed. Las fuerzas humanas han sido diezmadas, y el próximo objetivo de los alienígenas es la Tierra. El enemigo se acerca a la base defensiva de la luna, y la última línea de defensa de la Tierra, la nave de combate Moon Diver, ha despegado...
Danny Sullivan's Indy Heat (USA) (Proto)	Indy Heat de Danny Sullivan es un juego de carreras arcade de 1991 desarrollado y publicado en las salas recreativas por Leland Corporation. Se basa en un juego de arcade de tres jugadores del mismo título. Fue protagonizado por el piloto estadounidense de IndyCar, Danny Sullivan, y presentó las pistas de la serie CART de principios de los 90. Indy Heat presenta capacidad para cuatro jugadores y es similar en juego a Super Off Road. Los jugadores ganan dinero en función de las posiciones de finalización de carrera, que se gastan en mejorar su auto. La temporada de carreras culmina con el Tradewest Speed ??Bowl, que se asemeja ligeramente al Indianapolis 500. Una versión del juego también fue completada y autorizada por Tradewest para el Sega Genesis pero el lanzamiento se retrasó hasta el 25 de julio de 2011, en un total de 50 copias producido para Sega Genesis, completo con estuche, cartucho y portada.
Darius (World) (Mega Drive Mini, Genesis Mini)	El despiadado Belsar ha atacado el pacífico sistema Darius, que ahora se enfrenta a una devastación absoluta. La flota defensiva de Darius demostró no ser rival ante la abrumadora potencia de fuego de las fuerzas alienígenas, que aniquilaron a toda su flota de una sola vez. Sin nada para protegerlos, la gente solo podía sentarse y esperar el abrazo helado de la muerte mientras los bombardeos continuaban sin oposición, hasta que una luz brillante salió de la oscuridad entre las nubes de luto, conocida como &quot;Silver Hawk&quot;. Como un ave fénix que surgió de las brasas de un mundo en llamas, el rostro en forma de pájaro se convirtió en un faro de la última lucha del planeta por la supervivencia.
Darius - Extra Version (USA, Europe) (Strictly Limited Games)	Darius: Extra Version es una versión independiente ampliada para Génesis de Darius que se lanzó anteriormente en SEGA Genesis Mini. Cuenta con tres modos de juego, &quot;Antiguo&quot;, &quot;Nuevo&quot; y &quot;Extra&quot;, que reflejan diferentes revisiones de Darius publicadas anteriormente. También cuenta con audio recientemente actualizado con niveles de volumen mejorados y efectos de sonido de mejor calidad.
Dark Castle (USA, Europe)	Suba por las murallas de Dark Castle y destrone al Caballero Negro. ¡Explore 14 habitaciones llenas de zombies, ratas, y buitres que se lanzan en picado! ¡Descubra los elixires curadores y el escudo mágico que le serán de inestimable ayuda durante su hazaña!
Darwin 4081 (Japan, Korea) (En)	La historia comienza en el planeta Lakya, donde los habitantes, tecnológicamente avanzados, desencadenan involuntariamente la fuerza vital del planeta conocida como Evol. Mientras que el Evol liberado sale del planeta Lakya, es recibido por los habitantes del planeta cercano Cokyo; La gente de Cokyo inicia el proyecto Shlohe, un plan para usar a sus capturados Evol para desarrollar avanzadas naves biológicas y armas para invadir el planeta Lakya. Los habitantes de Lakya , para vengarse de la invasión de Cokyo, utilizan sus propias naves de combate evolutivas.
Dashin' Desperadoes (USA)	Will y Rick, un par de divertidos vaqueros, eran los mejores amigos hasta que Jenny llegó a la ciudad. Han sido rivales desde entonces, compitiendo constantemente por su atención. Ahora el papá de Jenny le ha regalado un viaje alrededor del mundo para su cumpleaños. Will y Rick están decididos a seguirla como sus guardaespaldas - ¡y harán cualquier cosa para competir entre ellos!. Desde los desiertos del suroeste hasta los icebergs del Ártico, a través de los mares infestados de tiburones y las ruinas encantadas, necesitaran su juego de pies más rápido, su ingenio y unas cuantas bombas para mantener a Jenny sana y salva.
David Crane's Amazing Tennis (USA)	Cambia la raqueta por el mando, los videojuegos deportivos acaban de dar un salto hacia una nueva dimensión de realismo, desarrollado por David Crane pionero en la industria y uno de los diseñadores de juegos con más éxito. David Crane's Amazing Tennis utiliza 22 planos de profundidad diferentes y una excelente calidad en la animación para proporcionar una experiencia de juego insuperable. El juego posee Modo de 1 o 2 jugadores, repeticiones a cámara lenta y la voz real del famoso juez de silla Frank Hammond.
David Robinson's Supreme Court (USA, Europe)	Juegue al baloncesto con David Robinson, uno de los mejores jugadores de media cancha de los últimos tiempos. Lanzamientos imprevistos, cortes rápidos, defensa tenaz. ¡todos los desafíos de los campeonatos de baloncesto profesional!
Davis Cup II (USA) (Proto 2)	Copa Davis II (como se denomina en la cabecera del ROM) es una continuación inédita del juego Copa Davis, previsto para el estreno de los prototipos de Mega Drive. Dos prototipos de este juego fueron dumpados - una versión anterior de fecha Rom PAL, 10/07/1994, y una versión para América del Norte fechada el 28/07/1994. Ambas son versiones antiguas del juego sin música y muchos recursos prestados del Davis Cup Tennis original.
Davis Cup World Tour (USA, Europe)	La acción súper realista de esta simulación de tenis tiene todo lo que podrías desear, incluyendo competiciones de torneo, fantásticos gráficos animados, acción de dos jugadores con pantalla partida, repetición de video, voces digitales y estadísticas de partida con el ranking de los jugadores. ¡Todo en Davis Cup World Tour!
Daze Before Christmas (Australia)	La Navidad es una época donde las personas se reúnen, comen y se dan regalos . Pero este año ha habido un problema. Verás... mientras Santa estaba durmiendo en su cama, un malvado y frío muñeco de nieve ha raptado a los elfos y a los renos de Santa Claus. No habrá ningún Navidad si Santa no los recupera.
Deadly Moves (USA)	Eres Joe, un joven estadounidense que ha estado entrenando secretamente para convertirse en un poderoso luchador. Un día, conoce a un viejo maestro de las artes marciales que le dice que debe viajar por todo el mundo para conocer a otros maestros y aprender de ellos. Durante sus viajes, Joe se encuentra con muchos otros luchadores, y tiene que ser cada vez más hábil para demostrar que es el mejor luchador del mundo.
Death and Return of Superman, The (USA)	&quot;Doomsday&quot; está aquí y solo Superman puede detenerlo. Desafortunadamente al hacerlo, él se suicida. Ahora aparecen otros cuatro personajes, cada uno afirmando ser el verdadero héroe. La historia comienza con Superman, luego Steel, Eradicator, Cyborg y Superboy. Cada personaje tiene movimientos ligeramente variados, por lo que se aplican diferentes estrategias cuando se juega como ellos. El juego es básicamente el de un beat-em-up estándar, con los golpes, tiros y movimientos especiales.
Death Duel (USA)	En el futuro todas las disputas intergalácticas deben ser resueltas por un duelo a muerte. Nueve superpotencias galácticas toman el control de las rutas de vuelo, dejando a la Federación incapaz de operar con normalidad. Para recuperar las rutas, la Federación envía a Barrett Jade dentro de un cyborg gigante. Tiene que luchar a muerte y derrotar a los otros nueve poderosos rivales para recuperar el control.
DEcapAttack (USA, Europe, Korea) (En)	Max D. Cap ha tomado control sobre la Isla Cuerpo dividiéndola en pedazos. El Dr. Frank N. Stein te ha creado a ti, Chuck D. Head, para combatir al ejército de criaturas de D. Cap y volver a unir los pedazos.
Demolition Man (USA, Europe)	Uno es policía; el otro, un criminal. Su misión: ¡ser el primero en destruir al contrario! Tú eres John Spartan,. recién salido de tu estado de hibernación en la prisión criogénica de San Angeles. Armado con escopetas, pistolas Magnum y granadas, vas a la caza de Simon Phoenix a través de 10 niveles explosivos.
Desert Demolition Starring Road Runner and Wile E. Coyote (USA, Europe)	Juega con Road Runner o con Wile E. Coyote en este exclusivo juego de desplazamiento lateral que es como una caricatura interactiva de los sábados por la mañana. Su objetivo: recorrer seis entornos desérticos diferentes antes de que expire el tiempo, recolectando sellos ACME. Como Road Runner, la velocidad es tu aliada a medida que realizas increíbles saltos, quemas a través de loop-de-loops y evitas todos los artilugios y emboscadas del Coyote. El Road Runner también puede asustar a un inocente Coyote con su ataque Beep-Beep. Como el Coyote, usas los artilugios locos de Acme para atrapar al Correcaminos, intentando constantemente dominar su poder sin que te aplasten. ¡El Coyote tiene un ataque especial que le permite hacer un último intento para atrapar al pájaro! Las rondas de bonificación incluyen cameos de otros personajes clásicos de Warner Bros. como Elmer Fudd, Bugs Bunny y Marvin the Martian.
Desert Strike - Return to the Gulf (USA, Europe)	El General Mubaba, líder terrorista, sorprende al mundo al invadir y conquistar un pequeño pero importante Emirato. El General está desequilibrado, y ha construido su reputación a base de no demostrar piedad con quienes se interponen en su camino; desde su cuartel general, planea un ataque con misiles que podría destruir el mundo. El presidente ha puesto a cargo de la situación al mejor helicóptero del escuadrón de fuerzas especiales; un piloto de habilidades excepcionales, cuya misión pretende evitar una incursión aérea masiva. Ahora, el anónimo piloto y su helicóptero han llegado al Golfo, en un intento por evitar una tercera Guerra Mundial.
Devi to Pii (Japan) (Mega Drive Mini 2, Genesis Mini 2)	Devi & Pii es un juego de acción de 2022 desarrollado y publicado por Sega para Sega Genesis. El jugador usa dos palas para salvar a los ángeles conocidos como &quot;Pii&quot; mientras lucha contra &quot;Devi&quot;, que intenta detenerlos. Es uno de los sesenta juegos incluidos en la consola Sega Genesis Mini 2 y uno de los varios juegos lanzados exclusivamente para esta consola.
Devilish - The Next Possession (USA)	Había una vez un príncipe y una princesa que se amaban. Pero un malvado y celoso demonio llamado &quot;Y&quot; los convierte en dos raquetas de piedra. De repente, una esfera azul cayó del cielo, convirtiéndose en la bola que las raquetas ahora pueden empujar hacia adelante, superando obstáculos y derrotando a los demonios.
Dick Tracy (World)	Dick Tracy, el legendario héroe de los tebeos americanos, ha vuelto mucho mejor preparado que antes. Acaba de recibirse una llamada telefónica: -Tracy, en las calles de la ciudad impera la confusión. Big Boy Caprice cuenta con todos sus esbirros armados hasta los dientes. Testigos indican que Lips Manlis, Flattop y The Brow aterrorizan en la ciudad con sus secuaces. Todo depende de Dick Tracy. Tome su pistola y ametralladora y a luchar. No es para menos, la ciudad depende de usted.
Dick Vitale's 'Awesome, Baby!' College Hoops (USA)	Dick Vitale, el famoso entrenador y comentarista de baloncesto de la universidad, prestó su voz única a este juego para el Sega Genesis. Hay cuatro niveles de profundidad en el comentario. Otro aspecto de la licencia es que la variedad de estrategias y formaciones ofensivas y defensivas para el jugador y el uso de AI se extraen de las páginas del propio libro de jugadas de Coach Vitale. El juego presenta una perspectiva 3/4 pseudo-3D similar a la disponible en la consola SNES en el Modo 7. Hay 32 equipos universitarios para elegir en cuatro conferencias, y los juegos se juegan según las reglas oficiales de la NCAA. Los modos de juego disponibles incluyen Single Game, 2-on-2, Slamfest (un simple concurso de slam-dunk) y Torneo. La IA puede tomar el control de la defensa, y el juego se puede jugar sin reglas sucias.
Dino Dini's Soccer (Europe) (En,Fr,De)	Aunque este juego de fútbol se basa en Goal, cuenta con un método de control muy diferente, con la pelota pegada al pie para facilitar la carrera con la pelota. El juego se ve desde arriba y se juega arriba y abajo del campo de juego, sin la opción de izquierda a derecha de Goal. Los encuentros pueden durar entre 2 y 20 minutos, y el escáner que muestra las posiciones de los jugadores en el resto del campo puede moverse, cambiar de tamaño o deshabilitarse. El juego presenta una variedad de torneos, incluida la Copa del Mundo completa y sus rondas de clasificación, y los Campeonatos de Europa, o partidos individuales, así como la posibilidad de configurar un torneo de liga o copa de tu propia especificación. Solo se incluyen equipos internacionales, aunque sus nombres se pueden personalizar. A diferencia de la mayoría de los juegos de fútbol de la época, las etnias de los jugadores se representan con precisión.
Dino Land (World) (Evercade)	Dino Land es una máquina de pinball con temática de dinosaurios. Básicamente tienes que disparar tu pinball a los objetivos de los dinosaurios. A medida que avanzas, obtienes más puntos después de haber alcanzado todos los objetivos de dinosaurio en el tablero. Hay 4 tableros de pinball, uno en el suelo con criaturas terrestres, uno aéreo que representa criaturas voladoras, un nivel del mar que tiene criaturas marinas y un nivel de jefe en el que intentas salvar a tu novia del jefe.
Dinosaur's Tale, A (USA)	Juega como los personajes de la película de animación de Spielberg &quot;Los cuatro dinosaurios y el circo mágico&quot;. Corre y salta a través de una variedad de niveles y derrota al Dr. Screweyes. Juega como los niños humanos Cecilia o Louie y atraviesa los obstáculos para llegar al final del nivel. Estos niveles están ambientados en diversos lugares de Nueva York, como un estudio de televisión y un circo que desea conservar los dinosaurios como exposición. Todos los demás niveles son niveles 3D en los que juegas como uno de los dinosaurios, por ejemplo patinando en la parte trasera de una furgoneta como Rex o volando como Elsa sobre Central Park mientras recoges globos. Este es uno de los primeros juegos de Genesis con jugabilidad en 3D.
Disney Collection, The - QuackShot Starring Donald Duck + Castle of Illusion Starring Mickey Mouse (Europe)	La Colección Disney es un cartucho de Megadrive que contiene dos juegos de plataforma de Disney. El primero es Castle of Illusion protagonizado por Mickey Mouse, mientras que el segundo no es otro que QuackShot protagonizado por Donald Duck.
DJ Boy (USA)	La novia del skater DJ Boy ha sido secuestrada por los matones locales de la ciudad y DJ Boy es el único que puede salvar el día. Esta conversión coin-op ofrece diferentes rondas de juego beat-em-up de desplazamiento lateral, cada una con un jefe final. DJ Boy puede golpear, patear, combinarlos en un ataque volador y golpear a ambos lados al mismo tiempo presionando los botones de ataque principal. Aunque los gráficos son menos toscos y más amigables que sus contrapartes contemporáneos, la dificultad es muy implacable. DJ Boy solo tiene cuatro barras de vida y cuando ya no están, el juego termina sin más. Los enemigos derrotados dejan monedas. Al final de cada etapa, las monedas se pueden intercambiar por una patineta, un golpe más fuerte u otros elementos.
Dominus (USA) (Proto)	Dominus es un juego de estrategia inédito de Sega Mega Drive desarrollado por Virtual Concepts y que seria publicado por Asciiware. Fue cancelado por razones desconocidas, aunque un port de PC de IBM publicado por U.S. Gold fue lanzado en 1994. También se planeó una versión de SNES, pero sufrió un destino similar. Ya se ha desenterrado un prototipo de ROM, fechado en 1993, que muestra un juego incompleto sin ningún sonido.
Donald in Maui Mallard (USA) (Sega Channel)	El poderoso artefacto místico &quot;Shabuhm Shabuhm&quot; desapareció misteriosamente. Si, al amanecer de la próxima luna llena, no se devuelve a su debido lugar, espíritus vudú se levantarán de las tinieblas a destruir toda la isla. Sólo el Pato Donald, como el detective privado Maui Mallard, podrá recuperar el talismán robado y restaurar la paz. Esta aventura tropical y la alta calidad de las animaciones de los estudios Disney Interactive, hacen de este juego un verdadero clásico de los videojuegos.
Doom Troopers (USA)	Basado en el popular juego de rol y cartas, DOOM TROOPERS te presenta como un intrépido comando que ha sido comisionado para salvar al mundo de una fuerza invasora de mutantes. Juega como Mitch Hunter o Max Steiner mientras te embarcas en la misión más importante de tu vida: la aniquilación completa de la Dark Legion. Ábrete camino a través de ocho niveles detallados llenos de todo tipo de mutantes peligrosos y malvados, mientras descargas con un aluvión de armas de gran potencia que están disponibles. Si la presión es demasiado para que la manejes solo, recluta a un amigo y trata de eliminar a la Dark Legion juntos. El mundo está en grave peligro, y solo los Doom Troopers pueden hacer las cosas bien.
Doraemon - Yume Dorobou to 7 Nin no Gozans (Japan)	Un ladrón de sueños ha venido y ha robado los sueños de todos los niños, usándolos para crear su propio paraíso personal donde nadie puede traspasar. Los niños no pueden continuar sin sus sueños, y alguien tiene que salvarlos ... ¡que ese alguien sea Doraemon, el gato azul mecánico del futuro! Al descubrir que sus amigos han perdido su color, Doraemon vuela hacia el cielo y persigue al ladrón de sueños en su mundo de sueños. Doraemon: Yume Dorobo a 7-nin no Gozans (&quot;Doraemon: El ladrón de los sueños y los siete Gozans&quot;) es un juego de plataformas de acción basado en el popular dibujo animado infantil Doraemon. Doraemon debe abrirse paso a través de cada uno de los siete paisajes oníricos, aturdir a los enemigos con una pistola de agua, arrojarlos fuera de su camino y recoger monedas y estrellas. Él puede correr y saltar, e incluso agitar sus brazos para extender el alcance de sus saltos.
Double Clutch (Europe)	Double Clutch es un juego de carreras aéreo similar a Super Off Road. Uno o dos jugadores eligen entre cuatro pilotos diferentes, cada uno con su propia habilidad especial, luego se dirigen a una carrera en una de las cuatro pistas diferentes. Por supuesto, el objetivo es ser el primero en terminar tres vueltas del recorrido, pero ten cuidado con tus oponentes; choca contra ellos o contra el terreno y tu vehículo sufrirá daños. ¡Toma demasiado daño y se acabó el juego! Después de cada carrera, las ganancias se pueden utilizar para actualizar o reparar el vehículo. Hay tres niveles de dificultad que afectan la rapidez con la que el vehículo sufre daños. También hay un modo de práctica donde el jugador puede elegir libremente cualquier pista.
Double Dragon 3 - The Arcade Game (USA, Europe)	El último juego de la trilogía. Billy y Jimmy Lee están regresando del entrenamiento de artes marciales cuando sus caminos se cruzan con una adivina. Ella les cuenta sobre un gran mal en Egipto, su adversario más fuerte hasta el momento, y sobre cómo los Rosetta Stones pueden ayudarlos. Este juego presenta tiendas de armas donde Billy y Jimmy pueden comprar poderes, trucos, energía y vidas extra para ayudarlos en su búsqueda. Los potenciadores hacen que Billy y Jimmy sean dos veces más grandes, lo que aumenta el daño infligido y el alcance del ataque. Los gráficos de los personajes han cambiado, pasando de los gráficos de estilo de dibujos animados a los personajes de aspecto más realista.
Double Dragon II - The Revenge (Japan) (En)	La adorable Marian fue rescatada de las garras de la banda Guerreros Negros por Billy y Jimmy Lee en el primer juego de Double Dragon, pero ahora la banda la mató en represalia a su derrota inicial. Los Dragones deben ahora embarcarse en una misión para vengar su muerte y derrotar a los Guerreros Negros por segunda y última vez. La versión arcade original de &quot;Double Dragon II&quot; fue esencialmente una versión mejorada del primer juego. Además de ofrecer audio y visuales renovados, así como nuevas trampas, movimientos y personajes enemigos, el &quot;Double Dragon II&quot; descartó los botones convencionales de golpe y patada a favor de un sistema de ataque orientado a la dirección similar al del beat 'em up original de la Technos &quot;Renegade&quot;.
Double Dragon V - The Shadow Falls (USA)	Double Dragon regresa, esta vez como un juego de pelea VS., en el mismo molde que Street Fighter. Basado en la serie animada Double Dragon, que se basa libremente en el juego de arcade original, Jimmy y Billy y otros personajes invitados luchan en un combate de torneos. El Maestro de las Sombras, que ha creado un virus mortal con el que planea destruir el mundo, te está esperando al final del camino hacia la victoria. Tendrás que luchar para atravesar muchos personajes malvados antes de enfrentarte al Maestro de las Sombras. Batirlo, y salvar al mundo para otro día.
Double Dribble - The Playoff Edition (USA)	Double Dribble: The Playoff Edition en Megadrive es una simulación de baloncesto y ofrece juegos de cinco contra cinco, con dieciséis equipos para elegir: Boston, Nueva York, Chicago, Los Ángeles... También es posible ajustar la duración de los turnos, el tiempo, alternar entre tres niveles de dificultad y hacer frente a hasta ocho amigos a través de un adaptador.
Dr. Robotnik's Mean Bean Machine (USA)	Ubicado en el planeta Mobius, el Dr. Robotnik ha urdido un nuevo plan para amenazar al mundo y sus habitantes: al secuestrar a los ciudadanos de Beanville y convertirlos en deshonestos esclavos robot, el doctor creará un ejército que lo ayudará a librar al planeta de la música. y diversión para siempre, Con este fin, ha creado una máquina robótica gigante llamada &quot;Mean Bean-Steaming Machine&quot; para usar en los bean folk. Poniendo en marcha su plan, Robotnik envía sus henchbots para reunir a todos los desafortunados beans y agruparlos en mazmorras oscuras para que puedan ser enviados a la máquina Mean Bean-Steaming. Asumiendo el papel de Has Bean, el jugador debe enfrentarse a los secuaces de Robotnik al irrumpir en las mazmorras, liberar a los bean folk antes de que sea demasiado tarde, y derrotar los henchbots de Robotnik para asi frustrar sus malvados planes de una vez por todas.
Dragon - The Bruce Lee Story (USA)	¿Cuál es el primer y más grande luchador de Artes Marciales del cine? Si usted contestó Bruce Lee es porque entiende todo sobre artes marciales. Si usted se equivocó ... bueno, usted todavía tiene la oportunidad de aprender algo en este juego sensacional. En Dragon usted participará en varias luchas reproduciendo la película que retrata la historia de Bruce Lee. Mezclando sus dotes físicas con los secretos de los artes marciales, usted enfrentará a combatientes que parecen humanos pero que luchan como animales. Descubre los secretos del mayor luchador de todos los tiempos. Esto, por supuesto, si puedes llegar hasta el final!
Dragon Ball Z - Buyuu Retsuden (Japan)	Dragon Ball Z: L'Appel Du Destin es un juego de lucha para Sega Genesis que incluye la característica de pantalla dividida, vista anteriormente en Super Butouden de SNES. Este sistema permite a los jugadores mantenerse lejos del oponente mientras lo tienen a la vista, ideal para ejecutar los devastadores ataques de energía desde la distancia. Estos ataques requieren una barra de KI recargable y son bloqueables mediante combinaciones específicas. El juego abarca las sagas de Freezer y Cell, con personajes como Goku SSJ, Gohan SSJ2, Piccolo, Vegeta SSJ, Trunks del Futuro SSJ, Krilin, Recoome, Ginyu, Freezer, A-18 y Perfect Cell. Destaca la inclusión de Krilin, Ginyu y Recoome en un juego de lucha por primera vez. Incluye 9 escenarios reconocibles del anime, algunos en distintas versiones, como Namek &quot;normal&quot; y Namek &quot;en llamas&quot;.
Dragon Slayer - Eiyuu Densetsu (Japan)	&quot;Dragon Slayer&quot; cuenta la historia de un joven príncipe llamado Selios. Un día su viejo maestro Raiyas lo envía a una cueva cercana para recuperar un arma mágica. Cuando el príncipe regresa, encuentra la casa atacada por monstruos. Raiyas le dice que busque ayuda en el castillo de un barón, cuyo país siempre ha sido aliado suyo durante mucho tiempo. Sin embargo, el barón traiciona la confianza de Selios y lo encarcela. El joven príncipe logra escapar, pero sin la posibilidad de regresar, no tiene más remedio que vagar por la tierra, tratando de encontrar compañeros confiables que lo ayuden a salvar a su país. Este es un juego de rol japonés tradicional de temática medieval con un combate por turnos visto desde la perspectiva en primera persona (como en los juegos de Dragon Warrior). Los enemigos son semi-aleatorios: aparecen de la nada y atacan de repente, pero son visibles en la pantalla, y si huyes de una batalla, seguirán allí para perseguirte.
Dragon Slayer - Eiyuu Densetsu II (Japan)	Años después de que el príncipe Selios derrotara al dios demonio Agunija, la paz reina en Iseruhasa. Selios se ha casado con Dina y su hijo Atlas, ahora un fuerte guerrero de 15 años, entrena con el maestro Lowel. Sin embargo, la tranquilidad se interrumpe cuando aparecen extrañas criaturas cerca de la capital: hombres en trajes espaciales que los habitantes creen monstruos. ¿Son una amenaza o tienen intenciones pacíficas? En esta secuela de Dragon Slayer, los enemigos son visibles antes de las batallas, permitiendo al jugador evitarlos si lo desea. El juego mantiene el estilo clásico de RPG japonés con combates por turnos en primera persona, aunque la versión de Genesis ofrece gráficos mejorados.
Dragon's Eye Plus - Shanghai III (Japan)	Dragon's Eye es una conversión del famoso juego de tablero de fichas chino conocido internacionalmente como Shanghai. El juego presenta versiones de Shanghai y Dragon's Eye para uno o dos jugadores, una docena de diseños de fichas con dos juegos de fichas (un conjunto de mahjong tradicional y un conjunto de fantasía medieval) y varias otras opciones de juego, incluidas sugerencias.
Dragon's Fury (USA, Europe)	Imagina un juego de aventuras en formato pinball, y obtienes Dragon's Fury. Tu héroe es una pequeña bola de plata, y tu campo de batalla es una máquina de pinball de tres niveles. Usando su bola, puede vencer monstruos, acumular puntos e ingresar etapas de bonificación. Si juegas con suficiente habilidad, puedes disparar todo tipo de bonificaciones que acumulen puntos. Si obtienes mil millones de puntos, puedes luchar contra el jefe final y ver el final del juego.
Dragon's Lair (USA) (Proto)	Dragon's Lair: The Adventure Continues es una versión inédita de Dragon's Lair/Dragon's Magic desarrollada en 1993 por Bluth Group/Motivetime en supernintendo. El editor es Taito (o al menos su rama americana). El juego fue anunciado en el CES de verano de 1994 por Taito, con una fecha de lanzamiento en el otoño de 1994. Se ha cancelado por razones desconocidas y se puede jugar a todos los niveles (aunque no se sabe si el puerto en sí está lleno o no).
Dragon's Revenge (USA, Europe)	Dragon's Revenge es una secuela de Dragon's Fury (Devil's Crush). La mesa para este juego de pinball de fantasía es de tres pantallas de altura con gráficos medievales y de dragones. Cada una de las tres pantallas tiene un par de paletas en la parte inferior y los elementos de la mesa son todos animados, ademas, numerosos monstruos vagan por la pantalla. El objetivo es acertar monstruos errantes y ciertos grupos de criaturas para abrir el portal a un subnivel. Los subniveles de pantalla única ofrecen juegos multi-bola y son la clave para puntuar alto. Cada una de las tres pantallas tiene un portal único de subnivel.
Duke Nukem 3D (USA) (Piko Interactive)	Los alienígenas han aterrizado en una futurística Los Ángeles y le toca a Duke mostrarles la puerta de salida. Después de las entradas iniciales de los juegos de plataformas de desplazamiento lateral, Duke Nukem 3D introduce una perspectiva en primera persona a la serie y convierte el juego en un shooter en toda regla con gráficos 2.5D
Dune - The Battle for Arrakis (USA)	La versión de Dune II para Sega Genesis, desarrollada por Westwood Studios, ofrece una revisión completa del clásico de estrategia en tiempo real. Manteniendo el concepto original, esta versión presenta gráficos renovados, controles optimizados y niveles completamente nuevos, además de cambios en el árbol tecnológico. Como en el juego original, el jugador lidera una de las tres Casas nobles convocadas por el Emperador para extraer la Mezcla de especias en Arrakis (Dune). La misión consiste en construir bases, extraer especias y crear unidades para derrotar al enemigo en una serie de batallas consecutivas. Los controles basados en menús se han reemplazado por un sistema de cursor contextual que permite movimientos y ataques más intuitivos. El árbol tecnológico se ha simplificado, eliminando requisitos complejos como el centro de investigación IX y reduciendo las opciones de construcción. A diferencia del juego original, la progresión de niveles en esta versión es completamente lineal.
Dungeons & Dragons - Warriors of the Eternal Sun (USA, Europe)	El reino del Duque Barnk ha sido repentinamente teletransportado a una tierra extraña y peligrosa. Debes encontrar nuevos aliados o el reino y su cultura desaparecerán. Los creadores del original DUNGEONS & DRAGONS ahora aportan su experiencia en la pantalla de los videojuegos.
Dyna Brothers (Japan)	En Dyna Brothers, los dinosaurios del Planeta Jura enfrentan una invasión alienígena que amenaza su hogar. Liderados por su creador, El Huevo, los dinosaurios deben trabajar juntos para expulsar a los invasores y proteger su mundo. Este juego de estrategia en tiempo real, similar a Populous, permite al jugador controlar un pequeño ejército de dinosaurios con cinco tipos de unidades, cada una con habilidades únicas. Puedes ordenarles moverse, atacar o usar poderes ambientales como terremotos e inundaciones. El Huevo actúa como la base del jugador, almacenando energía y permitiendo crear más dinosaurios, pero debe ser protegido. El objetivo es destruir la nave base alienígena en cada mapa para lograr la victoria. A diferencia de su secuela, este título solo incluye un modo de escenario para un jugador.
Dyna Brothers 2 (Japan)	En Dyna Brothers 2, los dinosaurios del planeta Jura enfrentan a alienígenas invasores que amenazan su hogar. Con la ayuda de su creador, &quot;el huevo&quot;, deben defender su raza y expulsar a los invasores. Este juego de estrategia en tiempo real, similar a Populous, permite al jugador controlar un ejército de dinosaurios con habilidades únicas. Puedes ordenarlos moverse, atacar o crear nuevos dinosaurios del huevo. Además, puedes usar comandos ambientales como terremotos y rayos para ganar ventaja. La secuela introduce un modo de práctica, un modo de batalla libre y un modo para dos jugadores, donde el segundo jugador controla a los alienígenas. Con seis tipos de unidades y modos variados, el juego ofrece una experiencia estratégica y divertida.
Dynamite Duke (World)	Alrededor del año 2091 el mundo se encontraba en un estado de confusión. El deterioro de la capa de ozono estaba quemando a las personas vivas! Una raza de mutantes fue entonces creada por el hombre para soportar el terrible aumento de temperatura en la Tierra. Sin embargo, liderados por el científico Dr. Ashe, ahora están amenazando con apoderarse de lo que quedaba. En el &quot;Dynamite Duke&quot;, un héroe guerrero con un brazo biónico, es el único que puede poner fin a los sueños del malvado Dr. Ashe de dominar el mundo. Los patadas, el fuego y los puños mortales de Dynamite Duke se liquidarán con el ejército de mutantes. Su ayuda es indispensable: usted debe guiarle hasta las bases del ejército en Rantan para el combate y confrontación final con el Dr. Ashe. Con su cerebro y la fuerza de &quot;Dynamite Duke&quot;, será difícil que alguien domine la Tierra.
Dynamite Headdy (USA, Europe)	Se levanta el telón y empieza la función de las marionetas de Treasure Theatre. La estrella de la función es Dynamite Headdy, el tipo más imperturbable de todo el escenario. Pero el peligro acecha entre bastidores. Su rival., Trouble Bruin desea ser la estrella y si no puede lograr su objetivo ganandose el corazón de los espectadores lo hará sacando a Headdy de en medio. Pero Trouble Bruin apenas puede compararse con Dark Demon, el muñeco que se esfuerza en dominar el mundo de las marionetas convirtiendo a los habitantes en sus malvados esbirros. Como Dynamite Headdy de ti depende derrotar a Dark Demon y restaurar la paz en el mundo de las marionetas.
DynoBlaze (USA) (Proto)	Dyno Blaze es un beat'em up cancelado que fue desarrollado por Bonsai Entertainment para Genesis / Mega Drive, Mega CD y 3DO en 1994 y que habría sido publicado por Virgin. Un prototipo jugable del juego se filtró de alguna manera en línea en 2008, en el que puedes probar una serie de niveles (casi vacíos) donde mover tu rollerblade-dinosaurio para luchar contra enemigos con un palo de hockey. Los niveles están incompletos y con errores, pero es posible ir por ellos esperando un poco al final del área y presionando el botón de salto.
EA Hockey (Europe)	Con la licencia oficial de la NHL, el título ofrece veinticuatro equipos y más de 500 jugadores con sus estadísticas. Es posible competir en el modo Liga, pero también para crear su propio torneo. Un modo de cámara lenta también le permite reproducir sus mejores acciones.
EA Sports Double Header (Europe)	EA Sports Double Header es una compilación lanzada en Europa. Es desarrollada por Park Place Productions y publicada por Electronic Arts. En él contiene dos juegos: NHL Hockey / EA Hockey y John Madden Football. Probablemente lanzado en 1992.
Earnest Evans (USA)	La historia del juego está relacionada con la de El Viento. Earnest Evans es un valiente cazador de tesoros. Su abuelo fue un famoso arqueólogo que buscó tres ídolos legendarios en la década de 1930. Se dijo que esos ídolos podían traer un desastre sobre la Tierra si caían en las manos equivocadas. Pero a pesar de sus esfuerzos, nunca pudo encontrar ni uno solo de los ídolos. Ahora le toca al nieto continuar su trabajo, cincuenta años después. Pero el malvado líder sindical Brady Tressider tiene sus propios planes, y hará cualquier cosa para detener a Earnest... Este es un juego de plataforma de acción en el que controlas a Earnest Evans, armado con su confiable látigo. El héroe puede saltar, trepar cuerdas, agacharse y gatear. Hay muchos obstáculos en los niveles (pozos sin fondo, picos, puentes aplastantes, lava, etc.), así como gangsters y monstruos de los que hay que disponer.
Earthworm Jim (World) (Evercade)	Un cuervo está persiguiendo a un gusano llamado Jim mientras está en el espacio exterior. Psy-Crow persigue a una nave renegada. El capitán de la nave ha robado un súper ciber-traje indestructible de ultra alta tecnología y Queen Slug-for-a-Butt ha ordenado que Psy-Crow lo consiga, ya que puede hacerla más bella que Princess-What's-Her-Name. Psy-Crow golpea al capitán y el traje cae al planeta Tierra. De vuelta en la Tierra, Jim se pregunta si finalmente estará a salvo cuando el ultra-high-tech-indestructible-súper-espacio-ciber-traje aterriza sobre él. Afortunadamente, Jim descansa en el anillo del cuello del traje. Luego, las partículas espaciales comienzan a interactuar con Jim, lo que provoca una evolución a la velocidad de la luz. Jim pronto se da cuenta de que tiene el control del traje. Jim escucha los planes de la Reina para el traje y decide conocer a esta princesa ...
Earthworm Jim 2 (USA)	Una lombriz común y corriente llamada Jim sigue con su vida cotidiana normal, navegando para evitar cuervos y otras cosas similares a gusanos. Jim se ve repentinamente golpeado por un gran ciber-traje de ultra-alta tecnología-indestructible-super-espacial. Por pura suerte, Jim descansa a salvo en el anillo del cuello del traje. De repente, las partículas espaciales de ultra alta tecnología del traje comienzan a interactuar con la suave carne de gusano de Jim. Se produce una evolución radical a la velocidad de la luz. Jim pronto se da cuenta de que tiene el control del traje. El juego es similar al primer juego, con Jim saltando y corriendo por los niveles. Hay 5 armas más que en el juego original para coleccionar. Aparecen personajes como la princesa Whats-Her-Name y Psy-Crow.
Ecco - The Tides of Time (USA)	La malvada reina Vortex ha regresado y ha destruido el Asterito. Todos los océanos del mundo están amenazados. Para recuperar el Asterito y derrotar a la reina Vortex, Ecco debe enfrentarse una vez más a las mareas del tiempo que se han dividido en dos posibles futuros. Uno normal y el otro dominado por la reina Vortex.
Ecco Jr. (USA, Australia)	Ecco Jr. es una precuela de Ecco the Dolphin, ambientada durante su infancia. Junto con sus amigos Tara the Whale y Kitney the Dolphin, Ecco busca a la legendaria ballena azul. Lanzado después de los dos juegos principales de Ecco, este título está dirigido a niños más pequeños con una jugabilidad simplificada, sin la dificultad de los otros juegos de Ecco. El juego también contiene una serie de datos educativos sobre los delfines. Ambientado en el mismo mundo submarino, los jugadores eligen uno de los tres personajes para resolver una serie de desafíos. Todo esto involucra la exploración inofensiva y la resolución de pequeños acertijos sin enemigos o juegos violentos. Los personajes necesitan usar sus habilidades para localizar animales, atrapar caballitos de mar, recuperar la bola perdida de un león marino, nadar a través de anillos y localizar glifos. Después de completar las tareas principales, se debe ubicar un glifo grande para finalizar el nivel. Los personajes se pueden cambiar en cualquier momento durante el juego, pero todos tienen las mismas habilidades. Un botón se usa para enviar un pulso de sónar para localizar elementos mientras que otro impulsa al animal. La mayoría de los niveles toman menos de un minuto en completarse y hay dieciocho niveles en total.
Ecco the Dolphin (USA, Europe, Korea) (En)	Viaja en el tiempo junto con Ecco the Dolphin, en el único juego que podría llamarse &quot;simulador de delfines&quot;. De hecho, puedes hacer prácticamente todo lo que hace un delfín típico, como comer pescado, salir a la superficie para respirar, usar tu sónar biológico y, por supuesto, saltar del agua para sorprender a tus amigos. La historia es en realidad más profunda de lo que uno puede pensar mirando la ilustración de la caja. Como Ecco, eres el único delfín que logró escapar de un remolino gigante que absorbió todo tu ecosistema. Las cinco estrellas brillantes en su frente muestran que usted es el elegido para salvarlo. Pero esa tarea no será fácil, ya que tendrás que viajar a través del tiempo y el espacio con la máquina del tiempo atlante, y conocer a la Asterita mística para vencer a la Reina Vortex.
El.Viento (World) (Evercade)	En la Nueva York de 1930, un culto oscuro planea la resurrección de su maestro, el Príncipe Oscuro Hastur, con el fin de controlar todo Nueva York y el mundo. La mafia está de su lado en esto, financiando sus oscuros proyectos y rituales necesarios para llevar a su amo oscuro a su mundo. El único que puede detenerlos es una joven llamada Annet ... nacida del linaje maldito de Hastur, pero en contra de sus planes. Su única arma: un boomerang místico conocido como El Viento... Como Annet, lucharás contra la mafia, navegarás por alcantarillas, cuevas y edificios, y recogerás elementos de bonificación en el camino.
Elemental Master (USA)	El juego Elemental Master es similar a un shooter espacial de arriba hacia abajo (es decir, Raptor y Raiden), pero lo que lo hace único es el hecho de que juegas como humano en lugar de como nave espacial. Hay diferentes tipos de armas que puedes usar. Al igual que otros juegos en el género, también tienes toneladas de enemigos extraños para destruir.
Eliminate Down (World) (Retro-Bit)	Eliminate Down es un shooter de desplazamiento horizontal similar en estilo a Thunder Force. El jugador tiene varias armas que se pueden cambiar libremente (tiro hacia adelante, tiro hacia atrás y misil), y también puede cambiar la velocidad de la nave. Los enemigos vienen de todas las direcciones, y ciertas olas arrojarán mejoras, como escudos y mejoras de armas. El jugador necesita recoger cinco mejoras para mejorar su armamento, pero la actualización afecta a las tres armas. El juego incluye ocho etapas, la mayoría de las cuales incluyen un midboss y un boss al final, y tres configuraciones de dificultad. También hay un minijuego similar a Whack-a-Mole donde hay una grilla de iconos de naves, y el jugador debe golpear los naves que giran.
Elitserien 95 (Sweden)	NHL '95 fue el tercer juego de hockey sobre hielo con licencia de EA Sports, que promete la acción más rápida de la serie hasta la fecha. La acción se ve de arriba hacia abajo y se puede jugar con o sin penalizaciones realistas. Hay un modo de temporada completa, que le permite guiar a un equipo a lo largo de los 84 partidos, con la opción de lesiones que potencialmente excluyen a los jugadores de una secuencia de partidos. Usted tiene control total sobre el comercio y la creación de jugadores para su escuadrón. Los nuevos movimientos en el juego incluyen disparos simulados y bloqueos.
Elitserien 96 (Sweden)	NHL 96 fue el primer juego de EA Sports en contar con la tecnología Virtual Stadium, que resultó en una sensación tridimensional y múltiples ángulos de cámara. La licencia NHL asegura que se incluyan equipos reales y jugadores de la época, con un sistema completo de ligas y playoffs. Se pueden alternar muchas opciones de juego: la infame lucha es una opción, al igual que las penalizaciones y los offsides. El sistema de control hace posible ejecutar pases de un solo toque y varios movimientos de truco especiales para avanzar rápidamente la pelota. Como característica de bonificación, incluía los perfiles de 'Tarjeta de Hockey' de cada jugador en CD y entrevistas con las estrellas del juego.
ESPN Baseball Tonight (USA)	ESPN Baseball Tonight es un juego de béisbol con modos de exhibición y de playoffs. Otros modos incluidos son ambos modos de práctica (ambos pitcheo y bateo) y Home Run Derby. El juego contiene 28 equipos reales de la MLB pero no jugadores reales. Las opciones de juego incluyen poder activar o desactivar errores y activar o desactivar fielding. El juego tiene el punto de vista detrás del bateador, ya sea lanzando o bateando. Una cosa a tener en cuenta cuando se filtre, el jugador debe lanzar la pelota manualmente al lanzador para que el juego continúe. La versión de Sega CD es una actualización que incluye la opción de una temporada de 162 juegos y tiene más de 10 minutos de videos destacados.
ESPN National Hockey Night (USA)	ESPN National Hockey Night fue uno de los muchos juegos de hockey que se lanzaron en el día. Este presentó todos los equipos de NHL para su tiempo, pero carecía de una licencia oficial de jugadores. Tenía cuatro modos de juego para elegir: Exposición, Desafío, Playoff y Temporada. El juego también cuenta con una perspectiva horizontal y vertical del hielo, una batería de respaldo para guardar el progreso y también presentó la voz de Bill Clement para los comentarios de las jugadas.
ESPN Speed World (USA)	ESPN Speed ??World es un juego de carreras genérico que se hace para parecerse a NASCAR. Al jugador se le da un auto stock y puede ajustar el auto desde, el ángulo del spoiler, el ajuste de los golpes y hasta la presión de los neumáticos. Hay tres tipos diferentes de carreras para competir en: Super Speedway, Short Track y Road Courses con 5 pistas diferentes para cada una. Los jugadores pueden optar por competir contra la computadora que tiene los 23 otros stock cars en la pista a la vez o jugar cara a cara en una pantalla dividida contra un amigo. También presentó física de conducción realista. Si bien no tenía una licencia de NASCAR, sí tenía a ESPN que transmitía las carreras y tenía al analista de NASCAR, el Dr. Jerry Punch, quien prestó su voz al juego para el comentario en color.
ESPN Sunday Night NFL (USA)	ESPN Sunday Night NFL fue uno de los muchos juegos de fútbol que se lanzaron en el día. Cuenta con los 28 equipos oficiales de la NFL y sus respectivos logotipos, pero no cuenta con una licencia de la NFLPA, por lo que no hay nombres de jugadores reales en el juego. Hay cuatro modos de juego diferentes para elegir: Playoffs, Single Game, Season y otro modo de temporada que le permite al jugador representar el calendario de la temporada 1994 de la NFL. También tenía condiciones climáticas variables a las que reaccionarían los jugadores en el campo y una batería de respaldo para guardar los juegos. También presentó a Chris Berman, quien no solo adorna la portada, sino que también da comentarios.
Eternal Champions (USA)	Desde varios períodos de tiempo del pasado, presente y futuro, nueve luchadores asesinados de manera injusta se encuentran con una segunda oportunidad de vida. Un ser extraterrestre, conocido solo como el Campeón Eterno, trae a los luchadores a una competencia por una razón: encontrar uno entre ellos digno de ser resucitado, dándoles la oportunidad de evitar su muerte e inclinar la balanza entre el bien y el mal. Los combatientes varían desde diferentes épocas de la historia de la Tierra: Larcen, el ladrón de gatos. Jetta, el acróbata del circo. Blade, el cazarrecompensas futurista. Midknight, el bioquímico vampírico. Rax, el cyborg. Shadow, el asesino corporativo.
European Club Soccer (Europe)	European Club Soccer llega a Sega Mega Drive y con ella el entusiasmo del Gran Partido en el deporte favorito de Europa. Juega con más de 170 equipos de todo el mundo y compite por la Super Copa, ¡el premio más importante y exclusivo de European Club Soccer!
Evander Holyfield's 'Real Deal' Boxing (World)	El boxeo &quot;Real Deal&quot; de Evander Holyfield es una simulación de boxeo. Holyfield es el único boxeador con licencia, el resto son ficticios. En lugar de un enfoque fantasioso como Punch-Out de Mike Tyson, los desarrolladores optaron por un simulador más estratégico. El juego se juega desde una vista lateral pseudo-3D moviéndose alrededor del asa del anillo desplazándose por el fondo y moviendo las cuerdas. Una cámara de arriba abajo se muestra en la parte superior de la pantalla. Los jugadores pueden jugar un partido de exhibición rápido o pelear en el modo Carrera, utilizando un boxeador creado para abrirse camino en la lista de los 30 boxeadores hasta que peleen con Holyfield. Durante la creación del personaje, los jugadores pueden elegir el color de la piel, los shorts y el cabello del peleador, el corte de pelo, la mano dominante y el énfasis en las estadísticas. Entre los partidos, el modo carrera ofrece varios ejercicios para asignar al boxeador para mejorar sus estadísticas.
Ex-Mutants (USA, Europe)	En el juego debes detener al mutante Lord Sluggo. Usted y sus cinco camaradas no son mutantes, como todos en la Tierra se han convertido y usted sabe cómo recrear la raza humana después de la guerra nuclear. Tienes que adquirir seis muestras genéticamente puras. Todo lo que necesitas es salvar a tus camaradas de Sluggo, cortando con tu hacha de batalla a través de 11 niveles de un páramo que se autodenomina Sluggtown.
Exile (World) (Evercade)	Exile se refiere a las aventuras en el desierto de Sadler, el gran héroe cuya rebelión años antes condujo a la caída de un poderoso imperio. Recientemente, sin embargo, se rompió la paz en el país de origen de Sadler, ya que el imperio rival de Luciel ha estado lanzando ataques contra el Village of Dunes. Exile es un juego híbrido de acción / rol. Los viajes y las exploraciones tienen lugar en la tradicional visión aérea de los juegos de rol, mientras que las batallas y las mazmorras son laberintos de desplazamiento lateral, similares a los de Wanderers of Ys. Los personajes ganan experiencia y niveles, compran equipamiento y usan magia.
Exo Squad (USA)	Basado en la serie de televisión animada estadounidense del mismo nombre que se emitió entre 1993 y 1994, este juego coloca al jugador en los mecha-like Exo-Frames of three pilots: el teniente J.T. Marsh, Sgt. Rita Torres y Wolf Bronksy. Los niveles de cada piloto tienen una mecánica distinta, que va desde After Burner detrás de la acción de lucha en el hombro, hasta plataformas y jugabilidad de desplazamiento lateral.
F-117 Night Storm (USA, Europe)	Este juego permite al jugador tomar el control de un F-117A Stealth Fighter. El juego se divide en modo arcade o campaña. En el modo arcade, el jugador puede decidir el número de unidades aéreas y terrestres enemigas, el entorno, la duración de la misión y el nivel de dificultad. Este modo permite al jugador perfeccionar sus habilidades para prepararse para el modo de campaña. El modo Campaña es la parte principal del juego y contiene 30 misiones. El juego incluye nueve teatros de combate, como misiones de entrenamiento en el desierto de Nevada, el conflicto en Panamá y también la Guerra del Golfo. Cada misión tiene un objeto primario que debe destruirse para avanzar a la próxima misión.
F-15 Strike Eagle II (USA)	El segundo de la serie presenta campañas en Libia, el Golfo Pérsico, Medio Oriente y Vietnam, lo que representa un total de 250,000 millas de potencial acción y peligro. Los objetivos primarios y secundarios aéreos y terrestres se deben destruir en cada uno de estos. Está armado con un cañón, un misil aire-aire AMRAAM de largo alcance, un misil Sidewinder de corto alcance aire-aire y el misil aire-tierra Maverick. Existen 11 ángulos de cámara que incluyen vistas internas y externas del avión. Para ayudar a los jugadores nuevos, hay un modo de entrenamiento, con opciones para desactivar bloqueos y automatizar el despegue y el aterrizaje. La IA Enemiga responde, pero una computadora de focalización te ayuda a eliminarlos antes de que ellos te lo puedan hacer a ti. El juego incorpora dos &quot;modos de director&quot; que se alejan de la cabina para resaltar eventos especiales que ocurren en otras partes del mundo del juego, como cazas de lanzamiento de bases enemigas, sitios SAM que lanzan SAM y sus misiles que alcanzan el objetivo.
F-22 Interceptor - Advanced Tactical Fighter (USA, Europe) (F-202)	Esta simulación te pone en la cabina del F-22. Puedes elegir entre 3 escenarios de dificultad y misiones de ataque aéreo en 4 teatros de guerra (Estados Unidos, Irak, Corea y Rusia) con dificultad creciente. También puedes desafiar a los ases de cada teatro y diseñar misiones personalizadas. Para completar una misión, por lo general debes destruir los objetivos terrestres y aéreos, incluidos varios tipos de MiG, helicópteros y tanques, además de las estructuras de tierra. Use armas realistas como misiles Sidewinder y Maverick.
F1 - World Championship Edition (Europe)	Un juego de Fórmula 1 con equipos y pilotos reales de la temporada de 1994. Incluyendo Benetton, Ferrari, Williams, Jordan, Lotus, Minardi, Tyrrell y McLaren. También hay 16 circuitos incluyendo el Gran Premio de Mónaco, para que pueda competir de verdad contra el poder de Schumacher & Hill.
F1 Circus MD (Japan)	F1 Circus '91 es un juego de simulación de carreras de Fórmula 1. La serie aún no tenía una licencia oficial, por lo que al igual que el primer juego, solo presenta nombres genéricos de equipo y de controlador. El juego en sí se juega con la vista de carrera aérea y se centra en la sintonía y el daño del automóvil. El modo Campeonato Mundial, por supuesto, ha regresado, aunque el modo de constructores gerenciales ya no está presente. También hay un modo de Ataque Libre, donde cualquier curso puede practicarse libremente; un modo de Entrenamiento, donde se pueden tomar cursos de entrenamiento especiales para aprender los pormenores del juego; y un modo de vigilancia, donde el jugador puede elegir un curso y ver una carrera de demostración.
Faery Tale Adventure, The (USA, Europe)	Asumes el papel de tres hermanos vagando por la tierra mágica de Holm. El juego presenta una interacción en tiempo real que recuerda a Ultima 7. Un mundo extremadamente grande, promocionado en su momento como el mundo de juegos más grande jamás creado, con aproximadamente 17,000 pantallas de computador por valor de terreno.
Family Feud (USA)	The Family Feud es la adaptación en Megadrive del programa de televisión del mismo nombre. El juego es entre dos familias cuyos miembros deben a su vez responder preguntas que se le han preguntado previamente a un panel de personas. El objetivo es dar respuestas más frecuentes que las dadas por el panel. Para esto, el jugador debe ingresar sus respuestas ingresando los caracteres en un tiempo limitado.
Fantasia (USA, Europe)	Fantasia tiene lugar en el mundo de los sueños de Mickey Mouse como Aprendiz de brujo. Mickey debe encontrar las notas musicales que faltan esparcidas en cuatro mundos imaginarios. The Water World, Earth World, Air World y Fire World, estos están llenos de criaturas mágicas como marchas de escobas, setas saltarinas, cactus saltarines, caballos voladores, hipopótamos bailarines y muchos más. La música en los mundos es directamente de la película, incluyendo piezas de Bach, Mussorgsky, Beethoven, Tchaikovsky, Stravinsky, Dukas y Ponchielli. Mickey debe recoger objetos especiales para mantener su fuerza y ??ganar puntos de bonificación. Los libros de hechizos, las estrellas, las bolas de cristal, las pociones y los huevos de dinosaurios lo ayudan a lo largo del camino. Los enemigos se despachan al rebotar sobre ellos o lanzar hechizos pequeños o grandes. Si Mickey encuentra una puerta de madera, lo conducen a un área extra donde puede recoger muchos objetos mágicos. Al final de cada nivel, Mickey lleva las notas que encontró al director de la orquesta que lo enviarán de vuelta al mundo para seguir buscando si no ha encontrado suficientes o ganado suficientes puntos.
Fantastic Dizzy (USA, Europe) (En,Fr,De,Es,It)	El malvado mago Zaks ha hechizado a los pacíficos Yolkfolk, y mientras muchos cayeron bajo su hechizo, otros tienen otros problemas con los que lidiar, incluido Dizzy, que vio a su novia Daisy secuestrada y tomada como rehén por Zaks, le toca a él restaurar a los Yolkfolk a la normalidad y rescatar a Daisy de la parte superior de la torre del Cloud Castle. El juego de aventuras más técnico técnicamente avanzado de Dizzy en muchos aspectos, fue el único que presentó un desplazamiento real en lugar de un sistema de pantalla plana, el único que no se lanzó para las computadoras de 8 bits en las que se originó el personaje. El juego implica caminar con Dizzy a través de los niveles, recogiendo objetos y usándolos para resolver acertijos simples. También hay muchas pruebas de habilidad arcade en el camino, ya que se deben saltar las brechas y evitar los malos - comenzando con un número limitado de vidas, el jugador puede ganar más completando el rompecabezas de Theodore. Antes de rescatar a Daisy, el jugador debe capturar todas las estrellas que desbloquean las puertas de la torre.
Fantasy Pinball (Brazil) (Mega Drive 4)	Juego de pinball. El juego no se vendió en medios físicos, sino que se lanzó sólo en la memoria de algunos modelos de la consola Mega Drive vendidos en Brasil, como el Sega TecToy Super Mega Drive 3 con 71 juegos en la memoria. Juego lanzado exclusivamente en el Mega Drive.
Fantasy Zone (World) (Mega Drive Mini 2, Genesis Mini 2)	Super Fantasy Zone es un juego de disparos de desplazamiento lateral desarrollado y publicado por Sunsoft para Sega Mega Drive. Se lanzó en Japón el 14 de enero de 1992 y posteriormente en Europa en 1993. El juego es parte de la serie Fantasy Zone de Sega y sigue las aventuras de Opa-Opa, una nave espacial sensible con alas, que debe derrotar a Dark Menon. La jugabilidad es similar a Defender, donde la pantalla se desplaza en la dirección en la que se mueve Opa-Opa. El jugador debe destruir los generadores enemigos y recolectar monedas de oro para comprar potenciadores temporales que mejoren las capacidades ofensivas y la velocidad de Opa-Opa2. El juego fue bien recibido por su desafío, colores brillantes y banda sonora, aunque algunos críticos encontraron la dificultad demasiado alta.
Fastest 1 (Japan) (En)	Fastest 1 es un juego de carreras de Fórmula Uno. El juego no tiene una licencia oficial de la FIA, pero al igual que la serie Human's Fire Pro Wrestling, incluye una serie de pilotos de ficción reconocidos, como Ayrton Sesna y Satoru Inakajima. El juego incluye un modo de campeonato mundial, donde el jugador debe comenzar desde los rankings más bajos y ganar carreras para convertirse en el campeón del mundo de F1. También hay un modo de batalla donde uno o dos jugadores pueden competir entre sí o contra oponentes de la computadora, así como un modo de prueba de ejecución donde el jugador puede aprender cada curso e intentar establecer los registros del curso. Hay un total de 16 recorridos diferentes, que se pueden jugar en condiciones secas, húmedas o medio húmedas, así como una amplia variedad de configuraciones de vehículos que se pueden ajustar.
Fatal Fury (USA)	Southtown City acoge el torneo King of Fighters. Andy y Terry Bogard participan en el torneo porque ganar el torneo es la única forma en que pueden derrotar a Geese Howard. Geese Howard controla Southtown City y mató a su padre hace varios años. También participa Joe Higashi, un kickboxer japonés. ¡Selecciona Joe, Andy o Terry, visita varios lugares en Southtown City y gana ese torneo! Fatal Fury es un juego de lucha 2D y es el primer juego de una serie de juegos de lucha uno vs. uno de SNK. Es una conversión del juego arcade Fatal Fury original. Este primer juego aún no cuenta con el modo pseudo 3D característico de la serie (que le permite moverse entre el primer plano y el fondo mientras pelea). Incluye un modo para dos jugadores vs.
Fatal Fury 2 (USA, Korea) (En)	De nuevo, ¡los Lone Wolves regresan! Geese Howard pudo haber sido derrotado, pero eso no significa que todo sea pacífico. Un nuevo oponente, Wolfgang Krauser, ha venido para comenzar un nuevo torneo de Fatal Fury. Los Lone Wolves regresan, con nuevas caras entre ellos. Sin embargo, solo uno puede ser declarado ganador.
Fatal Labyrinth (USA, Europe) (En,Ja)	Dragonia, el castillo de la perdición, ha llegado al mundo y sus secuaces han robado el Santo Cáliz. Sin eso, el mundo estará en la oscuridad para siempre. Juegas como Trykaar, quien debe ingresar al castillo y atravesar sus treinta niveles para recuperar el Cáliz Sagrado. No hay otra historia; sus mazmorras se generan aleatoriamente cada vez que juegas, como los juegos tipo Rogue que se originaron en la PC.
Fatal Rewind (USA, Europe)	Este es un juego de plataformas vertical con envoltura horizontal. Para el entretenimiento de las masas futuristas, juegas con un criminal que ha sido insertado en un cuerpo mecánico con la promesa de que si logras sobrevivir en todos los niveles (hay muchos y son difíciles), serás liberado. Comienzas cada nivel en la parte inferior, cerca del líquido acumulado que pronto se elevará, a tu riesgo inmediato. Navegue desde la parte inferior hasta la salida en la parte superior antes de que el líquido suba y lo mate. Hay muchos otros enemigos que vuelan, te causan daño y básicamente te molestan. La mayoría de los niveles deben navegarse a través de una serie de puertas o portales con llaves. Estas llaves se encuentran dispersas por el mapa y deben ser recogidas y utilizadas solo en las puertas que coinciden individualmente.
Ferias Frustradas do Pica Pau (Brazil)	Al final de año, las pruebas terminaron, las clases también. El clima era perfecto para un gran y divertido viaje de vacaciones. Las cosas ya estaban todas en las maletas: la televisión, el sonido, las comidas... Toda la clase estaba lista para lo que parecía ser un largo, sin embargo, placentero viaje a las montañas. En el medio del recorrido, una parada para una fotografía de recuerdo: que pésima idea. Después del &quot;click&quot; y del &quot;flash&quot; de la cámara, todos habían desaparecido, dejando a Pica Pau desesperado con la desaparición de sus colegas. Esto sólo podría ser más un truco sucio de Zeca Urubu. Ayuda al personaje más travieso e irónico de la historia de la televisión. Con una diferencia, ahora es usted quien dará las bicadas. Pa-Pau puede saltar, correr apretando dos veces hacia adelante y brincar (hacia arriba, abajo, hacia la izquierda o hacia la derecha dependiendo de dónde usted está y que dirección es apretada) para derrotar a los enemigos que se pueden combinar con el botón de salto si el jugador está fuera de alcance. Hay elementos para ayudar durante la aventura, como un cohete para guiarle, un cuerno para despertar a Leoncio y un pincel.
Ferrari Grand Prix Challenge (USA)	Después del Gran Premio de F1 Nakajima Satoru, Varie produjo otra simulación de carreras usando la licencia. Esta vez, la carrera es desde una vista en primera persona, imitando al Grand Prix de Súper Mónaco. La configuración del automóvil puede modificarse antes de llevarlo a la pista. Hay un modo de Time Attack, que te permite ir lo más rápido posible en cualquiera de los 20 circuitos del juego (que incluyen las 16 pistas de la temporada de Fórmula 1 de 1992), así como un modo de temporada completa, con calificación y la carrera en sí misma. El clima se puede personalizar en el modo Time Attack, pero se elige al azar en el modo Grand Prix, mientras que solo se puede elegir uno de los equipos D-level (los 4 más débiles de los 16) en modo Grand Prix, pero puede conducir para McLaren, Williams en el Time Attack.
Fica 1 (Brazil) (Mega Drive 4)	Fica 1 es un juego de rompecabezas para un solo jugador en el que el objetivo es dejar solo una pieza en el tablero compuesto por 32 piezas y un espacio vacío inicial en el centro. Las piezas se eliminan saltando sobre ellas hacia una casilla vacía, siempre en línea recta y sin movimientos diagonales. El jugador selecciona y mueve las piezas con los botones A, B o C del control. El juego termina cuando no quedan movimientos posibles. Este título fue exclusivo de la consola Mega Drive, lanzado únicamente en Brasil como parte de la memoria interna de modelos como el Sega TecToy Super Mega Drive 3 con 71 juegos, y posteriormente incluido en consolas AtGames distribuidas internacionalmente.
Fido Dido (USA) (Proto)	Fido Dido es un juego de plataforma de Megadrive. El jugador Fido viaja a través de mundos dibujados por el autor. Cada nivel tiene sus propios objetivos y sus propios objetos con los que el jugador debe hacer el mejor uso para deshacerse de los enemigos y obstáculos que se interponen en su camino.
FIFA 98 - Road to World Cup (Europe) (En,Fr,Es,It,Sv)	La edición de finales de 1997 de la FIFA estaba estrechamente relacionada con el procedimiento de clasificación para el Mundial de 1998. En el modo Camino a la Copa del Mundo, llevas a un equipo desde la primera calificación hasta el torneo principal, usando los diferentes sistemas en diferentes partes del mundo. El juego presenta 16 estadios al aire libre distintos. El juego de la Liga presenta 189 clubes y 11 ligas. Cada equipo tiene cantos de público específicos incorporados en el sonido ambiental. La acción es más rápida que en versiones anteriores, y AI se ha expandido. Los jugadores tienen distintos rasgos faciales y estilos de cabello. Cada partido es presentado por Des Lynam y comentado por John Motson y el ex internacional escocés Andy Gray.
FIFA International Soccer (USA, Europe) (En,Fr,De,Es)	El juego que comenzó la serie más vendida autorizada por el organismo mundial de fútbol, ??esta primera entrega de la serie de larga duración utilizó un punto de vista dimetrico (coloquialmente conocido como &quot;isométrico&quot;), anteriormente inusual en los juegos de fútbol pero rápidamente imitado por varios títulos. La presentación televisiva, uno de los puntos únicos de los primeros títulos de EA Sports, con los anfitriones presentando los partidos, fue otra cosa que hizo que el juego se destacara en un mercado dominado por los juegos Sensible Soccer y Kick Off. Basado en equipos internacionales (con nombres de jugadores de ficción), sus habilidades en cada área de habilidad se calificaron en 10 para darle al jugador una impresión general de lo buenos que son. Las opciones disponibles siguen el conjunto estándar: las faltas y los offsides se pueden activar y desactivar, la duración del partido se puede establecer, y si el temporizador funciona continuamente, o solo mientras la pelota está en juego. El modo de juego privilegia las carreras rápidas, los pases cortos y los tiros ampollosos fuera del área de penalización, y las piezas establecidas se controlan moviendo una caja al área objetivo de la pelota, y luego pasan, lanzan o patean directamente. En el lado táctico, las formaciones pueden seleccionarse, con 5 estrategias diferentes también disponibles (aunque no todas estas combinaciones tienen sentido) como puede cubrirse el equipo: las áreas que cubren los defensores, mediocampistas y delanteros.
FIFA Soccer 95 (USA, Europe) (En,Fr,De,Es)	Después de que el primer juego resultó ser un éxito mundial, EA desarrolló esta secuela exclusivamente para la consola de 16 bits de Sega. El mayor cambio de FIFA International Soccer son, obviamente, las decenas de equipos de clubes de Inglaterra, Francia, Alemania, Italia, Holanda, Estados Unidos, España y Brasil, llevando el número de equipos a más de 200. Esto también aumentó el número de competiciones. con cada país teniendo su propia Liga, Torneo y Playoff. También nuevo, un respaldo de batería permitió guardar hasta cuatro competiciones en el cartucho, reemplazando contraseñas. Para aquellos que quieren resolver las cosas de la manera más rápida, se agregó un modo de entrenamiento de Penalty Shootout. Aunque gráficamente el juego solo recibió cambios menores en el motor sprite isométrico, la jugabilidad incluye nuevos movimientos como volley kicks y cabezazos más detallados (ahora más efectivos), así como controles generales más receptivos que facilitan el juego aéreo, y los arqueros ahora son más inteligentes cuando persiguen los balones. Las piezas fijas también recibieron un nuevo formato, y en lugar de simplemente patear la pelota, el jugador puede elegir jugar una pieza predefinida.
FIFA Soccer 96 (USA, Europe) (En,Fr,De,Es,It,Sv)	&quot;Con el objetivo de ser la primera simulación de fútbol realista en el verdadero sentido de la palabra, FIFA Soccer 96 fue extremadamente popular en el momento del lanzamiento. Fue aclamado como el primer lanzamiento realmente exitoso de la FIFA, y abrió el camino para revisiones anuales de el concepto. Hubo una serie de factores que hicieron que FIFA 96 se destacara entre la multitud de otros simuladores de fútbol. En primer lugar, el comentario del juego fue revolucionario en ese momento: el famoso comentarista británico John Motson comenta todos los incidentes y sucesos en el terreno de juego en tiempo real. El comentario ambiental es variado, y los sistemas con más que el nivel de memoria mínimo obtienen frases de comentarios adicionales. La tecnología Virtual Stadium tiene numerosos ángulos de cámara predefinidos. FIFA 96 cuenta con once ligas de todo el mundo, que van desde los jugadores desconocidos de la liga de Malasia a las famosas estrellas de las ligas inglesa e italiana. También se presentan 59 equipos internacionales, y es posible unir los equipos que desea entre sí a través de amistosos, o también puede optar por jugar torneos nacionales o internacionales como la Copa del Mundo. Si no está satisfecho con la composición de los diferentes equipos, puede crear su propio equipo de ensueño a través del creador del equipo personalizado.
FIFA Soccer 97 (USA, Europe) (En,Fr,De,Es,It,Sv)	Esta iteración del linaje de FIFA incluye comentarios de John Motson con resúmenes de Andy Gray, con las secciones entre partidos cubiertas por Des Lynam. Todos los movimientos del jugador son de David Ginola usando la tecnología MotionBlending. Se incluyen repeticiones interactivas completas. Puedes jugar un torneo de liga o copa y practicar tus habilidades antes de jugar. El juego se puede adaptar a la acción o al estilo de simulación, con faltas, lesiones y offsides disponibles para activar o desactivar. Esta versión también incluye un modo de juego interior 6 vs 6, y varias opciones para varios jugadores
Fighting Masters (USA)	Un sol rojo gigante está a punto de convertirse en supernova en unas pocas horas y la explosión afectará a muchos sistemas estelares en la galaxia. Una raza omnipotente conocida como Primarias ofrece salvar a los habitantes de uno de los sistemas de doce estrellas. Cada sistema estelar envía un guerrero para competir en un torneo para preservar su sistema estelar. Fighting Masters es uno de los primeros juegos de lucha uno a uno con controles limitados. Hay tres botones disponibles en el juego: bloquear, atacar y saltar. El D-pad no se puede usar para saltar directamente. En cambio, el jugador tiene que caminar en cierta dirección y luego presionar la tecla de salto para realizarlo. Aunque no hay combos disponibles, la tecla de ataque ofrece diferentes movimientos y también hay algunos movimientos especiales disponibles. La mayoría de los combates conducen a retenes desde los que se puede infligir un daño masivo al tirar al oponente o tirarlo contra la pared. Doce luchadores diferentes estan disponibles. Además de los movimientos, algunos también son más rápidos o vienen con ataques más poderosos. Los modos de juego incluyen partidos para uno o dos jugadores y un modo de vigilancia para ver una pelea entre computadora y computadora.
Final Zone (World) (Evercade)	Son 100 años en el futuro. Las armas nucleares, misiles y otras armas de destrucción masiva están prohibidas, pero una nueva pieza de hardware militar está a punto de dar forma al futuro. La N.A.P. (New Age Power-Suit), es la arma más nueva, un tanque mecánico, capaz de destruir cualquier cosa a su paso. Juegas como soldado de la unidad &quot;Undead&quot; de El Shiria Military llamada Howie Bowie (no es broma) ya que estás a punto de ir a una misión urgente para destruir a tus enemigos, The Bloody Axis, antes de que puedan atacar a tu nación. Con el nuevo N.A.P., el fantasma K-19, se te envía a destruirlos antes de que sea demasiado tarde. Puede equipar su N.A.P. con hasta 14 armas diferentes, incluyendo lanzallamas y minas terrestres, y tiene siete etapas, luchando en las calles, en los desiertos y hasta el cuartel general del Eje y, finalmente, en una batalla de meca a meca con el enemigo.
Fire Mustang (Japan)	Fire Mustang es un tirador de desplazamiento lateral rápido establecido durante la Segunda Guerra Mundial. El jugador controla un avión P-51D Mustang a través de diferentes misiones, con muchos enemigos en la pantalla al mismo tiempo y un avión grande como jefe al final de cada misión. El Mustang tiene una cantidad ilimitada de balas, pero un golpe es suficiente para perder una vida. Hay diferentes poderes para recolectar, proporcionando potencia de fuego adicional y nuevos patrones de disparo. Independientemente de los poderes, el Mustang se lanza hacia adelante y arroja bombas al suelo al mismo tiempo, apuntando a las tropas de tierra. Hay una cantidad limitada de forgers, grandes explosiones que dañan a muchos enemigos a la vez.
Fire Shark (World) (Retro-Bit)	Fire Shark es un shooter aéreo vertical con diez niveles donde pilotas un biplano modificado con láseres y bombas. Enfrentas oleadas de enemigos terrestres, aéreos y marítimos, recoges potenciadores y mejoras de armas, y recibes bonificaciones entre misiones mientras avanzas por una isla del Pacífico Sur.
Flash Point (Japan) (En) (Proto)	Flash Point es un juego de acertijos arcade de Sega basado en Tetris. El jugador recibe un rompecabezas de Tetris prediseñado, cuyo objetivo es borrar de la pantalla un conjunto de bloques especificados y resaltados. El juego termina si los bloques del jugador llegan a la parte superior de la pantalla, de forma similar a las reglas tradicionales de Tetris. Más tarde fue relanzado en Sega Ages 2500 Series Vol.28: Tetris Collection en su forma original. También se incluye en esta colección una versión de Sega Mega Drive inédita de Flash Pointâ cuyo ROM ha sido copiado y circula hoy en Internet. Se desconoce si Flash Point sufrió un destino similar al Tetris de Sega.
Flashback - The Quest for Identity (USA) (En,Fr)	Planet Titan: valientes mutantes, robots, campos de antimateria y los habitantes primitivos te amenazan a medida que atraviesas la jungla. New Washington: primero recupere su memoria, luego vaya de incógnito para ganar dinero. Finalmente, compre una identificación falsa si quiere volver a la Tierra. Torre de la muerte: sube a los 8 pisos del laberinto de la Torre de la Muerte. Evite a los Replicantes mortales y gane un boleto gratis a la Tierra. Tierra: ¡Gran problema! Las autoridades han descubierto tu identidad falsa y envían policías robot para capturarte. Paradise Club: Descubriste los planes de los alienígenas, pero de alguna manera terminaron siendo capturados y misteriosamente transportados a través del espacio. Planet Morphs: Te materializaste en su planeta de origen. ¡Ahora todo lo que tienes que hacer es destruir a los Morphs y vivir para contarlo!
Flicky (USA, Europe)	Las plumas realmente comienzan a volar cuando Flicky the Bluebird se encuentra con Tiger, el gato traicionero, e Iggy, la lagartija instigadora en este alocado arcade de acción y diversión. Mira, es así: Tiger e Iggy están tratando de atrapar a los Chirps locos. Tiger e Iggy no se detendrán ante nada. Así que salta sobre ellos. O arroja algo útil a ellos: una taza de té, una maceta, una manzana. Luego baraja, corre y vuela por el laberinto después de los deslumbrantes laberintos, oscuros, tontos, y miedosos, recogiendo Chirridos sobre la marcha. Conduce tantos Chirridos como puedas a la seguridad. Cuantos más chirridos rescates, mayor será tu puntaje. Y cuanto más cerca llegas a la RONDA DE BONOS donde atrapas Chirps catapultados con tu red. Así que únete a la diversión. Pero no cuentes tus polluelos antes de atraparlos ...
Flink (Europe) (En,Fr,De)	The Misadventures of Flink es un Jump'n Run ambientada en el mundo de fantasía de Imagica. El malvado hechicero Wicked Wainwright ha capturado a los cuatro ancianos y le corresponde a Flink, un aprendiz de mago, liberarlos y derrotar a Wicked Wainwright. Además de los elementos habituales de plataformas, el juego tiene una característica única: la habilidad de Flink para crear hechizos. Cada vez que el juego está en pausa, Flink puede combinar tres ingredientes para crear un hechizo. Los ingredientes se pueden recoger a lo largo del juego. Por lo general, son llevados por un cierto tipo de enemigo u ocultos en cofres del tesoro. Hay diez hechizos diferentes, las &quot;recetas&quot; que están contenidas en pergaminos que se entregan a Flink por ancianos rescatados o que se encuentran dentro de ciertos niveles. Los hechizos incluyen diferentes hechizos de ataque (por ejemplo un demonio que acompaña a Flink y ataca a sus enemigos), un hechizo de escudo, un hechizo de contracción, un hechizo de crecimiento rápido que permite que ciertas plantas crezcan para que Flink pueda alcanzar nuevas áreas de un nivel, claves mágicas que abre cofres del tesoro cerrados y más. Lanzar hechizos consume energía mágica que puede reponerse recolectando botellas mágicas o derrotando enemigos. De forma similar a los juegos de Sonic, cuando se golpea a Flink, pierde toda su energía mágica y solo tiene un tiempo limitado para recuperarla. Si lo golpean sin tener energía mágica, pierde una vida.
Flintstones, The (USA) (En-US,En-GB,Fr,De,Es,It) (Ocean) (Sega Channel)	Este es un juego de plataforma basado en la famosa serie Flintstones. El juego presenta muchos personajes originales de Flintstones, como Fred, Wilma, Barney y otros. En lugar de los personajes habituales tipo &quot;salvar a la princesa&quot; o &quot;liberar al mundo&quot;, &quot;Los Picapiedra&quot; se basa principalmente en pequeñas misiones: Fred tiene que recuperar un objeto perdido, etc. Los niveles grandes se dividen en etapas más pequeñas. Al final de cada nivel hay una batalla entre jefes. El juego consiste principalmente en saltar y golpear a los enemigos en la cabeza con un palo. La salud es medida por corazones. Durante el juego, Fred encontrará muchos objetos útiles, incluidos algunos que aumentarán su nivel de salud.
Flintstones, The (USA) (Taito)	Este es un juego de plataforma basado en la famosa serie Flintstones. El juego presenta muchos personajes originales de Flintstones, como Fred, Wilma, Barney y otros. En lugar de los personajes habituales tipo &quot;salvar a la princesa&quot; o &quot;liberar al mundo&quot;, &quot;Los Picapiedra&quot; se basa principalmente en pequeñas misiones: Fred tiene que recuperar un objeto perdido, etc. Los niveles grandes se dividen en etapas más pequeñas. Al final de cada nivel hay una batalla entre jefes. El juego consiste principalmente en saltar y golpear a los enemigos en la cabeza con un palo. La salud es medida por corazones. Durante el juego, Fred encontrará muchos objetos útiles, incluidos algunos que aumentarán su nivel de salud.
Flux (Europe) (Program)	Flux es un software visualizador de música desarrollado por EXP para Sega Mega Drive y lanzado por Virgin Interactive exclusivamente en Europa. Cuando la Mega Drive está conectada a un Sega Mega-CD, hay un CD de audio en la bandeja de CD, y este cartucho en la Mega Drive, Flux hará que el Mega CD reproduzca la música en el CD y muestre varios efectos configurables por el usuario ( el valor predeterminado es un osciloscopio de dos canales). B pausa la reproducción, omitir pistas izquierda y derecha, y Inicio muestra el panel de configuración. El cartucho funciona por dos razones: el Mega CD admite el uso de un cartucho como imagen de inicio (esto también se hizo con Wonder Library) y admite que la imagen de inicio acceda a la unidad de CD para la reproducción de audio. Kega Fusion puede emular todo esto específicamente para Flux; las instrucciones están en su archivo readme. Requiere una pequeña modificación a su archivo de configuración y un BIOS europeo de Mega CD para funcionar.
Forca Alienigena (Brazil)	Juego de disparos estilo Space Invaders. El juego no se vendió en los medios físicos, sino que se lanzó sólo en la memoria de algunos modelos de la consola Mega Drive vendidos en Brasil, como el Sega Tec Toy Super Mega Drive 3 con 71 juegos en la memoria. Juego lanzado exclusivamente en el Mega Drive.
Foreman for Real (World)	Antes de comercializar parrillas reductoras de grasa, la leyenda del boxeo George Foreman endosó este juego de boxeo con una vista en tercera persona similar a Punch Out. Se encuentra disponible una amplia gama de golpes y pinchazos, con puntuación completa por turno de los jueces. Puede elegir de 3 a 12 rondas, y hay 2 vistas de cámara, así como una opción de cambio automático. Puede jugar partidas de exhibición o torneos simples, o iniciarse en un modo de carrera. En esto, usted comienza en la parte inferior de la clasificación mundial, y debe llegar a la cima superando a los jugadores del juego, que además de George son todos boxeadores ficticios con diferentes puntos fuertes y débiles. El entrenador da consejos antes de cada pelea para ayudar a resaltar las debilidades en tu juego. Hay contraseñas para cada ronda.
Forgotten Worlds (World) (En,Ja)	Forgotten Worlds cuenta con dos personajes conocidos como The Nameless Ones, que se parecen a Arnold Schwarzenegger, y que incluso tienen un mohawk. Es su trabajo librar al planeta de los alienígenas atacantes. Guiando a tu personaje por la pantalla mientras vuelan con jet-packs, con pistolas completamente automáticas, controlas un satélite que gira alrededor de tu personaje en la dirección en que dispara tu arma. Al final de cada nivel hay un jefe que necesita ser asesinado para progresar. Los enemigos que han sido asesinados pierden dinero. Al final de cada nivel hay una tienda donde puedes comprar armas, armaduras, artículos y paquetes de primeros auxilios.
Formula One (USA)	F1 es un juego oficial de carreras de Fórmula Uno. Hay dos modos de juego disponibles: &quot;Arcade&quot;, &quot;Gran Premio&quot;. En ambos modos, completa un cierto número de vueltas (4, 8 o 12) y selecciona el circuito en el que desea competir. Los circuitos incluyen San Marino, Francia, Gran Bretaña, Alemania, Italia, Portugal, Japón y Australia. Algunos circuitos son fáciles, mientras que otros son difíciles. Hay ligeras diferencias entre los dos modos. Por ejemplo, &quot;Arcade&quot; le permite seleccionar el circuito en el orden que desee, mientras que &quot;Grand Prix&quot; solo le permite ajustar su automóvil antes de comenzar una carrera. También necesita correr un circuito en el orden en que aparecen en la pantalla de selección de circuito, pero puede omitir una pista si lo desea. F1 es un juego de 1-2 jugadores, lo que significa que si tienes otro jugador a mano, puedes competir uno contra el otro.
Frank Thomas Big Hurt Baseball (USA, Europe)	El jugador de béisbol Frank Thomas licenció uno de los primeros juegos de béisbol en usar gráficos en 3D capturados por movimiento y múltiples ángulos de cámara. 28 estadios se han renderizado en 3D, y cada uno tiene sus propias diferencias visibles y significativas. Hay 6 modos de juego distintos, lo que permite partidos de exhibición individuales, así como temporadas completas en los playoffs. También hay un modo Home Run Derby, que permite al jugador lanzar la pelota fuera del terreno para obtener puntos. Puede elegir lanzadores y bateadores, según sus estadísticas y forma. Las opciones de bolos están configuradas para definir la entrega, con bolas rápidas y curvas, así como una configuración más precisa de ritmo y altura. La alineación es opcional: lo mejor es dejar esto en la computadora al principio. Siempre se puede alterar la profundidad y el desplazamiento del campo interior y del campo abierto.
Frog Dude (Europe) (Proto)	Andy Swann, un programador de la firma lanzó una versión prototipo del juego en línea en 2014. La ROM se demostró originalmente en ECTS 1993. Se cree que se ha avanzado muy poco en Frog Dude. Aunque el prototipo es completamente jugable, consiste en un pequeño escenario lleno de manzanas pero sin enemigos u obstáculos. El jugador puede cambiar entre &quot;humano&quot; y &quot;rana&quot; con A. B, presumiblemente ataca (aunque no hay nada que atacar) y C salta. Mientras está en forma de rana, el jugador puede saltar más alto a expensas de la velocidad. B también se puede llevar a cabo, estilo Super Mario Bros. para hacer que el personaje corra, aunque el aumento de velocidad es bastante mínimo. Es imposible ganar o perder. El jugador no se ve afectado por lo que se supone que son pozos sin fondo, ni existe ninguna forma de completar el nivel. Tampoco hay sonido
Frogger (USA)	Su tarea en esta conversión arcade es guiar a una rana a través de una carretera y un río traicioneros, y a la seguridad en la parte superior de la pantalla. Ambas secciones están llenas de una variedad de riesgos, cada uno de los cuales matará a la rana y le costará una vida si se establece contacto. El camino está lleno de automóviles y camiones, a velocidades variables. El agua del río en sí es fatal, al igual que las serpientes que flotan en niveles posteriores. Frogger debe usar la disposición de troncos, tortugas (que solo están allí por un corto tiempo) y caimanes (pero quédate lejos de sus caras), y luego saltar a una de las celdas abiertas, idealmente una que contenga una mosca para puntos extra. Una vez que todos los agujeros se hayan llenado, pasará al nivel siguiente, más duro.
From TV Animation Slam Dunk - Kyougou Makkou Taiketsu! (Japan)	Hanamichi Sakuragi es un delincuente promedio en la escuela secundaria; luciendo un copete rojo brillante y siendo derribado continuamente por cada chica que se acerca, se lanza a la oportunidad de impresionar a una linda chica llamada Haruko uniéndose al equipo de baloncesto de su escuela. Si bien al principio no se sabe la diferencia entre una volcada y un tanque Sherman, poco a poco se convierte en una parte importante del equipo Shohoku High School, que lucha contra las probabilidades en el camino hacia los campeonatos regionales. Slam Dunk: ¡Kyogo Makko Taiketsu! (¡Champion Front Showdown!) Es un juego de baloncesto de cinco contra cinco basado en el anime y manga creado por Takehiko Inoue. Después de la historia, a partir de los primeros partidos de exhibición, el jugador puede tomar el control de un solo jugador o de todo el equipo Shohoku en un juego de básquet de estilo arcade. El juego usa una vista lateral para la cancha central y se acerca para tener una vista frontal cuando está cerca de la canasta. También hay un modo de exhibición para hasta cinco jugadores, donde seis equipos escolares diferentes de la serie están disponibles para jugar.
Fun 'n' Games (USA)	Fun 'N' Games es una colección de aplicaciones y minijuegos. Paint le ofrece dibujar con pinceles y fondos originales. La música te ayuda a componer música con múltiples instrumentos. En Aquashark tienes una langosta y debes encontrar la salida mientras Space Cadet es un tirador espacial. Finalmente Sliding Puzzle es un juego de burlas.
Fushigi no Umi no Nadia (Japan)	Este es uno de los varios juegos basados en la serie de animación El secreto del agua azul. La serie (y el juego) se basan libremente en las historias del famoso autor francés de ciencia ficción Jules Verne. El juego se desarrolla en 1889, un tiempo de grandes inventos y avances tecnológicos nunca antes vistos. Usted juega como Jean, un joven genio científico. En París conoce a Nadia, una intérprete de circo africana. Nadia usa un colgante que contiene poderes mágicos, y es por eso que la gárgola malvada la persigue: este colgante es solo el elemento que necesita para construir la última arma, la Torre de Babel. Jean hará cualquier cosa para proteger a Nadia, ¡y la esperanza de que su amor hacia ella, su espíritu aventurero y el poder de la ciencia eventualmente derroten a Gargoyle! A diferencia de la mayoría de las aventuras japonesas, &quot;Fushigi no Umi no Nadia&quot; es un juego de perspectiva en tercera persona de arriba hacia abajo, en el que realmente mueves a tu personaje. Nadia y otros amigos se unen a Jean en una forma de rol (aunque no hay combate en el juego, diferentes personajes tienen sus propias habilidades basadas en elementos que debes usar en ciertos puntos). No existen verdaderos acertijos en el juego, pero a menudo tendrás que usar tus ítems de inventario para que el juego progrese. ¡No confunda con otros juegos de Fushigi no Umi no Nadia (para NES, Turbo CD, etc.)!
G-LOC - Air Battle (World)	La Fuerza de Defensa Ciudadana no confía en las Naciones Unidas para mantener en paz a un mundo del siglo XXI con problemas. Confisca una horda de aviones y buques de guerra, y como leal a las Naciones Unidas, es su trabajo derribarlos. Resolver el hambre y la enfermedad puede esperar, al parecer. El juego se divide en 8 etapas, que se dividen en subetapas sobre tierra y mar, cada una de las cuales tiene un límite de tiempo estricto y un número objetivo de aviones para derribar. Se llevan a cabo desde detrás de su avión, que se puede controlar con referencia para subir o bucear, según la preferencia del jugador. Estás armado con 10 misiles y con armas estándar. El avión puede sobrevivir a algunos golpes, por lo que debe mirar el informe de daños a medida que pasa del rojo al negro. Si no completa una sección en el límite de tiempo y utiliza un continuar, la cantidad de aviones derribados anteriormente no se restablece, lo que hace que el segundo intento sea más fácil. A medida que destruyes enemigos, obtienes acceso a mejores aviones, y el rango reportado al final del juego mejora, esto también depende del nivel de habilidad con el que juegas.
Gadget Twins (USA)	Una noche, el malévolo Thump entra en el castillo del Reino de los artilugios y roba la gema del Rey del artilugio. El rey se despierta a la mañana siguiente para descubrir que su gema fue robada. El rey entonces convoca a Bop y Bump para reclamar su posesión robada a Thump. El juego consiste en volar a través de seis niveles de aire y agua: Gadget Bay, Zeppelin Attack, The Lost City, Sub Attack, The Crystal Lake y Thump's World. Aunque el juego se desplaza continuamente a lo largo de sus etapas, el jugador puede volar en todas las direcciones en la pantalla. Bop y Bump vienen equipados con un mecanismo de guante de resorte que permite al jugador golpear arriba, abajo, derecha o izquierda, que se usa para derrotar a los enemigos. Los enemigos derrotados lanzan monedas. También hay cofres desparramados por las etapas que también contienen monedas. Estas monedas se pueden gastar en una tienda donde el jugador puede comprar actualizaciones. El juego también contiene etapas extra donde el objetivo es abrir todos los cofres en un tiempo limitado.
Gaiares (World) (Evercade)	Es el año 300x. La Tierra ha sido devastada por humanos descuidados, dejando un páramo inhabitable y contaminado. Los terroristas espaciales Gulfer, planean cosechar la contaminación para hacer una especie de arma de basura. Los chicos buenos, los Leezaluth, no están contentos con eso, así que deciden que tienen que volar la Tierra antes que los Gulfer lo hagan. Le dan a la Tierra un ultimátum: destruye los Gulfer o Leezaluth destruye la Tierra. Para ayudarlos, Leezaluth le da al último héroe de la Tierra, Dan, un arma especial: el sistema TOZ. ¿Por qué los Leezaluth no detienen a Gulfer ellos mismos? No está exactamente claro. Entonces, tenemos la premisa para un shooter de desplazamiento lateral. La atracción estrella aquí es el sistema TOZ. El TOZ es un orbe que sigue a tu nave y se puede disparar a las naves enemigas para que absorban sus armas. Usando el TOZ, Dan luchará a través de 8 etapas llenas de enemigos y jefes realmente grandes.
Gain Ground (USA)	Gain Ground es un juego de acción estilo arcade con un poco de estrategia. El objetivo es llevar a todos los soldados al lado opuesto de la pantalla o matar a todos los enemigos. Cada soldado en el ejército tiene una especialización única, de entre 20 tipos. Cada soldado puede atacar de dos maneras diferentes, usando un arma normal o un arma especial. La estrategia viene de decidir qué soldado haría mejor en qué situación. Algunas armas son mejores para tratar con ciertos enemigos y obstáculos que otras armas. Los jugadores comienzan con solo tres soldados pero pueden encontrar otros soldados que pueden ser rescatados, tocándolos. Si el nuevo soldado sobrevive el tiempo suficiente para llegar a la salida, se puede agregar al inventario de soldados. El número de posibles soldados en el ejército de un jugador es más de 30 soldados. Hay 50 etapas en total, divididas en rondas de 10. Al final de cada ronda, los jugadores se encuentran con un jefe enemigo.
Galaxy Force II (Japan) (En)	Estás atado a una nave espacial para asumir cinco escenarios peligrosos, que van desde un jardín agradable hasta fuego hostil y hielo duro. Tendrás que volar libremente antes de atravesar túneles y cañones, y finalmente destruir una base alienígena. Su lectura de energía comienza a las 1200 y disminuye a medida que los disparos lo golpean, o hace contacto con una pared o un bloqueo. Tienes infinitos cañones y misiles guiados para ayudarte. Puedes obtener recargas de energía y actualizaciones de energía de manera regular, disparando y luego recolectando sus módulos de soporte.
Gambler Jiko Chuushinha - Katayama Masayuki no Mahjong Doujou (Japan)	Gambler Jiko Chushinha: Katayama Masayuki no Mahjong Dojo es un juego tradicional de mahjong para 4 jugadores basado en el manga de Masayuki Katayama, uno de los muchos producidos por Game Arts a lo largo de los años. El juego ofrece tanto un modo de juego libre como un modo de historia alegre que sigue a los personajes de Katayama, un grupo de estudiantes que juegan mahjong para resolver sus diferencias. También hay un modo &quot;Mahjong Dojo&quot; que te interroga sobre aspectos del juego para ayudarte a aprender a jugar mejor.
Game no Kanzume Otokuyou (Japan) (Sega Channel)	Game no Kanzume Otokuyou es una compilación de los juegos Sega Game Toshokan lanzados para Sega Mega Drive, es una versión &quot;resumida&quot; de las colecciones Mega-CD Game no Kanzume Vol.1 y Game no Kanzume Vol.2. Fue lanzado exclusivamente a través del Canal Sega japonés en algún momento desconocido, y la ROM actual que conocemos se encontró probablemente en el disco que contiene una cierta versión del navegador web Dreamcast; esto aún no se ha confirmado. Juegos incluidos: - 16t - Flicky - Putter Golf - Hyper Marbles - Shi no Meikyuu - Medal City - Paddle Fighter - ¡Ikazuse! Koi no Doki Doki Penguin Land MD - Pyramid Magic - Robot Battler - Teddy Boy Blues - Aworg
Garfield - Caught in the Act (USA, Europe)	Como el gato perezoso de dibujos animados Garfield, de alguna manera estás atrapado en tu TV, eso es lo que pasa con por ver demasiada televisión. Ve y encuentra todas las piezas del control remoto para salir de esa caja, y revisa el refrigerador para variar. El jugador avanza a través de niveles y rondas de bonificación en su intento de escapar. A diferencia de la mayoría de los demás juegos de plataformas de su época, Garfield contaba con arte completamente único en cada uno de sus seis niveles, tanto para el arte de los azulejos como para los disfraces de personajes. Los niveles están inspirados en películas clásicas, pero con un toque de Garfield, como &quot;Catsablanca&quot; y &quot;La maldición de Cleofartra&quot;.
Garfield - The Lost Levels (USA) (Sega Channel)	Como el gato perezoso de dibujos animados Garfield, de alguna manera estás atrapado en tu TV, eso es lo que pasa con por ver demasiada televisión. Ve y encuentra todas las piezas del control remoto para salir de esa caja, y revisa el refrigerador para variar. El jugador avanza a través de niveles y rondas de bonificación en su intento de escapar. A diferencia de la mayoría de los demás juegos de plataformas de su época, Garfield contaba con arte completamente único en cada uno de sus seis niveles, tanto para el arte de los azulejos como para los disfraces de personajes. Los niveles están inspirados en películas clásicas, pero con un toque de Garfield, como &quot;Catsablanca&quot; y &quot;La maldición de Cleofartra&quot;.
Gargoyles (USA)	Gargolas esta basado en la serie TV de Disney Afternoon del mismo nombre emitida entre 1994 y 1997. En este pataformas de scroll lateral de 18 fases, los jugadores controla al lider de las gargolas, Goliath, mientras se dispone a afrontar una amenaza inminente que podria suponer el fin del mundo: una antigüa y misteriosa reliquia conocida como el Ojo de Odin. Cuando el sol se pone, Goliath despierta para viajar por el mundo a lo largo de 1,000 años para destruir este artefacto maligno, enfrentandose a enemigos que van desde vikingos, a enemigos roboticos como Raptorbots, Spiderbots, y Waspbots. Durante la aventura, Goliath podra escalar enormes edificios goticos para evitar ataques y proyectiles enemigos, atacar con sus garras enemigos en tierra y aire, o rodar para romper paredes ruinosas.
Garry Kitchen's Super Battletank - War in the Gulf (USA)	En febrero de 1991, los Estados Unidos enviaron tropas a Kuwait y lucharon en combate armado contra las fuerzas de Irak. La Operación Tormenta del Desierto incluyó muchos tipos diferentes de unidades incluyendo armadura móvil. La división de tanques M1 Abrams se despliega en una variedad de misiones para destruir los marcados objetivos iraquíes. Super Battletank: La guerra en el Golfo es una simulación de tanque de primera persona. Los jugadores se sientan en la cabina de un tanque M1 Abrams. Los controles permiten al jugador acelerar hacia delante, desacelerar, girar la trayectoria del tanque a izquierda y derecha, mover el cañón del tanque a la izquierda y la derecha, disparar el arma y comprobar el mapa. El objetivo del jugador es viajar a la ubicación de objetivos enemigos, alinearlos con el cañón de Abrams y disparar sobre ellos hasta que sean destruidos. Cada misión cubre una gran área de tierra y el jugador necesitará consultar el mapa en tiempo real para viajar apropiadamente a los lugares de destino. El tanque M1 Abrams también cuenta con 2 armas especiales: el láser que es más potente que el cañón normal, y la pantalla de humo que permite al jugador escapar.
Gauntlet IV (USA, Europe) (En,Ja)	Este port del arcade original tiene algunos modos adicionales disponibles. Elige nuevamente a Thor the Warrior, Thyra the Valkyrie, Merlin the Wizard y Questor the Elf (cada uno con sus propias ventajas / desventajas) y de 1 a 4 jugadores (compatible con el adaptador de cuatro jugadores de Sega). Junto al modo arcade estándar, están los modos Quest, Battle y Record. Modo de búsqueda: derrota a las cuatro torres y resuelve el misterio del antiguo castillo; las armas se pueden comprar con oro recolectado de los comerciantes en el área central principal, donde también se puede elegir qué torre tomar a continuación. Los puntos de experiencia son buenos para aumentar tus estadísticas. Modo batalla: lucha contra tus compañeros hasta la muerte. Los mapas pueden incluir teletransportadores / monstruos / elementos, etc. Evita las salidas (o estarás fuera de la ronda).
Gemfire (USA)	Koei hizo una incursión en el mundo de fantasía de la magia con este juego. Seis magos, cada uno atrapado dentro de una gema mágica, son liberados de la corona Gemfire por la Princesa Robyn, hija del gobernante tiránico de Ishmeria, el Rey Eselred. Huyendo a lo largo y ancho de la nación isleña, cada uno elige un líder de las más nobles casas como su campeón para derrocar a Eselred y traer la paz a Ishmeria. Los jugadores seleccionan a uno de estos nobles y buscan unir a todas las provincias bajo su bandera a través de una combinación de guerra y diplomacia.
General Chaos (USA, Europe)	General Chaos es un arcade de estrategia en tiempo real donde controlas un escuadrón de cinco soldados en batallas tácticas entre los equipos Rojo (General Havoc) y Azul (General Chaos). El objetivo es avanzar hasta capturar el cuartel general enemigo. Existen cinco tipos de soldados con armas y rangos específicos: Gunner (ametralladora, medio alcance), Launcher (cohetes, largo alcance), Chucker (granadas, atraviesan barricadas), Scorcher (lanzallamas, corto alcance) y Blaster (dinamita, combate cercano). Antes de cada batalla, eliges composiciones como Asalto, Fuerza Bruta, Comandos o Demolición.
Generations Lost (USA, Europe)	En &quot;Generations Lost&quot; tomas el papel de Monobe, un aventurero en la búsqueda del pasado de su gente. La figura de Monobe se dibuja con muchos detalles. Gracias a su armadura mágica, tiene un gran número de posibilidades de movimiento. Además de correr y saltar, Monobe puede rodar por el suelo, lanzar golpes con las manos y los pies y puede disparar bolas de energía. Con la ayuda de una cuerda de energía, Monobe puede balancearse de una plataforma a otra. La mayoría de las veces, Monobe tiene que resolver varios acertijos, encontrar interruptores secretos y sobrevivir trampas mortales. El juego se divide en seis áreas a las que puedes llegar con el teletransportador &quot;Magic Box&quot;.
Genghis Khan II - Clan of the Gray Wolf (USA)	Como en la primera parte, puedes participar en dos conquistas: la conquista mongola y la conquista mundial. En el primero debes unir a todas las pequeñas tribus del país. La conquista del mundo es más compleja: debes usar todos tus sentidos para hacer el mundo como lo desees.
Gensou Senki Kokou no Ryuu - Crying Dragon (Japan) (Proto)	Gensou Senki Kokou no Ryuu: Crying Dragon es un juego de rol de acción inédito originalmente anunciado por Sega como parte de una alineación de los primeros juegos de Mega CD de Sega entregados a Famitsu y enumerados en la edición del 28 de junio de 1991, en la página 14. Fue cancelado por razones desconocidas El 20 de noviembre de 2019, Andlabs adquirió un prototipo muy temprano del juego y posteriormente lo dejó. Como una señal de que el prototipo es muy temprano en el desarrollo, es un Sega Mega Drive en un cartucho de desarrollo estándar de Sega.
George Foreman's KO Boxing (USA)	George Foreman protagoniza esta simulación de boxeo donde los jugadores lo controlan en su camino al campeonato. Desde una perspectiva en tercera persona, se enfrentan a oponentes en combates de hasta tres rondas de tres minutos. Los jugadores pueden esquivar, bloquear y lanzar golpes izquierdos y derechos. Mantener presionada la tecla hacia arriba permite lanzar jabs, y al evitar golpes se carga un superpuñetazo más poderoso. Si un boxeador cae cuatro veces en total o tres en una sola ronda, pierde el combate. Al ser derribado, el jugador debe presionar rápidamente los botones para levantarse. Un medidor de energía se vacía con cada golpe recibido, pero se recupera entre rondas. El juego incluye un modo para dos jugadores en la mayoría de las versiones y un sistema de contraseñas para guardar el progreso. Con una jugabilidad accesible y mecánicas estratégicas, esta experiencia recrea la intensidad del boxeo profesional.
Ghostbusters (USA, Europe) (En,Ja)	Después de los eventos de la primera película, los &quot;Cazafantasmas&quot; de Sega siguen las aventuras de Peter, Ray y Egon, mientras avanzan a través de seis casos en un intento de reconstruir una misteriosa tableta de piedra. Completamente diferente al título de Activision del mismo nombre, el Génesis &quot;Cazafantasmas&quot; es un juego de plataformas de desplazamiento lateral que tiene a los niños de gris corriendo por casas, apartamentos, una casa en llamas y un edificio alto para principiantes mientras luchan contra una gran cantidad de fantasmas con sus blásteres de protones. Cuando los Cazafantasmas se enfrentan a un fantasma jefe, tienen la capacidad de atraparlos de la manera tradicional. Peter, Ray y Egon, cada uno tiene habilidades diferentes, y pueden comprar armas y mejoras de vida en las tiendas de todos los niveles. Aparecen otras caras familiares, mientras Slimer ofrece potenciadores, el Hombre de Marshmallow Stay-Puft regresa para establecer el puntaje de la película. Resuelve el misterio de la tableta y enfrentate a Jenna, la Diosa de la Muerte y la Destrucción. ¿Pueden los chicos salvar a Nueva York una vez más?
Ghouls'n Ghosts (Japan, USA) (En,Ja)	Han pasado tres años desde que Arthur derrotó al Rey Demon Astaroth y rescató a su amada princesa Prin-Prin (ver Ghosts 'N Goblins). Un nuevo villano, el Gran Rey Demonio Lucifer (Loki en algunas versiones) se ha convertido en el nuevo líder del Reino Ghoul. Al regresar de un viaje, Arthur ve el castillo de la Princesa y su aldea bajo el ataque de las fuerzas de Lucifer. Mientras corre hacia su amado caballero, la Princesa es golpeada por uno de los rayos láser de Lucifer. ¡Ahora, Arthur debe aventurarse de regreso al palacio de Lucifer y destruir al demonio para rescatar el alma de la Princesa y devolverla a la vida! Y no importará si él lucha en su armadura brillante o solo en ropa interior ... ¡el caballero más valiente de la tierra no va a ser detenido por algunos monstruos! Aunque el juego comienza con un territorio de cementerio y pantano familiar desde el primer juego, los niveles posteriores se establecen en una torre, una masa de esqueletos y un castillo.
Go Net (Japan)	Go Net es un raro cartucho Sega Mega Drive desarrollado en conjunto por Sega y Aisystem Tokyo y lanzado exclusivamente en Japón en 1992. Combinado con un Sega Mega Modem mas una suscripción, se permitia jugar Go con otros propietarios del cartucho.
Gods (USA)	Hércules tiene como objetivo alcanzar la inmortalidad completando la tarea que los Dioses le han asignado. Su tarea se presenta como una aventura de plataforma ambientada en la antigua Grecia, y presenta una variedad de enemigos mientras la juegas. De más importancia, sin embargo, es el sistema de Inteligencia Artificial del juego, en el cual las criaturas monitorean tu forma de jugar, y tratan de encontrar posiciones más seguras. Además, el juego ofrece más bonos y poderes si luchas por progresar.
Golden Axe (World)	El videojuego se ambienta en una Edad Media fantástica en la que un villano llamado Death Adder aterroriza a los lugareños del reino de Yuria y ha raptado a la princesa y al rey. Podremos elegir entre tres personajes distintos para embarcarnos en una aventura de rescate: Ax Battler es un humano musculoso de aspecto similar a Conan (aunque otras fuentes apuntan a un mayor parecido con el personaje He-Man), Tyris Flare es una amazona y Gilius Thunderhead un enano que blande un hacha (dorada en la versión original del juego) enorme. Tyris es el personaje que posee la magia más espectacular; Gilius no posee casi magia pero tiene una resistencia envidiable y dotes de combate exclusivas; y el personaje de Ax es más equilibrado, teniendo capacidades medias de magia y combate.
Golden Axe II (World)	No mucho después de que el maligno reinado de Death Adder haya terminado, se levanta otro mal. La paz de la tierra ha sido nuevamente amenazada, esta vez por 'Dark Guld', quien se suponía que iba a ser encarcelado pero aparentemente no lo es. En cambio, ahora tiene en sus manos el Hacha Dorada, y la está usando junto con sus secuaces para sus propios y desagradables propósitos causando mucho caos. Así que una vez más, Ax-Battler, el feroz bárbaro; Tyris-Flare, la intrépida Amazon; Gilius Thunderhead, el enano feroz; deben levantarse para lidiar con la opresión, con su fuerza y ??su magia, y así, recuperar el Hacha Dorada. El juejo tipo hack and slash, en un entorno de fantasía medieval, es esencialmente el mismo que el del juego anterior. Golpea a tus oponentes con ataques cuerpo a cuerpo y recoge pergaminos para lanzar ataques mágicos. Además, los jugadores también pueden montar dragones y otras bestias y usar sus capacidades de ataque en su beneficio.
Golden Axe III (Japan) (En)	Este &quot;Príncipe de las Tinieblas&quot; ha robado el Hacha Dorada y ha enviado una maldición sobre todos los guerreros. Sin embargo, uno de los héroes se libra de la maldición y es enviado a restablecer el orden y librar de la maldición a los otros, derrotar al villano y volver con el Hacha de Oro. El juego se ha ampliado ligeramente, pero sigue esencialmente el mismo patrón que los juegos anteriores. Las nuevas características del juego incluyen nuevos personajes (un gigante, un hombre-pantera, junto con un espadachín y una espadachina), nuevos movimientos (ataques especiales, hechizos mágicos y ataques en equipo) y diferentes caminos donde elegir qué ruta tomar.
Goofy's Hysterical History Tour (USA)	En Goofy's Hysterical History Tour, el jugador toma el mando del propio Goofy, quien consigue el trabajo de sus sueños como conserje en el Museo de Historia Ludwig von Drake. Sin embargo, su rival Pete está decidido a despedirlo y sabotea las exhibiciones y dispersa piezas a lo largo de varios períodos de tiempo. Armado con un nuevo artilugio, el Extend-O-Hand, Goofy debe viajar al pasado y recuperar las piezas antes de la mañana. El juego es un juego de plataformas, donde Goofy debe viajar a través de varias etapas que van desde tiempos prehistóricos, tiempos medievales, América colonial y el salvaje oeste entre muchos otros, recolectando objetos y poderes y derrotando a los secuaces de Pete usando Extend-O-Hand. Después de recoger todas las piezas, Goofy debe enfrentar al propio Pete.
Gouketsuji Ichizoku (Japan)	Gouketsuji Ichizoku, llamado Power Instinct fuera de Japón, es un juego de lucha arcade de 1993 de Atlus y el primero de la larga serie del mismo nombre. Atlus lo portó a la Sega Mega Drive en 1994, lanzándolo exclusivamente en Japón. Se hicieron planes para llevar el juego a los EE. UU. Bajo el nombre de Power Instinct, pero se desecharon (sin embargo, se lanzó una versión estadounidense de SNES con este nombre). El juego es un luchador convencional. A, B y C realizan una variación diferente del ataque base de cada personaje, con varias combinaciones posibles con el D-pad.
Granada (World) (Evercade)	Granada es un shooter, donde distintas facciones africanas se enfrentan por metales raros usando “mecanismos de combate” llamados maneuver cepters. Un cepter desconocido, Granada, pilotado por Leon Todo, comienza a destruir armas de todos los bandos. El jugador controla a Granada a lo largo de nueve niveles, localizando y eliminando objetivos mediante un mapa antes de enfrentarse a cada jefe.
Great Circus Mystery Starring Mickey & Minnie, The (USA)	Protagonizada por Mickey y Minnie Mouse, los dos planean pasar el día en el Circo solo para descubrir que está desierto. Al creer que alguien es responsable, debes vestirte con diferentes atuendos, como Safari y Western, mientras tratas de encontrar pistas para resolver el misterio detrás de la desaparición de los artistas intérpretes o ejecutantes, incluidos tus amigos Donald Duck y Pluto.
Great Waldo Search, The (USA)	Basado en la popular serie de libros Where's Waldo, el objetivo del jugador es encontrar a Waldo, que está escondido en varias imágenes, antes de que se acabe el tiempo en el reloj. El jugador controla una lupa y debe hacer clic en varios elementos para obtener diferentes efectos. Encontrar un reloj agrega más tiempo a la búsqueda, hacer clic en un icono de 150 agrega 150 puntos a la puntuación, etc. Cada imagen consta de 6 pantallas adyacentes que contienen un tema continuo. Los temas son The Carpet Flyers, The Underground Hunters, The Battling Monks, The Unfriendly Giants y The Land of Waldos. Los jugadores tienen la opción de jugar en dificultad normal, dificultad de experto o jugar en la etapa de Land of Waldos. La única diferencia entre las dificultades es que en el experto no hay elementos de reloj para proporcionarles a los jugadores tiempo extra. En todas las etapas, el jugador debe encontrar tanto a Waldo como un rollo para completar el escenario. Waldo debe encontrarse antes del rollo para completar el escenario. El perro de Waldo Woof también está en cada una de estas etapas (excepto la Tierra de Waldos) y al encontrarlo, los jugadores pueden jugar una pequeña etapa de bonificación en la que acumulan puntos mientras controlan al perro en una alfombra voladora.
Greatest Heavyweights (USA)	Greatest Heavyweights es un juego de boxeo que presenta a los ex campeones de peso pesado Evander Holyfield, Larry Holmes, Joe Frazier, Muhammad Ali, Floyd Patterson, Rocky Marciano, Joe Louis y Jack Dempsey. Su similitud y estilo de lucha real son simulados por el juego. El juego es una versión mejorada del boxeo de &quot;Real Deal&quot; de Evander Holyfield, que también se juega en una vista lateral pseudo-3D con movimientos alrededor del aro manipulado al desplazarse por el fondo y mover las cuerdas. Esta vez, se muestra una cámara 2.5D en la parte superior de la pantalla. Durante las peleas, además de una barra de energía, los luchadores tienen una cabeza y un medidor de daño al torso. Estos metros son imágenes de su cabeza y torso, que gradualmente se vuelven grises, de arriba a abajo, cuando son golpeados. Si uno de estos medidores se vuelve totalmente gris, comenzará a parpadear, advirtiéndole que si el luchador recibe más golpes en esa área, perderá la lucha por TKO. Ser derribado tres veces en una ronda también conduce a un TKO. Durante los descansos de las rondas, los luchadores recuperan la fuerza cuando la chica con el signo circular pasa a lo largo del costado. Los luchadores pueden realizar tres tipos de golpes: golpes, ganchos y uppers, que pueden dirigirse a la cabeza o el torso del oponente. Los luchadores también pueden burlarse de sus oponentes. Cada uno de los campeones de peso pesado tiene su propio conjunto de burlas personales. Si por alguna razón los luchadores evitan pelear, los espectadores comenzarán a silbarles. Para mantener contentos a los espectadores, los luchadores deben seguir pegándose unos a otros regularmente.
Greendog - The Beached Surfer Dude! (USA, Europe)	En este juego, interpretas el papel de un surfista llamado Greendog que descubre un colgante dorado mientras navega. Inconscientemente se pone el colgante y descubre que no puede quitárselo. Una chica vestida de bikini le dice que el colgante fue hecho por los aztecas hace mucho tiempo, y que lo maldecían para que cualquiera que lo use sea atacado por cualquier animal que se acerque a ellos. Lo peor de todo es que la persona que lo lleva no puede surfear. La única forma en que Greendog puede levantar la maldición y quitar el colgante es encontrar las seis piezas del tesoro azteca y ponerlas todas juntas, y el único conocimiento del paradero del tesoro está estampado en la parte posterior del colgante. El juego consiste en llegar del extremo izquierdo del nivel a la derecha mientras lucha contra los animales salvajes con su fiel Frisbee y usa sus habilidades atléticas para saltar sobre las plataformas.
Grind Stormer (USA)	Grind Stormer / V Five es un shooter vertical frenético lleno de enemigos y balas. En Grind Stormer los power-ups se activan al instante y la nave es rápida; en V Five se usan fichas para elegir mejoras al estilo Gradius, con una nave más lenta que exige planificar cada power-up. Se pueden ajustar dificultad y vidas, y tras continuar recibes un power-up especial con cuatro wingmen.
Growl (USA)	En la primera parte del siglo 20, un grupo de cazadores furtivos imprudentemente cazó animales hasta el punto de la extinción, incluidos leones, ciervos, elefantes, águilas y muchos otros. Growl es un juego de un solo jugador, en el que controlas uno de los cuatro personajes (Gen, Burn, Khan y Jack) y debes derrotar a estos cazadores furtivos al tratar con ellos con los puños. Sin embargo, hay armas que se pueden encontrar, incluidas granadas, lanzacohetes, látigos, espadas, pistolas y escopetas, que se obtienen una vez que un enemigo las tira al suelo, para que pueda usar estas armas contra ellos. Si consigues obtener uno de los cañones, puedes disparar a los enemigos con un suministro limitado de munición. Una vez que se acabe la munición, tu única opción es golpearlos con una pistola. Además, puedes recoger cajas y barriles y llevarlo a los enemigos para derribarlos. En el camino, encontrarás varios casos de crueldad hacia los animales, como dos hombres azotando a un león. Detenga la crueldad animal, y los animales lo ayudarán en su búsqueda para derrotar a estos malvados cazadores furtivos.
Guerra dos Monstros (Brazil) (Mega Drive 4)	Se trata de un &quot;card-game&quot;. El juego no se vendió en los medios físicos, sino que se lanzó sólo en la memoria de algunos modelos de la consola Mega Drive vendidos en Brasil, como el Sega Tec Toy Super Mega Drive 3 con 71 juegos en la memoria. Juego lanzado exclusivamente en el Mega Drive.
Gunship (Europe)	Gunship es un juego de acción de helicópteros desarrollado por Probe y publicado por U.S. Gold para Sega Mega Drive, basado en la serie de juegos de MicroProse del mismo nombre. Fue lanzado solo en las regiones PAL.
Gunstar Heroes (USA)	El Coronel Red y su Ejército Imperial han decidido apoderarse por la fuerza de los talismanes místicos y reactivar al Destructor, un robot que años atrás estuvo a punto de destruir el planeta Gunstar 9. Los gemelos Gunstar habían asegurado que nunca permitirían que el Destructor volviera a amenazar al planeta, y ahora ha llegado el momento de cumplir su promesa. ¿Hay algún héroe que se atreva?
Gynoug (World) (Ratalaika Games)	Los cielos están siendo atacados por los demonios de Iccus, liderados por un ser conocido como el Destructor. El ángel Wor debe llevar la lucha a Iccus y poner fin a los planes oscuros del Destructor.
Hard Drivin' (World)	Hard Drivin' es un juego arcade 3D de Atari Games. Usted tiene el control de un automóvil deportivo de alto rendimiento. Tu objetivo es correr alrededor del recorrido lo más rápido posible y alcanzar la mayor cantidad de puntos de control posible. Si golpeas un punto de control, ganas tiempo extra para ir más lejos. Verá el tráfico en la carretera tanto en su dirección como en la dirección opuesta, así que tenga cuidado cuando pase. El curso tiene dos secciones: pista de velocidad y pista de dobles. La pista de velocidad es más larga, pero generalmente puedes alcanzar velocidades más altas. La pista de acrobacias requiere que realice varias acrobacias, como saltar puentes, conducir a través de un bucle, y así sucesivamente. Chocar el automóvil no tiene consecuencias serias y de hecho muestra una repetición de su choque desde un ángulo cinematográfico. Admire su choque de frente con el camión de cemento, o corte la minivan, volando desde el puente en el ángulo equivocado. Usted pierde varios segundos cuando su automóvil se &quot;reinicia&quot; y se pone de nuevo a la velocidad.
HardBall '94 (USA, Europe)	Las nuevas características en esta edición de la simulación de béisbol incluyen el Home Run Derby y la práctica de pitcheo. Se incluyen múltiples puntos de vista y repeticiones instantáneas. 28 pitches están incluidos, cada uno con efectos distintos. Puede utilizar equipos reales o ficticios, e incluso crear los suyos propios hasta el logotipo y el kit. Las estadísticas como el promedio de bateo y carreras impulsadas se almacenan y pueden imprimirse. Además, como en el juego anterior, el locutor Al Michaels dice cosas durante el juego.
HardBall '95 (USA)	Simulador de béisbol orientado a la acción. Hardball 5 es principalmente una actualización de Hardball 4, con las adiciones en forma de ajustes de dificultad, gráficos más nítidos, más comentarios de Al Michaels y juegos de liga mejorados que vienen con un conjunto completo de jugadores de 1994 de las Grandes Ligas más un bonus &quot;leyendas&quot;. Incluye soporte multijugador para hasta 2 jugadores.
Haunting Starring Polterguy (USA, Europe)	El fantasma de un adolescente busca venganza contra una familia snobbish. Tu trabajo es asustarlos para que salgan de sus casas. No pueden verte así que tu único medio para asustarlos es poseer varios objetos en toda la casa. Por ejemplo, poseer un mueble podría hacer que algo salga volando y poseer un objeto lo haría cobrar vida de una forma u otra. Debe actuar rápidamente porque tiene algo llamado &quot;ecto&quot; que actúa como el combustible que le permite vagar por el mundo real. Cuantos más sustos hagas, más ecto ganas. Perder todo ecto te envía al inframundo donde tienes que recuperar tu ecto a plena capacidad para volver al mundo real.
Head-On Soccer (USA)	En este juego isométrico de fútbol, 51 selecciones nacionales están representadas para jugar en dos modos de juego: Exhibición y Torneo (una serie de siete partidos en cuatro continentes, con una final contra las Estrellas del Mundo), con la posibilidad de establecer el tiempo, el nivel de dificultad, ver escenas de corte después de los goles y si, los jugadores son libres para patearse unos a otros sin (muchas) faltas.
Heavy Nova (USA)	En una era de ataques alienígenas frecuentes, la Tierra tiene un gobierno unificado, que depende de una línea de cyborgs conocidos como Heavy Dolls para la defensa. El más grande de estos se conoce como Heavy Nova, un título ganado al pasar un riguroso régimen de entrenamiento. Estás tomando los argumentos de prueba simulados, que se dividen en dos estilos de acción alterna. En la primera debes progresar (inicialmente de forma puramente horizontal, aunque más tarde con desplazamiento vertical rápido) a través de un entorno hostil de enemigos, bombas y trampas, ganando puntos por hacerlo rápidamente y con mucha energía. Inicialmente puede volar y patear según sea necesario. Una vez que se completa esta sección, pasas al combate uno-a-uno del estilo Street Fighter 2. Los primeros enemigos tienen mucha menos energía de la que comienzas. A medida que progresas en el juego, te otorgan movimientos de ataque adicionales, de forma similar a Brutal: Paws of Fury
Heavy Unit - Mega Drive Special (Japan) (En)	Heavy Unit es un típico juego de disparos de desplazamiento lateral en el que tienes que volar a través de varios niveles llenos de enemigos, jefes intermedios y finales. Además de los potenciadores usuales que aumentan tu velocidad y tus armas, también hay uno que transforma tu nave espacial en un robot grande que tiene un sistema de arma diferente. Este es el mismo juego que Heavy Unit para Turbografx-16 pero con gráficos mejorados (más colores, enemigos más grandes) y sonido. El diseño de niveles es el mismo.
Hellfire (World) (Retro-Bit)	En el año 2998, la humanidad finalmente alcanzó las estrellas y pudo construir una sociedad próspera y pacífica. Sin embargo, una materia espacial conocida como la Nebulosa Negra comenzó a extenderse, amenazando con engullir las galaxias controladas por humanos. Resultó que un dictador robótico llamado Super Mech estaba detrás de este hecho. La Tierra envía al Capitán Lancer, un habilidoso piloto que navega en el poderoso avión CNCS1, equipado con el arma más poderosa: el Hellfire. Este es un shooter espacial horizontal, con la premisa tradicional de que un piloto solitario atraviesa áreas hostiles y maniobra y / o destruye enemigos rápidos y numerosos. Lo que diferencia a este tirador de muchos otros tiradores espaciales horizontales es que usted elige la dirección de sus tiros en cualquier momento entre adelante, atrás, arriba + abajo y en 4 direcciones diagonales. La toma diagonal en 4 direcciones suele ser la más efectiva y sirve para algunas configuraciones de juego interesantes, como pistolas estacionarias a las que solo puedes llegar al pasarlas (mientras evitas sus tiros) y colocarte diagonalmente por encima de ellas. También hay una bomba para eliminar a varios enemigos. El juego tiene un conjunto estándar de pickups: íconos P para encender las armas, íconos S para aumentar la velocidad del barco, íconos B para bombas e iconos de puntuación.
Herzog Zwei (USA, Europe)	La premisa es que dos fuerzas opuestas están en combate el uno con el otro. Cada jugador controla un avión a reacción que se desplaza por la pantalla y puede convertirse en un soldado terrestre. Estos soldados de tierra pueden dañar unidades enemigas, pero no pueden afectar bases. Para tomar las bases dispersas por el mapa (y en última instancia, la base enemiga), los jugadores deben comprar nuevas unidades y transportarlas a ciertas posiciones. De esta forma, el jugador actúa más como un transporte y una gestión para diferentes tipos de unidades que como un personaje de combate. Si el avión se destruye alguna vez, se reinicia en la ubicación de la base del jugador. Como se mencionó anteriormente, un nivel se completa cuando la base de cualquiera de los lados se pierde para las fuerzas opuestas.
Hexagonos (Brazil) (Mega Drive 4)	Juego de mesa. El juego no se vendió en los medios físicos, sino que se lanzó sólo en la memoria de algunos modelos de la consola Mega Drive vendidos en Brasil, como el Sega Tec Toy Super Mega Drive 3 con 71 juegos en la memoria. Juego lanzado exclusivamente en el Mega Drive.
High Seas Havoc (USA) (En,Ja)	Havoc es un joven viajero y cazador de tesoros, que vaga por los mares con su compañero de tripulación Tide. Un día, encuentra a una niña inconsciente en la orilla del mar. Ella le dice a Havoc que su nombre es Bridget, y que ella tiene un mapa del tesoro que lleva a la ubicación de Emeralda, el tesoro legendario con poder único. Pero el malvado pirata Bernardo ha secuestrado a Bridget y Tide, y ha robado el mapa del tesoro. ¡Havoc tiene que rescatar a sus amigos y recuperar el mapa! Este es un plataforma de acción. Havoc puede rodar, saltar y atacar a los enemigos mientras salta, o golpearlos simplemente saltando sobre sus cabezas. También puede recoger varios artículos y abrir cofres del tesoro en el camino.
Hit the Ice - VHL - The Official Video Hockey League (USA)	Hit the Ice es un juego de hockey rápido y de alto impacto basado en el juego arcade de 1990 de Williams. Al tener más en común con los Arch Rivals de Midway que con cualquier simulación de hockey inteligente, este estadio no es un lugar para penalizaciones ni para los débiles. Si bien la idea todavía es poner el disco en el objetivo del equipo contrario, cada equipo solo tiene tres jugadores, hay un gran enfoque en la comprobación, y es posible hacer un &quot;súper golpe&quot; lo suficientemente fuerte como para enviar al portero a la red junto con el disco. Están disponibles los modos de exhibición y torneo para uno o dos jugadores. Dos jugadores pueden incluso formar un equipo para enfrentarse a la computadora. La versión TurboGrafx-16 también agrega un modo de cuatro jugadores, mientras que la versión de Gameboy agrega un modo de &quot;carrera de tiro&quot; donde el jugador debe obtener un cierto número de objetivos lo más rápido posible.
Home Alone (USA, Europe)	Macaulay Culkin se convirtió brevemente en una estrella infantil después de la película Home Alone, en la que interpretó a Kevin McCallister, quien accidentalmente es abandonado por su familia cuando se van de vacaciones. Durante este tiempo, los ladrones intentan entrar a su casa y Kevin debe frustrarlos. Jugando como Kevin tu trabajo principal es llegar a la casa y hacerla a prueba de robos. Esto implica colocar trampas en toda la casa. Los objetos útiles como una Ballesta, Alambre y Pimienta se pueden combinar para fabricar armamento diabólico. También debes guardar los objetos de valor que encuentres para evitar que la familia los pierda.
Home Alone 2 - Lost in New York (USA)	La familia McCallister se va a Miami para unas vacaciones navideñas al sol. El hijo, Kevin, termina en el avión equivocado y termina en la ciudad de Nueva York solo. El equipo de bandidos de dos hombres que ayudó a atrapar en la primera película también está allí, y están en busca de venganza. Home Alone 2 es un juego de plataformas de acción basado libremente en la película de 1992 del mismo título. Comenzando en el aeropuerto, el jugador controla a Kevin mientras corre por Nueva York, visitando lugares similares a los de la película y engañando a los bandidos Harry y Marv, quienes aparecen para hostigarlo en casi cada vuelta. Kevin tiene una variedad de armas aptas para niños a la mano para enfrentarse a sus enemigos, como pelotas de béisbol, balones de fútbol y hondas.
Honoo no Toukyuuji - Dodge Danpei (Japan)	Danpei Ichigeki es un niño que adora el dodgeball. El padre de Danpei era un famoso jugador de dodgeball cuando todavía estaba vivo. Danpei se une al Dodgeball Club en su escuela primaria. Sin embargo, los niños son muy serios acerca de su balón esquivo, y el camino a seguir no será fácil para Danpei. Dodge Danpei es un juego de dodgeball de equipo, uno de varios basado en el anime y el manga creado por Tetsuhiro Koshita, que juega sorprendentemente similar al conocido Super Dodge Ball. Cada equipo tiene cuatro jugadores principales y tres jugadores de apoyo e intenta eliminar a los miembros principales del equipo oponente lanzándoles la pelota de varias maneras. Además de los lanzamientos normales, el jugador también puede pasar a los compañeros de equipo y ejecutar tiradas de poder especiales que son más difíciles de esquivar o atrapar. El juego incluye varios modos de juego diferentes, incluido el modo de historia principal que sigue la historia del anime, así como los partidos de exhibición de uno y dos jugadores. También hay un modo de &quot;liga&quot; que permite un torneo de hasta seis equipos, así como un modo de entrenamiento donde el juego enseña los conceptos básicos de cómo jugar el juego.
Hook (USA)	En esta adaptación de videojuego de la película de Steven Spielberg Hook, el jugador toma el papel de un adulto Peter Pan, cuyos niños han sido secuestrados por el Capitán Garfio. Tinker Bell lleva a Peter de vuelta a Neverland, donde debe convertirse nuevamente en Pan y reclamar a sus hijos. Esta interpretación particular es un juego de acción de desplazamiento lateral, en el que los jugadores deben abrirse paso entre los habitantes de Hook a través de 11 niveles. Estos incluyen bosques, regiones heladas y ciudades que Peter tendrá que saltar, escalar y nadar. Los objetos mágicos como las manzanas y el polvo de hadas se pueden recoger para obtener poderes especiales. Cuando se ataca a los enemigos, simplemente levantan las manos en señal de rendición en lugar de morir, para hacer que el juego sea más amigable para los niños.
Hoops Shut Up and Jam 2 (World) (Evercade)	Bienvenidos a la calle! Aquí no hay camisetas extravagantes, ni árbitros chulos, esto es baloncesto como Dios manda, mates de dos contra dos. La competición es dura, la genial defensa de Stonewall, los potentes movimientos de Chilly y el tiro de 3 de Sweet Pea. Los hombres de verdad no se andan con rodeos ni cometen faltas. Así que escoge tu terreno de juego y suda la camiseta en un partido al aire libre jugando con precisión y perfección.
Hoops Shut Up and Jam! (World) (Evercade)	El reconocido Charles Barkley te lanza un reto: cállate y juega. Es así como entrarás en la acción del baloncesto callejero donde se juega 2 contra 2. Pueden jugar de 1 a 4 jugadores en 7 pistas diferentes y una ambientación callejera espectacular.
Humans, The (USA)	Su trabajo en este rompecabezas de acción es ayudar al hombre prehistórico a evolucionar al ayudarlos a descubrir herramientas, la rueda, las armas o incluso disparar. Cada nivel del juego tendrá una tarea determinada para ayudar en esto, y se te asignará una cantidad de personajes que deben realizar la tarea. El jugador puede cambiar de personaje mientras mueve los personajes alrededor de cada uno de los acertijos, y el trabajo en equipo es esencial para el éxito. Las tareas pueden incluir encontrar objetos (como una lanza) en la pantalla, o tratar de llegar a un destino específico que puede requerir el uso de objetos que ha descubierto hasta ahora. Cada nivel tiene un límite de tiempo, cuando se acaba el tiempo, el nivel puede reiniciarse.
Hurricanes (Europe)	Presentando en una caricatura de TV para niños, The Hurricanes es el equipo más venerado en la World Soccer League. Las Gorgonas están desesperadas por vencerlas en un partido clave, tan desesperadas que han dificultado que el equipo llegue siquiera al estadio. Tomando el control de uno de sus jugadores estrella, debes caminar a través de la jungla, las minas y un templo para llevarlos al estadio a tiempo. En The Hurricanes, la pelota se pega muy cerca del pie del jugador, incluso mientras está saltando. Solo se libera cuando se patea intencionadamente y se reemplaza si golpea algo o se pierde. Puede levantarse mientras estás fuera del suelo. Los niveles se mueven de izquierda a derecha pero en varios niveles verticales diferentes, y a menudo hay más de 1 ruta posible, de manera similar a Gladiadores globales. Los tokens de encendido se pueden recoger e intercambiar. Perder una de tus 5 vidas te lleva de regreso al último punto de reinicio; perder uno de tus continuos te lleva al comienzo del mundo.
Hybrid Front, The (Japan)	The Hybrid Front es un videojuego de estrategia por turnos, lanzado en Japón (exclusivamente) para Mega Drive. La introducción comienza con alguien que inicia sesión en una computadora. Luego, muestra una revolución que ocurrió en algún momento de la década de 2080 y que dio lugar a una serie de guerras y conflictos que condujeron a la configuración principal del videojuego del siglo XXVI. Desde la segunda mitad del siglo XXI, el agotamiento de los recursos de combustibles fósiles ha ayudado a profundizar el conflicto en la Tierra. Durante el siglo 24, la Tierra fue bombardeada desde la órbita con armas ópticas masivas llamadas Metal Hammer por un consorcio italiano; las principales ciudades de todo el mundo fueron quemadas. La resistencia eventualmente sería eliminada por CoCoON (abreviatura de COoperation COmmunity of Orbital Negotiation). No solo ganarían la hegemonía corporativa de la humanidad, CoCoON desarrollaría una reputación como un grupo hostil de halcones de guerra corporativos; constantemente repugnante contra la coalición pacífica de la PETO (abreviatura de Pan Earth Treaty Organization). ¡Deja que la lucha comience!
Hyokkori Hyoutan-jima - Daitouryou wo Mezase! (Japan)	Hyokkori Hyotanjima: Daitoryo o Mezase! (&quot;¡Apunta a la Presidencia!&quot;) Es un juego de mesa de estilo sugoroku para hasta cuatro jugadores basado en el popular programa infantil NHK Hyokkori Hyotanjima. Cuatro personajes del programa deciden que quieren ser el presidente de la isla, por lo que parten para comenzar a hacer campaña. El objetivo de cada ronda es recoger la mayor cantidad de puntos; los puntos se pueden ganar o perder en función de los espacios en los que aterriza el jugador. La ronda termina cuando un jugador llega al destino establecido al comienzo de la ronda, lo que le da una bonificación de puntos. El jugador con más puntos después de un número determinado de rondas es el ganador.
Hyper Marbles (Japan) (Sega Game Toshokan)	En el futuro, incluso el simple juego de canicas para niños es de alta tecnología y extremo. Hyper Marbles toma el concepto básico del clásico juego de niños para sacar las canicas del oponente del campo de juego y le da un giro futurista de ciencia ficción. El jugador dirige su mármol robótico alrededor del campo, intentando empujar a sus oponentes hacia las paredes mortales y electrificadas que bordean la arena. Una Ayuda para esto es un refuerzo de propulsión a chorro, que puede hacer que los oponentes reboten bastante, pero si se usa en exceso se sobrecalentará y se deberá enfriar antes de volver a usarlo. Hay diez escenarios diferentes, cada uno con diferentes peligros como manchas de petróleo y barreras móviles. Hay un modo de jugador único, donde el objetivo es destruir a todos los enemigos para seguir adelante, así como un modo de dos jugadores contra el que el objetivo es destruir al otro jugador.
Ikasuze! Koi no Doki Doki Penguin Land MD (Japan) (Sega Game Toshokan)	Doki Doki Penguin Land MD es un remake de 16 bits del clásico juego de puzzle de Master System Penguin Land. El jugador controla a un pingüino que debe obtener un huevo desde la parte superior de cada etapa hasta la parte inferior, donde su novia lo está esperando. El jugador debe romper bloques de hielo para abrir un camino, pero si el huevo cae demasiado, se romperá. Hay numerosos peligros que el jugador debe tener en cuenta, como plataformas móviles, bloques de hierro sólido, bloques que se romperán tan pronto como el huevo los toque, mover púas y tubos por los que solo pueda pasar el pingüino o el huevo. El jugador también puede encontrar objetos especiales para ayudar; los corazones aumentarán la puntuación de bonificación, las alas permitirán que el pingüino salte más alto y los huevos de hierro permitirán que el huevo siga cayendo sin romperse. Hay un total de 30 rompecabezas para resolver, con una contraseña dada cada cinco etapas. El juego también te permite pausar el juego para ver todo el mapa, así como establecer un waypoint al que regresar si se rompe el huevo.
IMG International Tour Tennis (USA, Europe)	Licenciado por el International Management Group (IMG), esta rara aventura de Electronic Arts de Tennis presenta 32 jugadores profesionales (todos varones y licenciados por IMG), incluyendo Bjorn Borg, Marcelo Rios, Patrick Rafter y Yevgeni Kafelnikov en 15 torneos con diferentes superficies. Los modos de juego incluyen exhibición, gira y torneo tanto para solteros como para dobles. A lo largo de la oferta habitual de globos, voleas, tiros de pase, giros y barras superiores, el jugador puede dejar el movimiento del jugador en la consola y concentrarse en golpear la bola con el golpe correcto con el tiempo correcto (el jugador también puede configurar el juego estilo, de toda la cancha, línea de fondo o red de prisas). Para aquellos que necesitan un impulso de confianza antes de entrar en el juego competitivo, Vic Braden, uno de los entrenadores de tenis más conocidos, tiene una cancha con líneas especiales, una máquina de bolas y algunos consejos para ayudarlos a mejorar su juego.
Immortal, The (World) (Evercade)	Andando por el camino abandonado, viendo las ruinas de la ciudad de Erinoch, que fue destruida por el fuego de los dragones, usted recuerda a su gran maestro, el hechicero Mordamir. Por cierto, visitó el fabuloso laberinto de la eternidad, hoy enterrado entre las ruinas. Y así, decide encontrarlo otra vez, frente a frente. Tendrás que recorrer 8 niveles mortales, totalmente desconocidos y peligrosamente fatales: repentinamente el suelo comienza a desaparecer bajo sus pies, monstruos enormes lo atacaran por sorpresa, duendes y fantasmas estarán siempre a su alrededor! Y no se apiadaran cuando la sangre comienza a correr porque, aquí, esto es normal. Última pista: lea atentamente el Códice de la Serpiente. Él contiene anotaciones hechas por Mordamir para explicar los misterios de este laberinto sombrío. Si usted las sigue al pie de la letra, tal vez su fin no sea trazado en este lugar tan horriblemente abandonado!
Incredible Crash Dummies, The (USA, Europe)	En un momento en que los juegos de computadora eran culpados por la violencia, el mal lenguaje, la epilepsia y todo lo demás, ¿la mayoría moral? necesitaba un chivo expiatorio, Virgin nos dio: The Road Safety Game. O no, ya que este es un juego de plataforma estándar con un toque de sabor y propósito cuestionables. Juega un maniquí de prueba de choque, tratando de progresar a través de niveles llenos de peligros tales como automóviles y bolas de fuego, dentro de los límites de tiempo. El contacto con cada uno de estos te hace perder una extremidad, y una vez que no te queda ninguno, el contacto significa terminar el juego. Dado que el personaje no está impedido por las extremidades que faltan de ninguna manera, en términos prácticos puede pensar en estos como puntos de golpe, especialmente porque hay destornilladores para recoger que restauran una extremidad.
Incredible Hulk, The (USA, Europe)	En este juego de acción de desplazamiento lateral, luchas contra tu archienemigo El Líder y sus fuerzas (Rino, Hombre Absorbente, Abominación y Tyrannus) Tome el control del Hulk / Dr. Banner a través de cinco niveles de acción. Ciudad y Obra, el Laberinto de Tyrannus, la Fortaleza del Líder, el Interior del Líder y la Confrontación Final.
Indiana Jones and the Last Crusade (USA)	Como en la película (y la aventura gráfica más famosa), tu tarea es encontrar el Santo Grial. Antes de que esto pueda hacerse, debes encontrar la Cruz de Coronado, un escudo y un diario. Esto lo convierte en una aventura arcade de cuatro niveles que combina escaladas, exploración (con varias rutas en cada nivel y algunas trampas) y acertijos. Indy está armado con su fiel látigo para luchar contra los enemigos, pero también puede involucrarse en combates mano a mano. El primer nivel tiene lugar en cuevas debajo de Colorado, antes de llegar a un tren de circo en movimiento cubierto de trampas, un Zeppelin que está lleno de guardias y escaleras, y luego Castle Grunwald en Austria.
Insector X (USA)	Ellos te van a molestar... ¡a la MUERTE! En comparación con estos tipos, las abejas asesinas son tan aterradoras como una mariposa. ¡En este impresionante Imperio de insectos tienes que ser un arma rápida! Ninguna lata de insecticida te ayudará aquí. Estos gigantescos insectos mecanizados significan negocios. ¡Siéntete cautivado con el hermoso paisaje y tus ensoñaciones podrían convertirse en una pesadilla! Conviértete en... ¡Insector X! ¡Un momento de retraso podría ser el último!
Instruments of Chaos Starring Young Indiana Jones (USA)	Alemania está haciendo crecer su máquina de guerra para superar al mundo. Para alcanzar este objetivo rápidamente, sus líderes malvados enviaron espías por todo el mundo con instrucciones de comprar las mejores tecnologías de armas militares. El jugador es el joven Indiana Jones y el agente Rolf le informa que los amistosos agentes franceses conocen estas tareas y los países que visitarán los espías. Los espías deben detenerse en cada país antes de que tenga lugar la venta de tecnología. La misión lleva al joven Indy a la India, el Tíbet, Egipto e Inglaterra antes de llegar finalmente a Alemania. En los niveles de desplazamiento lateral en 2d, Indy usa su látigo, revólver, granadas y la habilidad de caminar / saltar para progresar a través de los niveles con pequeños elementos de rompecabezas. Los enemigos se pueden atacar o evitar y las acciones se pueden realizar en ocho direcciones. Hay diferentes mini-objetivos, como azotar piedras clave para abrir la puerta del templo desde el mercado indio, o bombardear la caja de cambios del puente. Hay tres niveles de dificultad. La cantidad de vidas se puede ajustar.
International Rugby (Europe)	International Rugby es un juego de rugby jugado desde una perspectiva desde arriba. El juego consiste en torneos jugados como parte de la Copa del Mundo con países como Inglaterra, EE.UU., Argentina, Francia, Gales, Escocia, Fiyi, etc. En las opciones el tipo de torneo puede ser determinado, junto con la cantidad de viento y el tiempo del juego. Multijugador es para dos jugadores. Un medidor aparece para determinar la potencia y la curva. Se rellena automáticamente y el jugador tiene que apretar un botón dos veces para el tiempo en ambos aspectos. Al correr con la pelota, puede ser pasada o pateada. En una posición defensiva es posible atacar y alternar entre los jugadores. Cada jugador tiene estadísticas individuales basadas en posición, altura, peso, velocidad, pase, ruck, marcador, tácticas, expulsiones y lesiones. Los partidos de la Copa del Mundo se pueden ver en una pantalla separada.
International Sensible Soccer (Europe) (En,Fr,De,It)	Lanzado junto con la Copa Mundial de 1994, esta fue la primera versión de Sensible Soccer en la que participaron equipos de fuera de Europa. El torneo de la Copa del Mundo se presenta en su totalidad, y puede ajustar los 24 equipos que este presenta, una característica particularmente crucial para los fanáticos ingleses y franceses, ya que sus naciones no calificaron. Por primera vez en la serie, aparece un árbitro en la pantalla. Los datos del equipo del club se han actualizado para tener en cuenta las transferencias y los cambios del kit desde la versión anterior. La mecánica de juego es muy similar a la de las ediciones anteriores, y se ve desde arriba con pequeños sprites y control de bola suelta.
International Superstar Soccer Deluxe (Europe, Brazil) (En)	Esta es la secuela de International Superstar Soccer, la saga de juegos de fútbol de Konami. Esta versión Deluxe se publicó primero en SNES, luego en Mega Drive y Playstation. ISS Deluxe tiene animaciones realistas y sprites de jugadores. Puedes competir con 36 equipos nacionales con celebridades reconocibles (como Valderrama, Baggio, Ravanelli, Petkov ...), pero sus nombres son ficticios. También puede elegir entre 16 formaciones y 8 estrategias para ganar. Las competiciones disponibles son: Copa Internacional, Serie Mundial (Liga), Modo Escenario y mini-copas / ligas personalizables.
It Came from the Desert (USA) (Proto)	El jugador asume el papel del Dr. Greg Bradley, que acude a la remota Lizard Breath, el 1 de junio de 1951 en Nevada. Como geólogo, quiere estudiar un sitio reciente de un accidente de meteorito en algún lugar del desierto al suroeste de la pequeña ciudad. Al principio del juego, se entera de que la radiación del meteorito ha aumentado la población de hormigas locales a un tamaño enorme. Sin embargo, pocos toman sus observaciones en serio. Preocupado por el hecho de que las hormigas pronto se aparearán y se expandirán, él debe trabajar contrareloj e idear un plan para evitar que las hormigas aterroricen al mundo. Para tener éxito, el jugador debe visitar muchos lugares que van desde minas, granjas, un pub, un aeródromo, una estación de radio local y muchos más para encontrar evidencia de las hormigas, y luego convencer a la gente del pueblo y las autoridades de la fatalidad inminente. Al mismo tiempo, el jugador debe contener la infestación de hormigas.
Itchy & Scratchy Game, The (USA) (Proto)	El juego Itchy & Scratchy en Megadrive es un juego de plataformas del mundo de Los Simpson. Itchy (el ratón) se esfuerza por matar a Scratchy (el gato) con violencia e imaginación ilimitadas. En este videojuego, el jugador encarna a Itchy y debe encontrar varias armas en los 7 niveles para demoler una vez más a su enemigo para siempre.
Izzy's Quest for the Olympic Rings (USA, Europe)	La búsqueda de los anillos olímpicos de Izzy es el juego oficial de la mascota de los Juegos Olímpicos de Atlanta 1996. Como su nombre indica, Izzy debe encontrar los cinco anillos olímpicos, ocultos por los guardianes para que Izzy no los lleve a su mundo. El juego se parece mucho a los juegos de Mario; para eliminar a un oponente, Izzy debe saltar por encima de su cabeza. Hay dos saltos disponibles, el salto de pelota adecuado para la altura y el salto de valla, adecuado para la distancia. Ambos permiten a Izzy despejar a un enemigo, pero el segundo le hace daño.
J. League Champion Soccer (Japan)	European Club Soccer llega a Sega Mega Drive y con ella el entusiasmo del Gran Partido en el deporte favorito de Europa. Juega con más de 170 equipos de todo el mundo y compite por la Super Copa, ¡el premio más importante y exclusivo de European Club Soccer!
J. League Pro Striker (Japan)	Pro Striker es el primer título de la franquicia de fútbol de Sega a principios de los 90. Es un juego de fútbol estilo arcade similar en juego al anterior Campeonato Mundial de Fútbol de Sega. El juego se ve desde una perspectiva de pájaro con un minimapa de campo completo en el costado de la pantalla. El jugador también puede hacer sustituciones y elegir entre seis formaciones diferentes. Cuenta con una licencia oficial J.League, que incluye a los diez equipos y todos los jugadores de la temporada 1993. Hay un modo de exhibición, un modo de playoff y un modo de liga completa, y hasta cuatro jugadores pueden jugar simultáneamente.
J. League Pro Striker 2 (Japan)	Pro Striker 2 es la secuela del primer título, y es un juego de fútbol muy similar al modelo del año anterior. Las actualizaciones son en gran parte cosméticas, y el juego conserva la misma vista de arriba hacia abajo y el minimapa de campo. Por supuesto, se incluye el equipo completo de J.League 1994 y la lista de jugadores. Los modos de exhibición, desempate y liga han regresado del primer juego, así como el modo all-star que se agregó en su actualización. Una vez más, hasta cuatro jugadores pueden jugar simultáneamente, y el sistema de menú también se ha simplificado enormemente.
J. League Pro Striker Perfect (Japan)	Pro Striker Perfect es una versión actualizada de la versión original que presenta las estadísticas actualizadas de los jugadores y la adición de los equipos All-Star este y oeste de 1993. Por lo demás, es idéntico al lanzamiento original.
Jack Nicklaus' Power Challenge Golf (USA, Europe)	Power Challenge Golf es un juego de simulación de golf, basado en el propio Golf & Course Design de Accolade del año anterior, que incluye tanto los cursos de ese título (Sherwood y English Turn) como un nuevo curso adicional (Baltusrol). El juego ofrece trazos y máscaras para hasta cuatro jugadores, así como un campo de prácticas y un modo de práctica. Sin embargo, el editor del curso de la versión para PC se ha eliminado.
James 'Buster' Douglas Knockout Boxing (USA, Europe)	Final Blow es un juego de acción basado en el deporte del boxeo. Puedes jugar los luchadores en una secuencia de competiciones de eliminación directa (las versiones de computadora también incluyen una liga round-robin). Las rondas duran un minuto, con un breve descanso entre ellas. Como en el deporte real, tu objetivo es derribar a tu oponente durante 10 segundos, debilitándolo gradualmente con una serie de golpes. Puedes bloquear los golpes para evitar que te inflijan daño. El ring es de un tamaño limitado, por lo que los jugadores pueden ser acorralados, aunque el árbitro intervendrá para romper a los boxeadores si se enredan en una posición de estancamiento. La versión de génesis no debe confundirse con el juego Master System del mismo nombre, que es completamente diferente.
James Bond 007 - The Duel (USA)	El famoso agente 007 debe acabar con un profesor loco que tiene el mismo sueño viejo que todos los demás: la dominación del mundo. Él tendrá a su disposición su Walther PPK de confianza y deberá pasar por un par de niveles con un villano al final de cada uno. ¨James Bond 007: The Duel¨ es un plataformas de desplazamiento lateral que requiere precisión en el salto (Bond morirá fácilmente si se cae desde lugares altos) y en los disparos (el jugador tendrá que aprender a conservar la munición y recargar la pistola, y evitar que le disparen). El jugador tendrá que encontrar todas las mujeres rehenes y desarmar bombas en cada nivel para proceder. Las rehenes darán al jugador vidas y munición extra.
James Pond - Underwater Agent (USA, Europe)	&quot;James Pond&quot; es (obviamente) una parodia del famoso agente 007. Usted controla a Pond, una criatura parecida a un pez, que tiene que completar varias misiones, mientras avanza a través de niveles llenos de peligros y criaturas hostiles. No es un juego típico de &quot;saltar y correr&quot;: en lugar de navegar a través de grandes niveles, Pond tiene que completar misiones únicas para cada área de juego: liberar rehenes, detonar una estructura, encontrar llaves, etc. Es posible salir solo de un nivel después de haber completado el objetivo. Muchas misiones están cronometradas.
James Pond 3 (USA, Europe)	A diferencia del primer juego de la serie, que era un juego basado en misiones, y la segunda, donde el único personaje tiene habilidades como la observación de todo el nivel y la cada vez mayor a la altura ilimitada, &quot;James Pond 3&quot; es el típico juego de plataformas. Pond puede correr muy rápidamente (manteniendo pulsado el botón A) a través de los niveles , que a menudo contiene empinadas laderas de las montañas y zonas difíciles. Una vez más, tiene que oponerse al malvado científico Maybe y sus subordinados.
James Pond II - Codename - Robocod (USA, Europe)	En su segunda aventura, James Pond debe recuperar los juguetes que el Dr. Maybe ha robado. Pond ha sido armado con un dispositivo de estiramiento estilo Inspector Gadget, que puede usar para ver áreas más altas o arañar los techos para deslizarse a través de ellos. La jugabilidad se lleva a cabo en mundos temáticos en torno a determinados tipos de juguetes, como artículos deportivos, dulces y aviones. Los niveles se desplazan hacia los lados, aunque se incluye una pequeña cantidad de movimiento vertical. En cada nivel, Pond debe recolectar 2 pingüinos y llegar a la salida, aunque generalmente hay varias salidas y muchas áreas secretas para explorar. Después de completar cada par de dos mundos (cada uno de los cuales tiene tres niveles secundarios), debe enfrentarse a un jefe.
Jammit (USA)	Como su nombre lo indica, este es estrictamente un juego de baloncesto. Tiene tema de baloncesto negro (como se ve en muchas películas estadounidenses raras) y tiene una gran variedad de opciones de juego (uno a uno, grupo, etc.). Además, tiene una opción de apuestas, pero aparte de eso, es el típico juego de básquetbol común y corriente.
Janou Touryuumon (Japan)	Janou Touryuumon es una versión digital del popular juego de mesa chino Mahjong, con la diferencia de que está oficialmente licenciado por la Japan Professional Mahjong Association. El juego solo ofrece la opción de jugar contra el ordenador, pero cuenta con una buena selección de modos de juego, como Entrenamiento, Torneo y un modo llamado &quot;Prueba de Habilidad&quot;, que, como su nombre indica, evalúa el nivel de tus habilidades en el juego.
Jantei Monogatari (Japan)	Una hija de la presidenta de una escuela secundaria local, Yu Honjo, ha sido secuestrada por alguien desconocido. Incapaz de ir a la policía, la hermana de la niña, Mai, contrata a un investigador privado para averiguar qué le sucedió. La única pieza de evidencia es una fotografía de la noche de la desaparición de Yu, donde la niña desaparecida y otros tres estudiantes de la misma escuela están jugando un juego de mahjong. Jantei Monogatari es un híbrido de un juego de aventuras japonés de estilo tradicional y un juego regular de mahjong. El jugador toma el rol del investigador privado sin nombre, y se mueve de un lugar a otro a través de los menús, hablando con diferentes personajes. La investigación ocurre jugando mahjong con cada sospechoso: gana y te contarán un poco más de lo que saben. Al principio, el investigador solo puede hablar con las tres chicas en la foto, pero cuando gana juegos de mahjong contra ellas, obtiene información y experiencia que le permiten encontrar nuevas pistas y hablar con más sospechosos. El investigador tendrá que jugar contra una docena de oponentes diferentes en su intento de averiguar qué sucedió con la niña secuestrada.
Jelly Boy (Europe) (Proto)	Jelly Boy es un juego / plataforma de acción en Megadrive. El jugador encarna a Jelly Boy, una mancha gelatinosa humanoide, a través de diversos entornos, como una fábrica de juguetes o un mundo de hielo. ¡Varios bonos recogidos en los niveles le permiten a Jelly Boy transformarse en diferentes objetos y puede atacar a los enemigos empujando su barriga en golpes!
Jennifer Capriati Tennis (USA)	Este es un juego de tenis que presenta los modos de juego Exposición, Circuito y Entrenamiento. La exposición permite jugar en individuales o en dobles. El modo Circuito implica que el jugador compita para ganar cuatro torneos principales: el Sydney Open, el Paris Open, el London Open y el Florida Open. El jugador también puede personalizar su propio jugador de tenis eligiendo su raza, sexo y color de ropa. Los jugadores también pueden elegir si su tenista es diestro o zurdo, su tipo de giro, derecha y revés. También pueden distribuir una cantidad determinada de puntos entre habilidades como el poder de la derecha, el revés, el juego de pies y el juego en red. El juego también ofrece la opción de jugar en superficies de césped, duras o de arcilla.
Jeopardy! (USA)	Un juego basado en el concurso televisivo y que presenta la música del programa y la voz del anfitrión Alex Trebek. Los juegos multijugador o los juegos de computadora están disponibles, y el juego avanza en dos rondas. Las categorías están disponibles para los jugadores y las preguntas son en forma de descripciones breves. Las respuestas están limitadas a frases extremadamente cortas. Cuanto más difícil es la pregunta, mejor será la recompensa en efectivo. Responder una pregunta incorrecta da como resultado una reducción de dinero de su puntaje.
Jeopardy! - Deluxe Edition (USA)	¡Peligro! ¡Deluxe Edition es una versión actualizada de su Jeopardy! predecesor que presenta más de 3.500 nuevas preguntas diferentes junto con las características estándar de Jeopardy como Daily Doubles, una imagen digitalizada del anfitrión, Alex Trebek e incluso el tema de musica. Al igual que en la versión anterior, el jugador usa los botones para activar y usar el d-pad para resaltar letras y deletrear sus respuestas. El jugador también puede jugar contra dos amigos o jugar contra la computadora A.I. en su lugar.
Jeopardy! - Sports Edition (USA)	Esta versión de Jeopardy! se centra más en temas relacionados con los deportes con 700 categorías diferentes y 3.500 preguntas para responder relacionadas con deportes como el béisbol, fútbol, ??hockey, etc., junto con muchas otras subcategorías como jugadores, equipos deportivos y similares. Las reglas siguen siendo las mismas que las demás, hay tres rondas en las que el jugador entra para responder y explica las respuestas usando el D-pad. Cuenta con fotografías digitalizadas de concursantes vestidos con temas deportivos, como béisbol, fútbol, ??voleibol y similares, junto con auténticos entornos de estudio digitalizados y la imagen y voz de Jeopardy desde hace mucho tiempo. El anfitrión, Alex Trebek.
Jerry Glanville's Pigskin Footbrawl (USA)	La NFL se enfrenta a la época medieval ya que eres el capitán de un escuadrón de jugadores medievales de footbrawl mientras compites en un peligroso juego de espadas, mazas, sogas y trampas. Para la primera mitad, juegas en un campo abierto con rocas y charcos de agua para hacerte saltar, ya que en la segunda mitad juegas en una mazmorra con armas por los alrededores, pero con puertas trampa para hacer las cosas más interesantes. Basado en el juego de arcade hecho por Midway y respaldado por el entonces entrenador en jefe de los Falcons, Jerry Glanville.
Jewel Master (USA, Europe)	Cuando el reino pacífico Mythgard estuvo a punto de ser derrocado por el malvado rey demonio Jardine el Loco, los Maestros Elementales del reino se reunieron para luchar. Pelearon contra Jardine hasta que no quedaron más de cuatro. Los cuatro combinaron sus poderes para formar la Espada Elemental con la cual el rey demonio podría ser asesinado. En este momento, el Maestro de Joyas fue convocado para empuñar la espada, sin embargo, la espada se ha perdido y los anillos de los maestros elementales se han dispersado por Mythgard, todos menos dos. El Maestro de Joyas debe reunir los otros diez anillos de los Maestros Elementales y reclamar la espada y, finalmente, luchar contra el rey demonio. La jugabilidad se basa en luchar contra una gran cantidad de monstruos como la clásica plataforma de arcade. Para hacer esto tienes a tu disposición anillos, dos con los que comienzas y más cosas que ganas en el camino. Cada anillo es de uno de los cuatro elementos y al combinarlos obtienes diferentes efectos. Los anillos de los elementos opuestos se cancelan entre sí, pero tienes que tener las manos y dos botones de ataque para que puedas usar decir agua en una y fuego en la otra. Los anillos también son diferentes en fuerza, lo que aumenta aún más la complejidad.
Jim Power - The Lost Dimension in 3D (World)	Esta es una versión completamente terminada del port para Genesis de Jim Power que inicialmente se canceló poco antes de su lanzamiento. Finalmente, fue lanzado en 2021 por Piko Interactive. Manteniendo el mismo título de Jim Power: The Lost Dimension en 3-D de sus versiones homólogas, y restaurando el final, las pistas de música y los efectos de sonido que faltaban en la versión prototipo conocida (llamada Jim Power: the Arcade Game), junto con algunos otro juego de pulido menor.
Jimmy White's Whirlwind Snooker (Europe)	Un simulador de billar en 3D. La mesa y la señal se pueden girar casi en cualquier ángulo, con la fuerza de disparo y giro, según sea necesario también. Una línea blanca punteada en la pantalla muestra el recorrido de tu bola, incluido el siguiente rebote. También hay un modo &quot;truco&quot;, que te permite recrear tomas clásicas de billar (bueno, no la de la canasta, o con las pistas sobre la mesa) o la de la chica acostada sobre su espalda con la pelota de color rosa en su boca. Pero sabes). Y si te demoras demasiado, las bolas tiran caras hacia ti. ¡Honesto!
Joe & Mac (USA)	El juego está protagonizado por el pelirrojo Joe y Mac de cabellos azules, hombres de las cavernas que luchan a través de numerosos niveles prehistóricos usando armas como bumeranes, huesos, fuego, piedras, electricidad, ruedas de piedra y garrotes. El objetivo del juego es simplemente rescatar a un grupo de chicas que fueron secuestradas por una tribu rival de hombres de las cavernas. La jugabilidad es similar a la de Contra y tiene un sistema de salud al estilo Gauntlet, donde el jugador pierde la salud durante un período de tiempo aparte de las batallas contra jefes. Este sistema de salud tampoco es diferente al Wonder Boy de Sega. El juego podría jugarse de un jugador o dos jugadores. En el modo de dos jugadores, ambos personajes podrían lastimarse entre sí. El juego también se destacó por sus gráficos animados, humor y efectos de sonido. La versión arcade original tenía la distinción de permitir al jugador seleccionar entre diferentes rutas (al igual que Darius de Taito) al final de una batalla con el jefe. Además, después de derrotar al jefe final, los jugadores pueden elegir entre tres salidas, cada una conduciendo a una secuencia final ligeramente diferente.
Joe Montana Football (World)	Joe Montana Football for the Genesis es un juego de fútbol orientado a la acción protagonizado por el mariscal de campo del Salón de la Fama Joe Montana de los 49 'de San Francisco. Juega un solo juego, un ejercicio de 2 minutos o intenta ganar el SEGA Bowl. Juega contra un amigo o contra la computadora. Tanto en el lado ofensivo como en el defensivo hay 24 jugadas predefinidas para que elijas (no puedes crear las tuyas propias). Si no sabes cuál es el juego apropiado, siempre puedes elegir &quot;Joe's Play&quot;, una pista para entrenadores inexpertos. La naturaleza de la jugabilidad es muy similar a la de un arcade. El juego no tiene funciones de GM, estadísticas de jugadores, atributos de jugador, sustituciones ni otras opciones de entrenamiento. Simplemente elija su esquema y ejecútelo. En el lado defensivo puedes controlar a cualquier jugador que desees, en el ataque controlas al mariscal de campo, al receptor, al corredor o al pateador. El juego no tiene licencia de la NFL, por lo que jugarás contra Detroit o Chicago en lugar de los Detroit Lions y los Chicago Bears. Joe Montana es el único jugador de la NFL (en realidad él es el único con un nombre).
Joe Montana II - Sports Talk Football (World)	Sports Talk Football es el segundo juego de fútbol de Sega en Genesis, una vez más con licencia del mariscal de campo de los 49ers de San Francisco, Joe Montana. Como se indica en el título, la innovación principal del juego es el discurso de comentario de jugada por jugada único de lo que está sucediendo en el campo. Las opciones de juego incluyen juegos de exhibición y un modo de liga. El juego presenta 28 equipos y un libro de jugadas de más de 50 jugadas. Los jugadores también pueden crear un &quot;equipo de ensueño&quot; de todos los jugadores en el juego y guardarlo a través de una contraseña. La acción se ve en una vista horizontal del campo, que cambia a una vista ampliada una vez que se cruza la línea de scrimmage. Dos jugadores pueden jugar uno contra el otro o cooperativamente en el mismo equipo.
John Madden Football '92 (USA, Europe)	Esta actualización de la serie de fútbol John Madden ofrece varias características nuevas sobre su predecesora: repeticiones instantáneas, diferentes condiciones climáticas, lesiones de jugadores y la capacidad de revisar y anular las llamadas de interferencia de pase. Los modos de juego incluyen Pre-Season, Regular Season, Playoffs y Sudden Death. Hay 28 equipos más un equipo All-Madden.
John Madden Football '93 (USA, Europe)	Otra actualización en la serie de fútbol Madden. Lo nuevo en esta ocasión son algunos gráficos y animaciones, que incluyen un lanzamiento de moneda animada y algunos movimientos de jugador. Las nuevas características del juego son ofensiva sin juego y un juego de cronómetro. Hay 28 equipos de la temporada '92 -'93, dos equipos All Madden y 8 equipos Greatest Ever. Los modos de juego son la pretemporada habitual, la temporada regular, la muerte súbita y los playoffs. También hay disponible un modo especial de playoffs para los 8 mejores equipos. La versión de Génesis presenta el discurso de comentario digitalizado de John Madden y una memoria RAM con respaldo de batería para guardar los resultados de los playoffs y las estadísticas de los jugadores.
John Madden Football (USA, Europe)	A diferencia de las primeras versiones de computadora, este juego se originó en consolas y se enfoca en la acción en el campo en lugar de la estrategia detallada. Todavía hay una gama detallada de movimientos disponibles, todos agrupados para una selección rápida. Los modos de juego incluyen la temporada regular, los playoffs y la muerte súbita. El juego presenta 16 equipos regulares más un equipo All-Madden, cada uno con sus propias fortalezas y debilidades. Las acciones de juego incluyen seleccionar un destinatario de pase a medida que se desarrolla una jugada, bloquear tackleos, inmersiones y saqueos. Diferentes condiciones climáticas entran en juego cuando está mojado, nevado o embarrado.
John Madden Football - Championship Edition (USA)	La Edición de Campeonato de John Madden Football '93 es esencialmente el mismo juego, pero en lugar de presentar a los equipos de la temporada de ese año, cuenta con 38 de los mejores equipos de temporadas anteriores, de 1966 a 1991. Los equipos incluidos son: Green Bay ' 66; Kansas City '66, '69; Nueva York '68; Baltimore '68, '70; Dallas '71, '75, '77; Miami '72, '84; Pittsburgh '75, '78; Denver '77, '87; Los Angeles '79; Filadelfia '80; Cincinnati '81, '88; San Francisco '81, '84, '89; Chicago '85; Nueva Inglaterra '85; Nueva York '86, 90; Buffalo '90; Oakland-LA '67, '76, '80, '83; Minnesota '69, '73, '76; Washington '72, '82, '87 y '91. El juego también presenta dos equipos &quot;Madden Greats&quot;. Fue un juego exclusivo de alquiler.
Jordan vs Bird (USA, Europe)	Michael Jordan de los Chicago Bulls y Larry Bird de los Celtics de Boston fueron los únicos dos personajes en el juego, lo que permitió al jugador participar en un juego de baloncesto uno a uno. Los minijuegos incluyen un concurso de volcadas (utilizando Jordan) y un concurso de tres puntos (utilizando Bird).
Journey from Darkness - Strider Returns (USA)	Un Strider (the warrior) ha sido llamado para salvar a los habitantes del planeta Magenta. Armado con un láser giroscópico y un convertidor de materia, debe abrirse paso a través de un bosque, una ciudad en ruinas, asentamientos subterráneos, los tejados de un edificio y, finalmente, la nave prisión en la que se encuentra el líder de los Megantans. La jugabilidad es similar a la del original, consistente en correr, saltar y atacar, con un personaje central muy dinámico. La pistola láser puede usarse estando quieto. Los ataques en movimiento con la espada siguen siendo posibles, combinándose ambas armas de forma similar a los juegos de Switchblade. Se pueden recoger fichas que te convertirán en un robot para enfrentarte a los jefes de final de nivel (si recoges las suficientes).
Judge Dredd (World)	Judge Dredd es un juego de acción de plataforma basado en el personaje de cómic británico del mismo nombre y la película de 1995 que empañó ese nombre. El juego fue un lanzamiento multisistema, por lo que se ajusta a la fórmula estándar de saltar / disparar, aunque agrega algunos giros únicos, como herir a los enemigos para que se rindan y puedan ser arrestados. Los niveles iniciales siguen la trama de la película con el futurista juez Judge Dredd enmarcado y enviado a la colonia penal de Aspen, del cual debe escapar y demostrar su inocencia. Después de la pelea en la parte superior de la Estatua de la Libertad que puso fin a la película, el juego continúa con niveles y personajes inspirados en el cómic que culminan con una batalla contra los Jueces Oscuros en Deadworld.
Junction (Japan, USA) (En)	Junction es un juego de acertijos similar al de Pipe Dream, donde el objetivo del juego es deslizarse al lugar correcto. El juego consiste en 50 niveles que se pueden intentar en cualquier orden, pero se debe acumular una cierta cantidad de puntos para poder vencer al juego.
Jungle Book, The (World) (Disney Classic Games)	Basado en la famosa película de animación de Walt Disney, &quot;El Libro de la Selva&quot; es un juego de plataformas en el que controlas a Mowgli, un niño que fue criado por animales salvajes en la jungla. Tu objetivo es encontrar la aldea humana para unirte de nuevo con tu familia. Mowgli es una persona atlética, y puede saltar, correr, hacer balancearse en lianas o subir sin ningún problema. La mayoría de los animales con los que se encuentra, sin embargo, son inexplicablemente hostiles, por lo que debes defenderte a ti mismo con una variedad de armas arrojadizas, como plátanos y boomerangs. Para completar cada nivel, Mowgli debe reunir una serie de cristales (la cantidad depende del nivel de dificultad) dentro de un límite de tiempo. Una brújula en la esquina de la pantalla te ayudará a mostrar la dirección en la que se encuentra el cristal más cercano.
Jungle Strike (USA, Europe)	Algún tiempo después de la Operación Desert Strike, Ibn Kilbaba, hijo de Kilbaba S.R, amenaza con aniquilar a Estados Unidos. Después de que mataron a su padre, la gente que estaba bajo su control, envió a su hijo a huir, junto con el dinero de su padre y el programa de armas nucleares. Kilbaba, más despiadado que su padre, anhela la venganza por la muerte de su padre y decide derramar la sangre de quienes lo mataron, los estadounidenses. Kilbaba ya está armado y contrata a Carlos Ortega para ayudarlo a establecer su programa de armas nucleares en las profundidades de América del Sur. Carlos Ortega, el narcotraficante más famoso del mundo, también anhela vengarse. Con su propio ejército privado, armado con la mayor cantidad de armas de alta tecnología, está listo para luchar contra Estados Unidos a toda costa. Debido a esta amenaza, te contratan de nuevo para luchar contra estos dos personajes, siguiendo sus caminos en las selvas de Sudamérica. Armado con el Commache, muchos otros vehículos y armas destructivas, debes sacar a su ejército privado. Explosión al enemigo con tus fuegos del infierno, hidras, cañones de cadena. Usa la moto de agua para lanzar minas a las naves enemigas. ¡Saca al malvado dúo y libra para siempre a esta amenaza... en la jungla!
Junte 4 (Brazil) (Mega Drive 4)	Juega contra la consola o contra un adversario. Los jugadores se alternan en las jugadas eligiendo una de las columnas. Las piezas siempre paran una casa encima de la pieza más alta de la columna. El objetivo es formar 4 piezas de su color en línea, columna o diagonal antes de su oponente.
Jurassic Park (USA)	¡Zambúllete en una agotadora carrera por la supervivencia! En una isla tropical un violento huracán desgarra la reserva de dinosaurios de parte a parte, atrapando a los turisstas y liberando a los animales más aterradores de la prehistoria! Dos gigantescas formas de jugar: ¡Se un dinosaurio! Como el raptor, embiste rabiosamente a través de la isla combatiendo otras bestias y evitando las trampas y armas de tus enemigos humanos. Como Grant, el paleontólogo, equípate con pistolas tranquilizantes y granadas de gas somnífero. ¡Evade las fauces afiladas como cuchillos del Tiranosaurio Rex y el salivazo paralizante del dilofosaurio! ¡16 descomunales megas de acción que harán trizas tu temple!
Jurassic Park - Rampage Edition (USA, Europe)	Jurassic Park: Rampage Edition es la secuela del primer juego de Jurassic Park en Megadrive, con una jugabilidad y estética parecida a su predecesor, ya que sigue siendo un juego de desplazamiento horizontal. Jugarás como el Dr. Grant, aunque habrá más enemigos que en el anterior. Además de los dinosaurios tienes que derrotar a los agentes de InGen, ya que están tratando de recuperar el ADN y huevos de los dinosaurios para construir un nuevo parque o un ejército de dinosaurios.
Justice League Task Force (World)	El equipo de superhéroes de comics de la Liga de la Justicia consiste en Superman, Batman, Wonder Woman, The Flash, Aquaman y Green Arrow. Deben vencer al malvado Darkseid y sus secuaces, Despero y Cheetah. Pero antes de que puedan llegar a Darkseid, los miembros de la Liga de la Justicia deben batallar entre ellos. Puedes seguir esta historia en el modo historia, o si prefieres solo organizar peleas de exhibición, puedes elegir el modo batalla, que te permite usar los personajes villanos también.
Juuouki (Japan) (En)	Eres un héroe resucitado de entre los muertos por el dios Zeus para rescatar a su hija Atenea. Con un escenario inspirado en la Antigua Grecia, debes luchar contra hordas de muertos vivientes y demonios, con un jefe al final de cada nivel hasta que te encuentres con el dios Neff, que tiene cautiva a la chica. El título Altered Beast se refiere a tus habilidades para cambiar de forma. En este juego de plataformas, puedes recolectar bolas espirituales al derrotar a los lobos de dos cabezas, lo que te permite mutar en diferentes bestias como un hombre lobo, un dragón, un tigre, un oso y otros dependiendo de la versión. Cada forma, ligada a un nivel, viene con habilidades especiales como vuelo y ataques poderosos, reemplazando fácilmente el conjunto básico de puñetazos y patadas en tu forma humana.
Ka-Ge-Ki - Fists of Steel (USA)	Ka Ge Ki es un beat-'em-up en tercera persona ligeramente en ángulo, ambientado en peleas clandestinas a lo Pit-Fighter en el que debes acabar con todos los miembros de una notoria pandilla de motoristas. Cada partido comienza con un enfrentamiento con varios secuaces más débiles y luego pasa al siguiente de los 9 miembros de la pandilla, que deben recibir KO 3 veces antes de pasar a la siguiente ronda. El juego te permite mover a tu personaje en cualquier dirección, siempre que no se salga de los confines de la arena, y te permite atacar a través de una combinación de pulsaciones de botones que también activan esquivar y parar dependiendo del botón presionado. Los gráficos son 2D con un diseño único súper deformado (cuerpos rechonchos con cabezas gigantescas).
Kawasaki Superbike Challenge (USA, Europe)	Kawasaki Superbike Challenge es un juego de carreras de motos que usa el mismo motor que F1. Incluye 14 pistas de carreras de longitud estándar, más la carrera de resistencia Suzuka 8 horas, disponible tanto en los modos de entrenamiento como de campeonato. El juego no tiene licencia (excepto por Kawasaki), por lo que todos los jinetes y equipos son ficticios. El juego ahora tiene más objetos poligonales en la carretera que F1, y todavía hay un modo Turbo, que permite carreras más rápidas a expensas de algunos detalles. Tiene la capacidad de activar o desactivar el clima (durante los días de lluvia, los gráficos son más oscuros y la moto tiene menos tracción). El número de vueltas en cada curso puede ser 5, 10 o 15, y hay 4 niveles de habilidad. Se han realizado algunos cambios en el manejo del vehículo, para enfatizar el cambio de automóviles a bicicletas.
Kick Off 3 - European Challenge (Europe) (En,Fr,De,Es,It)	La tercera entrada en la serie Kick Off es la primera que ofrece una vista isométrica en lugar de la antigua vista descendente. En el juego hay cuatro competiciones (Finales de la Copa del Mundo, Liga, Knock Out Cup y el desafío). Hay varias opciones para la velocidad del juego y el control del balón que se adaptan tanto a jugadores novatos como a jugadores expertos. Cada uno de los 32 equipos en el juego tiene un estilo distinto de juego, asegurando que no hay dos juegos iguales. Cada equipo también tiene &quot;jugadores clave&quot;, como Liberos y Wingers, que juegan un papel fundamental en cómo juega ese equipo. Kick Off 3 ofrece dos estilos de juego: Arcade y Simulación. La diferencia es que en el modo Arcade puedes cambiar de reglas para enfocarte puramente en reflejos.
Kid Chameleon (World) (Mega Drive PlayTV)	Kid Chameleon es un juego de plataforma de desplazamiento lateral en el que el personaje principal ha entrado en un juego de realidad virtual llamado &quot;Wild Side&quot; para liberar a los otros niños que han sido capturados (*cuckoo*). Él puede cambiar su forma en varias otras formas (de ahí el &quot;Camaleón&quot;). Esto le da habilidades especiales que deben usarse para pasar cada una de las más de 100 etapas del juego. Un punto interesante sobre Kid Chameleon es que el juego tiene más de 100 niveles (la mayoría de los cuales son muy, muy difíciles) que deben jugarse en secuencia Y no hay función de guardar o contraseña, lo que significa que completar este juego sería una gran hazaña. de resistencia (y paciencia).
Kidou Keisatsu Patlabor - 98-Shiki Kidou Seyo! (Japan)	Kidou Keisatsu Patlabor es la adaptación en Megadrive de la serie animada japonesa del mismo nombre y emitida en Francia a principios de los 90. En este universo futurista, grandes máquinas como grúas han sido reemplazadas por robots gigantes. Para garantizar que estos robots no se utilicen con fines dañinos, se creó Patlabor. Juegas como los dos héroes principales de la serie, al mando de sus robots.
King of the Monsters (USA)	King of the Monsters es un juego de lucha de dos jugadores (o un jugador contra computadora), en el que los jugadores toman el control de dos monstruos gigantescos (como Godzillas) y luchan en diferentes lugares de la ciudad. La ciudad se destruye gradualmente mientras las dos criaturas se pelean. Los jugadores también pueden interactuar con el paisaje recogiendo botes y cosas así, para usar como armas contra el otro jugador.
King of the Monsters 2 (USA)	King of the Monsters 2 en Sega Genesis es un juego ligeramente diferente de la versión original de Neo Geo. Mientras que el original te permite jugar con uno de los tres monstruos diferentes para pasar por las fases de beat'em-up de desplazamiento lateral y luchar contra monstruos (no jugables) como enemigos principales, la versión de Génesis se volvió a convertir en un luchador uno-a-uno. similar al primer juego de King of the Monsters. Además de Farmardy, todos los personajes de la versión de Neo Geo son jugables. Para ganar, el jugador debe vencer a todos los otros monstruos y a un clon del monstruo jugado en una pelea. Las partidas tienen lugar en áreas construidas a partir de los niveles originales, y cuentan con paisajes destruibles y enemigos secundarios, los cuales se pueden destruir para ganar puntos y potenciadores.
King Salmon - The Big Catch (USA)	King Salmon: The Big Catch es una simulación de pesca en Megadrive. Ingresa a la competencia a través de un modo de torneo e intenta atrapar al salmón más grande. Elija cuidadosamente su caña de pescar, su cebo y el lugar donde comenzará su línea. Las condiciones climáticas también pueden afectar el curso del juego.
King's Bounty - The Conqueror's Quest (USA, Europe)	Como un caballero, paladín, bárbaro o bruja, acumula un ejército de criaturas para enfrentarse a los malos locales y buscar el Cetro del Orden. Un juego por turnos con un límite de tiempo que disminuye según el nivel de habilidad con el que juegues. Dependiendo de tu lealtad, inicialmente comenzarás con un conjunto diferente de criaturas, aunque al rey no le importará si eres su caballero o bárbaro. El juego consta de cuatro mapas, cada uno con más criaturas malas para controlar y oponentes más malos para luchar, pero adquirir esos mapas temprano te permitirá encontrar y comprar algunas criaturas malas que te ayudarán a conquistar fácilmente los mapas anteriores. Puedes ver a todos los enemigos en el mapa y puedes literalmente borrar el mapa de enemigos, aunque al azar pueden aparecer en tus castillos si los dejas desprotegidos después de la conquista. Con cada castillo conquistado (asumiendo que el castillo está ocupado por el enemigo que estás buscando) subirás de nivel, después de los primeros dos ascensos, el rey te promoverá y podrás reclutar caballerías del castillo, después cuatro promociones más podrás reclutar caballeros. Todas las otras criaturas se encuentran fuera del castillo del rey y pueden ser reclutadas sin importar el nivel, aunque tu nivel determina la cantidad de criaturas que puedes encontrar para el reclutamiento, pero cuídate porque si no tienes suficiente salario para tu ejército, ellos desertarán o se volverán en su contra.
Kishi Densetsu (Japan)	Kishi Densetsu es un juego de simulación de guerra de 1993 para Sega Mega Drive del Kodansha Research Institute lanzado exclusivamente en Japón.
Kiss Shot (Japan) (Sega Game Toshokan)	Kiss Shot es un juego de billar simple para uno o cuatro jugadores. Utiliza un punto de vista aéreo y un sistema de disparo muy similar al Side Pocket de Data East, y presenta un modo de nueve bolas estándar para uno o dos jugadores, así como un juego de diez bolas llamado &quot;Boulard&quot; que incorpora elementos de bolos en las reglas y permite para hasta cuatro jugadores. En cada toma, el jugador puede establecer la dirección, el punto de golpe, el ángulo de golpe y la potencia de disparo.
Klax (Japan) (Namco)	Un Juego de puzzle/acción, el objetivo es colocar las baldosas de diferentes colores que caen en columnas o diagonales de un solo color. Cada nivel es diferente, y aumenta la velocidad, dificultad y color de las baldosas mientras avanzas en el juego.
Klax (USA, Europe) (Tengen)	Un Juego de puzzle/acción, el objetivo es colocar las baldosas de diferentes colores que caen en columnas o diagonales de un solo color. Cada nivel es diferente, y aumenta la velocidad, dificultad y color de las baldosas mientras avanzas en el juego.
Klondike (USA) (Sega Channel)	Klondike es una versión para Mega Drive del juego de cartas del mismo nombre (uno de los videojuegos más jugados gracias a su inclusión en el sistema operativo Windows de Microsoft durante décadas). Aparte de los logotipos del Canal Sega y una banda sonora única, es prácticamente el mismo juego que se puede encontrar en otros lugares.
Krusty's Super Fun House (USA, Europe)	La casa de Krusty el Payaso, Fun House ha sido invadida por las ratas. Debes ayudarle a arrear a las ratas hacia las máquinas trampa para eliminarlas. Con el fin de hacerlo, Krusty debe manipular su entorno para establecer vías para que las ratas se dirijan en la dirección correcta. Los objetos que se mueven alrededor de Krusty incluyen bloques, ventiladores y piezas de tubería.
Kyuukai Douchuuki (Japan)	Kyuukai Douchuuki es un juego de béisbol arcade de 1990 de Namco que portaron a la Mega Drive de Sega en 1991. Ninguna versión salió de Japón. El juego es un juego genérico de béisbol en el que solo tienes el control del lanzador y bateador; Una vez que el bateador golpea la pelota, solo puedes mirar lo que hace tu equipo. Al batear, el D-pad se mueve y C oscila. Al lanzar, izquierda y derecha se mueven y aparece una cierta cantidad de tiempo presionando el botón C para lanzar.
La Russa Baseball 95 (USA, Australia)	Intenta encontrar otro juego de béisbol de 16 bits que te brinde más estadísticas. No lo harás, Intenta encontrar un juego en el que conectas un jonrón y parece que pegas un jonrón. No lo harás, Intenta encontrar un juego con atributos de jugador que sean más fáciles de reconocer. No lo harás, Intenta encontrar un mejor juego de baseball. No lo harás
Lakers versus Celtics and the NBA Playoffs (USA, Europe)	Lakers vs. Celtics es un juego de baloncesto con equipos reales de la NBA. El juego está orientado a la acción con énfasis en la ofensiva. Juega un juego de exhibición o trata de ganar el título de la NBA en el modo de torneo de postemporada. Un modo de temporada no está disponible. Puedes sustituir jugadores cansados ??pero no hay otras opciones de gestión. La versión de DOS tiene diez equipos de la NBA '88 -'89, incluidas las All-Stars Este y Oeste. Puedes jugar con algunos de los nombres más importantes en la historia de la NBA, incluidos Kareem, Bird, Jordan y Ewing. Varios jugadores estelares tienen su propio movimiento característico. La versión de Génesis, que fue lanzada un año después, tiene diez equipos de la NBA de la temporada '89 -'90. También agrega más movimientos de firma, diferentes jerseys de local y de visitante, retratos de jugadores para los primeros cinco, muestras de voz para el árbitro y cuenta el número de faltas personales que un jugador ha cometido.
Landstalker (USA)	Landstalker es el título que puso a Climax Entertainment en el mapa. Siguiendo las hazañas del cazador de tesoros élfico, Nigel, y su amigo duende, el viernes, viajan a una isla distante para encontrar el tesoro perdido del Rey Nole. El juego puede dibujar muchos paralelismos con la serie Zelda, debido al estilo en su mayoría caprichoso del juego y el énfasis en la recolección de elementos. Sin embargo, Landstalker es más meticuloso, se mueve a un ritmo más lento y más desarrollado, con una gran cantidad de ciudades y NPC que completan el elenco.
Langrisser II (Japan)	&quot;Langrisser II&quot; es una secuela de Warsong (cuyo título original es Langrisser). Los eventos del juego tienen lugar varios años después de los descritos en &quot;Warsong&quot;. Se ha ido el benévolo reino de Baltia, y ha surgido un nuevo poder: el Imperio de Rayguard, dirigido por el emperador Bernhart y sus cuatro generales. Recientemente, Bernhart ordenó a su ejército atacar a los países vecinos, obviamente buscando algo. Este &quot;algo&quot; podría ser nada más que una legendaria espada malvada, que hace que quien la porte sera invicto. ¡Depende del noble caballero Elwin y sus amigos detener al Emperador! Langrisser II es un RPG de estrategia. El ejército está dividido en unidades de soldados y generales, que luchan solos y que suelen ser más fuertes que una unidad completa. Antes de que comience el escenario, debes contratar soldados, comprar armas y objetos, etc. Durante la batalla, si te pones en contacto con una unidad enemiga, se produce una secuencia de batalla automática. También puedes lanzar hechizos de sanación en tus unidades o hechizos ofensivos para herir al enemigo.
Last Action Hero (USA)	Danny Madigan está viendo un adelanto de la última película de su héroe favorito, Jack Slater, cuando misteriosamente es catapultado dentro de la pantalla; ahora de pie junto a su ídolo favorito. Eres Jack Slater, un héroe de la película de acción, que enfrenta al maníaco del hacha The Ripper, que tiene una escuela bajo asedio, y a Benedict, un villano que quiere usar el boleto de Danny para llevar el terror al mundo real. El juego, basado en la película del mismo nombre, protagonizada por Arnold Schwarzenegger, es muy diferente para cada plataforma. Para la mayoría de ellos, la jugabilidad se puede dividir en dos partes: niveles de lucha de desplazamiento lateral y persecuciones de autos salvajes en las calles.
Last Battle (USA, Europe, Korea) (En)	Last Battle es un juego de desplazamiento lateral y uno de los primeros juegos disponibles para Sega Genesis. Básicamente, eres el héroe rebelde que con una sola mano (o con las piernas) luchará contra un ejército de enemigos completo por la libertad de tu pueblo.
Lawnmower Man, The (USA, Europe)	The Lawnmower Man es el juego basado en la película de 1992 del mismo nombre (basada en una historia corta de Stephen King) protagonizada por Pierce Brosnan, antes de Bond, como el Dr. Lawrence Angelo, científico que trabaja para Virtual Space Industries en el &quot;Proyecto 5 &quot;, una investigación secreta que intenta aumentar la inteligencia de los primates que usan drogas psicotrópicas y entrenamiento de realidad virtual. Con su renuencia a apuntar la investigación al propósito militar, después de que uno de los chimpancés escapa y dispara a un guardia en el proceso, se le obligan a irse de vacaciones, y mientras toma notas sobre la necesidad de experimentar con un sujeto humano, nota a Jobe Smith ( Jeff Fahey), un simplón que se gana la vida con trabajos ocasionales, como cortar el césped (de ahí el papel principal). Los primeros experimentos aumentan rápidamente la inteligencia de Jobe, y aunque después de un accidente Angelo detuvo los experimentos, The Shop, una agencia secreta que muestra el Proyecto 5, reinsertó las drogas responsables del comportamiento violento en el programa y aceleró el tratamiento. A medida que Jobe comienza a desarrollar poderes telequinéticos, comienza a vengarse de aquellos que abusaron de él antes de comenzar los tratamientos, y conspira para hacerse cargo de todas las computadoras en el mundo.
Legend of Galahad, The (USA, Europe)	El héroe titular viaja a través de este juego de acción de plataformas, cortando criaturas mutantes con una espada y luchando contra el malvado Thanatos con la esperanza de salvar la vida de la Princesa Lucanna. Los controles son bastante simples e incluyen saltar, caminar o atacar. Reúne iconos que te ayudarán en la mejora de tu armadura, gana una vida extra y monedas para gastar en la tienda en busca de nuevas armas. Asegúrate de no recolectar ningún ícono de calavera o llamará a la Presencia etérea de Thanatos donde tendrás que usar bombas de runas para destruirla. Después de completar uno de los tres mundos, se le dará una contraseña para que pueda reanudar más tarde después de quedarse sin vidas.
Lemmings (USA)	El objetivo de cada nivel es salvar a los lemmings que dan nombre al juego conduciéndolos al punto de salida. Para ello hay que ir dándoles una serie de instrucciones para que puedan llegar al punto de salida de una forma segura. Para superar los obstáculos contamos con habilidades que debemos asignarles a cada uno de los lemmings. Entre estas están la habilidad de cavar, caer suavemente con un paraguas (imprescindible para no espachurrarse contra el suelo en las caídas muy altas), escalar paredes o construir escaleras que pueden tener hasta 12 escalones. Además, también hay que ser rápidos de reflejos, porque los lemmings en ningún momento dejan de moverse (salvo que a uno de ellos le asignemos la función de bloquear el paso de sus compañeros), por lo que hay acciones que deben tomarse deprisa, como la de hacerles caer con un paraguas cuando se van a tirar por un acantilado demasiado alto.
Lemmings 2 - The Tribes (USA)	La secuela de uno de los juegos más famosos tiene una trama mucho más significativa. Los Lemmings se han dividido en 12 tribus distintas, cada una de las cuales tiene su propio paisaje y su propia identidad cultural: incluyen egipcio, circo y tierras altas. Sin embargo, la Isla Lemming ahora está en peligro, y debes completar 10 niveles para cada tribu para que se reúnan y reensamblen el Talismán de las 12 piezas. En los 120 niveles hay más de 60 habilidades, aunque no más de 10 están en uso en cada pantalla. La tribu Classic tiene los que forman el original y es quizás la mejor opción para los jugadores primerizos.
Lethal Enforcers (USA)	Tomaremos el papel de un policía, el cual su objetivo, es en cada nivel, matar a los tipos malos, y evitar a herir a civiles inocentes. Al final de cada episodio, el jugador debe pelear contra un jefe final. Al principio del juego, el jugador cuenta con un Revólver de servicio. Sin embargo, podrá recoger otras armas. Para ello simplemente debe dispararle al ícono de la misma. El jugador puede recoger, una Magnum, una escopeta, un rifle de asalto, un subfusil y un lanzagranadas. Salvo las últimas dos armas, todas se pueden usar infinita cantidad de veces, a no ser que el jugador sea herido por un criminal, en ese caso se volverá a usar el revólver de servicio.
Lethal Enforcers II - Gun Fighters (USA)	En esta secuela de Lethal Enforcers eres el sheriff de un pueblo situado en el viejo oeste. Utilizando el control pad o el Justifier lightgun de Konami, debes acabar con los malvados que están robando bancos y secuestrando inocentes. Tienes la oportunidad de recargar y mantener el arma, siempre y cuando no dispares a la gente inocente que está tratando de salvarte. La acción por lo general se muestra en una sola pantalla con los enemigos, &quot;saltando&quot; en varias secciones. Si no les disparas a tiempo te dispararán. Perderás energía si te disparan o disparas a un civil inocente.
LHX Attack Chopper (USA, Europe)	LHX: Attack Chopper es una simulador de helicópteros con un fuerte enfoque arcade. Puedes elegir libremente qué misiones volar primero y qué helicópteros volar en una misión determinada. Hay un total de cuatro helicópteros: Apache, Blackhawk, Osprey y LHX. Con esta excelente selección de máquinas de muerte atacarás innumerables objetivos enemigos en Libia, Alemania del Este y Vietnam a lo largo del juego.
Liberty or Death (USA)	Las Guerras Europeas contra España y Francia han sido costosas para el Imperio Británico. Con el fin de obtener fondos adicionales para el esfuerzo de guerra, la Corona recauda impuestos de las colonias del Nuevo Mundo sin representación. Este acto obliga a las colonias del Nuevo Mundo a protestar y boicotear contra el dominio británico. En 1775, la Corona alarmada por las protestas, los boicots y la inestabilidad política en el Nuevo Mundo envía tropas para someter cualquier esfuerzo rebelde de los colonos del Nuevo Mundo. Este enfoque amenazante provoca que las Trece Colonias se rebelen. Así comienza la Guerra de Independencia en el Nuevo Mundo (Guerra Revolucionaria Americana).
Light Crusader (USA)	De los creadores de Gunstar Heroes y Dynamite Headdy llega Light Crusader, la aventura de rol más alucinante que hayas visto. En el paple de David, un espadachín de gran talento del reino del Rey Frederick, tu misión es descubrir qué o quién está controlando el malvado hechizo que gobierna al pueblo medieval. Con tus habilidades con la espada, resolverás docenas de complicados puzzles y recorrerás una extensa zona de juego en busca de la verdad, consiguiendo pistas y soluciones mientras se desarrolla el juego. Light Crusader ofrece horas y horas de juego, además de alucinantes gráficos, increíbles puzzles, simpáticos aldeanos y feroces enemigos. Con la oción de grabar este es el juego de rol más adictivo y jugable que jamás haya tenido Mega Drive.
Lightening Force - Quest for the Darkstar (USA)	La súper computadora que pensamos que fue destruida tan solo fue dañada. La federación ha decidido enviarte en una nave para destruir esta amenaza. Thunder Force IV, conocido en América del Norte como Lightening Force: Quest for the Darkstar, es un videojuego shoot-em up de desplazamiento lateral de 1992 desarrollado y publicado por Technosoft para Sega Genesis como la cuarta entrega de la serie Thunder Force. El juego se lanzó en Japón el 24 de julio de 1992, en América del Norte en septiembre de 1992 y en Europa en diciembre de 1992.
Lion King, The (World)	En los primeros niveles del juego manejaremos a un Simba cachorro con el que recorreremos paisajes selváticos muy bien recreados, haciendo gala de las habilidades del pequeño león. Los enemigos que nos encontraremos por el camino irán desde camaleones hasta peligrosas hienas, aunque tampoco hay mucha variedad. El objetivo de las fases será llegar al final del nivel y pasar al siguiente. El estilo del juego es muy variado, y eso es muy de agradecer. Como Simba cachorro, solo tendremos el salto y el pequeño rugido como habilidades. Una vez que sea adulto, mantendrá el rugido y el salto, aunque el primer sonará como el de un verdadero león, además de que se añadirá la capacidad de lanzar zarpazos.
Lobo (USA) (Proto)	Lissen up, fanboys! Aquellos de ustedes que no están al tanto, yo soy Lobo, y soy el mejor. Soy el luchador más rudo y más duro de este lado del Clúster Magadon, y cualquier miembro que piense diferente recibirá una granada en el almuerzo. ¡El hombre principal está aquí! De las páginas de DC Comics viene Lobo, el mastica cigarros, el cazador de recompensas interestelar con chaqueta de cuero de mala reputación y el mayor dolor en la galaxia.
Lord Monarch - Tokoton Sentou Densetsu (Japan)	Eres el príncipe Alfred, el hijo del gran rey de Monarch. Como has sido un niño bastante fresco y perezoso, el rey decide fortalecerte enviándote a la batalla. ¡Ahora tienes dieciséis años y debes demostrar que eres digno de ser el príncipe de Monarch! Este es un juego de estrategia de guerra. Dirige un ejército y realiza diversas acciones, como enviar tropas, fortificar su posición, aliarse con otra regla, etc. Hay límites de tiempo para sus operaciones estratégicas durante las cuales tendrá que vencer al enemigo. La versión de Génesis presenta gráficos de estilo animé, una interfaz ligeramente diferente y una historia elaborada que no existía en la versión original de SNES.
Lost Vikings, The (USA)	Los protagonistas son tres vikingos: Erik, Olaf y Baleog, que son abducidos por el malvado alienígena Tomator y que deben resolver niveles a lo largo de diferentes mundos para volver a su hogar. Erik puede saltar y empotrarse contra enemigos y objetos, Baleog puede atacar con espada y disparar flechas, y Olaf puede detener a la mayoría de los enemigos con su escudo y planear utilizando su escudo como ala delta. Al ser heridos, los vikingos pierden puntos de resistencia, que pueden ser regenerados con comida que se encuentra en los niveles. Si pierden todos los puntos de vida, mueren. Para pasar el nivel, todos los vikingos deben ser trasladados al punto final con vida. Generalmente, estos niveles exigen un trabajo de los tres personajes en equipo para llegar hasta el final. Los mundos que deben atravesar los vikingos son: El espacio, la prehistoria, el antiguo Egipto, la gran factoría y el mundo absurdo.
Lost World, The - Jurassic Park (USA, Europe)	El juego se ubica en &quot;Isla Sorna&quot; de Jurassic Park, un concepto originalmente basado en la serie de películas de Steven Spielberg. Usted juega el papel de un cazador de recompensas tratando de atrapar algunos dinosaurios preciados. Este juego no es un juego de plataforma de desplazamiento lateral como los otros dos juegos de Jurassic Park en el Genesis. Este es un juego de vista de arriba hacia abajo como la versión de SNES de Jurassic Park, con una mecánica de juego similar a The Chaos Engine. Cada uno de los cuatro sitios de Isla Sorna contiene tres misiones. Una vez que hayas completado las tres misiones desbloqueas la misión del jefe. Para un cambio en el juego, las misiones del jefe son niveles parecidos a 3D. Una vez que se eliminan los cuatro sitios, obtienes dos misiones finales más para completar el juego.
Lotus II (USA, Europe)	Esta secuela de Lotus Esprit Turbo Challenge es nuevamente un juego de carreras detrás del automóvil. Toma ocho circuitos distintos, agregando efectos de superficie y meteorológicos como el desierto y la nieve. Más adelante en el juego, debes correr a través de las autopistas de dos vías con el tráfico que viene en sentido contrario (con la incorporación de automóviles y camiones civiles) y enfrentar niveles difíciles con la ayuda de la aceleración de la velocidad y el tiempo. Ya no estás compitiendo directamente contra otros autos o sobre vueltas; en cambio, las carreras son puntuales ya que tienes tiempo limitado para llegar a cada punto de control. Alcanzar cada uno de estos extiende su tiempo, y cualquier tiempo restante se convierte en puntos de bonificación si completa con éxito la pista. Tienes dos coches a tu disposición, que el juego elige automáticamente para cada nivel. El Lotus Esprit del original se une con un Lotus Elan convertible, que es más lento pero tiene mejor agarre.
Lotus Turbo Challenge (USA, Europe)	Lotus Turbo Challenge es un juego de carreras en Megadrive. Elige tu Lotus favorito y participa en carreras salvajes contra 16 competidores controlados por computadora. El juego se basa en un sistema de puntos de control, cada carrera se divide en segmentos y el jugador tiene un tiempo limitado para cambiar de uno a otro. Un modo para dos jugadores también está presente.
Lufia & The Fortress of Doom (USA) (Proto)	Lufia & The Fortress of Doom es un juego de rol para el sistema de entretenimiento Super Nintendo desarrollado por Neverland y publicado por Taito. Después de su lanzamiento inicial de finales de 1993 en América del Norte, Taito anunció planes para una versión de Sega Mega Drive, que finalmente fue cancelada por razones desconocidas. En Japón, el juego SNES se conoce como Estpolis Denki, sin embargo, no hay evidencia que sugiera que alguna vez se haya planeado una versión japonesa del juego Mega Drive. El juego se mostró en el CES 1994, y el juego recibió una fecha tentativa de lanzamiento en diciembre de 1994. Esto fue retrasado más tarde a la primavera de 1995 (con este retraso anunciado como &quot;vale la pena la espera&quot;) antes de ser cancelado silenciosamente. Fue visto por última vez en un estado muy temprano en Winter CES 1995. Se especula que el juego, destinado principalmente para el mercado de América del Norte, no fue lanzado debido al cierre de Taito América en 1995.
M-1 Abrams Battle Tank (USA, Europe)	Tome el tanque más poderoso de la OTAN, el M-1 Abrams, en 8 misiones difíciles contra las fuerzas del Pacto de Varsovia. Las cuatro estaciones de tanques y los otros aspectos del tanque están bastante bien simulados, con diferentes tipos de balas de cañón, ametralladoras coaxiales y todo eso. También están los comandos independientes de rotación de la torreta y la pista.
Mad Stalker - Full Metal Forth (USA, Europe) (Strictly Limited Games)	Mad Stalker: Full Metal Forth es un juego beat 'em up de desplazamiento lateral que recuerda a Kung-Fu Master y The Ninja Warriors, donde los jugadores asumen el papel de un policía que toma el control de un traje mecánico SlaveGear conocido como Hound Dog a través de seis etapas de diversos temas ambientados en Artemis City en un esfuerzo por derrotar a un modelo de SlaveGear rebelde llamado Rising Dog, detener a una inteligencia artificial rebelde llamada Omega, que se ha vuelto rebelde contra la humanidad y destruir su ejército de robots enemigos como objetivo principal. Antes de comenzar un juego, los jugadores tienen la opción de acceder al menú de opciones en la pantalla de título, donde se pueden ajustar varias configuraciones, como controles y cualquiera de los tres niveles de dificultad.
Madden NFL '94 (USA, Europe)	Madden NFL '94 es el tercero en la serie Madden de juegos de fútbol para la SNES. Cuenta con 80 equipos: 28 equipos de la temporada 1993, 38 equipos del Super Bowl de 1966-1991, 12 equipos de la franquicia All Star desde 1950 y dos equipos &quot;All-Madden&quot;. Puedes jugar estos equipos en un juego de exhibición regular o en un juego de muerte súbita, o llevar a los equipos de 1993 durante toda una temporada. También puedes ingresar a los playoffs con los equipos de 1993, los campeones del Super Bowl o los equipos de la franquicia All Star. A diferencia de muchos otros juegos deportivos, guardar una temporada se hace por contraseña en lugar de almacenar los datos en un juego guardado.
Madden NFL 95 (USA, Europe)	John Madden ha vuelto en la versión de 1995 de Madden NFL. Juega en la exhibición, el Super Bowl, los playoffs o la temporada completa con cualquiera de los equipos de 1994 o todos los equipos de Madden. En esta ocasión, puedes seleccionar si se incluyen o no las condiciones climáticas, nuevas animaciones para el jugador (high steppin', QB slides), un campo más grande y más de 100 lesiones. También incluye pases sin ventanas, todas las nuevas estrategias diseñadas por Madden y el emparejamiento del equipo que muestra cómo se comparan tus jugadores con el otro equipo en su posición.
Madden NFL 96 (USA, Europe)	Madden NFL 96 en Megadrive es en todos los aspectos similar a su versión anterior con la obvia excepción de que usted tendrá la oportunidad de jugar con los equipos presentes en la NFL en 1995. Puede elegir realizar una partida individual, una temporada completa o juega el Super Bowl. Finalmente, la principal novedad de esta obra radica en la adición de voces digitalizadas.
Madden NFL 97 (USA, Europe)	Bienvenido a Madden NFL 97, el juego que captura la emoción de un pase touchdown de 30 yardas, la estrategia de un recorrido de anotación bien ejecutado y el ambiente de una fresca tarde de otoño en el estadio. Madden NFL 97 ofrece gráficos y sonido de última generación, y con el soporte de módem y red, está listo para poner a prueba sus habilidades competitivas.
Madden NFL 98 (USA)	El experto en jugadas John Madden vuelve a licenciar la simulación de fútbol insignia de Electronic Arts. Las nuevas características para 1998 incluyen funciones más avanzadas de Quarterback, como la capacidad de jugar lob passes y ajustar los patrones de sincronización, y más funciones instintivas de IA para ajustar a medida que avanza la partida. Las funciones de escuadrón también han avanzado, con la oportunidad de crear jugadas y cambiarlas. La jugabilidad es muy similar a la de las otras ediciones, con la temporada completa en oferta, así como los playoffs y el Superbowl. Todo se presenta al estilo de TV, con análisis e informes de reproducción por jugada. A los equipos contemporáneos de la NFL se unen grandes escuadrones del pasado.
Madou Monogatari I (Japan)	En este juego, juegas a una joven aprendiz de hechicera llamada Arle. Estudia en una escuela de magia y está por realizar su examen más importante: ¡ve a la Torre de Satanás, vence a los enemigos y supera todos los obstáculos en el camino usando su poder mágico! Mado Monogatari I es una mezcla de rompecabezas / rol. Con personajes y acertijos de los juegos de Puyo Puyo, se encuentra en una mazmorra 3D que exploras desde la perspectiva en primera persona. El combate se lleva a cabo en una plataforma, y ??es una mezcla de estilos basados ??en turnos y en tiempo real. Los enemigos te atacan incluso si esperas, pero tienes tiempo para realizar tus movimientos. Debes mantener presionados los botones y presionar las flechas de dirección para ejecutar varios hechizos mágicos.
Magic School Bus, The - Space Exploration Game (USA)	Despega en una excursión al sistema solar, ¡donde cada aventura ocurre en un planeta diferente! El juego THE MAGIC SCHOOL BUS de Scholastic está basado en la serie de libros más vendidos y en el exitoso programa de TV de PBS. ¡Da un paseo con la estrafalaria Ms. Frizzle y Liz the Lizard en una misión espacial en constante expansión... y tú eres el piloto! Toma fotos para tu diario espacial. Aprende sobre satélites, cohetes, asteroides, cometas y... hey, ¿qué está haciendo el béisbol aquí? Aplica tus fascinantes descubrimientos para resolver acertijos. ¡Incluso construye tu propio sistema solar!
Magical Hat no Buttobi Turbo! Daibouken (Japan)	Max D. Cap ha tomado control sobre la Isla Cuerpo dividiéndola en pedazos. El Dr. Frank N. Stein te ha creado a ti, Chuck D. Head, para combatir al ejército de criaturas de D. Cap y volver a unir los pedazos.
Magical Taruruuto-kun (Japan)	Basado en una popular comedia de manga publicada en Shonen Jump, Magical Taruruuto-kun trata de un niño llamado Edojou Honmaru que constantemente está siendo intimidado en la escuela hasta que llama al héroe titular Taruruuto de otro mundo para que lo ayude. Es un juego de plataforma cursi que se juega de manera similar a la mayoría de los otros juegos de su género. Hay muchos peligros para saltar hasta terminar con las peleas de jefe de nivel, Taruruuto puede golpear a los enemigos con su varita o recoger objetos y lanzarlos.
Mahjong Cop Ryuu - Shiro Ookami no Yabou (Japan)	Mahjong Cop Ryuu? Shiro Ookami no Yabou (Ambición del lobo blanco) es un cruce entre una novela visual y un juego de Mahjong con un detective llamado Ryuu, dotado de poder psíquico.
Mamono Hunter Youko - Dai 7 no Keishou (Japan)	De NCS (los creadores de Assault Suit Leynos, Assault Suit Valken, Gynoug y Shubibinman) llega Mamoko Hunter Yoko: Dai 7 no Keisho (o Devil Hunter Yoko: The Seven Bells), uno de los únicos juegos basados ??en el anime / manga asesino del demonio del mismo nombre. Devil Hunter Yoko es sobre Yoko Mano, que era una chica normal que se abre paso en la escuela secundaria, hasta que se enteró de que ella es la 108ª sucesora de una línea de guerreros encargados de defender la tierra contra los demonios. Cada mujer nacida en la familia Mano ha asumido el papel de los legendarios cazadores de demonios, guerreros que luchan contra los demonios y otras fuerzas de la oscuridad que amenazan a la Tierra. El reino de los demonios (que es paralelo a nuestro mundo) está en alineación interdimensional con el nuestro, lo que podría provocar que se abra un portal, permitiendo que los demonios crucen y se lanzen en un ataque total. Los demonios están tratando de destruir a Yoko antes de poder tomar el lugar que le corresponde como la 108ª generación de Devil Hunter. Ella debe detener a los demonios antes de que puedan realizar el ritual que significará el final de la raza humana. Mamono Hunter Yoko: Dai 7 no Keisho es un juego de acción lateral de desplazamiento / plataformas a lo largo de la línea de Valis. Tú controlas a Yoko que está equipada con una espada, que usas para atacar a tus enemigos. Además, si mantienes pulsado el botón de ataque puedes crear un escudo que bloqueará los ataques débiles. El escudo también puede ser lanzado para atacar a los enemigos. Juegas en varios mundos diferentes, como un escenario de tipo de planta, un escenario de agua, un escenario de cueva, un escenario de nieve, etc.
Man Overboard! (Europe)	S.S. Lucifer: Man Overboard!, También conocido como Sink o Swim, es un juego de rompecabezas en Megadrive. Eres Kevin Codner, salvador de los pasajeros del crucero SS Lucifer. En cada uno de los 60 niveles, debe abrir la ruta hacia la salida. Los pasajeros se mueven sin cuidado y siempre debe estar delante de ellos para no perder ninguno. Pero tenga cuidado de no confundir la velocidad y la precipitación, estas bajo la pena de tener la muerte en la conciencia.
Marble Madness (USA, Europe)	Un port del juego de arcade. La idea es engañosamente simple: guíe una bola de mármol por un camino sin golpear ningún obstáculo o desviarse del recorrido. El juego se ve desde una perspectiva isométrica, lo que hace que sea más difícil mantenerse enfocado en la dirección que seguirá la pelota. Hay pasillos estrechos para seguir y enemigos que evitar. Hay un modo para 2 jugadores en el que los jugadores deben competir hasta el final; de lo contrario, compites contra el reloj.
Mario Andretti Racing (USA, Europe)	El italiano Mario Andretti es uno de los pilotos de carreras más exitosos en la escena estadounidense, y cinco de sus familiares también han corrido profesionalmente. Este juego te permite probar autos Indy, autos stock y autos sprint, todos los cuales han sido honrados por Andrettis. La física se personaliza para cada uno de estos, así que espera que los autos de carrera se deslicen en las pistas de tierra, y el efecto de deslizamiento es detectable. Hay 27 autos controlados por computadora con perfiles individuales, y 8 autos para elegir en cada carrera, con diferentes estándares de motor, agarre, frenos y tripulación de boxes. Puedes ver la acción desde detrás del automóvil o desde la nariz. En carreras más largas, debe monitorear la estrategia de pit, con opciones de splash 'n' dash stop si sus llantas todavía están bien.
Mario Lemieux Hockey (USA, Europe)	Este juego de hockey contiene exhibición, torneo, shootout y un modo de lucha. También tiene 16 equipos que representan ciudades de equipos NHL reales, pero el juego no contiene ni equipos ni jugadores NHL reales. El modo de exhibición es solo un enfrentamiento uno a uno entre 2 equipos. En el modo de torneo, un equipo debe ganar para avanzar a la siguiente ronda. Si un equipo pierde, son eliminados. El modo shootout consiste en dos equipos que se turnan para disparar contra el portero y el que anota más goles gana. El modo de lucha consiste en dos jugadores de hockey luchando entre sí hasta que se agote cualquiera de sus barras de energía. Este modo es bueno para obtener algo de práctica porque cuando la pelea ocurre en un juego de hockey, el perdedor de la pelea es enviado a la caja de penalizaciones. Hay tres niveles de habilidad y cuatro periodos para elegir. El juego también tiene una opción para hacer que el árbitro sea ciego, justo o duro, lo que afecta la frecuencia de las penalizaciones.
Marko (USA)	Marko's Magic Football, conocido simplemente como Marko en América del Norte, es un juego de plataformas de 1994 desarrollado y publicado por Domark para Sega Mega Drive, Sega Mega-CD y Sega Game Gear. Las versiones Mega CD y Game Gear fueron lanzadas exclusivamente en Europa, aunque el port Mega CD fue extraoficialmente traído a los EE. UU. A través de Good Deal Games, que comenzó a vender reproducciones sin licencia en algún momento de la década de 2000. En Marko's Magic Football, juegas como Marko, un jugador de fútbol que usa su fútbol para completar varias tareas de plataformas.
Marsupilami (USA) (En,Fr,De,Es,It)	Basado en el personaje desarrollado por el artista belga de historietas Franquin, este plataforma presenta al jugador a Marsupilami, un animal extraño con una gran cola, que fue cazado furtivamente junto con Bonelli the Elephant de la jungla de Palombian por Bring M. Backalive y vendido a un Circo. Aprovechando la oportunidad cuando el entrenador de animales se durmió, Marsupilami obtuvo la llave con su larga cola y liberó a todos los animales, y con la ayuda de sus amigos palestinos, Noé, Bip y Sarah intentan regresar a Palombia. Si bien puede parecer un juego de plataforma típico a primera vista, incluye un giro: en lugar de docenas de enemigos, Marsupilami tiene que guiar a Bonelli a través de huecos y otros obstáculos (no muy diferente a los niveles de Earthworm Jim donde Jim tiene que conducir a Peter Puppy a un lugar seguro), al dar forma a su cola la transforma en escaleras, puentes o un paraguas, pero para hacerlo, primero debe recolectar un ícono con las habilidades requeridas para completar el nivel, hasta cuatro en cada uno. Siempre disponible está la capacidad de formar un puño gigante no solo para golpear a los guardias y otros enemigos, sino también para cambiar la dirección de Bonelli. El jugador también recolecta frutas a lo largo del camino, lo que no solo proporciona puntos extra al final del nivel, sino que también pueden retirarse para ralentizar a Bonelli. Cada nivel está sincronizado, por lo que el jugador no puede cometer muchos errores, incluso si algunos elementos de bonificación de tiempo están ocasionalmente disponibles.
Marvel Land (USA)	En la tierra de Coni, sus habitantes vivían en armonía. En su centro se encuentra una montaña llamada &quot;Paz&quot;, en la que reside un parque de atracciones conocido como &quot;Marvel Land&quot;. Este parque está bien protegido por las hadas. Más tarde, el Rey Mole se convirtió en el gobernante de los habitantes menores y envió a sus secuaces a tomar Marvel Land, encarcelando a las Hadas dentro de las bolas de cristal. Llamaron a un joven llamado Talmit para rescatar a la princesa Wondra y liberar a las hadas del rey Mole. Marvel Land consta de cinco mundos con siete etapas cada uno, y el juego se juega en un estilo de plataforma, en el que debes correr por el nivel, matar a los enemigos y encontrar la puerta de salida.
Mary Shelley's Frankenstein (USA)	Basado en la nueva versión de la película de 1994 de Frankenstein, el jugador es el hombre artificial creado por Victor Frankenstein. Después de que Víctor rechaza su creación debido a su horrible apariencia, la creación huye de Victor y jura vengarse de él. El jugador atraviesa una serie de niveles, luchando contra cualquier cosa atacando con un palo de madera. Es posible prender fuego a la punta del palo, colocándolo en las antorchas de fuego ubicadas en las paredes. El jugador también puede usar un ataque especial: una bola azul que sale de las manos de la creación, lo que le quita parte de la vida al jugador. También hay algunos rompecabezas simples que deben resolverse para poder superar los niveles.
Master of Monsters (USA)	Master of Monsters es un juego de estrategia por turnos en el que eliges a uno de los cinco magos diferentes y luchas contra los demás magos por dominar la tierra que se alza sin una regla después de la muerte del maestro mago. Puedes jugar en dos campañas contra la computadora que requieren que derrotes a los magos enemigos en todos los mapas y te permite llevar todas las unidades que han sobrevivido a una batalla a la siguiente. También puedes jugar todos los mapas de forma individual con hasta dos jugadores humanos. En las batallas, puedes convocar a diferentes monstruos y lanzar hechizos. Los monstruos que puedes invocar y los hechizos que puedes usar dependen del hechicero que hayas elegido. Tu objetivo en cada batalla es derrotar a todos los demás magos y así conquistar la tierra (en las campañas solo tienes un número limitado de turnos para hacerlo). Tu mago y tus monstruos ganan experiencia luchando y las habilidades de tus monstruos difieren mucho entre sí.
Master of Weapon (Japan) (En)	La &quot;Guerra de los 7 días&quot;, siete días de invierno nuclear, ha provocado cambios ecológicos masivos en la Tierra. El suelo se abre, los océanos hierven y todos los seres vivos del planeta comienzan a cambiar... incluida la humanidad. Los científicos crean una computadora para dejar una semilla y restaurar la humanidad, una computadora conocida simplemente como &quot;N&quot;, que es parte del Proyecto ultrasecreto Yukiwo. Master of Weapon es un shooter de desplazamiento vertical basado en el juego arcade de Taito de 1990. El jugador controla una nave de combate &quot;N&quot;, disparando a varios enemigos biológicos. Los potenciadores son escasos, con solo un puñado de actualizaciones disponibles desde los pods de elementos. El jugador puede disparar en el aire, así como hacia el suelo para golpear a los enemigos terrestres. También hay un arma especial que se puede cambiar con mejoras, pero también lleva tiempo recuperar todo el stock. Hay un total de nueve &quot;actos&quot; y tres ajustes de dificultad.
Maten no Soumetsu (Japan)	Maten no Sometsu cuenta la historia de un niño (puedes ponerle el nombre que quieras) que fue encontrado en el bosque por un guerrero llamado Zafan. Zafan lleva al niño a su casa, donde crece, sin darse cuenta de esta historia. Cuando llega a la edad de dieciséis años, Zafan muere, atacado por monstruos. Él envía a su hijo adoptivo a visitar al rey del país, para seguir el camino del guerrero, y tal vez para descubrir su verdadero origen. Este es un RPG tradicional japonés ambientado en la Edad Media, con enemigos que aparecen aleatoriamente y luchas por turnos, viendo el campo de batalla desde una perspectiva en primera persona. Durante su viaje por el país conocerá a otros personajes que se unirán a su fiesta. Hay un ciclo de noche / día en el juego. No debe confundirse con el RPG post-apocalíptico Maten Densetsu para SNES.
Math Blaster - Episode 1 (USA)	¡Una continuación del Math Blaster original! Math Blaster: In Search of Spot es un título educativo con elementos arcade diseñados para ayudar a los estudiantes a aprender matemáticas mientras se divierten. El juego permite a los estudiantes practicar habilidades básicas de suma, resta, multiplicación y división además de fracciones, decimales, porcentajes, estimación y patrones numéricos. Los sujetos pueden practicar por separado o juntos en la revisión. Se proporcionan seis niveles de dificultad. Al igual que los títulos anteriores, el juego también incluye un editor para crear nuevos conjuntos de problemas (presente solo en la versión para PC). El amigo y asistente de Math Blaster, Spot, es secuestrado por el malvado Trash Alien al comienzo del juego. El comandante galáctico le da a Math Blaster la misión de seguir al Trash Alien a su planeta de origen y rescatar a Spot. El juego comienza con una misión completa (modo historia). La misión consiste en una serie de cuatro (tres en la versión de consola) actividades de matemáticas (minijuegos) ensartadas con escenas de corte. Las actividades también se pueden jugar por separado, para la práctica o para la puntuación.
Mazin Saga - Mutant Fighter (USA)	La historia tiene lugar en 1999, cuando una Bio-Bestia con el nombre de Godkaiser Hell ha reinado sobre la Tierra, después de que un holocausto nuclear y biológico ha desfigurado a la mayoría de la población y formó un ejército llamado Steelmask Force. Los sobrevivientes han huido bajo tierra y son atacados constantemente por la horda de la Bio-Bestia hasta que un día un científico llamado Dr. Kabuto crea un mech, el Mazinger-Z, que puede usarse contra los monstruos. Aquí es donde el jugador toma el control del protagonista del juego y pilotea el mech en un intento de reclamar la Tierra. La jugabilidad es de un juego hack-n-slash, donde el jugador controla el mech usando el D-pad y usando los botones para atacar a los monstruos enemigos. También hay un Súper Ataque que el jugador puede usar, pero disminuirá su salud después de cada uso. Los enemigos consisten en animales mutantes como perros y escarabajos, así como los soldados de la Bio-Bestia que pueden ir desde soldados regulares, luchadoras e incluso ninjas. Hay cinco niveles en total (Tokio, Asia, Europa, Nueva York y Egipto) divididos en tres etapas con un mini-jefe y un jefe principal que el jugador debe derrotar para avanzar al siguiente nivel. También hay artículos dispersos en todos los niveles que le darán al jugador puntos extra, recargas de salud, una vida extra e incluso un breve período de invencibilidad.
McDonald's Treasure Land Adventure (USA)	McDonald's Treasure Land Adventure es una aventura de desplazamiento lateral protagonizada por Ronald McDonald. Después de encontrar una pieza de un mapa del tesoro, el payaso amarillo viaja a través de cuatro niveles diferentes (Bosque, Ciudad, Mar y Luna). Él va a buscar y derrotar a los malos que tienen las otras piezas del mapa. Ronald puede saltar, disparar y usar su bufanda para agarrar ganchos y saltar a niveles más altos. Las joyas y flores recogidas en cada nivel se pueden usar para comprar vidas extra y potenciadores en las tiendas entre niveles. También puedes pagar para jugar un juego de bloques descendentes estilo Columns entre los niveles para ganar objetos adicionales.
Medal City (Japan) (Sega Game Toshokan)	Medal City es una simple colección de juegos de casino que ofrece tres juegos diferentes: póker, Black Jack y tragamonedas. Cada juego es solo para un jugador, y es una reproducción básica del juego de la vida real. El jugador comienza con 30 fichas y puede elegir libremente entre cada juego apostando como mejor le parezca. Las ganancias se pueden guardar a través de una contraseña.
Mega 6 Vol. 3 (Europe)	Este paquete de seis juegos se incluyó con algunas consolas Megadrive y comprende los siguientes títulos: Columns, Revenge of Shinobi, Sega Soccer, Sonic The Hedgehog, Streets of Rage, Super Monaco GP
Mega Anser (Japan) (Program)	Mega Anser es un software de contabilidad lanzado en 1989 en Megadrive. El software fue desarrollado por Sega y el banco japonés Nagoya y publicado por Sega solo en un paquete con Megadrive. El paquete también contenía un control remoto de 10 botones que solo se puede usar con este software.
Mega Bomberman (USA)	Mega Bomberman es un juego de estrategia de arriba hacia abajo. Controla a tu Bomberman a través de varios niveles derrotando a varios enemigos y muchos jefes. Cada nivel consta de bloques para explotar y algunos bloques que no explotan. En ocasiones necesitará los bloques que no explotan como refugio. Los bloques que explotan revelan potenciadores y huevos. Los huevos son el giro único de esta versión de Bomberman. Cuando obtienes un huevo, se convierte en un canguro. Hay varios tipos de canguro, cada uno con su propia habilidad única. Saltas sobre la espalda del canguro y utilizas su habilidad. Si caminas en una explosión, el canguro recibe el daño y muere y tú continúas viviendo. Otra característica única en el modo multijugador es que puedes elegir tu personaje. Elija uno de 9 como Miner, Tiny, Fat, Cop, Punk (En portada), Lady, Old man, Robot y el Bomberman original. Después de seleccionar a tu personaje prepárate para la batalla, ya que estás en 1 de las 4 esquinas de la arena. Ahora solo hazte camino a través de los bloques y ataca a algunos oponentes. Ten cuidado con sus bombas y recuerda esquivar las tuyas. También hay muchos campos de arena para elegir. Cada arena tiene su propio giro, como puertas trampa, un iglú para esconderse, cintas transportadoras y más.
Mega Bomberman - Special 8-Player-Demo (Europe) (Proto)	Una pequeña demostración técnica realizada por Factor 5 para mostrar un modo multijugador de ocho jugadores para Mega Bomberman para Sega Mega Drive.
Mega Games 2 (Europe)	Mega Games 2 es un paquete de juegos que comprende los siguientes juegos: Golden Axe, Streets of Rage y The Revenge of Shinobi. El paquete incluía la MegaDrive II (y, además, Sonic the Hedgehog 2) y no se vendía por separado.
Mega Games 3 (Europe, Asia) (En)	Este paquete de tres se incluyó con algunas consolas Megadrive y comprende los siguientes juegos: Alien Storm, Super Thunder Blade y Super Monaco GP
Mega Games 6 (Europe)	Este paquete de seis juegos se incluyó con algunas consolas Megadrive y comprende los siguientes títulos: Columns, Golden Axe, Super Hang-On, Streets of Rage, The Revenge of Shinobi y World Cup Italia '90. En realidad, es la combinación de Mega Games 1 y Mega Games 2.
Mega Games 6 Vol. 2 (Europe)	Este paquete de seis juegos se incluyó con algunas consolas Megadrive y comprende los siguientes títulos: Alien Storm, Columns, Super Hang-On, Super Monaco GP, Super Thunder Blade y World Cup Italia '90
Mega Games I (USA, Europe)	Mega Games I, lanzado como Triple Score: 3 Games in 1 en Estados Unidos, es una compilación lanzada inicialmente para Sega Mega Drive en Europa en 1992. Fue la primera de tres compilaciones similares, seguida de Mega Games 2 y Mega Games 3. En la versión norteamericana, la licencia del torneo de la Copa del Mundo Italia '90 fue eliminada y reemplazada por el Campeonato Mundial de Fútbol. Contiene los juegos Columns, Super Hang On y Copa del Mundo Italia '90 o Campeonato Mundial de Fútbol
Mega Man - The Wily Wars (World) (Retro-Bit)	Luego de haber fallado tantas veces y ver frustrados sus planes por culpa de Mega Man, el Dr. Wily decide, utilizando la tecnología de la Espumadera del Tiempo que robó relativamente hace poco,8 construir su propia máquina del tiempo. El Dr. Wily se teletransporta al pasado restaurando a todos sus robots derrotados y comienza a causar caos al alterar el pasado. El Dr. Light, preocupado de que Wily al fin completara sus ambiciones, elabora a toda prisa una máquina de tiempo experimental para Mega Man,9 quien es enviado al pasado y tiene que volver a vivir las 3 primeras guerras que ocasionó el Dr. Wily y restablecer la continuidad del tiempo.
Mega SWIV (Europe)	Mega SWIV es un shoot'em up de Megadrive. En una isla en el Océano Atlántico, los vehículos del ejército fueron robados por los robots con un solo propósito, destruyendo todo a su paso. El ejército te envía a infiltrarte en su base y descubrir sus planes. Usted tiene la opción entre un helicóptero y un jeep. El helicóptero ayuda a evitar enemigos terrestres, mientras que la ventaja del jeep es disparar en todas las direcciones.
Mega Turrican (USA)	Después de muchas generaciones de paz, las Fuerzas Oscuras se han reunido de nuevo, y como miembro de las Fuerzas de Libertad de USS, es su trabajo derrotarlos una vez más. Esto significa que tendrás que completar numerosos niveles grandes siempre en busca de secretos para recoger y enemigos para disparar. Para hacer esto, puedes elegir tres disparos diferentes y actualizables: un múltiple, un láser y un rebote. También puede entrar en modo rueda (siempre que tenga suficiente energía especial) o usar una cuerda. En el modo rueda, eres invencible y puedes colocar minas o explorar áreas previamente inalcanzables.
Mega-lo-Mania (World) (Evercade)	MegaLoMania es un juego de estrategia en Megadrive. Elige entre cuatro personajes el que te represente mejor y es en cabeza de cien soldados donde comienzas la campaña. El juego está dividido en diez niveles, y es posible formar alianzas temporales con tus oponentes para deshacerte de un enemigo particularmente duro. ¡La mejor estrategia prevalecerá!
MegaMind (Japan) (Sega Game Toshokan)	MegaMind es una versión para computadora del clásico juego de tablero Mastermind para un jugador. El jugador debe adivinar una secuencia de cuatro dígitos de piezas dentro de un número determinado de turnos; la única respuesta dada es una indicación de cuántas piezas correctas están presentes y cuántas piezas correctas están presentes en el lugar correcto. Hay cuatro niveles de dificultad, con mayores dificultades para aumentar el número de piezas entre las que elegir y permitir que la computadora mienta directamente una vez durante el juego. Hay cuatro juegos temáticos diferentes para jugar.
MegaPanel (Japan)	Megapanel es un juego de acertijos basado en fichas que funciona como una mezcla de Tetris Attack y un tradicional juego de fichas deslizantes. Los bloques se levantan desde el fondo de un pozo, y el jugador debe deslizarlos para crear una fila o columna de tres bloques del mismo color. Esto hace que el grupo se desactive y potencialmente cree cadenas de los bloques que se encuentran arriba. A medida que el juego continúa, la cantidad de bloques que deben despejarse para continuar así como la velocidad a la que sube la pila aumentarán. El juego incluye tres modos. Primero está el modo de entrenamiento que explica los conceptos básicos del juego. En este modo, se debe borrar una cierta cantidad de bloques para completar la etapa. El segundo es un modo &quot;pin-up&quot; para un jugador, donde los bloques de limpieza muestran partes de una imagen de una linda chica de anime, cuyo objetivo es descubrir la imagen completa. El último es un modo contra dos jugadores, donde los jugadores compiten para despejar sus bloqueos más rápido y pueden enviar bloques de basura a su oponente y llenar su campo. El juego incluye dos configuraciones de dificultad, dos modos versus uno, una prueba de sonido y un modo único que muestra todo el juego en tono sepia.
Menacer - 6-Game Cartridge (USA, Europe)	El cartucho Menacer 6-Game fue lanzado como un cartucho para la pistola ligera Menacer. Es una compilación de seis juegos: Pest Control - Space Station Defender - Ready, Aim, Tomatoes! - Whack Ball - Front Line - Rockman's Zone
Mercs (World) (En,Ja)	En el modo Arcade interpretamos a un soldado entrenado en tácticas anti terroristas que es contratado por el gobierno de los Estados Unidos para ayudarle en una operación de alto secreto. Mientras viajaba por el centro de África por la paz mundial, el presidente de los Estados Unidos es apresado por un grupo de revolucionarios. A causa de razones diplomáticas, el gobierno no puede enviar intervención militar. En su lugar, una élite de mercenarios conocida como &quot;Mercs&quot; es elegida para rescatar al presidente y detener a los rebeldes, que intentan tomar el control del país Zutura.
Metal Fangs (Japan)	Metal Fangs es un juego de conducción de batallas futuristas únicas, donde el jugador controla un equipo de corredores y este debe intentar destruir al equipo competidor. Cada &quot;carrera&quot; se compone de dos eliminatorias de dos partes cada una, los golpes o asesinatos al otro equipo añaden puntos. Durante cada eliminatoria, cada equipo toma una vuelta atacando (cuatro vehículos en el campo) y una vuelta defendiéndose (tres vehículos en el campo). El equipo con más puntos al final de la última ronda gana una recompensa y pasa al siguiente partido. Sin embargo, su equipo no llegará muy lejos con solo su equipamiento básico. Después de elegir los colores y miembros de tu equipo, debes comprar mejoras para cada persona: motores, combustible, IA, armadura y, por supuesto, armas. Durante el juego, puedes cambiar libremente entre cada miembro de tu equipo. Su vehículo se mueve automáticamente hacia adelante alrededor de la pista, pero puede girar, estrangular y frenar para acercarse o escapar del otro equipo. Después de cada partido exitoso, hay un juego de azar donde se pueden aumentar las ganancias. También hay un modo de batalla simultáneo para dos jugadores.
Michael Jackson's Moonwalker (Japan, USA) (En)	Michael Jackson's Moonwalker es un videojuegos basado en la película del mismo nombre, creado por U.S. Gold y Sega en 1989 y 1990 y que incorpora el personaje propio de Michael Jackson, siendo co-desarrollado por él mismo. La historia, que se toma de la película Moonwalker, siguiendo a Michael, utilizando la música y la danza con diversas habilidades relacionadas, en una búsqueda para salvar a los niños secuestrados de las manos del maligno &quot;Mr. Big&quot;. Los juegos incorporados sintetizan versiones de éxitos del músico, como &quot;Beat It&quot; y &quot;Smooth Criminal&quot;. El juego ha alcanzado estatus de culto y se recuerda por ser un punto memorable en el cambio de Jackson a un personaje de la etapa diferente de &quot;Thriller&quot;, a &quot;Bad&quot;.
Mick & Mack as the Global Gladiators (USA)	Global Gladiators es un juego de plataforma estándar, con el hecho más notable de que los personajes fueron creados y licenciados por McDonalds (sí, THE McDonalds). Mientras juegas en los 12 niveles del juego, verás logotipos de McDonalds, hamburguesas y todo tipo de cosas familiares tipo restaurante mientras llevas a Mick y Mack (los protagonistas del juego) en un viaje para limpiar &quot;Monsters of Slime World&quot;, &quot;Toxi- Town &quot;y más.
Mickey Mania - The Timeless Adventures of Mickey Mouse (USA)	Mickey Mania: The Timeless Adventures of Mickey Mouse es un videojuego donde controlas a Mickey Mouse a través de varios niveles, diseñados a partir de diversas películas y cortos del ratón desde 1928 hasta 1993. El juego consta de 6 fases distintas correspondientes 6 películas, con un nivel secreto, Band Concert, la secuencia de la escalera en el nivel del Doctor Loco.
Mickey's Ultimate Challenge (USA)	Una noche, mientras Mickey (o Minnie) yacía en la cama leyendo un libro de cuentos de hadas, comenzó a preguntarse cómo sería vivir en una tierra lejana, en un castillo mágico. Mientras dormía, se despertó en el Reino de Beanwick, que está constantemente atormentado por los terremotos. Luego, él ofrece su ayuda para resolver el misterio detrás de los terremotos. Mickey's Ultimate Challenge es un juego de rompecabezas en el que el jugador elige a Mickey o Minnie para jugar. Encontrarán cinco personajes del universo de Disney en el reino y se les pedirá que los ayuden en varias tareas. Cada tarea es un rompecabezas diferente, dado por un personaje específico. Daisy, por ejemplo, pedirá ayuda para limpiar las pinturas del castillo colgadas en una pared. La tarea es, de hecho, un juego de memoria, donde Mickey o Minnie deben limpiar las imágenes que coinciden con los pares. Después de completar una tarea, recibirán un regalo. Después de completar todas las tareas, Mickey o Minnie deben intercambiar los regalos que ganaron con los personajes correctos. Por ejemplo, después de terminar la tarea de Goofy, recibirán su martillo. El jugador debe entonces adivinar quién entre los otros personajes le gustaría recibir ese martillo. Dar los elementos correctos a los personajes correctos permitirá a Mickey o Minnie acceder al último rompecabezas y personaje.
Micro Machines (USA)	Si estás aburrido de competir con coches de Fórmula 1, coches de rally o motos de MotoGP en sus hábitats naturales, la serie Micro Machines podría ser para ti. Se trata de miniaturas de carreras que representan tipos de vehículos particulares en un terreno particular que se encuentran alrededor de la casa. La carrera de autos deportivos en el escritorio, 4x4 en el arenero, autos de Fórmula 1 en una mesa de billar, y más. Visto desde arriba con pequeños gráficos, las carreras incluyen hasta 4 autos. En el modo de desafío de un jugador, corres por las 21 pistas en un orden establecido, seleccionando tus 3 oponentes a medida que avanzas (agregando una buena cantidad de estrategia; idealmente deberías intentar eliminar los mejores coches de CPU desde el principio), eliminando uno tras. Si ganas 3 carreras seguidas sin usar un continuar, obtienes una carrera contrarreloj que puede darte una vida extra.
Micro Machines - Military (Europe) (J-Cart)	Esta entrada en la serie Micro Machines coquetea con un tema militar. Utilizando una vista de arriba hacia abajo, compite en diferentes pistas a escala reducida, como un estanque, una mesa de cocina, un banco de trabajo, en el jardín. El tema se refleja en los vehículos (helicópteros, lanchas rápidas, tanques, suministros camiones...), así como en la música. Hasta 16 jugadores pueden participar a través del modo fiesta caliente, pero 8 corredores pueden competir simultáneamente usando el J-Cart y compartiendo una parte del joypad. Existen diferentes tipos de juegos, como carreras regulares (desafíos), contrarreloj y escenarios de batalla, en los que debes sobrevivir durante un tiempo determinado mientras los vehículos enemigos se cargan. A otros jugadores se les puede disparar para frenarlos.
Micro Machines - Turbo Tournament 96 (Europe) (J-Cart)	Micro Machines: Turbo Tournament 96 es una secuela de Micro Machines 2 y aunque la jugabilidad y la típica vista de arriba hacia abajo siguen siendo las mismas, este divertido juego de carreras ofrece una gran cantidad de nuevas características. Además de Challenge-Race, Head-to-Race, League-Race, Time Trial Challenge-Race y Time Trial-Race, se incluye un excelente modo multijugador con el J-Cart. Solo enchufe dos joypads adicionales en las ranuras de los cartuchos y hasta 8 (!) Jugadores pueden competir simultáneamente en la misma pista (siempre que dos jugadores compartan un pad). Con un kit de construcción incluido, puedes incluso crear tus propias pistas y almacenarlas. Se pueden guardar hasta nueve pistas.
Micro Machines 2 - Turbo Tournament (Europe)	El segundo juego de la serie Micro Machines. Al igual que en su predecesor, usted está detrás del volante de un automóvil extremadamente pequeño. Correteando por lugares interesantes, como una mesa, una cabaña en un árbol y mucho más. El control de los autos a veces es bastante difícil, especialmente si no conoces las pistas (la vista de arriba hacia abajo no es muy clara). La versión del CD-ROM también cuenta con música de CD-Audio y un editor de pistas.
Midnight Resistance (World) (Evercade)	Los luchadores de la Midnight Resistance se enfrentan al asombroso poder del científico loco King Crimson y su Crimson Corps. Crimson ha secuestrado a su abuelo científico y cinco más de sus familiares, y tiene como objetivo usar sus avanzados planes y darles un mal uso. Toma el control de un luchador de la Resistencia en este shoot 'em up que consiste en nueve niveles basados en plataformas, cada uno terminando con un Boss para derrotar. Sus enemigos aparecen a pie y en vehículos, Crimson también ha plantado bahías de ametralladora en el camino. Los enemigos muertos lanzan llaves, que pueden ser intercambiadas en los puntos de compra por armas. Estas armas incluyen ametralladoras y lanzallamas, para lo cual se deben comprar municiones; las armas se descartan cuando no tienes munición adecuada. El sistema de control es inusual: puedes disparar en diferentes direcciones y arrastrarte por las repisas bajas.
Mig-29 Fighter Pilot (USA)	MiG-29: Fighter Pilot se lleva a cabo en el Medio Oriente. Las fuerzas unidas de la OTAN y la Comunidad de Estados Soviéticos deben detener al general Hasouz, que está tratando de obtener el control de los recursos petroleros del mundo. Usted es el piloto del MiG-29 construido en Rusia y necesita realizar varias misiones estratégicas para garantizar el éxito de la operación.
Might and Magic - Gates to Another World (USA, Europe)	La secuela de la exitosa Might and Magic I, se jactó mejores gráficos, un mundo más grande, pero aun asi sigue siendo más o menos el mismo motor de juego y presentación. Embárcate en un viaje glorioso y salva el mundo de CRON y de ti mismo. Un equipo equilibrado es una necesidad en este juego. Hay varias ubicaciones y elementos que están restringidos a ciertos géneros, alineaciones o razas. Un equipo compuesto por buenos hombres humanos no te llevará muy lejos. El tiempo juega un papel importante en este juego. El viaje en el tiempo es parte de él, pero en un nivel más básico, encontrarás que los personajes envejecen a medida que avanza el juego. Si esperas demasiado, las estadísticas de tus personajes cambiarán para reflejar su envejecimiento.
Might and Magic III - Isles of Terra (USA) (Proto)	Después de derrotar a Sheltem y sus fuerzas CRON en Might and Magic II, el grupo de aventureros es llevado al mundo de Sheltem: Terra. Una vez más, los aventureros deben ayudar a Corak a neutralizar a Sheltem.
Mighty Morphin Power Rangers (USA)	Mighty Morphin Power Rangers es un juego de combate competitivo uno a uno, que presenta dos modos de juego diferentes: un modo de escenario donde el jugador compite contra una serie de oponentes controlados por la CPU, y un modo de batalla para dos jugadores. En el Modo Escenario, los partidos constan de dos segmentos: el jugador luchará contra un monstruo de tamaño regular como uno de los Vigilantes, y después de derrotar al monstruo lucharán contra una versión gigante de él. Inicialmente, solo los cinco Rangers originales y el Megazord están disponibles con Green Ranger y Dragonzord bloqueados hasta que sean derrotados.
Mighty Morphin Power Rangers - The Movie (USA)	¿Los Power Rangers se despojaron de sus Mighty Morphin Powers y se vieron obligados a huir de la Tierra? Rita Repulsa y Lord Zedd abrumados por un mal mucho mayor que su maldad combinada? El Centro de Comando se borró por completo y Zordon al borde de la muerte. ¿El destino del mundo en las manos viscosas de Ivan Ooze, el monstruo más siniestro que el universo haya visto alguna vez? ¿Podría ser esto un mal sueño? No cuentes con eso ¡Todo sucede en Morphinominal Mighty Morphin Power Rangers the Movie! Y ahora, puedes enfrentarte a Ivan Ooze, el villano más vil en la historia de Nintendo, y a una gran cantidad de sus secuaces desagradables en esta pelea de siete niveles sin límites, con los increíbles gráficos y sonidos del Super NES. Por lo tanto, conviértase en acción y conduzca a los Power Rangers a su mayor victoria.
Minnesota Fats - Pool Legend (USA)	Minnesota Fats: Pool Legend es un juego de billar en el que el jugador puede participar en una historia y jugar contra un grupo de profesionales en seis salas de billar diferentes en un intento de enfrentarse al propio Minnesota Fats. Hay siete variaciones diferentes para jugar: ocho bolas, nueve bolas, rotación, 14-1 bastidor, tres bolas, Cut Throat y One Pocket. También hay una opción para dos jugadores para enfrentar a un jugador y un jugador de torneos. Los jugadores también pueden probar el Trick Mode que tiene el jugador para tratar de completar los 16 disparos de truco diferentes.
Miracle Piano Teaching System, The (USA)	El sistema de enseñanza de piano Miracle enseña piano a jugadores principiantes / intermedios usando una combinación de lecciones con guiones, mas lecciones creadas dinámicamente con temas de piano. La versión original viene con un teclado de piano personalizado. Las versiones posteriores funcionan con cualquier teclado MIDI.
MLBPA Baseball (USA)	La estrategia del béisbol se fusiona con un juego de arcade de ritmo rápido en MLBPA Baseball de Electronic Arts. Los detalles diseñados para atraer al fan acérrimo incluyen: jugadores reales con estadísticas basadas en la temporada de 1993; un modo de temporada de 162 juegos completo; música de estadio; marcadores animados; alineaciones defensivas; juegos de corte; ralentizaciones; e incluso el doble interruptor. Las características destinadas a atraer al aficionado casual incluyen: grandes gráficos arcade coloridos; un estadio con multitudes animadas; una interfaz de lanzamiento simplificada que permite a los jugadores dirigir la pelota; y una interfaz de bateo que depende del tiempo en lugar de apuntar cursores. El juego de temporada se puede continuar usando contraseñas proporcionadas al final de cada juego.
Monopoly (USA)	Monopoly on Megadrive es la adaptación del famoso juego de mesa creado por Charles Darrow. Además de las reglas habituales, es posible realizar una oferta en el terreno que desea comprar. La cantidad de jugadores oscila entre dos y ocho como máximo, ya sea que se juegue contra amigos o contra la computadora.
Mortal Kombat (World)	Lucha contra tus adversarios para derrotar al guerrero Shaolin llamado Goro, campeón del torneo tras más de 500 años. Adaptación del célebre juego de arcade, Mortal Kombat para Megadrive nos permite encarnar a 8 luchadores hacia la victoria final. Los defensores de Raiden, son aquellos que pretenden luchar contra la amenaza que acecha al Reino Terrenal.
Mortal Kombat 3 (USA)	Shao Kahn ha ganado. El Reino de la Tierra ya no existe. Para revivir a su reina Sindel, el emperador Shao Kahn usó el torneo Outworld de Mortal Kombat 2 como diversión mientras sus Sacerdotes de las Sombras revivían a su Reina caída en la Tierra. Una vez promulgado, el puente dimensional entre los dos reinos se conecta, lo que permite a los escuadrones de exterminio de Kahn invadir y destruir la Tierra y esclavizar las almas de la población. Un pequeño equipo de &quot;Chosen Warriors&quot; de Raiden sobrevive al ataque: el campeón de Mortal Kombat Liu Kang y su aliado Kung Lao, los agentes de las Fuerzas Especiales Sonya Blade y Jax, el chamán Nightwolf, el policía antidisturbios Stryker, el nómada Kabal y el ex guerrero Lin Kuei Sub-Zero, que se ha vuelto pícaro de su clan. Frente a los guerreros están el mercenario Kano, los ciber-ninjas Smoke, Sektor y Cyrax, Sheeva, un Shokan femenino, el hechicero Shang Tsung y la propia Reina Sindel. Mortal Kombat 3 trae nuevos elementos a la serie de lucha 2D: campos de juego de varios niveles, ataques &quot;Dial-A-Combo&quot;, un botón &quot;Ejecutar&quot; para acelerar las batallas y &quot;Vs.&quot;, códigos que desbloquean nuevos poderes y habilidades una vez que ambos jugadores ingresen una secuencia de código en las pantallas previas al combate. También se incluyen más muertes en el escenario y movimientos de finalización, ya que cada guerrero intenta enfrentarse cara a cara con el ejecutor centauro Motaro y el mismo Shao Kahn.
Mortal Kombat II (World)	Hace 500 años, Shang Tsung se internó en el Earthrealm. Con la ayuda de Goro desequilibró las furias y condenó al planeta a una existencia caótica. Teniendo en su mano el Gran Torneo Shaolin, intentó inclinar las balanzas del orden hacia el caos. Solo siete guerreros sobrevivieron a las batallas de Shang Tsung pero su plan se acabó en las manos de Liu Kang. Teniendo que enfrentar su ejecución por su derrota y la aparente muerte de Goro, Shang Tsung convence a Shao Kahn para que le conceda una segunda oportunidad. El nuevo plan de Shang Tsung es atraer a sus enemigos para competir en el Outworld, donde ellos se encontrarán con su muerte en las manos del propio Shao Kahn.
Mosaico (Brazil) (Super Mega Drive 3)	Juego de rompecabezas. El juego no se vendió en los medios físicos, sino que se lanzó sólo en la memoria de algunos modelos de la consola Mega Drive vendidos en Brasil, como el Sega Tec Toy Super Mega Drive 3 con 71 juegos en la memoria. Juego lanzado exclusivamente en el Mega Drive.
Mr. Nutz (Europe)	MR. NUTZ - Sólo él puede evitar una nueva y definitiva era glacial. Para ayudarle en su camino, Mr. Nutz cuenta con muchas nueces, muchas agallas y una cola de enormes dimensiones.
Mr. Nutz - Hoppin' Mad (Europe) (Proto)	Mr. Nutz 2 es un port de Sega Genesis del Sr. Nutz Hoppin 'Mad for the Amiga. Fue desarrollado por Neon y fue lanzado en 1995 por Ocean, pero el mercado de Genesis comenzó a morir en ese momento, por lo que Ocean decidió no lanzarlo. Alguien relacionado con Neon lanzó el código fuente de este port a fines de la década de 2000 y algunas imágenes de la ROM también (que no pudieron ser lanzadas debido a problemas de copyright). La compilación del código fuente en una ROM fue difícil al principio, pero finalmente se realizó, y la ROM compilada se publicó en el foro Sonic Retro.
Ms. Pac-Man (USA, Europe)	En 1982, se presentó una secuela del increíblemente popular Pac-Man en la forma de su novia, la Sra. Pac-Man. Esta continuación continuó con el juego &quot;eat the dots/avoid the ghosts&quot; del juego original, pero agregó nuevas características para mantener el título fresco. Al igual que su novio, la Sra. Pac-Man intenta limpiar cuatro laberintos diferentes y desafiantes llenos de puntos y frutas que se mueven constantemente, evitando a Inky, Blinky, Pinky y Sue, cada uno con sus propias personalidades y tácticas. Un toque de cualquiera de estos fantasmas significa una pérdida de vidas para la Sra. Pac-Man. La Sra. Pac-Man puede volver las riendas de sus perseguidores comiendo uno de los cuatro energizadores ubicados dentro del laberinto. Durante este tiempo, los fantasmas se vuelven azules, y la Sra. Pac-Man puede comerlos por puntos de bonificación (que van desde 200, 400, 800 y 1600, progresivamente). El poder de Energizer solo dura un tiempo limitado, hasta cuando los ojos de los fantasma floten de regreso a su caja central, y se regeneren para perseguir a la Sra. Pac-Man nuevamente. Sobrevive a algunas rondas de juego, y serás tratado con interrupciones humorísticas que muestran la creciente relación romántica entre Pac-Man y la Sra. Pac-Man, que lleva hasta la llegada de &quot;Junior&quot;.
Muhammad Ali Heavyweight Boxing (USA)	Muhammad Ali Heavyweight Boxing, como su nombre lo indica, es un juego de boxeo que presenta al tres veces campeón mundial de peso pesado. El juego muestra boxeadores 2D con sprites en un anillo 3D (el llamado sistema 3D &quot;FreeCam&quot;), con los boxeadores moviéndose alrededor del ring en 360 °. Uno o dos jugadores pueden elegir el número de rondas (hasta 15), la duración de la ronda (hasta 5 minutos), la cantidad de veces que un luchador debe ser derribado para ser T.K.O. y el número de conteos de árbitros (hasta 10). Hay dos modos de juego: exposición (que se puede jugar contra la computadora o uno a uno por dos jugadores) y el modo de torneo (solo jugador). Los jugadores pueden elegir entre nueve luchadores de ficción más el propio Muhammad Ali. Cada luchador tiene una potencia y una barra de velocidad. Cuando se cansan peleando o se lastiman, las barras disminuyen. Cuanto más bajas sean las barras, más lentos o más débiles serán los golpes, hasta que el boxeador sea derribado. Al defenderse, un boxeador puede recuperar poder o velocidad. También hay un contador de golpes aterrizados a cada lado de la pantalla. Si la pelea termina sin ningún ganador, la decisión de los jueces se toma solo por esos números, sin importar cuántas veces los combatientes fueron derribados durante la pelea. El juego presenta voz digitalizada, incluidas muestras de la voz de Ali.
MUSHA - Metallic Uniframe Super Hybrid Armor (USA)	Dire51, una supercomputadora diseñada para controlar una colonia espacial, se vuelve mala y envía sus robots de ataque, liderados por el Mech Big Asia, para destruir a la humanidad. Un equipo de luchadores en mechs gigantes intenta detenerlo, pero todos menos uno, Ellinor (Terri en la versión estadounidense), son asesinados, dejando a Ellinor para salvar a la humanidad de la destrucción por sí mismo.
Mutant League Football (USA, Europe)	Guerra futurista e intergaláctica disfrazada de fútbol americano, Mutant League Football fue uno de los juegos de fútbol más exclusivos que se han visto en el mercado de los videojuegos. Es una mezcla única de deportes y ciencia ficción, y el fútbol es, literalmente, el tipo de buena boca. Tiradores de dinamita, trolls que vuelan, robots que sangran petróleo, todo está aquí. ¿Mariscal de campo opositor conectando en demasiados pases? Bombéale hasta que esté muerto. ¿Sospecho que el árbitro ha sido sobornado por el otro lado? Llamar a un Kill Ref audible; sin embargo, es una multa de 5 yardas. Elige entre diecinueve equipos, incluidos tres equipos All-Star. Hay cinco niveles de dificultad y una alternancia de velocidad de juego lenta / rápida. Un modo de torneo espera a aquellos que quieren algo más que un juego rápido versus la computadora o un amigo. Hay diecinueve campos diferentes para jugar, todos con sus propios caprichos especiales. El Hellfield está lleno de minas y fogatas para acabar con un corredor descuidado, mientras que The Pen es una capa de hielo resbaladiza.
Mutant League Hockey (USA, Europe)	Mutant League Hockey es un juego de hockey violento en la misma serie que Mutant League Football. Hay 23 extraños equipos de hockey para elegir, con jugadores que consisten en zombis, esqueletos, trolls y robots. Las arenas son igualmente extrañas, con pozos ocultos sin fondo, minas colocadas bajo el hielo, púas y una &quot;Red de demonios&quot; que funciona como un portero, engullendo y devorando el disco. El juego se juega similar al hockey normal, excepto que en este juego sus jugadores pueden recoger motosierras, mazas, hachas, etc. para utilizar contra los adversarios. Es un juego sangriento, con oponentes explotando en montones de mugre (o circuitos si son robots) cuando se lesionan demasiado. El jugador puede hacer jugadas especiales, como un disco explosivo o una fuga en la cárcel y atacar al portero. El juego también tiene secuencias de lucha si dos jugadores deciden entrar en una pelea. El juego viene con multijugador y una serie de playoff, estadísticas completas para tus jugadores y repeticiones instantáneas.
Mystic Defender (USA, Europe) (En,Ja)	Mystic Defender (basado en el título japonés Kujakuo 2: Geneijo) es un juego de plataforma de desplazamiento lateral. Es la continuación de SpellCaster para Sega Master System. Sin embargo, en esta secuela, los elementos de rol se han omitido a favor de la plataforma de desplazamiento lateral. En este juego juegas a Joe Yamata (Kujaku) en una misión para rescatar a Alexandra del malvado Zao, que está usando su alma para resucitar a su maestro Zareth en el castillo de Azuchi. Tienes cuatro tipos de magia para atacar y puedes cargar tus explosiones y cambiar el tipo de magia a mitad del juego.
Mystical Fighter (USA)	Un guerrero kabuki ingresa a un portal del tiempo para regresar a la dinastía Shogun y vencer al malvado señor Kabuki. El juego es básicamente un juego de golpe lateral de desplazamiento lateral, con el jugador controlando al guerrero kabuki. El jugador puede lanzar patadas y puñetazos a hordas de secuaces enemigos a lo largo de cada etapa. Otros movimientos a disposición de los jugadores son las patadas de salto, la capacidad de levantar enemigos y lanzarlos, y la capacidad de agarrar enemigos y girarlos como un tornado. El jugador también puede usar un poder mágico especial que se carga al recoger pergaminos a lo largo del nivel. El jugador también puede encontrar recargas de barra de vida en una etapa también. Cada sección de una etapa debe ser derrotada dentro de un cierto límite de tiempo. Al final de una etapa, el jugador debe vencer a un jefe enemigo para avanzar a la siguiente etapa.
Nakajima Satoru Kanshuu - F1 Grand Prix (Japan)	Satoru Nakajima, el primer piloto japonés en competir a tiempo completo en la Fórmula 1, licenció este juego de carreras que combina elementos de arcade y simulación. Se recrea la temporada completa de 1991, con la posibilidad de hacer carreras individuales o una temporada completa. Antes de la carrera puedes modificar varias áreas de la configuración del coche, incluido el rendimiento del motor (configuraciones con mayor velocidad máxima tienen una aceleración más lenta), fuerza descendente del ala (mayor velocidad máxima significa menor agarre), neumáticos (mejor agarre significa menor durabilidad) y así. La acción se ve desde arriba, con la pista vista en un ángulo fijo en lugar de girar. Puede hacer sesiones de práctica, así como carreras reales.
Nakajima Satoru Kanshuu - F1 Super License (Japan)	F1 Super License es el tercer y último juego Satoru Nakajima F1 para Mega Drive. Evitando la vista de la cabina de F-1 Hero MD, este lanzamiento vuelve a la vista de arriba hacia abajo del primer Gran Premio de F1. Cuenta con una licencia oficial de FOCA y representa la temporada de 1992. Hay tres modos disponibles: modo GP, que permite al jugador jugar una temporada de 16 carreras como su conductor preferido; Modo Spot, donde el jugador puede jugar una carrera personalizada contra un campo completo; y modo Prueba, donde el jugador puede practicar para desarrollar sus habilidades. El jugador puede ajustar el motor de su vehículo, los neumáticos, los frenos, la suspensión y el alerón a sus gustos entre carreras, y también puede jugar una carrera libre antes de competir. El juego tiene tres archivos de guardar en modo GP, y también registrará los mejores tiempos para cada curso.
NBA Action '94 (USA)	NBA Action '94 es uno de los muchos juegos de baloncesto lanzados para el Genesis. Incluye las listas de 1993-1994 con los 27 equipos y tiene muchas de las estrellas de la NBA en ese momento, incluido Chris Webber cuando comenzó para los Golden State Warriors. Puedes jugar con hasta cinco jugadores, todos en el mismo equipo, usando el adaptador multi-toque. Puedes jugar 20, 40 o los 82 juegos completos y jugar en la postemporada. El juego realiza un seguimiento de todos los registros de victorias / derrotas y estadísticas, incluso te permite jugar el papel de entrenador y jugar en el juego, sin embargo, solo tiene tres jugadas ofensivas.
NBA Action '95 Starring David Robinson (USA, Europe)	Esta es la continuación de NBA Action '94 con los modos estándar (Exposición, Temporada, etc.) y cuenta con 300 jugadores principales de la temporada de la NBA de 1994 y los 27 equipos de la NBA con sus respectivos logos. Los jugadores también pueden editar la lista de su propio equipo y crear hasta 40 jugadores personalizados diferentes que se pueden guardar en la batería de respaldo del juego. El juego no solo cuenta con la participación del ex jugador de los San Antonio Spurs, David Robinson, sino también el comentarista de juego por jugada Marv Albert, que también presta su talento vocal al juego.
NBA All-Star Challenge (USA, Europe)	El NBA All-Star Challenge ofrece baloncesto uno a uno con jugadores de la NBA de la temporada 1991-1992. Hay cinco modos de juego diferentes disponibles: un partido individual, una competencia de tiro libre, un shootout de 3 puntos, una competencia H.O.R.S.E. y un torneo uno-a-uno. Puedes elegir entre 27 jugadores (uno de cada equipo de la NBA), incluidos Michael Jordan, Larry Bird, Patrick Ewing, Karl Malone y David Robinson. Cada modo también puede ser jugado por dos jugadores.
NBA Hang Time (USA)	NBA Hang Time es un juego de acción de básquetbol arcade 2-en-2 que sigue los pasos de la NBA Jam. Todos los equipos de la NBA, cada uno con 4 jugadores para elegir, están incluidos junto con el baloncesto de ritmo rápido y descuidado, sin tener en cuenta las reglas normales del juego, pero que incluyen faltas y fuera de límites. También puedes crear tu propio jugador, con una colección de partes del cuerpo y ropa para elegir.
NBA Jam (USA, Europe)	Jugaremos partidos de baloncesto de 2 contra 2 entre los equipos de la NBA. Es un juego totalmente arcade, no existiendo ningún tipo de sanción por faltas. Tampoco afectan otro tipo de infracciones como el campo atrás o la zona. Pero lo más espectacular del juego está al encestar: saltos imposibles, mates estratosféricos y tapones altísimos. El juego es todo un espectáculo visual lleno de dinamismo y generando grandes dosis de diversión.
NBA Jam - Tournament Edition (World)	Este juego te permite jugar al baloncesto arcade de dos-contra-dos con los jugadores de todos los equipos de la NBA. El juego es rápido y lleno de acción, con pocas reglas, sin faltas y jamming deliberadamente poco realista. Los jugadores se clasifican en ocho categorías de habilidad, desde robos y bloqueos, hasta volcadas y triples. Pueden participar hasta cuatro jugadores humanos, cada uno controlando siempre un solo jugador para su equipo, y AI para los jugadores restantes. Esto permite que cuatro jugadores se enfrenten en equipos de dos o que dos jugadores formen un equipo contra un tercer jugador con un compañero de CPU. La edición del torneo eleva la lista de cada equipo a tres jugadores y permite sustituciones entre cuartos. Empujar jugadores ahora resulta en lesiones, que bajan las estadísticas de un jugador; animándote para sustituirlos para dejar que se recuperen. Además de los personajes secretos habituales y los modos cheat, el T.E. también incluye cuatro nuevas adiciones que se pueden habilitar individualmente desde el menú de opciones especiales.
NBA Live 95 (USA, Europe)	NBA Live 95 es un juego de baloncesto en la Megadrive. Beneficiándose de la licencia oficial de la NBA, este juego te permite elegir entre 300 jugadores de la temporada 1994-1995. Es posible administrar su equipo intercambiando jugadores y comparando sus estadísticas. Se han agregado muchos efectos de sonido al álbum anterior para obtener más realismo.
NBA Live 96 (USA, Europe)	Nuevo para NBA Live '96: nuevas animaciones para jugadores: bloques grandes, entradas y salidas, movimientos de giro, movimientos cruzados, despegue de dos pies. Nuevos movimientos: uno contra uno, giro de regate y cruce. Dos nuevos equipos: Vancouver Grizzlies y Toronto Raptors. Estaciones de equipos múltiples para hasta cuatro jugadores. Cambia a cualquier jugador, en cualquier momento. Reproducción en marcha, Animación de Playbook y Diagrama de Disparo pantallas para estrategias de línea lateral. Juego de estrellas y el Draft para el último realismo de la temporada de la NBA.
NBA Live 97 (USA, Europe)	NBA Live 97 es un juego de baloncesto con énfasis en el realismo. Puedes elegir entre todos los equipos de la NBA, crear un equipo con jugadores que crees tú mismo o elegir un equipo formado por los jugadores estelares de las costas este u oeste. Cuando crea un jugador usted mismo, puede personalizarlo en alto grado. Hay más de 60 configuraciones ofensivas y 10 defensivas. Las opciones de juego incluyen un partido de exhibición, una temporada completa o los playoffs.
NBA Live 98 (USA)	NBA Live 98 es un videojuego de baloncesto basado en la National Basketball Association y la cuarta entrega de la serie NBA Live. La portada presenta a Tim Hardaway de los Miami Heat. El juego fue desarrollado por EA Sports y lanzado el 30 de noviembre de 1997 para la PlayStation, el 31 de octubre de 1997 para la PC y el 31 de diciembre de 1997 para la Sega Saturn. Fue la versión final de NBA Live lanzada para Super Nintendo, Sega Genesis y Sega Saturn. El juego introdujo varias innovaciones a la serie, incluida la característica ahora estándar de pasar a cualquier compañero de equipo con solo presionar un botón. El juego también realizó varias mejoras gráficas, con nuevos modelos de jugadores y caras modeladas después de las fotografías del jugador real.
NBA Showdown '94 (USA, Europe)	El juego puede ser jugado de varias maneras: los jugadores pueden jugar uno contra el otro, o contra el ordenador. Los juegos contra la computadora se dividen en dos niveles, &quot;exhibición&quot; y &quot;playoffs&quot;. Los jugadores pueden elegir de cualquiera de los equipos de la NBA por primera vez, incluidos los equipos que no son de postemporada. Los juegos se pueden configurar para cuartos de 2, 5, 8 o 12 minutos.
NCAA Final Four Basketball (USA)	NCAA Final Four Basketball es un simulador de baloncesto estándar con una licencia completa de la NCAA con 64 de los mejores equipos de la División 1-A, incluidos Carolina del Norte, Florida State, Boston College y Maryland, por nombrar algunos. Hay tres modos de juego para elegir: dos modos de práctica, uno que muestra al jugador las entradas y salidas básicas del juego y otro para tiro libre, Exposición y Torneo. Junto con estos modos están la capacidad de cambiar las opciones para jugar un juego a gusto del jugador, incluido el cambio de la duración del juego. Una batería de respaldo le permite al jugador guardar sus juegos, estadísticas y listas.
NCAA Football (USA)	NCAA Football te permite jugar como uno de los dieciséis equipos de fútbol americano universitario en un juego de exhibición o en torneos. El torneo te enfrenta a todos los otros equipos que debes ganar para continuar; el juego se guardará automáticamente después de cada juego ganado para que puedas retomar el torneo donde lo dejaste. Las listas de equipos son únicas ya que puedes elegir jugadores de diferentes décadas desde los 60 hasta los 90, y puedes combinar jugadores de diferentes décadas si quieres.
Nekketsu Koukou Dodgeball-bu - Soccer Hen MD (Japan)	Nekketsu FC se refiere a un equipo débil, pero ahora se suponía que íbamos a jugar el torneo nacional. Para celebrar la competencia nacional, el equipo fue a comer sushi. Sin embargo, una serie de desafortunados incidentes comenzaron a suceder. Wow, ¿quién hubiera pensado que todo el equipo sufriría una intoxicación alimentaria por comer sushi? A este ritmo, parecía que tendríamos que abandonar nuestro sueño de ingresar a los nacionales, ¡pero justo entonces nuestro entrenador Misako tuvo una idea brillante! De todos nuestros clubes deportivos, Dodge Ball parece ser el más fuerte, así que ¿por qué no les pedimos que nos ayuden? El equipo de Dodge Ball está dirigido por Kunio, ¡y esperemos que esté a la altura de las expectativas de Misako!
New 3D Golf Simulation - Devil's Course (Japan)	New 3D Golf Simulation: Devil's Course es un simulador de golf de 1994, por T&E Soft para la Sega Mega Drive lanzado sólo en Japón. Es un port del juego del mismo nombre lanzado en 1992 para PC-98. Al contrario de otros títulos de la serie New 3D Golf Simulation, Devil's Course toma lugar en un campo de golf de ficción.
New 3D Golf Simulation - Harukanaru Augusta (Japan)	Nueva Simulación 3D de Golf: Harukanaru Augusta es un juego de golf de 1989 de T & E Soft para NEC PC-98 y el primero de su serie de juegos de golf New 3D Golf Simulation. Lo portaron a la Sega Mega Drive en 1993. Esta versión no fue lanzada fuera de Japón. El juego tiene lugar en el Augusta National Golf Club y juega de forma idéntica a los Golf Links de Pebble Beach.
New 3D Golf Simulation - Waialae no Kiseki (Japan)	Waialae no Kiseki (Milagro de Waialae) fue lanzado originalmente en Super Nintendo en los EE. UU. Como True Golf Classics: Waialae Country Club. Fue portado a Sega Mega Drive en Japón a principios de 1994, un mes después de Devil's Course 3D Golf, que también es de T & E Soft. El juego es en muchos aspectos un título típico de golf. Los menús están en japonés, pero el juego incluye torneos, partidos de pieles, juegos por golpes, partidos y opciones de entrenamiento. También hay una opción de inicio rápido útil en la parte superior del menú. Todo esto se explica por sí mismo, aunque el modo de entrenamiento parece simplemente hacerte caer en el juego sin oponentes y no ofrece ningún tutorial. Hay algunas personalizaciones para tu personaje, incluida la posibilidad de seleccionar un caddie y nombrar a tu jugador. Su nombre, así como los registros y el progreso, se guardan en el cartucho.
New Horizons (USA)	En el primer juego de Uncharted Waters, fue en el siglo XV y se descubrió el Nuevo Mundo. Ahora en New Horizons, es a principios del siglo 16 y la era de la exploración y el comercio marítimo está en marcha. Los jugadores eligen entre cualquiera de los seis aventureros (escenarios), cada uno con su propia trama distintiva pero entrelazada, para embarcarse en una búsqueda de navegación, marinería y exploración. Independientemente del personaje elegido, Uncharted Waters: New Horizons es una simulación de navegación de arriba hacia abajo. En el mar, los jugadores controlan la dirección de su nave, donde la velocidad se ve afectada por el número / estado de salud de la tripulación, el viento y las corrientes. Los jugadores pueden navegar en cualquier lugar donde haya agua (aunque algunos barcos no son dignos del océano) y descubrir puntos de referencia interesantes y nuevos puertos. Al aterrizar en un puerto, la vista también es de arriba hacia abajo y el jugador puede ingresar a diferentes edificios, cada uno con servicios y bienes únicos. Estos incluyen: The Inn, The Item Shop, The Shipyard, The Tavern, The Castle, The Guild Hall, The Church, The Merchant and the Harbour. Depende del jugador ganar suficiente oro para mantener a la tripulación alimentada y financiada y mantener la flota reparada. Los métodos principales para ganar dinero son a través del comercio marítimo, aceptando trabajos del gremio, juegos de azar y batalla con otros barcos.
Newman Haas IndyCar Featuring Nigel Mansell (World)	Newman Haas Indy Car es, como su nombre indica, un juego de carreras respaldado por el equipo de carreras CART del mismo nombre y su principal piloto en ese momento, el inglés Nigel Mansell. El jugador tiene la opción de conducir una sola carrera (donde la opción de practicar está oculta) o ir por la corona contra otros 12 pilotos en 15 pistas (con algo de variedad, no solo óvalos) en América del Norte, con la apertura de la temporada en Queensland Australia. Es posible jugar solo, con un amigo en pantalla dividida o con pantalla dividida contra la computadora, y si se reproducen sonidos de música o motor en la carrera. Una elección clave en el juego es seleccionar entre el modo Arcade y Simulación: en el último, el auto puede sufrir mucho menos daño antes de darse por vencido, el conductor debe realizar el ajuste y las reglas se aplican, bajo el riesgo de una descalificación. Gráficamente, el juego es menos estéril que la mayoría de los juegos de conducción de la plataforma (y en las consolas de 16 bits, en general), gracias a la inclusión de varios edificios poligonales dispersos por los circuitos.
NewZealand Story, The (Japan) (En)	Un día, una tribu kiwi se divertía y jugaba fuera del zoológico, solo para ser secuestrada por el malvado Leopard Seal, que planea venderlos en el mercado negro. Afortunadamente, durante el proceso de secuestro, Tiki, líder de la tribu, logró escapar del saco, y su trabajo es rescatar a Phee-Phee y los otros kiwis esparcidos por Nueva Zelanda, y se mantienen en jaulas en varios lugares que incluyen Auckland, Rotorua, Waitomo Caves, Strait Cook y Mt. Cocinar. Si Tiki no rescata a un kiwi en un tiempo limitado, el diablo aparecerá e intentará matarla. Cuando Tiki llega a las afueras de cada ciudad, excepto Strait Cook, hay un jefe esperando conocer a Tiki y matarla usando su propia elección de armas. También es difícil hacer una misión de rescate, ya que varios malvados intentan arrojar sus propias armas, como bombas y flechas, hacia ella. Para derrotar a estos enemigos, Tiki les dispara usando su ballesta y flechas. En la mayoría de los casos, cuando Tiki dispara a los enemigos, dejan fragmentos de fruta que puede recoger para obtener puntos. Sin embargo, es probable que Tiki pueda obtener otras armas o las letras E, X, T, E, N y D. Recolectar todas estas letras dará como resultado una vida extra, y en cuanto a las armas, incluirán disparos de láser, bombas y bolas de fuego En algunos niveles, algunas áreas están ubicadas más arriba que solo la izquierda o la derecha, y la única forma en que Tiki puede subir es quitándole algo al enemigo que le da la posibilidad de volar. Otras áreas están bajo el agua, y cuando Tiki se sumerge, su medidor de oxígeno disminuye, por lo que tiene que levantarse a la superficie nuevamente para restablecer sus niveles de oxígeno. Además de sus propias armas, Tiki puede arrojar agua a los enemigos si llega a la cima del agua.
NFL '95 (USA)	NFL '95 fue la respuesta de Sega Sports a la línea de juegos de fútbol de EA Sports Madden. Tiene muchas de las mismas características, así como los 28 equipos profesionales junto con 1,500 de los mejores jugadores de la temporada 1993 para jugar. El juego contiene un modo de Exhibición estándar así como un modo Temporada donde los jugadores pueden manipular intercambios, firmar agentes libres y almacenar registros para hasta siete usuarios diferentes gracias al sistema de respaldo de batería de juegos, que también se usó para rastrear líderes de la liga en trece diferentes categorías.
NFL 98 (USA)	Basado en la National Football League, el juego fue un seguimiento del único videojuego de fútbol de Sega para Sega Saturn, NFL '97. Es el último juego en la serie original Joe Montana / NFL de Sega, que sería sucedido por NFL 2K. Al igual que los dos lanzamientos anteriores de Sega en la NFL (NFL '95 y NFL '97), NFL '98 fue lanzado exclusivamente para el mercado norteamericano. No fue solo el último videojuego de fútbol americano para el Sega Genesis, sino que fue uno de los últimos juegos deportivos lanzados para una consola de 16 bits, que fueron reemplazados por consolas de 32 bits como Sega Saturn y Sony PlayStation. El juego corre bajo un motor modificado de Prime Time NFL protagonizado por Deion Sanders con listas actualizadas de 96-97.
NFL Football '94 Starring Joe Montana (USA)	Después de que SEGA recogió la licencia y cambió los nombres con la edición del año pasado, finalmente decidieron dejar &quot;Sports Talk&quot; por el título más simple &quot;NFL Football&quot;. Con más de 800 jugadores basados en la temporada de 1992, todas las marcas registradas de la serie, incluidos los comentarios play-by-play, los libros de jugadas auténticos y las repeticiones instantáneas están intactos. Soporte de respaldo de batería está disponible para jugar en la temporada. Esta versión presenta ajustes significativos de la cámara, que incluyen una perspectiva más baja y algunas funciones mejoradas de zoom que provocan reacciones mixtas.
NFL Quarterback Club (World)	NFL Quarterback Club trae al jugador literalmente 3 juegos diferentes en el mismo cartucho. El primero es un verdadero QB Challenge, o Quarterback Challenge, cuya misión consiste en elegir entre 12 de los mejores mariscales de campo de la NFL para participar en una competencia específica. El juego también cuenta con un modo &quot;Juega NFL&quot;, en el que tendrás que elegir entre jugar la temporada completa o enfrentarte a los desafíos finales en los playoffs. Por último, tenemos el modo &quot;Simulación&quot; donde el jugador deberá enfrentarse a 30 simulaciones de juego en las condiciones más adversas, como puntuación y tiempo restante, en una verdadera simulación de juego.
NFL Quarterback Club 96 (USA, Europe)	Este juego es la actualización de próxima generación del NFL Quarterback Club. Aquí se muestran todos los equipos de la temporada 1996 de la NFL, con números de jugadores reales y estadísticas. 32 jugadas ofensivas y 16 jugadas defensivas están disponibles mientras juegas. Las opciones incluyen la configuración de las longitudes de un cuarto, de uno a 15 minutos, y la selección de su modo de juego: Pretemporada, Playoffs, o una temporada completa, en la que juegas 18 partidos hacia la meta del Super Bowl.
NFL Sports Talk Football '93 Starring Joe Montana (USA, Europe)	Una entrada en la primera serie de fútbol de Sega, Sports Talk '93 pesa en unos impresionante (por el momento) 12 megas. Juega cualquiera de los 28 equipos en Exhibición, Juego de Liga, Play-offs o el Super Bowl. Múltiples vistas de campo y Sports Talk 2.0 (&quot;más de dos veces más comentarios&quot;) son las principales características que lo distinguen de otros juegos de fútbol. Dos jugadores pueden competir o cooperar contra la computadora. Además, se incluye un modo de entrenamiento, que permite a los jugadores elegir las jugadas para que la computadora los ejecute.
NHK Taiga Drama - Taiheiki (Japan)	NHK Taiga Drama: Taiheiki es un juego de estrategia de 1991 para la Sega Mega Drive de Sega, que vincula NHK Taiga Drama con la adaptación de la epopeya japonesa Taiheiki que se emitió ese año.
NHL '94 (USA, Europe)	Después de establecerse en las pistas virtuales, EA combinó las licencias NHL y NHLPA en la NHL '94, lo que les permitió presentar los 26 equipos reales (incluidos ambos equipos de expansión) y los jugadores de la nueva temporada de la NHL por primera vez en la serie. Además de las licencias, la jugabilidad de esta edición ve por primera vez la inclusión del devastador golpe de un solo disparo, pero para mantener a los forwards (literalmente) bajo control, los defensores también cuentan con controles corporales más duros, con nuevas animaciones. Para un desafío adicional, los jugadores también pueden elegir controlar al portero manualmente. Una característica popular en las ediciones anteriores, la lucha se elimina por completo del juego. Los modos de juego incluyen juegos de exhibición (o &quot;temporada regular&quot; en el juego), playoffs (el mejor de uno o el mejor de siete) y un nuevo modo de shoot-out. Las principales opciones permanecen básicamente en la misma pareja desde el establecimiento de la serie: duración del período (5, 10 o 20 minutos), cambios de línea (apagado, manual o el nuevo modo automático) y penalizaciones. (off, on, on pero no offsides).
NHL 95 (USA, Europe)	NHL '95 fue el tercer juego de hockey sobre hielo con licencia de EA Sports, que promete la acción más rápida de la serie hasta la fecha. La acción se ve de arriba hacia abajo y se puede jugar con o sin penalizaciones realistas. Hay un modo de temporada completa, que le permite guiar a un equipo a lo largo de los 84 partidos, con la opción de lesiones que potencialmente excluyen a los jugadores de una secuencia de partidos. Usted tiene control total sobre el comercio y la creación de jugadores para su escuadrón. Los nuevos movimientos en el juego incluyen disparos simulados y bloqueos.
NHL 96 (USA, Europe)	NHL 96 fue el primer juego de EA Sports en contar con la tecnología Virtual Stadium, que resultó en una sensación tridimensional y múltiples ángulos de cámara. La licencia NHL asegura que se incluyan equipos reales y jugadores de la época, con un sistema completo de ligas y playoffs. Se pueden alternar muchas opciones de juego: la infame lucha es una opción, al igual que las penalizaciones y los offsides. El sistema de control hace posible ejecutar pases de un solo toque y varios movimientos de truco especiales para avanzar rápidamente la pelota. Como característica de bonificación, incluía los perfiles de 'Tarjeta de Hockey' de cada jugador en CD y entrevistas con las estrellas del juego.
NHL 97 (USA, Europe)	NHL 97 es un juego de hockey sobre hielo en Megadrive. La tecnología &quot;Estadio virtual&quot;, que permite una representación 3D, se ha refinado en esta obra y están surgiendo nuevos ángulos de cámara. Hasta ocho jugadores ahora pueden competir en el hielo con un adaptador y una opción para crear su propio jugador también está disponible. Encuentra todos tus equipos favoritos en NHL 97 y reproduce toda la temporada para reescribir la historia.
NHL 98 (USA)	El NHL 98 presenta un juego mucho más rápido y refinado (ahora usa cuatro teclas de acción en lugar de dos, eliminando la necesidad de tocar dos veces para realizar algunas acciones), junto con otras nuevas características como tácticas &quot;al vuelo&quot; desarrolladas por Marc Crawford, y nuevas líneas de comentarios de Jim Hughson y Darryl Reaugh y una interfaz rediseñada. Los gráficos se han mejorado con respecto a la versión anterior, ya que los jugadores son menos angulosos y gracias al soporte de 3Dfx, con menos píxeles en las texturas. La presentación en el juego sigue una secuencia de comandos estilo TV, acercando los jugadores mientras se muestran las estadísticas durante las interrupciones del reloj. En cuanto a los modos de juego, en el año del primer Torneo Olímpico con jugadores profesionales, el NHL 98 introdujo la primera competencia internacional real, con 18 equipos internacionales para elegir. Otros modos de juego incluyen Season (opción para elegir entre 25 o 82 juegos) y Playoff (lo mejor de 1, 3, 5 o 7 partidos) y un modo de Penalty Shootout.
NHL All-Star Hockey 95 (USA)	NHL All-Star Hockey '95 es el juego estándar de hockey completo con una licencia NHL y NHLPA completa con los 26 equipos NHL y más de 650 jugadores de la temporada NHL 1993-94 incluyendo Mark Messier, Mario Lemieux, Jeremy Roenick y el propio Great One Wayne Gretzky Se aplican los modos estándar, incluidos Exposición, Temporada y Playoffs, que incluyen el formato actualizado al mejor de siete. Hay una batería de respaldo que permite a los jugadores no solo guardar juegos, sino también hacer un seguimiento de 15 tipos de estadísticas y también cuenta con el talento de voz de la leyenda de la transmisión, Marv Albert para los comentarios del juego.
NHL Hockey (USA)	Con la licencia oficial de la NHL, el título ofrece veinticuatro equipos y más de 500 jugadores con sus estadísticas. Es posible competir en el modo Liga, pero también para crear su propio torneo. Un modo de cámara lenta también le permite reproducir sus mejores acciones.
NHLPA Hockey (USA) (Proto) (HeartBeat Catalyst)	La segunda parte en la serie de hockey de Electronic Arts. Cuenta con la licencia NHLPA (por lo que tiene nombres de jugadores reales), pero no la licencia NHL (por lo que no tiene nombres de equipo NHL). La jugabilidad se altera solo ligeramente con respecto al predecesor. Los modos de temporada regular y de Playoff están disponibles. Los porteros han mejorado la IA, hay más opciones de juego sucio y el juego ahora cuenta con estadísticas detalladas.
NHLPA Hockey 93 (USA, Europe)	La segunda parte en la serie de hockey de Electronic Arts. Cuenta con la licencia NHLPA (por lo que tiene nombres de jugadores reales), pero no la licencia NHL (por lo que no tiene nombres de equipo NHL). La jugabilidad se altera solo ligeramente con respecto al predecesor. Los modos de temporada regular y de Playoff están disponibles. Los porteros han mejorado la IA, hay más opciones de juego sucio y el juego ahora cuenta con estadísticas detalladas.
Nigel Mansell's World Championship Racing (USA)	El Campeonato Mundial de Nigel Mansell en Megadrive se hace cargo de toda la temporada de Fórmula 1 de 1992, cuando Nigel Mansell se coronó campeón del mundo. Al volante del automóvil británico, juegas el campeonato junto a los otros once pilotos, que tienen todos los nombres reales de la temporada 92 como Alesi o Schumacher. En cada gran premio, puede ajustar las aletas y la transmisión de la velocidad del automóvil e incluso elegir sus neumáticos.
Nightmare Circus (Brazil) (En)	Nightmare Circus es una combinación de elementos de juegos de plataformas y juegos de lucha, creado para Sega Genesis / Mega Drive. El héroe, Raven, está tratando de poner fin al circo de pesadilla que solo aparece en las noches tormentosas. Él tiene que luchar contra los habitantes del circo retorcido y deformado a través de una variación de los niveles del circo mortal.
Nikkan Sports Pro Yakyuu VAN (Japan)	Sports Talk Baseball te da todos los equipos y jugadores de la lista de 1991. Elige jugar con bateadores como Rubén Sierra o Cecil Fielder, o jugar como Ken Griffey Jr., y golpea esas bolas rápidas. Puedes jugar como Cal Ripkin Jr, y hacerlo bucear. Las estaciones abarcan hasta 162 juegos, incluida una carrera de Bandas. Tienes muchos estilos de bateo y estilos de lanzamiento para elegir. Sports Talk Baseball incorpora el patentado &quot;Sports Talk&quot; de Sega, que ofrece reproducción jugada por jugada.
Ninja Burai Densetsu (Japan)	Ninja Burai Densetsu es un juego de estrategia de 1991 de Sega para Mega Drive, lanzado exclusivamente en Japón. El juego se juega de forma similar a otros juegos de estrategia, como los juegos Daisenryaku de SystemSoft y los propios juegos Shining de Sega. Usted tiene el control de un equipo de ninjas que lucha contra otro equipo. C selecciona un ninja / confirma una acción. B cancela una acción, o si no hay ninguna acción en progreso, selecciona el siguiente ninja. A abre el menú de batalla, que le permite finalizar su turno. Las batallas son completamente automáticas. Exclusivo de Ninja Densetsu Burai son las etapas especiales de desplazamiento lateral: deben ir a un lugar especial, irán a una ciudad donde pueden obtener diversos artículos útiles de la gente de la ciudad.
Ninja Gaiden (Japan) (En) (Proto)	La historia de Ninja Gaiden sigue las aventuras del ninja del Clan del Dragón, Ryu Hayabusa. El estilo de juego es de acción con scroll lateral a lo largo de varias fases, cada una de las cuales consiste en un escenario que es necesario atravesar destruyendo o evitando a los enemigos en el camino. Tras unas cuantas fases es posible enfrentarse a un &quot;jefe&quot;. La finalización del escenario que enfrenta a un &quot;jefe&quot; concluye una parte del juego, que es llamada en forma dramática &quot;Acto&quot;, e indica el inicio de la siguiente.
No Escape (USA)	Basado en la película de 1994 del mismo nombre protagonizada por Ray Liotta, el jugador toma el control del personaje de Liotta, Capt. J.T. Robbins, cuyo único objetivo del juego es escapar de una isla. Después de disparar a su oficial al mando, Robbins es encarcelado y finalmente enviado a la isla. Para hacerlo, el jugador debe explorar la isla con un juego de plataforma de desplazamiento lateral en busca de pistas, encontrar elementos y combinarlos para fabricar armas y trampas. Robbins puede hablar con usted en su búsqueda, pero también debe evitar a los prisioneros violentos, o atacarlos con golpes o patadas o usando trampas y sigilo para eludirlos. Los gráficos se basan en los rotoscopios de los actores reales de la película.
Nobunaga no Yabou - Bushou Fuuunroku (Japan)	Nobunaga no Yabou: Bushou Fuuunroku es un juego de simulación de Koei como parte de una serie de juegos basados en la vida de Nobunaga, que a su vez forma parte de su serie de simulación histórica. Fue lanzado por primera vez en 1990 en la PC-88 de NEC y luego fue lanzado a Japón, incluyendo un puerto para la Mega Drive de Sega en 1991, que no fue lanzado fuera de Japón.
Nobunaga no Yabou - Haouden (Japan)	Nobunaga no Yabou: Haouden es un juego de estrategia Sega Mega Drive y Sega Mega-CD de Koei lanzado exclusivamente en Japón. Es compatible con el Sega Mouse.
Nobunaga's Ambition (USA)	En el siglo XVI, el periodo Sengoku de Japón dividió la nación en muchos estados feudales, cada uno de ellos gobernado por un daimyo. Muchos soñaban con conquistar el país, convertirse en Shogun y gobernar todo el país. Uno de estos daimyos era el ambicioso Nobunaga Oda, un gobernante despiadado y reconocido estratega. Los jugadores asumen el papel de Nobunaga Oda o de uno de los muchos otros daimyos en su intento de conquistar Japón. Nobunaga's Ambition es un juego de estrategia por turnos que puede jugarse en varios modos diferentes. Los jugadores comienzan seleccionando un escenario de 17 regiones o un escenario mayor de 50 regiones. A continuación, el jugador debe elegir un daimyo, cuyos atributos se califican en varias categorías: edad, salud, ambición, suerte, encanto y coeficiente intelectual. A medida que el juego avanza, estos valores cambian en función de los acontecimientos del juego.
Normy's Beach Babe-O-Rama (USA, Europe)	Normy es un surfista popular, especialmente con las damas en la playa, sin embargo, un día aparece un OVNI y secuestra a todas las mujeres en la playa y le toca a Normy viajar a 29 mundos alienígenas para traerlas de regreso a la Tierra. La jugabilidad es un juego de acción de desplazamiento lateral que controla a Normy y combate a varios tipos malos diseminados por todo el escenario usando armas como martillos que extienden guantes o mazos de castor. También hay acertijos que deben resolverse a veces para avanzar, varios obstáculos y trampas para evitar, y seis jefes diferentes para luchar.
Nyuushi Chokuzen Check - Nanmon Kimon Kiki Kaikai (Japan) (Sega Channel)	Nyuushi Chokuzen Check Nanmon Kimon Kiki Kaikai es un videojuego lanzado para Sega Mega Drive exclusivamente a través del servicio Sega Channel en Japón. Nunca se lanzó físicamente, sin embargo, se descubrió y lanzó una copia de la rom en 2017.
Olympic Gold (Japan, USA) (En,Fr,De,Es,It,Nl,Pt,Sv)	El juego oficial de los Juegos de las XXV Olimpiadas, celebrado en Barcelona en 1992, presenta siete eventos diferentes: 100M Sprint, Hammer Throw, Archery, 110M Hurdles, salto con pértiga, trampolín y 200m de estilo libre. El jugador puede optar por competir por ocho naciones: Gran Bretaña, Francia, Alemania, Italia, los anfitriones de España, United States, Japón y la CEI (anteriormente la Unión Soviética). Cada nación tiene su propia muestra del himno y un conjunto de atletas para competir contra el jugador. Cada atleta es único, y tendrá un rendimiento diferente según el evento: en algunos son capaces de frenar los récords mundiales, en otros, lo suficientemente afortunados como para llegar a un punto final o uno de los mejores 6. La competencia se divide en dos tablas: ordenadas por medallas y por puntaje total (el medallista de oro obtiene 24 puntos, el 12° solo 13).
Olympic Summer Games (USA)	Olympic Summer Games es el videojuego oficial de 16 bits de los Juegos Olímpicos de 1996 celebrado en Atlanta, el tercer y último título oficial del COI que se lanzo en la consola. Es un típico machacabotones, incluye 10 eventos (100m sprint, 110m vallas, salto con pértiga, salto de longitud, triple salto, jabalina, salto de altura, disco, skeet y tiro con arco) y 32 países de todo el mundo compiten en Olimpiadas personalizadas o de práctica. Dos jugadores pueden competir cabeza a cabeza en los eventos de carrera de velocidad, y un total de ocho pueden jugar en el mismo juego. Tres niveles de dificultad permiten eventos competitivos tanto para novatos como para veteranos en el género.
Ooze, The (Japan, USA) (En)	The Ooze es un juego bastante poco conocido (y bizarro) que se lanzó hacia el final del ciclo de vida del Genesis. La historia dice que usted es un científico con un experimento que salió mal y que lo convirtió en un charco de cieno verde. Te arrastran por el fregadero y debes regresar al laboratorio (completando una serie de acertijos, etc.) para evitar que tu jefe se apodere del mundo. El juego se juega desde la perspectiva descendente y te mueves por el nivel luchando contra enemigos y resolviendo acertijos. Puede recoger Oozes y otros elementos a medida que avanza, lo que puede ayudarlo a superar cada nivel.
Operation Europe - Path to Victory 1939-45 (USA)	El juego es una simulación histórica de los teatros europeos y norteafricanos de la Segunda Guerra Mundial. El juego permite que hasta dos jugadores jueguen como comandantes del ejército para el Eje o las fuerzas aliadas. Este juego enfatiza los aspectos militares de la guerra y deja la diplomacia a los políticos.
Osomatsu-kun Hachamecha Gekijou (Japan)	Un día, los cinco hermanos de Osomatsu desaparecieron. ¡El travieso Iyami, por supuesto, debe estar detrás de esto! Con gran prisa, Osomatsu toma su honda y se dispone a rescatar a sus hermanos y darle a Iyami una probada de su propia medicina. Osomatsu-kun: Hachamecha Gekijo (Nonsense Theatre) es una plataforma de acción de desplazamiento lateral basada en el manga y el anime creado por Fujio Akatsuka, que se juega de forma similar a Alex Kidd. El jugador controla el Osomatsu titular a través de extraños entornos japoneses, luchando contra enemigos extraños, coleccionando cintas para comprar varios artículos en tiendas ocultas y buscar a sus hermanos desaparecidos. Cada etapa está compuesta de múltiples áreas; caer en agujeros en el suelo conduce a pasajes subterráneos, y saltar a las conchas voladoras lleva a las nubes. Un jefe espera al final de cada etapa, usualmente solo Iyami en una especie de extraño disfraz.
Ottifants, The (Europe) (En,Fr,De,Es,It)	Bruno es un bebé Ottifant. Es una tarde normal, y el padre de Bruno está trabajando hasta tarde en la oficina. ¡Razón suficiente para que la vívida imaginación de Bruno se desboque, pensando que su padre ha sido secuestrado por extraterrestres! los bebés gelatinosos, que se cayeron del bolsillo de su padre en el camino al trabajo, abren un camino hacia la oficina. Ahora le toca a Bruno abrirse camino entre hordas de juguetes aterrorizantes, plantas devoradoras de Ottifant, atravesar oscuras cavernas de destrucción y atravesar una jungla peligrosa -objetos cotidianos y entornos aburridos y normales se ven increíbles a través de los ojos de los niños- para rescatar a su padre ! The Ottifants es un juego de plataformas 2D de desplazamiento lateral donde el jugador controla a Bruno a través de cinco mundos: comenzando por la casa y el sótano, hasta el sitio de construcción, la oficina y finalmente la jungla, mientras que cada mundo es a su vez dividido en tres etapas. El arma principal de Bruno es su trompa, que le da la capacidad de dispararle a los enemigos lanzándoles caramelos, o chupar objetos como plataformas o cajas fuera de alcance manteniendo presionado el botón de disparo.
Out of This World (USA)	Out of This World (conocido como Another World en Europa y Outer World en Japón) es un juego de acción y aventura diseñado y desarrollado por Eric Chahi que empuja al jugador al papel de un físico pelirrojo atrapado en un planeta alienígena.
Outback Joey (USA) (HeartBeat Catalyst)	Joey, un canguro, vive con su familia en el norte de Australia. Su vida pacífica se ve interrumpida por la invasión de un grupo de cazadores furtivos que se llevan a varios miembros de su familia, por lo que Joey emprende un viaje para traerlos de regreso. Outback Joey es el único juego lanzado para HeartBeat Personal Trainer, un sistema de fitness basado en Sega Genesis. Usando un sensor de pulso y almohadillas de control del juego montadas en una bicicleta estática, escaladora, caminadora o máquina de esquí, los jugadores tienen que hacer ejercicio mientras juegan un juego de plataformas en 2D tradicional. El latido del corazón del jugador está directamente relacionado con la velocidad del personaje del jugador en el juego, con un latido del corazón saludable que le permite moverse más rápido y un latido del corazón en reposo que lo ralentiza. Los jugadores pueden crear un perfil con su nombre, edad y sexo, y sus datos de salud se rastrean de forma persistente a lo largo del tiempo para que puedan seguir su progreso.
Outlander (USA)	Mindscape desarrolló este juego con la esperanza de obtener su licencia como juego oficial de Mad Max, sin embargo, Warner Bros nunca lo hizo posible. De todos modos, el juego se parece mucho a &quot;The Road Warrior&quot; (Mad Max 2). Tu objetivo es conducir tu automóvil a través del páramo, tratando de sobrevivir a los ataques de los miembros de las pandillas de motociclistas y evitar quedarse sin combustible. La jugabilidad es una división de dos géneros: carreras y desplazamiento lateral. En las partes de carreras tienes que destruir enemigos como miembros de pandillas de motociclistas, capitanes de girocópteros, camiones rojos, etc. Tu auto tiene una ametralladora instalada en su frente, y si un tipo maneja a tu lado, una pequeña ventana aparece arriba, lo que le permite dispararles con tu escopeta. A lo largo del camino hay varias ciudades, y cada vez que pasas por una de ellas, una alarma te avisará. A medida que tu gasolina se agota, debes detenerte en estas ciudades y abastecer tus reservas de gas y municiones. Al hacerlo, el juego cambia a una perspectiva de desplazamiento lateral, mientras sales de tu auto, tratando con tus enemigos en combates mano a mano. En las ciudades también encontrarás nuevos equipos para tu automóvil, como lanzamisiles, nitro, etc.
OutRun (USA, Europe)	Debemos conducir un Ferrari Testarossa rojo por una carretera en la que tenemos que evitar chocar contra los obstáculos de la orilla, además de esquivar los coches que ocasionalmente hemos de adelantar. El objetivo es llegar a la meta que se encuentra a varios kilómetros. Para ellos tenemos que llegar a cada uno de los checkpoints antes de que se acabe el tiempo. Cada uno de estos checkpoints supone un nuevo nivel.
OutRun 2019 (USA)	OutRun 2019 es un juego de carreras futuristas para la Megadrive de Sega. Los coches pueden alcanzar la alucinante velocidad de 700 km/h en diversos circuitos con trazadas vertiginosas. Cada uno de ellos está dividido en secciones, y tu objetivo es terminarlas antes de que se acabe el tiempo para pasar a la siguiente. Los otros coches estarán presentes en el circuito y habrá que evitarlos.
OutRunners (USA)	OutRunners es una secuela del clásico juego de carreras OutRun. Te pone al volante de 8 autos de carreras diferentes con el objetivo de ser el primero en un torneo mundial de carreras. Como se mencionó, puedes seleccionar entre 8 autos cada uno con diferentes especificaciones de manejo y velocidad. y luego correr con la esperanza de obtener el trofeo. Al final de cada etapa, puedes seleccionar entre diferentes bifurcaciones de rutas que determinan cuál será tu próxima etapa, y así las diferentes rutas que llevan al final del juego determinan qué finalización obtienes (si logra vencer a los otros jugadores). OutRunners pone un gran énfasis en la jugabilidad competitiva ya que siempre estás compitiendo contra otro auto, ya sea un AI o controlado por humanos en un modo competitivo de pantalla dividida para varios jugadores.
Outworld 2375 A.D. (USA) (HeartBeat Catalyst)	&quot;Outworld 2375 A.C.&quot; Es un juego de carreras que estaba en desarrollo para Sega Mega Drive en 1993. El juego fue diseñado para ser utilizado con el dispositivo Heartbeat Catalyst, un sensor de actividad física montado en el cuerpo que se conectaba a la consola. Este dispositivo monitoreaba la frecuencia cardíaca del jugador y respondía en función de si la frecuencia cardíaca estaba dentro de un umbral objetivo. El juego nunca se completó ni se lanzó oficialmente, pero parece haber habido una producción limitada y algunas copias pertenecen a coleccionistas. Recientemente, la Video Game History Foundation conservó una copia del juego.
P-47 II MD (USA, Europe)	¡Lucha en los frentes europeos y del Pacífico durante la Segunda Guerra Mundial y toma el control del P-47 Thunderbolt de las Fuerzas Aéreas del Ejército de Estados Unidos! Tu misión: destruir el prototipo del superpesado bombardero japonés, FUGAKU.Con un impresionante desplazamiento multicapa, recorre escenarios bellamente recreados, que van desde los paisajes más pintorescos de Europa hasta mares de nubes a gran altitud y vastos océanos. ¡Enfréntate a jefes icónicos como el acorazado YAMATO y el portaaviones aéreo AKAGI!
P.T.O. - Pacific Theater of Operations (USA)	P.T.O es otro simulador militar de KOEI. En este juego puedes elegir ser Japón o los Aliados. Administrando sus flotas y ordenando nuevos buques de guerra puede controlar muchos lados diferentes del conflicto. (desarrollo de barcos, defensa de base, organización de flotas, control de batalla directo, decisiones económicas) Hay muchas opciones diferentes de juego en PTO, puede elegir jugar desde una de las muchas batallas famosas o puede jugar la campaña. Puedes controlar un lado o ambos. También hay controles limitados en las condiciones de victoria.
Pac-Attack (USA)	Pac-Man tiene una apariencia rara fuera de un entorno de laberinto en Pac-Attack. El juego en si es un divertido y peculiar juego de rompecabezas. Esta entrada única en el género le da su propio giro a las convenciones establecidas y agrega uno de los personajes más emblemáticos del juego a la mezcla. El objetivo es simple: mantenga su pantalla libre de bloques y fantasmas que caen alineando bloques horizontalmente, haciendo que desaparezcan.
Pac-Man 2 - The New Adventures (USA)	Únete a Pac-Man en una aventura de desplazamiento lateral donde debes guiarlo a través de Pac-Land, resolver acertijos y encontrar objetos para vencer al malvado Ghost Witch of Nentor. No controlas al propio Pac-Man, ya que debes mostrarle a dónde ir y qué buscar, mientras usas el tirachinas para derribar los enemigos y encontrar elementos o abrir puertas. Puedes recoger los elementos que encuentres a lo largo de los caminos de la casa de Pac-Man y guardarlos en el inventario para utilizarlos otro día.
Pac-Mania (USA, Europe)	Pac-Mania es una variación del juego Pac-Man. Tienes que guiar Pac-Man alrededor de un laberinto y comer todos los puntos en el tablero para pasar a la siguiente ronda. Numerosos fantasmas multicolores también deambulan por el laberinto tratando de detenerte. Si comes una de las pastillas de poder en el laberinto, los fantasmas se pondrán azules temporalmente y huirán de ti. Pac-man puede ganar puntos de bonificación comiendo los fantasmas cuando están en este estado. El laberinto ahora está en 3-D y es más grande que la pantalla, que se desplazará para seguir la acción. Para ayudar a salir de los lugares difíciles, Pac-Man ahora tiene la capacidad de saltar. ¡Pero ten cuidado, porque algunos de los fantasmas también han aprendido este truco y podrías terminar en una colisión en el aire!
Pachinko Kuunyan (Japan)	Yokohama Pachi-Pachi Chinatown es una isla donde todas las personas aman el pachinko. Un día, un misterioso panda malvado decide que debe tenerla, y se la roba para sí mismo, convirtiéndola en su propia isla pachinko, un lugar donde cualquiera que ingrese nunca puede irse. Chen es un hombre que ama el pachinko, y un día se dirige a los famosos salones de pachinko de Yokohama ... y nunca regresa. Fortune dice que muy pronto, la persona que detendrá los males de este salón de pachinko aparecerá, y la hija de Chen, Ren, partirá en su 18 cumpleaños para Yokohama, en busca de su padre. Pachinko Kuunyan es un RPG de pachinko muy parecido a la serie de Pachio-kun. El jugador controla a Ren como en un juego de rol estándar, pero en lugar de pelear batallas, puede ingresar a salas de pachinko y jugar en las máquinas. Cada una de las cinco ciudades tiene varias salas de pachinko, y Ren debe vaciar un cierto número de máquinas antes de que pueda pasar a la siguiente ciudad. Si se queda sin bolas, entonces el juego termina.
Paddle Fighter (Japan) (Sega Game Toshokan)	Paddle Fighter es una versión digital del popular juego de air hockey. Dos jugadores controlan una paleta redonda, y deben intentar golpear un puck en la portería del oponente, siendo el ganador el primero de siete goles. Cada jugador tiene una cantidad de movimientos especiales disponibles para ellos, que incluyen movimientos defensivos como bloquear el objetivo durante un corto período de tiempo, así como movimientos ofensivos como dividir el disco en cinco &quot;discos fantasma&quot; que pueden distraer al jugador contrario. Hay un modo para un solo jugador donde una serie de oponentes cada vez más difíciles deben ser derrotados, así como un modo para dos jugadores donde se puede jugar como cualquiera de los ocho personajes diferentes.
Pagemaster, The (USA)	El Pagemaster fue lanzado en conjunción con la película de Macaulay Culkin parte acción / parte de dibujos animados lanzado en 1994. Guíe a su personaje a través de una selección de niveles basados en libros temáticos, que van desde Horror a la aventura y mundos de fantasía. Puedes usar magia y pisotear enemigos hasta la muerte saltando sobre su cabeza. Los enemigos incluyen murciélagos, libros voladores, manos gigantes, fantasmas, piratas y muchos más.
Panorama Cotton (USA) (Strictly Limited Games)	El reino de las hadas ha sido amenazado durante mucho tiempo por la bruja oscura Wool, la líder de la Ondulación Oscura. Cotton, el único que podría vencer a Wool. Cotton acepta bajo una condición: quiere recibir algunos sauces como recompensa, ya que los sauces son su alimento favorito. Finalmente, después de derrotar a Wool, Cotton se dio cuenta de que estaba envenenado, y jura venganza. Acompañado por Silk, ella comienza a perseguir al misterioso enemigo. &quot;Panorama Cotton&quot; es un shooter de desplazamiento pseudo-3D que recuerda a Space Harrier, ambientado en un mundo de fantasía de estilo animé. Varios niveles se desplazan &quot;hacia la pantalla&quot;, vertical, horizontal o diagonalmente. Puedes moverte por la pantalla, disparando a los enemigos que se aproximan y evitando los obstáculos en tu camino. Cotton puede mejorar a niveles más altos a medida que avanzas en el juego, por lo que puedes lanzar hechizos mágicos mediante la recolección de objetos especiales.
Paperboy (USA, Europe)	Basado en el juego de arcade, el objeto de Paperboy es entregar periodicos a sus clientes, mientras que intentas infligir tanto daño como sea posible a las casas de sus no-clientes. Para hacer las cosas más dificiles, Habrá numerosos obstáculos en tu camino, incluyendo trabajadores de la construcción, neumáticos sin escrúpulos, patinadores, perros y gatos, coches, y algún tornado de vez en cuando.
Paperboy 2 (USA, Europe)	Eres un chico de papel. Súbete a tu bicicleta. Evita los obstáculos en la carretera, como perros, automóviles y básicamente todo lo que puedas imaginar. Demonios, ¡algunas personas te disparan balas de cañón! ¡Y será mejor que estés seguro de tirar solo papeles en las casas adecuadas! y a la gente, eso es divertido
Party Quiz Mega Q (Japan)	Party Quiz Mega Q es un juego de preguntas y respuestas de 1993 para Sega Mega Drive de Sega lanzado exclusivamente en Japón. El juego se presenta como un concurso de preguntas y respuestas a preguntas sobre puntos. Cada uno de los cuatro botones (A, B, C y cualquier botón D-pad) representa una elección. simplemente presiona el botón para tomar una decisión. Responde una pregunta incorrecta y perderás puntos.
Pat Riley Basketball (USA)	Super Real Basketball es un juego deportivo en Megadrive con 8 equipos que representan a las principales ciudades de los Estados Unidos. Puede elegir entre juegos de exhibición o torneos, con un modo 2 jugadores y 3 niveles de dificultad.
Pebble Beach Golf Links (USA)	Pebble Beach Golf Links es un simulador de golf que recrea los dieciocho hoyos del famoso campo del mismo nombre. Uno de los campos de golf mejor considerados de América ahora está abierto para jugar en la comodidad de su hogar en su Sega Mega Drive.
Pedreiro Polar (Brazil) (Super Mega Drive 3)	Usted es un constructor de iglus y necesita prepararlos con los bloques de nieve. El problema es que es necesario atravesar el río helado llevando sólo un bloque a la vez hasta el iglú. Ten cuidado de no caer en el río y perder una vida. Otros peligros como bolas de nieve y pingüinos muy bravos necesitan ser evitados también.
Pele II - World Tournament Soccer (USA, Europe)	Edson Arantes do Nascimento, comúnmente conocido por nosotros como la leyenda del fútbol Pelé, autorizó un segundo juego de fútbol, con los 24 clasificados para la Copa Mundial de 1994, cada uno con resúmenes y consejos tácticos de Pelé. Pueden jugar en partidos amistosos o en el torneo completo. Se incluye un modo de cinco por lado, que tiene lugar en un campo de tamaño completo. La vista es isométrica, aunque se juega de abajo a la derecha y de arriba a la izquierda, lo opuesto a FIFA International Soccer. Los efectos del clima son opcionales, las partidos pueden ser de entre 5 y 45 minutos (en incrementos de 5 minutos), y los tiros de penaltis son opcionales. Hay disponible una amplia gama de formaciones, así como escuadrones de 22 jugadores ficticios.
Pele! (USA, Europe)	Pelé! es un juego de fútbol que le permite al jugador tomar el control de la leyenda del fútbol Edson Arantes do Nascimento (mejor conocido como Pelé, el juego homónimo). Hay cuarenta equipos internacionales diferentes para elegir y el juego tiene dos modos separados para un jugador. En la práctica, el jugador elige los equipos y aprende los fundamentos básicos del juego. En temporada, el jugador compite en una temporada de 18 juegos para competir por el campeonato.
Pense Bem (Brazil) (Mega Drive 4)	Se acuerda del pequeño ordenador con preguntas y respuestas? Pues, ahora el juego está disponible para la consola. Son diez temas diferentes para demostrar sus conocimientos, incluyendo el desafío con preguntas difíciles. Al final de cada juego, usted recibe una contraseña y puede utilizarla para aumentar su nota de desafío. Demuestre que usted es bueno.
Pepenga Pengo (Japan) (En)	¡Las Sno-Bees están de vuelta! Un día en la Antártida, un asteroide choca contra el cristal que protege a los pingüinos, haciéndolo pedazos y liberando a las Sno-Bees que habían sido congeladas en hielo. Para rescatar a su gente, el pingüino azul (junto con un pingüino rosado en modo de dos jugadores) persigue a las Sno-Bees y recupera las piezas faltantes del cristal. El juego toma la plantilla básica del original de 1982 y se expande sobre él, ofreciendo una mayor variedad de enemigos, diversos peligros ambientales y mejoras, junto con, por supuesto, gráficos y sonido de 16 bits actualizados. El objetivo sigue siendo empujar bloques y aplastar a los enemigos. Los enemigos ahora aparecen de los generadores, que deben ser destruidos para evitar que aparezcan nuevos enemigos, y todos los enemigos deben ser eliminados para completar cada etapa. Además del modo historia principal, el juego también presenta un modo de batalla competitivo para hasta cuatro jugadores, así como una conversión del juego arcade original.
Pete Sampras Tennis (USA, Europe) (MDST6636) (J-Cart)	Juegue juegos de exhibición de singles y dobles, torneos eliminatorios o haga una gira mundial, todo está aquí en este simulador de tenis. Puedes elegir jugar como el (entonces) top mundial 1, el mismo Pete Sampras o de otros 29 jugadores. Las acciones se ven desde el punto de vista tradicional de tercera persona. Se proporciona un modo de tutorial para ayudarlo a acostumbrarse a las tomas de derecha, izquierda y bajada que se ofrecen. Varios lugares de todo el mundo se pueden jugar en las canchas Hard, Grass y Clay. Este fue el primero y uno de los pocos juegos de Genesis que se lanzaron con un J-Cart, lo que significaba que el juego de cuatro vías era posible sin la necesidad de adaptadores especiales. el cartucho tenía dos conectores de joypad incorporados. La versión de Game Gear fue igualmente ingeniosa, permitiendo que dos jugadores compartan un Game Gear, o cuatro jugadores para jugar dobles conectando dos máquinas.
PGA European Tour (USA, Europe)	European Tour es mejor pensado como una nueva versión del juego original, en lugar de una secuela como tal. Cuenta con 5 cursos de toda Europa y 60 mejores profesionales europeos, en lugar de la alineación del original de los Estados Unidos. Los gráficos son mucho más detallados y coloridos, como es de esperar teniendo en cuenta los años transcurridos de avances en habilidades de programación. El sistema de control es el método estándar de tres clics utilizado en la mayoría de los juegos de golf, pero ahora puede definir los niveles de dibujo / fundido previstos antes de reproducir el disparo, de modo que un objetivo perfecto conduzca a un efecto medido y uno imperfecto que exagere el efecto. Además de los juegos Stroke Play del original (donde se cuenta el puntaje total en toda la ronda de 18 hoyos, y compare esto con su oponente), también hay Match Play (donde el objetivo es ganar tantos agujeros individuales como posible) y Skins (lo mismo, pero con dinero) modos también.
PGA Tour 96 (USA, Europe)	PGA Tour 96 fue el último de la serie lanzado para la consola de 16 bits de Sega, siendo el más avanzado tecnológicamente para esta consola. Dispone de tres campos 3D en donde se evidencian las diferencias de altura, estos campos son: Spyglass Hill, Sawgrass y River Highlands. El jugador tiene diversas formas de juego, en una de ellas puede jugar como uno de los 10 mejores jugadores de la PGA (Asociación de Golfistas Profesionales), debido a que sus &quot;swings&quot; fueron digitalizados. Otra forma de juego es en la que el jugador puede jugar para convertirse en un golfista profesional, en este modo el juego registra las estadísticas de: &quot;drive&quot; más largo, precisión del &quot;drive&quot;, mejor ronda, etc. También se pueden jugar partidas de torneo, &quot;stroke play&quot;, &quot;skins&quot;, &quot;match&quot; y &quot;shootout&quot;
PGA Tour Golf (USA, Europe)	PGA Tour Golf introdujo muchas de las convenciones comúnmente vistas en el género desde entonces. El método de control de tres clics (el primero para iniciar el swing, el segundo poder de ajuste y el over-swing, el tercer draw o fade de configuración) permitía una multitud de disparos diferentes, y requería un sentido del tiempo. Se incluyen cuatro cursos, uno de ellos es un curso de &quot;enlaces&quot; de fantasía diseñado por los programadores. Algunos de los hoyos son diabólicos, con bunkers, obstáculos de agua y árboles, y la necesidad de planificar estrategias para obtener el mejor enfoque para el green. Cuando se juega un torneo, hay 60 oponentes, cada uno de los cuales representa a los mejores golfistas de EE. UU., Diez de estos aparecen con consejos tácticos para cada hoyo.
PGA Tour Golf II (USA) (HeartBeat Catalyst)	La secuela de PGA Tour, este juego fue lanzado únicamente para Sega Genesis / Mega Drive junto con una versión alternativa para Game Gear, ya que era cada vez más común para los títulos deportivos de EA en ese momento, lo que ayudó a impulsar las ventas de la segunda opción. Esta actualización ve a la serie agregar diez jugadores profesionales a la lista (60 en total) y tiene la capacidad de jugar contra ellos en siete campos y en cinco torneos. También hay un nuevo motor gráfico en su lugar y nuevos sonidos para arrancar. Las estadísticas se volvieron más detalladas y la física de la pelota se mejoró a través de un medidor de Draw y Fade. Los datos del juego se pueden respaldar a través de la batería incorporada. Otras características incluyen diferentes mentiras de bolas, condiciones dinámicas de viento, sonidos digitalizados, un caddy automático mejorado y disparos especiales como fichas, puñetazos y putts de franjas.
PGA Tour Golf II (USA, Europe)	La secuela de PGA Tour, este juego fue lanzado únicamente para Sega Genesis / Mega Drive junto con una versión alternativa para Game Gear, ya que era cada vez más común para los títulos deportivos de EA en ese momento, lo que ayudó a impulsar las ventas de la segunda opción. Esta actualización ve a la serie agregar diez jugadores profesionales a la lista (60 en total) y tiene la capacidad de jugar contra ellos en siete campos y en cinco torneos. También hay un nuevo motor gráfico en su lugar y nuevos sonidos para arrancar. Las estadísticas se volvieron más detalladas y la física de la pelota se mejoró a través de un medidor de Draw y Fade. Los datos del juego se pueden respaldar a través de la batería incorporada. Otras características incluyen diferentes mentiras de bolas, condiciones dinámicas de viento, sonidos digitalizados, un caddy automático mejorado y disparos especiales como fichas, puñetazos y putts de franjas.
PGA Tour Golf III (USA, Europe)	El equipo de Polygames realizo pequeñas mejoras en el último título de PGA. Tiene un entorno estadounidense en cuanto a los cursos y jugadores, a diferencia del PGA European Tour, con 8 cursos en total. El control se realiza a través del método estándar de configuración de la toma, luego presionando el botón una vez para comenzar un swing, una segunda vez para establecer el ritmo y una tercera vez para establecer draw / fade. Antes de tomar una foto, se selecciona la elección del club, la dirección y la intención de empatar / desvanecer (girar la pelota). Puede jugar un torneo de 72 hoyos contra otros 60 profesionales de PGA, o practicar los hoyos en su tiempo libre.
Phantasy Star Fukkokuban (Japan)	Phantasy Star es la primera entrega de la famosa saga de videojuegos de rol del mismo nombre, creada por SEGA. Inicialmente fue sacado a la venta para la Sega Master System en Japón el 20 de diciembre de 1987, y luego en Estados Unidos y Europa en 1988. En 1994, Sega lanzó una versión para Sega MegaDrive, Phantasy Star Fukkokuban. Fue uno de los primeros cartuchos en incluir memoria RAM para guardar el avance del jugador en el juego. Disponía además de unos increíbles gráficos (para su momento), permitiendo explorar zonas en primera persona. Además, es uno de los primeros videojuegos en donde el protagonista es una mujer.
Phantasy Star II (USA, Europe)	Las personas en un planeta técnicamente avanzado llamado Mota hacen experimentos para crear criaturas biomecánicas. Pero un día, se creó una criatura que parecía ser peligrosa para los humanos mismos. Pero Nunca llegó la señal de peligro a la capital desde los laboratorios experimentales, un joven anónimo que vive en Paleo, la capital de Mota, se le ordena ir a los laboratorios y verificar el problema. Tu amiga Nei, una chica semihumana, te acompaña, y otros valientes aventureros te acompañan en lo que comienza con una simple misión, pero esta se desarrolla para salvar al mundo entero. Este es el primer juego de Phantasy Star para el Génesis, ambientado en un mundo futurista. El combate por turnos te permite elegir entre &quot;pelear&quot;, donde los personajes simplemente atacan físicamente por un turno, y &quot;estrategia&quot;, donde puedes elegir entre varios subcomandos, defender, usar una técnica especial, o huye de la batalla En lugar de magia, hay &quot;técnicas&quot; que requieren el uso de TP (puntos de técnica).
Phantasy Star II - Amia's Adventure (Japan) (Sega Game Toshokan)	Phantasy Star II: Text Adventure es una serie de ocho juegos de video que mezcla papeles y aventuras lanzados en 1990 solo en Japón en Mega Drive a través de su módem Sega Meganet. Estos 8 juegos estaban disponibles por descarga y no salieron del territorio japonés. También son muy poco conocidos por el público en general. Estas ficciones presentan a los personajes principales de Phantasy Star II. La llegada masiva de bio-monstruos fue seguida rápidamente por una nueva clase de guerreros. Llamados Cazadores, están dedicados a proteger a la población del planeta Motavia.
Phantasy Star II - Anne's Adventure (Japan) (Sega Game Toshokan)	Este juego es una de las ocho aventuras de texto que narra las vidas de los personajes antes de que su historia continúe en Phantasy Star II. Este juego en particular cubre a Amy Sage, un médico que tiene la tarea de obtener medicamentos en una escuela primaria que ha sido atacada recientemente por biomonsters. El juego consiste en explorar varios lugares, mirar a su alrededor para encontrar otros personajes con los que conversar a fin de obtener pistas y buscar elementos que tomar para usarlos para resolver problemas que ayudan a mejorar la trama. Algunos objetos que se pueden recoger pueden usarse para armas durante el combate. Cuando está en combate, el poder de ataque del arma de los jugadores se multiplica por una tirada de dados aleatoria para determinar la fuerza del ataque. La misma regla se aplica al ataque del combatiente enemigo. El objetivo del combate es drenar todo el HP del enemigo.
Phantasy Star II - Huey's Adventure (Japan) (Sega Game Toshokan)	El juego tiene lugar en el verano de AW 1284, poco antes de los eventos de Phantasy Star II. Hugh Thompson (o Huey Reane)) es un erudito en biología en la Universidad de Motavia. Fue llamado por el presidente de la Universidad para investigar un incidente que involucra a una criatura de la planta que roba energía en el campus, alimentándose con electricidad y aumentando su tamaño en el proceso. Después de que la criatura se propaga a través del reactor de la universidad hacia el centro de energía principal, amenazando con privar a la ciudad entera de Kvarts de su electricidad, Hugh se dispone a intentar detenerla. Esta aventura es lo que finalmente lleva a Hugh a adaptar su conocimiento de la anatomía para combatir biomonsters, en la ayuda de Rolf en Phantasy Star II.
Phantasy Star II - Kinds's Adventure (Japan) (Sega Game Toshokan)	Phantasy Star II Text Adventures fue una serie de ocho videojuegos de aventura disponibles para los usuarios de Sega Meganet, un módem para Sega Mega Drive en Japón, y luego lanzados como parte de dos compilaciones en el Mega-CD de Sega. Cada uno de los juegos tiene lugar poco antes de Phantasy Star II, documenta los trasfondos de sus personajes y explica lo que los lleva al Paseo de la ciudad, donde finalmente se unen para investigar los problemas generalizados del Sistema Solar de Algol. Kinds's Adventure: Kind (Josh en las versiones americana y europea), de 18 años, es un aspirante a ingeniero. Él siempre ha amado las máquinas y sabe perfectamente cómo funcionan los robots. Construyó muchos dispositivos pequeños y sabe cómo hackear computadoras. Sin embargo, al tener la cabeza en el aire, a menudo destruye las cosas, pero intenta repararlas. Finalmente, después de ser un &quot;reparador&quot; con poco talento, decidió poner su talento en la destrucción de máquinas, pero por buenas razones. Comenzó a unirse a una pandilla de rebeldes para destruir Mother Brain, el gran cerebro electrónico del sistema solar de Algol. Y finalmente, termina haciendo equipo con Rolf en Phantasy Star II.
Phantasy Star II - Nei's Adventure (Japan) (Sega Game Toshokan)	Phantasy Star II Text Adventures fue una serie de ocho videojuegos de aventura disponibles para los usuarios de Sega Meganet, un módem para Sega Mega Drive en Japón, y luego lanzados como parte de dos compilaciones en el Mega-CD de Sega. Cada uno de los juegos tiene lugar poco antes de Phantasy Star II, documenta los trasfondos de sus personajes y explica lo que los lleva al Paseo de la ciudad, donde finalmente se unen para investigar los problemas generalizados del Sistema Solar de Algol. La aventura de Nei: este capítulo presenta a Nei - un Numan creado a través de un experimento para criar humanos con biomonsters. Después de escapar de Neifirst, ella es rescatada por Rolf y adoptada como su hermana pequeña.
Phantasy Star II - Rudger's Adventure (Japan) (Sega Game Toshokan)	Phantasy Star II Text Adventures fue una serie de ocho videojuegos de aventura disponibles para los usuarios de Sega Meganet, un módem para Sega Mega Drive en Japón, y luego lanzados como parte de dos compilaciones en el Mega-CD de Sega. Cada uno de los juegos tiene lugar poco antes de Phantasy Star II, documenta los trasfondos de sus personajes y explica lo que los lleva al Paseo de la ciudad, donde finalmente se unen para investigar los problemas generalizados del Sistema Solar de Algol. La aventura de Rudger: este capítulo presenta a Rudolf &quot;Rudo&quot; Steiner, quien después de la pérdida de su esposa e hijo en un ataque de Biomonster, se convierte en un cazador dedicado a su exterminio.
Phantasy Star II - Shilka's Adventure (Japan) (Sega Game Toshokan)	Phantasy Star II Text Adventures fue una serie de ocho videojuegos de aventura disponibles para los usuarios de Sega Meganet, un módem para Sega Mega Drive en Japón, y luego lanzados como parte de dos compilaciones en el Mega-CD de Sega. Cada uno de los juegos tiene lugar poco antes de Phantasy Star II, documenta los trasfondos de sus personajes y explica lo que los lleva al Paseo de la ciudad, donde finalmente se unen para investigar los problemas generalizados del Sistema Solar de Algol. Shilka's Adventure: Shilka o Shir en versiones americanas y europeas. Ella es la única heredera de una familia rica en Paseo, la capital del planeta Motavia. En lugar de perder el tiempo sin hacer nada y remediar la monotonía de la vida cotidiana, se convirtió en una experta ladrona. A ella le gusta tomar el aire, la frescura de la brisa nocturna y a menudo descansa sobre los techos. Se llama &quot;Shir of the Wind&quot;. Su aventura tiene lugar en otoño del año interestelar 1282, unos dos años antes de los eventos que tienen lugar en Phantasy Star II. Ella planea robar una pintura titulada &quot;Opa-Opa&quot;, que se exhibe en un hotel de exhibición.
Phantasy Star II - Yushis's Adventure (Japan) (Sega Game Toshokan)	Phantasy Star II Text Adventures fue una serie de ocho videojuegos de aventura disponibles para los usuarios de Sega Meganet, un módem para Sega Mega Drive en Japón, y luego lanzados como parte de dos compilaciones en el Mega-CD de Sega. Cada uno de los juegos tiene lugar poco antes de Phantasy Star II, documenta los trasfondos de sus personajes y explica lo que los lleva al Paseo de la ciudad, donde finalmente se unen para investigar los problemas generalizados del Sistema Solar de Algol. La aventura de Yushis: su nombre es Rolf en las versiones americana y europea. Él es un agente del gobierno del planeta Moltavia Capital. Él es el personaje principal de Phantasy Star II. En misión, rescata a un joven Newman: Nei.
Phantasy Star III - Generations of Doom (USA, Europe, Korea) (En)	Justo cuando vas a contraer matrimonio con Maia, la misteriosa mujer que encontraste a la vera de una orilla, un dragón alado la agarra y desaparece. Este trágico suceso no es más que el principio de un viaje que no parece tener fin a través de un mundo de repugnantes criaturas, perversas almas y una historia que se extiende a lo largo de tres generaciones.
Phantasy Star IV (USA)	El sistema de estrellas Algo está en tiempos difíciles... Hace muchos miles de años, el sistema Algo Star era un sistema pacífico. Tres planetas rodeaban la apacible estrella de Algo y estaban en perfecta armonía: Palma, un exuberante planeta verde, donde sus ciudadanos dedicaban sus vidas al arte y las ciencias. Motavia, un planeta desértico, habitado por humanos y motavianos nativos, y la enigmática Dezolis, un áspero planeta de hielo, donde los ciudadanos eran tan desconocidos como el planeta mismo. Desafortunadamente, la armonía y el equilibrio no duraron. Palma explotó, y con él, el 90% de la población de Algo murió. Motavia había caído en horribles condiciones por la explosión, convirtiéndose casi en un páramo total. La Oscuridad extendió su mano sobre la tierra... Ahora, habían pasado 1,000 años. Motavia se había curado un poco, y la vida comenzaba a volver a ser como lo era hace miles de años. El Gremio de Cazadores en Motavia ayudó a mantener las cosas estables. Pero ahora, un mal oscuro que alguna vez se creyó muerto hace tiempo está comenzando a agitarse una vez más, y el joven Hunter, Chaz, está a punto de comenzar su última aventura, y todo comenzó con una simple tarea rutinaria... La jugabilidad de la cuarta entrada en Phantasy Star es similar a la de la segunda entrega, compartiendo características notables como la capacidad de equipar dos armas a la vez, diferentes elementos de curación para humanos y androides, la mayoría de las &quot;técnicas&quot; (equivalentes a hechizos mágicos en juegos comparables), etc. Como antes, la nivelación y el aprendizaje de la técnica son automáticos. Hay algunos segmentos en el juego con combate de vehículos, que en su mayoría sigue la misma fórmula basada en turnos que las batallas regulares. Las misiones secundarias están presentes en forma de asignaciones de cazadores para Chaz y sus amigos.
Phantom 2040 (USA)	Es el año 2040, y la ciudad de Metropia está en un caos total. Crimen, contrabando y terrorismo están escalando. La empresa de degradación, Maximum Inc., ha inventado la biotecnología que amenaza con meterse con la naturaleza, causando la extinción de los animales y la adulteración de los ecosistemas. La malvada dueña de una empresa, Rebicca Madison, desea gobernar Metropia y el mundo. Kit Walker, el 24to Phantom, un joven de 18 años que tiene que luchar siguiendo los orgullosos pero secretos pasos de sus antepasados para hacer las cosas bien, o dejar de intentarlo. El juego tiene muchos giros y vueltas en su trama, y una multitud de finales.
Phelios (World) (Evercade)	Situado en el mundo de la mitología griega, Phelios cuenta la historia de un joven príncipe llamado Apolo, que se dispone a rescatar a su amada Artemisa, que fue capturada por el demonio Tifón mientras exploraba los cielos con el caballo alado, Pegaso. En el templo de Tifón, Artemisa se encerró en una mazmorra donde Medusa la convierte en piedra. Phelios consta de siete capítulos, y en cada uno, debes vencer a los secuaces de Tifón con tu espada, que puede emitir bolas de fuego hacia ellos. Sin embargo, manteniendo presionado el botón de disparo por unos segundos cargará la espada; y al soltarlo, dispara una bola de fuego más grande que causa una cantidad considerable de daño. Durante el juego, recolectas elementos que aumentan tu velocidad y te dan más potencia de fuego. Al final de cada capítulo, debes destruir un jefe para pasar al siguiente. Entre cada capítulo, puedes ver un intermedio que detalla lo que está sucediendo en el templo.
Pink Goes to Hollywood (USA, Europe)	The Pink Panther se dirige a Hollywood para una audición para un papel importante. Perseguido por su némesis, el inspector Clouseau, huye a los MGM Studios. Desde la entrada principal, puede ingresar a diferentes conjuntos de películas con distintas áreas, como cementerios, casas solariegas o la jungla. Utilizando una vista de desplazamiento lateral, Pink Panther puede saltar, agacharse, correr, escalar y usar un guante de boxeo para noquear a los enemigos. Además, hay trucos especiales y accesorios como alfombras mágicas, sombrillas y escaleras para llegar a las regiones más altas. Elementos como semáforos, martillos neumáticos, bolas de boliche, escudos y supergloves dan una ventaja en las batallas.
Pinocchio (USA)	Viaja como Pinocho, el títere de madera vivo del carpintero Geppetto, Pinocho, como lo hizo en su película animada de Disney, que a su vez estaba basada en una novela para niños. Haz que Pinocho corra, salte y patee a través de todos los lugares familiares, incluido el interior de una ballena, y haz las buenas acciones lo suficiente como para convertirte en el verdadero niño humano que siempre quiso ser. Un juego de plataformas estándar de Disney.
Pirates of Dark Water, The (USA)	Dark Water lentamente se está apoderando del mundo de Mer. Con sus últimas palabras, el Rey Primus le dice a su hijo, el Príncipe Ren, que tiene que encontrar los Tesoros de la Regla perdidos para detener el Agua Oscura. Ren viaja a la ciudad de Janda, donde conoce al niddler monkeybird, la guerrera Tula y el ex pirata Ioz, que lo ayudan en su búsqueda. Basado en la caricatura del mismo nombre, The Pirates of Dark Water es un juego de plataformas de hack'n slash de desplazamiento lateral con algunos elementos de aventura. Tomas el control de Ren, Ioz o Tula que pueden saltar, trepar, atacar y lanzar enemigos. En la mayoría de los niveles, debes encontrar las llaves para abrir las puertas y hablar con los NPC que te darán pistas. También encontrarás numerosos objetos útiles, como arrojar armas, alimentos para reponer tu salud, pociones que tienen diferentes efectos, como la invencibilidad temporal, el dinero que se necesita para pagar ciertos NPC y melones que pueden alimentar a Niddler que te llevará de vuelta al pantalla de mapa.
Pirates! Gold (USA)	Al igual que con el original, esta es una mezcla de estrategia, acción y aventura. Piratas! Gold te permite interpretar el papel de un bucanero principiante en Spanish Main, en el siglo XVII, en busca de fama y fortuna. Cada pueblo en esta región indómita en bruto tiene diferentes sorpresas y peligros. Cómo adquieres el estatuto depende de ti; puede ganarse la vida mediante el comercio honesto y la búsqueda de tesoros escondidos, o puede ser un poco más atrevido y atacar y saquear barcos. Como puedes elegir una habilidad específica para destacar, el juego puede variar cada vez. La lucha de espada se juega en las secuencias de acción de vista lateral.
Pit-Fighter (World) (En,Ja)	Pit-Fighter es un juego de lucha en tercera persona que cuenta con gráficos digitalizados de luchadores reales y efectos de acercamiento. Los jugadores seleccionan uno de los tres luchadores (Buzz, Ty o Kato) para enfrentarse a cualquiera que se atreva. Al final de un partido, los jugadores reciben individualmente un Bono Knockout, Bono Brutality y un Fight Purse. Cada tercer partido es un Grudge Match donde los jugadores ponen a prueba las habilidades de cada uno. El último hombre en pie es el ganador de este partido de tres derribos. Los jugadores luchan para llegar al Elimination Match para decidir quién gana la oportunidad de destronar al campeón, Masked Warrior.
Pitfall - The Mayan Adventure (USA)	Pitfall: The Mayan Adventure es un juego de acción de desplazamiento lateral en el que juegas al aventurero Pitfall Harry Jr en busca de su padre Pitfall Harry. Te abres camino a través de las junglas mayas, cascadas, minas desiertas y puedes saltar en bungee y bumerías para llegar a un lugar seguro. Hay 13 niveles y la acción es rápida y apasionante. Tendrás que estar atento y rápido. O prepárate para morir
Planet Message Quiz (Japan) (Sega Channel)	Planet Message Quiz es un juego distribuido en Sega Mega Drive exclusivamente a través del servicio Sega Channel en Japón, pero nunca se ha publicado en soporte físico. Una copia de la ROM fue descubierta y liberada en 2017.
Pocahontas (USA)	Pocahontas en Megadrive es un juego de plataforma basado en la película de Walt Disney. El jugador encarna a Pocahontas, acompañada por su amigo Meeko, quien debe hacer todo lo posible para salvar a los animales en peligro. Beneficiándose del poder del &quot;espíritu de los animales&quot;, la india tendrá que evitar la guerra entre su pueblo y los hombres de John Smith atravesando varios niveles que siguen la trama de la película.
Populous (Europe)	Eres un dios que compite contra otras deidades en una batalla divina por el dominio del mundo. Para ganar, debes guiar a tu pueblo elegido hasta la conquista total y eliminar a los que veneran a los dioses rivales. Cada dios comienza con un único ser humano, arrojado en medio de tierras salvajes. A veces hay terreno habitable cerca, otras veces no. Para avanzar, deberás transformar el paisaje y crear zonas llanas donde tus seguidores puedan construir. Cuantos más fieles consigas, más poderoso serás, así que protégelos bien. ¡Actúa rápido, porque los otros dioses también están en movimiento!
Power Drive (USA) (En,Fr,De,Es,Pt) (Sega Channel)	Power Drive es un juego de carreras arcade basado en la conducción de rally. El freno de mano gira y los espesos deslizamientos son posibles, y la dirección está floja. Hay 3 tipos de etapas: pruebas de tiempo individuales, carreras mano a mano contra la computadora y algunas pruebas de habilidad. Hay 8 rondas de juego, en diferentes países, desde Suecia hasta Kenia. Obtienes un premio en dinero por ganar carreras y cuesta dinero reparar el daño.
Power Monger (USA, Europe)	PowerMonger adopta el diseño básico y los conceptos del juego anterior de Bullfrog, Populous, y lo coloca en un contexto de guerra. El jugador encarna a un señor de la guerra con la misión de saquear todo el mundo a través de 195 territorios. Otros líderes tienen la misma meta y no permitirán que lo consigas tan fácilmente.
Powerball (USA)	En este juego asumes el papel de 1 de 8 equipos que representan a varias naciones que compiten por convertirse en los campeones de Powerball. Powerball es un juego que consiste en un híbrido de deportes como fútbol americano, fútbol y rugby. Juegas en un campo de 100 yardas tratando de anotar en el equipo contrario. La puntuación consiste en correr hacia la zona de anotación de tu oponente y sostener la bola de poder para un touchdown o patear la pelota en la red de tu oponente para marcar un gol. Los objetivos valen 1 punto, y los touchdowns valen 3 puntos. Los modos de juego son 1 o 2 juegos de exposición de jugadores y 1 o 2 juegos de liga de jugadores. El juego de la liga te permite usar puntos de bonificación y distribuirlos a tus compañeros de equipo para mejorar sus estadísticas.
Predator 2 (USA, Europe)	Los jugadores guían al teniente Mike Harrigan mientras rastrea al Predator a través de siete niveles basados en la película. Las principales preocupaciones de Mike son los rehenes retenidos en los niveles y las legiones de pandilleros en busca de sangre. También tiene que contender con el Depredador, como jefe al final de cada nivel y como límite de tiempo: si el jugador tarda demasiado en rescatar a un rehén, el Depredador destruirá al rehén con su tri-láser. El juego se juega en una vista isométrica en tercera persona, con grandes enjambres de tipos malos fácilmente asesinables, que aparecen a través de puertas de un solo sentido esparcidas por todo el nivel. Las armas no solo incluyen ametralladoras y escopetas más rápidas, sino también algunas armas Predator muy avanzadas que el jugador puede recoger y usar. Cada miembro de la pandilla derrotado dropea drogas que pueden ser recogidas y enviadas automáticamente al &quot;escuadrón de la droga&quot; para obtener puntos. No se utilizan sonidos ni música de la película, pero las escenas fijas de la película introducen los niveles.
Premier Manager (Europe)	El primer juego en la serie de juegos de gestión de fútbol de Gremlin. Empiezas a dirigir un equipo en la Conferencia (el quinto nivel del fútbol inglés) y apuntas a progresar en las ligas, ya sea mejorando tu equipo existente o ganando empleos en mejores clubes de otros lugares. Las características a su disposición incluyen seleccionar regímenes de entrenamiento, tácticas de planificación para cada partido según las fortalezas y debilidades de su oposición, buscar nuevos jugadores, incluyendo prospectos juveniles, y organizar patrocinios y mejoras en el estadio (para atraer más fanáticos). El sistema de transferencia es una parte crucial del juego, ya que pretendes firmar jugadores (que son ampliamente calificados en cada una de las principales áreas de habilidades) contra otros equipos que los quieren y vender jugadores que no necesitas. Usted tiene un sobregiro disponible, pero asegúrese de no excederlo. El juego admite hasta 4 jugadores, cuyas coincidencias tienen lugar al mismo tiempo. Puede hacer cambios tácticos y sustituciones a mitad de partido.
Premier Manager 97 (World) (Evercade)	Premier Manager 97 es el segundo juego de Mega Drive en la exitosa serie de juegos de gestión de fútbol de principios de los noventa. Al igual que en la primera serie de juegos de la serie (lanzada entre 1992 y 1994), el gerente comienza (en el modo Juego completo) como un gerente de división 3 (no de conferencia), donde el objetivo es llevar al club a la cima. En el modo Demo, el jugador puede elegir cualquier equipo de la Premier League, pero solo por una temporada. En cualquiera de los modos, el jugador es responsable de armar cuidadosamente al equipo (y a diferencia de otros gerentes, seleccionar las tácticas apropiadas es crucial para ganar el juego), obtener lo mejor del mercado de transferencias al vender estrellas desvaídas y vender más que los clubes más grandes de Inglaterra.
Primal Rage (USA, Europe)	Un meteoro golpeó la Tierra y causó un gran caos. Siete dioses de la antigüedad despertaron y ahora intentan tomar el control del mundo post-apocalíptico. Primal Rage es un juego de lucha uno a uno con dinosaurios y simios gigantes como luchadores. Los gráficos están hechos con animación stop-motion digitalizada. La mecánica de juego es similar a la de Mortal Kombat, ya que se ve desde una perspectiva lateral y presenta movimientos finales mortales al final del partido.
Prime Time NFL Starring Deion Sanders (USA)	Prime Time NFL Football es uno de los muchos títulos de fútbol que se lanzaron en el día. Cuenta con los 30 equipos de la NFL en el momento y la lista actualizada de 1994 junto con los modos estándar, como Exposición, Temporada y Playoffs. Junto con la firma de agentes libres y jugadores comerciales, los jugadores también pueden personalizar su libro de jugadas, cambiar las condiciones climáticas, reubicar a su equipo, jugar múltiples horarios y guardar 15 registros de usuarios diferentes. El principal atractivo del juego fue el respaldo personal de Deion Sanders.
Prince of Persia (USA)	El Gran Visir Jaffar te ha arrojado a un oscuro calabozo y planea casarse con la chica de tus sueños en una hora. No vas a dejar que eso pase, ¿verdad? Intenta escapar de la mazmorra, saca a los guardias de Jaffar, encuentra tu camino a través del palacio del sultán y vence al propio Jaffar. Ahora ve, ¡tienes 60 minutos! Prince of Persia es un juego de plataformas 2D con juego de correr y saltar. Tu héroe debe evitar trampas mortales, resolver algunos rompecabezas simples y participar en peleas de espadas con los guardias. El jugador tiene una cantidad infinita de vidas, pero tiene que reiniciarse al comienzo de un nivel cada vez que muere, y debe completar el juego en una hora. Un aspecto especialmente notable del juego es la animación muy fluida de tu personaje. Las versiones Game Boy Color y SNES del juego cuentan con niveles adicionales y nuevos enemigos. La versión de Génesis tiene una nueva introducción y un conjunto de gráficos alterados, pero el diseño del nivel sigue siendo casi idéntico al del original.
Prince of Persia 2 (Europe) (Proto)	Prince of Persia 2: The Shadow and the Flame es la secuela del éxito de 1989 Prince of Persia. Lanzado para computadoras DOS en 1993, los ports se hicieron para Apple Macintosh en 1994 y Super Nintendo en 1995. Se planeó un port para la Sega Mega Drive para su lanzamiento en 1996, pero finalmente se canceló. El desarrollo de este port fue manejado por Microïds, y el juego fue publicado por Psygnosis. Un prototipo fue arrojado y lanzado el 11 de agosto de 2006 por drx de Hidden-Palace.org, que data del 20 de febrero de 1995. Aunque es más exacto gráficamente al original de DOS que el port de SNES, tiene peor calidad de sonido y varios errores. También hay menos tiempo para completar el juego (75 minutos) y el HUD usa diferentes colores.
Pro Moves Soccer (USA)	Ningún otro juego te da acceso instantáneo a los mejores movimientos del fútbol. Es el control total, no todo es correr y pasar. Entradas de deslizamiento brutales, precisos pases altos, espectaculares remates de cabeza y regates de fantasía. Todo con un rápido movimiento de tu mando de tres botones o de seis botones. - 32 equipos internacionales. - Partidas individuales y torneos. - Crea tu propio equipo, hasta el diseño de la equipación. - Con voces reales de árbitros y locutores. - Incluye una gran variedad de estadísticas de los partidos.
Pro Quarterback (USA)	Pro Quarterback es un juego de fútbol con 27 equipos diferentes. Como este juego no tiene una licencia NFL o NFLPA, no hay equipos o jugadores reales de la NFL aquí, aunque los equipos incluidos en el juego representan las ciudades de sus homólogos reales de la NFL y también imitan los colores de los uniformes de su equipo. Las opciones de juego permiten al jugador elegir jugar en 6 superficies de campo diferentes (césped, barro, tierra, nieve, lluvia y césped artificial) y elegir cuánto tiempo durará el juego (2, 5, 10 o 15 minutos). No hay penalidades en este juego en absoluto. El juego consiste en jugar tanto en ataque como en defensa. Hay 26 jugadas ofensivas diferentes y 18 jugadas defensivas diferentes para elegir.
Pro Striker - Final Stage (Japan)	Pro Striker: Final Stage es el último título de la franquicia de fútbol de 16 bits de Sega, y una vez más presenta una licencia completa de J.League, que incluye todos los equipos y jugadores, y un juego simultáneo para cuatro jugadores. Esta entrada en la franquicia presenta un motor de juego completamente nuevo con una vista lateral, en lugar del viejo motor aéreo utilizado anteriormente. Cada modo del título anterior ha regresado: modos de exhibición, torneo, liga y all-star están disponibles. También hay un nuevo modo de concurso de penales.
Pro Yakyuu Super League '91 (Japan)	Pro Yakyuu Super League '91 es un videojuego de béisbol lanzado en 1992 en Mega Drive. El juego fue desarrollado y publicado por Sega. Solo se lanzó en Japón y Corea del Sur, pero luego se transformó en Sports Talk Baseball.
Psy-O-Blade (Japan)	En el siglo XXI, hay tres grandes potencias en la Tierra. El mundo libre y el bloque comunista heredado del siglo XX, la tercera potencia es la Nueva Federación Comunista. Como todas estas potencias apoyan un programa de desnuclearización, la Nueva Federación Comunista ha desarrollado un arma devastadora: el satélite &quot;Raiden&quot;. Las otras dos potencias compiten con la Nueva Federación Comunista, desarrollando sus propios satélites asesinos, y resurge el peligro de la aniquilación total. Al no ver futuro para la Tierra, los humanos empezaron a colonizar otros planetas. En el siglo XXII, enviaron una nave experimental &quot;Septemius 1&quot; a una estrella situada a seis años luz del sistema solar. El ordenador principal de la nave, &quot;Racoon&quot;, envió un extraño mensaje antes de cesar toda comunicación. Keith McDonnell, un joven de 17 años miembro de la tripulación del Septemius 2, es enviado a investigar la extraña desaparición.
Psycho Pinball (World) (Evercade)	Psycho Pinball es otro juego de pinball en el estilo presentado por primera vez en Pinball Dreams y más tarde popularizado en Pinball Fantasies. Las características estándar de este tipo de simulaciones de pinball incluyen una pantalla de retroiluminación animada, múltiples bonus incluyendo una bola múltiple, bola extra, etc., y música de fondo que cambia según las especiales activas.
Puggsy (USA)	Puggsy es un juego de plataforma con una combinación de elementos de acción y resolución de rompecabezas. Usted controla a la criatura Puggsy, que se estrelló en un planeta alienígena y le robaron su nave espacial. Tu objetivo es encontrar la nave espacial para que puedas salir del planeta y regresar a casa. Para hacer esto, deberá hacer su camino desde el inicio hasta la salida de numerosos niveles que tienen lugar en una variedad de entornos. A lo largo de cada nivel hay una variedad de objetos que puedes recoger; en muchos de los niveles necesitará averiguar cómo usar los objetos disponibles para llegar a la salida. Se pueden usar algunos objetos (como un arma de fuego o llaves) y los objetos pueden arrojarse, moverse y apilarse. Por supuesto, cada nivel también tendrá una variedad de tipos malos deambulando, lo que le costará a Puggsy una de sus vidas si lo atrapan. ¡En tu búsqueda también habrá seis guardianes malvados que necesitarán ser derrotados antes de que recuperes tu nave espacial!
Pulseman (Japan)	Pulseman es un héroe eléctrico que fue creado para luchar contra el crimen cibernético. Combate a la pandilla Galaxy en 7 etapas con alrededor de 50 niveles. Pulseman se describe mejor como una fusión entre el modo de juego de Sonic the Hedgehog y Mega Man.
Punisher, The (USA)	Únete a la cruzada de Frank Castle por la justicia y la venganza en este portón de la galería les dio una paliza. Basado en el cómic de Marvel del mismo nombre, juegas como el vigilante de sangre fría o su amigo Nick Fury (de S. H. I. E. L. D.) con su misión de romper las numerosas trampas y puntos calientes criminales subterráneos para inutilizar el imperio criminal de Kingpin, y finalmente derribar al hombre y traer la paz a Nueva York.
Putter Golf (Japan) (Sega Game Toshokan)	Putter Golf es un juego de golf en miniatura sencillo y rápido para un jugador. El único control que tiene el jugador sobre la pelota es elegir la dirección y el poder del golpe, y debe meter la pelota en la copa dentro del par. Cada uno de los 18 hoyos contiene peligros extraños como paragolpes, pozos de lava, paredes móviles y hielo. Por cada golpe sobre par, el jugador pierde una bola; si se pierden todas las bolas, el juego termina. Sin embargo, el jugador puede recuperar bolas tirando bajo par.
Putty Squad (Europe) (Proto 2)	Putty Squad es un juego de Sega Mega Drive sin licencia, desarrollado por System 3 y fue lanzado por Ocean Software en mayo de 1995. Esta es una continuación de Putty, lanzada para Amiga y SNES en 1992 y 1993, respectivamente. el juego fue cancelado debido a numerosas demoras en el desarrollo. Un prototipo funcional de la versión Mega Drive fue encontrado y arrojado en octubre de 2015.
Puyo Puyo (Japan)	Este es un rompecabezas de piezas que caen, Puyo Puyo se originó en el sistema MSX y más tarde se convirtió en una versión de sala de juegos. Consigue cuatro puyos del mismo color que se toquen para hacerlos desaparecer. Si se conectan más puyos del mismo color, desaparecerán también. Este juego puede ser jugado simultáneamente por dos jugadores para un juego competitivo. Debe Impedir a su oponente haciendo múltiples combinaciones de puyo.
Puyo Puyo Tsuu (Japan)	Un juego de bloques en caída en el que el objetivo es combinar cuatro o más bloques del mismo color que luego desaparecen. Los bloques restantes caerán y pueden producir combos que pueden causar bloques especiales (solo pueden destruirse eliminando bloques adjuntos) para aparecer en el campo de enemigos. Este juego incluye un modo de historia, en el que Arle (el personaje principal) lucha contra los enemigos de la computadora, un modo de jugador vs, un modo de cuatro jugadores (solo SNES) y un modo sin fin (solo SNES).
Puzzle & Action - Ichidanto-R (World) (Ja) (Sega Ages)	Ichidant-R es el segundo juego de la serie Puzzle & Action y la secuela de Tant-R. Veinte nuevos minijuegos están presentes, incluida la asamblea de cohetes, un concurso de bateo, y frena un automóvil que circula a gran velocidad. El juego una vez más incluye un modo arcade para uno o dos jugadores. Esta vez, el jugador está buscando rescatar a una princesa secuestrada de un malvado caballero. También hay un modo de misión que juega como un simple juego de rol, donde las batallas se pelean a través de minijuegos. Por supuesto, la competencia de cuatro jugadores y los modos gratuitos también hacen un retorno, completando el paquete.
Puzzle & Action - Tanto-R (Japan)	Tant-R es la primera entrada en la serie de juegos de variedad Puzzle & Action de Sega. El juego es una colección de minijuegos pequeños para uno a cuatro jugadores, como navegar un laberinto, detener un temporizador en el momento adecuado o recordar una secuencia de ruidos de animales. Hay un total de 20 minijuegos diferentes. El juego incluye el modo arcade original para uno o dos jugadores, donde el jugador debe completar con éxito minijuegos para rastrear a un par de fugitivos con atuendo completo de la prisión. También hay un modo de competición para 2-4 jugadores donde se cuentan las ganancias de cada jugador, así como un modo de juego libre donde se puede practicar cualquiera de los juegos.
Pyramid Magic (Japan) (Sega Game Toshokan)	Pyramid Magic es un juego de rompecabezas de plataformas que convierte al jugador en un joven explorador que busca un tesoro escondido en lo profundo de una pirámide. Cada etapa contiene bloques, cajas del tesoro y una salida que está bloqueada por un fantasma. El explorador puede patear y destruir los bloques, así como también transportarlos, y también puede moverse a través de pequeñas aberturas llevando bloques dentro de ellos. Sin embargo, si cae incluso un cuadrado hacia abajo, el bloque lo aplastará y el escenario debe reiniciarse. Debe recopilar el contenido de cada cuadro en orden (el último contiene un elemento que disipará el fantasma) y llegar a la salida sin atraparse ni aplastarse con los bloques. Después de limpiar cada etapa, se otorga una bonificación de tiempo y se gana una vida extra por cada 3000 puntos. Cada cinco etapas, el jugador recibe una contraseña para reanudar el juego, y también se le permite saltarse dos etapas. Hay un total de 35 rompecabezas para resolver.
Pyramid Magic II (Japan) (Sega Game Toshokan)	Pyramid Magic II es una continuación directa del primer juego. En la sala final del primer título, el intrépido joven explorador encuentra una tableta de piedra, que lo dirige a otra parte de la pirámide. Ahora debe hacer su camino de regreso a través de la pirámide, una vez más en busca del tesoro. Los elementos del juego son idénticos al primer juego: recoger las llaves y llegar a la salida de cada habitación sin aplastar o atrapar al explorador. La habilidad de saltar dos etapas regresa, y hay 35 nuevos acertijos para resolver.
Pyramid Magic III (Japan) (Sega Game Toshokan)	Pyramid Magic III es el título final de la serie de juegos de aventuras de rompecabezas de Pyramid Magic, y comienza justo donde quedó el segundo juego. ¡Nuestro héroe aún está dentro de la misma pirámide, pero finalmente se está acercando al tesoro que busca! Desafortunadamente, parece que el paso final requiere una jarra grande, pesada y frágil llena de algún tipo de líquido. Ahora debe encontrar una manera de llevar esta jarra a donde su tesoro espera. Si bien el concepto básico sigue siendo el mismo, el juego se vuelve más difícil con la adición de la jarra. La jarra es frágil: si se patea o se cae a cualquier distancia, se romperá y la etapa debe reiniciarse. Sin embargo, también es peligroso: al igual que los bloques de piedra, si el explorador cae incluso un cuadrado mientras lo carga, será aplastado por su peso. En cada acertijo, el jugador debe recoger todas las llaves para abrir la puerta, pero también debe llegar a la puerta mientras lleva la jarra con él para poder continuar. Hay un total de 30 rompecabezas para resolver, y una vez más, el jugador puede &quot;pasar&quot; dos veces.
Pyramid Magic Special (Japan) (Sega Game Toshokan)	¿Quieres más magia de pirámide? Pyramid Magic Special evita la historia más bien delgada de la serie y simplemente ofrece más acertijos para resolver. Como siempre, el jugador se convierte en un explorador que busca un tesoro escondido, que debe atravesar cada habitación, recolectando todas las llaves, sin atraparse ni aplastarse en el proceso. Esta entrega ofrece otros 35 rompecabezas para resolver. Estos nuevos rompecabezas son excepcionalmente desafiantes, diseñados para aquellos que encontraron los otros títulos demasiado fáciles, y el jugador incluso recibe tres pases en lugar de los dos habituales.
QuackShot Starring Donald Duck (World) (En,Ja)	Quackshot es un juego de plataformas para Sega Mega Drive en 1991. Lo protagonizan Donald Duck y sus 3 sobrinos, Jorgito, Juanito y Jaimito como buscadores de tesoros. El jugador controla a Donald a través de diversos niveles, puede decidir a qué nivel ir primero, pero una serie de obstáculos obligan a jugar en un cierto orden las diversas partes del juego. Donald está armado con una pistora de desatascadores infinitos, y puede conseguir diversas mejoras sobre dichos desatascadores. El jugador también puede conseguir munición especial en forma de palomitas y chicle.
Quad Challenge (World) (Evercade)	Revuelve el motor, pisa el acelerador y golpea la tierra con Quad Challenge, una conversión del juego de carreras de arcade de Namco, Four Trax. Compita con uno de los cuatro vehículos todo terreno de alta potencia en dieciséis pistas todoterreno diferentes. Puedes jugar contra un amigo o desafiar un campeonato agotador de 16 carreras. Dos ajustes de dificultad diferentes y cuatro opciones de control diferentes te permiten jugar como quieras.
R.B.I. Baseball '93 (USA)	Continuando el R.B.I. serie, la entrada de 1993 actualiza las listas, agregando dos equipos nuevos (Colorado y Florida), llevando el total a 28 equipos, y casi 700 jugadores. En lugar de un estadio genérico, los 28 equipos tienen sus propios estadios modelados después del trato real. Además del modo de equipo regular contra equipo, (en un solo juego, el mejor de 7, contra la división, o contra toda la liga) puedes pasar tiempo en un derby de jonrones o una práctica de fildeo. También incluye listas de todos los campeones divisionales desde 1984 en adelante para el modo Game Breaker. El juego es jugador contra equipo, ya sea como equipo local o visitante, dos jugadores o computadora contra computadora. La contraseña guarda permitiendo reanudar los modos de juego múltiple. Se incluye la capacidad de editar los equipos; puedes transferir jugadores entre equipos para mantener las listas al día, o simplemente pasar un buen rato. Finalmente, el modo Game Breaker permite configurar un juego en progreso usando cualquier equipo, cualquier entrada o puntaje.
R.B.I. Baseball '94 (USA, Europe)	R.B.I. '94 es una versión actualizada de la serie que presenta a 800 de los mejores jugadores de MLBPA en ese momento con sus estadísticas de 1993 aplicadas y presenta auténticos parques de bolas modelados. Sin embargo, el juego no cuenta con la licencia de MLB, pero sí los representa por nombre de ciudad y omite sus apodos y logotipos. Se aplican los modos estándar, incluida la exhibición que tiene opciones de un solo jugador y dos jugadores, una temporada completa de 162 juegos o salta directamente a los playoffs o la Serie Mundial. The Home Run Derby también está presente junto con el locutor deportivo galardonado, Jack Buck, prestando su talento de voz para comentarios de jugada por jugada. Una función de contraseña está presente para que los jugadores continúen su temporada en su tiempo libre.
R.B.I. Baseball '95 (USA) (Proto)	Continuando el R.B.I. serie, la entrada de 1993 actualiza las listas, agregando dos equipos nuevos (Colorado y Florida), llevando el total a 28 equipos, y casi 700 jugadores. En lugar de un estadio genérico, los 28 equipos tienen sus propios estadios modelados después del trato real. Además del modo de equipo regular contra equipo, (en un solo juego, el mejor de 7, contra la división, o contra toda la liga) puedes pasar tiempo en un derby de jonrones o una práctica de fildeo. También incluye listas de todos los campeones divisionales desde 1984 en adelante para el modo Game Breaker. El juego es jugador contra equipo, ya sea como equipo local o visitante, dos jugadores o computadora contra computadora. La contraseña guarda permitiendo reanudar los modos de juego múltiple. Se incluye la capacidad de editar los equipos; puedes transferir jugadores entre equipos para mantener las listas al día, o simplemente pasar un buen rato. Finalmente, el modo Game Breaker permite configurar un juego en progreso usando cualquier equipo, cualquier entrada o puntaje.
R.B.I. Baseball 3 (USA)	R.B.I. Baseball 3 llevó la popular serie de béisbol un paso más allá estadísticamente, agregando cada equipo ganador de la División de Grandes Ligas de béisbol de 1983-1990, además de los equipos All Star de 1989 y los 26 equipos de 1990 (con estadísticas completas de 1989). ¿Quieres ver cómo los Mets de 1986 podrían haber hecho contra los Mellizos de 1987? Esta es tu oportunidad. El juego fue licenciado por la Asociación de Jugadores de Béisbol de Grandes Ligas; por lo tanto, se incluyen las estadísticas y los jugadores reales de las Grandes Ligas, pero los equipos mismos están representados solo por sus ciudades de origen. Los nombres de los equipos no se usan. Además, los jugadores retirados que ya no estaban bajo contrato con la MLBPA en 1991 no están presentes. Por el contrario, están representados por sus iniciales y sus posiciones de campo. La mecánica del juego no cambia desde R.B.I. Baseball 2, centrándote más en la diversión arcade que en la jugabilidad realista.
R.B.I. Baseball 4 (USA)	R.B.I. Baseball 4 es otra actualización de la franquicia de béisbol de Tengen, actualizando las estadísticas y los equipos de legado para la temporada de 1991. Al igual que en la versión anterior, están disponibles los campeones divisionales hasta 1983, y ahora incluye no solo los nombres de los jugadores, sino también todos los nombres de los equipos y el estadio de cada equipo. El juego también cuenta con un modo de administración donde se pueden crear equipos personalizados, así como nuevos modos Home Run Derby y Game Breakers.
Race Drivin' (USA)	Race Drivin 'es una secuela del simulador de conducción de arcade Hard Drivin'. El juego es similar al primer juego. El jugador debe completar vueltas alrededor de la pista antes de que expire el tiempo. Hay varios puntos de control alrededor de la pista que aumentan el tiempo del jugador a medida que pasa. Race Drivin 'tiene tres platos, uno de los cuales es el trazado de Hard Drivin'. Hay una nueva pista de súper acrobacias y un curso de autocross. El jugador también puede elegir entre tres tipos de autos.
Radical Rex (World) (QUByte Classics)	Radical Rex es un Tyrannosaurus que escupe fuego en una patineta y tiene que salvar a la raza de los dinosaurios bajo el hechizo de una criatura malvada. El juego consiste en 10 niveles establecidos en la era prehistórica. Radical Rex puede usar una patineta o deslizarse cuesta abajo, saltar, patear y respirar fuego. Los enemigos más duros necesitan múltiples golpes y cuando los quema, Rex necesita patearlos una vez más para destruirlos o usar su grito (golpea todo en la pantalla). Mientras juegas, Rex recolecta huevos, salud, potenciadores para su aliento de fuego y grita recargas. Los puntos de control se muestran como antorchas que deben cargarse con fuego. Después de cada nivel, hay una secuencia tipo Bomberman para ganar un extra adicional. Los enemigos incluyen moscas, tortugas, sapos y todo tipo de dinosaurios.
Raiden Trad (Japan, USA) (En)	Raiden Trad es un shoot'em up de Megadrive. En el año 2090, la Tierra está a merced de poderosos extraterrestres y la nave espacial supersónica Raiden es la única esperanza de la humanidad. Has sido elegido para ser el piloto y es necesario destruir las fuerzas enemigas a través de varios niveles, todos terminados por un gran jefe.
Rainbow Islands Extra (Japan) (En)	Rainbow Islands Extra es una conversión de las clásicas Rainbow Islands de Taito. En el cartucho se incluyen las conversiones del juego original y la versión extra &quot;Extra Version&quot;, en la que las etapas y los jefes se han reorganizado para ser más desafiantes. Al igual que con las otras versiones, el juego está ambientado en las Islas Rainbow, donde los dos muchachos Bub y Bob (ya no pequeños dragones como Bubble Bobble) deben liberar las islas de los malvados monstruos que los han invadido, usando el mágico poder de los arcoiris! Además de los modos Original y Extra, el juego también incluye tres niveles de dificultad.
Rambo III (Japan, USA) (En,Ja)	Rambo III nos pone en la piel de John Rambo, durante seis misiones en las que recorreremos diversos parajes de Afganistán, controlaremos al soldado más mortífero del universo y daremos rienda suelta a nuestra violencia con armas de diversa índole, la ballesta de flecha incendiaria, el cuchillo o minas anti persona que explotan en menos de dos segundos. No os alarméis porque a la velocidad a la que se desarrolla el juego, dos segundos son una vida.
Rampart (USA)	Tetris se encuentra con shoot-em-up, Rampart fue originalmente un juego de arcade de uno o dos jugadores que combina estrategia y acción de artillería. Construye tu castillo con piezas de estilo Tetris, coloca tus cañones, bombardea al enemigo, intenta repararlo, hazlo todo de nuevo. Las últimas revisiones de arcade incorporaron 3 jugadores, y la conversión de PC también lo hace, convirtiéndolo en un clásico fiel y entretenido para múltiples jugadores en la misma PC.
Ranger X (USA)	Ranger X fue lanzado bastante tarde en la vida de la megadrive. Procedente de un desarrollador desconocido, fue lanzado con poca fanfarria y publicidad, pero se ha convertido en una de las mejores demostraciones de lo que Genesis / Megadrive es capaz de hacer. El juego es un tirador de tipo desplazamiento lateral. Usted controla un mech grande (robot) que tiene un mech de patada lateral más pequeño que es como un automóvil. Los dos pueden unirse proporcionando un modo de disparo alternativo. Sin embargo, al controlar solo el mech principal, el jugador puede disparar tanto hacia adelante como hacia atrás usando diferentes botones. El mech también puede usar su paquete de cohetes para elevarse del suelo y mantenerse en el aire por un momento. Los niveles no se mueven necesariamente de izquierda a derecha (aunque en su mayor parte lo son) y el juego es una mezcla interesante de juego de plataforma y shoot-em-up. El juego presenta gráficos innovadores dadas las limitaciones del hardware: hay una introducción en 3D a la mayoría de los niveles (recordando que la consola no tiene capacidad 3D y un renderizador basado en mosaico) y algunos niveles usan un efecto de desplazamiento basado en línea para dar la impresión de 3D.
Ransei no Hasha (Japan)	Ransei no Hasha es un juego de estrategia de 1991 de SystemSoft para NEC PC-98 y el segundo juego de su serie de juegos de estrategia Tenka Touitsu, cuya primera entrada fue lanzada en 1989. Asmik la portó a Sega Mega Drive en 1991. No hay versión que haya salido fuera de Japón.
Rastan Saga II (USA)	La &quot;Rastania&quot; era un lugar sagrado, en el cual el templo sagrado, &quot;Skyscraper&quot;, se elevaba hacia el cielo. Se dice que quien conquiste el &quot;Skyscraper&quot; gobernaría la &quot;Rastania&quot;. Un grupo malvado ha invadido el &quot;Skyscraper&quot; y ha tratado de hacerlo suyo. Si la situación se deja como está, el lugar eventualmente sería controlado por el grupo perverso. Rastan Saga 2 es la secuela de Rastan, que contiene el mismo juego de hack-em '/ slash-em como el original. Eres un guerrero que debe atravesar una serie de niveles e intentar recolectar gemas que solo se pueden obtener al derrotar a los jefes de final de nivel. Recolectar poderes a lo largo del camino te otorga vida extra o mejores armas.
Red Zone (USA, Europe)	Red Zone es un shooter de acción de helicópteros en el que piloteas un AH-64B Apache en el corazón del territorio enemigo para frustrar los planes de un dictador con armas nucleares. Bajo la amenaza de una guerra nuclear global, el dictador ha comenzado a anexionarse a sus países vecinos, con planes de continuar su expansión territorial, por lo que tres operativos especiales son enviados encubiertamente con un solo helicóptero para eliminar su capacidad de hacer la guerra. La mayor parte del juego consiste en un ataque aire-tierra mientras se vuela en el Apache, utilizando su considerable carga de cohetes, misiles guiados, cañón incorporado de 30 mm y misiles aire-tierra infrarrojos defensivos para eliminar a los hostiles. desde el aire, la tierra y el mar. Los bidones de combustible, los kits de reparación y el agotamiento de municiones son factores a tener en cuenta, y una planificación cuidadosa de dónde están ubicadas las pastillas para que el helicóptero pueda mantenerse en el aire y pueda seguir luchando, elementos que son muy similares en la implementación a la serie Strike. Las diferencias entre los juegos incluyen el hecho de que a medida que sus sistemas se dañan, su helicóptero se vuelve más difícil de controlar y los sistemas de arma y radar se ven afectados.
Ren & Stimpy Show Presents, The - Stimpy's Invention (USA)	Stimpy ha inventado una máquina maravillosa y diabólica... ¡El Mutate-O-Matic! Desafortunadamente explota, y tener piezas de un Mutate-O-Matic mintiendo no es algo bueno. Así que Ren y Stimpy se embarcan en una aventura que se extiende por el refrigerador Mr. Horses, hasta la libra, e incluso... The Great Outdoors! Las referencias de los dibujos animados son frecuentes, junto con una gran cantidad de acción de desplazamiento lateral. Los jugadores pueden alternar entre controlar Ren a Stimpy y viceversa. Las habilidades varían mucho, aunque tienden a usar el uno al otro para sus movimientos (por ejemplo, Stimpy usa Ren como boomerang y Ren usa Stimpy como bola de boliche). Otro jugador también puede saltar en cualquier momento y jugar como Ren o Stimpy.
Rent a Hero (Japan)	Taro Yamada vive en la ciudad de Corja en Japón con su madre, su padre excéntrico y su hermana menor Alyssa; la familia se mudó allí después de que su padre cambiara de trabajo. Recibió su armadura de combate por accidente durante su fiesta de inauguración de la casa, cuando pidió pizza de la &quot;cafetería sensacional&quot; y en su lugar recibió el traje. Después de darse cuenta de que el traje le dio una fuerza increíble y que debe pagar por la armadura, Taro decide convertirse en Rent a Hero, un héroe de alquiler, realizando diversas tareas heroicas y trabajos extraños para la gente del pueblo de Corja.
Resq (Europe) (Proto)	ResQ es un juego de Sega Mega Drive inédito desarrollado por Tempest Software y que seriá publicado por Psygnosis. Es un juego de acción en 2D con segmentos espaciales y una nave espacial. Si hubiera sido lanzado, ResQ habría sido un título exclusivo para Mega Drive. Psygnosis canceló ResQ muy cerca del lanzamiento por razones desconocidas. Según los informes, se programó en 486 computadoras DOS, con la obra de arte producida con Deluxe Paint II y III en Amiga 1200s. Desde entonces, se ha desenterrado un prototipo con una fecha de copyright interna de 1993. Cabe destacar que las etapas de bonificación de ResQ se representan como segmentos de disparo en tercera persona que implican polígonos 3D primitivos, similares al Star Fox de Super Nintendo.
Revenge of Shinobi, The (Japan, USA) (En)	De los restos de la organización criminal Zeed, que Joe Musashi destruyó hace tres años, nació una organización criminal aún más maligna llamada Neo Zeed. Neo Zeed, ha estado preparando hasta ahora su venganza, y por fin actúa secuestrando a Naoko, la prometida de Joe, y asesinando a todos sus compañeros Ninja. Para devolver la paz al mundo y rescatar a Naoko de las garras de Neo Zeed, Joe se lanza a la batalla por varias zonas hasta llegar a la base de Neo Zeed.
Revolution X (USA, Europe)	Revolution X en Megadrive te hace fotografiar todo lo que se mueve, al ritmo del rock & roll de Aerosmith. En un país que impide que los jóvenes se expresen y donde el rock ha sido prohibido, solo un grupo de estrellas del rock puede restaurar la situación. Equipado con un rifle, debes rescatar a los miembros de Aerosmith que fueron secuestrados por la Nación del Nuevo Orden. Al apuntar la mira del rifle, debes eliminar a todos los oponentes en la pantalla para avanzar en los niveles.
Richard Scarry's Busytown (USA)	El Busytown de Richard Scarry es un divertido juego educativo sobre Megadrive. Basado en la serie animada del mismo nombre, el cartucho le ofrece explorar la colorida ciudad mientras ayuda a un máximo de personas. Se necesitarán pequeños servicios (construir una casa, salvar a las personas de un edificio en llamas o fregar un bote) y puede comenzar cada mini-juego cuando lo desee.
Riddle Wired (Japan) (Sega Game Toshokan)	Un grupo terrorista ha tomado el control de un ejército y está atacando a las naciones de la Tierra. Su misión: infiltrarse y recuperar el satélite... respondiendo preguntas de trivia. Riddle Wired es un juego de preguntas al estilo japonés, y a pesar del escenario, la totalidad del juego consiste en responder preguntas de conocimiento general. El jugador se enfrentará a una serie de oponentes diferentes durante la misión, y le hará al jugador una serie de preguntas en la llamada &quot;Prueba de batalla&quot;. Si el jugador responde correctamente, el enemigo perderá HP; si no, entonces el jugador perderá HP. Si se drena el HP del enemigo, el jugador pasa a la siguiente etapa, pero si el HP se pierde, el juego termina. Uno o dos jugadores pueden jugar simultáneamente.
Rings of Power (USA, Europe)	Durante mucho tiempo, nuestro mundo estaba en la oscuridad. El sol brillaba como siempre, pero nuestras almas eran oscuras y carecían de la verdadera iluminación. Entonces llegó el santo Nexo y cambió todo. Con su Vara de la Creación, es bendecido con el don de seis Artes. Los sacerdotes rojos, la gente que tiene entre los demás, estableció una orden de los seis gremios. El mundo entró en la era de la prosperidad. Pero el malvado demonio Void robó la Vara de la Creación y condujo al mundo nuevamente al caos. En una batalla cósmica, Nexus se enfrentó a Void. Ninguno salió victorioso, y la Vara del Poder se rompió durante la batalla. Estaba dividido en once anillos, conocidos como los Anillos de Poder. ¡El joven hechicero Buc ahora se siente en una búsqueda para recuperar esos anillos, y para unir la Vara de Poder que eventualmente eliminará el Vacío para siempre! &quot;Rings of Power&quot; es bastante diferente de los tradicionales juegos de rol, y es más similar a los juegos de estilo occidental como la serie Ultima. Puede ser muy flexible con el mundo y no está obligado a seguir la línea argumental. Puedes hablar con los NPC sobre muchos temas, Hay un ciclo día / noche que afecta el comportamiento de los personajes. A diferencia de la mayoría de los juegos de rol, no hay armas ni armaduras en este juego. El combate por turnos depende por completo de los hechizos mágicos.
Rise of the Robots (Europe)	Rise of the Robots es un juego de lucha en 2,5D. Juegas como el cyborg Eco35-2, mitad hombre mitad robot, creado por la empresa Electrocorp, para contrarrestar el motín que se está gestando en su fábrica Metrópolis 4, tras la reprogramación de ciertos robots inyectándoles el virus EGO, haciéndoles conscientes de su situación y, por tanto, agresivos. Tendrás que luchar contra ellos uno a uno en batallas de duelo para detener esta rebelión. El título pretendía ser gráficamente revolucionario. Pero aunque los robots luchadores son bastante simpáticos (con sprites en 3D transcritos en un universo 2D), los escenarios sólo están en aburrido 2D estático. Además, la animación en el juego es lenta, incluso bastante &quot;pesada&quot;, lo que repercute directamente en el manejo. La lentitud de tu robot y el poder variable de los enemigos (hasta el punto de que algunos robots son ultrapotentes y te atomizan en dos disparos) desequilibran rápidamente los combates.
Risk (USA)	Risk en Megadrive toma el principio del famoso juego de mesa del mismo nombre. Hasta seis jugadores pueden participar en el mismo juego (controlado por computadora o amigos) y todas las reglas oficiales están presentes. El objetivo es conquistar un máximo de territorios confrontando a sus oponentes en un mapa mundial. La tirada de dados se reemplaza aquí por una animación donde los cañones disparan el uno al otro.
Risky Woods (USA, Europe)	Los viejos monjes custodios de la sabiduría de las tierras perdidas han sido convertidos en estatuas de piedra por las fuerzas del mal. Roham el joven guerrero tendrá que internarse en Risky Woods para encontrar las estatuas y liberar a los monjes de su cautiverio, devolviendo así la sabiduría a las tierras perdidas. El mundo de Risky Woods está compuesto por cuatro zonas, cada una de ellas con dos fases y una cueva de acceso a la siguiente zona. En cada fase tendrás que liberar a una o más de las estatuas y llegar al final antes de que se acabe el tiempo. Si no liberas a todas las estatuas de la fase tendrás que repetirla.
Ristar (USA, Europe)	En una galaxia muy lejana hay un sistema solar lleno de planetas misteriosos y criaturas maravillosas llamado Valdi. Todo ha transcurrido pacíficamente durante un milenio, hasta ahora. El pirata espacial, Greedy, es un líder tirano de un malvado ejército espacial. Ha decidido apoderarse de este maravilloso sistema solar y convertirlo en el nuevo cuartel de su creciente ejército. La enrevesada conspiración de Greedy consiste en lavar el cerebro a los líderes de todos los planetas y forzarlos a obedecerle. Incluso el héroe legendario del sistema solar fue capturado, y es ahora prisionero de Greedy. El planeta Neer/Flora hace una última y desesperada petición de ayuda. Ristar, el hijo del héroe espacial, responde a la angustiosa señal. Aunque joven e inexperto, Ristar es valiente y determinado, y la única esperanza del sistema solar. Ristar deberá viajar de planeta en planeta y liberar a los manipuladores líderes del control del malvado Greedy y finalmente capturarle a él. Si el joven héroe tiene éxito, restablecerá la paz de antaño en los felices mundos de su sistema natal y liberará a su padre.
Road Rash (USA, Europe)	Road Rash es un agresivo juego de carreras de motos en el que el jugador asume el rol de un motociclista que participa en una serie de carreras ilegales en EE. UU. Comenzando en la parte posterior del grupo, el objetivo siempre es terminar primero en un recorrido lineal, superando a los otros motociclistas. Esto se logra manejando muy bien o jugando sucio, golpeando a los oponentes usando palos, palancas o tus propias manos. Los otros corredores luchan de manera similar y también hay riesgos. Todas las carreras tienen lugar en la carretera regular con tráfico normal (en ambas direcciones) y la policía, así como ocasionalmente con manchas negras en el suelo y vacas callejeras. Al ganar carreras, puede ascender a una división más fuerte y ganar dinero con el que puede comprar una mejor bicicleta. Cada vez que te quiten la bicicleta o golpees algo, tendrás que volver corriendo a tu bicicleta y perder un tiempo valioso, además tu bicicleta sufrirá algún daño. Cuando el jugador se estrella con policías cercanos, es posible que lo atrapen y luego tiene que renunciar a la carrera. Al igual que todo el linaje Road Rash, el juego tiene un estilo de juego arcade sin la intención de ser una simulación de motocicletas. Si bien el juego tiene un modo para dos jugadores, esto no es simultáneo.
Road Rash 3 (USA, Europe)	Después de los dos juegos anteriores de Road Rash, el jugador ha conquistado el campeonato ilegal de motocicletas de EE. UU. Pero ¿por qué conformarse con eso cuando uno puede dominar el mundo? ¿Correr en las pacíficas calles del Reino Unido, esquivar a los animales en Kenia, pasar la noche en Japón o saltar en los circuitos montañosos de Italia? Manteniendo el mismo espíritu de los dos juegos anteriores, Road Rash 3 agrega todos los nuevos sprites digitalizados (basados en el remake de 32 bits lanzado un año antes), actualizaciones de bicicletas, más armas y policías más malos. La mayoría de los demás aspectos del juego permanecen sin cambios: el jugador comienza en la división más baja con una pequeña cantidad de dinero en efectivo y una motocicleta lenta y difícil de manejar. Para obtener más dinero (y obtener una motocicleta más rápida) el jugador debe vencer a la mayoría de los otros 15 corredores hasta la línea de meta, utilizando todos los medios posibles, incluso pateándolos y golpeándolos para noquearlos. Al despejar (terminando en los tres primeros lugares) las cinco carreras en un nivel, el jugador avanza al siguiente, donde los oponentes son más rápidos y más duros, la policía es más activa y una carrera más larga.
Road Rash II (USA, Europe)	Es un juego de carreras de motos con actitud. Usted corre en diferentes entornos por sumas cada vez mayores de dinero. Con ese dinero puedes comprar motocicletas más rápidas y mejores. Hay muchos objetos en el camino a tener en cuenta, desde autos hasta rocas y señales, si golpeas uno, saldrás volando y perderás un tiempo valioso. Si chocas con demasiada frecuencia, tu motocicleta puede naufragar. También puedes atacar a otros corredores. El ataque predeterminado es un golpe, pero algunos corredores tienen armas, que puedes robar y usar contra ellos. La policía patrulla los diferentes cursos, así que si no tienes cuidado puedes ser arrestado. Road Rash II no es solo un juego de carreras sino también un juego de lucha.
RoadBlasters (USA)	RoadBlasters es un juego de acción de carreras futurista. El objetivo es llegar a la línea de llegada en una sola pieza a lo largo de cada uno de los 50 niveles. Numerosos enemigos están fuera de la carretera para intentar detenerlo, incluidos automóviles blindados, motocicletas, cañones en el costado de la carretera, minas terrestres y más. Su vehículo está equipado con una ametralladora para ayudarlo, y de vez en cuando un avión de armamento volará y perderá poderes adicionales que se pueden recoger. Algunos de estos son los U.Z. canon, misiles de crucero y aumento de velocidad. Su automóvil tiene una cantidad muy limitada de combustible, sin embargo, se puede recoger más en el camino al cruzar el punto medio de un nivel o al recoger las esferas rojas y verdes de combustible que aparecen en la carretera o después de destruir a ciertos enemigos. En muchos niveles, recolectar combustible es crítico, de lo contrario no podrá llegar a la línea de meta.
RoboCop 3 (USA, Europe)	RoboCop 3 es un juego arcade de desplazamiento horizontal dónde iremos haciendo misiones que se dividen en otras más pequeñas. Los niveles consisten en varias fases y están muy cargadas de enemigos que no dudarán en disparar contra ti. Podremos reunir kits de reparaciones especiales, que serán utilizados para restaurar tu salud después de haber completado un nivel. &quot;RoboCop 3&quot; es más un frenético que sus predecesores, teniendo más enemigos y más duros.
RoboCop Versus The Terminator (USA)	Salva el futuro de la humanidad y destruye el corazón cibernético de Skynet en este legendario videojuego de acción y disparos de avance lateral, consagrado históricamente como el desarrollo principal y más sangriento del icónico crossover de 1992 de Dark Horse Cómics. La trama arranca cuando la corporación Cyberdyne utiliza la avanzada tecnología neuronal de RoboCop para dar consciencia propia a Skynet, provocando un holocausto nuclear que forzará a Alex Murphy a viajar en el tiempo hasta el caótico futuro para enmendar su error técnico. La jugabilidad despliega un frenético ritmo de &quot;Run and Gun&quot; a lo largo de diez masivos niveles plagados de androides, endoesqueletos y letales unidades ED-209. Apunta con tu pistola en ocho direcciones simultáneas, cuelga de cables para abrir fuego táctico y administra con extremo cuidado tus raciones de salud. Intercambia tu armamento inicial por devastadores rifles de plasma, lanzallamas y misiles teledirigidos para limpiar las salas.
Robot Battler (Japan) (Sega Game Toshokan)	Robot Battler es un juego de acción para Sega Mega Drive, lanzado exclusivamente en Japón a través del servicio Sega Game Toshokan. Los jugadores construyen y equipan robots para luchar entre sí desde una perspectiva de arriba hacia abajo.
Rock n' Roll Racing (USA)	Rock 'n Roll Racing es un juego de carreras de combate arcade. El combate juega un papel importante en el juego, ya que cada auto tiene un arma frontal, como un láser o un misil, y un arma de caída, como picos o minas. A medida que completas carreras, obtienes más dinero para mejorar tu auto. La banda sonora incluye &quot;Born to Be Wild&quot;, &quot;Bad to the Bone&quot;, &quot;El tema de Peter Gunn&quot;, &quot;Highway Star&quot; y &quot;Paranoid&quot;.
Rocket Knight Adventures (USA)	Rocket Knight Adventures es el primer juego de acción de desplazamiento lateral protagonizado por Sparkster. Él vive en el reino de Zebulos, y es el más valiente de todos los Caballeros Rocket. Un día, un ejército de cerdos desciende para invadir el reino y capturar a la princesa. Depende de Sparkster arreglar las cosas de nuevo. La mayor parte del juego en Rocket Knight Adventures implica el uso del paquete de cohetes y la espada de Sparkster. Sparkster tiene que luchar contra muchos jefes y sobrevivir muchas situaciones precarias. Los niveles se entremezclan con una variedad de elementos, como las etapas de disparo, y el combate con el robot gigante.
Roger Clemens' MVP Baseball (USA)	Roger Clemens es conocido por algunos como el mejor lanzador en la historia del béisbol. En Roger Clemens, los jugadores de béisbol de MPV juegan un juego de béisbol estándar de 9 entradas en modo Exposición y se puede jugar una temporada regular completa, incluidos los Playoffs del Campeonato Mundial en el modo de Temporada Regular. Mientras juegas en el modo de Temporada Regular, el jugador puede ver el progreso de su equipo elegido usando el calendario del juego que muestra todos los juegos.
Rolling Thunder 2 (USA)	Rolling thunder 2 es una secuela del Rolling thunder original, este juego es un juego básico de disparar a los malos y salvar al mundo. Un grupo terrorista ha eliminado el flujo de información mundial, y tu como un tipo llamado Albert Ross o una mujer llamada Leila, debes detenerlos. También puedes obtener armas geniales que tienen más fuerza que tu arma de mano común. También RT2 es un juego compatible con contraseña, por lo que en otras palabras, obtienes una contraseña al final de cada ronda, así que si pierdes todas tus vidas, puedes continuar desde el final de esa ronda, muy útil.
Rolling Thunder 3 (USA)	Los eventos en el tercer juego de la serie son sincrónicos con RT2. A finales del siglo XX, los satélites de todo el mundo están siendo derribados, interrumpiendo las comunicaciones. La agencia secreta Rolling Thunder descubre la organización detrás del terror: Geldra. Mientras los agentes Leila y Albatros se pelean contra el líder Gimdo (RT2), el agente Jay recibe instrucciones de derribar a Dread, el segundo al mando. Hay muchas mejoras en la jugabilidad: Jay puede disparar mientras salta y disparar diagonalmente hacia arriba con ciertas armas. Al comienzo de cada misión, puedes elegir un arma especial, como un rifle láser, bazooka, lanzallamas o granadas. Debes elegir cuidadosamente ya que no pueden ser reutilizados en misiones posteriores. Todavía puedes esconderte en puertas y recargar tus armas detrás de puertas especiales. El temporizador de misión del juego anterior ha sido reemplazado por un francotirador que te apunta con una cruz cuando no te mueves lo suficientemente rápido. La dificultad brutal de los juegos anteriores se ha atenuado: al principio, hay más marcas de vida y ahora resucitas dónde moriste, en lugar de regresar al último punto de control. A diferencia del juego anterior, solo puedes elegir un personaje para jugar. Después de completar una misión, se proporciona una contraseña para continuar jugando. Hay diez niveles en total, con algunas áreas ocultas.
Rolo to the Rescue (USA, Europe)	Rolo to the Rescue es un juego de plataformas clásico. Usted interpreta el papel de Rolo, el elefante que escapó del circo. A medida que encuentres el camino a través del mundo, también encontrarás una ardilla, un conejo, un castor y un topo. Cada uno de esos amigos tiene habilidades especiales que te pueden ayudar en el camino: la ardilla puede escalar, el conejo salta, el castor nada, y el topo excava. Eventualmente, Rolo encontrará el camino a casa.
Romance of the Three Kingdoms II (USA)	La secuela de Romance of the Three Kingdoms. El concepto del juego sigue siendo el mismo, aunque mejoraron muchas características que uno puede considerar &quot;molestas&quot; para RTK I (por ejemplo, los generales mueren fácilmente debido a una enfermedad, etc.). Se puede decir que RTK es mucho más &quot;estable&quot; cuando los jugadores ya no tienen que preocuparse demasiado por la duración del juego, ya que el juego toma una velocidad de tiempo más lenta para permitir a los jugadores aumentar sus fuerzas sin mucha interferencia. El juego e interfaz RTK II es muy similar al Ambition II de Nobunaga.
Romance of the Three Kingdoms III - Dragon of Destiny (USA)	Desde el comienzo del juego, los jugadores eligen uno de los seis escenarios que determinan la disposición inicial del poder en la antigua China. Después de elegir el escenario, los jugadores determinan el señor de la guerra que controlan. Cada personaje tiene varias estadísticas: guerra, inteligencia, política, carisma, comando del ejército, comando naval. El jugador gana el juego al conquistar todos los territorios de China.
Rugby World Cup 95 (USA, Europe) (En,Fr,It)	El juego oficial de la 1995 IRB Rugby Union World Cup en Sudáfrica. Con los 20 equipos internacionales que participaron en la Copa del Mundo, incluidos los All Blacks of New Zealand y los Springboks de Sudáfrica, así como un equipo de EA All Stars y algunas otras naciones menores de rugby. El juego comparte mucho con los primeros títulos de FIFA de EA Sports. Utiliza una perspectiva isométrica, con botones para pasar y patear la pelota, y un indicador de tiempo para patadas de lugar. Los menús están estructurados de la misma manera que FIFA, con opciones que incluyen modos de arcade y simulación. Posee cambio de la firmeza de la tierra y el clima.
Sagaia (USA)	Darius II, o Sagaia como se le conoce en Oriente, es la segunda entrega de la serie de shoot'em'ups de Taito. Sus principales características son el sistema de niveles no lineales y los enemigos, que son diferentes tipos de marisco.
Saint Sword (USA)	Eres Macress, un guerrero mítico, y has sido llamado a destruir al demonio maligno, Gorgon antes de que el mundo sucumba a su poder. Este es un estilo de plataforma, hack 'n slash aventura donde ganar powerups mediante la destrucción de míticas bestias. Estos poderes le proporcionan atributos físicos especiales como alas de ángel y el cuerpo de un caballo.
Sampras Tennis 96 (Europe) (J-Cart)	Sampras Tennis 96 es un juego de tenis donde se puede elegir entre los ocho jugadores profesionales en tres modos de juego diferentes: desafío, torneo y tour del mundo. Cada modo puede jugar en simple o en doble y cuatro tipos de pistas están representados, que van de la batalla de tierra en el terreno en el interior.
Samurai Shodown (USA)	En el Japón temprano, un hombre llamado Shiro Tokisada Amakusa predica una religión hereje. Poco sabe alguien que Amakusa es realmente un servidor de la malvada Ambrosia, que se hizo cargo del cuerpo de Amakusa. Ambrosia desea envolver al mundo en la oscuridad. Ahora, elige entre 12 guerreros (y 3 personajes extra) para luchar por el honor de destruir a Amakusa y cumplir una misión.
Sangokushi Retsuden - Ransei no Eiyuutachi (Japan)	Sangokushi Retsuden: Ransei no Eiyuutachi es un juego de simulación de 1991 de Sega lanzado en Japón y China, donde se llamó San Guo Zhi Lie Zhuan: Luan Shi Qun Ying. No se sabe si el juego tiene alguna conexión con Koei, que hace los juegos más populares basados en los períodos de tiempo de los Tres Reinos de China.
Sanrin San-chan - Spatter (World) (Mega Drive Mini 2, Genesis Mini 2)	&quot;Spatter&quot; es un juego de laberinto donde juegas como un pequeño en un triciclo. Tu objetivo en cada etapa es recoger todas las flores esparcidas. Te persiguen diversos enemigos, los más comunes son criaturas que viajan en buggies. Tienes una única forma de defenderte contra ellos, además de mantenerte alejado de su camino. Lo interesante es que esta única forma de defenderte puede usarse de diferentes maneras. Este juego fue un nuevo lanzamiento exclusivo para Mega Drive / Genesis Mini 2.
Sansan (Japan)	Sansan es una conversión del popular juego de tablero Go, que permite al jugador enfrentarse on-line contra oponentes remotos a través del servicio de red del juego. Permite jugar contra oponentes que no estén online en el momento, de forma parecida al ajedrez por correo, y también permite enviar mensajes cortos al otro jugador. A diferencia de la mayoría de los títulos de Meganet, funciona sobre el servicio de pago independiente de Sansan, que continuó funcionando mucho después de que el propio servicio de Sega fuese cancelado.
Saturday Night Slammasters (USA)	Slam Masters es una conversión arcade del juego de lucha de Capcom del mismo nombre. Diez luchadores con diferentes estilos de pelea y ataques especiales individuales están disponibles. Se controlan con tres botones; uno para saltar, uno para atacar y otro para inmovilizar. Cuando estés cerca de tus oponentes, puedes agarrarlos para realizar varias movidas que van desde ataques ordinarios hasta golpes corporales y lanzamientos. Dado que la acción tiene lugar en un anillo, también es posible subir el tensor o usar las cuerdas para su ventaja. También puedes abandonar el ring durante un tiempo limitado para luchar con diferentes armas que se pueden encontrar fuera del ring. Además de un modo Single Match estándar, la versión de SNES también presenta un modo Battle Royal para hasta cuatro jugadores. Este modo no está disponible en la versión de Génesis, que presenta un modo de coincidencia de muerte que no se puede encontrar en la versión de SNES. En un combate a muerte la cuerda se reemplaza con alambre de púas.
Schtroumpfs Autour du Monde, Les (Europe) (En,Fr,De,Es)	La noche cae en la Villa Pitufo. Pitufo Inquisitivo lleva a Pitufina al laboratorio de Papa Pitufo para ver el Cristal Mágico que les permite viajar a cualquier parte del mundo, pero de repente Pitufina lo rompe y se van. Ahora deben enfrentar los desafíos en todos los continentes para recuperar todos los fragmentos del Cristal y regresar a casa. Un juego de plataformas clásico, este título permite al jugador elegir entre Pitufo Inquisitivo y Pitufina (no hay diferencias entre los personajes) y recoger los 10 fragmentos dispersos en el campo de juego. Hay un mayor énfasis en explorar los niveles en lugar de matar a los enemigos (no se les da puntuación), por lo que se pueden evitar en la mayoría de las ocasiones, pero si surgen las necesidades, se les puede dar una patada o al estilo Mario un salto sobre ellos. Algunos fragmentos solo se pueden obtener saltando sobre un enemigo, usando el salto de velocidad o usando el escenario (cuerdas o vides). Si bien las grandes caídas no perjudican a los Pitufos, el contacto indebido con los enemigos sí lo hace.
Scooby-Doo Mystery (USA)	Scooby-Doo Mystery es una aventura de apuntar y hacer clic (o apuntar y presionar en su lugar) con dos episodios jugables de una historieta típica de scooby-doo. Blake's Hotel - El tío Blake de Daphne ha invitado a la pandilla a su hotel para un fin de semana de esquí. Al llegar al hotel, descubren que el fantasma del Ancient Chieftan está asustando a todos los clientes, ya que no está contento con la construcción de un hotel en sus cementerios. Pronto el tío Blake es secuestrado, y depende de Scooby y Shaggy encontrar pistas y cazar a este fantasma. Ha Ha Carnival - La pandilla llega a un carnaval casi desierto, en busca de diversión. Pronto, Fred, Daphne y Velma quedan atrapadas en un estanque cuando salen en uno de los paseos. No solo eso, alguien ha roto las pistas de la montaña rusa. Luego, un payaso fantasma malvado tiene a Scooby y Shaggy siendo perseguidos por todo el carnaval. Otro misterio para la pareja para resolver. Ambos misterios tienen a Scooby y Shaggy solos, recogiendo pistas y uniéndolas. Tú controlas a Shaggy principalmente mientras Scooby solo lo hace compañía. La interfaz del juego implica caminar y / o elegir acciones de un menú y usarlas con objetos. Se proporciona una función de contraseña para que pueda continuar donde lo dejó.
Scrabble (Europe) (Proto)	Scrabble es un juego de mesa de Megadrive. Tienes que formar palabras en un tablero para recoger tantos puntos como sea posible. Cada letra está de hecho asociada con un valor inversamente proporcional a su frecuencia en el idioma francés. En el tablero también se encuentran algunas cajas de bonificación que permiten doblar o incluso triplicar el valor de la letra o la palabra que pasa allí.
seaQuest DSV (USA)	Basado en la primera temporada de la serie de TV del mismo nombre, tu personaje es un oficial de la UEO: La Organización de los Océanos de la Tierra Unida. Usted comienza el juego dentro de una simulación de entrenamiento, que luego de su finalización asegura su transferencia al equipo de SeaQuest DSV donde se le solicitará que realice los mismos deberes. Principalmente, su función es navegar el buque de inmersión profunda SeaQuest alrededor del mapa submarino a varias &quot;áreas de misión&quot; donde se le pedirá que utilice los vehículos a bordo para realizar alguna tarea. Las misiones típicas incluyen operaciones de salvamento, operaciones de rescate, desarme de explosivos submarinos, terminación de enemigos y exploración. El daño de la propiedad subacuática se deduce de su presupuesto y se completa la finalización de objetivos. El dinero debe usarse para reabastecerse de armas y comprar vehículos adicionales. Underwater es un lugar peligroso.
Second Samurai (World) (QUByte Classics)	Al final de First Samurai, el Rey Demonio pudo huir en el tiempo al antiguo Japón, por lo que nuestro héroe lo sigue atrás en el tiempo y tiene 10 niveles esperándolo. A diferencia del original, cada mundo se divide en subniveles, con un jefe al final de cada uno, que enfatiza el lado arcade de la jugabilidad, que aún combina el hacking and slashing con la resolución de acertijos. Al igual que en el primer juego, comienzas sin armamento pero puedes recoger espadas y puñales a medida que avanzas por los niveles. Hay muchas secciones ocultas a medida que avanzas, que te abren más secuencias finales, así como varios subjuegos, incluido el modo shoot 'em up.
Sega Sports 1 (Europe)	Sega Sports 1 es una recopilación para Sega Megra Drive conteniendo tres juegos de deportes previamente publicados. Es similar a otras recopilaciones como Mega Games 1, Mega Games 2, Mega Games 3, Sonic Classics, etc. Sega Sports 1 solo se publicó en Europa en 1995. Como en otras recopilaciones de Sega (Master Games 1, Sega Ages: Vol.1), nunca hubo un &quot;Sega Sports 2&quot;.
Sega Top Five (Brazil) (En)	Sega Top Five es una compilación de juegos para la Mega Drive de Sega, lanzada exclusivamente en Brasil en 1997. Le siguió una compilación similar exclusiva de Brasil llamada Sega Top Ten.
Segapede (USA) (Proto)	Un prototipo desarrollado alrededor de 1993-94, pero nunca terminado. En este juego de desplazamiento lateral fluido, el personaje principal recorre niveles coloridos. Solo ha circulado una versión muy incompleta, que presenta un solo nivel con efectos de sonido y música, pero sin enemigos. No se sabe si existe una versión más completa.
Sensible Soccer (World) (En,Fr,De,It) (Evercade)	Con el original Sensible Soccer vendido enormemente, esta versión actualizada se lanzó unos meses más tarde (y luego se usó como base para las últimas versiones de la consola). Los equipos se actualizan, con las partes presentes en los torneos europeos 92-93 incluidos, y los nombres de los jugadores actualizados para tomar en cuenta las transferencias. El juego fue arreglado y cambiado en varias áreas. El cambio más significativo es la adición de tarjetas rojas y amarillas para la disciplina (2 ofensivas de tarjeta amarilla o una &quot;falta profesional&quot; (negarle a tu oponente una clara oportunidad de gol) resulta en que el jugador sea expulsado). Los porteros mejoraron sus habilidades y se agregó el torneo de clasificación para la Copa Mundial de 1994.
Sesame Street Counting Cafe (USA)	Counting Cafe es un juego educativo basado en el popular programa infantil Sesame Street. El jugador controla a Grover, trabaja como mesero en un restaurante, donde aparece el Sr. Johnson y ordena varios artículos. El jugador debe llevar a Grover a la cocina, recoger los artículos pedidos y volver a la mesa del Sr. Johnson, donde premiará al jugador con una estrella si el orden es correcto. Si el jugador recoge los artículos incorrectos, se los puede llevar a Cookie Monster en la parte posterior del restaurante, quien los comerá y limpiará la bandeja de Grover. Hay cinco secciones para cada &quot;día&quot;: desayuno, brunch, almuerzo, cena y postre. Una vez que el jugador ha terminado Dessert, un mono correrá y arrebatará la última estrella. Grover luego debe perseguir al mono para recuperar su última estrella, después de lo cual el juego pasará al día siguiente. Después del primer día, los habitantes de Sesame Street comenzarán a aparecer en la cocina jugando con alimentos. A veces sus actividades con un artículo de comida terminarán en la bandeja de Grover, lo que puede llevar a Grover a llevar un alimento no deseado, lo que le obliga a darle la comida a Cookie Monster y tener que volver a recolectar los alimentos correctos.
Shadow Blasters (USA)	Los humanos en la Tierra han perdido sus caminos justos. Después de ver que esto sucedió, los dioses decidieron abandonar a los terrícolas y ya no los protegen. Ashura, el rey de una raza alienígena proveniente del Mundo del Mal, decide que este es el momento perfecto para atacar a la vulnerable Tierra desprotegida. Da la casualidad de que uno de los dioses buenos, Hyperion, se apiada de los humanos y decide otorgar su poder a cuatro de los guerreros más fuertes de la Tierra para que puedan derrotar a Ashura y sus secuaces. El jugador toma el control de estos cuatro guerreros que son Leo, un tirador, Marco, un monje, y Horatio y Tiffany, que son ambos ninjas (un hombre, una mujer). Cada personaje dispara su propio tipo de arma y cada personaje puede cargar su arma para que sea más poderosa. Todos los personajes también tienen un arma especial que puede limpiar a todos los enemigos en la pantalla pero con la advertencia de que solo se puede usar una vez por etapa. Cada personaje también tiene un atributo de salto y velocidad que cuando se enciende le permite saltar más alto y caminar más rápido. Los jugadores pueden cambiar entre todos los personajes durante una etapa. El juego tiene 9 etapas diferentes. El jugador puede jugar los primeros seis (montaña, puerto, calle, futuro, cañada y bosque) en cualquier orden. Cada ronda termina con un jefe que debe ser derrotado para despejar esa ronda.
Shadow Dancer - The Secret of Shinobi (World)	D.D. 1997, ciudad de Nueva York. Habiendo vencido al malvado imperio del crimen, Neo Zeed, el maestro ninja Shinobi y sus habilidades ninja de combate no fueron escuchados por algún tiempo. Pero surgió una nueva amenaza, en una forma reptiliana que vivía únicamente del instinto malvado. El monstruo colosal se movió lenta y silenciosamente, y su ataque fue implacable. Las almas con la desgracia de sobrevivir se convirtieron en rehenes y el pánico masivo barrió las calles. Solo le quedaba a Shinobi actuar. Sus armas eran furtivas y rápidas de atacar, sus únicos aliados enfrentaban fuerzas abrumadoras. Confiando en las armas Ninja y la magia, Shinobi luchó, ayudado por su fiel perro. Shadow Dancer: The Secret of Shinobi es similar a Shadow Dancer para computadoras hogareñas, y consta de cinco misiones que contienen tres etapas cada una. Sin embargo, hay algunas diferencias entre los dos. Por ejemplo, en esta exclusiva de Sega Genesis / Mega Drive, las etapas son diferentes, y rescatas a los rehenes en lugar de desarmar las bombas. Cada misión termina contigo luchando contra un jefe, y cuando derrotas a cada uno (excepto al final), también participas en una etapa extra donde debes disparar a todos los ninjas que vuelan hacia ti. Algunos de los enemigos también son bastante diferentes. Algunas de las lagartijas, que aparecen en misiones posteriores, dejan una &quot;moneda de lagarto&quot;, que puedes recolectar para vidas extra.
Shadow of the Beast (USA, Europe)	Desde muy joven, Aarbron fue secuestrado y esclavizado por los Sacerdotes del Señor de las Bestias. Creció bajo el efecto de drogas hechas para destruir su propia voluntad y convertirlo en el Mensajero, una criatura poderosa que sirve a Maletoth, El mismo Señor de las Bestias. Hizo su trabajo, hasta que un día se dio cuenta de que un hombre estaba a punto de ser sacrificado en un ritual, su rostro le provocaba recuerdos antiguos. A medida que el cuchillo del sacrificio descendió en el cuerpo del hombre, Aarbron reconoce el rostro de su padre. Cuando su padre muere en el altar, los recuerdos de su infancia y su atormentado pasado a manos del Señor de las Bestias surgieron, y los sentimientos de odio sobre sus captores se apoderaron de él, juró venganza y huyó del templo, sabiendo que el camino para vengar a su padre y la redención serán difíciles. Shadow of the Beast es un juego de plataformas de desplazamiento lateral. El jugador tiene que navegar a través de varias zonas llenas de enemigos y trampas, recoger llaves y activar factores desencadenantes que abren nuevas áreas o dan a Aarbron los medios necesarios para superar a un sub-jefe. El número de movimientos que el jugador tiene a disposición es limitado: agacharse, saltar y sólo dos ataques: golpe y una patada voladora. Aunque la mayoría de los enemigos mueren con sólo un golpe, el jugador debe cronometrar cada ataque con precisión. Sin embargo, también hay trampas de objetos que no pueden ser destruidos, y estos requieren al jugador saltar, agacharse o moverse según la secuencia. El jugador tiene una sola vida con 12 puntos de golpe que pueden ser repuestos mediante la recopilación de algunos de los objetos ocultos en el nivel (como un lugar fuera de ruta o bajo un megalito), lo que también contribuye al nivel de dificultad.
Shadow of the Beast II (USA, Europe)	Shadow of the Beast II en Megadrive es un juego que combina plataformas, acción y reflexión. En esta segunda obra, el héroe está buscando a su hermana, secuestrada por el mago Zelek. Para encontrarlo, cruza los mundos de Karamoon y se enfrenta a todo tipo de criaturas (monstruos, dragones ...).
Shadowrun (USA)	Shadowrun en Megadrive está inspirado en el juego de rol de mesa del mismo nombre. Aunque ocupa el universo futurista, el videojuego difiere mucho del original. Tú controlas a Jake que se despierta con amnesia severa después de un tiroteo en Seattle en 2050. Descubrirás al mismo tiempo que él cómo los enanos, los orcos y los humanos viven juntos en las grandes ciudades y aprenden a sobrevivir a pesar de los peligros que te esperan en cada esquina.
Shanghai II - Dragon's Eye (USA)	Shanghai II es la secuela de Activison a su primer juego de emparejamiento de fichas. Los jugadores intentan eliminar fichas de Mah Jong por parejas de un patrón establecido. Shanghai II tiene 8 juegos de fichas diferentes, 12 patrones basados en los animales del zodíaco chino y un editor de diseño para crear patrones. Además del juego estándar, Shanghai II también presenta &quot;Dragon's eye&quot;, un variante de Shanghai para 2 jugadores. Los jugadores se turnan para agregar y quitar fichas de un campo pequeño; un jugador intenta eliminar todas las fichas y el otro intenta colocar las fichas para que esto no sea posible.
Shaq-Fu (USA, Europe)	Mientras se dirigía a un juego de caridad en Tokio, la estrella del baloncesto Shaquille O'Neill (llamada &quot;Shaq&quot; para abreviar) es atraída a una dimensión alternativa por un hombre local que cree que solo Shaq puede salvar a su nieto. Una vez allí, debe luchar contra una sucesión de 11 oponentes, uno a la vez, con un modo de juego que se asemeja a Street Fighter 2 o Mortal Kombat. Los gráficos del juego usaban técnicas de rotoscopia similares (similares a las utilizadas en Flashback o Prince of Persia) que representan el frame de 7'2 de Shaq. Además del modo historia, el jugador puede jugar peleas individuales, ya sea con 1 o 2 jugadores, aunque un jugador humano siempre debe ser Shaq. Shaq puede saltar una gran distancia, aunque le cuesta bloquear.
Shikinjou (Japan)	Shi-Kin-Joh (&quot;Ciudad Prohibida&quot;) es un juego de acertijos similar al Sokoban en el que el jugador debe alcanzar un objetivo empujando fichas mahjong de gran tamaño que bloquean el camino. Cuando dos fichas coincidentes se empujan una al lado de la otra, desaparecen. Otros tipos de fichas bloquearán cualquier ficha móvil que entre en contacto con ellos. La versión de Megadrive incluye cinco conjuntos de sonido y gráficos diferentes, docenas de acertijos para resolver y un modo de &quot;rompecabezas especiales&quot; donde las reglas del juego cambian de forma espectacular. También hay un modo de construcción de rompecabezas donde se pueden crear rompecabezas personalizados. El progreso del juego se guarda usando contraseñas.
Shining Force (USA)	Shining Force es un juego de rol y estrategia. A medida que avanzas por las tierras de Rune, se te unirán otros guerreros que desean detener las fuerzas de Runefaust. Cada guerrero tiene sus propias fortalezas y debilidades. A medida que avances en el juego, también obtendrás nuevas armas y hechizos. Úsalos sabiamente para evitar que Dark Dragon surja y cause estragos en Rune.
Shining Force II (USA)	Shining Force II es un juego de estrategia / RPG híbrido con gráficos de dibujos animados. El juego se compone de dos modos: exploración, en la cual el héroe y sus compañeros participan en el estándar del juego de rol para hablar con la gente del pueblo, explorar nuevas tierras y fomentar la trama; y el modo batalla, en el que el combate se resuelve desde un punto de vista táctico, y los combates individuales se resuelven desde una vista de primer plano con personajes animados. La trama consiste en misiones como salvar a una princesa de las garras de los demonios, reconstruir la ciudad natal del héroe y unir las diversas fuerzas del bien contra la enemiga del héroe. En el camino, el héroe se unirá a muchos personajes que buscan ayudarlo en su viaje. Varios de estos personajes solo pueden obtenerse completando misiones secundarias. Además, pueden ocurrir batallas aleatorias entre los escenarios programados, dando a la fiesta del héroe la oportunidad de obtener experiencia y ganar niveles fuera de los escenarios establecidos. Hay varios niveles de dificultad en el juego, seleccionables al comenzar un nuevo juego. Además, hay un código de configuración que permite activar trucos, incluida la capacidad de controlar las unidades enemigas.
Shining in the Darkness (USA, Europe)	Se trata de un juego de rol estilo consola, y es el primero de los tres juegos de la serie Shining para el Génesis (seguidos de Shining Force y Shining Force 2). El Reino de Thornwood ha sido invadido por los hombres de Dark Sol, y es tu trabajo vencerlos. Necesitarás los Brazos de Luz para hacer esto. El juego es un RPG en primera persona, con combate por turnos y gráficos animados. El diálogo se muestra a través de burbujas de diálogo que aparecen por encima de los personajes que hablan, aunque el protagonista nunca habla. No hay misiones secundarias: los secretos del juego incluyen la ubicación y el uso de metal especial para forjar objetos esotéricos. Se encuentran aquí de 25 a 30 horas de juego antes de la batalla final y la secuencia final.
Shinobi III - Return of the Ninja Master (USA)	Shinobi III: Return of the Ninja Master en Megadrive es un juego de acción en el que interpretas a Joe Musashi, un samurai cuya misión es eliminar una organización criminal: Neo Zeed. Usa el olvidado arte ancestral de Oboro del cual eres el último heredero, así como tu panoplia ninja para derrotar al misterioso Maestro de las Sombras.
Ship (USA) (Demo) (Visitor)	Ship es un juego inédito de Sega Mega Drive de Technopop. El código fuente de un prototipo muy temprano fue desenterrado por drx de Hidden-Palace.org el 24 de septiembre de 2007 como parte de un kit de desarrollo para GEMS, lo que implica que el juego puede haber sido una mera demostración del controlador de sonido; si no, el desarrollo no avanzó mucho antes de que se cancelara. El juego es muy simple en diseño. El jugador controla un barco similar al de Asteroides. B acelera mientras que la izquierda y la derecha permiten que la nave gire. Cuando se mantiene presionado, A activa un escudo y C permite que el barco dispare. Los barcos son manipulados por la atracción gravitacional de una estrella en el centro de la pantalla, y si un barco toca esta estrella, será destruida. El juego está predeterminado para dos jugadores con cinco vidas cada uno. Hay un modo para un jugador en el prototipo, sin embargo, como no hay enemigos en la pantalla, lo único que puede ocurrir es la muerte. No hay sonidos y los gráficos son mínimos, sin embargo, numerosas características físicas y de juego se pueden modificar a través de la pantalla de opciones, que incluye invertir la gravedad o armar a cada jugador con vidas infinitas.
Shougi no Hoshi (Japan)	Shogi no Hoshi es una versión digital del antiguo juego japonés Shogi, que es un juego de mesa que se parece mucho al ajedrez. El juego es un juego de shogi estándar para un jugador. Hay un modo estándar contra computadora con seis niveles de juego diferentes, así como un extraño modo Aventura que sigue a un niño llamado Kinta cuya madre está tratando de convertirlo en el mejor jugador de shogi en Japón.
Shove It! ...The Warehouse Game (USA)	Shove It! The Warehouse Game es un juego de rompecabezas de arriba hacia abajo basado en el juego original de Soko-Ban. El jugador controla a Stevedore, un encargado del almacén, desde una vista de arriba hacia abajo. Como se muestra en la pantalla del título, empujar cajas le hará ganar dinero para hacer sus sueños realidad, una encantadora novia y un ardiente coche deportivo rojo. El juego consta de 16 etapas con 10 rondas cada una. En cierta etapa, cualquiera de las 10 rondas se puede seleccionar mientras se juega, pero una nueva etapa solo se abrirá cuando todas las rondas se hayan completado con éxito. Para completar una ronda, Stevedore debe presionar todas las casillas en los lugares designados. Esto los convertirá en un color diferente. Esta no es una tarea fácil ya que el diseño de nivel obstaculizará muchos movimientos y las cajas acorraladas ya no se pueden mover. Mientras juegas, es posible reiniciar la ronda, deshace el último paso y el juego realiza un seguimiento de la cantidad de pasos realizados. El juego admite contraseñas e incluye un modo de edición donde se pueden diseñar y jugar nuevos niveles.
Show do Milhao (Brazil)	Show do Milhão se basa en un programa de televisión brasileño con el mismo nombre, presentado por Silvio Santos, un famoso presentador de televisión brasileño, propietario de SBT, uno de los mejores canales de televisión de Brasil. Show do Milhão (One Million Show, en inglés) es básicamente un juego de preguntas y respuestas, con 16 preguntas divididas en tres bloques de cinco preguntas cada uno, más la pregunta de un millón. Cada pregunta tiene 4 respuestas alternativas, de las cuales solo una es correcta. El jugador gana un premio de dinero por cada pregunta correcta. Si decide detenerse en una determinada pregunta, gana la mitad del premio de las preguntas. Si adivina mal, gana un cuarto del premio. Pero las reglas son diferentes para la última pregunta: si adivina mal, pierde todo el dinero que ha ganado durante el juego. Si se detiene, toma la mitad del premio como de costumbre. El jugador también puede saltear preguntas hasta tres veces. Si omite una pregunta, se muestra otra con el mismo premio. También puede pedir ayuda, que se presenta de tres maneras diferentes: tarjetas, jugadores e invitados. Si el jugador elige la ayuda de las cartas, debe elegir una de las tres cartas barajadas (K, A, 2 y 3), cada una correspondiente a la cantidad de elecciones incorrectas que se eliminarán de la pantalla (el K significa que no se eliminará para nada) ) Si el jugador elige los otros (en este caso, simulados) jugadores, aparecerá una pantalla que muestra el porcentaje de jugadores que adivinan cada respuesta (en el juego real, muchos jugadores participaron cada noche, tomando sus turnos en el lugar central). Si el jugador elige la ayuda de los invitados, tres invitados tomarán sus conjeturas sobre la respuesta, y usted puede seguir sus suposiciones o no (en el juego real, esos invitados eran estudiantes universitarios). El juego presenta la voz digitalizada de Silvio Santos, así como el tema principal del programa. Todo el texto está en portugués
Show do Milhao - Volume 2 (Brazil)	El show del millón volumen 2: Toda la emoción del programa más electrizante de la televisión brasileña, de vuelta a su conosola. Son 1.000 preguntas inéditas de temas variados que desafían sus conocimientos y garantizan muchas horas de diversión para usted, sus amigos y su familia. En el Show del Millón 2 tendrás las mismas opciones del programa de la TV, como los efectos sonoros y la voz digitalizada del propio Silvio Santos en diversas partes del juego. Usted se sentirá como si realmente estuviera en el programa de televisión, sólo que sin salir de casa y a la hora que usted desea! Para dar más realismo al juego, aún puede recurrir a las ayudas disponibles en el programa. Si usted no sabe, o no está seguro de la respuesta correcta, usted puede saltar la pregunta, pedir ayuda a las cartas, o a los invitados, igualito a la TV! El juego Show del Millón 2 es garantía de más diversión y cultura para toda la familia. Con él, al mismo tiempo que aprende, usted también se divierte, y lo que es mejor, directo en su televisión.
Shura no Mon (Japan)	Tsukumo Mutsu, un joven estudiante de Karate, ha venido a la ciudad buscando el dojo Jinmukan, buscando un desafío para probarse a sí mismo. Se ha perdido, pero una joven lo ayuda. Ella pasa a ser la nieta del jefe del dojo, y no quiere que se involucre con el lugar, pero Tsukumo insiste en continuar independientemente. Él entra directamente y se enfrenta al primer tipo en un kárate gi que se encuentra. Shura no Mon es un juego llamado &quot;acción de comando&quot; basado en el manga de Masatoshi Kawahara. El jugador controla Tsukumo seleccionando comandos de una lista, usando diferentes ataques y maniobras defensivas en el momento apropiado, con los resultados mostrados mediante breves secuencias animadas. Entre combates, escenas visuales ligeramente animadas progresan la historia. La trama sigue de cerca el primer arco del manga, comenzando con la llegada de Tsukumo al legendario dojo de Jinmukan.
Side Pocket (USA)	El objetivo principal es cruzar diferentes ciudades de EE. UU. Y alcanzar los puntajes predeterminados para seguir adelante. Pero recuerda: ¡tendrás solo 16 bolas y cada error puede ser letal! El juego también viene con modos para 2 jugadores con dos variantes: 2P Pocket Game (el modo tradicional) y 2P 9-Ball Game, donde la premisa es hundir 9 bolas antes de que el otro jugador las haga primero. Si lo prefieres, prueba tu objetivo en Trick Game o incluso escucha tu canción favorita en Jukebox. Después de cada etapa completada (y un poco de suerte), aparecerá una etapa de bonificación, así como la posibilidad de ganar bolas adicionales. ¡Solo necesitarás un buen objetivo en el bloque de parquet!
Simpsons, The - Bart vs. the Space Mutants (USA, Europe)	Bart Simpson es el único que sabe del plan secreto de los extraterrestres y tiene que pararlo o de lo contrario podrán tener armas para asumir el control el mundo. En cada nivel, Bart debe recoger artículos específicos, es decir objetos púrpuras, sombreros, globos, muestras de la salida o barras nucleares, antes de que él se reúna un jefe en el final del nivel. Los jefes, como los niveles, serán familiares para los televidentes de la serie animada. Bart puede solamente soportar dos golpes directos (al perder dice &quot;Eat my shorts, man&quot;, o sea, &quot;Cómete mis pantalones), y después de tres vidas perdidas el juego termina. Recoger los iconos de Krusty puede proporcionar una vida adicional, y hay una variedad de armas juveniles a recoger y a utilizar: el aerosol, y los dardos en el nivel 4. Bart puede también recoger monedas para comprar las armas o para ganar una vida adicional.
Simpsons, The - Bart's Nightmare (USA, Europe)	Una noche, mientras hacía sus deberes, Bart se quedó dormido. La ventana estaba abierta y, antes de que pudiera darse cuenta, el viento se había llevado todo su trabajo. &quot;¿... O fue un sueño? ¡Eso no importa!&quot;, pensó Bart, y se lanzó por la ventana a recuperar las páginas perdidas (valiente, porque su dormitorio está en un segundo piso). &quot;Puede que sí sea un sueño... &quot;. Cada vez que saltaba sobre una de las páginas, se veía frente a puertas que lo llevaban a una loca aventura. &quot;Nada mal, pero debo concentrarme en reunir mi trabajo... ¡o habrá consecuencias!&quot;
Skeleton Krew (USA)	El juego tiene lugar en el año 2062. Un malvado llamado Moribund Kadaver ha asumido el control de una planta de criogenia cerca de Monstro City. Kadaver es aparentemente un antiguo empresario de pompas fúnebres que ha incursionado en criogenia desde que compró Deadly Enforcement Aggressive Destruction Incorporated, también conocido como DEAD Inc. ¡Ahora tiene el poder de liberar mutantes llamados Psykogenix en la población de Monstro City! El Departamento de Investigación Militar (MAD, por sus siglas en inglés) ha decidido recurrir a los mercenarios más despiadados del mundo: el Skeleton Krew. Skeleton Krew te hace elegir entre tres miembros de la organización letal: Spine, Joint y Rib. El objetivo del juego es atravesar cuatro planetas en el camino para detener los nefastos planes de Kadaver. Las áreas incluyen la Tierra, Marte, Venus y, por último, el Planeta psicogénesis, donde se infiltrarán en HABITACIÓN MUERTA. Un segundo jugador puede unirse para el juego simultáneo, y puede continuar su juego a través de contraseñas. Skeleton Krew presenta tres niveles de dificultad.
Skitchin' (USA, Europe)	Usted patinó por la carretera, agarrando remolques de los coches que pasaban. Toma armas para vencer a tus oponentes. Corre de ciudad en ciudad para ganar dinero. Compre mejores patines, armas y protección con sus ganancias. Este juego se deriva claramente tanto en la tecnología como en el diseño de la exitosa serie Road Rash, y fue lanzado durante el gran auge en patines de principios y mediados de los noventa.
Slam - Shaq vs. the Legends (USA) (Proto)	Slam: Shaq vs. the Legends es un juego inédito de baloncesto de Sega Mega Drive que autorizó el nombre y la imagen del jugador de la NBA Shaquille O'Neal. Un prototipo fue encontrado y lanzado por drx de Hidden-Palace.org el 5 de marzo de 2008.
Slap Fight MD (Japan) (En)	A primera vista, Slap Fight MD es una conversión directa del clásico arcade de 1986 Slap Fight de Toaplan y Taito, que presenta una conversión fiel del título original con varios ajustes de dificultad, así como bandas sonoras originales y arregladas. Sin embargo, también se incluye en el cartucho una secuela completamente nueva con etapas, jefes, gráficos y música totalmente nuevos. El juego básico es idéntico: un tirador de desplazamiento vertical donde los potenciadores recorren una lista para elegir, gracias a esto es posible construir naves masivamente grandes con increíble potencia de fuego. Slap Fight MD también agrega la capacidad de deshacerse de los potenciadores de tu nave, causando una explosión masiva de llenado de pantalla que potencialmente puede salvar tu vida.
Slaughter Sport (USA)	Un juego de lucha ecléctico e intrigante. Elige entre diferentes razas alienígenas (incluido Humano) con diferentes habilidades y estilos de lucha, compra armas y dispositivos, y lucha a tu manera a través de múltiples oponentes para enfrentarte al Fatman. Algunas de las características más innovadoras incluyen poder hacer apuestas sobre el resultado de la pelea, y el fenómeno de un movimiento especial es menos poderoso cuanto más lo usas para equilibrar el juego.
Smurfs, The (Europe) (En,Fr,De,Es,It)	¡Libera a los Pitufos! Juego de plataforma donde podrás jugar con el jockey smurf, el pitufo inteligente, el pitufo codicioso y el pitufo fuerte para resolver la aventura. Todos los personajes clásicos de SMURF están listos para la aventura, garantizándote un momento pitufático.
Snake Rattle n Roll (Europe)	Snake, Rattle 'n Roll es un juego de plataformas 3D isométrico. El objetivo de cada nivel es comer tantos Pibblies Nibbley (criaturas redondas de varios colores) como sea posible para hacer que tu serpiente sea más pesada. Una vez que es lo suficientemente pesado, debes pararte en la báscula en el nivel, y si eres lo suficientemente pesado, la puerta se abrirá y podrás dirigirte a la salida. Al igual que con muchos juegos de plataformas de su época, Snake, Rattle 'n Roll es increíblemente difícil. Los enemigos incluyen Jaws, un monstruo que es todo dientes y te matará si te quedas demasiado tiempo en el agua, y Bigfoots, que pisa fuerte por todas partes y requiere múltiples ataduras de lengua para vencer. Luego están los muchos tipos de Nibblies, como Pibblesplats, que brincan y chapotean en los charcos, Pibbleboings, que son de resorte y brincan increíblemente alto, y Pibblewings, que vuelan fuera de su alcance. El modo de dos jugadores ofrece una experiencia competitiva y cooperativa: mientras ambos intentan comer más Nibblies que su oponente, si ambos se paran en la escala del nivel al mismo tiempo, se contarán sus dos pesos y de ser posible saldras del nivel más rápido.
Snow Bros. - Nick & Tom (Japan) (En)	Nick y Tom son dos príncipes que viven un sueño con sus dos hermosas princesas. De repente, el malvado Rey Scorch congela a los Príncipes y secuestra a sus princesas, pero ahora cuentan con una nueva habilidad, el control de la nieve y el hielo. Los hermanos de nieve tendrán que dar caza al malvado Rey Scorch y rescatar a las princesas. Snow Bros. es un juego de plataformas donde los jugadores deben derrotar a todos los enemigos en cada nivel, 50 en total. Los Snow Bros utilizan nieve como arma, arrojándola a los enemigos para aturdirlos. Cuando una gran cantidad de nieve se lanza sobre un enemigo, estos se congelan y no se pueden mover, pudiendo ser enrollados como bolas de nieve gigantes y lanzados a otros enemigos. Si se les deja solos, los enemigos acabarán descongelándose y volverán a atacarnos. Las bolas de nieve llenas de enemigos son un arma mucho más fuerte que el puñado de nieve y son la única arma efectiva que Nick y Tom tienen contra los jefes.
Socket (USA)	Un juego de plataformas vertiginosas en la línea del clásico Sonic the Hedgehog. El malvado señor del tiempo, Dominador, ha construido una máquina del tiempo y la está utilizando para robar tesoros del pasado, creando una distorsión en el flujo del tiempo. La Time Warp Patrol, creada para evitar este tipo de cosas, envía el especial Socket (o Minutes en la versión japonesa) para fijar el flujo de tiempo y detener el Time Dominator. Socket tiene habilidades razonablemente básicas: puede saltar, patear hacia un lado o directamente hacia arriba, y correr bastante rápido. Como Socket es un robot, su nivel de energía se desvanece continuamente de simplemente estar en funcionamiento; Afortunadamente, hay una cantidad generosa de pernos eléctricos esparcidos en cada etapa, lo que recargará su salud cuando sea recogido. Ser golpeado por los enemigos le quitará un pedazo de su barra de vida. Hay siete zonas temáticas diferentes, cada una con cuatro partes separadas. Primero está la zona de alta velocidad, que es un nivel de puerta de enlace que conduce a la zona siguiente, y como su nombre lo indica, fomenta el juego de alta velocidad. Luego está la Zona Atlética, que generalmente implica muchos saltos, y la Zona Laberinto, que se centra en la exploración y simplemente encuentra un camino hacia la salida. Al final de cada zona de laberinto, Socket se enfrenta a Time Dominator en una ronda de jefes, luego pasa a la siguiente zona de alta velocidad. El juego también cuenta con un modo de prueba de sonido y un modo de contrarreloj, donde las etapas de Zona de alta velocidad se pueden jugar sin que haya enemigos presentes con los tiempos registrados.
Sol-Deace (World) (Evercade)	Sol-Feace es un shoot'em up en Megadrive con seis niveles diferentes y varias armas (bolas de plasma, láser o misiles). Es posible durante el juego realinear sus armas para que disparen en otra dirección.
Soldiers of Fortune (USA)	En el siglo pasado, un inventor experimento con el tiempo, el espacio y las primeras computadoras creando una extraña maquina. Este inventor era el barón Fortesque. La máquina era El Motor del Caos. Aunque era primitiva, la máquina se volvió increíblemente poderosa y se volvió loca, convirtiendo a los seres humanos comunes en máquinas de matar, monstruos y autómatas destructivos aparecían por todas partes, e incluso bestias prehistóricas fueron resucitadas y acabaron con el orden en el mundo. Pero 6 valientes mercenarios están dispuestos a devolver la paz y tranquilad al mundo.
Sonic & Knuckles (World)	Sonic & Knuckles continúa la historia directamente desde donde Sonic the Hedgehog 3 se detuvo. La explosión de Death Egg envía a Sonic a las profundidades de la Isla Angel en Mushroom Hill. Sonic descubre que Master Emerald está escondida en algún lugar de la isla y está seguro de que el Dr. Robotnik la quiere para que dé poder ilimitado a su Death Egg. Knuckles probablemente sabe dónde está, pero Sonic podrá parar los planes de Robotnik y encontrar la Master Emerald mientras lucha contra Knuckles? Mientras tanto, Knuckles está vigilando la isla cuando es atacado por uno de los robots de Robotnik! Él rápidamente comienza una persecución por venganza.
Sonic & Knuckles + Sonic The Hedgehog (USA, Europe) (Lock-On)	Minijuego basado en los niveles de bonus de Sonic 3 y Sonic & Knuckles. El juego es accesible al conectar cualquier cartucho de Mega Drive (excepto Sonic 2 o Sonic 3) en la entrada lock-on del cartucho de Sonic & Knuckles.
Sonic & Knuckles + Sonic The Hedgehog 2 (World) (Rev A) (Lock-On)	Knuckles the Echidna in Sonic the Hedgehog 2 es un juego de plataformas resultado de la unión de Sonic & Knuckles y Sonic the Hedgehog 2 utilizando la exclusiva tecnología &quot;lock-on&quot; del cartucho. El juego es identico a Sonic the Hedgehog 2 pero con Knuckles the Echidna como protagonista. En esta versión Sonic y Tails no son seleccionables.
Sonic & Knuckles + Sonic The Hedgehog 3 (USA) (Lock-On)	El Death Egg del Dr. Eggman (AKA Dr. Robotnik) fue una vez más destruido por Sonic, que aterrizó de manera violenta en la cima de un volcán en la Isla Flotante. El Dr. Eggman todavía está prófugo, y Sonic no puede permitirle poner sus manos en la Esmeralda Maestra y reparar el Death Egg. Sonic también debe mantener a Knuckles fuera de su espalda, pero Knuckles también tiene problemas. Como guardián de la Isla Flotante y todas las Esmeraldas, Knuckles debe hacer su parte para mantener la isla a salvo. Mientras se pasan las rondas, ¿quién detendrá al Dr. Eggman?
Sonic 3D Blast (USA, Europe, Korea) (En)	Ha vuelto tu superhéroe a la consola Mega Drive, pero de una forma completamente distinta y nunca vista hasta ahora... con unos impresionantes gráficos en 3D. Encuentra, libera y salva a los Flickies dentro de 7 gigantescas fases en 3D. Incluye alucinantes niveles de bonus escondidos llenos de anillos para ayudar a Sonic en su constante batalla contra el Dr. Robotnik. Serás capaz de hacerlo?
Sonic Compilation (Europe)	¡Un multijuego de Génesis que &quot;incluye 3 grandes juegos de Sonic!&quot; Sonic the Hedgehog, Sonic the Hedgehog 2 y Mean Robot Machine del Dr. Robotnik. Tenga en cuenta que &quot;Sonic 2 en este cartucho de compilación no es compatible con Lock-On Technology del juego Sonic & Knuckles Genesis&quot;.
Sonic Crackers (USA) (Proto)	Sonic Crackers, también llamado Sonic Studium, fue un prototipo de videojuego desarrollado por Sonic Team y publicado por Sega. Era un juego de plataforma de la serie Sonic en Mega Drive. El juego presenta a Sonic y su amigo Miles &quot;Tails&quot; Power. Este prototipo sirvió de base para Knuckles Chaotix lanzado en 32X en 1995.
Sonic Eraser (Japan) (Sega Game Toshokan)	Sonic Eraser es un juego de rompecabezas muy similar a Columns que presenta a la mascota de Sega Sonic the Hedgehog. Las piezas en diferentes arreglos caen en un pozo; si dos o más piezas coincidentes tocan, desaparecen y las piezas anteriores caen para tomar su lugar. Hay cuatro modos de juego para un jugador diferentes.
Sonic Spinball (USA)	El Doctor Robotnik ha tomado el control del Monte Mobius y lo ha convertido en una base mecánica. Usando energía producida por el magma que fluye bajo el volcán, esta nueva monstruosidad (la Veg-O-Fortress) tiene el poder de transformar animales indefensos en esclavos robóticos a una velocidad asombrosa. Sonic the Hedgehog y Miles &quot;Tails&quot; Prower vuelan a la zona, pero Sonic es derribado de las alas del avión de un disparo de la fortaleza (En la versión de 8 bits se tropieza del avión). Cae al agua, pero es rescatado y llevado a los niveles subterráneos de la Veg-O-Fortress. La fortaleza debe ser destruida desde dentro, y la única manera de que eso ocurra es desencadenar una erupción en el volcán sobre el que está construida. Sonic sabe que esto se puede hacer quitando las Esmeraldas del Caos que estabilizan el volcán; Robotnik, sin embargo, lo sabe también y ha construido un elaborado Sistema de Defensa Pinball para asegurarse de que las Esmeraldas no puedan ser sustraídas.
Sonic The Hedgehog (USA, Europe)	Sonic The Hedgehog rompe los límites de los videojuegos tradicionales con velocidad, estilo y acción desbordante. Atraviesa loopings con el Super Sonic Spin Attack, lánzate por túneles y gira en laberintos de 360 grados. ¿La gravedad? No importa. ¿Quedarse quieto? Ni pensarlo. Esto es una descarga de velocidad que no querrás detener.
Sonic The Hedgehog 2 (World)	El malvado Dr. Robotnik quiere conquistar el mundo. Para hacer eso, encarcela y transforma a todos los animales en robots llamados 'Badniks'. De esta forma pueden construir su poderosa arma, el Death Egg. Solo Sonic the Hedgehog, y su nuevo socio Miles 'Tails' Prower, pueden evitar que Robotnik y su ejército de Badniks se apoderen del mundo. Sonic the Hedgehog 2 es un juego de plataformas de desplazamiento lateral basado en la velocidad y la secuela de Sonic the Hedgehog. Al igual que el original, los jugadores corren a través de mundos diferentes llamados &quot;Zonas&quot;, cada uno con su propio tema específico. Hay dos Actos en casi todas las 10 Zonas, y al final de la última Ley de cada Zona hay una máquina que controla Robotnik, que debes vencer para avanzar. Sonic and Tails pueden recolectar anillos que están dispersos en todos los niveles. Al igual que con la mayoría de los juegos de plataformas, cuando el jugador colecciona 100 anillos, ganan una vida extra. Sin embargo, los anillos también actúan como protección: si Sonic se lastima cuando lleva anillos, se dispersan por todas partes y es invencible por un momento. Si lo golpean nuevamente cuando no tiene anillos, perderá una vida.
Sonic The Hedgehog 3 (USA)	Cuando llegan a la Angel Island, Knuckels, el guardián de la isla, ataca Sonic y roba las Esmeraldas del Caos. Como resultado, el Dr. Robotnik, por accidente, desembarca en la isla después de que su Death Egg fuera destruida. Él ha convencido a Knuckels de que Sonic es el malo y debe ser detenido. Sonic y Tails deben detener a Robotnik y convencer a Knuckels.
Sorcerer's Kingdom (USA)	Sorcerer's Kingdom es una mezcla de RPG y juego de estrategia. Interpretas a un joven aventurero, que es enviado por el rey para descubrir la razón del creciente número de monstruos que amenazan la tierra y restaurar la paz en el reino. Comenzando como un Aventurero, el rey te otorga títulos más altos, como recompensa por completar misiones. El juego se juega como un juego de rol típico, pero las batallas son un poco inusuales. Siempre que seas atacado o ataques a un monstruo que esté dentro de tu rango actual, una batalla por turnos comienza inmediatamente sin llevarte a un área de combate separada, y debes luchar contra todos los enemigos que estuvieron visibles en el momento en que comenzó la batalla.
Sorcerian (Japan)	Sorcerian es el quinto juego de la serie Dragon Slayer. Está ambientada en la tierra de fantasía conocida como Pentawa, cuyos habitantes necesitan constantemente protección contra criaturas feroces que deambulan por el desierto. El rey de Pentawa contrata a un grupo de aventureros, y su primera tarea es recuperar un importante cetro de una mazmorra, donde está protegido por el malvado señor demoníaco Ouks.
Space Harrier II (World)	Space Harrier II sigue (muy de cerca) los pasos de su predecesor y te involucra a ti (un Space Harrier) para salvar &quot;Fantasy Land&quot;. Esto, combinado con los muchos colores llamativos y destellantes que el juego arroja sobre ti. Hay 13 etapas para completar lanzando chorros y bombardeando a los malos y a los jefes a medida que se acercan. El juego se juega detrás del personaje principal y el paisaje se apresura en 3D similar al efecto utilizado en muchos juegos de coches como Outrun. El juego usa muchos de los enemigos y jefes del primer Space Harrier, pero también agrega una serie de nuevos.
Space Invaders '91 (USA)	Space Invaders '91 es un port de la recreativa Space Invaders '91, al igual que Super Space Invaders para otras plataformas, pero con algunas diferencias en cuanto a éstas. Esta versión difiere de Super Space Invaders en que no hay escenas, solo hay un modo de juego en comparación con SSI 2, y no hay selección de nivel.
Sparkster (USA)	El reino de Eginasem, una tierra habitada por zarigüeyas, está bajo el ataque del ejército de lobos soldado amarillos de Lioness, que también secuestró a la princesa Flora. Sparkster, el Rocket Knight, tiene la intención de combatir esta amenaza, rescatar la princesa y salvar su reino de una destrucción segura. Su némesis, el Rocket Knight rival Axel Gear, está ayudando a las fuerzas invasoras, haciendo la tarea de Sparkster aún más peligrosa. El objetivo del jugador es combatir con los guerreros y robots enemigos, derrotar a Axel Gear e infiltrarse en el acorazado enemigo, donde el líder de los lobos amarillos, el Generalísimo Lioness, está planeando lanzar una bomba para destruir el planeta Eginasem.
Speedball 2 - Brutal Deluxe (World) (Evercade)	Brutal Deluxe no está a la altura de su nombre... de hecho, es el peor equipo que haya pisado una cancha de Speedball. Como su nuevo mánager, tu misión es cambiar su destino y llevarlos a la gloria. El juego incluye un sistema de ligas con dos divisiones de 8 equipos cada una, donde deberás ascender hasta lo más alto. Además, hay dos torneos de copa, uno de ellos con formato de ida y vuelta, donde el resultado global determina quién avanza. También puedes disputar los partidos tú mismo, que son el verdadero núcleo del juego. Cada encuentro se compone de dos tiempos de 90 segundos, con una jugabilidad rápida, futurista y caótica, donde las entradas duras no solo están permitidas… ¡sino que se recomiendan! En el campo aparecen potenciadores y fichas, como mejoras de fuerza o congelación de rivales, que pueden cambiar el rumbo del partido en segundos.
Spider-Man (USA) (Tengen) (Demo)	La ciudad de Nueva York es sin duda un gran lugar, pero no cuando hay criminales sultos. ¡Afortunado para el NYPD, allí está también el heroico Spider-Man! Pero ahora uno de los criminales más grandes de la ciudad, The Kingpin, anuncia a Nueva York que ha puesto una bomba en algún lugar de la ciudad y que explotará en 24 horas. Además, culpa a Spider-Man, y ahora está en busca y captura por la policía. Spiderman tiene 24 horas para encontrar y desarmar esa bomba. Y también debe limpiar su nombre, así que tomará fotos convincentes para demostrar su inocencia. Por le camino se encontrará con algunos de sus viejos amigos, incluyendo el Dr. Octopus, Electro, Mysterio, y finalmente el mismísimo Kingpin.
Spider-Man (USA, Europe)	La ciudad de Nueva York es sin duda un gran lugar, pero no cuando hay criminales sultos. ¡Afortunado para el NYPD, allí está también el heroico Spider-Man! Pero ahora uno de los criminales más grandes de la ciudad, The Kingpin, anuncia a Nueva York que ha puesto una bomba en algún lugar de la ciudad y que explotará en 24 horas. Además, culpa a Spider-Man, y ahora está en busca y captura por la policía. Spiderman tiene 24 horas para encontrar y desarmar esa bomba. Y también debe limpiar su nombre, así que tomará fotos convincentes para demostrar su inocencia. Por le camino se encontrará con algunos de sus viejos amigos, incluyendo el Dr. Octopus, Electro, Mysterio, y finalmente el mismísimo Kingpin.
Spider-Man - Venom - Maximum Carnage (World)	Basada libremente en la serie de cómics, la historia se abre cuando Carnage sale del manicomio y causa caos. Spiderman inmediatamente reconoce el nuevo trabajo que tiene entre manos y se dispone a detenerlo. Empiezas con Spidey pero en ciertas partes puedes elegir entre él y Venom, que te lleva a través de rutas alternativas. La jugabilidad es de un beat-em-up estándar con el punzonado regular y el kick-kicking, mas la adición de todas las correas importantes, es decir, balanceo web, escudo web, etc.
Spider-Man - X-Men - Arcade's Revenge (USA, Europe)	Spider-Man y miembros de los X-Men se han unido en este juego de acción de desplazamiento lateral para luchar contra Arcade, que ha construido un gigantesco parque de diversiones con el único objetivo de atrapar y destruir a los superhéroes. Primero juegas como Spider-Man, que ve a los X-Men secuestrados por Arcade y los sigue. Una vez que lo haces dentro del parque de Arcade, puedes elegir jugar como Spider-Man, Cyclops, Storm, Gambit o Wolverine, cada uno de los cuales está atrapado en una parte diferente del laberinto de trampas mortales de Arcade. Debes atravesar los cinco parques con seguridad, utilizando sus diferentes habilidades y capacidades mientras derrotas a los malos y a los jefes a lo largo del camino.
Spider-Man vs. The Kingpin (World)	The Amazing Spider-Man vs. The Kingpin (también conocido como Spider-Man Vs. the Kingpin o simplemente Spider-Man) es un videojuego producido por Sega of America y desarrollado por Technopop. Fue lanzado en las consolas Sega Mega Drive / Genesis, Sega Master System y Game Gear; una versión actualizada también fue lanzada para el CD de Sega. Todas las versiones del videojuego son juegos de plataformas de desplazamiento lateral, mediante los cuales el jugador controla al superhéroe Spider-Man para luchar contra varios supervillanos (Doctor Octopus, Sandman, The Lizard, Hobgoblin, Vulture, Mysterio, Electro y Venom) para obtener las claves necesarias desarma una bomba nuclear que Kingpin planea detonar dentro de veinticuatro horas. En el medio del juego, la esposa de Spider-Man, Mary Jane Watson, también es secuestrada por Venom.
Spirou (Europe) (En,Fr,De,Es)	Justo cuando está a punto de presentar sus invenciones en un simposio de investigación científica en Nueva York, el conde Champignac es secuestrado por Cyanure. El robot malvado tiene un solo objetivo, gobernar el mundo. No hay un momento que perder, Spirou tendrá que recorrer las calles, los subterráneos y los rascacielos de Nueva York y volar a Palombia, una selva pantanosa llena de sorpresas.
Splatterhouse 2 (World) (Evercade)	Hace 3 meses de tu escape de Splatterhouse. Siendo incapaz de salvar a Jennifer sigues teniendo un sueño recurrente en el que ella ruega que la rescates. La máscara de Splatterhouse aparece y promete que todavía tienes una oportunidad de salvarla. Pero llevar la máscara tiene un precio, la ira y una insaciable sed de sangre se apoderarán de ti.
Splatterhouse 3 (World) (Evercade)	Ha pasado un tiempo desde el escape en Splatterhouse 2 y Rick está recuperando lentamente su cordura. Por la noche, todavía está obsesionado por las pesadillas del lugar. Rick se casó con Jennifer y tienen un hijo, David. En el último capítulo de esta trilogía de terror, Rick descubre que una entidad llamada The Evil One ha secuestrado a sus queridos familiares. No tiene más remedio que usar la máscara de demonio con los poderes sobrenaturales para salvar a Jennifer y David del Splatterhouse infestado de demonios. El tercer título de la serie se basa en la jugabilidad de sus predecesores. El juego consiste en seis niveles consecutivos en una gran mansión. En una carrera contra el tiempo, debes limpiar a los demonios de cada habitación y encontrar el camino más rápido hacia el área del jefe. Después de despejar una habitación, puede usar un mapa en el juego para decidir la ruta más rápida. Las mejoras en el segundo título incluyen moverse entre habitaciones en múltiples direcciones, múltiples terminaciones basadas en su desempeño, movimientos especiales para Rick y gráficos más nítidos. Todavía tiene un tema de terror y mantiene el mismo nivel de sangre y violencia. Puedes recoger armas como un bate de béisbol que rompe el cráneo, un hacha y bloques de cemento. Si te derriban, un fantasma intentará arrebatar tu arma y dejarla caer en otra habitación de la casa. Otros artículos coleccionables incluyen vidas extra, carne sana u orbes. Estos orbes crean un medidor de potencia. Al finalizar, tienes la capacidad de transformarte en un mutante berserk por un corto tiempo. Las escenas cinematográficas presentan actores reales que representan a los personajes.
Sport Games (Brazil) (En)	Los aficionados están incontrolables, mientras que la ola toma cuenta de toda la grada. Y es usted que está detrás de este show. Super Volleyball: saques forzados, largos de segunda bola, recepciones perfectas, jugadas ensayadas, cortadas de punta, medio y de los tres metros. Todas las emociones de la Liga Mundial de voleibol que esperan otro craque de las canchas. World Championship Soccer II: dribles, carritos, juegos de cuerpo, lanzamientos, jugadas de fondo, hendiduras, bicicletas, goles de tablero y hasta pollos del portero hacen parte de este increíble desafío de los céspedes internacionales. Super Real Basketball: cestas de tres puntos, tiros libres, asistencias, tocones, bandejas, enterradas. Muestre lo que usted es capaz de hacer con una bola de baloncesto en las manos. PREPARE SU CAMBIO DE CAMISETA... Y LOS BOTONES DE SU JOYSTICK.
Sports Talk Baseball (USA)	Sports Talk Baseball te da todos los equipos y jugadores de la lista de 1991. Elige jugar con bateadores como Rubén Sierra o Cecil Fielder, o jugar como Ken Griffey Jr., y golpea esas bolas rápidas. Puedes jugar como Cal Ripkin Jr, y hacerlo bucear. Las estaciones abarcan hasta 162 juegos, incluida una carrera de Bandas. Tienes muchos estilos de bateo y estilos de lanzamiento para elegir. Sports Talk Baseball incorpora el patentado &quot;Sports Talk&quot; de Sega, que ofrece reproducción jugada por jugada.
Spot Goes to Hollywood (USA)	El personaje central en este juego es Spot, el pequeño chico rojo de los comerciales de TV 7-Up. Spot de alguna manera se ha quedado atrapado en un proyector de películas. A medida que salta de película en película, encuentra muchos géneros cinematográficos clásicos que conforman los diferentes niveles del juego. Los niveles principales son una película de piratas, una de aventuras y una de terror, pero hay muchas otras películas de bonificación para desbloquear. El juego se juega desde una perspectiva isométrica. A medida que controlas el punto, debes reunir 5 estrellas de Hollywood por nivel para desbloquear áreas ocultas y finalmente completar el juego al 100%.
Star Cruiser (Japan)	Han pasado 200 años desde que la Central Terrestre puso fin a una guerra que comenzó cuando los humanos establecieron el primer contacto con los alienígenas. Sin embargo, el equilibrio de poder se ve amenazado por la nación militarista VOID, que intenta expulsar a todos los alienígenas de la sociedad civilizada, y por los restos de la Federación Terrestre. VOID planea hacer la guerra y apoderarse de la galaxia, pero un pequeño batallón en Ganímedes, satélite de Júpiter, está entrenado para resistir a VOID. Las innovaciones del juego incluían innovadores gráficos poligonales en 3D y un sistema mixto de RPG y shooter en primera persona con sólidos contenidos: consejo galáctico, planetas para explorar, misiones terrestres, combates espaciales... Un vasto universo de mundo abierto te permite explorar más de 30 planetas a través de cuatro sistemas estelares en una épica ópera espacial bien guionizada.
Star Mobile (USA, Europe) (Mega Drive Mini 2, Genesis Mini 2)	Star Mobile es un juego de puzles en tiempo real. Se muestra una gran balanza en la pantalla, sobre la que caen estrellas continuamente. El objetivo es mover las estrellas horizontalmente mientras caen, de forma que el peso en la balanza se equilibre. Cada nivel contiene una cantidad determinada de estrellas que el jugador debe manipular. Las estrellas tienen diferentes colores que representan su peso. Tanto el lado derecho como el izquierdo de la balanza tienen varios puntos donde pueden caer las estrellas. Si hay demasiadas estrellas en el mismo punto, caerán, reduciendo considerablemente el peso en el lado donde estaban. Este fue un lanzamiento adicional para Mega Drive.
Star Odyssey (USA) (Super Fighter Team)	En un futuro lejano, la humanidad ha dejado la Tierra por mucho tiempo y se ha extendido por toda la Vía Láctea. Los humanos se establecieron en diferentes planetas, a veces entrando en contacto con otras razas, y establecieron una conexión entre ellos. El jugador es un joven sin nombre que era un simple niño cuando sobrevivió a un accidente espacial y tuvo que buscar refugio en un nuevo planeta. Ahora tiene dieciséis años y sus padres lo envían como estudiante extranjero al planeta Terra. ¡Ahí es donde comienza su aventura! Blue Almanac es un RPG de estilo consola de ciencia ficción. El grupo del jugador encuentra enemigos aleatorios y los combate en el combate por turnos. El combate se ve desde la perspectiva de la plataforma y tanto los ataques del jugador como los de los enemigos están animados.
Star Trek - Deep Space Nine - Crossroads of Time (USA)	&quot;Star Trek: Deep Space Nine - Crossroads of Time&quot; es una aventura de acción en 2D basada en la famosa serie de televisión. Interpretas a Benjamin Sisko, comandante de la estación espacial de la Federación Deep Space Nine. Cuando la estación es atacada por terroristas bajoranos, tu misión para descubrir su trama te lleva desde DS9 a Bajor, más allá del agujero de gusano e incluso a través del tiempo mismo. Moviéndose a través de los entornos de desplazamiento lateral de DS9 y otros lugares, Sisko debe completar varias misiones como desarmar bombas o rescatar rehenes. Si es necesario, Sisko puede usar un phaser para aturdir a los enemigos. Para resolver acertijos, puede usar un tricorder y otros elementos. La trama a menudo se lleva adelante al interactuar con otros personajes de la serie de televisión.
Star Trek - The Next Generation - Echoes from the Past (USA)	Star Trek: The Next Generation - Echos from the Past es la adaptación en Megadrive de la segunda serie de Star Trek, subtitulada The New Generation y transmitida entre los años 80 y 90. Usted está al mando de USS Enterprise, dirigida por el capitán francés Jean-Luc Picard. Debes responder a las llamadas de auxilio de varias personas en los diferentes planetas del universo de Star Trek. Una vez en su destino, forma un equipo de cuatro para rescatar a las personas. Los romulanos solicitan permiso para ingresar a la Zona Neutral con el fin de buscar un equipo de sus investigadores que según ellos ha desaparecido. USS Enterprise se envía para supervisar sus actividades y descubrir sus verdaderos motivos. El juego se divide en tres partes: comandar Enterprise desde el puente, controlar un equipo de distancia en una misión planetaria y combatir con otras naves. Desde el puente puedes controlar todas las funciones principales de las naves.
Star Wars (USA) (Proto)	Basado en Super Star Wars, que fue lanzado para SNES. El juego fue desarrollado por Sega Interactive pero se canceló por razones desconocidas. El desarrollo comenzó a fines de 1992 y terminó en algún momento en 1993. Además de algunas menciones en revistas de juegos de este período, el juego no se ha mostrado hasta ahora. Ninguna de las escenas parece implementada. Algunas de las etapas son solo pantallas de marcador de posición con texto. El encabezado ROM se basa en Greendog, que fue otro título desarrollado por Sega Interactive al mismo tiempo.
Starflight (USA, Europe)	Hace mil años, un gran imperio formado por Humanos, Velox, Thrynn y Elowan dominaba las estrellas. Su fuente de energía era el Endurium... hasta que algo ocurrió y todo desapareció. En el remoto mundo de Arth, ese legado fue olvidado, pero ahora ha sido redescubierto. Así nace la corporación Interstel, lista para regresar al espacio. Starflight es un juego de exploración espacial donde formarás una tripulación, personalizarás tu nave y partirás a lo desconocido. Visita planetas, recolecta minerales y datos biológicos, mejora tu nave y enfréntate —o negocia— con razas alienígenas. ¿Qué fue del antiguo Imperio... y sigue existiendo la amenaza que lo destruyó?
Stargate (USA, Europe)	Basado en la película del mismo nombre, se ha descubierto un portal circular místico llamado &quot;Stargate&quot;. Al intentar desbloquear sus secretos, su poder se desbloquea creando un pasaje a un mundo diferente llamado Abydos. Un equipo de fuerzas especiales es enviado al nuevo mundo para investigar, pero pronto es emboscado y se toman suministros, incluida una poderosa bomba nuclear. Como Coronel O'Neil, se deben cumplir una variedad de objetivos, comenzando con la recuperación de suministros y el hallazgo de otros compañeros de equipo, incluido el arqueólogo civil Daniel Jackson. Una vez reagrupado, O'Neil debe liderar el ataque contra el dios, Ra y escapar de regreso a la Tierra antes de que el poder de la bomba nuclear se desate en este nuevo mundo. El juego es una aventura de plataforma de desplazamiento lateral. El jugador controla a O'Neil en una variedad de objetivos y está armado con un rifle y granadas. Embarcarte en el desierto, cavernas y pueblos nómadas... finalmente en el palacio de Ra.
Steel Empire (USA)	El juego se presenta como una película de guerra de antaño producida por la &quot;HOT-B Film Corporation&quot;. En la película, el futuro es la Era del Acero, donde una dictadura militar llamada Motorhead esclavizó a la población humana. La única esperanza de libertad es la República de Silverhead, que logró mantenerse independiente y tiene las armas para eliminar a Motorhead.
Steel Talons (USA, Europe)	Steel Talons trajo el combate de helicópteros orientado al realismo a las salas recreativas, y más tarde a los sistemas domésticos. La vista para la acción se sitúa desde detrás de tu helicóptero, con un mundo de polígonos 3D girando a tu alrededor,entre montañas, ríos y desiertos. Hay 12 misiones en total, cada una de las cuales requiere destruir objetivos en un límite de tiempo establecido. También hay modos de entrenamiento y de enfrentamiento mano a mano (contra un dron controlado por la CPU). En cuanto armamento, contarás un número limitado de misiles de orientación automática y un cañón. Un mapa de seguimiento te dice dónde te encuentras en el nivel y dónde están los enemigos. El contacto con el suelo, las montañas u otros vehículos dañará o destruirá tu helicóptero.
Stone Protectors (World) (Steam)	Stone Protectors es un juego inédito de Sega Mega Drive desarrollado por Eurocom basado en la serie de dibujos animados con el mismo nombre. Se vio un lanzamiento para el Sistema de entretenimiento Super Nintendo en 1994, y un puerto para la Mega Drive iba a ser publicado por VIC Tokai, pero fue cancelado por razones desconocidas. El juego estaba muy cerca de completarse antes de ser cortado, tanto que incluso había obtenido una calificación ESRB. Un prototipo completamente funcional de la versión Mega Drive fue desenterrado en 2010.
Stormlord (USA)	Badh la reina ha impuesto una terrible venganza en la tierra mediante el secuestro de las hadas. Para restaurar las cosas a su manera, debes rescatarlas. A medida que avances en los niveles de acción de plataformas y aventuras, te encontrarás con hadas que son rescatadas tocándolas. Los enemigos incluyen Venus Fly Traps, lluvias de ácido localizadas y dragones, que pueden evitarse o filmarse en las secciones adicionales de shoot 'em up. Necesitará ayuda para alcanzar algunos niveles; esto viene de Mael Dvin the Eagle. Después de cada nivel hay un juego de bonificación en el que se deben recoger lágrimas por puntos.
Street Fighter II' - Special Champion Edition (USA)	Street Fighter II': Champion Edition es una subversión del videojuego Street Fighter II The World Warrior, perteneciente a la serie Street Fighter. Entre los cambios de éste juego con el original (The World Warrior), se puede mencionar: Se puede seleccionar a los cuatro jefes finales sin necesidad de truco alguno desde el principio. En la batalla: nuevas rutinas de ataques e inteligencia artificial del personaje controlado por la CPU, cambios en los escenarios. Ambos jugadores pueden seleccionar el mismo personaje, que se diferencia en su color. Corrección de varios errores.
Street Racer (Europe)	Street Racer es un juego de carreras de karts similar al Super Mario Kart. Hasta cuatro jugadores pueden jugar en pantalla dividida. Si no hay oponentes humanos, el jugador puede manejar contra siete oponentes de la computadora en tres ligas. Si el jugador gana la primera liga, puede jugar la segunda y así sucesivamente. El juego tiene ocho vehículos diferentes con diferentes habilidades en velocidad, prisa o resistencia. También hay algunos potenciadores en las pistas como bombas, combustible nitro y paquetes de salud.
Street Smart (Japan, USA) (En)	Un juego de ritmo arcade, Street Smart te pone en la piel de &quot;Karate Man&quot;, que patea el culo, y decide entregar una lata de whup-ass a los fanáticos de las pandillas reinantes en la ciudad. El juego se juega desde una perspectiva de tercera persona de desplazamiento lateral en la que puedes moverte en cualquier dirección en una arena cerrada (limitada por las multitudes que animan y otros elementos de la calle). Tienes que enfrentarte a ocho luchadores únicos en sucesión usando tus ataques en la moda estándar contra los adversarios progresivamente más difíciles. Como característica única, puedes apostar dinero por el resultado de las peleas, y si ganas puedes usar ese dinero para mejorar tus estadísticas y adaptarlas a tu estilo de juego. El modo de juego de 2 jugadores está incluido en el modo Vs (el juego de arcade original tenía modo de juego cooperativo) y se ha agregado un nuevo movimiento especial que agota parte de tu barra de vida.
Streets of Rage (World) (En,Ja)	Streets of Rage es una serie de videojuegos de tipo beat'em up1​ creados para la consola de 16 bits Mega Drive. Originalmente bautizados Bare Knuckle &quot;puño desnudo&quot;. El primero de los juegos, Street of Rage, nos introduce en la historia de tres jóvenes policías (Axel, Blaze y Adam) que intentan librar su ciudad de la influencia del líder del crimen organizado Mr. X. Al ser el primero de la saga, su nivel técnico es inferior al de los siguientes títulos de la saga. Axel y Blaze serán los únicos personajes presentes a lo largo de toda la saga.
Streets of Rage 2 (USA)	Un año después de la derrota de &quot;Mr. X&quot; y su sindicato en Streets of Rage, Adam Hunter, Axel Stone y Blaze Fielding se reúnen en su club favorito para recordar su aventura. Axel ahora trabaja como guardaespaldas a tiempo parcial, Blaze enseña baile, y Adam se ha unido a la policía, viviendo con su hermano menor, Eddie &quot;Skate&quot; Hunter. Al día siguiente, Skate encuentra su casa en ruinas y a Adam desaparecido. Una foto muestra a Adam encadenado ante &quot;Mr. X&quot;, quien ha regresado junto a su sindicato para sembrar el caos, tomando nuevamente las calles con violencia y saqueos. Alarmados, Axel y Skate informan a Blaze, quien se une a ellos junto a Max Thunder, un amigo de Axel y luchador profesional. El grupo se embarca en una peligrosa misión desde la ciudad hasta una isla secreta, enfrentando a Mr. X para liberar a Adam y devolver la paz a la ciudad.
Streets of Rage 3 (USA)	Streets of Rage 3 tuvo como objetivo aprovechar el éxito de su predecesor, por lo que aunque el estilo de juego y el esquema de control son en gran medida idénticos a sus predecesores, se realizaron cambios significativos en la estructura general del juego. Streets of Rage 3 es una versión de ritmo más rápido con niveles más largos, una trama más compleja (que a su vez conduce a escenarios más detallados completos con niveles interactivos y múltiples finales) y el retorno de trampas como pozos. Se agregaron movimientos de tablero y esquivar al arsenal de movimientos de cada personaje, y ahora las armas solo se pueden usar unas pocas veces antes de romperse. Los cambios en la mecánica de combate permiten la integración de armas con ciertos conjuntos de movimientos. Los ataques de equipo, ausentes de Streets of Rage 2 pero disponibles en las Streets of Rage originales, hacen una devolución, y ocasionalmente también los usan los enemigos. Los movimientos Blitz, realizados mientras se ejecutaban, también se han modificado y ahora se pueden actualizar en el transcurso del juego (dependiendo de cuántos puntos se ganan por nivel). La muerte causa una rebaja, sin embargo, mantener presionado el botón X antes de una serie de combinaciones de botones puede dar acceso a los jugadores al conjunto de movimientos actualizado en cualquier punto del juego, a expensas del tiempo que se tarda en realizar los ataques. Los enemigos también son más inteligentes con las armas, y algunos incluso pueden robar actualizaciones de salud, y también hay varios personajes jugables secretos, desbloqueables después de superar ciertas condiciones durante el juego. Los movimientos especiales ya no agotan la salud del usuario; se introduce una barra de regeneración automática separada para este propósito.
Strider (USA, Europe)	Strider Hiryu es un ninja que trabaja para una organización de alta tecnología, la cual nos envía a eliminar al &quot;Gran Maestro&quot;, un dictador que en el año 2048 domina toda la Tierra. Su misión empezará en la Unión Soviética, y a partir de ahí recorrerá un montón de escenarios diferentes, lo que hace de este un juego de ambientación variable. Al igual que la recreativa, nos encontramos con un juego de plataformas y acción donde recorreremos escenarios muy variados plagados de todo tipo de enemigos hasta llegar a un jefe final. Además, Strider poseerá la capacidad de engancharse a las plataformas y a las paredes, y esta habilidad será vital en muchas ocasiones. Una de las características que contiene este título es la gran cantidad de situaciones que plantea, haciéndolo casi irresistible.
Striker (Europe) (En,Fr,De,Es,It)	El primer juego de la serie de fútbol de larga duración, que se destacó entre la multitud con una vista 3D de perspectiva forzada única en lugar de una simple vista aérea. Los jugadores son grandes y hay un escáner grande para ayudar con el pase largo. Sin embargo, el modo estándar tiene la pelota pegada a los pies, lo que hace que las carreras de mazy upfield sean una estrategia más útil. Hay 64 equipos internacionales en oferta, con una competencia de copa eliminatoria al estilo europeo incluida. Se ofrecen muchas formaciones y estrategias diferentes.
Sub-Terrania (USA)	Los extraterrestres han invadido una colonia minera subterránea vital. ¡Usa los reflejos de la velocidad de la luz y la concentración total para volar a tu prototipo de luchador a través de cavernas imposibles que rescatan a los mineros y destruyen a esos extraterrestres en los pozos más oscuros del espacio! El juego consiste en 10 misiones. Cada misión tiene lugar en una gran caverna, con condiciones climáticas interesantes. Debes explorarlo y completar los objetivos de la misión, generalmente recolectando subpartes, rescatando mineros atrapados o destruyendo gigantes y épicos jefes. También puedes explorar los niveles, pero mantente atento a tu indicador de combustible y ten cuidado con los muchos peligros.
Sumisei Home Tanmatsu (Japan) (Program)	Sumisei Home Tanmatsu es un software poco común para Sega Mega Drive, lanzado exclusivamente en Japón. Permite a los usuarios gestionar su póliza de seguro de vida a través de Sumitomo Life (el Sumisei del título). Se sabe poco más sobre el cartucho, aunque estaba destinado a usarse con el Mega Modem.
Sunset Riders (USA)	El juego, el cual está colocado en una ficticia versión del Viejo Oeste estadounidense, se desarrolla sobre cuatro cazarrecompensas quienes buscan su premio por eliminar a los forajidos más buscados del oeste. No hay una verdadera &quot;línea de historia&quot; más que la de recolectar progresivamente recompensas más altas. Al comienzo de cada nivel al jugador se le muestra un cartel de &quot;Se busca&quot;, mostrando al criminal, la recompensa por detenerlo, y la línea cliché de &quot;Se busca vivo o muerto&quot;.
Super Baseball 2020 (USA, Europe)	En el año 2020, el béisbol finalmente evolucionó. Ya no existe el béisbol profesional convencional en 2020. El béisbol diseñado por la Super Baseball Association ha sido muy popular y es el mejor deporte. Sin embargo, la verdad es que la asociación ha utilizado una suma colosal de dinero para promocionar Súper Béisbol como negocio del espectáculo. Han manipulado la capacidad de cada jugador usando la computadora de control para decidir secretamente la victoria o la derrota en cada juego. Los jugadores que sabían esto eliminaron las partes conectadas de la computadora para jugar su propio juego de béisbol. Finalmente, se jugará un juego limpio en Cyber Egg Stadium. En 2020 Super Baseball es un juego vertiginoso con nuevas reglas, donde puedes seleccionar 1 de 12 jugadores individuales de hombres, mujeres o robots. Durante el juego, puedes fortalecer a tu equipo con los premios obtenidos de capturas increíbles.
Super Battleship - The Classic Naval Combat Game (USA)	Este juego presenta dos modos de juego diferentes: Classic Battleship y Super Battleship. Classic Battleship es el típico juego de Battleship donde los jugadores configuran sus naves en una grilla, luego se turnan para elegir 3 lugares a la vez para apuntar y esperan que golpeen al barco contrario. El juego termina cuando todos los barcos oponentes se hunden. Este modo contiene cuatro niveles de dificultad: Alférez, Teniente, Comandante y Almirante. Super Battleship implica ocho niveles que constan de dieciséis misiones en total. Las misiones incluyen naves enemigas que se hunden en un cierto número de rondas, escoltando naves a sus destinos, defendiendo ciudades de ataques y destruyendo aeródromos enemigos. El juego consiste en un movimiento por turnos de los barcos que utilizan una vista aérea. El jugador puede apuntar a cualquier unidad enemiga dentro del alcance y ataque del barco. El ataque muestra una secuencia de acción donde ambos barcos intercambian descargas de balas hasta que uno de ellos se hunde o retrocede.
Super Daisenryaku (Japan)	Super Daisenryaku es uno de los muchos títulos en la larga serie de estrategia de guerra de SystemSoft. La mecánica del juego se basa en Daisenryaku II, pero muchos de los 35 mapas incluidos son exclusivos de esta versión, incluidos varios basados en Phantasy Star. No hay modo de escenario y se puede reproducir cualquiera de los mapas incluidos. Algunos mapas son para dos jugadores, algunos para cuatro, y cualquier mapa se puede jugar con cualquier combinación de jugadores humanos y de computadora. El juego se juega en un gran mapa compuesto por espacios hexagonales, cada uno de los cuales es un tipo específico de terreno. Cada jugador controla un número de unidades, cada una de las cuales ocupa un espacio en la grilla. Las diferentes unidades tienen diferentes fortalezas y debilidades con respecto a otras unidades, que también se ven afectadas por el terreno. Cada jugador controla una capital, el objetivo es capturar las capitales de los otros jugadores.
Super Fantasy Zone (USA) (En,Ja) (Mega Drive Mini, Genesis Mini)	El juego sigue a Opa Opa cuando combate para vengar la muerte de su padre, (O-papa), que murió defendiendo Fantasy Zone contra el invasor oscuro Menon. OPA Opa debe eliminar loss súbditos de la Menon y restablecer la paz. Para lograrlo debe superar las 9 fases de las que se compone el juego. Por fortuna podemos aprovecharnos de varios items a lo largo del juego. El primero es el dinero que sueltan ciertos enemigos y que es imprescindible para comprar el resto de objetos en las tiendas. Entre estos tenemos armamento como son los diferentes tipos de rayos, disparos de hasta 7 direcciones diferentes y bombas. También hay artefactos que nos aumentan la velocidad, aunque algunos nos la aumentan demasiado, siendo quizás el más útil el Jet Engine. Otros objetos disponibles son las vidas extra (porque el juego no tiene continues), escudos y diferentes tipos de botas, algunas de ellas solo útiles en ciertos niveles donde nos protegen del suelo.
Super Hang-On (Japan, USA) (En,Ja)	Super Hang-On es un videojuego arcade de carreras de 1987 desarrollado por Sega, y la secuela del aclamado Hang-On. Una versión de este juego, en la cabina completa que simulaba una moto real utilizada por el Hang-On original, fue lanzada en 1991 como Limited Edition Hang-On. Fue lanzado para Mega Drive, Commodore Amiga, Atari ST, Macintosh, ZX Spectrum, Amstrad CPC y Commodore 64 en 1989. Super Hang-On fue también publicado para Sharp X68000 en Japón. Asimismo el juego aparece en numerosos recopilaciones de Mega Drive, tales como Mega Games I (incluido en la consola como Mega Drive Magnum Set), y Sega Mega Drive Six Pack. La versión arcade fue lanzada en la consola virtual de Wii en Japón el 14 de septiembre de 2010 y más tarde para las demás regiones el 3 de mayo de 2012. Una versión de 3D estereoscópicas fue publicada para la eShop de Nintendo 3DS en Japón el 27 de marzo de 2013, y en Norteamérica y Europa el 28 de noviembre de 2013.
Super High Impact (USA)	Super High Impact fue uno de los juegos de fútbol más duros antes de que se creara la serie NFL Blitz, con 18 equipos y más de 30 jugadas por equipo. Las versiones de la consola se basan en la serie de arcade Midway del mismo nombre. El juego tiene un Hit-O-Meter que a menudo conduce a peleas masivas. Basado en el exitoso éxito de arcade de la época, con las tres famosas palabras: ¡COME ESTO! ¡¡A LUCHAR!!!
Super Hydlide (USA)	Hace mucho tiempo, el mal descendió sobre la gente pacífica de Hydlide. Las viejas leyendas hablan de un único héroe valiente que salvó a Hydlide de la amenaza inminente de la fatalidad: el malvado demonio Varalys. Desde entonces, la gente de Hydlide ha vivido siglos de paz. Pero una noche oscura, una enorme columna de fuego explotó en las profundidades de Hydlide. A la mañana siguiente, extrañas puertas comenzaron a aparecer de la nada. Muchos curiosos entraron a estas puertas, pero nunca más fueron vistos. Desde ese día, comenzaron a ocurrir eventos y desastres inusuales. Enormes grietas se abrieron en el suelo, dejando cicatrices en las hermosas tierras, inundaciones arrasaron pueblos enteros. Y luego llegaron los monstruos. El consejo de Hydlide temía que el mismo mal en las leyendas volviera. Un viejo y sabio oráculo predijo la segunda venida del mal. También habló de un joven que podría salvar a Hydlide del grave peligro. Este joven es usted... Super Hydlide continúa con la tradición de los juegos de rol de acción iniciados con el original Hydlide para NES. Puedes elegir jugar como una de las cuatro clases de personajes: Guerrero, Ladrón, Sacerdote y Monje. En combate, usas armas cuerpo a cuerpo o de largo alcance o conjuros mágicos en tiempo real. Hay un reloj interno en el juego que hace que sea necesario que duermas periódicamente para recuperar tu fuerza. También tiene que comer de vez en cuando, de lo contrario, sus puntos de golpe disminuirán gradualmente.
Super Kick Off (Europe)	Super Kick Off es una versión desarrollada mejorada del popular juego de fútbol desarrollado por Dino Dini para consolas. Incluye 40 equipos (16 nacionales y 24 clubes), junto con la capacidad de editar los nombres y las camisetas del equipo del club y los nombres y apariencia de los jugadores. Los modos de juego incluyen amistosos, Liga nacional y Copa (compuesta por ocho equipos ingleses), Liga europea (16 equipos europeos) y Copa internacional (torneo de ocho equipos). El entrenamiento permite practicar patadas libres, penalizaciones, disparar y driblear sin oposición. Los jugadores pueden competir cara a cara o jugar cooperativamente contra la computadora en el mismo equipo. Otras opciones de juego incluyen la velocidad del jugador, el viento y el corte de hierba, a lo largo de la mitad de longitud típica, reglas de fuera de juego, tiempo extra y configuración de dificultad. Todos los cambios, desde las ediciones del equipo hasta las opciones, se almacenan en la memoria interna del cartucho. Sobre el juego en sí, fue uno de los más populares de la época, con una vista de arriba hacia abajo con la pelota que no se pega a los pies de los jugadores siendo la característica de juego más prominente.
Super Locomotive (World) (Mega Drive Mini 2, Genesis Mini 2)	Super Locomotive fue originalmente un videojuego de trenes con música de fondo inspirada en el éxito de 1979 de Yellow Magic Orchestra, &quot;Rydeen&quot;. Fue un extra para Mega Drive/Genesis Mini 2.
Super Monaco GP (World) (En,Ja)	Super Monaco GP es una conversión modificada del juego de arcade y un juego de carreras en perspectiva en primera persona. Además del famoso campo de Mónaco, se han agregado otros de todo el mundo para darle al juego una mayor vida útil. Debe completar las sesiones de calificación y las carreras lo más rápido posible. Sin embargo, la versión Genesis de Super Monaco agrega un modo de carrera completo. En el modo carrera, tu objetivo es ganar una temporada de carreras. Desafortunadamente, comienzas con un auto relativamente lento. Al desafiar a otros conductores, puedes cambiar a un mejor equipo y automóvil, y finalmente ganar el título mundial de F1.
Super Skidmarks (Europe) (J-Cart)	Un vago descendiente de Super Sprint con una gran cantidad de características y uno de los últimos juegos de formato múltiple que tienen sus raíces en el Amiga. Hay una gran cantidad de autos disponibles, que van desde autos de F1 y Sportscars hasta Minis y VWs en oferta, con la opción de tener hasta 8 de estos en máquinas más potentes, con hasta 3 modelos diferentes de automóvil. Se proporcionan 24 circuitos, todos ellos con paredes a su alrededor para garantizar carreras rápidas, y la mayoría de ellos tienen partes que se cruzan con otras partes, lo que hace posibles las colisiones si estás muy por delante (o detrás) de otros autos ( afortunadamente no hay daños en el auto). Se pueden correr hacia adelante o hacia atrás, quizás el primer juego con esta función disponible. Puedes correr carreras individuales, o uno de los campeonatos integrados, uno para cada auto, a través de un conjunto de pistas especialmente seleccionadas. La naturaleza personalizable del juego va más allá: se puede establecer el número de vueltas, al igual que el color y la potencia de los autos. A medida que compites repetidamente en una pista, las marcas en el recorrido son erosionadas por los autos que pasan sobre ellas.
Super Smash T.V. (USA, Europe)	El año es 1999. El programa de televisión más popular del mundo es Smash TV, un concurso ultraviolento entre dos combatientes armados hasta los dientes, desatado en una serie de escenarios mortíferos que están llenos hasta el estallido de hordas de bestias sin cerebro y robots asesinos. El objetivo del juego es destruir todo a la vista e intentar obtener más efectivo y premios que el otro jugador. Los hornos tostadores, las videograbadoras, los autos sofisticados y las vacaciones de lujo están ahí para tomar... para cualquiera que pueda sobrevivir el tiempo suficiente para disfrutarlos. Smash TV es un increíble shoot-em-up del cerebro de Eugene Jarvis, creador de Robotron: 2084. Mantiene el estilo de juego frenético y el método de control de dos joysticks, pero agrega mucho gore, violencia, un toque de sátira y ese modo de dos jugadores de suma importancia.
Super Street Fighter II (USA)	Super Street Fighter II: The New Challengers es una variante de Street Fighter II lanzada en 1994 en Megadrive. Cuatro nuevos personajes están en el programa, además de los jefes ocultos en el juego original, lo que da un total de 16 personajes. Las características multijugador también traen nuevas características, con el modo de eliminación y el modo de torneo a ocho. Finalmente, siempre es posible jugar solo, enfrentando uno por uno, a todos los personajes del juego.
Super Thunder Blade (World)	Esta secuela de Thunder Blade es muy similar al juego de arcade original. Métete en tu helicóptero y dispara a los numerosos enemigos con tus cañones y misiles. Las cuatro etapas siguen un patrón similar: la primera parte es desde una perspectiva detrás de su helicóptero, donde no solo tiene que esquivar el fuego enemigo, sino también obstáculos como edificios o cuevas. En el medio, enfréntate a uno o dos enemigos jefe más pequeños. Cuando finaliza la primera parte de un nivel, la vista cambia a una perspectiva general para la confrontación con el jefe de extremo de nivel.
Super Volleyball (USA)	Super voleibol es un juego de voleibol indoor para uno o dos jugadores. El modo para un jugador ofrece dos opciones de juego: juego normal y Liga Mundial. Elegir el juego normal enfrenta al jugador contra la computadora en un solo juego. La elección de la Liga Mundial enfrenta al jugador contra todos los otros equipos disponibles. Un ahorro de contraseña está disponible en este modo. El juego presenta ocho equipos nacionales (EE. UU., URSS, Brasil, Holanda, Francia, Italia, Japón y China), con jugadores de nombre ficticio. Los jugadores pueden cambiarse durante el juego presionando C. También hay una opción para crear nuevos equipos, eligiendo el nombre del equipo, el color, la posición del jugador y los nombres. La jugabilidad se ve desde una perspectiva de desplazamiento lateral, con la cámara fija en la pelota. Un pequeño radar en la parte superior de la pantalla muestra las posiciones de los jugadores de ambos equipos. Los jugadores pueden, golpear, establecer, clavar, volcar, bloquear y cavar. Una colección de servicios también está disponible: underhand, overhand y servicio de salto. También hay opciones para tres velocidades de balón, puntos de inicio (de 0 a 10, de 15) y handicap.
Superman (USA)	Superman es un juego de plataformas basado en acción para un solo jugador para Sega Genesis. Como Hombre de Acero, saltas, golpeas y te abres camino a través de varios niveles, luchando contra jugadores como Prankster, Metallo y Mr. Mxyzptlk para mantener a Metropolis a salvo. Después de los niveles iniciales, el malvado Brainiac secuestra a Lois Lane y la lleva a su estación espacial. Algunos niveles tienen lugar durante el vuelo y le permiten no solo volar sino disparar rayos láser desde los ojos de Superman. En el suelo, puedes recolectar íconos que te permitan usar una súper potencia una vez, a menudo un súper golpe o un ataque giratorio para eliminar un obstáculo en el juego.
Surging Aura (Japan)	En &quot;Surging Aura&quot;, interpretas el papel del joven príncipe Muu, hijo del rey del país Pasfelda. Un día, durante una gran ceremonia, el reino es atacado por un ejército de monstruos. El mago real no tiene más remedio que usar magia maldita. Como resultado, aparece el poderoso demonio Rufid y desafía al príncipe a luchar. Derrotado por el demonio, el príncipe es salvado por una fuerza misteriosa, y es teletransportado fuera de la ciudad, a una aldea remota, donde realmente comienza su aventura. &quot;Surging Aura&quot; es un RPG japonés en estilo animé. Los enemigos regulares son aleatorios, y las batallas se libran desde la vista en primera persona. El combate es una mezcla entre estilos basados en turnos y en tiempo real, como en los juegos contemporáneos de Final Fantasy. Los enemigos atacarán incluso si no realizas ninguna acción durante la batalla. El juego presenta imágenes de estilo animé en pantalla completa como escenas cortadas.
Swamp Thing (USA) (Proto)	Swamp Thing es un juego inédito de Sega Mega Drive basado en la serie de cómics DC del mismo nombre. Fue desarrollado por Microsmiths y si hubiera sido lanzado, el juego habría sido publicado por Nuvision Entertainment. Un prototipo del juego fue arrojado por SegaAge en noviembre de 2010. Representa el juego como un desplazamiento lateral donde juegas como Swamp Thing golpeando a los enemigos. También tiene la capacidad de transformarse en objetos cercanos, como registros. Lamentablemente, solo hay una pista de música utilizada durante todo el juego, y debido a los controles estrictos, el juego es muy difícil.
Sword of Sodan (World) (Evercade)	Al igual que el otro juego Datastorm de Søren Grønbech, Sword of Sodan fue más notado en el aspecto técnico, ya que los sprites eran grandes y de aspecto distintivo. Su tarea (como héroe o heroína) es destronar al tirano Zoras, el Nigromante, y vengar la muerte de su padre. Hay 11 niveles para asumir, con ajustes interiores y exteriores. Tu personaje tiene una gama de movimientos de salto de espada y saltos, que deben usarse con todo su efecto si quieres progresar. El juego cuenta con sonido y voz digitalizados, así como una función de reproducción de acción, un concepto inusual fuera de los juegos deportivos en el momento.
Sword of Vermilion (USA, Europe)	El primo de la RPG Phantasy Star II de Sega, Sword of Vermilion contiene elementos de acción, aventura y juegos de rol en un entorno de fantasía medieval. Una perspectiva de tercera persona, de arriba hacia abajo se usa para moverse por las ciudades. Una vista en primera persona se usa para viajar por tierra fuera de las ciudades. Una perspectiva de vista lateral en tercera persona (a la Double Dragon o Final Fight) se usa para las secuencias de combate. El jugador tiene el papel de un joven ordinario que descubre que él es realmente un príncipe y el hijo del difunto Rey Erik. Se le acusa de viajar por la tierra de Excalabria para recoger los ocho Anillos del bien mágicos, derrotando a varios enemigos principales en el camino para enfrentarse al malvado rey Tsarkon.
Syd of Valis (World) (Retro-Bit)	SYD of Valis es una versión modificada del plataforma de acción Valis II con una jugabilidad simplificada y un diseño gráfico &quot;Super Deformado&quot; y amigable para los niños. En el juego, juegas como Yuko (Syd en la versión localizada), una colegiala adolescente que puede manejar la espada mágica de Valis y debe viajar al mundo de los sueños de Vekanti para vencer al mal que acecha en su interior. El juego se juega como un plataforma de acción de desplazamiento lateral, en la cual evitas obstáculos corriendo y saltando, y debes derrotar a los enemigos golpeándolos con tu espada. Puedes recolectar power-ups que incluyen diferentes tipos de armas y armaduras, todos los cuales puedes equipar en cualquier momento durante el juego.
Sylvester & Tweety in Cagey Capers (USA, Europe)	Otro título licenciado por Warner Bros. Eres es el gato Silvestre y tienes que atrapar a Piolín. Este juego es un 2D de desplazamiento lateral de acción, plataforma y juego de reflexión. Con el fin de capturar a Piolín, tendrás que resolver muchos puzzles, que se volverán más y más difíciles a medida que avance el juego.
Syndicate (USA, Europe) (En,Fr,De)	En el futuro, el mundo está controlado por un puñado de corporaciones globales (sindicatos). Tú eres el director de mercadotecnia (asesino a sueldo) de una de estas empresas. Tu trabajo consiste en arrebatarles el control a los competidores. No se trata de un trabajo de diplomacia, sino de fuerza bruta y control físico. Ábrete camino hasta la cima de la corporación completando con éxito tus misiones y administrando el dinero que obtienes de tus territorios. La jugabilidad recuerda visualmente a X-Com, con una perspectiva cenital en ángulo, pero es en tiempo real en lugar de por turnos. Tienes misiones que van desde infiltrarte y capturar, hasta buscar y destruir. En cada una de ellas, diriges a un equipo de cuatro agentes mientras se mueven por el mundo disparando a todo lo que se interponga en su camino. Puedes mejorar y modificar a tus agentes, así como equiparlos con herramientas que hayas investigado o que hayas confiscado a los sindicatos rivales. A medida que completas misiones, obtienes más fondos para comprar agentes o investigar mejoras y equipo.
T2 - Terminator 2 - Judgment Day (USA, Europe)	Terminator 2: Judgment Day es un juego Acción de sidescrolling basado en la película del mismo nombre. Viene del futuro. Puede tomar cualquier forma y sobrevivir a casi cualquier daño (incluso cuando una explosión de escopeta del calibre 10 lo abre como una lata). Su misión: eliminar a John Connor. Su nombre: T-1000. Pero hay una esperanza: Tú, un modelo Terminator T-800 ... equipado con visión de búsqueda de objetivos, una Winchester y 10 barriles de explosivos. Deberás proteger a John Connor y salvar a la humanidad. Extermina al T-1000 o la humanidad será historia.
T2 - The Arcade Game (USA, Europe)	Adaptación para consolas del arcade rail-shooter basado en la película Terminator 2: El Juicio Final. Hasta dos jugadores pueden unirse para disparar a lo largo de niveles ambientados en el futuro y el presente, encarnando a cyborgs reprogramados al servicio de la resistencia humana. Cada jugador controla una ametralladora con munición infinita, aunque si se dispara sin pausa, se sobrecalienta y reduce su cadencia. También hay un arma secundaria —lanzamisiles en el futuro, escopetas en el presente— con munición limitada pero gran potencia. Los potenciadores, como munición secundaria o refrigerantes, aparecen en pantalla y deben ser disparados para recogerse.
Taikou Risshiden (Japan)	Taikou Risshiden es un juego de simulación de Koei en su serie Rékoeition. Fue lanzado por primera vez en 1992 en varias computadoras japonesas antes de ser portado a una variedad de plataformas, incluyendo un puerto de 1993 para Mega Drive Sega que no fue lanzado fuera de Japón. Es el primer juego de la serie Taikou Risshiden de Koei, un juego abierto que le permite al jugador crear su propio personaje en la sociedad de la era Sengoku (samurai, comerciante) y seguir una historia que cambia de acuerdo con su posición y decisiones que toma.
TaleSpin (USA, Europe)	En TaleSpin de Megadrive, juegas con el oso Baloo y tienes que ayudarlo a conseguir su cargamento. El juego alterna secuencias de plataformas y fases de control aéreo. Baloo está listo para volar al cielo y enfrentar a los piratas aéreos, el mal tiempo y la despiadada Shere Khan.
Target Earth (USA)	Juego de disparos espaciales ambientado en el futuro con la Tierra bajo ataque de los robots. Eres el piloto de un robot mech que puede caminar sobre superficies de planetas o volar en el espacio. Hay dos tipos de niveles en el juego. Los niveles de superficie tienen lugar en planetas o lunas y permiten que el mech corra y salte al final del nivel mientras lucha contra los enemigos, como en un juego de desplazamiento lateral. Los niveles espaciales no tienen gravedad y permiten que el mech se mueva en cualquier dirección. El mech puede equiparse con una gran variedad de ametralladoras, láser y granadas.
Task Force Harrier EX (USA)	Un grupo comunista clandestino reaparece con el arma experimental TU-190 y pone en peligro al mundo libre, por lo que la ONU envía a Falcon en el caza Harrier V para infiltrarse, abrirse paso entre fuerzas aéreas y terrestres, usar potentes power-ups y satélites aliados, y completar las 12 etapas de Task Force Harrier EX para destruir la amenaza definitivamente.
Taz in Escape from Mars (USA)	Usted juega como Taz, el famoso personaje de dibujos animados. ¡Taz es capturado por Marvin el Marciano y transferido a su Zoo intergaláctico! Ahora es tu trabajo ayudar a Taz en su gran escape de la prisión del Zoo y también encontrar un camino de regreso a la Tierra. Para facilitar el escape, hay artículos colocados aquí y allá, como pasteles que hacen que recuperes tu salud. También encuentras tanques de gasolina, que puedes comer y luego respirar fuego. Viajarás a través del Zoo, y un gran páramo y muchas otras zonas hostiles con muchos enemigos raros y jefes extraños.
Taz-Mania (World)	Una noche, el padre de Taz está contando una historia intrigante. En algún lugar de Tazmania hay un Valle Perdido, y en ese valle anida un enorme ave marina, tan grande que uno de sus huevos podría alimentar a una familia durante un año. ¡Solo piense en la tortilla que uno de ellos podría hacer! Por lo tanto, Taz queda fascinado y se va en busca de uno de esos huevos antes de que su padre haya terminado la historia... Taz puede saltar, realizar un salto de Spinning y un Spin Attack. Coma pollos asados para reponer la vida. Obtenga puntos extra moviéndose rápidamente a través de los niveles: hay seis etapas y cada etapa tiene dos rondas.
Team USA Basketball (USA, Europe)	La edición de 1992 de la serie de baloncesto de Electronic Arts se centra en los Juegos Olímpicos de 1992 en Barcelona y presenta el &quot;Dream Team&quot; original de Estados Unidos con jugadores legendarios como Michael Jordan, Magic Johnson, Larry Bird, David Robinson, John Stockton, Charles Barkley y Patrick Ewing. y Karl Malone. Además del equipo de EE. UU. Hay otros 13 equipos nacionales con listas de equipos reales. También hay un equipo de &quot;Todo el mundo&quot; con el mejor de los jugadores no estadounidenses. El motor del juego y la mecánica del juego se reutilizaron en los juegos anteriores de la serie Playoffs de la NBA. Hay nuevos movimientos de firma y el juego presenta las reglas internacionales.
TechnoClash (USA, Europe)	Ronaan, el Príncipe Hechicero, se le asigna la tarea de perseguir al Engine Man (una entidad mitad hombre, mitad máquina que se infiltró en el Reino Interior mágico) en un mundo que ha sido invadido por la tecnología. Junto con sus guardaespaldas, Chazz y Farrg, y su guía espiritual, Indar, Ronaan se une a la batalla entre la magia y la tecnología, cuyo resultado determinará el destino de dos dimensiones. TechnoClash es un juego de acción y aventura de desplazamiento vertical. El jugador controla a Ronaan, cuyo objetivo es rastrear y vencer al Engine Man. Ronaan está acompañado por dos guardaespaldas controlados por computadora que lo ayudan en situaciones de combate; él puede explorar la situación táctica usando Indar, un halcón que puede volar a cualquier parte; y puede lanzar hechizos para realizar muchas tareas, como atacar a sus enemigos, teletransportarse fuera del peligro y curarse a sí mismo.
Technocop (USA)	Techno Cop en Megadrive es un juego de acción futurista en el que juegas como un policía que busca eliminar a todos los criminales en la ciudad. El juego se divide en dos partes, una en la que conduce su automóvil y en la que tiene que eliminar a los enemigos y otra, a pie en un estilo de acción más tradicional.
Tecmo Cup Football Game (Europe) (Proto)	Tecmo Cup Football Game es un juego de 1992 para el NES de Tecmo. Este era el nombre europeo; en América se llamaba Tecmo Cup Soccer Game. En Japón, donde se originó el juego, se llamó Capitán Tsubasa y se basó en la franquicia de medios del mismo nombre. Como tal, en lugar de ser una simulación de fútbol, ??Tecmo Cup Football Game adopta un enfoque más cinematográfico / RPG al deporte, con el juego real presentado de forma cinematográfica y los movimientos realizados eligiendo de menús en un tiempo limitado. Una versión bajo el nombre europeo estaba siendo programada para la Sega Mega Drive en 1993; solo Sega y Tecmo figuran como empresas involucradas y la programación parece ser exclusiva de este juego. El juego no fue lanzado en ninguna región; la razón por la cual es desconocido. Un ROM prototipo se puede encontrar en muchos sitios ROM; normalmente se llama Tecmo Cup, está catalogado como de Japón y aparece como un mal volcado. Debido a que el juego occidentalizado sigue siendo similar al capitán Tsubasa de muchas maneras, a menudo es pirateado por piratas asiáticos como un genuino juego del Capitán Tsubasa.
Tecmo Super Baseball (USA)	Este es el intento de Tecmo en el béisbol después de su serie Tecmo Bowl. Tiene 700 jugadores auténticos de MLBPA, incluyendo a Ken Griffey Jr., Tony Gwynn y Barry Bonds, por nombrar algunos. Sin embargo, no cuenta con una licencia de MLB, por lo que se han omitido los nombres y logotipos de las ciudades, pero los 28 equipos con estadísticas de 1993 todavía están incluidos. Se aplican los modos estándar, incluidos Exposición, All-Star y Temporada, en los que el jugador puede elegir jugar en temporada completa o reducida. El jugador también puede elegir simular juegos y verlos desplegarse o también tienen la opción de administrar su equipo y ver el resultado de sus decisiones. También cuenta con una batería de respaldo para permitir el ahorro de estadísticas y juegos, así como las capacidades de dos jugadores para permitir que los amigos compitan cara a cara.
Tecmo Super Bowl (USA)	Tecmo vuelve a la parrilla con esta nueva versión de Tecmo Super Bowl para sistemas de consola de 16 bits. Juega con jugadores y equipos reales de la National Football League en este juego de arcade de desplazamiento lateral en 2D. Todas las funciones del juego de 8 bits permanecen intactas, ¡y las nuevas se agregan para una diversión aún más deportiva en el fútbol! Las adiciones incluyen listas de jugadores actualizadas, opciones de efectos climáticos (lluvia, nieve), juegos de temporada múltiple (tres calendarios de temporada regular disponibles en total), duración del juego ajustable y un libro de jugadas ofensivo que puede editarse incluso durante un juego.
Tecmo Super Bowl II - Special Edition (USA)	Secuela de la primera versión de 16 bits de Tecmo Super Bowl. Incluye los equipos y jugadores reales de la NFL y el mismo juego básico que las entregas anteriores de la serie. También hay una variedad de nuevas características y mejoras menores, como perspectiva de juego ligeramente angulada, gráficos de jugador más grandes, nuevas animaciones de movimiento, libros de jugadas ampliados, patadas / despejes falsos, audibles y programación automática basada en su récord de derrotas ganadas del anterior año.
Tecmo Super Bowl III - Final Edition (USA)	Tecmo Super Bowl III: Final Edition es un juego de fútbol americano en Megadrive. Esta versión se beneficia de una actualización de equipos, jugadores y calendario para seguir con la temporada 1994-1995 de la NFL. Las fotos reales de los jugadores están presentes. Es posible crear sus propias formaciones (ofensivas, defensivas) y organizar su propio torneo Pro Bowl.
Tecmo Super Hockey (USA)	La versión de Tecmo del hockey sobre hielo, Tecmo Super Hockey presenta la licencia de la NHLPA, teniendo los mejores jugadores del juego en ese momento. Ofrece juegos regulares y de exhibición, además de jugar una temporada con estadísticas actualizadas y la posibilidad de jugar en el Juego de las Estrellas también. El modo de juego es similar a otros juegos, con botones para pasar, disparar, hacer cachetadas y disparos falsos, así como pelear, lo cual no es una característica común. Puede ser jugado por dos jugadores simultáneamente.
Tecmo Super NBA Basketball (USA)	Tecmo Super NBA cuenta con equipos reales (los 27 equipos contemporáneos) y una lista de jugadores reales (más de 320). Uno o dos jugadores pueden competir en temporadas regulares, reducidas o cortas, o jugar un juego de exhibición. Aunque principalmente el desplazamiento es horizontal, la voz digitalizada y los cines, junto con un punto de vista de tiro libre, añaden dramatismo a los procedimientos. Además de los elementos esperados del baloncesto (sustituciones, penalizaciones, robos y bloqueos, tiempos muertos, tiempo extra), Super NBA te da la oportunidad de convocar jugadas ofensivas y programar registros de victorias y derrotas.
Tecmo World Cup (USA)	Tecmo World Cup es un juego de fútbol que solo cuenta con equipos nacionales. Como indica el título, puedes jugar el torneo de la Copa del Mundo, que también incluirá una ronda de clasificación. Puede elegir su equipo de un grupo de 24 naciones, aunque el surtido no es idéntico a la lista de la última Copa del Mundo en el momento del lanzamiento de los juegos. Además, la calificación, en contraste con la Copa del Mundo real, solo tiene cuatro equipos, como nada menos que los 24 equipos disponibles que participan. Además de la Copa del Mundo, el único otro modo para un solo jugador es un partido amistoso contra un equipo elegido al azar.
Teddy Boy Blues (Japan) (Sega Game Toshokan)	Teddy Boy Blues es una conversión actualizada del plataforma de acción Sega coin-op de 1985. Si bien la premisa básica es similar a la versión del Sistema Maestro: cada etapa contiene una cantidad de generadores enemigos, y los enemigos deben ser disparados y recolectados antes de tomar una parte del medidor de tiempo: esta versión del juego tiene varias diferencias. Los gráficos han sido rediseñados para aprovechar el hardware más potente y se ha eliminado el enlace de Yohko Ishino. También hay varias etapas nuevas a lo largo del juego, aunque muchas de las etapas del juego original también están presentes.
Teenage Mutant Ninja Turtles - The Hyperstone Heist (USA)	Teenage Mutant Ninja Turtles: The Hyperstone Heist es un juego de acción en Megadrive. Shredder, el enemigo inevitable de las Tortugas Ninja, ha encontrado una forma de destruir los edificios de la ciudad, gracias a los poderes del HyperStone. ¡Afortunadamente, Leonardo, Michelangelo, Rafael y Donatello están ahí para detenerlo! Trague una última porción de pizza y parta a desafiar la trituradora oscura.
Teenage Mutant Ninja Turtles - Tournament Fighters (USA)	El juego presenta las 4 tortugas originales de los juegos anteriores de la serie, así como otros luchadores. El juego está muy relacionado con la serie Mortal Kombat o Street Fighter, que te enfrenta a tus oponentes de a uno por vez. Algunos luchadores (además de las tortugas) te serán familiares, como el Rat King, o incluso Shredder (ahora llamado &quot;Cyber-Shredder&quot;). Aunque incluso personas familiarizadas con las tortugas verán diferencias en ellas. Ahora pueden, por ejemplo, hacer movimientos que involucren proyectiles, como &quot;bolas de fuego&quot;. Los modos del juego incluyen un modo historia, donde solo puedes elegir una de las tortugas y seguir luchando contra oponentes para rescatar a April y Splinter, y un modo de torneo, donde luchas solo por la fama y el dinero.
Tel-Tel Mahjong (Japan)	Tel-Tel Mahjong es un juego de mahjong de computadora, una de las muchas conversiones del antiguo juego chino. El principal atractivo de esta versión en particular es el juego en línea a través del Mega Módem, pero este servicio ha sido descontinuado hace tiempo. Basado en la versión de cuatro jugadores del juego, el jugador puede jugar contra tres jugadores de computadora, y hay un modo de partido regular con una amplia gama de opciones de juego, así como un modo de clasificación donde el jugador debe enfrentarse a oponentes cada vez más habilidosos.
Tel-Tel Stadium (Japan)	Tel-Tel Stadium es un juego de béisbol con equipos japoneses genéricos. El principal atractivo de esta versión en particular es el juego en línea a través de una línea telefónica, pero este servicio hace tiempo que se suspendió. A diferencia de muchos juegos de béisbol, Tel-Tel Stadium adopta un enfoque de no intervención en la acción, lo que le permite al jugador dar órdenes al bateador, lanzador y fildeadores en lugar de controlarlos directamente. Además del ahora difunto modo en línea, se puede jugar en un solo jugador fuera de línea con un partido de exhibición, así como en un &quot;modo de banderín&quot; donde el jugador construye su propio equipo y juega durante toda la temporada. También existe la opción de mirar un partido controlado por computadora.
Terminator, The (USA)	El juego con licencia Terminator para las consolas Sega era un juego de plataforma de desplazamiento lateral bastante estándar. Sin embargo, los seis niveles del juego reflejan fielmente la historia de la película Terminator al asumir el papel de Kyle Reese y su búsqueda para salvar a Sarah Connor de Terminator. Debido a que el juego sigue la película tan de cerca, la primera misión que implica explotar la computadora SkyNet y escapar en el tiempo, es una de las más difíciles y algo que la mayoría de los jugadores recuerdan con amor / odio.
Tetris (Japan) (En) (Mega 6)	Tetris es una de muchas conversiones del famoso juego de encajar piezas. El objetivo es colocar piezas hechas de cuatro baldosas en un pozo de diez por veinte, organizándolas en filas completas, que luego desaparecen. A medida que se eliminan las filas, el ritmo del juego aumenta y el fondo cambia, terminado el juego si la pila alcanza la parte superior del pozo. Además de un modo estándar sin fin para uno o dos jugadores, el juego también incluye un modo de &quot;contra reloj&quot; para uno o dos jugadores, donde el objetivo es conseguir tantos puntos como sea posible en tres minutos. También hay un modo de &quot;dobles&quot;, donde dos jugadores trabajan juntos para llenar líneas en un pozo extra-ancho, cada uno controlando sus propias piezas simultáneamente. El juego ofrece una serie de opciones estándar como establecer el nivel inicial o si queremos ver la siguiente pieza. También hay &quot;bloques de elementos&quot; opcionales, que son piezas especiales parpadeantes que dan un bono extra si se utilizan para borrar una línea.
Tetris (USA) (Mega Drive Mini, Genesis Mini)	Tetris es una de muchas conversiones del famoso juego de encajar piezas. El objetivo es colocar piezas hechas de cuatro baldosas en un pozo de diez por veinte, organizándolas en filas completas, que luego desaparecen. A medida que se eliminan las filas, el ritmo del juego aumenta y el fondo cambia, terminado el juego si la pila alcanza la parte superior del pozo. Además de un modo estándar sin fin para uno o dos jugadores, el juego también incluye un modo de &quot;contra reloj&quot; para uno o dos jugadores, donde el objetivo es conseguir tantos puntos como sea posible en tres minutos. También hay un modo de &quot;dobles&quot;, donde dos jugadores trabajan juntos para llenar líneas en un pozo extra-ancho, cada uno controlando sus propias piezas simultáneamente. El juego ofrece una serie de opciones estándar como establecer el nivel inicial o si queremos ver la siguiente pieza. También hay &quot;bloques de elementos&quot; opcionales, que son piezas especiales parpadeantes que dan un bono extra si se utilizan para borrar una línea.
Theme Park (USA, Europe) (En,Fr,De,Es)	En Theme Park, tu objetivo es dominar el emocionante mundo de la gestión de parques de atracciones. Diseña y organiza atracciones, caminos y colas, dejando espacio para futuras incorporaciones, y embellece el lugar con lagos y árboles para aumentar su atractivo. Podrás instalar desde tazas giratorias y casas embrujadas hasta imponentas montañas rusas y atracciones acuáticas que se entrelazan con otras. Administra tiendas para vender comida, bebidas y souvenirs, ajustando ingredientes como sal, azúcar y cafeína para maximizar las ventas. Contrata y paga justamente a tu personal para mantener el parque funcionando a la perfección.
Thomas the Tank Engine & Friends (USA)	Controla a Thomas the Tank Engine para realizar viajes especiales que debes organizar: lleve a los niños a la costa, lleve medicinas al hospital o envíe el correo. ¡Tenga cuidado con los callejones sin salida, los pasos a nivel, otros trenes y vehículos a través de su ruta! Basado en la famosa serie de televisión y ferrocarril, este juego está diseñado para niños de 3 años en adelante.
Thunder Force II (USA, Europe)	Thunder Force II es tanto un juego de desplazamiento lateral como un shooter de arriba hacia abajo. En el juego controlas una nave. El sistema de armas es bastante básico. Puede pasar de disparar un arma más poderosa al frente o dos armas menos poderosas para disparar hacia adelante y hacia atrás simultáneamente. Hay varios potenciadores que mejoran tu potencia de fuego. En los niveles superiores, solo puedes viajar en direcciones cardinales y no puedes maniobrar fácilmente alrededor de obstáculos o ralentizar. El control en los niveles de desplazamiento lateral es una reminiscencia de R-Type o Gradius, pero con sistemas de armas más básicos. En futuras encarnaciones de la serie, el aspecto de arriba hacia abajo sería abandonado.
Thunder Force III (Japan, USA) (En)	ThunderForce III es uno de los mejores matamarcianos que aparecieron en las máquinas de 16 bits. Múltiples planos de scroll parallax, efectos de deformación en los fondos, jefes de final de fase increíbles, sonidos fx geniales y la mejor música que ha sonado en una Megadrive. Puedes cambiar de arma manualmente durante la partida, así como modificar la velocidad de la nave en cualquier momento para moverse sutilmente o esquivar enemigos con rapidez. Todo esto unido a una dificultad bien medida, nunca imposible, hacen del juego un favorito indiscutible para muchos.
Thunder Fox (USA)	En 19xx, el mundo es superado por una tormenta de terrorismo, y el poder malvado de la invasión se extiende sobre la tierra, el cielo y el mar. Sin embargo, hay hombres valientes que luchan contra eso para sofocar la tormenta. El equipo antiterrorista de Thunder y Fox es convocado para completar una serie de misiones, desde romper la barrera del enemigo y destruir sus helicópteros hasta destruir las oficinas centrales del enemigo. Camina por los niveles y destruye a los enemigos con tu cuchillo, derrota a los jefes de final de nivel. Varias armas están a su disposición, incluyendo lanzallamas, bazucas, ametralladoras y granadas. También puedes golpear con la pistola a los enemigos. Destruye cajas abiertas por 500 puntos, 1000 puntos y vidas extras + 5000 puntos.
Thunder Pro Wrestling Retsuden (Japan)	Thunder Pro Wrestling Retsuden es un spin-off de la popular serie Fire Pro Wrestling de Human, y el único título de la serie que aparece en Mega Drive. Al igual que los otros juegos de Fire Pro, es un juego de lucha estilo arcade con una lista de luchadores ficticios. El juego incluye un modo estándar de Campeonato Mundial en el que el jugador elige un luchador y lucha para ganar el título. También hay un modo &quot;emocionante&quot; en el que uno o dos jugadores pueden jugar una partida individual de exhibición o un partido de etiqueta contra la computadora o entre ellos, un modo Eliminación donde cada jugador elige un equipo de cinco luchadores y un modo &quot;Hándicap&quot; donde un luchador solo debe asumir un equipo de etiqueta.
Tick, The (USA)	Prepárate para ponerte tus medias azules ajustadas a la piel. ¡Los ninjas necesitan una paliza, los patrones necesitan una paliza! Este juego no es tanto un juego de plataforma como un juego de lucha (piense en Streets of Rage). Corres por los niveles evitando los objetos voladores y luchando contra los enemigos que se crucen en tu camino, incluidos los numerosos jefes. Si estás en un aprieto, puedes llamar a Arthur para ayudar a vencer a cualquier enemigo que esté en la pantalla. El juego se presenta en una vista normal de plataformas en 2D cuando estás saltando de un edificio a otro, pero cambia a una vista semi-isométrica cuando comienzas a pelear. Probablemente te gustará si te gusta Streets of Rage.
Time Killers (USA)	Time Killers es un juego de uno contra uno con un juego en una línea similar a Mortal Kombat y Street Fighter 2. Lo que es principalmente diferente es que puedes atacar con todas las partes del cuerpo: la cabeza, ambos brazos y ambas piernas. Un sistema de daños permite cortar los brazos, pero los luchadores pueden seguir adelante con solo las piernas y la cabeza. Una característica especial permite a los personajes realizar una maniobra de decapitación llamada &quot;movimiento de muerte&quot; (similar a Bárbaro), en cualquier momento durante una ronda, matando instantáneamente a un oponente, y posteriormente terminando la ronda. El juego presenta una sangre exagerada y violencia sangrienta. Hay ocho caracteres seleccionables, y cada uno tiene armas y atributos únicos pertenecientes al período en el tiempo del que proceden, p. Thugg es un hombre de las cavernas con un hacha de piedra del 20,000 aC, Musashi es un samurai del Japón Feudal 1496, Orion es un cazarrecompensas intergaláctico con una espada electrónica de 2885, etc. En el juego para un solo jugador, si logras derrotar a todos los oponentes estándar, puedes enfrentarte a la muerte misma.
Time Trax (USA) (Proto)	La Dra. Mordicai Sahmbi es la Cabeza de Trax y la mente maestra detrás de un plan para controlar el mundo en nuestro tiempo mediante el envío de criminales desde el año 2193. Sahmbi sintetizó T.X.P. el producto químico necesario para enviar personas a través del tiempo. Sahmbi tiene un laboratorio secreto bajo el Instituto Smithsonian. Sepp Dietrich es el principal sospechoso en 12 asesinatos políticos. Él es muy inestable y debe regresar a 2193. Su objetivo principal en esta misión es encontrar a estos dos hombres y devolverlos para el castigo en 2193.
Tinhead (World) (QUByte Classics)	En el límite del universo, el malvado duende intergaláctico Grim Squidge ha capturado y aprisionado a todas las estrellas. Ahora los ha dispersado a planetas lejanos. Mientras esto sucede, una estación espacial cercana capta una señal de socorro. Tinhead, guardián del borde del universo, escucha los gritos de ayuda y se apresura al rescate. La jugabilidad es algo diferente al plataformas típico. Se necesita alguna exploración para encontrar la salida o si desea obtener puntos o salud. Atacas a tus enemigos disparándoles con pequeños orbes metálicos que salen de la cabeza de TinHead. Puede disparar en tres direcciones diferentes: diagonal hacia arriba, recta, o simplemente dejarlos saltar para que reboten sobre el suelo. La dirección se elige usando un botón específico.
Tintin in Tibet (Europe) (En,Fr,De,Es,Nl,Sv)	Las aventuras de Tintín cuenta la historia de un reportero que no teme el peligro. En este juego basado en el cómic, Tintín está de vacaciones en los Alpes franceses y descubre a través del periódico un accidente de avión en la región del Tíbet. Por la noche, el reportero sueña que su amigo Chang está en el avión y necesita su ayuda. Tras confirmar sus sospechas, el joven se dispone a rescatar a su amigo afrontando etapas progresivas con rompecabezas en el camino. Tendrá que escalar acantilados, paredes de roca, lagos peligrosos e incluso escalar un glaciar con su amigo el capitán Haddock en busca de Chang.
Tiny Toon Adventures - ACME All-Stars (USA, Korea) (En)	Tiny Toon Adventures: Acme All-Stars presenta todos los personajes habituales de la serie animada Tiny Toon Adventures. Hay varias opciones de juego diferentes. Los dos juegos principales son fútbol y baloncesto. Ambas opciones te permiten elegir tu propio equipo de 4 personajes y elegir sus posiciones de juego. A continuación, puede elegir entre 5 diferentes escenarios deportivos. Juega contra la CPU o contra un amigo. El Modo Historia comprende a un equipo predeterminado compitiendo en varios eventos diferentes en el Torneo Acme Looniversity. Finalmente, hay tres juegos más pequeños para jugar: Obstacle Course, 10 Pin Bowling y Montana Hitting (como las máquinas &quot;golpea los monstruos emergentes con un martillo&quot; que ves en las salas de juego).
Tiny Toon Adventures - Buster's Hidden Treasure (USA)	Mientras limpia Acme Looniversity, ¡Buster descubre un mapa que conduce a un tesoro secreto! Pero Montana Max roba el mapa y va tras el tesoro él mismo. ¡También hace que el Dr. Gene Splicer lave el cerebro a la mayoría de los amigos de Buster y los secuestra! ¡Buster tiene que reclamar su mapa, su tesoro y salvar a todos mientras lo hace! Buster's Hidden Treasure es un juego de plataformas protagonizado por Buster y muchos otros personajes de Tiny Toons. Como Buster, los jugadores corren a través de cada nivel, saltando sobre los enemigos para vencerlos. Buster también puede recoger zanahorias: por cada cincuenta que recolecta, obtiene un amigo ayudante que puede usarse para destruir a todos los enemigos en la pantalla. Aunque Buster solo comienza el juego con tres corazones, su medidor de salud puede aumentarse recolectando campanas. El objetivo de cada nivel es encontrar a Gogo Dodo, quien dejará que Buster salga del nivel. Al igual que Super Mario World, Buster's Hidden Treasure tiene un mapa del mundo desde el que puedes seleccionar tu nivel. También similar a Mario World, algunos niveles contienen salidas ocultas, crean atajos u otorgan a los jugadores acceso a niveles más difíciles.
TNN Bass Tournament of Champions (USA) (Rev 1)	A partir de las 7.30 de la mañana, el jugador tiene hasta las 4 p.m. para tomar un bote en el lago y pescar para vencer a sus competidores. El bote se puede dirigir libremente utilizando una vista de arriba hacia abajo hasta que se haya encontrado un lugar apropiado al verificar el monitor de baja altura. Luego, el juego cambia a una vista en primera persona, que también muestra al pescador desde una vista lateral en una parte separada de la pantalla, y es posible mirar alrededor en el entorno. El lanzamiento se realiza con un medidor de potencia para determinar la distancia. A medida que el cebo se hunde, se puede controlar un monitor en busca de peces cercanos. También hay pistas visuales a través de las salpicaduras de agua. El jugador puede verificar la profundidad y el carrete cuando sea necesario. Cuando un pez ha sido capturado, se convierte en un juego sensible con la tensión de la línea para asegurarse de que no se rompa a través de la vista lateral del pescador. Al final del día, el bote puede regresar al área de pesaje para determinar los resultados. El dinero ganado en los torneos se puede utilizar para adquirir nuevos carretes de spinning, carretes de cebo, barcos, líneas y señuelos.
TNN Outdoors Bass Tournament '96 (USA)	TNN Outdoors Bass Tournament '96 es la secuela de TNN Bass Tournament of Champions. Comparte muchos elementos con el juego para PC del mismo nombre, pero esa versión tiene un mapa de estilo isométrico y una vista 3D completa para las secuencias de pesca. Al igual que el juego original, es un simulador de pesca que permite al jugador acceder a un modo de pesca libre o participar en un torneo de pesca. Primero, el equipo necesita ser comprado. Se compone de señuelos, varillas, carretes, líneas y barcos. Los mejores artículos solo pueden adquirirse ganando dinero en torneos.
Todd's Adventures in Slime World (USA)	Mientras vuela su nave espacial, aterriza en un planeta cubierto completamente de baba. Usted y un amigo exploran el laberíntico planeta de la baba, armado con una pistola de agua y todo tipo de artilugios que encuentren a lo largo del camino en un esfuerzo por encontrar su camino de regreso. El mundo del juego es un laberinto gigante con áreas ocultas extravagantes y muchas ideas originales de diseño. Dependiendo del modo de juego, cooperarás o competirás con tu &quot;amigo&quot; para encontrar y obtener una salida primero. Debido a los tamaños masivos de los mundos de baba (alrededor de 6 entradas para elegir), los juegos suelen tardar varias horas en completarse. La base del juego es la exploración, con distintos modos de juego que se enfocan aún más en la competencia, la resolución de acertijos, la velocidad, la exploración o la cooperación.
ToeJam & Earl (USA, Europe, Korea) (En)	Toejam y Earl son dos alienígenas del planeta Funkotron. Un día, cruzan su galaxia en un dulce viaje espacial. Desafortunadamente, Earl no estaba prestando suficiente atención a dónde estaba conduciendo, y dirigió la nave hacia un asteroide. La nave se estrelló contra el planeta más extraño de la galaxia: la Tierra. Toejam y Earl deben viajar de nivel a nivel en la Tierra y recoger las 10 piezas dispersas de la nave. Pero los diversos terrícolas, como Nerd Herds, Giant Hamsters, Phantom Ice Cream Trucks y The Bogeyman harán que sea difícil. Los power up que TJ y E pueden recoger vienen en forma de regalos envueltos. Nunca se sabe realmente qué power up es hasta que lo abres. Además, los niveles aleatorios y la ubicación de los elementos lo convierten en un juego diferente cada vez. El juego presenta una división de pantalla dinámica. Los jugadores comienzan el juego uno cerca del otro. Si uno se aleja del otro, la pantalla se divide verticalmente para permitir que cada jugador se mueva libremente. Cuando los jugadores están cerca otra vez, las pantallas se unen para convertirse en una sola pantalla.
ToeJam & Earl in Panic on Funkotron (USA)	La secuela de ToeJam & Earl comienza donde termina el primer juego. Los dos alienígenas funky finalmente han reunido todas las partes de sus cohetes y se fueron de la Tierra hacia su planeta natal Funkotron. Accidentalmente, algunos terrícolas logran aferrarse a su nave espacial y llegar a Funkotron con ellos. Siendo responsables de la gran perturbación que los humanos están causando en su funky planet, el dúo se puso en marcha para limpiar el desastre. Los terrícolas vienen en todo tipo de formas sorprendentes, niños corriendo, trabajadores de la construcción, turistas y los wierdos regulares. Puedes elegir cualquiera de los personajes, o hacer que dos jugadores jueguen juntos, mientras golpeas a los terrícolas con frascos especiales que los absorben, para que puedan ser transportados de regreso a la Tierra. ¡Conoces a otros habitantes de Funkotron e interactúas con ellos, con cosas como ayudarlos a encontrar cosas o tocar el timbre y escapar! Todas estas personas lo ayudarán a hacer el trabajo y evitarán que Funkotron pierda su funky-ness.
Toki - Going Ape Spit (USA, Europe)	Las manos de Bashtar han arrancado a Moho de su amado Toki. Toki no está mejor: ha sido convertido en mono por el hechicero Vookimedlo. Ahora Toki debe salvar a su amor y encontrar la forma de volver a convertirse en un hombre. Toki tiene varios niveles: el laberinto de cuevas, el lago Neptuno, las cuevas de fuego, el palacio de hielo, la selva oscura, el palacio de oro... El principal ataque de Toki contra sus enemigos es escupirles, pero también puede saltar sobre ellos para derrotarlos. El escupitajo normal de Toki puede transformarse en una ráfaga de fuego si encuentras el objeto adecuado. Otros objetos son un casco de fútbol que protege temporalmente a Toki, zapatillas de salto de altura, relojes que añaden tiempo, monedas que aumentan el número de vidas ...
Tom and Jerry - Frantic Antics! (USA)	Tom y Jerry, el famoso dúo de dibujos animados, han dejado de luchar entre sí para variar. Su amiga, la joven Robyn, ha sido secuestrada, y depende de ellos rescatarla. Comenzando en los suburbios, el equipo de gatos y ratones debe abrirse camino a través de ocho etapas de acción de plataforma, moviéndose a través de la ciudad hacia las montañas, mientras recolecta pescado y queso, y encuentra balones de fútbol ocasionales para eliminar a sus enemigos. El juego puede jugarse para un solo jugador, solo como Tom o simultáneo para dos jugadores con Tom y Jerry formando equipo.
Tom Mason's Dinosaurs for Hire (USA)	&quot;Dinosaurs For Hire&quot; realmente no tiene una trama. Monstruos desconocidos y extrañas criaturas robóticas atacan la Tierra. Por alguna razón, los únicos que pueden detener la invasión son los tres dinosaurios para alquilar: Archie, un tiranosaurio rex y su líder; el triceratops Lorenzo, amante de la buena comida, el buen vino y la ropa fina, y el estegosaurio imprevisible tuerto Reese. Cada dino tiene sus propias fortalezas y debilidades. Usted guía al dinosaurio de su elección a través de los niveles de plataforma del juego. Estás equipado con una pistola: toneladas de enemigos te atacarán desde todos los lados, por lo que tu mejor opción será caminar con el botón de disparo presionado. Puedes disparar a todas las direcciones y también participar en combates cuerpo a cuerpo cuando el enemigo está demasiado cerca. Cada nivel tiene un jefe enemigo esperándote al final. También hay un modo cooperativo para dos jugadores.
Tommy Lasorda Baseball (USA)	Este fue el primer cartucho de béisbol de 16 bits en el mercado. Juega solo o con un amigo. Elige entre cualquiera de los 26 equipos de Grandes Ligas. El juego usa todos los nombres de ciudades de la vida real, pero las estadísticas y los nombres de los jugadores son ficticios. Una vez en el campo, el juego sigue las reglas estándar del béisbol. La función de contraseña le permite llevar a su equipo durante toda una temporada a la Serie Mundial. El juego también rastrea a todos los otros equipos en la liga simultáneamente. Los bateadores en el juego se clasifican de acuerdo con el promedio de bateo, jonrones, velocidad de carrera y capacidad de lanzamiento. Los lanzadores son calificados por ERA, habilidad de lanzamiento de curvas, resistencia, velocidad máxima de lanzamiento y la distancia que recorrerá un lanzamiento. Todas las clasificaciones hacen que este juego sea un desafío para tu habilidad gerencial así como para tus habilidades de juego porque estás realizando las operaciones desde el dugout. La pantalla de opciones te permite decidir qué tan duro será tu oponente en la computadora.
Tony La Russa Baseball (USA, Australia)	Tony La Russa's Baseball cuenta con más de 500 jugadores reales, mantiene estadísticas con 14 categorías y brinda a los jugadores la opción de ver, administrar o jugar un juego. El juego ha sido compatible con STATS (Sports Team Analysis & Tracking Systems) para compilar estadísticas, junto con un pitcher digitalizado y animaciones de bateador para que parezca más realista.
Top Gear 2 (USA)	Este juego de carreras en tercera persona se asemeja a la anterior serie Lotus de Gremlin, en términos de su aspecto general, hasta la fuente de texto utilizada en el juego. Su tarea es competir en 16 países, cada uno de los cuales presenta cuatro carreras, con muchos circuitos del mundo real recreados en lugares incongruentes (como el trazado de Monza en Ayers Rock y el antiguo Hockenheim en Vancouver). Estos bloques de cuatro carreras representan cada uno su propio mini campeonato, en el que corre contra 19 autos, necesita terminar en el top 10 para continuar, y con los 6 primeros puntos de anotación 10-6-4-3-2-1, y la cantidad respectiva de dinero en miles. Esto se puede gastar en varias actualizaciones, que van desde el motor hasta las llantas (mojadas y secas) y desde las sacudidas (frontal, lateral y trasera) hasta las cajas de engranajes. El enfoque ideal es comprar las versiones más caras lo antes posible, ya que no se ahorra al actualizar. Si ganas el campeonato de cuatro carreras, obtienes la siguiente contraseña. Obtienes una cantidad determinada de nitro boost para usar durante cada carrera, aunque los bonus nitros, el dinero y el token de aceleración instantánea aparecen en muchas pistas. Los peligros como los charcos, las barreras y las rampas también son frecuentes.
Top Pro Golf (Japan) (En)	Top Pro Golf, al igual que su secuela, es un simulador de golf sin lujos. El juego se juega igual que su sucesor y ofrece un curso de ficción, varios golfistas para elegir, golpes y partidos contra la computadora o un amigo, y un modo de torneo para dos jugadores.
Total Football (Europe)	Total Football es un juego de competición internacional que incluye 52 equipos (incluido un equipo de estrellas) y compite en 16 equipos, 32 equipos nocauts y un torneo de 32 equipos similar al Mundial. Con una vista isométrica de ángulo bajo (no compensada por el d-pad, lo que significa presionar a la derecha moverá al jugador a la mitad del camino, no en la dirección de la esquina derecha en la mayoría de los juegos con vistas axonométricas, mientras que los botones permiten pasar la pelota en diferentes puntos fuertes o patear a la meta. La gestión se limita a la elección de ocho formaciones diferentes al inicio del juego y el descanso. Las opciones incluyen lo habitual en el género: la mitad de la longitud (3,5,10,20 y 45 minutos), las condiciones climáticas (soleado, lluvioso, nublado, en interiores), el rigor del árbitro (completo, sin tarjetas, sin faltas), interrupciones de tiempo, decisión de empate (tiroteo o tiempo extra) y sonido (música y sfx, solo uno de ellos o ninguno).
Toughman Contest (USA, Europe)	Auténtico crujido de huesos, con todos los contendientes boxeando. 32 megas de gráficos y sonidos. 24 boxeadores individualmente clasificados. Movimientos especiales y la capacidad de juego clásica de EA SPORTS que te mantendrá contra las cuerdas. Toughman Contest en Megadrive es un juego de boxeo. El jugador toma el control de uno de los 24 boxeadores propuestos y se enfrenta a los competidores en las cuatro esquinas del hemiciclo. Desde Europa hasta Asia y América, persigue los uppercuts y asegúrate de mantener la guardia. El objetivo es poner a tu oponente KO agotando sus reservas de energía o anotar un máximo de puntos para ganar el conteo final de jueces.
Tougi Ou - King Colossus (Japan)	La historia de &quot;King Colossus&quot; es simple: eres un luchador joven que vive en una pequeña casa en algún lugar de un continente de fantasía y que fue criado por el hombre sabio local. Ahora, cuando adquirió destreza en la lucha con espadas, el sabio lo envía a la peligrosa cueva del sur, para derrotar a los monstruos que la habitan. Al visitar diferentes lugares, el héroe luchará contra monstruos aún más temibles, hasta que finalmente desafíe al mal supremo. &quot;King Colossus&quot; es una aventura de arriba hacia abajo con elementos de combate de acción y RPG ligeros. Lucha contra monstruos al equipar armas y balancearlas en tiempo real. Hay una variedad de accesorios y elementos para encontrar en el juego, así como diferentes obstáculos para superar en las mazmorras.
Toxic Crusaders (USA)	Basado en la serie de dibujos animados de Troma del mismo nombre, los Toxic Crusaders protegen la ciudad de Tromaville contra las tramas del alienígena Dr. Killemoff y sus Radiation Rangers. Es decir, hasta que Killemoff capture a todos los Toxic Crusaders, excepto uno. Como Toxie, debes &quot;limpiar&quot; las fuerzas de Killemoff en 6 niveles y rescatar a sus camaradas antes de que sea demasiado tarde. El juego está orientado a la acción. Las únicas habilidades de Toxie son saltar y abrirse camino a través de los enemigos. Inicialmente comienza con un arma de trapeador, que se puede perder fácilmente.
Toy Story (USA)	Este juego está basado en la película &quot;Toy Story&quot;. Te define como el personaje de Woody mientras saltas, balanceas y conduces hasta el final de cada nivel. Cada nivel contiene escenas familiares de la película. La jugabilidad consiste en el tipo de plataformas de desplazamiento. Usas la cuerda de Woody para derrotar a enemigos como los tiburones, el Sr. Potatohead y Ham. Después de cada nivel, recibirá imágenes fijas de la película.
Toys - Let the Toy Wars begin! (USA)	Toys se basa en la película del mismo nombre protagonizada por Robin Williams, Joan Cusack y LL Cool J. Usted juega como el personaje de Williams, Leslie Zevo, un niño de corazón y fabricante de juguetes que está luchando contra su tío el teniente general Leland (jugado en la película y representada en el juego por Michael Gambon) y sus juguetes de guerra dementes que funcionan como armas de destrucción masiva, con su propia variedad de juguetes. Hace esto para recuperar la fábrica que su tío ha deformado cuando heredó de su hermano cuando falleció. Hay cuatro etapas en todo el juego, cada una con su propio surtido de enemigos, como granadas, osos pogo y muñecas explosivas de Elvis, pero también tienes tus propias armas, como autos de carrera, patos de cuerda, bolos, globos de agua y incluso pasteles.
Trampoline Terror! (USA)	Como el gimnasta titular &quot;Trampoline Terror&quot;, le corresponde al jugador detener la amenaza alienígena que ha secuestrado a la reina del planeta Ahas. Para lograr esta tarea, el jugador debe difundir las bombas caminando sobre los interruptores de autodestrucción, evitando que los enemigos lo golpeen. El jugador puede saltar sobre baldosas y trampolines para distanciarse de cualquier enemigo que ingrese, aunque los trampolines solo pueden saltar varias veces antes de desgarrarse y convertirse en un agujero en el que el jugador puede caer y morir. El jugador también puede elegir hasta un número limitado de P-Balls en cada etapa y utilizarlos para eliminar a los enemigos.
Traysia (World) (Evercade)	En &quot;Traysia&quot;, controlas a un joven llamado Roy, que vive en la ciudad Johanna. Toda su vida Roy ha soñado con dejar la ciudad e ir a explorar tierras lejanas. Ahora, finalmente, su oportunidad ha llegado. Su tío, un comerciante ambulante, se va de viaje y Roy decide irse con él. Su novia Traysia le da un colgante, para recordarle ... ¿será capaz Roy de escapar de todos los peligros que le esperan en su largo viaje y de volver a ver a Traysia? El juego es un juego de rol basado en partidas con enemigos encontrados al azar. El combate es algo similar a los primeros juegos Ultima. Cuando aparece un enemigo, ingresas a una pantalla de batalla en la que tu grupo se posiciona en la parte inferior, los enemigos en la parte superior. Puedes atacar si estás lo suficientemente cerca del enemigo, de lo contrario solo te moverás hacia él. Los hechizos mágicos deben lanzarse en la dirección apropiada para dañar al enemigo.
Triple Play - Gold Edition (USA)	Triple Play: Gold Edition es una actualización del título del año anterior. Se ve y se juega como el título anterior, incluida la vista de bateo de primer plano y un amplio seguimiento de estadísticas. El juego cuenta con una licencia MLBPA, con una lista completa de la temporada 1996 y estadísticas basadas en la temporada de 1995. Además, esta actualización agrega un nuevo nivel de dificultad &quot;pro&quot; para jugadores experimentados, y al igual que el título anterior también permite jugar hasta cuatro jugadores.
Triple Play 96 (USA)	Triple Play 96 es una de las primeras entradas en la serie Triple Play de EA que contó con una licencia MLB y MLBPA completa con muchos de los mejores jugadores de la temporada de 1995 junto con auténticos estadios de los 28 equipos de MLB junto con 2.500 cuadros de animación para ofrecer juego una sensación más realista. Muchas de las opciones estándar están presentes, como la exposición, la temporada, los playoffs, etc., junto con un respaldo de la batería que puede mantener una amplia pista en 25 categorías de estadísticas diferentes y tiene 12 alturas únicas que se pueden elegir durante el juego. Los jugadores también pueden crear su propio jugador de béisbol y usarlos en el juego o ir contra cuatro amigos.
Trouble Shooter (USA)	El hijo del Rey Federico y heredero del trono, el Príncipe Eldon, ha sido secuestrado por Blackball, un malvado genio de las armas militares. Así como el desastre internacional parece inminente, el coronel Patch llama al &quot;Trouble Shooter&quot; para que se encargue de Blackball y sus malvados secuaces robot. Juega como Madison y su fiel compañera Crystal en esta aventura de acción de desplazamiento lateral que te lleva a través de 5 niveles del dominio de Blackball hasta el mismo autor intelectual. ¿Madison podrá derrotar a Blackball y rescatar al Príncipe Eldon a tiempo?
Troy Aikman NFL Football (USA)	Usted y un amigo pueden convertirse en jugadores estrella de la NFL o elegir entrenar a un equipo en esta interpretación realista del fútbol americano, avalada por el ex mariscal de campo de los Dallas Cowboys y campeón del Super Bowl, Troy Aikman. Elige jugar solo contra el sistema, o juega uno contra el otro. Elija entre 3 modos de juego: temporada anterior, temporada o temporada generada (editable) personalizada. También hay tres niveles de habilidad: Novato, Pro y Veterano. Puede diseñar sus propias jugadas, personalizar su equipo y guardar las estadísticas de su equipo. Las superficies de juego realistas tienen un efecto en el rendimiento de su equipo e incluyen hierba, barro, tierra, nieve, lluvia y césped. Escucha el rugido de la multitud y otros sonidos auténticos del estadio a medida que sigas tus jugadas.
True Lies (World)	Ponte al mando de la pistola que carga a Arnie en este juego de disparos de acción omni-scrolling. Arnie se enfrenta a los terroristas usando una variedad de armas en todos los lugares de la película del mismo nombre. En cada lugar, tiene una misión, como recuperar datos o capturar a un terrorista. Esto generalmente implica buscar su objetivo mientras despacha enemigos y trata de minimizar las bajas civiles. El énfasis está en la acción y las armas, en particular los favoritos de Arnold: lanzallamas y el uzi. También tiene una tirada de buceo para ayudarlo a esquivar las balas de los enemigos y regresar armas ardiendo.
Truxton (World)	Truxton es uno de los primeros shoot-em-ups de desplazamiento en 2D. Originalmente un juego de arcade, la versión Genesis / Megadrive fue el único port de inicio del juego lanzado en los Estados Unidos de América y Europa (y es bastante raro de encontrar). El juego fue lanzado como &quot;Tatsujin&quot; en PC Engine en Japón también. El juego presenta los fondos de desplazamiento verticales habituales, múltiples rondas / etapas, miríadas de combatientes enemigos, armas GRANDES y power-ups.
Turbo OutRun (Japan, Europe) (En)	La secuela de OutRun presenta un juego básico similar al original, con la acción vista desde detrás del auto, y el desafío es completar cada etapa dentro del límite de tiempo. El contacto puede hacer que el automóvil gire, disminuya la velocidad o incluso se voltee; en cada caso, perderás tiempo. Hay 16 escenarios en todo Estados Unidos, que se mueven gradualmente de este a oeste, todos representados de forma diferente visualmente. Después de cada 4 niveles, ingresa a la pantalla de una tienda, con una selección de actualizaciones. Como lo implica el título, ahora tiene instalado un turbo booster, que acelera el automóvil, aunque el uso excesivo puede provocar el sobrecalentamiento del motor y no se recarga hasta la sección de cada tienda. Usted tiene 5 continúes, y no completar el curso dentro del límite de tiempo le cuesta uno.
Twin Cobra - Desert Attack Helicopter (USA)	Conversión del juego original de Toaplan, esta conversión se basa en la versión japonesa de 1 jugador (Ultimate Tiger). Pilotas el helicóptero de asalto TC-17 Twin Cobra para luchar contra las fuerzas del comandante Anziga, el líder miope de la nación de Kaban. Tu trabajo es volar a Kaban y destruir a toda la fuerza militar del comandante Anziga. Lucharás contra helicópteros pequeños, tanques y armas estacionarias, derrota a los helicópteros grandes para obtener potenciadores. Al seleccionar iconos de colores (azul, amarillo, rojo o verde) puede cambiar a diferentes tipos de armas. El azul es un tiro extendido hacia adelante, el amarillo es un tiro de cuatro posiciones, el rojo es un tiro de láser hacia adelante y el verde es un tiro de láser hacia adelante continuo. Al final de cada sección, aterrizas en una nave portadora y cuentas tus bonos.
Twin Hawk (Japan, Europe) (En)	Twin Hawk es un shooter de desplazamiento vertical típico con una vista de arriba hacia abajo. Tu objetivo es fácil, dispara a todos los enemigos en el camino. ¡Solo tienes una pistola estándar en tu avión y ninguna bomba! En lugar de bombas puedes llamar a aviones de ayuda. Estos aviones forman una formación a tu alrededor y ayudan a disparar a todos los enemigos. En el camino, tienes la oportunidad de recolectar poderes disparando camiones de transporte. Cuando estos se destruyen, liberan un power-up. Hay 3 tipos. Primero es la mejora del arma, con esto obtienes un disparo más amplio y más potente. En segundo lugar, recibes más llamadas para aviones de ayuda. Y el tercero son vidas extra.
Twinkle Tale (Japan)	Twinkle Tale, es un juego de disparos de fantasía que se desplaza hacia arriba, coloca al jugador en el papel de la joven bruja Saria, en un intento de liberar a su isla flotante mágica de las malvadas criaturas que la han invadido. El juego se juega desde una perspectiva aérea, con Saria teniendo completa libertad de movimiento en todas las direcciones y con el objetivo de eliminar a todos los enemigos en las 9 etapas, saqueando cualquier tesoro que puedas encontrar y derrotando al jefe de cada etapa. Las armas ofensivas de Saria vienen predefinidas como tres hechizos diferentes, que puedes cambiar libremente en cualquier momento y subir de nivel al recolectar estrellas de poder, así como también bombas de limpieza de pantalla.
Two Crude Dudes (World) (Evercade)	Después de una explosión nuclear, Nueva York necesita una reconstrucción. Esto apenas ha comenzado cuando la pandilla de 'Big Valley' entra y toma el control completo. El gobierno envía un par de pesados conocidos como los tipos crudos para limpiarlos. Como uno de estos tipos crudos, debes viajar por calles difíciles y sacar a la gente de Big Valley, destruir sus vehículos y evitar la fuerza de sus armas. Los enemigos incluyen hombres lobo, esqueletos y jorobados. La mecánica de juego es esencialmente impulsada por los Streets of Rage, con jefes en cada nivel.
Two Tribes - Populous II (Europe)	Populous II continúa el género &quot;God Game&quot; promovido por el clásico de Bullfrog Populous. En PII, eres un inmortal no probado que debe abrirse camino a través de un panteón entero de dioses griegos, cada uno con su propia estrategia y ataques, y finalmente entrar en un enfrentamiento con el mismo Zeus. La mecánica del juego es similar a la de Populous, pero PII presenta una mayor variedad de hechizos, sonido digitalizado y gráficos de alta resolución para dar un toque extra a los efectos de hechizo. El modo multijugador es compatible a través de un enlace en serie y acceso telefónico.
Uchuu Senkan Gomora (Japan) (En)	Atlantal, un planeta pacífico, ha sido atacado por una flota alienígena invasora conocida solo como The Aggressors, dejando a la capital, Delila, en ruinas. Para expulsar a The Aggressors, la gente de Atlantal envía la nave de combate más poderosa del planeta, la bio-nave Gomorrah. Uchu Senkan Gomorrah (Space Battle Ship Gomorrah) es un shooter de desplazamiento horizontal basado en el cooperativo de 1990 del mismo título. El jugador controla la nave titular, Gomorra, que puede disparar directamente como en la mayoría de los juegos de disparos, así como libremente en cualquier dirección a través de un cursor de apunte, que se controla independientemente de la nave misma. Además, hay varios potenciadores que se pueden encontrar, incluyendo aceleraciones, pistolas montadas adicionales y vida útil prolongada, lo que no solo aumentará la armadura de la nave, sino que también hará que crezca en tamaño. El juego presenta 9 etapas, cada una con un jefe al final.
Ultimate Mortal Kombat 3 (USA)	Ultimate Mortal Kombat 3 combina lo mejor de todos los Mortal Kombats en un solo cartucho. 23 personajes jugables están disponibles de inmediato, como Reptile, Cyrax, Scorpion, Sub-Zero, Jax, Katana, Sonya, y más. Hay dos jefes que son desbloqueables, así como personajes adicionales. Hay una variedad de niveles nuevos, algunos de los cuales son interactivos. Los personajes pueden golpear a alguien, haciendo que golpeen con fuerza contra el piso y estrellarse contra el piso inferior, o pueden golpear a alguien desde un puente, aterrizando en un pozo de picos. Los jugadores pueden ir contra la computadora uno contra uno, dos contra dos o participar en el torneo de 8 peleadores.
Ultimate QIX (USA)	Teniendo lugar en otra galaxia, un piloto espacial regresa a su mundo natal &quot;Volfied&quot;, sólo para descubrir que está bajo ataque por una fuerza alienígena desconocida. Los pocos habitantes que quedaron en &quot;Volfied&quot; están en un lugar subterráneo del planeta. El piloto vuela a &quot;Volfied&quot; para usae las armas defensivas de su nave a fin de eliminar la amenaza alienígena y salvar a su pueblo.
Ultimate Soccer (Europe) (En,Fr,De,Es,It)	Ultimate Soccer es un juego de fútbol (europeo) compuesto por 64 equipos internacionales (sin licencia), cada uno con sus propios valores de carrera, control del balón y fuerza. Hay cinco modos de juego (amistoso, tanda de penaltis, torneo, eliminatorias y liga), pero la falta de contraseña o batería incorporada obliga a completar cada uno de ellos de una sola vez. Striker' 96 para PC, Saturn y PlayStation.
Ultracore (USA) (Strictly Limited Games)	Ultracore es un juego de plataformas de estilo Metroidvania, desarrollado por DICE bajo el nombre de «HardCore» para Sega Mega Drive, Sega Mega CD y Commodore Amiga a principios de la década de 1990, con un lanzamiento previsto para 1994/1995 por Psygnosis. Pero antes de la finalización, se había abandonado el desarrollo para cambiar el enfoque a la nueva generación de consolas de juego. Se creía que los siguientes veintitrés años de «HardCore» se habían perdido, ya que incluso el desarrollador sueco ya no tenía datos ni documentación disponible. En 2017, Strictly Limited Games logró localizar una copia de la versión original y desde entonces ha estado trabajando en la recuperación de este tesoro retroactivo para PlayStation 4, PlayStation Vita y Nintendo Switch.
Ultraman (Japan)	En el futuro, la Tierra debe protegerse de los invasores alienígenas, una tarea manejada por la Science Special Search Party. Sin embargo, no están solos en este esfuerzo. Después de estrellar su nave en la Tierra mientras perseguía al malvado alienígena Bemular, el superhombre Ultraman está aquí para ayudarlos siempre que los alienígenas atacantes demuestren que la humanidad sola no puede manejarlos. De pie a cientos de metros de altura con una fuerza increíble y habilidades increíbles, solo puede permanecer en la Tierra durante unos minutos, y así debe derrotar a sus enemigos antes de que su poder se agote por completo. Basado en el popular programa de televisión de 1967, Ultraman sigue directamente la historia de su material fuente. Lanzado en el papel del Ultraman, el jugador debe derrotar a muchos de los mismos monstruos que aparecieron en la serie original. Tomando la apariencia de un juego de lucha 1 contra 1, Ultraman puede golpear, patear y agarrar a su oponente, además de usar una variedad de movimientos especiales que se deben cargar. Sin embargo, para derrotar realmente a su oponente, Ultraman debe agotar su barra de vida de recarga continua y, en ese momento, atacar con su ataque especial más poderoso: el Specium Beam. A medida que el juego continúa, diferentes enemigos pueden incluso encontrar formas de evitar este ataque tan formidable, y Ultraman debe adaptarse... Cada etapa tiene un límite de tiempo de solo tres minutos, y hay tres vidas y ningún continúe.
Uncharted Waters (USA)	Hace cien años, la familia Franco fue una de las más influyentes de Portugal, hasta que su patriarca fracasó en una desastrosa expedición para hallar el reino de Preste Juan, perdiendo así su prestigio. Ahora, el joven Leon Franco sueña con restaurar el honor familiar y ganarse un lugar como marinero reconocido. Movido también por el amor hacia la dama Christiana —pretendida por el posible heredero al trono—, Leon logra reunir fondos para su primer barco. Con su primer oficial, viejo amigo de su padre, zarpa hacia mares desconocidos en busca de fama, aventuras y fortuna.
Undead Line (Japan)	Undead Line es un shooter arcade de arriba hacia abajo con pantallas desplazables, como Commando y otros juegos. El jugador controla un personaje (de una selección de tres como en la versión MSX 2) que dispara proyectiles a los monstruos enemigos. Los seis niveles disponibles se presentan en un menú y pueden seleccionarse y reproducirse en cualquier orden. Hay una batalla entre jefes al final de cada uno. Los cofres con power-ups están dispersos por todos los niveles. Se abren al disparar, y en la versión de Génesis es posible recojer los potenciadores disponibles sin dejar de dispararles. Los potenciadores incluyen mejoras de armadura y velocidad, y varios tipos de proyectiles.
Unnecessary Roughness '95 (USA)	UR95 es el juego de fútbol promedio que ofrece juegos individuales contra la computadora o un amigo, temporadas completas, incluidos los playoffs y Super Bowls. Sin embargo, la atracción principal del juego es una opción de &quot;Conjunto de construcción&quot; que le permite crear todo para su propio equipo, su libro de jugadas y torneos. Incluso puede hacer el logotipo de su propio equipo e importar / exportar sus creaciones para comerciar con sus amigos.
Urban Strike (USA, Europe)	En un 2001 ficcional, un millonario, candidato a presidente, llamado H.R. Malone planea encabezar el gobierno usando una super arma que esta construyendo, y el jugador debe enfrentar esta amenaza. Más tarde se descubre que el villano es realmente Carlos Ortega, el señor de la droga creído muerto en Jungle Strike. Como en Jungle Strike, Urban Strike empieza con un escenario completamente diferente que el del nombre del juego sugiere, en Hawaii, yendo después por todo el continente norteamericano. La gran característica son la misiones a pie, donde el jugador debe dejar el helicóptero para entrar en escenarios interiores armado con un rifle y con un lanzacohetes.
Uzu Keobukseon (Korea)	Uzu Keobukseon es un shoot'em up de 1992 de Samsung lanzado exclusivamente en Corea para la Mega Drive de Sega. Es el primer y único título de Mega Drive producido por Samsung, que fue el distribuidor de hardware y el traductor de software de Sega en Corea.
Valis (World) (Evercade)	Yuko Ahso fue una vez una estudiante de instituto normal y corriente. O al menos su vida era corriente. Su amiga Reiko salió con un Rey Oscuro llamado Rogles, y desapareció. Inmediatamente, los monstruos la atacaron. Pensó que iba a morir seguro, pero una espada mística llamada Valis apareció ante ella. Usando la espada, Yuko se defendió de los monstruos y fue transportada a una tierra extraña, donde le dijeron que era la guerrera Valis elegida y que tenía que derrotar a Rogles, o tanto el mundo humano como el de los sueños se sumirían en el caos. Valis: The Fantasm Soldier es un juego de plataformas de desplazamiento lateral. Yuko puede saltar y atacar a los enemigos con su espada Valis, que puede mejorarse y usarse como arma a distancia recogiendo los potenciadores que se encuentran en los niveles. También puede encontrar y utilizar objetos que le proporcionan ataques potentes o invencibilidad temporal.
Valis III (World) (Evercade)	En algún lugar del Mundo Oscuro, el mal levanta su fea cabeza una vez más... Un hombre de corazón negro llamado Glames, poseedor de una espada llamada Leethus, amenaza al Mundo Humano, al Mundo de los Sueños y al Mundo Oscuro con total y absoluta destrucción. Una niña del Mundo Oscuro llamada Cham escapa de Glames y busca ayuda para destruirlo. Ella viene al mundo humano, en busca del guerrero Valis, Yuko Ahso, y más importante aún, la espada Valis. ¡Yuko ahora debe ayudar a Cham a derrotar a Glames antes de que los tres mundos sean destruidos! Las nuevas mejoras sobre los dos juegos anteriores de Valis incluyen 3 personajes jugables, 3 armas únicas para cada personaje y hechizos mágicos más grandes y poderosos.
Vapor Trail (USA)	Es 1999, la organización terrorista &quot;DAGGER&quot; ha derribado el sistema de comunicación que proporciona comunicación para las bases militares del mundo. Los terroristas ahora controlan la red de comunicación por satélite y amenazan con destruir las ciudades más grandes del mundo con bombas nucleares. El grupo solo está preparado para cancelar sus amenazas cuando los líderes mundiales estén listos para dar su poder a DAGGER. Como contraofensiva, el presidente de los Estados Unidos llama a una unidad aérea de fuerzas especiales. El nombre en clave de la unidad aérea: &quot;Vapor Trail&quot;. La última esperanza del mundo yace en tus manos ahora... El juego es un shoot'em up de desplazamiento vertical. Puedes elegir entre 3 aviones; el avión rápido pero débil: Seylen. El medio por todas partes: Silph; y el lento pero muy fuerte: Valkyrie. Durante el juego puedes recoger varios artículos. Estos artículos incluyen: aceleración, encendido y vidas extra. Una característica útil adicional es el spin-dash que te hace invulnerable por unos segundos. Para esta función, debe esperar hasta que la energía se restablezca por completo esperando un tiempo. También tiene más de un jefe por nivel.
Vectorman (USA, Europe)	En 2049, la población humana de la Tierra se embarca en un viaje migratorio para tratar de colonizar otros planetas. Dejan &quot;orbots&quot; mecánicos para limpiar el desastre que hicieron en la Tierra a través de basura y contaminación. Raster, un orbot de alto nivel que observa la Tierra a través de una red de computadoras en todo el planeta, se une accidentalmente a un misil nuclear en funcionamiento por un orbot menor y se vuelve loco, convirtiéndose en un malvado dictador llamado Warhead. Se declara gobernante de la Tierra y comienza a prepararse para ejecutar a cualquier humano que se atreva a regresar a su planeta. Entra en Vectorman, un humilde robot a cargo de limpiar el lodo tóxico simplemente descargándolo al sol. Cuando aterriza en la Tierra después de su último viaje, encuentra caos y confusión. Debido a que todos los otros Orbots están controlados por Warhead (Vectorman no se ha visto afectado porque estaba fuera), Vectorman se encarga de destruir el orbot errante y restablecer la paz en la Tierra.
Vectorman 2 (USA)	Esta es una secuela de Vectorman. Esta vez, el pequeño robot superpoderoso fue atacado mientras regresaba a la Tierra en su nave espacial, por este motivo caes sobre la tierra solo para descubrir lugares oscuros llenos de criaturas hostiles y para participar en un juego de plataformas lleno de acción rápida y furiosa. Lucha contra tus enemigos, recoge fotones, salta obstáculos, encuentra armas, transformate en otras criaturas y trepa por las paredes como el &quot;orbot&quot; verde Vectorman.
Venom - Spider-Man - Separation Anxiety (USA, Europe)	Separation Anxiety es un juego beat'em up de desplazamiento lateral con personajes e historias tomadas de los cómics de Spiderman. La historia está basada libremente en una mini serie de comics sobre Venom. En este juego, el jugador(es) puede elegir entre controlar a Spider-Man o Venom. Como Spiderman debes detener la vida de la fundación que eliminó a los cinco simbiontes de Venom. Planean unirlos con sus soldados, creando un ejército peligroso. Venom recuperándose de sus heridas también se da cuenta de que debe destruirlos. El juego te permite golpear, patear, balancear y hacer combos a lo largo de calles, bosques y complejos subterráneos hacia tu objetivo. A lo largo del juego, el jugador puede recoger iconos de superhéroes. Estos íconos te ayudarán al convocar ayuda de algunos de los mejores aliados de Spiderman como Daredevil, Ghost Rider, Hawkeye y el Capitán América.
Verytex (Japan)	La humanidad ha avanzado desde hace mucho tiempo en el espacio, y las colonias se han establecido en muchos planetas, pero la humanidad aún no ha tenido contacto con ninguna vida alienígena. Sin embargo, una señal de emergencia ha venido del planeta Shirakusa. Durante una encuesta de colonización, se perdió el contacto con el acorazado Afrodita. Como miembro del escuadrón élite Verytex, se te envía a investigar. Verytex es un shooter espacial de desplazamiento vertical con vagos temas orgánicos. Hay seis etapas y tres tipos diferentes de armas: Disparo normal, un cañón multidireccional estándar; Beam Laser, un arma poderosa de tiro hacia adelante; y Boomerang Laser. Cada tipo de arma se puede actualizar a tres niveles crecientes de poder. También están disponibles misiles dirigidos, que también se pueden actualizar, así como bombas inteligentes y pastillas de escudo.
Viewpoint (USA)	Viewpoint es un juego de perspectiva ortográfica de arriba hacia abajo en la tradición de Zaxxon. Las versiones de PlayStation y Saturn presentan gráficos renderizados en 3D con mapas de texturas, a diferencia de las otras versiones que presentan principalmente polígonos sombreados. Uno o dos jugadores (en modo de asiento caliente o cooperativo) controlan una nave espacial equipada con un cañón láser que se puede cargar (manteniendo presionado el botón de disparo) para una explosión más fuerte. Además del arma principal, hay tres armas especiales disponibles: una pared de fuego que limpia la pantalla en una ola, una explosión tipo nova y un círculo de misiles orientados esféricos-verdes.
Virtua Fighter 2 (USA, Europe)	Un año después de la primera edición del Torneo Mundial de Lucha, ganado por Lau Chan, las invitaciones se envían una vez más, esta vez a la segunda edición del Torneo. ¿Las nuevas técnicas de Akira serán suficientes para vencer a Wolf? ¿Puede Lau defender su título contra su hija Pai? ¿Jacky rescatará a su hermana Sarah, a quien le han lavado el cerebro para matarlo? ¿Hará Jeffry suficiente dinero para rastrear al Satan Shark? Y Kage, ¿descubrirá si el misterioso cartel de Judgment 6 que está detrás del torneo? Todo está por verse... Compartiendo el nombre con el segundo título en la serie seminal de combate 3D de Sega, esta versión de 16 bits lleva el juego al mundo de los luchadores en 2D. Mientras que el entorno completamente poligonal de la versión arcade / saturn se rayaba a favor de los sprites regulares y la cámara de desplazamiento lateral debido a obvias restricciones tecnológicas (más los costos de fabricación descartando el chip SVP utilizado en Virtua Racing) y presentando solo los 8 personajes originales en la serie, el resto fue tomado directamente o inspirado por su hermano mayor. Las arenas están dibujadas de acuerdo con los títulos de 32 bits (e incluso cuentan con un pequeño truco de desplazamiento de paralaje para proporcionar una ligera ilusión 3D), así como los personajes, y también presenta muchos de los mismos efectos de sonido y música. El juego también está inspirado en la versión original, con muchas combinaciones de botones sin cambiar.
Virtua Racing (USA)	Virtua Racing es el port base del primer juego de carreras en 3D basado en polígonos de Sega para los recreativos. El juego consiste en competir con autos de Fórmula-1 en una pista de principiante, intermedio o experto, que compite contra un segundo jugador o con controladores de computadora. A pesar de tener coches de Fórmula 1, los controles del juego son muy &quot;arcade&quot; y los jugadores pueden ver el salto que se ha hecho desde aquí a Daytona. La versión Megadrive / Génesis de Virtua Racing es de destacar ya que es el único juego para el sistema que cuenta con el chip SVP (Sega Virtua Processor). El chip es un procesador 3D integrado en cada cartucho (la consola en sí no tiene capacidad 3D) y es muy similar a los chips SuperFX de SNES, que se usan en juegos como Starfox y Stunt Race FX.
Virtual Bart (World)	El protagonista de esta historia, Bart, decide probar una máquina de realidad virtual en la feria científica de la escuela. Nuestra aventura comienza cuando la máquina actúa como una ruleta, llevando a Bart aleatoriamente a distintas situaciones: como convertido en un cerdo en un matadero de Krusty, deslizándose por un tobogán acuático, recorriendo en una motocicleta en una versión apocalíptica de Springfield, como dinosaurio peleando contra cavernícolas...¿Podrás devolver a Bart a la ciudad de Springfield?
Virtual Pinball (USA, Europe)	Virtual Pinball es el sucesor espiritual del clásico juego de construcción Pinball de Bill Budge. Programado por Bill Budge, este juego de Sega Genesis le permite al jugador probar diferentes mesas de pinball preconstruidas y además crear, guardar y jugar mesas personalizadas.
Vixen 357 (Japan)	En 2384 AD, una gran guerra interestelar tuvo lugar. La Tierra salió victoriosa, gracias a un arma robot secretamente desarrollada llamada &quot;Serd&quot;. Después de la guerra, el uso de Serds ya no era un secreto, y varias naciones comenzaron a usarlos para fines militares. Tras varios años, se desarrolló un arma más poderosa llamada Vector. El uso de tales armas altamente destructivas llevó a guerras entre las naciones del mundo. Usted controla a Takuya Murasawa y sus camaradas, miembros de una fuerza militar especial llamada Slash. Todo comienza con un ataque de vectores no identificados en su base... &quot;Vixen 357&quot; es un juego de estrategia / RPG de estilo animé con combate de mechas. Controlas tus robots moviéndolos sobre el mapa de batalla y luchando contra enemigos con ataques de largo alcance o melée. Una secuencia de batalla animada se muestra cuando tú y los robots enemigos se atacan entre sí. Puedes cambiar pilotos en los robots y repararlos durante las batallas. Tus pilotos suben de nivel ganando puntos de experiencia, y podrás adquirir nuevos robots y armas durante el juego.
VR Troopers (USA, Europe)	El VR Troopers de Saban está basado en el programa de televisión del mismo nombre y está hecho por la misma compañía que produjo los Power Rangers de Mighty Morphin. La historia cuenta que el malvado Grimlord transporta a los VR Troopers a (irónicamente) un videojuego y le corresponde al jugador (literalmente) salvarlos y devolverlos al mundo real. La jugabilidad es de un juego de lucha estándar, usando a uno de los tres Troopers para patear, golpear y usar habilidades especiales para vencer a un luchador y pasar al siguiente. Cada Trooper tiene sus propias fortalezas, debilidades y movimientos especiales y cada uno tiene sus propias etapas por separado, dependiendo de lo que el jugador elija. También tiene capacidades multijugador que permiten que dos amigos luchen cabeza con cabeza en un modo Duelo.
VS Puyo Puyo Sun (USA, Europe) (Mega Drive Mini 2, Genesis Mini 2)	Una versión simplificada de Puyo Puyo Sun, lanzada como juego extra para SEGA Genesis Mini 2, conocida fuera de Norteamérica como Mega Drive Mini 2. Esta versión, lanzada en octubre de 2022, solo incluye los modos multijugador. Cabe destacar que incluye las reglas básicas de Sun, además de dos variantes adicionales: Fusion Sun y Fading Sun, que modifican la interacción de los Puyo Sun en el campo.
Wacky Races (USA) (Proto)	El usuario toma el papel de cobarde y de Mutley de la serie de dibujos animados de Hanna-Barbera en este título de acción con tintes de carreras superficiales. Su objetivo es completar cada curso en una posición particular, lo cual se logra ya sea esperando que los rivales sufran el daño suficiente para abandonar la carrera o infligiéndo el daño usted mismo. Tu auto está armado con una flecha de tiro hacia adelante para empalar a los autos rivales, y lidiar con los muchos peligros que te lanzan en las carreras, incluidos los cantos rodados y los conejos. Este juego nunca fue lanzado oficialmente en el Genesis.
Wacky Worlds Creativity Studio (USA)	En el título educativo Wacky Worlds Creativity Studio, los jugadores usan cualquier combinación de 40 pegatinas para colocar objetos animados en cualquiera de los 6 extravagantes entornos del mundo. Las pegatinas incluyen Sonic the Hedgehog, Tails, Ecco the Dolphin y muchos otros personajes de SEGA. Luego los jugadores pintan objetos en cualquier color que les guste. Una vez que se haya poblado el mundo loco, la música se puede componer utilizando hasta 40 pegatinas musicales en la fábrica de música de músicos robot. El juego viene incluido con el Mega Mouse y la alfombrilla de ratón.
Wani Wani World (Japan) (En)	Wani Wani World es una conversión modificada del coin-op Muelle de Berlín de Kaneko de 1991, basada en el Space Copic de 1980. Dos pequeños dinosaurios con grandes martillos, Charlie y Smiley, se abren camino a través de numerosas pantallas de plataformas y escaleras llenas de enemigos. Su único método de ataque es hacer un hoyo en el suelo, esperar que un enemigo caiga en él, y luego golpear al enemigo en la cabeza, lo que hace que el enemigo se caiga y se convierta en ítems y comida deliciosa. Hay cinco mundos, cada uno con varias pantallas y un gran jefe al final, así como un minijuego entre mundos en el que se pueden ganar objetos extra. El juego se puede jugar solo o con dos jugadores de forma cooperativa.
Wardner (USA)	Un día, la ciudad de Niknik es invadida por los secuaces de Wardner. Los secuaces de Wardner tienen el poder de convertir a todos los humanos en cristales. Una pareja de luna de miel, Dover y Mia, se pierden en las ciudades cercanas al bosque. Una de las guardias de Wardner, Terragon, los ve y decide secuestrar a Mia. Ahora depende de Dover rescatar a Mia de Wardner y sus secuaces. El juego contiene 6 etapas: la entrada al bosque, la casa de los trucos, el bosque de los muertos, el Castillo de Wardner, una torre y la sala subterránea oculta. Cada etapa es controlada por un pupilo de Wardner. Algunos de estos jefes son Emerald Dragon, Kaja y Grocko. Dover usa una bola de fuego mágica como su arma principal. Derrotar a los enemigos los convierte en dinero. Este dinero se puede usar al final de cada etapa, donde hay tiendas que venden artículos que ayudarán a Dover en su viaje. Algunos de los elementos del juego son la capa mágica, el hilo y la aguja, el reloj mágico, la flauta mágica y los zapatos de alto salto.
Warlock (USA, Europe)	Una vez cada mil años, el sol y la luna se alinean. Cuando esto sucede, el maligno envía a su único hijo, el brujo, a la tierra para recoger seis antiguas piedras rúnicas. Cuando se reúnen, las piedras rúnicas dan al poseedor el poder definitivo para deshacer la creación de la tierrs. Usando magia heredada de sus ancestros, un druida moderno debe viajar en el tiempo para impedir que el brujo encuentre todas las piedras rúnicas. Y tendrá que conseguir lo en un total de fases.
Warrior of Rome (USA)	El jugador tenía cuatro mapas (con base en Egipto) para comandar a sus tropas. Los jugadores tienen control sobre cada unidad de tropas en el Mapa de Sección. El jugador puede seleccionar seis opciones diferentes para cada unidad de la tropa, incluida la velocidad de aproximación, la retirada para permitir que la unidad recupere la fuerza o establecer trampas. Una vez que las tropas se encuentran con una unidad enemiga, aparece la pantalla de batalla que muestra un plano lateral de las tropas del jugador en combate. El jugador puede guardar el progreso de su juego o usar un sistema de contraseña al final de una etapa completada.
Warrior of Rome II (USA)	Lanzado en 1992 es la continuación directa del mismo nombre, en la cual tu misión será la de sofocar las rebeliones en Asia. El juego se puede jugar a dos jugadores a pantalla dividida, y puede jugar en 15 escenarios, ya sea cada uno individualmente o todos juntos en modo campaña.
Warsong (USA)	Warsong es el único título de una serie de famosos juegos de estrategia, conocidos como Langrisser en Japón, que alguna vez vieron un lanzamiento oficial fuera de Japón. Se encuentra en un entorno típico de fantasía medieval y presenta el combate tradicional por turnos. El jugador controla varios generales que pueden controlar hasta ocho unidades diferentes, desde soldados ordinarios y arqueros hasta criaturas más exóticas como tritones o lagartos. Los generales luchan junto a sus unidades, sin embargo son mucho más poderosos y pueden usar comandos más diversos que solo moviéndose y atacando, como recuperar una pequeña cantidad de HP o conjuros de lanzamiento. Cada unidad tiene ciertas fortalezas y debilidades; por ejemplo, los soldados son buenos contra los arqueros pero débiles contra la caballería, etc. El combate también está muy influenciado por los tipos de terreno. Cuando dos unidades participan en combate, se muestra una animación pequeña, similar a las vistas en Advance Wars o Fire Emblem.
Waterworld (USA) (Sega Channel)	Al igual que en la película del mismo nombre, el derretimiento de los casquetes polares ha creado un mundo inundado. Peor aún, es un mundo en el que la ley y el orden se han roto, donde las bandas de mercenarios y tribus están constantemente atacándose. Como líder de un grupo de supervivientes, debes completar 22 misiones de estrategia en tiempo real. Algunas misiones son de ataque, y algunas son puramente defensivas. Lanzallamas, cócteles molotov y ballestas están entre las 17 armas destacadas. Robar armamento y mejorar las defensas de tu fortaleza será fundamental para sobrevivir. La gestión de los recursos a través de las misiones es otro elemento clave. La historia se hace fluir por escenas de corte con actores de la película.
Wayne Gretzky and the NHLPA All-Stars (USA, Europe)	Uno de los muchos juegos de hockey lanzados, esta versión no solo le permite al jugador controlar a Gretzky, sino también a otros jugadores importantes de la época como Mario Lemieux, Eric Lindros, Mark Messier entre muchos otros, 600 en total. También presenta los 26 equipos de la NHL en ese momento, así como 6 equipos internacionales para elegir. La jugabilidad es similar a muchos otros juegos de hockey con los modos estándar, como Exposición, Temporada, Playoffs o incluso una opción &quot;Just Play&quot; que lleva al jugador instantáneamente a un juego aleatorio. También hay un &quot;Modo de simulación&quot; que le da al juego un auténtico sentimiento completo con penalizaciones o un &quot;Modo Arcade&quot; más orientado a la acción y con menos reglas. Una batería de respaldo mantiene un seguimiento exhaustivo de las estadísticas y también tiene una opción para dos jugadores.
Wayne's World (USA)	&quot;¡Wayne's World, Wayne's World! ¡Hora de la fiesta! ¡Excelente! ¡Woo, woo, woo!&quot; Es viernes, son las 10:30 y, como de costumbre, Wayne y Garth están presentando su programa de televisión. Primero comienzan leyendo una lista de los 10 mejores juegos que jugaron recientemente en el salón recreativo. Luego, Wayne relata cómo él y Garth fueron absorbidos repentinamente por un videojuego, y Garth fue secuestrado por el misterioso Zantar. &quot;¡Weeuuu, weeuuu, weeuuu!&quot; FLASHBACK, y ahora de repente tienes el control de Wayne, ya que debe embarcarse en una misión para salvar a su buen amigo Garth. No debe confundirse con la licencia de DOS, este Wayne's World es un juego de plataforma. Debes saltar, luchar y abrirte camino a través de 4 niveles diferentes que incluyen Kramer's Music Store, Stan Mikita's Donut Store, Gas Works y Surburbia. Usando la guitarra de Wayne como tu arma sónica, el ruido más excelente provocará la muerte de varios enemigos. ¿Vas a salvar a Garth de las malvadas garras moradas de Zantar? ¡SCHWING!
WeaponLord (USA)	Un campo de batalla bárbaro. Siete guerreros diferentes, armados con una arma única en una aventura de juegos de lucha donde chocarán y entrarán en conflicto en este juego de lucha de Namco. Su último enemigo es el misterioso Demonlord. Un pariente primitivo de la popular serie Soul Calibur, el principal reclamo a la fama de este juego es el juego de armas. El bloqueo y los combos están presentes junto con los &quot;frenesíes&quot; especiales de ataques combinados y de muerte incrementados. Los fondos están dibujados a mano y meticulosamente detallados. Cada personaje lleva consigo su propia historia entre arenas, junglas y montañas de fuego en una misión para oponerse al Demonlord.
Wheel of Fortune (USA)	Una traducción muy básica del popular juego Wheel Of Fortune, donde adivinas las letras hasta que puedas adivinar la frase. Esta versión de CGA tiene tres rondas de la rueda de la fortuna de la vieja escuela (donde los rompecabezas son simplemente &quot;Frase&quot;, &quot;Título&quot;, &quot;Persona&quot;, etc.) y luego una ronda de bonificación. Puedes competir contra 2 jugadores de computadora o hasta 3 personas pueden jugar una contra la otra.
Where in the World Is Carmen Sandiego (USA, Europe) (En,Fr,De,Es,It)	Comienzas como un detective novato cuyo trabajo es rastrear una cosecha de ladrones que roban los tesoros más preciados del mundo. Después de cada sesión informativa, se le dará una fecha límite para capturar al ladrón que robó el artefacto utilizando pistas relacionadas con su conocimiento de la geografía. Remake del original Where in the World is Carmen Sandiego ?. Cuenta con gráficos VGA mejorados, efectos de sonido y compatibilidad con joystick.
Where in Time Is Carmen Sandiego (USA, Europe) (En,Fr,De,Es,It)	Carmen Sandiego y su pandilla están sueltas una vez más, ¡y es el trabajo de los jugadores capturarla! Esta vez, el jugador no solo tiene que encontrar dónde está, sino también cuándo está. Al viajar a varios lugares, necesitan reunir pistas interrogando a los testigos y buscando lugares para acercarse y capturar a Carmen Sandiego. Incluido con el juego está The New America Desk Encyclopedia para ayudar a que las pistas sean más significativas (¡y actúa como una forma de protección contra copia!).
Whip Rush (USA)	Whip Rush es un tirador de desplazamiento lateral (con ciertos descensos y ascensos de desplazamiento vertical) similar a Gaiares y R-Type. Empiezas con 3, 4 o 6 naves dependiendo del nivel de dificultad que elijas. Además de moverse y disparar, tu nave tiene Power Claws que puedes girar y extender con propósitos ofensivos y defensivos. Los Power Claws se pueden equipar hasta con dos unidades y pueden disparar balas. Las armas actualizables son Laser, Missile, Fireball y Power Claw. El láser solo dispara hacia adelante, pero es rápido y fuerte, los misiles pueden disparar hacia adelante y hacia atrás y cuando se dispara desde el Power Claw se enfrentarán a los enemigos. Las bolas de fuego disparan en la dirección opuesta al viaje de tus naves. A diferencia de la mayoría de los otros juegos, tu nave tiene velocidad variable, lo que es útil cuando se trata de sortear diferentes tipos de obstáculos y enemigos.
WildSnake (USA) (Proto 2)	Ambas versiones de Sega Mega Drive y Sega Game Gear de WildSnake se anunciaron para su lanzamiento, pero ambas fueron canceladas por razones desconocidas. Los prototipos de ambos han surgido desde entonces. El creador de Tetris, Alexey Pajitnov, dio su nombre al juego publicitario, sin embargo, Pajitnov no participó en su desarrollo.
Williams Arcade's Greatest Hits (USA)	Una colección de cinco juegos clásicos de arcade lanzados por Williams. Los juegos incluidos son: Defender, Defender II (Stargate), Joust, Robotron 2084 y Sinistar
Wimbledon Championship Tennis (USA)	El más antiguo de los cuatro torneos de Grand Slam, celebrado en Londres sobre hierba cada mes de julio, es la base de este juego de tenis. La pelota sale de la superficie de hierba rápida y lentamente, lo que refleja la reputación de la superficie de proporcionar el tenis más emocionante. Se ve en la perspectiva típica de tercera persona, aunque con un efecto 3D bastante distinto y con sombras. Puedes jugar partidas estándar de 1 o 2 jugadores, o jugar el torneo completo desde las etapas de cuartos de final en adelante. Puede jugar tiros estándar, como lobs y drop shots, y se ofrecen reglas de servicio completo. Puedes seleccionar tu personaje y desarrollar sus habilidades a medida que avanza el juego.
Winter Challenge (World) (Evercade)	Un juego de Olimpiadas que simula competiciones comunes de juegos de invierno: Downhill, Giant Slalom, Luge, 2-men Bobsled, Ski Jump, Cross Country, Biatlón y Speed Skating. El juego presenta un motor 3D básico que permite simular pendientes con facilidad, lo que mejora la jugabilidad de algunos eventos, como el descenso. El juego, como se espera de un juego de deportes de invierno, depende de encontrar las trayectorias más rápidas en la mayoría de los eventos (descenso, eslalon gigante, luge y bobsled), marcando la carrera correctamente (cross country y biatlón), habilidad y tiempo (esquí de salto), con maceración de botones reservada para solo uno (patinaje de velocidad). El jugador (hasta diez) puede seleccionar su (y la) cara y nacionalidad del competidor de una de las 16 opciones posibles, y también puede seleccionar diferentes niveles de dificultad.
Winter Olympic Games (USA) (En,Fr,De,Es,It,Pt,Sv,No)	Esta es la licencia oficial del torneo de los Juegos Olímpicos de Invierno en 1994 en Lillehammer, Noruega. Puedes practicar en cualquier evento antes del torneo. El juego ofrece dos modos: Full Olympics y Mini Olympics, que varían en la cantidad de eventos. Incluye 5 tipos diferentes de deportes: biatlón, esquí alpino (descenso, slalom, slalom gigante y Super-G), saltos de esquí (90 m, 120 m), bobsleigh (2/4 men bob, 1/2 men luge) y patinaje (eliminación, persecución, contrarreloj). Los eventos usan vistas 3D
Wiz 'N' Liz (USA)	Wiz 'n' Liz son magos. Viven en el planeta Pum y elaboran pociones y conjuros. También tienen wabbits, muchos wabbits. Un día, un brebaje salió mal y enviaron a todos los wabbits a partes distantes de Pum. Wiz 'n' Liz se fueron a buscarlos. Atrapa todos los wabbits en toneladas de niveles en varios niveles de dificultad. Crea palabras mágicas y mezcla ingredientes para vidas extra, niveles de bonificación y otras sorpresas. Cuenta con un sistema de guardado de contraseña para que pueda despegar donde lo dejó.
Wolfchild (USA)	El Dr. Kal Morrow, experto en investigación genética y creación de híbridos humano-animal, ha sido secuestrado y su familia brutalmente asesinada por la organización terrorista CHIMERA. Su hijo sobreviviente, Saúl, se encarga de vengar a su familia. Usando la investigación de su padre, se convierte en un hombre-lobo y se dispone a encontrar la base de CHIMERA y derrotar a su líder Karl Draxx. Como Saúl, es tu trabajo atravesar cinco áreas diferentes en tu camino hacia Draxx. Cuando Saul recolecta suficientes poderes, se convierte en su forma de lobo y obtiene un ataque especial de disparo psíquico, que puede mejorarse mediante la recopilación de poderes adicionales. Sin embargo, si Saúl pierde la salud, vuelve a su forma humana y solo tiene los puños para luchar contra los numerosos enemigos.
Wolverine - Adamantium Rage (USA, Europe)	Wolverine : Adamantium Rage es un juego de acción / plataformas. La historia transcurre mientras Wolverine está en busca de su pasado y es localizado por un personaje misterioso, pidiéndole que vaya a Canadá. Cada nivel del juego desvelará algo sobre la verdadera identidad de nuestro héroe. Tendremos varios movimientos para deshacernos de nuestros enemigos, como subir por las paredes gracias a las garras.
Wonder Boy III - Monster Lair (Japan, Europe) (En)	Wonder Boy III: Monster Lair es un juego bastante diferente a la mayoría de los juegos de la serie Wonder Boy. Usted interpreta a un tipo de pelo verde que debe atacar a los invasores que intentan recolectar armas y usarlas para destruir la tierra. El juego comienza como un simple juego de plataformas, pero es justo cuando Wonder Boy entra en escena y el juego se transforma en shoot 'em up, básicamente el juego consiste en escenas de acción y disparos. En las escenas de acción, tu vitalidad disminuye a medida que avanzas hacia el cráneo, pero esto puede restaurarse recogiendo fruta. Se puede recoger una amplia variedad de armas, y no solo te permiten usar las armas durante un tiempo limitado, sino que también aumentan tu vitalidad. En las escenas del tirador, montas en tu amigo rosa mientras avanzas por la escena. Aquí, su vitalidad permanece estática a menos que sea golpeado por un enemigo que pasa. Como de costumbre, hay un jefe esperándote al final del cual debes vencer. Cada jefe cambia de color para mostrar cuánto daño se le ha hecho. Tienes que derrotar a algunos jefes en dos etapas. Si tu vitalidad baja en cada escena, perderás una vida. También puedes elegir que Wonder Girl te acompañe, ya que dos jugadores pueden jugar el juego.
Wonder Boy in Monster World (USA, Europe)	&quot;Monster World fue una vez una región pacífica. Luego, la paz fue destrozada por un ejército invasor de monstruos. Un joven llamado Shion juró derrotarlos y volver a hacer que sus tierras fueran pacíficas&quot;. Wonder Boy In Monster World te permite controlar a Shion en su misión por salvar a Monster World de las malvadas manos de BioMeka. Se controla como un juego de plataforma estándar: correr, saltar y matar enemigos. El juego está lleno de elementos de rol, como hablar con la gente de la ciudad, recolectar dinero para comprar artículos, mejorar tu vida y equipar una variedad de armaduras y armas, manteniéndose muy cerca del &quot;formato Zelda&quot;. Puedes guardar tu juego para continuar tu búsqueda en otro momento. Wonder Boy In Monster World es el tercer juego de la serie spin-off de Monster World. En Japón, el juego se llama Wonder Boy 5: Monster World 3.
World Championship Soccer (Japan, USA) (En)	Este juego de fútbol te permite elegir un equipo que represente a uno de los veinticuatro países del mundo para participar en el torneo del Campeonato Mundial. Esto es idéntico al verdadero Mundial de 1990. Una vez que eliges tu equipo, también puedes seleccionar qué jugadores quieres en el campo, para que puedas completar las fortalezas y debilidades del equipo. También se proporcionan modos para partidos de exhibición individuales, ya sea contra la computadora o contra un amigo. La acción se ve desde arriba con sprites de jugadores grandes. El juego violento se recomienda ya que no hay tiros libres. Mientras que los juegos deportivos posteriores a menudo se enfocan mucho en la atención al detalle, este juego es bastante simplificado; por ejemplo, puedes controlar al jugador más cercano al balón y le faltan muchas de las reglas del fútbol, como banderas de penalización y fuera de lugar
World Championship Soccer II (USA)	World Championship Soccer II es una actualización del primer juego con gráficos mejorados. Contiene los equipos del juego anterior, pero agrega los equipos de la Copa Mundial de 1994 para usar en exhibiciones y juegos de torneos. También cuenta con ocho equipos de las Copas Mundiales de 1986 y 1990, más formaciones y opciones de estrategia, y una opción de juego de cuatro vías para que cuatro personas puedan jugar juntas. No tiene el logotipo o la licencia de la FIFA y es más un juego de fútbol violento sin tarjetas amarillas ni penalizaciones.
World Class Leaderboard Golf (USA)	Antes de la serie long-running Links, Access produjo el linaje de Leader Board, que concluye aquí. El viento, el chasquido y la potencia son las principales consideraciones al esquivar los bunkers, el agua y el rough, lo que hace que los recorridos sean más complejos que las versiones de 8 bits del original. Se proporciona un editor de curso. Los cursos ofrecidos incluyen cursos reales como St. Andrews, un diseño de ficción como The Gauntlet, que como su nombre indica está diseñado para llevar tus habilidades al máximo.
World Cup USA 94 (USA, Europe, Korea) (En,Fr,De,Es,It,Nl,Pt,Sv)	Para la tercera Copa del Mundo en sucesión, US Gold tenía la licencia para producir el juego oficial. Le confiaron a Tiertex la tarea, que produjo un juego de arriba hacia abajo recreando todo el torneo. Además de los 24 equipos que se clasificaron para el torneo, otras naciones futbolísticas importantes como Inglaterra, Francia y Dinamarca podrían ser reclutadas. La presentación de los menús se basa en gran medida en iconos, con la mascota oficial destacada. El abordaje es difícil y el pase es fácil, lo que lo convierte en un estilo de juego fluido de extremo a extremo.
World Heroes (USA)	Una entidad alienígena conocida como Geegus amenaza la Tierra en el año 3091. Como todas las fuerzas de la Tierra han sido derrotadas, un científico utiliza su máquina del tiempo recientemente construida para encontrar a los mejores luchadores de diferentes épocas para competir contra Geegus. Presentando un elenco de personajes que van desde ninjas hasta un supersoldado cibernético, lucharás en tu camino a través de enfrentamientos de ida y vuelta individuales o enfrentarás a un oponente en un combate a muerte, donde las paredes con púas y las minas terrestres se suman al peligro.
World of Illusion Starring Mickey Mouse and Donald Duck (USA, Korea) (En)	World of Illusion es una especie de secuela de Castle of Illusion. Mickey Mouse y Donald Duck son llevados a un mundo mágico y tienen que volver a casa. Para hacer eso, pueden hacer trucos mágicos e interactuar entre sí en un modo de 2 jugadores. Al igual que otros juegos de Disney para las consolas SEGA de la misma época, el juego tiene gráficos de dibujos animados y se juega como una plataforma de desplazamiento lateral.
World Series Baseball '95 (USA)	Una actualización estándar del juego anterior, World Series Baseball, la edición de 1995 presenta listas actualizadas con 700 jugadores. Los 28 equipos están presentes y los estadios en los que juegan muestran jugadores y animaciones digitalizados. El juego es compatible con la batería de respaldo y la capacidad de jugar como leyendas como Dizzy Dean, Lou Gehrig y Ty Cobb.
World Series Baseball '96 (USA)	World Series Baseball '96 es una continuación de los dos juegos anteriores de Genesis en la serie con las listas y estadísticas de la temporada de MLB de 1995, así como el calendario para la temporada de 1996. Tiene todos los 700 jugadores y 28 equipos y estadios. Los tipos de juego incluyen Exposición, Liga, Playoffs, Práctica de bateo, Homerun Derby y Classic Homerun Derby. También existe la posibilidad de jugar un Juego de Estrellas. El comercio se puede habilitar o deshabilitar y las opciones de duración de la temporada son 13, 26, 52, 104 y 162.
World Series Baseball (USA)	World Series Baseball es el primer juego de la larga serie de SEGA. Con los 28 equipos, presentó el nuevo alineamiento de 6 divisiones y tenía 700 jugadores. Tiene una característica jugada por jugada, el Home Run Derby y los jugadores pueden jugar una temporada de 162 juegos y pueden mantener estadísticas completas para cada jugador, gracias a una batería de respaldo. También permite a los jugadores usar la vista en perspectiva en primera persona del cuadro de bateo.
World Series Baseball 98 (USA)	World Series Baseball 98 es el cuarto juego de Genesis en la serie de béisbol. Esta entrada tiene las listas y las estadísticas de la temporada de MLB de 1997 (incluido el juego de interligas), así como las estadísticas actualizadas de la temporada 1996 presentadas en el juego anterior. Una vez más, se presentan los 28 equipos. Los tipos de juego son idénticos a los anteriores: Exposición, Liga, Playoffs, Práctica de bateo, Homerun Derby y Classic Homerun Derby, junto con los juegos de las estrellas. El comercio puede ser habilitado o deshabilitado. La jugabilidad y las imágenes son idénticas al juego anterior. Una nueva característica es que las estadísticas se rastrean a través de 27 categorías y, junto con el progreso general en una liga, por ejemplo, los líderes de la liga, los líderes del equipo, las estadísticas del equipo y las clasificaciones del equipo se guardan en la batería del cartucho.
World Trophy Soccer (World) (Evercade)	European Club Soccer llega a Sega Mega Drive y con ella el entusiasmo del Gran Partido en el deporte favorito de Europa. Juega con más de 170 equipos de todo el mundo y compite por la Super Copa, ¡el premio más importante y exclusivo de European Club Soccer!
Worms (World) (Evercade)	Worms es un juego de estrategia por turnos. Se compone de hasta 4 equipos de 4 gusanos, cuyo objetivo es destruir a los demás en un terreno generado. Cada gusano tiene 100 puntos de vida y muere cuando sus puntos de vida bajan a 0. Al morir, un gusano explota, causando daño a todos los que están a su alrededor.
Wrestle War (Japan, Europe) (En)	Caídas de cuerpo a cuerpo y lanzamientos por detrás, lazos y llaves en la lona: ¡Forma parte de la acción con esta guerra de lucha libre de SEGA! Wrestle War es un port del juego de arcade del mismo nombre. Debes elegir un luchador novato, Bruce Blade, en una serie de combates para ganar el campeonato. No hay licencia Usted lucha en la &quot;Alianza de lucha de Sega&quot;. Sin embargo, muchos de los personajes tienen un gran parecido con luchadores populares o personajes de películas. El anillo está hecho en pseudo 3D. Los gráficos son sprites, pero puedes moverte a lo largo de los ejes Z y X, y el anillo girará instantáneamente 90 grados para obtener una mejor visión de la acción si estás bloqueado. Tus movimientos disponibles son golpe, patada y agarre. Debes tratar de desgastar la barra de vida de tu oponente y luego inmovilizarlos.
WWF RAW (World)	WWF Raw es un juego de lucha profesional que presenta a 10 superestrellas de la World Wrestling Federation. Los luchadores entre los que puede elegir incluyen Bret &quot;Hit Man&quot; Hart, Bam Bam Bigelow, 1-2-3 Kid, Diesel, Doink, Lex Luger, Luna Vachon, Owen Hart, Razor Ramon, Shawn Michaels, Undertaker y Yokozuna. En este juego, intentas inmovilizar a tu oponente al tapete reduciendo su medidor de potencia hasta que ya no pueda pelear más. Hay una gran cantidad de movimientos para realizar, incluyendo maniobras de tensores y actos &quot;ilegales&quot;, como golpear a tu oponente con una silla plegable de metal. Este juego admite hasta 4 jugadores simultáneos y tiene los siguientes modos de juego: One-on-One, Tag Team, Bedlam, Survivor Series, Royal Rumble, Raw Endurance Match y Rematch.
WWF Royal Rumble (World)	Controla a una de las doce estrellas de la World Wrestling Federation en una &quot;pelea prohibida&quot;: en otras palabras, haz los movimientos que quieras, desde las presas de los estranguladores, los propulsores e incluso los puntapiés de las sillas, hasta que tu oponente sea noqueado. Incluso puedes salir del ring si quieres. Hay varios modos de juego disponibles, incluido uno a uno, equipo de etiqueta (dos contra dos) y equipo de etiqueta tres contra tres. Puedes jugar como los siguientes luchadores de WWF: Bret Hart, Razor Ramon, Randy Savage, Shawn Michaels, The Undertaker, Tatanka, Mr. Perfect, Crush, Ric Flair, Yokozuna, Ted Dibiase y Lex Luger.
WWF Super WrestleMania (USA, Europe)	Este fue el primer juego con licencia de WWF para las consolas. Tiene varios modos de juego, como el uno-a-uno, equipos, y los combates de la serie de Supervivencia. Podíamos elegir entre Hulk Hogan, Papa Shango, Ultimate Warrior, Macho Man, British Bulldog, IRS, Ted Dibiase, Shawn Michaels.
WWF WrestleMania - The Arcade Game (USA, Europe)	WWF Wrestlemania: el juego Arcade fusiona las personalidades y la acción de los populares personajes del programa de televisión WWF con un juego de lucha estilo Mortal Kombat. Este título presenta gráficos digitalizados de 8 superestrellas de WWF: Doink, Razor Ramon, Bret &quot;Hit Man&quot; Hart, Shawn Michaels, The Undertaker, Yokozuna, Bam Bam Bigelow y Lex Luger. Aunque es un título de lucha libre, este juego está estructurado como un juego de peleas uno a uno. Es muy rápido, y cuenta con movimientos especiales locos. Además, cada partido se divide en una serie de rondas, muy parecido a un juego de lucha. En lugar de que cada ronda termine en un KO, cada ronda simplemente termina cuando obligas al otro luchador a caer al reducir su medidor de energía. Los modos de juego incluyen modo arcade para un solo jugador, modo torneo y modo vs para el modo multijugador 1 contra 1.
X-Men (USA)	Este es un juego exclusivo de Genesis basado en el muy popular equipo de héroes de los cómics. La Sala de Danger del Profesor X es una instalación de entrenamiento que puede recrear completamente entornos en los que los X-Men pueden practicar sus poderes. Es como la holocubierta de Star Trek. Un día, la sala de peligro comienza a volverse loca y carga aleatoriamente simulaciones peligrosas. Resulta que Magneto ha cargado un virus en la computadora de Danger Room, y ahora los X-Men tienen que detenerlo. En este juego de acción de desplazamiento lateral, puedes controlar a uno de los 4 personajes jugables: Gambit, Nightcrawler, Wolverine o Cyclops. Además, puedes llamar a otros 4 X-Men cuando sea necesario.
X-Men 2 - Clone Wars (USA, Europe)	Segundo juego de X-Men de Sega para la MegaDrive. Esta vez, una fuerza alienígena conocida como la Falange trata de controlar la Tierra. Los X-Men son nuestra única esperanza para detener esta amenaza. En esta ocasión, podrás elegir entre más personajes: Bestia, Gambito, El Rondador Nocturno, Psylocke, Lobezno, Cíclope y Magneto.
X-Perts (USA)	X-Perts es un juego de acción cuya historia tiene lugar laboratorio futurista llamado AQUA ubicado en el interior de un submarino de investigación, el cual ha sido asediado por los terroristas. Podemos controlar 3 personajes, cada uno con movimientos de lucha únicos y habilidades específicas.
XDR - X-Dazedly-Ray (Japan) (En)	XDR es un shooter de desplazamiento horizontal en el molde de Gradius, con armas mejorables y seis etapas de acción de disparo. El juego presenta un vago tema de ciencia ficción e incluye seis etapas con un jefe al final de cada una. Hay tres configuraciones de dificultad.
Xenon 2 - Megablast (World) (Evercade)	Xenon 2: Megablast es un shooter espacial de desplazamiento vertical, en el que debes pasar varios niveles, lleno de oleadas de enemigos, que terminan con una criatura jefe de nivel. Cada grupo de enemigos que destruyas te otorga una recompensa en efectivo y de vez en cuando entras en Colin's Bargain Basement, donde puedes usar este efectivo para comprar mejoras para tu nave como mejores armas, mejoras de velocidad y de salud, etc. Algunas mejoras también pueden ser recogidas durante los niveles. La primera parte del juego tiene un entorno orgánico, mientras que la segunda parte del juego presenta enemigos mecánicos. Como hay algunas secciones laberínticas con callejones sin salida en el juego, tu nave espacial se desplaza hacia atrás cuando sigues presionando la tecla hacia abajo. Un juego típico de Bitmap Brothers smash, el juego también es famoso por su banda sonora del grupo británico de música electrónica Bomb The Bass.
Yogi Bear - Cartoon Capers (Europe)	Cuando Yogi Bear descubre un plan para convertir Jellystone Park en una planta química, se embarca en una misión para detenerlo. Juega como Yogui en esta acción / aventura de desplazamiento lateral que es apta para todas las edades. Ábrete camino a través de las cinco áreas del parque recolectando canastas &quot;Pic-i-nic&quot; rebotando encima de ellas. En muchos casos, rebotas de una canasta a la siguiente y te elevas al aire donde ningún &quot;oso promedio&quot; podría llegar. Hay una variedad de enemigos como comadrejas y zorrillos. También hay algunas partes de acción en las que montas en un carro de mina o vas a &quot;castorsurfear&quot;.
Ys III (USA)	El viejo amigo de Adol, Dogi, desea regresar a su ciudad natal de Redmont luego de enterarse de los extraños disturbios que están ocurriendo allí. Siempre en busca de una aventura, Adol se une a él y pronto descubre la causa de este nuevo mal. Ys III se separa del sistema de batalla &quot;chocar con los enemigos&quot; de los primeros dos juegos y permite a Adol controlar su espada en varias direcciones. Además de cambiar el sistema de batalla, ahora el juego se desplaza lateralmente en lugar de la vista descendente anterior de los juegos. Adol ahora también tiene la habilidad de saltar. No es nuevo en la serie el uso de anillos mágicos que le otorgan a Adol diferentes habilidades como curación y protección. El juego también utiliza varios elementos clave encontrados en el camino para resolver pequeños acertijos y avanzar en la historia.
Yu Yu Hakusho - Makyou Toitsusen (Japan)	Lucha al lado de los famosos personajes de la televisión y derrota a todos los que se interpongan en tu camino. Yu Yu Hakusho: Sunset Fighters es un juego de lucha (en la vena de Street Fighter II) basado en el anime Yu Yu Hakusho. Los once personajes están disponibles: Sensui, Jin, Itsuki, Genkai, Kuwabara, Yusuke, Kurama, Hiei, Chu y los Hermanos Toguro. Cuatro jugadores pueden elegir entre tres modos de juego: Eliminación, Entrenamiento y Competición. El modo de eliminación es un juego de estilo arcade tradicional, en el que un solo jugador lucha contra los oponentes del ordenador uno por uno, en partidas de una ronda. El modo de entrenamiento permite a los jugadores entrenar en tres modos: Royal Battle (una ronda gratis para todos los partidas, con hasta 4 luchadores, controlados por los jugadores o por el ordenador), Tag Match (juego de dobles, controlado por los jugadores o por el ordenador) y un modo de entrenamiento libre, sin límite de tiempo. Los jugadores también pueden seleccionar el escenario para entrenar. El modo de competición se puede jugar en modo individual o doble. Ocho luchadores compiten en un torneo de eliminación. Los jugadores tienen la opción de ver las peleas entre los luchadores controlados por el ordenador. En lo que se refiere al juego, cada personaje tiene un puñetazo y patada. También pueden saltar, esquivar, correr hacia adelante, atrás y mover hacia arriba o hacia abajo en el ring (como en Samurai Shodown). También tienen golpes especiales, liberados por ciertas combinaciones de movimientos y botones.
Yu Yu Hakusho Gaiden (Japan)	Basado en la serie manga / animé Yu Yu Hakusho. Esta es la historia de un adolescente delincuente Yuusuke Urameshi, que fue atropellado por un automóvil cuando intentaba salvar a un niño. Sin embargo, no se encontró ningún lugar para él ni en el paraíso ni en el infierno, y Koenma, el hijo del dios de la muerte Enma, lo envía de vuelta a nuestro mundo, donde tiene que ser un &quot;detective oculto&quot; y luchar contra los demonios. Varios personajes se unen a él en su búsqueda: Kazuma Kuwabara, su ex rival y mejor amigo; Kurama, un zorro demonio de 1400 años de edad; y Hiei, anteriormente un demonio que intentó conquistar el mundo y tuvo que arrepentirse por sus pecados ayudando a Yuusuke. Debes jugar los capítulos individuales de los cuatro personajes jugables (Yuusuke, Kuwabara, Kurama y Hiei), hasta que en el capítulo final los controles a todos en la última confrontación contra las fuerzas del mal. El juego es una aventura de estilo japonés (sin acertijos, interfaz basada en menús) con la adición de batallas. Las batallas son en tiempo real; de manera similar a los juegos de lucha, puedes patear, golpear, defender y usar técnicas especiales. A diferencia de la mayoría de las aventuras japonesas, ves el mundo del juego desde una perspectiva de tercera persona similar a los juegos de plataforma (aunque no puedes moverte físicamente en el modo aventura).
Zan - Yasha Enbukyoku (Japan)	Zan: Yasha Enbukyoku es un juego de estrategia por turnos ambientado en el Japón feudal. El fondo de los eventos del juego es la batalla en curso entre guerreros nobles, conocidos como yasha, y demonios. Entre los dos está la &quot;gente del medio&quot;, es decir, otros generales y gobernantes japoneses. El jugador puede elegir jugar como ejército yasha, demoníaco o &quot;medio&quot;. El jugador tiene que administrar su ejército, desplegar unidades de protección y ataque, así como negociar con otros gobernantes. Eventos como terremotos, plagas, etc. ocurren al azar. La diplomacia no siempre funciona, por lo que las batallas contra los ejércitos enemigos ocupan una gran parte del juego. Las batallas son algo similares a las de los juegos de rol por turnos (aunque el juego no tiene elementos de rol). El jugador elige comandos de un menú, como ataque, uso de magia, uso de técnica especial, uso de una formación de batalla, etc. no hay movimiento activo durante las batallas. El resultado de la batalla depende de los comandos elegidos, así como de la fuerza de las unidades.
Zany Golf (USA, Europe)	Al comienzo del primer hoyo, todos los jugadores reciben cinco golpes. Al completar cada hoyo, a los jugadores restantes se les dan más golpes iguales al par del siguiente hoyo. Si un jugador se queda sin golpes, él o ella queda eliminado y los otros jugadores pueden continuar. El juego termina cuando se eliminan todos los jugadores o cuando se completa el último hoyo, y se muestra el cuadro de puntajes.
Zero the Kamikaze Squirrel (USA)	Un spin-off de los juegos de Aero the Acrobat, Zero the Kamikaze Squirrel es un juego de plataformas exagerado que se parece mucho a Sonic the Hedgehog. En los juegos de Aero the Acrobat, Zero es uno de los villanos. Sin embargo, esta vez, Zero está luchando para salvar a su patria de un malvado leñador.
Zero Tolerance (World) (Switch)	La estación espacial Europa-1 ha sido invadida por extraterrestres. Durante una de las peleas, el sistema de enfriamiento nuclear se dañó, lo que provocó una fusión en pocas horas. Su misión, como equipo de cinco de las personas más duras del Cuerpo, es infiltrarse y ganar el control de Europa-1. Debes barrer toda la estación llena de alienígenas. Uno de los pocos shooters en primera persona en esta consola. Se requiere que mates a cada uno de los alienígenas en cada uno de los niveles (de ahí el nombre). Los cinco miembros de tu equipo, que tienen diferentes habilidades, comienzan con diferentes armas, son tus cinco posibilidades de ver esto. Esto agrega un nivel de estrategia al juego.
Zero Tolerance Underground (World) (Proto) (Switch)	Zero Tolerance sitúa a los jugadores en un futuro distante donde el universo debe enfrentarse a una invasión alienígena. Es entonces cuando el equipo Zero Tolerance es convocado para proteger a la humanidad del enemigo. El nombre Zero Tolerance hace referencia a un escuadrón de élite especialmente entrenado compuesto por cinco miembros disponibles para elegir al comienzo del juego, cada uno con sus propias armas y habilidades únicas que cambian por completo la forma de jugar los niveles. **Zero Tolerance Underground** es una nueva expansión de nueve niveles del juego original, con mapas originalmente pensados para una versión cancelada de Sega CD.
Zero Wing (World) (Retro-Bit)	Zero Wing es un juego de disparos horizontal donde el jugador tiene el control de un ZIG, una cápsula de escape liberada después de que su nave principal fue atacada y destruida por el malvado cyborg CATS, empeñado en dominar el mundo. Al igual que la mayoría de los juegos del género, hay tres armas codificadas por colores: rojo (dispersión), verde (orientación) y azul (láser). Cada arma tiene tres niveles de potencia, y para obtenerlas, las actualizaciones similares se deben recopilar secuencialmente. Sin embargo, lo que hace que el juego sea único es la capacidad de usar un rayo de tracción para atrapar a un enemigo y luego lanzarlo contra sus compañeros, destruyéndolos.
Zombie High (USA) (Proto)	Zombie High es un juego de desplazamiento lateral inédito para Sega Mega Drive de Electronic Arts. Fue cancelado por razones desconocidas, pero un prototipo inicial ha sido dumpeado. Parte de la música en el prototipo se usó en Crüe Ball.
Zombies Ate My Neighbors (USA)	Los protagonistas del juego son dos hermanos, Zeke y Julie, que tienen que desplazarse por varios escenarios donde deberán salvar a diferentes personas del ataque de monstruos de diversos tipos y cada cual con distintas características y formas de ser eliminados. Hay un nutrido arsenal de armas disponibles y artículos secundarios que pueden recogerse durante el juego. Se deben superar 48 niveles y en estos no es necesario salvar a todos, sino al menos una víctima, dejando morir a las demás, lo cual conlleva a que en el próximo nivel tu número de víctimas disminuirá y se abrirá una puerta para el siguiente nivel. Se puede entrar a niveles de bonificación si agarras el objeto del cuadro con el signo de interrogación, aunque en el bonus 3 es necesario salvar a las 10 animadoras del nivel 12 para poder acceder. Cada 4 niveles se obtiene una contraseña. En total hay 55 niveles: 48 normales, 6 de bonificación y el de crédito. Las complicaciones dependen del monstruo con el que haya que enfrentarse, los más difíciles son: El Chainsaw (Jason de Viernes 13), el bebé gigante, hombre lobo, Drácula, Frankenstein, la Nave Marciana, las Arañas Gigantes y los Snakeoids. Cada uno de estos tienen armas con las que es más fácil combatirlos, ya que todos los monstruos, menos la Masa tóxica y las Plantas venenosas pueden eliminarse con la pistola de agua, por ejemplo, los hombres lobo son más simple de eliminar con los cubiertos. El líder de estos es el Dr. Tongue, que aparece en decenas de niveles en los que al tomar una fórmula desaparece, a diferencia de los niveles 36 y 48, en ambas toma una fórmula para convertirse en una araña gigante, pero en la segunda ocasión, toma otra para convertirse en una cabeza gigante. Si se le gana en el nivel 48 se puede abrir la puerta y salvar a la animadora. Después del nivel 48 hay un nivel de créditos donde podrás salvar víctimas en las oficinas de los creadores del juego.
Zool (World) (Evercade)	Su nombre es Zool. Él es un Ninja en la dimensión 2345. En este juego de plataformas, puedes correr, saltar, escalar paredes y disparar a los enemigos. En los niveles también hay algunos potenciadores para Zool. Hay corazones que recuperan vida, bombas inteligentes, escudos, habilidades de salto más poderosas y un Zool gemelo. Este &quot;gemelo&quot; hace todos tus movimientos unos segundos después de que los haces. En las opciones puedes cambiar la dificultad y la velocidad del juego dos veces, ademas puedes cambiar la música de fondo (Rock o Funk).
Zoom! (World)	¡Zoom! es un juego de rompecabezas de estilo arcade. Su personaje Zoomer (un Pacman parecido con brazos y piernas) debe trazar el contorno de los cuadrados en el tablero para iluminarlos. Los puntos se otorgan cuando se forman cuadrados completos, aunque el juego también muestra cuántas líneas deben completarse. Se pasa al siguiente nivel cuando todos los cuadrados se han iluminado. Hay varios monstruos que intentarán atraparte, el contacto con estos te cuesta energía y finalmente una vida. También hay una serie de potenciadores que te ayudarán en tu búsqueda: llenar rápidamente las fichas que rodean la pieza extra, un salto de nivel y puntos de bonificación, por ejemplo.
Zoop (USA)	Juego de acción y rompecabezas de ritmo rápido donde el jugador elimina formas de colores que se están acercando a su alter ego, otra forma de color, antes de llegar a la cima, ala Tetris. Para eliminar las otras formas, debes apuntar tu pieza y 'disparar'. Si la forma es del mismo color que la pieza, la forma se elimina, así como todas las formas del mismo color detrás de ella, hasta que la pieza golpea una pieza de un color diferente. Si la forma es de un color diferente, o se golpea al recolectar una línea de formas similares, tu pieza intercambia colores con la forma.
