#key	synopsis
20 em 1 (Brazil)	20 en 1 es una compilación de juegos de Sega Master System que permite a los jugadores escoger entre 20 diferentes juegos. El título fue lanzado como un paquete de juegos de revisiones anteriores. En todos los juegos tienes 60 segundos para conseguir una determinada puntuación, que varía de juego en juego. En la mayoría de juegos solo dispones de los botones derecho y izquierdo, los cuales mueven al personaje su respectiva dirección, pero algunos permiten ejecutar saltos o disparo con botón 1 o 2.
A-Team Music, The (Europe) (Proto) (Sound Data)	No se trata de ningún juego, es un cartucho que sirve como test para probar los colores y los accesorios de Master System.
Ace of Aces (Europe, Brazil) (En)	Sobrevuelas Europa en tu avión. El armamento se ha elegido en función de tu misión: munición para la ametralladora, cohetes o granadas, es importante no sobrecargar el avión. Ace of Aces ofrece una amplia gama de opciones de combate en su menú. Cada uno de ellos corresponde a una técnica particular: además del combate aéreo, también hay que destruir un tren de mercancías y detener convoyes marítimos. Estas dos últimas situaciones le permiten utilizar la escotilla de liberación de bombas. Puedes navegar utilizando el mapa y tu brújula. Desgraciadamente, una vez que estás por debajo del techo de nubes, no puedes esperar ver al enemigo a través de la cabina... El tren o los barcos sólo son visibles a través de la escotilla de la aeronave, y sólo cuando se alcanza la altitud correspondiente.
Acerte o Alvo (Brazil) (Mega Drive 4)	Tu objetivo es conseguir que la pelota llegue al otro lado de la pantalla. Para esto, debes lanzar la pelota para que golpee las paredes azules y así desvíe los obstáculos. Pero ten cuidado! La pelota no puede golpear las paredes rojas, o perderás la pelota! Si pierdes todas las bolas, pierdes el juego! ¡Cuidado y buena suerte!
Action Fighter (Japan, Europe) (En)	Prepárate para desempeñar un papel como protagonista, en el increíble mundo del espionaje internacional. Recibirás cinco tareas diferentes, todas ellas llenas de acción y todo extremadamente peligroso. ¿Cuál es tu arma secreta? Un vehículo que se transforma en una docena de dispositivos letales diferentes. Tu motocicleta de alta velocidad se puede convertir en un coche personalizado y luego en un avión de reacción capaz de romper la barrera del sonido. Y todo en cuestión de segundos. ¿La prueba real? Saber cuándo usar cada arma. Porque elegir una máquina equivocada, en el momento equivocado, podrá resultar fatal.
Addams Family, The (Europe)	¡Han raptado a Morticia! El tio Fester ha perdido la memoria y está bajo el hechizo de Abigail Craven. Sólo Gómez puede levantar el dia y enfretarse al malvado Juez en un cimax de lo más grillado y fantasmal.
Aerial Assault (USA, Brazil) (En)	Es el siglo 21 y la N.A.C., un grupo terrorista temido de la galaxia, amenaza con destruir la Tierra. Han desarrollado una super arma &quot;EL&quot; capaz de destruir la capa de ozono de la Tierra. ¡Y han amenazado con usarlo! Como el mejor piloto de combate del mundo, te encuentras al mando de lo último en aviones de combate - el &quot; Freedon Figther.&quot; Armado con lo último en armas de alta tecnología. ¿Serás capaz de defender a la tierra contra la implacable N.A.C.? ¡Buena suerte!
After Burner (World)	El juego permite al jugador controlar un F-14 Tomcat que deberá destruir una serie de aviones enemigos a lo largo de 18 etapas. Al inicio del juego, el jugador despega desde un portaaviones llamado Sega Enterprise, que comparte un nombre similar a la utilizada en la película de 1986 Top Gun.
Air Rescue (Europe, Brazil) (En)	Métase con su helicóptero de rescate por pasajes subterráneos, vuele sobre ruinas en llamas y evite a sus traidores enemigos para salvar a los líderes del mundo de las manos de terroristas.
Aladdin (Europe, Brazil) (En)	Aladdin esquiva a los guardias en las calles de Agrabah, mientras intenta evitar las trampas disimuladas de la Cueva de las Maravillas y los peligros del Palacio del Sultán. Móntate en la Alfombra Mágica y cruza el imponente cielo. Luego desafía al Malvado Jafar a un duelo final de espadas y magia
Alex Kidd - High-Tech World (USA, Europe, Brazil) (En)	No todas las cosas son coser y cantar en la vida del Príncipe Heredero de Radactian. Cuando se abre la arcada del Mundo de la Alta Tecnologia, alguien del castillo rompe el mapa en ocho trozos. Pero es una arcada tan interesante que tienes que llegar a ella. ¡Es un juego emocionante para todos los muchachos como tú!
Alex Kidd - The Lost Stars (World)	¡Han robado las estrellas de los cielos del planeta Aries! Sólo una persona con sangre azul puede recuperarlas...esa es Alex Kidd. Acompáñele en un Viaje más allá del espacio, el tiempo y la imaginación para recuperar las estrellas de Aries.
Alex Kidd in Miracle World (World) (En) (Sega Ages)	Hace muchos siglos en el planeta Aries, vivía un chico llamado Alex Kidd. Durante siete años vivió en el Monte Eterno estudiando Shellcore, un arte antiguo que le hace a uno tan fuerte que puede romper rocas haciéndolas añicos. Un día, mientras abandonaba la montaña, encontró a un hombre moribundo que le dijo que la pacífica ciudad de Radaxian estaba en un grave peligro. Antes de que exhalara su último aliento, el hombre le dió a Alex un trozo de mapa y un medallón hecho de la piedra del sol. ¿Qué significa todo esto? La única forma de descubrirlo es viajando a través del Mundo Milagroso buscando las respuestas.
Alex Kidd in Shinobi World (USA, Europe, Brazil) (En)	Después de diez mil años, el una vez desaparecido Dark Ninja reaparece para realizar otro intento de conquista del Mundo Milagroso. ¡Alguien tendrá que pararle los pies de una vez para siempre! ¿Adivina quién es ese alguien, pues sí, Kidd, el príncipe que no conoce el miedo. ¡Él es el único que podrá hacerle frente!
Alf (USA)	Ayuda a ALF a intentar llegar a Marte para ver a sus amigos Skip y Rhonda! nnLa última aventura de ALF lo lleva fuera de la casa de los Tanner y le adentra en los suburbios, las profundidades de las cuevas subterráneas, el fondo del lago, e incluso la luna! nnMientras que ALF busca las piezas para construir su nave espacial, él es continuamente perseguido por el ATF (Alien Task Force) que no reparará en nada para evitar que ALF alcance su meta. Sin embargo, ALF no está completamente indefenso, ya que puede comprar y cambiar artículos que lo mantendrán lejos de sus garras.
Alien 3 (Europe, Brazil) (En)	Los Xenomorfos son rápidos, escupen ácido y estan justo ¡detrás de ti! No se tiene mucha visibilidad en estos conductos de aire. Es difícil respirar. Los estruja-caras pueden estar en cualquier parte. Debes encontrar el alien Nodriza. Cuanto más cerca estés más aliens encuentras...¡más vale que no sean ellos los que te encuentran a ti! Sigue diciéndote a ti mismo, &quot;todo esto no está pasando en realidad...¡sólo es un juego!
Alien Storm (Europe, Brazil) (En)	Los extraterrestres de forma cambiante se han hecho con la ciudad. Achicharre estas horribles criaturas y aplaste su tentativa de conquista global. ¡Entre en acción con lanzallamas, látigos eléctricos y más!
Alien Syndrome (USA, Europe, Brazil) (En)	Han llegado de más allá de las galaxias y han tomado a sus amigos como rehenes. Usted es un Soldado del Comando de Tierra. ¡Usted va a rescatarles!
Altered Beast (USA, Europe, Brazil) (En)	Eres un héroe resucitado de entre los muertos por el dios Zeus para rescatar a su hija Atenea. Con un escenario inspirado en la Antigua Grecia, debes luchar contra hordas de muertos vivientes y demonios, con un jefe al final de cada nivel hasta que te encuentres con el dios Neff, que tiene cautiva a la chica. El título Altered Beast se refiere a tus habilidades para cambiar de forma. En este juego de plataformas, puedes recolectar bolas espirituales al derrotar a los lobos de dos cabezas, lo que te permite mutar en diferentes bestias como un hombre lobo, un dragón, un tigre, un oso y otros dependiendo de la versión. Cada forma, ligada a un nivel, viene con habilidades especiales como vuelo y ataques poderosos, reemplazando fácilmente el conjunto básico de puñetazos y patadas en tu forma humana.
Andre Agassi Tennis (Europe, Brazil) (En)	El potente drive de Andre Agassi es tuyo. Conviértete en el mismo Agassi o juega contra él. Con 4 canchas, 8 jugadores de categoria, cada uno con un estilo de juego diferente, y un juez de silla que canta cada pelota, Andre Agassi Tennis es insuperable.
Arcade Smash Hits (Europe)	¡DEFIENDE ciudades de los interminables ataques nucleares en Missile Command®! ¡GOLPEA ladrillos con un bale y una pelota en Breakout®! ¡ERRADICA un montón de insectos mutantes del huerto en Centipede?! ¡Por primera vez, tres éxitos clásicos arcade del pasado aparecen juntos en un único cartucho con una jugabilidad ilimitada!
Argos no Juujiken (Japan) (En)	Un villano conocido como Ligar está a punto de conquistar la tierra de Argool. Tal es su poder que ningún ser vivo se atreve a enfrentarse a él. Pero el legendario guerrero Rygar se levanta de su tumba para restaurar la paz y la justicia. Armado con su famosa arma Diskarmor, Rygar comienza a recorrer las vastas tierras que conducen a la guarida del demonio, mientras sus secuaces tratarán detenerlo ... Rygar es un juego de acción de desplazamiento lateral. El jugador controla al héroe titular, avanzando por etapas pobladas por criaturas hostiles. Junto al Diskarmor, un arma que se parece a un escudo con una cadena unida a él, el héroe podrá usar otras armas, incluyendo proyectiles que se pueden disparar en cuatro direcciones. Varios &quot;poderes&quot; se dispersan a través de los niveles y se pueden recoger. Los efectos de estas poderes incluyen aumentar el poder de fuego del arma equipada, agregar tiempo al reloj, invisibilidad temporal, puntos extra, etc.
Ariel - The Little Mermaid (Brazil) (En)	El Rey Tritón y su hija Ariel, luchan contra los peligros de las profundidades. En el papel de Tritón rescata Ariel y destruye el camino de Ursula, la Bruja del Mar. Como Ariel lucha contra las criaturas embrujadas del mar y derrota a Ursula para salvar a Tritón y a los pobladores del mar.
Assault City (Europe, Brazil) (En) (Light Phaser)	¡Los robots se han vuelto locos! Fecha: Assault City, 2092 ¡Los robots se han amotinado! ¡El Control Central Computadorizado se encuentra en verdadero caos! ¡Los KillerBots (robots asesinos) armados se han vuelto locos y están reduciendo a los robots leales a chatarra y montones de servomotores funcionando sin control!
Asterix (Europe, Brazil) (En,Fr)	Panoramix, el Druida, cuya poción mágica ha impedido que su aldea caiga en manos de César, ¡ha sido raptado! ¡Únase a Asterix y Obelix en su intento de rescatar al druida y salvar la aldea!
Asterix and the Great Rescue (Europe, Brazil) (En,Fr,De,Es,It)	Panoramix el Druida e Idéfix han sido capturados por las malvadas fuerzas romanas. Utiliza tus pociones mágicas para ayudar a Astérix y Obélix luchar a través de 5 niveles para llegar hasta Roma y liberar a sus amiguetes de las garras del César.
Asterix and the Secret Mission (Europe, Brazil) (En,Fr,De)	Panoramix el druida se ha quedado sin poción mágica. Si se entera el César, la invasión estará asegurada. Asterix y Obelix parten para encontrar la hierbas necesarias. Una misión que les llevará por todo tipo de terrenos infectados de romanos, mares y rios, bosques y desiertos, templos y ruinas.
Astro Warrior & Pit Pot (Europe)	¡2 Super éxitos en un solo juego! nnHaz rendirse a los invasores y salva la galaxia en ASTRO WARRIOR. ¿Podrás encontrar un camino seguro a través de los mágicos laberintos en PIT POT?nn
Astro Warrior (Japan, USA, Brazil) (En)	Haga retroceder a los invasores y salve la galaxia con ASTRO WARRIOR.
Ayrton Senna's Super Monaco GP II (Europe, Brazil) (En)	¡Experimente la emocionante acción de las carreras de F-1 en los circuitos más desafiadores del mundo! Usted se encuentra al control de una máquina de precisión, listo para probar su pericia y habilidad hasta el limite a fin de ganar el primer premio: ¡La copa del campeonato!
Aztec Adventure (World)	Bienvenido al país de los antiguos Aztecs, donde el dinero habla y puede comprar a sus enemigos. Su objetivo: alcanzar el paraíso Aztec, donde le esperan !a abundancia y la felicidad.
Back to the Future Part II (Europe, Brazil) (En)	Es hora de volver... ¡El Gran Scott! Regresando del ano 2015. Doc Emmet Brown tiene malas noticias para Marty McFly... Su futuro está en peligro a menos que arregle las cosas. Guie a Marty por los cinco niveles en esta apasionante interpretación del exitazo cinematográfico ¿Puede asegurar un futuro a salvo para Marty? ¿O asegurará Biff que no existe ningún futuro?
Back to the Future Part III (Europe)	¡1885 nunca fue así! Las aventuras de Marty McFly y Doc Brown en su viaje por el tiempo incrementan su ritmo vertiginoso para esta última y más excitante parte de la trilogía de Regreso al Futuro. Perdido en Hill Valley, en medio del Lejano Oeste, usted dirige a Marty Y Doc en una frenética carrera contra el tiempo, lo cual no resulta muy fácil con Buford &quot;Mad Dog&quot; Tannen y su banda de forajidos interponiéndose en su camino.
Baku Baku (Brazil) (En)	Baku Baku Animal es una variación del tipo Tetris. El juego tiene tres modos de juego diferentes: la práctica, normal y difícil. El objetivo es emparejar cabezas de animales con sus respectivos alimentos. Si una cabeza de conejo viene cayendo, debes hacerla caer sobre un montón de tejas de zanahoria, cabezas de perro con huesos, panda con bambúes y cabezas de mono con los plátanos.
Bank Panic (Europe, Brazil) (En)	Vuelva a los comienzos de la era de colonización americana. Usted es el héroe, y su misión es proteger a los clientes que vienen a depositar dinero al banco.
Basketball Nightmare (Europe, Brazil) (En)	Eres el capitán del equipo de baloncesto de la escuela secundaria Hometown. Ya han ganado torneos e intentan conquistar el Campeonato Nacional Americano de Escuelas Secundarias. Pero una noche tuviste un sueño verdaderamente extraño...
Batman Returns (Europe, Brazil) (En)	¡Batman ha encontrado esta vez un trabajo que le sienta como anillo al dedo! ¡Existen tres problemas en la ciudad de Gotham con el Circo del Triángulo Rojo, la mujer Gata y el Pingüino diabólico en la unión que quiere tomar la ciudad! ¡Prepárese a luchar por su vida!
Battle Out Run (Europe, Brazil) (En)	¡PISE A FONDO! Y acelere en una prueba de costa a costa de resistencia, ingenio, y coordinación en este emocionante juego Out Run?. Persiga y capture a ocho de los más rápidos y peligrosos jefes del Sindicato sobre ruedas. Siéntese y tome con firmeza el volante. Y prepárese para aplastar, chocar, y abrirse el camino hacia la gloria.
Battlemaniacs (Brazil) (En)	Difícil Beat'em Up creado por Rare en el que unas ranas mutantes hiper-desarrolladas usan exagerados golpes para avanzar por diversas localizaciones, con algunas fases intermedias en el que los protagonistas usan vehículos y la mecánica de juego cambia en consonsancia para convertirse en una prueba de habilidad, reflejos y mucha paciencia dada la dificultad.
Black Belt (USA, Europe, Brazil) (En)	En este juego, encarnas a Riki. Su novia Kyoko ha sido secuestrada, y para rescatarla, deberás enfrentarte a un ejército incansable de enemigos. Estos enemigos vienen equipados con látigos, cuchillos, espadas y lanzallamas, pero Riki debe conformarse con su habilidad de experto en artes marciales. Black Belt es un juego de desplazamiento lateral dividido en siete fases. Al llegar a la mitad de la fase, te enfrentarás a un enemigo diferente que te pondrá a prueba. Al final de cada fase, deberás derrotar a varios jefes antes de pasar a la siguiente. Cada tipo de enemigo tiene sus propias fortalezas y debilidades siendo un importante elemento estratégico. Black Belt es un port de Hokuto no Ken, juego exclusivo de Japón, sin licencia y con nuevos diseños de niveles.
Blade Eagle 3-D (World)	Es una lucha a vida o muerte ... itú contra cientos de robots guerreros equipados con armas de rayos de partículas! Tu misión: Aplastar al enemigo a través de los 9 niveles del terreno más increíblemente traicionero imaginable.
BMX Trial - Alex Kidd (Japan) (En)	El trabajo de un joven Alex es pasar por una pista de obstáculos y llegar a la meta mientras otros competidores tratan de evitarlo. Usted comienza en el bosque de Blackwood, aunque podrá viajar al desierto del cactus, a los mares del sur, al río de la pirámide o incluso al planeta Radaxian, donde se encuentra la casa de Alex. Deberá saltar sobre el agua, y durante el camino, podrá obtener power-ups, tales como más energía, más tiempo, y jets que le permiten volar a través del circuito, pero sólo si realiza un wheelie podrá obtener estos power-ups.
Bolas e Cores (Brazil) (Mega Drive 4)	Recoge 2 o más burbujas del mismo color y gana puntos para pasar el escenario y ganar más tiempo. Cuánto másnnLas burbujas se unen a la vez, solo ganarán más puntos. Si el tiempo se agota y no has conseguido suficientes puntos para pasar, pierdes.
Bolhas (Brazil) (Mega Drive 4)	Añada 3 o más burbujas del mismo color para eliminarlas. En el modo normal su objetivo es evitar que las burbujas se apoyen en el lanzador. En el modo desafío tu objetivo es limpiar la pantalla antes de que el tiempo acabe.
Bombeiros (Brazil) (Mega Drive 4)	Mueve a los bomberos para rescatar a los gatitos que están saltando del edificio.
Bomber Raid (World)	¿Quién dispone de una velocidad de 6 Match, un imponente arsenal y unas ganas inaguantables de destruir carros de combate? Usted es la persona que tiene todo eso. Despegue con todo ese poder en sus manos en este extraordinario juego de bombardero.
Bonanza Bros. (Europe, Brazil) (En)	Robo y Mobo, los infames y torpes ladrones, están metidos en problemas hasta el cuello. El Jefe de Policía los ha reclutado para limpiar la ciudad. Si fallan, ¡terminarán en la cárcel!
Bonkers Wax Up! (Brazil) (En)	Bonkers : Wax Up ! Es un juego de plataformas en el que manejas al personaje de Disney Bonker. Los dibujos animados han sido convertidos en muñecos de cera, por lo que deberás encontrar las piezas necesarias para poder restablecer su apariencia normal con ayuda de la &quot;Tostadora Toon&quot;.
Bram Stoker's Dracula (Europe)	En la oscuridad de la noche acecha a sus víctimas inconscientes con la pasión de un príncipe y la elegancia de una fiera. Es el Príncipe de la Noche y ha hechizado hipnóticamente a tu encantadora Mina Murray. Tú, Jonathan Harker, tienes que clavarle una estaca a esa sanguijuela para salvar a Mina de una suerte peor que la muerte: ser una vampiresa para siempre.
Bubble Bobble (Europe, Brazil) (En)	Bubble Bobble es la historia de dos humanos, Bub y Bob, que deambulan por la misteriosa cueva de los monstruos y mágicamente se convierten en dinosaurios. La única forma de transformarse es llegar al final de la cueva ... Bubble Bobble es un juego de plataformas, con cada nivel en una sola pantalla. Los enemigos deben ser eliminados de un nivel para pasar al siguiente. Con un jugador controlando a Bub y el otro controlando a Bob, el jugador puede saltar y recoger elementos para obtener puntos. Sin embargo, el verdadero poder que tienen Bub y Bob es la capacidad de hacer burbujas. Estas burbujas pueden ser plataformas para saltar o atrapar enemigos. Los enemigos atrapados en una burbuja deben explotar saltando sobre ellos, en donde se convertirán en fruta. Además, los power-ups a veces flotan en burbujas. Incluyen relámpagos, que vuelan horizontalmente hacia los enemigos, y agua, que arrastra al jugador y a los enemigos hacia abajo, fluyendo sobre las plataformas.
Buggy Run (Europe, Brazil) (En)	Sus neumáticos se deslizan sobre la grava, costandole unos preciosos segundos. Un contrincante patina en el interior de la pista. Usted mete el turboalimentador y vuelve a ponerse en cabeza, ¿pero podrá mantenerse así? ¡Más de 25 diferentes pistas! ¡Minas y otros peligros hacen el doble de excitante! ¡Esta es la vez que mejor lo ha pasado sobre cuatro ruedas!
California Games (USA, Europe, Brazil) (En)	CALIFORNIA GAMES es un test de habilidades para uno o más jugadores, hasta un máximo de ocho. El objeto es ganar trofeos en cada prueba, aparte del trofeo por la mejor labor general. Las pruebas son varias : Half Pipe Skateboard, Foot Bag, Surfing, Skating, BMX Bike Racing, y Flying Disk. Puedes practicar o competir en una sola prueba, competir en todos, o incluso montarte una competición con las pruebas que tu quieras. Cada jugador elige un sponsor para la competición. Serás juzgado sobre cada prueba, y llevarán la cuenta de tus totales. Los trofeos son entregados a los mejores. Si consigues un nuevo récord en alguna prueba, tu nombre será grabado y mostrado en la Tabla de Honor. Intenta conseguir ser el Campeón California!
California Games II (Europe)	Ármese de valor y llegue al limite de sus posibilidades con estos innovadores deportes de acción originarios de California. Demuestre su habilidad precipitándose velozmente alrededor de la pista de skateboard. practique body boarding sobre espumosas olas, planee sobre el océano y descienda por pendientes peligrosas haciendo patinaje en nieve.
Captain Silver (USA)	En el juego Captain Silver?, usted es Jim, un valeroso joven con espíritu de aventura, a punto de emprender un viaje en pos del tesoro secreto del Capitán Silver. Se rumorea que el tesoro está oculto en una isla de los Mares Orientales. Pero el viaje es peligroso: acechan incontables monstruos y piratas. ¿Puede usted abrirse camino hasta una riqueza que supera sus más descabelladas esperanzas?
Casino Games (USA, Europe)	¿Eres lo suficientemente valiente para jugarte una fortuna a una carta? ¿Estás de suerte o quizás la suerte te ha dado la espalda? Casino Games pondrá a prueba tu suerte, tu técnica y tu valentía mientras haces tus apuestas para ganar una fortuna.
Castelo Ra-Tim-Bum (Brazil)	Pedro, Biba y Zequinha fueron a jugar en el castillo como siempre lo hacían. Una vez dentro, Zequinha fue a la cocina y vio una jarra con algún tipo de jugo en su interior. Sin pensarlo dos veces, se lo bebió, sólo para descubrir que era una de las pociones del Dr. Vitor, que lo ha convertido en un bebé una vez más! Ahora Pedro y Biba deben encontrar 4 ingredientes para hacer un antídoto para la poción. ¨Castelo Rá-Tim-Bum¨ (Castillo Ra-Tim-Bum) es un juego de acción / aventura basado en una serie brasileña educativa muy popular de TV, producida durante mediados de los 90, pero se emitió en una fecha tan tardía como lo es 2007, El jugador puede elegir jugar ya sea Pedro o Biba para buscar los ingredientes a través de cinco niveles. La principal diferencia entre los dos es que Biba es un poco más rápida que Pedro. Cada nivel implica algún plataformas y elementos menores de resolución de puzzles, como saltar sobre la secuencia correcta de plataformas, o la búsqueda de alimentos en el interior los cajones de la cocina en el orden correcto. Para entrar en cada nivel, el jugador debe elegir la puerta correcta, basándose en los consejos del portero. El jugador tiene tres vidas y una barra de salud, y continues disponibles. Todo el texto en el juego está en portugués.
Castle of Illusion Starring Mickey Mouse (USA, Europe, Brazil) (En)	¡Ha empezado la búsqueda! Mickey está iras la pista de una malvada bruja'llamada Mizrabel, que ha raptado a Minnie. Mickey tendrá que encontrar siete joyas escondidas en las cámaras fantásticas del Castillo del Engaño de Mizrabel y emplearlas para salvar a Minnie. ¿Podrá Mickey encontrarlas? ¡Todo depende de usted!
Cava-Cava (Brazil) (Mega Drive 4)	Usted debe recoger todo el dinero enterrado en su jardín y coger a los ladrones usando sus trampas! Pero cuidado con los objetos peligrosos!
Champions of Europe (Europe, Brazil) (En)	Ha llegado el momento de ser un Campeón! Juegue en contra de los mejores equipos de fútbol de Europa para 1992. Acción rápida, opciones variadas, controles por 'instinto' y superanimación hacen de CAMPEONES DE EUROPA. el juego oficial de la UEFA'92!
Championship Hockey (Europe)	Compite en un partido de hockey súper realista, con toda la frenética acción de Championship Hockey: patinaje maestro, contundentes faltas de cuerpo y fulminantes slap shots. En tu intento por ganar la Copa, tendrás que patinar bien para evitar las faltas de cuerpo de los defensas y las maniobras de despeje de los porteros.
Cheese Cat-astrophe Starring Speedy Gonzales (Europe, Brazil) (En,Fr,De,Es)	El alter ego de Sylvester, alias el Dr Cheesefinger ha sequestrado las provisiones de queso y a Carmel, la novia de Speedy Gonzales. ¿Podrá este ratón engañar al cruel gato Sylvester y salvar las provisiones de queso del pueblo?
Choplifter (USA, Europe, Brazil) (En)	Choplifter es un juego de acción / arcade de desplazamiento lateral que te pone al mando de un helicóptero de ataque. Tu misión: ir tras las líneas enemigas y rescatar hasta 16 rehenes por nivel. Sin embargo, ten cuidado, porque los tanques y los aviones enemigos intentarán detenerte, ¡y no dejarán de disparar mientras rescates a esos rehenes!
Chuck Rock (Europe, Brazil) (En)	Unga Bunga' Ophelia, la esposa de Chuck Rock, ha sido capturada por ese inservible de Gary Gritter. ¡Podrá Cnuck abrirse paso a través de las cinco fases con retos cada vez mayores, decenas de dinosaurios transtornados, y sorpresas a lo largo de todo el camino? ¿O terminará su amor finalmente convertido en polvo?
Chuck Rock II - Son of Chuck (Europe)	Dieciocho meses después de su victoria sobre Gary Gritter, Chuck Rock se ha convertido en el proprietario de la próspera 'Chuck Motors', ¡y ha tenido un hijo! Pero ahora ha sido raptado por Brick Jagger, su diabólico enemigo, y lo más probable es que éste le haga polvo a menos que alguien le rescate....¡Catacrock! ¡Es Chuck Junior, que ha salido de su parquecito! -&quot;Gu-gu, ga-ga, volveré&quot;.
Cloud Master (USA, Europe, Brazil) (En)	¡Vuelven los bandoleros sin ley! Ha llegado el momento de prenderse al pecho su estrella de plata, ceñirse su Pistola Luminosa, y restablecer la paz en las recoletas aldeas del Oeste. No será fácil... ¡porque esta vez los bandidos le buscan a usted!
Color & Switch Test (Brazil) (En) (Rev A)	No se trata de ningún juego, es un cartucho que sirve como test para probar los colores y los accesorios de Master System.
Columns (USA, Europe, Brazil) (En)	Regrese a la antigua Fenicia y acepte el reto de Columns, el juego predilecto de los antiguos mercaderes. Olvídese del tiempo y diviértase con este excelente juego de estrategia y habilidad.
Comical Machine Gun Joe (Japan) (En)	Juego que apareció originalmente en Japón como Sega Card. Es un arcade de disparo.
Cool Spot (Europe)	NO HAY MANERA! ¡Los amigos güays de los Cool SPOT están encerrados! ¡CLARO QUE HAY UNA MANERA! Los Cool SPOT están aquí para alegranos el día! Corta el rollo des maravilloso escenario, de la pasmosa animación y de los apetitosos sonidos de fondo y a jugar hombre, esto es la mar espeluznante...
Cosmic Spacehead (Europe) (En,Fr,De,Es)	¡Sumerge tus sentidos en esta gigantesca odisea extraterrestre de descubrimiento cósmico! ¡Una aventura radical, un impresionante arcade y soberbios sub-juegos se combinan en la gesta de ciencia ficción de los años cincuenta que Cosmic Spacchcad tiene que lievar a cobo para probar la existencia de la Tierra!
Creature Capture (Brazil) (Mega Drive 4)	Siete seres fueron creados por terroristas, armas mortales disfrazadas de hermosas criaturas. Ayuda al Agente Natcha a capturar a todos ellos. Para capturar los peligrosos seres junte los iguales en grupos de 3 o más efectuando intercambios entre seres vecinos. En cada fase se debe capturar un número específico de seres iguales
Cyber Shinobi, The (Europe, Brazil) (En)	¡Cyber Shinobi ha vuelto! ¡Y están robando plutonio de todas las plantas de energía atómica del mundo! Todas las naciones enviaron sus mejores fuerzas para tratar de poner fin a esta desastrosa situación, pero ninguna lo logró. El único que puedo enfrentarse al desafío es un bravo guerrero ? Joe Musashi. ¡Conviértase en Joe Musashi y salve nuestro hermoso planeta de la destrucción!
Cyborg Hunter (USA, Europe, Brazil) (En)	Usted es el cazador de recompensas más astuto de la galaxia. En las profundidades de la fortaleza del enemigo tiene en sus T manos su próxima recompensa. Destruya Cyborgs con su pistola. Derrote a Vipron, el vil jefe Cyborg. ¡Prepárese usted para obtener una explosiva recompensa!
Daffy Duck in Hollywood (Europe, Brazil) (En,Fr,De,Es,It)	Presentando al famosísimo Investigador Privado. Daffy Duck (Pato Lucas). Armado con tu pistola letal de burbujas, busca en los platos de Hollywood el Premio de Oro del Mundo de los Dibujos Animados, que pertenece a Sam.
Danan - The Jungle Fighter (Europe, Brazil) (En)	Danan, la criatura que fue rescatada de entre los restos de un avión accidentado por un joven nativo dei Amazonas llamado Jimba, regresa a su choza tras un día de caza y encuentra a su protector mortalmente herido. ¿Qué le ha pasado a Jimba? ¿Quién ha podido hacer tamaña barbaridad? Ayude a Danan a encontrar las respuestas. Camine sigilosamente por entre las húmedas y calurosas junglas del Amazonas, investigue según avanza y vengue la muerte de Jimba.
Dead Angle (USA, Europe, Brazil) (En)	¡Los mafiosos han raptado a tu novia! Tú eres el detective más audaz de Nueva York y te has propuesto recuperarla. Pero la mafia te está esperando con pistolas Tommy y otras sorpresas malévolas. ¿Podrás salvarla del Sueño Eterno?
Deep Duck Trouble Starring Donald Duck (Europe, Brazil) (En)	El tío Scrooge ha encontrado un collar mágico en una isla misteriosa, ¡pero el collar le ha traído una maldición! Ahora el tío Scrooge está condenado a flotar en el aire para siempre! (Naturalmente Donald siempre dijo que Scrooge no tenía dentro más que aire.) Para seguir el rumbo del tío Scrooge, Donald tendrá que devolver el collar a la isla. Pero allí le esperan muchos peligros, ¿Qué tal si le echa una mano?
Desert Speedtrap Starring Road Runner and Wile E. Coyote (Europe, Brazil) (En,Fr,De,Es,It)	Road Runner es un pájaro que vive a su aire. Corriendo caminos y pensando en sus cosas. Pero Wile E. Coyote, el viejo enemigo de Road Runner, ha decidido que tiene ganas de comerse a Road Runner a la plancha. Wile E. hará lo imposible para cenarse a Road Runner, pero con un poco de suerte (y un poco de ayuda por su parte) ¡Road Runner podrá burlar al astuto coyote!
Desert Strike (Europe) (En,Fr,De,Es)	La simulación de helicópteros número uno ¡Ahora para tu Master System! Pilota tu helicóptero AH-64 Apache a través de la excitante acoon en 27 misiones. Destruye scuds, tanques, reactores nucleares y rescata a personas clave en esta prueba de velocidad y destreza a tope.
Dick Tracy (USA, Europe, Brazil) (En)	Dick Tracy, el legendario héroe de los tebeos americanos, ha vuelto mucho mejor preparado que antes. En las calles de la ciudad impera la confusión ? &quot;Bíg Boy&quot; Caprice y sus asesinos se han apoderado de ellas. ¿Podrá usted poner entre rejas a personajes como &quot;Lips&quot; Manlis, &quot;The Brow&quot; y &quot;Pruneface&quot; para que la gente pueda andar tranquila? El detective Tracy está esperándole para derrotar juntos a esta pandilla de desalmados.
Dinobasher Starring Bignose the Caveman (Europe) (Proto)	¡Unase a Bignose en una alocada carrera prehistórica para conseguir su cena! Coge tu garrote y hazte paso entre manadas de dinosaurios atravesando cuatro enormes islas, recolectando huesos y rocas, y comerciando con los nativos ¡Dibujos animados fantasticos, música genial, y lo que es más importante, un excelente pasatiempo!
Domino (Brazil) (Mega Drive 4)	Clásico juego de DominónnElige la dificultad y el número de adversarios Seleccione la pieza deseada si la pieza encaja en más de una posición para elegir una de ellas para dejarla en la bandeja.
Double Dragon (World)	Empleando el antiguo arte marcial del Kenpo, ábrase camino por entre la jungla urbana controlada por despiadadas bandas de facinerosos. Mantenga la guardia alta, porque lucha para salvar a su prometida y devolver a las calles la tranquilidad y el orden.
Double Hawk (Europe)	Usted controlara la acción de John y Jack, dos guerreros elegidos por las Naciones Unidas, para intentar derrotar una organización terrorista responsable de una ola de violencia mundial. Los terroristas son capaces de lanzar ataques desde el cielo, el mar. y por tierra. ¿Sera usted capaz de poner fin a este remo de terror?
Doze Trabalhos de Jongo, Os (Brazil) (Mega Drive 4)	Su objetivo es ayudar a Jongo a recoger las flores de loto en sus lugares sagrados, pero cuidado, sólo pueden ser empujados, nunca tirados
Dr. Robotnik's Mean Bean Machine (Europe, Brazil) (En)	Usted tendrá que guardar la calma y pensar con rapidez para ganar en este fantástico juego rompecabezas. Juegue contra un amigo o aplaste a los malvados secuaces del Dr. Robotnik en los modos de competición. ¡Enfréntese al temporizador o intente jugar en el Modo de Rompecabezas para superar un reto especial!
Dragon - The Bruce Lee Story (Europe)	Entra en el mundo de Dragon, el lugar en el que vivió durante 32 difíciles años la leyenda de las artes marciales, Bruce Lee. Un lugar en el que te encontrarás con los enemigos más fieros y astutos que jamás se hayan visto en un juego para la MASTER SYSTEM. Puedes disponer de una devastadora gama de 35 movimientos diferentes, y te aseguramos que vas a necesitarlos... ? Con tres estilos de lucha diferentes: Mantis, Fighter y Nunchuku. ? Numerosos movimientos especiales y secretos que tendrás que descubrir tú solo.
Dragon Crystal (Europe, Brazil) (En)	Estás atrapado en un mundo fantástico de belleza sobrenaturay y malignos demonios. Pasarás por treina mundos en busca de la Copa Mágica. No habrá manera de salir de esta pesadilla musical...¡sólo podrás salir cuando la encuentres!
Dynamite Duke (Europe, Brazil) (En)	El Dr. Neil Ashe, en otros tiempos un científico muy respetado, es actualmente un hombre buscado por la justicia. Robó los planos secretos de un &quot;ser extraordinario&quot; que puede resistir los rayos más intensos emitidos por el sol. Actualmente, con esos planos, está construyendo un ejército de mutantes cuyo único objetivo es el de devastar la Tierra. Duke Frederick, un héroe de la guerra, con un brazo biónico, es el único que puede poner fin a la hecatombe. Dirija a nuestro héroe hasta la isla de Rantan y acabe con el peligro de los mutantes.
Dynamite Dux (Europe, Brazil) (En)	El terrible Achacha el Grande te ha convertido en pato y se ha llevado consigo a tu amiga Lucy a la dimensión Achacha. ¡Si no la restacas, los dos terminaréis en un puchero de sopa de pato!
Dynamite Headdy (Brazil) (En)	En este juego de plataformas, manejas a la marioneta estrella Headdy, que puede atacar a sus enemigos lanzando su inconexa cabeza. Headdy, el personaje principal, es la estrella de la producción Dynamite Headdy del Treasure Theatre. Headdy decide regresar a North Town para visitar a sus amigos Headcase, Hangman y Beau, para encontrarse con que el malvado rey marioneta, Dark Demon, la ha atacado para decidir qué marionetas debieran vivir y cuales debieran ser transformadas en sus malvadas tropas. Headdy es capturado por el Robo-Collector y rechazado por las fuerzas del rey, siendo echado en un cubo de la basura, de camino al incinerador. Sin embargo, Headdy escapa de las garras de Dark Demon y decide derrotar al malvado rey.
E-SWAT (USA, Europe, Brazil) (En)	Balzar, el científico loco, ha empleado su genio y poder para crear un ejército de rufianes ¡que parecen incontenibles! ¡La única cosa entre la villanía y el control total de la ciudad es ESWAT, iniciales de Enhanced Special Weapons And Tactics (armas y tácticas especiales reforzadas! ¡Dirija a su miembro de ESWAT hacia los cuarteles generales enemigos y pare los pies a Balzar!
Earthworm Jim (Brazil) (En)	¿Es un pájaro? ¿Es un avión? ¡No, es una lombriz!Una lombriz? Sí, mi querido lector. Sólo que no es una simple lombriz ... es Earthworm Jim, la primera superlombriz del mundo.Mientras se arrastraba tranquilamente por la Tierra, Jim, una criatura mortal como cualquier otra, fue golpeada en la cabeza por un traje espacial. Antes de que empezara a insultar a quién tiró aquella extraña ropa, Jim se sintió diferente y, mirando a su cuerpo, notó una serie de músculos que antes no existían: pensó que se había transformado en un Superhéroe! ¡Y estaremos de acuerdo, eso es mucho más de lo que un ser de esta especie podría esperar para su vida! ...Sin embargo, como nada cae del cielo tan fácilmente, ahora el más nuevo héroe del mundo se enfrentará a la ira de Psyco Crow, un perverso alienígena y el verdadero dueño de la ropa, que hará de todo para tenerla de vuelta.
Ecco - The Tides of Time (Brazil)	Ya ha pasado algún tiempo desde que Ecco derrotó a Vortex, un peligroso monstruo cuyo único objetivo era dominar todos los seres vivos que habitaban las aguas tranquilas de Home Bay. Los días hoy son de calma, pero eso puede cambiar rápidamente ... En las más lejanas profundidades del océano, corren rumores de que nuevos problemas están a punto de surgir. Al parecer, la raza de los Vortex fue mantenida por la Reina Vortex, que se fortaleció y creó un verdadero ejército para iniciar un contraataque a la colonia de Ecco. Únete a él en esta increíble aventura en la que viajará al mar de todos los tiempos, enfrentando a los enemigos más peligrosos y teniendo en sus manos la más importante de las misiones: evitar que la perversa reina extermine a toda la población de Home Bay !!
Ecco the Dolphin (Europe, Brazil) (En)	Nuestro protagonista, Ecco (un joven delfín Mular) presencia el secuestro de su manada sin poder hacer nada. Comienza entonces una persecución a través del tiempo en su búsqueda, dando inicio así a la aventura.
Enduro Racer (USA, Europe, Brazil) (En)	Enduro Racer es un juego de carreras todoterreno en el que el jugador conduce una moto de cross por pistas extremadamente accidentadas y sinuosas. Cada carrera está cubierta de troncos, rocas, árboles y adversarios que hay que saltar o esquivar. Los saltos sólo pueden realizarse en determinados puntos de cada circuito. Estos lugares tienen una rampa que recorre el ancho de la vía. Los jugadores deben hacer un &quot;wheelie&quot; al llegar a la rampa, y la moto saldrá propulsada por los aires. Si la moto no está en wheelie, se cruzará la rampa pero la moto aterrizará sobre la rueda delantera y se estrellará.
Excellent Dizzy Collection, The (Europe) (En,Fr,De,Es,It) (Proto)	Nos encontramos con una compilación de tres juegos de diferentes género, pero todos protagonizados por Dizzy. En primer lugar nos encontramos con Dizzy the Adventurer, que es un juego que combina las plataformas y la aventura a partes iguales que viene a ser una versión mejorada de Dizzy Prince of the Yolkfolk, que salió un poco antes. Los que conozcan Fantastic Dizzy se encontrarán con unn juego similar. El segundo juego es Panic Dizzy, que es un juego tipo puzzle con la mecánica típica de un Tetris o un Columns, es decir, de agrupación de piezas. El último juego también es tipo puzzle y se titulo Go! Dizzy Go!, aunque es muy diferente, siendo un arcade donde tenemos que recorrer laberintos con un estilo muy similar a Adventures of Lolo.
F-16 Fighting Falcon (USA)	Usted se encuentra a punto de tomar el control del Halcón F16, el caza más moderno del mundo. En esta simulación cuidadosamente diseñada, su misión es descubrir y destruir aviones enemigos y permanecer en vuelo el mayor tiempo posible.
F1 (Europe, Brazil) (En)	F1 es un Juego Oficial de Carreras de Fórmula Uno. También es el más rápido, reaslista y emocionante hecho para Master System en su género hasta el momento. Compite en los circuitos de Fórmula Uno reales contra los equipos de verdad y los auténticos pilotos del Campeonato de Fórmula Uno de la FIA.
Fabrica de Chocolate (Brazil) (Mega Drive 4)	Eres un visitante de esta loca fábrica y debes comer todos los chocolates para ganar el juego, nn¡Pero ten cuidado! Algunos chocolates están echados a perder.
Fantastic Dizzy (Europe) (En,Fr,De,Es,It)	Esta es la aventura animada de Dizzy en Zakeria. Explora las misteriosas minas de diamantes, las fabulosas cavernas, la guarida del dragón y el castillo en las nubes. Te encontrarás con extraños magos, brujos, trolls, piratas, duendes y muchas otras criaturas extraordinarias.
Fantasy Zone (World) (Sega 3D Classics) (FM Music)	En el año espacial 6216 el Fantasy Zone fue lanzado en pánico ante el colapso del sistema monetario interplanetario. El Gremio Espacial saca a la luz los planes del planeta Menon, cuyas fuerzas están robando monedas de los otros planetas para financiar una enorme fortaleza en el Fantasy Zone. Opa-Opa es enviado para detener al ejército invasor y descubrir quién está detrás de él. Fantasy Zone es un shooter para uno o dos jugadores. El objetivo es destruir todas las criaturas de cada planeta y recoger tantas monedas como sea posible. En algunas ocasiones el jugador encontrará tiendas donde poder comprar mejoras para su nave, incluyendo mejores armas y motores más rápidos.
Fantasy Zone - The Maze (USA, Europe, Brazil) (En)	Los malditos Menons han regresado. Y ahora son más inteligentes, rápidos y fuertes que antes. ¿Podrá Opa-Opa junto con su hermano pequeño Upa-Upa derrotarlos esta vez? Conduzca a nuestros amigos a través de docenas de complicaos laberintos. Recupere las monedas robadas y compre con ellas nuevas armas de las que dependerá su vida. . .o su muerte. La Zona Fantástica depende de usted. No les defraude.
Fantasy Zone II (USA, Europe, Brazil) (En)	Fantasy Zone II: The Tears of Opa-Opa es la secuela de Fantasy Zone donde tu controlas a Opa-Opa, una pequeña nave coloreada con alas y armada con bombas y misiles que deberá evitar a los enemigos o aplastarlos para mantenerse con vida y terminar el nivel.
Ferias Frustradas do Pica Pau (Brazil)	Al final de año, las pruebas terminaron, las clases también. El clima era perfecto para un gran y divertido viaje de vacaciones. Las cosas ya estaban todas en las maletas: la televisión, el equipo de sonido, las comidas ... Toda la clase estaba lista para lo que parecía ser un largo, pero sin embargo placentero, viaje a las montañas. En medio del recorrido, una parada para una fotografía de recuerdo: ¡qué pésima idea !!! Después del &quot;click&quot; y del &quot;flash&quot; de la cámara, todos habían desaparecido, dejando a Pica Pau desesperado con la desaparición de sus colegas. Esto sólo podría ser otro truco sucio del Zeca Urubu. Ayuda al personaje más travieso e irónico de los dibujos animados a rescatar a sus amigos en una aventura digna de los mejores dibujos de la televisión. Con una diferencia, ahora tu estarás al mando.
FIFA International Soccer (Brazil) (En,Es,Pt)	El juego que inició la serie de fútbol más vendida, en esta primera entrega utilizó un punto de vista dimétrico (coloquialmente conocido como &quot;isométrico&quot;), anteriormente inusual en los juegos de fútbol pero rápidamente imitado por varios títulos. La presentación televisiva, uno de los puntos únicos de los primeros títulos de EA Sports, con anfitriones que presentaron los partidos, fue otra cosa que hizo que el juego destacara en un mercado dominado por los juegos Sensible Soccer y Kick Off. Basado en equipos internacionales (con nombres de jugadores ficticios), sus habilidades en cada área de hasta 10 puntos para dar al jugador una impresión general de la calidad de los jugadores. El juego favorece las carreras rápidas, los pases cortos y los disparos potentes desde fuera del área de penalti, En el lado táctico, se pueden seleccionar las formaciones, con 5 estrategias diferentes, así como la cobertura del equipo, las áreas que cubren los defensores, los centrocampistas y los delanteros.
Fire & Forget II (Europe)	¡Con FIRE & FORGET 2, usted va a tener que prepararse a vivir lo más extraordinario de los juegos de arcada nunca antes concebido para una consola! Usted deberá pilotear el THUNDER MASTER II, que desarrolla 850 caballos en carretera y que puede transformarse en un verdadera nave de ataque aeroportada; y todo armado de sincronizadores de fase iónicos y de lanza misiles!
Fire & Ice (Brazil) (En)	Wolf, un lobo aventurero - que no tiene parentesco alguno con el Lobo malo de Caperucita Roja - no contaba con este super embrollo: el despiadado dios Montezuma, furioso por no tener poder suficiente para dominar el mundo, despejó toda su ira sobre las más diversas civilizaciones, transformando varios seres de cada una de ellas en perversos discípulos. Ahora, nuestro pequeño héroe será el encargado de destruir el hechizo del maligno dios y restaurar la paz en cada civilización. Combate a los discípulos de Montezuma, tendrás que encontrar todos los pedazos de llave mágica para liberar cada pueblo, uno a uno.¿Cuál será el destino de la Civilización del Hielo, de la Selva, de los Incas y de los Egipcios? Bueno, sólo Wolf podrá saberlo...
Flash, The (Europe, Brazil) (En)	El mago electrónico Trachmann? y el consumado villano Trickster? so han unido para hacerse con el control de Central City?, y todo dependerá ahora de The Flash? para que las cosas vuelvan a la normalidad. ¡Utilice su ingenio y la supervelocidad de The Flash para localizar a esos villanos antes de que se acabe el tiempo!
Flintstones, The (Europe, Brazil) (En)	¡YABA DABA DU! Comienza el fin de semana y Pedro Picapiedra regresa del trabajo a casa lleno de entusiasmo para jugar por la noche la Super Final de boliche de Piedra Dura. Al llegar a casa Vilma le recuerda su promesa de pintar la sala antes de que su madre los visite el Domingo. Vilma insiste en que Pedro solo puede ir a jugar boliche si pinta la sala como corresponde. Pedro acepta a regañadientes pero no se queja de tener que cuidar a Pebles al mismo tiempo de tener que pintar. ¡Confusión, diversión y el mefor buen humor de Los Picapiedra!
Forgotten Worlds (Europe, Brazil) (En)	Ruinas, destrucción, tierra baldía ? esto es todo lo que puede verse. Los diabólicos extraterrestres han infectado su planeta. Como buen guerrero, usted jura devolver el Planeta Polvoriento a sus propietarios, los seres humanos. En la batalla que se avecina, arriesgará su vida al enfrentarse a tan malvados seres. Su principal misión consiste en mantenerse vivo el tiempo suficiente hasta destruir a su más potente enemigo, el Tirano de la Guerra.
Fushigi no Oshiro Pit Pot (Japan) (En)	Pit Pot: El Castillo Mágico La princesa ha sido secuestrada. Para rescatarla, debes navegar a través de cada habitación, evitando sus habitantes como dragones y guardias. Si es necesario, puedes usar tu martillo mágico para eliminarlos de la pantalla. También puedes golpear una baldosa gris para hacer que se caigan y mueran. Para salir de cada habitación hay que pasar a través de puertas, pero tienes que encontrar una llave de oro que abrirá algunas de ellas.
G-LOC - Air Battle (Europe, Brazil) (En)	La &quot;Citizens Defence Force&quot; no confía en que las Naciones Unidas mantengan la paz en el convulso mundo del siglo XXI. Han confiscado una horda de aviones y buques de guerra y, como leal a la ONU, tu trabajo es derribarlos. El juego se divide en varias fases, a su vez divididas en subfases en tierra y mar, cada una con un estricto límite de tiempo y un número objetivo de aviones que derribar. Tienes misiles y armas estándar a tu disposición. Los aviones pueden sobrevivir a algunos impactos. Si no consigues completar una sección en el tiempo asignado, perderás una vida, pero el número de aviones derribados anteriormente no se reinicia, lo que facilita el segundo intento. A medida que destruyas más enemigos, tendrás acceso a mejores aviones.
Gain Ground (Europe, Brazil) (En)	Gain Ground se había convertido en una gran sensación nocturna como la más reciente competición entre humanos y androides. Un día, el Ordenador Central que controlaba los androides ¡se volvió loco y atrapó a los espectadores del Coliseo! Únase al grupo de hábiles luchadores que están tratando de derrotar al sistema, y ¡salve esa gente inocente de un destino peor que la muerte!
Galactic Protector (Japan) (En)	Galactic Protector es un shoot-'em-up desarrollado y publicado por Sega. Tenemos a la famosa nave Opa Opa de la saga Fantasy Zone y Zillion, que debe salvar varios planetas de los enemigos y de los escombros que se lanzan hacia ellos.El juego está construido específicamente para el Paddle Control y, por lo tanto, no se puede jugar en un PAD estándar.
Galaxy Force (USA)	El futuro de la Galaxia Junos pende de un hilo. El maligno Cuarto Imperio busca la dominación total, invadiendo y conquistando todos los planetas que se interpongan en su camino. Usted es la última esperanza de la galaxia.
Game de Check! Koutsuu Anzen (Japan) (Proto)	Encargado por Tokyo Marine and Fire Insurance Co. Ltd, este era un juego educativo no comercial destinado a enseñar a los niños sobre seguridad vial y reglas básicas de seguridad vial.
Gangster Town (USA, Europe, Brazil) (En)	En la década de los 1929, trabajando como agente del FBI, se encuentra persiguiendo a unos contrabandists. Después de practicar su excelente punteria, liese a tiros con los enemigos en las escenas de persecución en automóvil, barrios bajos, bar, y cabaret.
Gauntlet (Europe, Brazil) (En)	Invoque la poderosa hacha de Thor, la guadaña de Thyra, la magia mítica de Merlin o las veloces flechas de Questor en su conquista del Calabozo de las Tinieblas. Abrase camino por las hordas de monstruos y legiones de demonios en este sorprendente juego electrónico de combate.
Ghost House (USA, Europe, Brazil) (En)	Trate de encontrar el tesoro escondido en este juego fantasmal a través del castillo encantado del Conde Drácula.
Ghostbusters (USA, Europe, Brazil) (En)	Basado en la película del mismo nombre, los Cazafantasmas son los que llamarán a &quot;reventar&quot; cualquier fantasma. Lo hace mediante el uso de trampas y &quot;paquetes de protones&quot; de aceleración nuclear, mediante los cuales los fantasmas se pueden capturar y transferir a una instalación de almacenamiento segura. Sin embargo, la ciudad de Nueva York se ha convertido repentinamente en un lugar muy embrujado y la cantidad de fantasmas ha aumentado repentinamente. Los Cazafantasmas deben reducir el nivel paranormal (PK) en la ciudad, que representa el poder de los fantasmas, antes de que el Templo de Zuul despierte y resucite a una diosa malvada, Gozer.
Ghouls'n Ghosts (USA, Europe, Brazil) (En)	El malvado y escurridizo Loki ha saqueado de nuevo el hermoso y pacifico reino de Lexet aterrorizando a todos sus habitantes. El caballero Arthur, es decir usted, debe vengar a su pueblo y rescatar a la hermosísima princesa Tamara. ¡Póngase su armadura, tome sus armas y extermine a Loki y a sus repugnantes esbirros!
Global Defense (USA, Europe, Brazil) (En)	Traducción arcade de SDI de Sega. Pilotas un satélite en el espacio exterior. Tu trabajo: destruir a los atacantes alienígenas que están librando una guerra nuclear contra los planetas del sistema solar, incluida la Tierra e incluso la luna. Lo que es único en este título es que el satélite y tu arma principal se mueven independientemente uno del otro. Coloque su satélite demasiado lejos de la acción y las balas tardarán demasiado en dar en el blanco. Es un buen equilibrio entre esquivar objetos cruciales para tu supervivencia y derribar a los objetivos enemigos. Si el planeta sufre demasiado, pierde. Hay modos de batalla ofensivo y defensivo. También hay un modo de 2 jugadores en el que tú y un amigo pueden formar un equipo, uno controlando el satélite y el otro controlando el arma, lo que lo convierte en un juego multijugador también.
Global Gladiators (Europe, Brazil) (En)	Ponte el GooShooter y únete a Mick? y Mack? los Global Gladiators?, en su aventura para aniquilar a los Monstruos del Slime World?, The Mystical Forest?, Toxi-Town? y Artie World? ¡Echale un vistazo a los escenarios super-guay, 1.250 gráficos de estupenda animación y el sonido más conseguido del momento!
Golden Axe (USA, Europe, Brazil) (En)	En el pasado, se libró una terrible guerra entre los Dioses, los creadores del mundo, y los Titanes. Los Titanes fueron derrotados gracias a un arma superpoderosa forjada por los Dioses, llamada el &quot;Golden Axe&quot;. Gracias a esta arma, los Titanes fueron desterrados, y los Dioses legaron la Tierra a los humanos. Sin embargo, un Titán había sobrevivido: Death Adder. Se apoderó del &quot;Golden Axe&quot; y la utilizó para arrasar el mundo. Secuestró al rey de Yuria y a su hija y amenazó con ejecutarlos si los habitantes no se sometían incondicionalmente. Tres héroes, decididos a vengarse de Death Adder, parten en su busca. Cada personaje tiene una habilidad mágica especial que puede cargarse pateando a pequeñas criaturas que sueltan una poción.
Golden Axe Warrior (USA, Europe, Brazil) (En)	En la antigüedad una horda de gigantes se rebeló contra los ancianos y se produjo una guerra brutal. Las cosas parecían serias hasta que finalmente un héroe, que llevaba el Hacha Dorada, apareció y derrotó a los gigantes. Desde entonces, el reino de Firewood ha sido gobernado por una familia que había dominado el poder de los nueve cristales para alejar todo el mal de Firewood. Todos vivían en paz hasta que uno de los ministros de Firewood traicionó a su rey y vendió los nueve cristales a Death Adder, uno de los gigantes malvados. Death Adder ha ocultado los nueve cristales en nueve mazmorras, ha desatado hordas de monstruos y está amenazando con dominar el mundo. ¿Habrá otro héroe que pueda encontrar el Hacha Dorada y derrotar al Death Adder?
Golfamania (Europe, Brazil) (En)	Usted necesitará buena vista, un swing uniforme, y un juicio perfecto si desea dominar Golfamania. En el campo tendrá que considerar la distancia, el viento, la dirección de la pelota, a dónde tirar la bola, y qué palo emplear. ¡Después observe el indicador de fuerza y tire hacia el banderín!
Golvellius - Valley of Doom (USA, Europe, Brazil) (En)	Golvellius: Valley of Doom para Master System es un juego de acción/aventura en el que juegas como el guerrero Kenesis con el objetivo de salvar a la princesa de las garras de Golvellius. Para encontrarlo, Kenesis debe matar a 7 demonios en oscuras fortalezas. Para facilitar su búsqueda, puede recuperar oro a lo largo de su aventura e intercambiarlo por varias pociones.
GP Rider (Europe, Brazil) (En)	¡Lo más emocionante en juego de carreras de motos! Muestra todo lo que vales y de lo que eres capaz compitiendo con los mejores pilotos y máquinas del mundo.
Great Baseball (USA, Europe)	Cada partido de la liga principal es traído con este diamante de juego. Por lo tanto,tire la pelota, golpéela, y alcance bases al igual que los profesionales. ¡Adelante!
Great Basketball (World)	Para jugar en esta cancha de profesionales no necesita ser alto. Sin embargo? si desea ganar tendrá que ser rápido? inteligente? y ágil.
Great Football (World)	La emoción del partido le tiene dominado. Porque sabe que el resultado está en sus manos. Usted se encuentra en la líofensiva. Dirige ei juego. Lleva la pelota. pelota. Placaje. Pases interceptados. En los graderíos la multitud vocifera. Es cuestión de habilidad y estrategia. Y usted puede ganar. ¡Ha llegado a la línea de gol!
Great Golf (Japan) (En)	Swing, putter, Eagle y Triple Boogie, no habrá más términos técnicos secretos para ti cuando hayas probado Great Golf en Master System. Las competiciones de 18 hoyos ponen a prueba tus nervios en un deporte donde todos los detalles cuentan, desde la dirección del viento hasta el tipo de terreno. A tus columpios.
Great Golf (World)	Para este campo necesitará nervios de acero. Porque para esta competición sus únicos aliados serán la perspicacia y la astucia.
Great Ice Hockey (Japan, USA) (En)	En el Great Ice Hockey uno debe usar el Sega Sports Pad para participar en el juego. ¡Uno debe golpear roller ball para probar pasar, patinar, tirar y para anotar! El equipo que termina con más goles como en el tiempo de reglamentario, gana. El juego trata como un partido de hockey regular. Dos niveles de dificultad (junior y senior) una opción para jugadores aficionados o más expertos. Al jugador se le asigna el equipo de hockey de EE.UU. y luego puede elegir entre una serie de otros opositores de varios países.
Great Soccer (Europe)	Esta es la versión SEGA card de Great Soccer. Hay otra versión de Great Soccer en el cartucho de SEGA y es un juego completamente diferente.Este juego de fútbol de perspectiva cenital es como un partido de fútbol oficial. Fueras de juego, saques de esquina y muchas otras decisiones hacen el juego auténtico. Ya sea en ataque o en defensa, el jugador debe hacerse con el control de la pelota y anotar tantas veces como sea posible. El equipo que termina con más goles al final del tiempo reglamentario gana.
Great Volleyball (USA, Europe, Brazil) (En)	¿Desea ganar el campeonato mundial? Empléese a fondo. Juegue en equipo. Nervios de acero. Servicio... prepárese... apunte hacia su lado. Excelente tiro. Se encuentra en forma.
Hang On & Astro Warrior (USA)	2 juegos en un solo cartucho HANG-ONnnVelocidades fabulosas, curvas cerradas, y competición de clase mundial hacen del Hang On Sega ¡el juego de motociclismo más excitante del momento! ¡Móntese en su supermotocicleta y pruebe su pericia en competencia con los mejores corredores de de la tierra! ¿Cree que podrá adelantarlos a todos antes de la linea de meta? ¡Pruébelo! ASTRO WARRIORnnHaga retroceder a los invasores y salve la galaxia con ASTRO WARRIOR.
Hang On & Safari Hunt (USA)	2 juegos en un solo cartucho HANG-ONnnVelocidades fabulosas, curvas cerradas, y competición de clase mundial hacen del Hang On Sega ¡el juego de motociclismo más excitante del momento! ¡Móntese en su supermotocicleta y pruebe su pericia en competencia con los mejores corredores de de la tierra! ¿Cree que podrá adelantarlos a todos antes de la linea de meta? ¡Pruébelo! SAFARI HUNTnnUsa tu Sega Light Phaser para disparar tantas especies de animales como puedas hasta que te quedes sin munición. Si su puntuación está por encima de la puntuación de calificación podrá seguir avanzando, si no es así, perderá.
Hang On (Europe)	Velocidades fabulosas, curvas cerradas, y competición de clase mundial hacen del Hang On Sega ¡el juego de motociclismo más excitante del momento! ¡Móntese en su supermotocicleta y pruebe su pericia en competencia con los mejores corredores de de la tierra! ¿Cree que podrá adelantarlos a todos antes de la linea de meta? ¡Pruébelo!
Heroes of the Lance (Europe, Brazil) (En)	Basado en las últimas partes del libro &quot;Dragonlance Dragons of Autumn Twilight&quot;, los héroes descienden a una ciudad en ruinas en busca de los discos de Mishakal. El juego consiste en un combate horizontal con un mapa laberíntico, utilizando puertas para cambiar la vista. El grupo está formado por los 8 Héroes de la Lanza, utilizando uno a la vez y el jugador puede cambiar entre ellos en cualquier momento. Cada personaje tiene diferentes tipos de ataques y hechizos, lo que los hace más adecuados para luchar contra diferentes enemigos y comportarse como personas reales. Uno de los juegos de AD&D que se desmarca del RPG habitual.
High School! Kimengumi (Japan)	High School! Kimengumi es un juego de Master System basado en la serie de animación de 1985 del mismo nombre.
Home Alone (Europe)	¡Oh no! Kevin está solo en casa y dos ladrones planean entrar en la casa y llevarse todo lo que valga algo. Kevin tendrá que arregárselas por sí solo, primero protegiendo los objetos valiosos, y luego entreteniendo a los cacos hasta que llegue la policía.
Hook (Europe) (Proto)	Este es un prototipo que nunca fue lanzado oficialmente. Juegas como Peter Pan adulto que ha vuelto a Neverland para destruir al capitán Hook, que ha vuelto a aterrorizar la tierra de nunca jamás una vez más.
Hoshi wo Sagashite... (Japan)	La historia de Mio comienza cuando, tras haber ido de vacaciones, llegas al planeta Ilm para ver a tu novia Laila de nuevo. Antes de ir a su casa, decides comprar un regalo para ella. Visitas la tienda de un sombrio hombre extranjero y compras un huevo que te promete que eclosionará una bonita mascota. Cuando Laila ve el huevo, ella lo reconoce como un huevo de Mio, que es un animal raro que se pensó que se había extinguido. Desde que le diste el huevo, es su responsabilidad saber cómo mantener un Mio. Aún así, el hecho de que tiene un huevo de Mio no debe ser conocido por todos, ya que los científicos estarán muy interesados ??en tomar al animal para sus estudios. Su búsqueda del bienestar, y el eventual misterio, del animal Mio te lleva en una avnetura a través de varios planetas, no demasiado lejos del sistema del planeta de Phantasy Star. El juego se controla mediante una interfaz popular en aventuras japonesas de los años ochenta, en su mayoría idénticas con la interfaz de ICOM utilizadas en las aventuras de la misma época, como Shadowgate o Déjà vu. Puedes hablar con la gente en el juego decidir con quién hablar y el tema, pero estos interrogatorios tienen poco en común con las más interactivas aventuras de LucasArts. Enterarse de las cosas es a menudo una cuestión de estar varias ocasiones preguntando, en el momento adecuado o en el orden correcto.
Impossible Mission (Europe, Brazil) (En)	Agente 4125 ... Detenga la amenaza de aniquilación del mundo presentada por Elvin Atom bender desde su laboratorio subterráneo. Entre en su fortaleza y esquive o desactive los guardas robots mientras descifra el código secreto que le permitirá entrar en el centro de control. El mundo espera ATEMORIZADO. Su misión lleva el sello de IMPOSIBLE.
Incredible Crash Dummies, The (Europe, Brazil) (En)	¡Te vas a destornillar con este divertido juego de choque! Con avalanchas de risas en la pista de esquí, en el bulevar rebotante después de un salto mortal o con el humor explosivo de las bolsas de aire comprimido. ¡The Incredible Crash Dummies? es un juego loco y divertido! Puede que a los Dummies les falte algún tomillo ... pero The Incredible Crash Dummies? no dudarán en hacerse pedazos para que te partas de risa.
Incredible Hulk, The (Europe, Brazil) (En)	En el papel de The Incredible Hulk? tendrás que derrotar a las malvadas fuerzas de The Leader?. Se está organizando un destructivo ejército bioquimico y The Leader? ha reclutado a tus a más mortiferos enemigos: Tyrannus?, Absorbing Man?, Abomination? y Rhino?. ¡Es una empresa por la conquista del mundo! ¡The Leader? te aguarda!
Indiana Jones and the Last Crusade (Europe, Brazil) (En)	nn¡Usar su látigo! ¡Usar sus puños! ¡Usar su sentido comûn! Ya ha comenzado la caza. y seguirá hasta el fin. En búsquede del tesoro más grande de la historia, el Santa Grial. Gatear encima del retumbante tren del circo, pelear para escapar de un Zepelin gigantesco y competir contra el reloj y trampas antiguas. vd. controla a Indy mientras pelea para sobrevivir un nivel lleno de acción después de otro que le pondrán a prueba.
James 'Buster' Douglas Knockout Boxing (USA)	Heavyweight Champ es un juego de boxeo que te propone convertirte en el futuro campeón del mundo de peso. Fintas, uppercuts y bloqueos, el jugador debe demostrar habilidad para derrotar a su oponente por K.O. o durante el recuento de los puntos al final del combate.
James Bond 007 - The Duel (Europe)	James bond ha vuelto, tendrá que medir su talento y puntería con muchos de sus viejos enemigos para rescatar a la hija del profesor Michael Jones. Las estupendas pantallas de mutti-scroll y la fantástica acción animada lo convierten en una hazaña de Master System.
James Pond 2 - Codename RoboCod (Europe, Brazil) (En)	El malvado &quot;Dr. Maybe&quot; ha trazado un plan para destruir todas las fábricas de juguetes del mundo ¡por medio de mortíferas bombas pingüino! La misión consiste en lanzarse al rescate en el papel de &quot;Robocod&quot; -el famoso agente subacuático con licencia para nadar- y esquivar balas supersónicas, escalar muros llenos de peligro y hacer filetes a orugas asesinas, en 8 niveles de susto.
Joe Montana Football (USA, Europe, Brazil) (En)	¡Ha llegado el rugby americano! Joe Montana Football le brinda la estrategia y la dura acción del rugby americano profesional, junto con ciertos consejos de Joe Montana ? ¡el mejor &quot;quarterback&quot; que ha existido! ¡Usted es el entrenador y la figura en este nuevo y emocionante juego deportivo de Sega!
Jungle Book, The (Europe, Brazil) (En)	Esta adaptación de 8 bits de la película de animación de Disney de 1967 de &quot;El Libro de la Selva&quot; es un poco diferente de las otras versiones. Aunque la mayor parte de los elementos principales siguen siendo los mismos, las diferencias más notables se encuentran en el diseño de niveles y algunos artículos que faltan. El jugador controla a Mowgli en su viaje a la aldea humana. Mowgli se moverá en cualquier dirección, subirá por las lianas, correrá y saltará mientras se enfrenta a enemigos como los monos lanza cocos, serpientes y murciélagos. Para luchar contra ellos, Mowgli puede lanzar plátanos en ocho direcciones. También encontrará mejoras y armas como boomerangs dentro de los racimos de plátanos. Hay algunos combates contra jefes con los personajes principales de la película, como la serpiente Kaa.
Jurassic Park (Europe, Brazil) (En)	Doctor Grant, tiene que ayudarnos. Con el sistema de seguridad controlado por computadora, no hay forma de saber cuántos dinosaurios se han escapado y se encuentran corriendo por todas partes. Tendremos que capturarlos o Jurassic Park no podrá abrirse según está planeado. ¡Sobra decir que con todos esos peligrosos animales por ahí no habrá forma de salir con vida de la isla!
Kenseiden (USA, Europe, Brazil) (En)	Usted es Hayato, audaz guerrero samurai. Debe recuperar la espada y pergaminos robados... y derrotar al monstruo que aguarda en el Castillo Negro.
King's Quest - Quest for the Crown (USA)	King's Quest es un juego de aventuras en el que manejas a Sir Graham, un valiente caballero que es enviado a recuperar tres tesoros que han sido robados: un escudo que protege a su portador de los invasores, un espejo que predice el futuro y un cofre del tesoro que está siempre lleno de oro. Si Graham lleva estos tesoros al castillo real, entonces el afligido rey Eduardo el Benevolente le entregará la corona. Durante sus viajes, Graham encontrará personajes que le ayudarán o harán todo lo posible por evitar que cumpla con su misión. Puede mover a Graham con el pad de dirección, y realizar acciones escribiendo comandos en el juego, por lo general una secuencia de verbo / sustantivo. Algunos de los rompecabezas en el juego se basan en cuentos de hadas, y un buen conocimiento de ellos es necesario para completarlos.
KLAX (Europe)	KLAX lo hará moverse con rapidez y pensar con rapidez. Atrape los mosaicos de colores a medida que llegan en la cinta transportadora y ordénelos en pilas de a tres, ya sea en forma horizontal, vertical o diagonal. Parece fácil y lo es ... hasta que los mosaicos comienzan a llegar con tal velocidad que usted se volverá loco tratando de atraparlos, pensando a la vez dónde apilarlos antes de que ya no le quede lugar para hacerlo.
Krusty's Fun House (Europe, Brazil) (En)	¡Hola chavales! ¡No os echéis atrás! ¡Ayudar a vuestro amigo el payaso Krusty! Mi parque de atracciones está ¡infestado de ratas! Mi buen amigo el jovencito Bart Simpson está vigilando las trampas, pero necesito que tú hagas caer en la trampa a esos asquerosos roedores. Luego podemos ¡explotarlas! ¡freirlas con el laser! y ¡Krustificar a los pequeños monstruos! ¡Ole chico! Limpiar el parque de atracciones de esa peste no es tarea fácil chavales, pero ¡hay que hacerlo!
Kung Fu Kid (USA, Europe, Brazil) (En)	El embrujado Madanda acaba de salir de su letargo de varios cientos de años. Emplee los conocimientos transmitidos por sus antepasados para salvar su pueblo de este terrorífico personaje.
Land of Illusion Starring Mickey Mouse (Europe, Brazil) (En)	Viaje con Mickey Mouse por castillos encantados en ruinas, por oscuras grutas y bosques encantados, y visite una juguetería que se ha vuelto loca. Utilice su ingenio y la magia de Mickey para escapar de amenazadoras trampas, para explorar pasajes secretos y restaurar la paz y la felicidad en el País de la ilusión.
Laser Ghost (Europe)	A la pobre Katherine le tiemblan los huesos del miedo que tiene. Fantasmas y duendes le han robado el alma y la tienen prisionera. &quot;Socorro. . . que alguien me ayude. . .&quot;
Legend of Illusion Starring Mickey Mouse (Brazil) (En)	Érase una vez, en un mundo lejano, un reino gobernado por el Rey Pete. No era un Rey muy bueno, pero la vida en el reino era buena y sus habitantes eran felices. Pero un día, nubes oscuras tomaron los cielos del reino dejando a la gente muy tristes. &quot;Sólo un Rey, en un viaje real, conseguirá descubrir cuál es la solución de este problema y devolver la paz a los Habitantes del reino&quot;, advirtió el consejero del Rey. El Rey Pete, con miedo de no poder cumplir tal misión, decide hacer de un ayudante del lavadero Un Rey Honorario. Ahora Mickey tiene en sus manos el destino del reino y la felicidad de sus habitantes. Ayuda a este intruso ratón a cumplir su misión. Como objetivo capturar y golpear a los enemigos con las barras de jabón. ¡Haz que Mickey salve el reino y se convierta en el nuevo Rey!
Lemmings (Europe, Brazil) (En)	Los Lemmings han llegado! Para quien no los conozca, los Lemmings son pequeñas y adorables criaturas que viven en el Polo Norte. Tienen una pequeña característica: son completamente tontos! Todo lo que saben hacer es andar en una única dirección y siempre están metidos en algún problema. Una vez por año, su población aumenta mucho y tienen que salir en busca de un nuevo lugar para vivir. El problema es que son cortos de ideas y quedan vagando sin rumbo, hasta que llegan a un peligro y pueden morir si nadie los ayuda. Lo bueno es que ellos saben obedecer órdenes. Tu tendrás que hacer de guía, para que puedan superar todas las dificultades, cavando túneles, construyendo escaleras, bloqueando caminos peligrosos o hacer de kamikazes y explotando. Haz un buen trabajo y evite que esta especie entre en extinción. Cuidado, no vas poder parar de jugar!!!
Lemmings 2 - The Tribes (Europe) (Proto)	Érase una vez doce tribus lemmings que vivían feliz y pacíficamente en la Isla Lemming. Un día, sin embargo, una gran oscuridad cayó a su tierra, como se decía en la antigua profecía. Esta profecía decía que el único camino para que los lemmings pudieran sobrevivir sería la de evacuar la isla, usando el poder del Talismán del lemming. Este talismán consistía de doce piezas, una perteneciente a cada tribu. Con la ayuda del Guía que los ha ayudado antes, todos los lemmings debían ahora alcanzar el punto más céntrico de su isla para escapar de la perdición.
Lethal Weapon 3 Music (Europe) (Proto) (Sound Data)	No se trata de ningún juego, es un cartucho que sirve como test para probar los colores y los accesorios de Master System.
Line of Fire (Europe, Brazil) (En)	Inmediatamente después de haber robado el arma secreta al enemigo y comenzar a retirarse, el enemigo le descubrió. Ahora tendrá que pelear para poder regresar a salvo. ¡Pero tenga cuidado, porque se encuentra en la línea de fuego!
Lion King, The (Europe, Brazil) (En)	Únete al Rey León en su viaje a través de 10 niveles llenos de aventura. Juega las fases de bonos con los amigos de Simba. Lucha contra las hienas y evita las fieras. Enfrentate a la última batalla contra el malvado Scar. Creado por Disney Software y Virgin Interactive Entertainment.
Lord of the Sword (USA, Europe, Brazil) (En)	Es un juego de acción ambientado en el mundo lejano de Balinja llevado por el caos y el terror. Encarna a Landau, un guerrero que sin miedo ni reproches trata de recuperar la corona del reino y restablecer la paz. Para ello, debe pasar tres pruebas, encontrar un árbol mágico, matar un Goblin y destruir una estatua maléfica.
Loretta no Shouzou - Sherlock Holmes (Japan)	Situados en el Londres de 1890. Loretta no Shouzou (o &quot;Retrato de Loretta&quot;) sigue las aventuras del famoso detective Sherlock Holmes mientras busca una pintura de valor incalculable. Usando algunos comandos de menú, como &quot;mirar&quot; y &quot;tomar el artículo&quot; Y &quot;hablar&quot;, el jugador debe ayudar a Sherlock a recorrer a lo ancho y largo de Londres buscando indicios y pistas para resolver el misterio.
Lucky Dime Caper Starring Donald Duck, The (Europe, Brazil) (En)	¡La perversa Magica De Spell ha robado las monedas de la suerte, ha capturado a Huey, Dewey, y Louie! ¡Aventúrese a través de seis peligrosas etapas con Donald para salvar a sus sobrinos y recuperar las monedas de la suerte!
Mahjong Sengoku Jidai (Japan)	Es un juego del antiguo juego japonés del Mahjong
Marble Madness (Europe)	Una adaptación del juego de arcade. Marble Madness es un juego de laberinto abstracto para uno o dos jugadores. El objetivo es guiar una pequeña canica de vidrio sobre un laberinto tridimensional y llegar a la meta antes de que termine el cronómetro. Los segundos que quedan en el cronómetro cuando se cruza la línea de meta se transfieren al siguiente nivel. Además de tener que sortear la canica por traicioneras pasarelas y rampas, numerosos obstáculos y criaturas hostiles tratarán de frenar el avance de la canica o derribarla por el borde de una plataforma, perdiendo aún más preciosos segundos hasta que aparece una canica de reemplazo. En el modo de dos jugadores, ambos compiten por alcanzar la meta primero. Marble Madness presenta seis laberintos diferentes.
Marksman Shooting & Trap Shooting & Safari Hunt (Europe)	Marksman Shooting / Trap Shooting / Safari Hunt para Master System es una compilación de juegos de disparos para jugar sólo a través de la pistola Sega Light Phaser. El objetivo es disparar a los diversos objetivos antes de que desaparezcan de la pantalla.
Marksman Shooting & Trap Shooting (USA, Brazil) (En)	Cartucho de juego que incluye 3 juegos para la Light Phaser: 1. Marksman Shooting es un juego de tiro que simula la galería de tiro del FBI. Debes acertar con los objetivos y conseguir los puntos necesarios para seguir avanzando niveles. 2. Safari Hunt es un juego de caza donde deberás disparar al mayor número posible de animales con una munición limitada. 3. Trap Shooting es un juego de tiro al plato.
Master of Darkness (Europe, Brazil) (En)	La sombra de Drácula se ha cernido sobre la Inglaterra victoriana. Hágase paso a través de calles extrañas y amenazadoras, y almacenes cavernosos mientras lucha contra su ejército de monstruos. Busque a Drácula, el Maestro de las Tinieblas, y rescate a Inglaterra de su espantoso dominio.
Masters of Combat (Europe, Brazil) (En)	¡Elija uno de los cuatro colosales luchadores, cada cual con un nùmero de movimientos especiales y técnicas de lucha, y vaya mano a mano contra los otros tres! ¡Coja un amigo para que le acompañe en un combate de exhibiciòn o ábrase camino hasta la cima en el torneo para un solo jugador, donde deberá luchar por su vida y la de todos los habitantes de la tierra!
Maze Hunter 3-D (USA, Europe, Brazil) (En)	Está usted atrapado en un laberinto de veinte niveles repleto de bichos. Para sobrevivir, tendrá que luchar hasta el final. Las probabilidades de éxito son escasas. Pero siempre podrá sacar unos ases de la manga.
Megumi Rescue (Japan) (En)	Megumi Rescue es un juego de habilidad para Master System nos metemos en la piel de un equipo de rescate, tratando de salvar a los habitantes de los edificios incendiados. Controlas dos camilleros que llevan una especie de lona que hace saltar y rebotar a un bombero, agarrando las víctimas o de extinguiendo el fuego de las ventanas. El objetivo es rescatar a las personas en peligro, o extinguir todas las llamas del edificio.
Memoria Master (Brazil) (Mega Drive 4)	El juego de la memoria es un clásico juego formado por piezas que presentan una figura en uno de los lados. Usted tiene que luchar contra el tiempo y girar el mayor número de figuras iguales, si no las encuentrannen el tiempo necesario, perderá el juego.
Mercs (Europe, Brazil) (En)	El Presidente de los Estados Unidos ha sido secuestrado durante un viaje a un país centroafricano. Para evitar una ruptura diplomática, se llama a un cuerpo especial de élite: los Mercs. En este Run and Gun tendrás que limpiar y destruir las cajas para encontrar armas más potentes y botiquines para restaurarte durante el juego. Al final de cada nivel te enfrentarás a un jefe. Su energía está representada por cuadrados rojos. Todos tienen un punto débil que te permite derrotarlos sin exponerte demasiado. Con cada serie de golpes, el poder del jefe disminuirá hasta erradicarlo. Las armas son bastante variadas, por ejemplo, después de la sencilla M16, pasarás a un tipo de arma desconocida con un disparo en abanico muy eficaz y después al lanzallamas.
Michael Jackson's Moonwalker (USA, Europe, Brazil) (En)	&quot;Michael&quot;, se oye la voz de Katy, ¡usted la ha encontrado! ¡Pero hay más niños perdidos todavía! ¿Podrá detener al psicópata Mr. Big y su banda de terroristas antes de que rapten a todos los chicos? ¡Usted podrá si es Michael Jackson! ¡Luche contra los malvados y desalmados! ¡Muévase como solamente Michael puede, al ritmo de Smooth Criminal, Beat It, Billie Jean, y Bad!
Mickey's Ultimate Challenge (Brazil) (En)	Mickey se queda dormido leyendo un libro de cuento de hadas. Se despierta en el Reino de Beanwick, victima de incesantes terremotos. En su gran bondad que le caracteriza, el ratón se ofrece para desentrañar el misterio. Mickey's Ultimate Callenge se presenta como un juego de puzzle en el Mickey ayuda a todos los personajes del reino, que tienen un pequeño problema a resolver. Una vez que ha sido de ayuda, recibirá una ayuda que le guiará en su búsqueda.
Micro Machines (Europe)	Esto es un caos en miniatura! Corre en bólidos, chóppers y lanchas! Recorre como una bala las mini pistas a escala espectacular. Eres capaz de conducir sobre rutas llenas de hoyos de arena, mesas de billar y pupitres de escuela! Es excellente!
Mina Terrestre (Brazil) (Mega Drive 4)	Mina Terrestre tiene como objetivo revelar un campo de minas sin que alguna sea detonada, antes de que acabe el tiempo. Al igual que el campo minado que es un popular juego de ordenador
Minerador (Brazil) (Mega Drive 4)	Recoge suficientes minerales para alcanzar la meta de cada fase. El Diamante es el mineral que vale más, poco después viene el oro y el hierro. En los baús encontrarás tesoros o elementos que aumentan tu fuerza.
Miracle Warriors - Seal of The Dark Lord (USA, Europe, Brazil) (En)	Miracle Warriors para Master System es un juego de rol en el que encarnas un guerrero encargado de encontrar un sello de oro. Contrata a tres compañeros y cruza los cinco mundos mágicos para arrebatar el sello de las garras del terrible señor Terranin. Durante vuestra aventura, recoge el dinero matando criaturas para adquirir diversos equipamientos en los pueblos.
Missile Defense 3-D (USA, Europe, Brazil) (En)	Ha estallado la guerra nuclear. Usted está armado con el Eliminador, y debe salvar el mundo.
Monopoly (USA, Europe)	Bienvenido al original juego de comercio de bienes raices donde todo le ofrecerá la misma acción, entertenimiento y emoción que el juego MONOPOLY®.
Montezuma's Revenge Featuring Panama Joe (USA)	La venganza de Montezuma es un juego de plataformas para Master System. Juegas como un cazador de tesoros llamado Panama Joe con el objetivo de encontrar un antiguo tesoro escondido en las catacumbas por los guerreros aztecas. Sin embargo, las catacumbas son muy grandes y complejas, y muchos monstruos las han ocupado!
Mortal Kombat (Europe, Brazil) (En)	PREPARATE...El mayor éxito arcade ya está a tu disposición! ¡LOS GUERREROS DE KOMBAT! ¡ACABA CON EL! ¡VEN AQUI! ¡GORO VIVE!
Mortal Kombat 3 (Brazil) (En)	Tercera parte del afamadoy polémico juego de lucha Mortal Kombat el cual fue lanzado en exclusiva en el mercado brasileño de la mano de TecToy.
Mortal Kombat II (Europe, Brazil) (En)	Los duros Kombatientes del famoso juego, número 1 de máquinas recreativas, se han reunido para un nuevo desafio: Mortal Kombat® II. Y tú manejarás todas sus acciones: brutales movimientos, camaradería en el combate, Babalities, sopresas ocultas, demoledora combinación de movimientos (combos) y extraordinarios movimientos de remate. ¡Que kontinúe el Kombate...!
Ms. Pac-Man (Europe, Brazil) (En)	Ms. Pac-Man está aquí, ¡y en total libertad! Juegue solo o con 2 jugadores ? su amigo como el Pac-Man original?, y recorra 36 exclusivos y fantásticos laberintos a velocidad fácil, normal, difícil o enloquecida. Utilice el Pac Booster para hacer temblar a los molestos fantasmas.
My Hero (USA, Europe, Brazil) (En)	Un grupo de malvados tratan de secuestrar a su novia. Lanzadores de cuchillos, feroces mastines, botellas volando, e incluso el jefe de la pandilla?Mohikan ¿No hay nada que hacer? Ármese de valor. Usted posee técnicas de kung fu increíbles. Pero los malvados tienen en poder a su novia.
NBA Jam (Europe) (Proto)	Prototipo que acabó cancelado. Dos jugadores por equipo en la pista de basket. No hay faltas y las reglas más restrictivas no se utilizan, excepto tapón ilegal en el tiro. El uso de los botones depende de si el jugador está atacando o defendiendo. Hacer tres anotaciones seguidas activa el modo &quot;on fire&quot; que le da al jugador turbo ilimitado y aumenta la precisión de tiro.
Nekkyuu Koushien (Japan)	Juego de beisbol que fue lanzado al mercado en exclusiva para Japón.
NewZealand Story, The (Europe)	Tiki el kiwi empieza la aventura de su vida en este juego que es el éxito número 1. Observe las plumas en la medida en que guía a Tiki a través de las islas de NuevaZelanda, solucionando laberintos, desafiando los diabólicos enemigos, rescatando sus amigos y enfrentando finalmente al demonio Wally Walrus en la última batalla. Quién será el próximo en el menú de kiwi fresco? únicamente el tiempo lo dirá y está corriendo muy rápido.
Ninja Gaiden (Europe, Brazil) (En)	¡El pueblo de Dragón Ninja ha sido masacrado! El poderoso rollo del Bushido ha sido robado! Usted es Ryu Hayabusa, el último de los Ninjas Dragones y ¡tiene que encontrar el Bushido antes de que sea utilizado para liberar maldades en toda la Tierra!
Ninja, The (USA, Europe, Brazil) (En)	A través de su viaje al castillo Ohkami, tendrá que pelear con los perversos soldados Ninja. Una vez allí, tendrá que destruir a su jefe, Gyokuro. Solamente entonces podrá salvar a la princesa prisionera en el interior del castillo.
Olympic Gold (Europe) (En,Fr,De,Es,It,Nl,Pt,Sv)	Barcelona 1992. Son las Olimpíadas del verano y tienes una oportunidad única en la vida, pruébate a tí mismo en el mayor centro deportivo del mundo. Siente la adrenalina, Escucha a la multitud y prepárate a experimentar la última competición. ¡Bate un record Olímpico! ¡Supera una marca mundial! Todo depende de tí... LANZAMIENTO DE MARTILLO La trayectoria, la velocidad, el ángulo de descenso, te das una idea. ¿No desearías haber prestado más atención a la fisica?nnCARRERA DE 100 M LISOS Necesitarás una salida ràpida y una velocidad supersónica para tener una oportunidad con el oro. SALTO DE TRAMPOLIN Cuatro saltos obligatorios y uno improvisado. La puntuación se basa en la dificultad, la elegancia y la entrada en el agua. 110M VALLAS Para saltar esas vallas se necesita un doble cronometraje al segundo, velocidad, energía y ritmo. SALTO DE PERTIGA Planta la pértiga y el tiempo de tu liberación para batir el record de alturas. 200 M NATACION ESTILO LIBRE Acompasa tus vueltas y conserva tu energía para nadar por el oro. TIRO AL ARCO Cuanto más tenses tu arco más dificil será acertar en el blanco.
Operation Wolf (Europe, Brazil) (En)	El partido comunista ha dado un golpe de estado en Cherigo y se ha hecho con el poder. El nuevo presidente de Cherigo ha enviado al ex-presidente, que es pro-carmeano, y al personal de la embajada de Carmea, a un campo de concentración. ¡Y en esta situación es en la que usted aparece! Usted acaba de infiltrarse en Cherigo lanzándose en paracaídas. ¿Podrá llevar a cabo su misión de realizar el escape a salvo de los prisioneros de Cherigo?
Ottifants, The (Europe, Brazil) (En,Fr,De,Es,It)	No todo es bueno para Bruno, el pequeño Ottifant. Su padre ha sido capturado por seres extraños. O por lo menos eso imagina nuestro pequeño Otti mientras sigue el rastro de dulces que le conducirá hasta el lugar donde está su padre secuestrado. Es una senda de peligro y aventura: juguetes espantosos, un sótano que pone los pelos de punta y una oficina de horrores de alta tecnología.
OutRun (World)	Circuito automovilístico de gran acción. Probará su habilidad como piloto, mostrando la velocidad y distancia recorrida en una rica variedad de pistas. Acelere a fondo hacia la meta. Disfrute de las sensaciones realistas de aceleración, cambio de via, terreno accidentado, curvas cerradas, y mucho más.
OutRun 3-D (Europe, Brazil) (En)	Abróchese el cinturón de seguridad y dése una vuelta tridimensional por el mundo de la aventura. El Gran Premio 3-D? de Sega es tan real que le dejará sin aliento. Mientras su coche latiguea por procelosas curvas y por montañas, casi podrá sentir el gemir de los motores y el restallar del viento por su cara.
OutRun Europa (Europe, Brazil) (En)	Prepárese una travesía entre la vida y la muerte. En la persecucion de agentes enemigos deje une estela humeante a través de toda Europa en los vehículos más poderosos. Sólo su pericia y determinación le permitirán llegar hasta su destino: Berlin!
Pac-Mania (Europe)	Pac-Mania es una variante del juego Pac-Man. Necesitas guiar a Pac-Man alrededor de un laberinto y comer todos los puntos en el tablero para proceder a la siguiente ronda. Numerosos fantasmas multicolores también recorren el laberinto tratando de detenerte. Si comes una de las bolas de energía en el laberinto, los fantasmas temporalmente se volverán de color azul y escaparán de ti. Pac-man puede ganar puntos de bonificación por comer los fantasmas cuando están en este estado. El laberinto ahora está en 3-D y es más grande, ya que la pantalla se desplazará para seguir la acción. Para ayudar a salir del laberinto, Pac-Man ahora tiene la capacidad de saltar. Pero tenga cuidado, porque algunos de los fantasmas han aprendido este truco también y podrías terminar patas arriba en una colisión en medio del aire!
Palhacos (Brazil) (Mega Drive 4)	Captura todos los monos antes de que el tiempo se agote para pasar de fase. Mueva la gancho hacia los lados yendo a la derecha e izquierdannPara controlar el ángulo de lanzamiento del payaso que está en la gancho, utilice la direccional hacia arriba y hacia abajo. Precaución! Si el payaso cae fuera de la ganga, él se lastimar.
Paperboy (USA, Brazil) (En)	Monte su bicicleta y ¡a las calles! Solamente su magnifica destreza como ciclista y un brazo que puede tirar fuertemente le pueden ayudar a sobrevivir una semana de acción divertida. Evite coches, trabajadores, borrachos y cortacespedes mientras trata de entregar todos sus periódicos.
Parlour Games (USA, Europe)	Elije el excitante juego de billar, los dardos o el bingo. En el billar, elije bola nueve o rotación. En los dardos, juega a 301 o 501. O prueba tu suerte en el bingo.
Pat Riley Basketball (USA) (Proto)	Pat Riley Basketball es un juego de baloncesto, desarrollado y publicado por Sega, que fue cancelado antes de su estreno.
Penguin Land (USA, Europe)	Bienvenido al País de los Pingüinos. Su misión: devolver a casa, desde un país lejano los ágiles huevos, sanos y salvos. Su viaje le llevarà por misteriosas cavernas, donde le esperan animales peligrosos para atacarle y destruir los huevos.
PGA Tour Golf (Europe)	La multitud que rodea el hoyo número 18 enmudece. Después de 27.032 yardas, 71 hoyos y cuatro penosas vueltas, un golpe de 23 pies te dará el birdie que te separa de tu primera victoria en el torneo. Este es el gran momento. ¡PGA TOUR Golf pone en tus manos toda la emocitón, diversión, desafío y recompensas del auténtico PGA TOUR!
Phantasy Star (World) (En) (Sega Ages)	Phantasy Star para Master System es un juego de rol en el que juegas como una chica llamada Alis. La historia comienza cuando su hermano es asesinado por Lassic. Alis se embarca en una búsqueda para detener Lassic y, al mismo tiempo, salvar el mundo. Las batallas tienen lugar en turnos y algunos entornos son visibles en 3D.
Pit-Fighter (Europe)	Pit-Fighter es un juego de lucha en tercera persona que cuenta con gráficos digitalizados de luchadores reales y efectos de acercamiento. Los jugadores seleccionan uno de los tres luchadores (Buzz, Ty o Kato) para enfrentarse a cualquiera que se atreva. Al final de un partido, los jugadores reciben individualmente un Bono Knockout, Bono Brutality y un Fight Purse. Cada tercer partido es un Grudge Match donde los jugadores ponen a prueba las habilidades de cada uno. El último hombre en pie es el ganador de este partido de tres derribos. Los jugadores luchan para llegar al Elimination Match para decidir quién gana la oportunidad de destronar al campeón, Masked Warrior.
Populous (Europe, Brazil) (En)	¡Ahora tiene la oportunidad de jugar a ser Dios! ¡Haga el mundo en una semana y destruyalo en un santiamén! Conquiste 5000 mundos hostiles nn¡Controle diluvios torrenciales,volcanes,patanos y terremotos! nn
Poseidon Wars 3-D (USA, Europe, Brazil) (En)	Mantenga su vista fija en el horizonte y el dedo en el gatillo listo para disparar en esta exptosiva batalla naval tridimensional de Sega. Con bombarderos en picado, misiles y torpedos que tratan de enviarle al fondo de los mares, necesitará de toda su habilidad y suerte para mantener su crucero de ataque a flote y destruír al enemigo.
Power Strike (USA, Europe, Brazil) (En)	La Tierra está amenazada por vida vegetal mutante y sus seguidores humanos zombies. Una fuerza puede detener el arraigo de los malvados vegetales: Power Strike, el caza de combate más versátil del mundo. Destruya al enemigo en el aire y en tierra, y salve al planeta de la reptante amenaza verde.
Power Strike II (Europe, Brazil) (En)	Un piloto solitario se coloca los arneses de vuelo y se prepara para la batalla. Su vida lo ho llevado hasta este momento, él sabe que ha llegado la hora de ¡eliminar a las fuerzas piratas de los cielos!
Predator 2 (Europe)	¡¡¡El Predator está en la ciudad pasando unos días asesinos!!! Viene de un mundo lejano...es invisible y está armado con poderosas armas totalmente desconocidas para nosotros. Está al acecho de humanos para cazarlos despiadadamente...por diversión. Como el Teniente Harrigan, tu tarea es rescatar gente inocente de las garras de las malvadas bandas de traficantes de drogas ? antes de que se conviertan en trofeos del Predator. Búscale en las calles, tejados y subterráneos hasta que le hagas frente. ¡El Predator ha comenzado su caza...encuéntralo antes de que él te encuentre!
Prince of Persia (Europe, Brazil) (En)	Tomadas a partir de cientos de clips cinematográficos, las secuencias animadas parecen tan increíblemente humanas que en pocos segundos te transformarás en un adicto de este juego. Tu habilidad para luchar con la espada será puesta a toda prueba mientras haces frente al reto que te impone el resolver este fascinante enigma. Gran cantidad de pasajes secretos, salones fantásticos, violentos oponentes y pociones mágicas estarán a tu espera cuando trates de frustrar los planes del malvado Gran Visir Jaffar y rescatar a la hermosa princesa, para así transformarte en el PRINCIPE DE PERSIA.
Pro Wrestling (USA, Europe, Brazil) (En)	¡Salte al cuadrilátero! Ahora podrá formar parte del loco y duro mundo de la lucha litre. Usted dará cabezazos, codazos, y golpes con el cuerpo, y expulsar del cuadrilátero a su contrincante. Es posible que incluso le salve la campana.
Pro Yakyuu, The - Pennant Race (Japan)	Yakyuu Pro Pennant Race es un juego de béisbol para el Sistema Maestro de Sega. El juego fue una actualización de Great Baseball, un título que no se lanzó en Japón. El juego sufrió cambios significativos, como la localización de jugadores y equipos para el mercado japonés, junto con la adición de nuevos modos de juego, una interfaz más detallada y una vista de pájaro al desplegar en lugar de la vista isométrica de Great Baseball.
Psychic World (Europe, Brazil) (En)	El Dr. Knavik necesita que usted emplee su &quot;Sobrealimentador EPS&quot; para rescatar a la joven Cecile. Ella y su hermana, Lucia, eran sus ayudantes, y los monstruos que el Dr. Knavik tenía para sus experimentos ¡escaparon con ella! Aventúrese en este mundo espantoso, místico, y a veces hermoso, esquive las numerosas criaturas y peligros, y ¡salve a la pobre Cecile!
Psycho Fox (USA, Europe, Brazil) (En)	Psycho Fox es un juego de aventura centrado alrededor de entretenidas y emocionantes escapadas de un zorro muy especial. Psycho Fox se aventura en muchos mundos inesperados para conbatir con las bestias y los monstruos extraños que encuentra en su paso.
Putt & Putter (Europe, Brazil) (En)	Las olas chocan contra la costa mientras pones la pelota en el tee. A la distancia...¿paragolpes de pinball? Una extraña combinación de minigolf y pinball. ¡Es el Putt & Putter!
Quartet (USA, Europe)	La colonia espacial numero nueve está siendo amenazada por una invasión muy peligrosa. Los extraños atacan. Sólo tú tienes el poder de detener a este grupo y salvar a la colonia.
Quest for the Shaven Yak Starring Ren Hoek & Stimpy (Brazil) (En)	Ren y Stimpy acaban de encontrar un par de pezuñas que pertenecen a la gran Shaven Yak, las cuales perdió en el último día del afeitado del Yak. Ahora deben encontrar a Shaven Yak y devolverle sus pezuñas, o no habrá más días del afeitado del Yak! En este juego de plataformas el jugador puede escoger entre ser Ren o Stimpy al inicio de algunas de las pantallas. Ambos pueden saltar y disparar (Ren dispara cepillos de dientes, Stimpy escupe), y cada uno de ellos tiene su propia habilidad especial: Ren puede realizar saltos de altura de mayor alcance, Stimpy puede aplastar cosas saltando sobre ellas. Cada personaje empieza el juego con tres vidas. A lo largo de los niveles tales como &quot;El bosque que Blacker Negro&quot;, &quot;El hediondo desierto seco&quot; o &quot;La Hedionda Wet Bayou&quot; Ren y Stimpy se enfrentarán a otros animales enemigos, tales como pájaros, ranas, pájaros carpinteros, buitres, serpientes, etc. Los niveles se dividen en varios sub-niveles, y al final de cada nivel, se enfrentarán a un jefe final. También van a encontrar algunas armas inusuales, como una rebanada de pan (que vuela en círculos), un mando a distancia (que emite ondas eléctricas) y una pastilla de jabón (que emite burbujas). Si son golpeados mientras utilizan un arma, perderán dicho arma, pero su salud no se verá afectada. Ellos podrán recuperar la salud al recoger artículos como televisores, bolsas de dinero en efectivo, botellas y botas.
R-Type (World)	¡Se trata de usted contra las criaturas del malvado Imperio Bydo! Pilote la cosmonave supersecreta R-9 a través de oleadas de alienígenas y sus mortíferas máquinas de guerra.
R.C. Grand Prix (USA, Europe, Brazil) (En)	¡ Acaba de empezar una carrera de automóviles controlada por rad o dentro de tu casa! Con este juego tú puedes gozar de la excitación de una carrera de automóviles real controlada por radio. Goza de la emoción de cambiar un número de diferentes circuitos de carreras, donde cuatro automóviles controlados por radio se adelantan chocando contra otros. Hay también una carrera de velocidad esperándote.
Rainbow Islands (Europe)	¡La historia de Bubble Bobble continúa! Bubbly ha emprendido un viaje mágico y misterioso. Los ejemplares ciudadanos de las islas Rainbow han sido tomados prisioneros, y sólo el poder del arco iris de Bubby podrá salvarlos.
Rambo - First Blood Part II (USA)	En la búsqueda de sus amigos capturados, usted como ASHURA. o junto con sus compañeros de armas, BISHAMON. deberá infiltrarse en la amplia fortaleza enemiga. Emplee el rifle automátioo y flechas con granada contra enemigos tales como los fusileros, los bazookas, los artilleros, y muchos mas.
Rambo III (USA, Europe, Brazil) (En)	John Rambo, el soldado más popular de América, emprende un valeroso intento de rescate en una base militar soviética en el corazón de Afganistán devastado por la guerra. Un juego que pone a prueba hasta el límite su capacidad de combate.
Rampage (USA, Europe, Brazil) (En)	George, Lizzy y Ralph eran estadounidenses normales, hasta que un experimento salió mal, convirtiéndolos en un gorila, un lagarto y un hombre lobo respectivamente. Después de esto, los tres planean ir destruyendo edificios, y hasta 3 jugadores pueden participar. Romper los bordes de los edificios el tiempo suficiente los hará colapsar. La policía y el ejército te persiguen y te dispararán, así que intenta destruirlos. Necesitarás comer regularmente, con cosas como las plantas que se te ofrecen, para evitar volver a ser humano.
Rampart (Europe)	Rampart combina el mejor de los juegos de estrategia para resolver un enigma, con una acción dinámica y destrucción medieval. Rampart permite que un máximo de dos jugadores viaje en el tiempo hasta la Edad Media para construir fortificaciones y ubicar cañones, tal como los poderosos Señores y Barones solían hacerlo.......... ¡Prepárese! Que la batalla está por comenzar.
Rastan (USA, Europe, Brazil) (En)	Viaje a las procelosas tierras de Semia, que nadie se atreve a hollar. Una princesa está cautiva. Si la rescata, recibirá riquezas sin cuento como recompensa. ¡Pero Vd. es un bárbaro. un señor del frío acero! Y, ¿quién controla realmente su destino?
Reggie Jackson Baseball (USA)	Tu lanzador está preparado en el montículo. El bateador se tira un poco para atrás. Tú coges fuerza y lanzas una pelota rápida. ¡Crack! El bate de madera golpea la pelota. Las gradas se exaltan. ¡Buen juego! Ha llegado bien a la base.
Renegade (Europe, Brazil) (En)	Eres un vigilante de puños de acero que te has propuesto salvar a tu cíudad de la mafia malvada. Armarás follón y camorra por las Calles. Retarás a las pandillas de motoristas a peligrosas batallas por la autopista. Aplastarás a gamberros armados a medida que te abres camino a la mansión de la mafia para llevar a cabo la útima lucha.
Rescue Mission (USA, Europe, Brazil) (En)	Sus amigos se encuentran atrapados detrás de las líneas enemigas. Están heridos y necesitan su ayuda para escapar. Usted envía a los médicos...a una peligrosa misión de rescate.
Road Rash (Europe, Brazil) (En)	Road Rash es un agresivo juego de carreras de motos en el que el jugador asume el rol de un motociclista que participa en una serie de carreras ilegales en EE. UU. Comenzando en la parte posterior del grupo, el objetivo siempre es terminar primero en un recorrido lineal, superando a los otros motociclistas. Esto se logra manejando muy bien o jugando sucio, golpeando a los oponentes usando palos, palancas o tus propias manos. Los otros corredores luchan de manera similar y también hay riesgos. Todas las carreras tienen lugar en la carretera regular con tráfico normal y la policía, así como ocasionalmente con manchas negras en el suelo y vacas callejeras. Al ganar carreras, puede ascender a una división más fuerte y ganar dinero con el que puede comprar una mejor bicicleta. Cada vez que te quiten la bicicleta o golpees algo, tendrás que volver corriendo a tu bicicleta y perder un tiempo valioso, además tu bicicleta sufrirá algún daño.
RoboCop 3 (Europe, Brazil) (En)	El viejo Detroit. Las calles son un peligro. Sólo un hombre puede enfrentarse a tales individuos. ROBOCOP?! Con la tecnologia de las armas, piel y nervios de acero acecha a sus victimas... ¡malhechores por cualquier esquina! ¡ACABA CON LOS DROIDES VOLADORES DEL OCP! ¡ALIATE CON TU VIEJO ENEMIGO, EL GIGANTE ED-209! ¡ENFRENTAMIENTO EN MOTOR CITY!
RoboCop Versus The Terminator (Europe, Brazil) (En)	En un futuro próximo, los mundos de RoboCop y Terminator se funden en una única realidad. Tú eres Robocop y debes salvar a la Humanidad destruyendo al Super-Ordenador Skynet en un posible futuro en el que las máquinas gobiernan la Tierra y Skynet es el Jefe Supremo.
Rocky (World)	Usted se encuentra en un sueño. Atrayendo las miradas de todos, porque es el mejor. ¡El campeón mundial de pesos pesados! Una adaptación de la peliculas clásica de boxeo.
Running Battle (Europe, Brazil) (En)	Una ciudad vecina ha caído en manos del siniestro &quot;M&quot; y de sus &quot;soldados de la oscuridad.&quot; Entra en la &quot;zona oscura&quot; y ábrete camino con golpes y patadas, hasta llegar al lugar de la confrontación final!
Sagaia (Europe, Brazil) (En)	Darius, un pacífico planeta muy parecido a la Tierra, fue completamente destruido no hace mucho por un enemigo desconocido. Dos jóvenes pilotos lograron escapar y, siguiendo una débil señal de las ruinas de su planeta, se han propuesto volver.
Satellite 7 (Japan) (En)	Satellite 7 es un juego del estilo &quot;shoot-'em-up&quot; desarrollado y publicado por SEGA. Fue lanzado al mercado en exclusiva para Master System en Japón en 1985 en el formato Sega Card.
Schtroumpfs Autour du Monde, Les (Europe) (En,Fr,De,Es)	LOS PITUFOS VIAJAN POR EL MUNDOnnEl Pitufo Fisgón y Pitufina han roto el cristal mágico y helos entonces transportados hacia otros lugares del planeta. Recoge todos los cristales que te encuentres en tu camino. Para que aparezcan, vas a tener que afrontar los elefantes de los mares del Polo Norte, los Indios de América, los pulpos de los océanos... Tan sólo cuando hayas pitufado todos estos desafíos, conseguirás volver al pueblo.
Scramble Spirits (Europe, Brazil) (En)	La Tierra ha sido atacada por fuerzas extraterrestres. Sus armas son poderosas y su número es inestimable. Se necesitará un par de pilotos de caza audaces para denotarlos. ¿Te sientes apto para esta misión?
Sega Chess (Europe, Brazil) (En)	Paciencia, ingenio, y el deseo de ser el mejor son las claves para convertirse en un maestro del ajedrez. ¡Sega Chess ofrece incluso al jugador más experimentado el juego de toda una vida!
Sega Graphic Board (USA) (v2.0) (Proto)	No se trata de ningún juego, es un cartucho que sirve como test para probar los colores y los accesorios de Master System.
Sega World Tournament Golf (Europe, Brazil) (En)	Desafiantes campos de golf, una variedad de modos y un juego auténtico, Sega World Tournament Golf lo tiene todo.
Senha (Brazil) (Mega Drive 4)	El propósito de este juego es unir la secuencia de símbolos de símbolos. Mueve el cursor con los botones de dirección y seleccione los símbolos deseados en un intento.
Sensible Soccer (Europe)	Póngase al mando de su selección nacional o club europeo preferido y participe en las diversas competiciones de copa y liga. Con todo el ambiente del fútbol europeo del más alto nivel, usted puede llevar a un equipo de 15 jugadores al podio de la victoria. ¡El juego de fútbol sin igual!
Shadow Dancer - The Secret of Shinobi (Europe, Brazil) (En)	Un violento grupo terrorista está tratando de hacer fracasar una misión espacial crucial. ¡Usted, como Takashi, el noble guerrero Ninja, tendrá que tratar de aniquilar los terroristas empleando sus mortíferas estrellas, su temible espada, y sus poderes mágicos de Ninjutsu!
Shadow of the Beast (Europe, Brazil) (En)	Desde el más allá de las tinieblas el guerrero clama venganza. La Sombra de la Bestia? anda suelta por el Master System en una aventura extraordinaria. Incesante combate mientras la Bestia lucha contra 100 formas extrañas en 8 regiones hostiles de un Mundo sobrenatural. ¡Tan real que casi puedes sentir los puños!
Shanghai (USA, Europe)	La finalidad de Shanghai consiste en quitar las fichas en pares que concuerden. La dificultad está en seleccionar las fichas que deben quitarse, porque el juego sólo puede completarse en 72 movientos consecutivos.
Shinobi (Japan, Brazil) (En)	Usted es un Gran Maesto Ninja. Ante usted, el grupo más desalmado de terroristas que nunca empuñara armas de fuegos y de artes marciales. Pero usted cuenta con un arma secreta ... ¡La Magia Ninja!
Shooting Gallery (USA, Europe, Brazil) (En)	¿ Podras resistir la intensidad de estos 4 juegos ?nn¿ Ojos de lince ? ¿ Buena punteria ? ¿ Precisión contra el tiempo ?nnEsperemos, porque es la unica manera de sobrevivir en SHOOTING GALLERY.
Simpsons, The - Bart vs. The Space Mutants (Europe, Brazil) (En)	Hola humanos, aqui Bartolomeo J. Simpson, con un secreto muy importante: ¿LOS MUTANTES DEL ESPACIO ESTAN INVADIENDO SPRINGFIELD! Un grupo de delgados y putrefactos monstruos están invadiendo los cuerpos de la gente y quieren construir un arma para esclavizar al planeta entero. De todos modos este servdor es el único que los puede ver gracias a mis gafas de rayos X.
Simpsons, The - Bart vs. The World (Europe, Brazil) (En)	¡Eh! Te propongo un trato. Yo gané el concurso artístico del Payaso Krusty por eso mi familia y yo recorrimos a bordo de esta búsqueda super güay del tesoro universal China, Egipto, el Polo Norte y Hollywood. Pero necesito tu ayuda para recoger caras y productos Krusty si quiero llegar a mi último destino: ¡considérate invitado al Show de Itchy y Scratchy! ¿Alguna pregunta? Bueno, pues me largo. Tu amigo,nnBart Simpson.
Sitio do Picapau Amarelo (Brazil)	La Tia Nastácia se enferma de &quot;Hechizos Acumulatus&quot;, para curarla sería necesario crear una poción encontrando 5 difíciles ingredientes: plantas mágicas, sangre de murciélago gigante, el caparazón de Saci, el bastón de Curupira y un mechón de pelo de Iara. Pedrito y Emilia deciden aventurarse para conseguir esos ingredientes. Pero si no lo logran antes de la noche siguiente, ella pasará a quedarse durmida durante 100 años!
Slap Shot (USA, Europe, Brazil) (En)	¡Corte este tiro! Sienta todo el entusiasmo de un juego tan rudo que e veces se denomina combate cuerpo a cuerpo sobre hielo. Este juego le presentará veinticuatro de los mejores equipos del mundo para disfrutar a placer.
Smurfs, The (Europe, Brazil) (En,Fr,De,Es)	LOS PITUFOS ¡Pitúfase quien pueda! Gargamel ha decidido pitufar a TODOS los Pitufos. Ya se ha lievado a tres. Tu misión será arriesgada y peligrosa. Tendrá que afrontar toda clase de enemigos, entre otros al Ketekasko, los Pitufos negros, Azrael, y... Gargamel Sólo triunfarán los más pitufos...
Solomon no Kagi - Oujo Rihita no Namida (Japan)	Para salvar al mundo de los demonios, Dana se embarca en la búsqueda de la Llave de Salomón capaz de sellar el paso creado por los monstruos. Audaz mezcla entre un juego de acción y un rompecabezas gigante, Salomon's Key no solo es uno de los retos más difíciles en Master System, sino también uno de los más adictivos. El jugador debe usar su lógica y los reflejos para descubrir los misterios de cada pieza.
Sonic Blast (Brazil) (En)	Conversión del juego de mismo nombre de Sega Game Gear, llevado a Master System de la mano de Tectoy en 1997. Juego de plataformas del erizo azul más veloz del mundo.
Sonic Chaos (Europe, Brazil) (En)	El Dr. Robotnik ha robado la Esmeralda roja del Caos; ahora sólo depende de Sonic, el erizo, el poder recuperarla. En el papel de Sonic o de &quot;Tails&quot;, el zorro de dos colas, tú deberás atravesar las Zonas, usando tus rápidos movimientos y gran astucia para recolectar anillos y evadir a los malvados aliados del Dr. Robotnik.
Sonic Spinball (Europe, Brazil) (En)	Desde cenagosas alcantarillas hasta la monstruosa sala de máquinas, la fortaleza más reciente del Dr. Robotnik es una gigantesca máquina de jugar con bolas. ¿Soportará ésta una invasión rotante de Sonic? Bote desde gigantescas aletas y silbantes salidas de vapor. Acelere a través de vertiginosas vueltas y elévese por rampas que desafian a la muerte.
Sonic The Hedgehog (USA, Europe, Brazil) (En)	Rompe la barrera de velocidad del juego de video con Sonic, el erizo. Desplázate a toda velocidad usando el ataque giratorio supersónico. Déjate caer por túneles y gira a través del espacio. Rebota hasta quedar mareado en una máquina de bola loca. ¡De seguro que nunca antes habías visto algo como esto!
Sonic The Hedgehog 2 (Europe, Brazil) (En)	Monte en un automotor, vuele en un ala delta atravesando una furiosa tormenta, y pase a través de un intrincado laberinto de tubos retorcidos en la carrera en la que participarán usted y Sonic The Hedgehog? para salvar a Tails y sus amigos del demoníaco Dr. Robotnik?. ¡Es la acción en 8 bits mas movida que nunca!
Sonic's Edusoft (Europe) (Proto)	El juego fue desarrollado por Tiertex Design Studios en 1991. El desarrollo comenzó poco después del Sonic the Hedgehog (16-bit). No se sabe porque se dejo de desarollar el juego, pero si se hubiera lanzado sería el primer juego educativo de Sonic. Pero en 1996 se lanzo Sonic's Schoolhouse para PC, siendo el primer juego educativo de Sonic.
Space Gun (Europe)	Desde un nave espacial averiada en el extremo de la galaxia llega un grito de socorro. Monstruos horribles se han apoderado de ella y usted ha sido designado para salvar a lo que quede de su tripulación humana. Elija su camino por pasillos oscuros y lugares mortales donde la acción no cesa.
Space Harrier (Japan, USA) (En)	Hace mucho tiempo existio una tierra lejana donde los dragones vi vian en paz. Pero un día sufrieron un terrible ataque. Tu eres su última esperanza.
Space Harrier 3-D (USA, Europe, Brazil) (En)	La tierra de los dragons está siendo atacada. El legítimo príncipe de los dragons, Euria, ha sido raptabo. Sólo una persona tiene el coraje suficiente para adentrarse en los confines de la tierra de los dragons. Ese es usted...Space Harrier. ¡Pero cuidado? El enemigo sabe que se acerca y le está esperando.
Special Criminal Investigation (Europe)	Este es un juego pleno de emoción que empieza tan pronto como usted se coloca detrás al volante. Usted, el mejor policia del cuerpo, se va a enfrentar a unos criminales que harán cualquier cosa para salirse con la suya. Han secuestrado a la hija del alcalde y usted es su única salvación.
Speedball (World) (Evercade)	Speedball es el deporte de acción del siglo XXI. Con armadura claveteada, casco y guantes, se encontrará cara a cara con algunos de los terroristas más peligrosos y malvados del mundo. Esquive ataques que parten cuellos y golpes rompehuesos para pasar un balón solido de acero hacia la porteria del contrario. Golpee a su enemigo lo bastante y gritará piedad.
Speedball 2 (Europe)	Speedball 2:Un deporte del futuro, violento y casi legal con una única regla: meter la sólida pelota de acero en las redes de la portería enemiga. Lo único más violento que este deporte sangriento son los brutos que lo juegan. Y no los hay más brutos que los Brutal Deluxe, caras nuevas a la cola de la liga, sedientos de sangre y hambrientos de fama.
SpellCaster (USA, Europe, Brazil) (En)	Tu eres el guerrero Kane y llegas al templo Summit asistiendo la llamada del maestro Daikak. Este ultimo te informa que el templo Enriku fue atacado por un enemigo desconocido... Daikak envió a diez soldados a proteger el templo pero hace tiempo que no sabe nada de ellos... Tu destino es detener los ataques y revelar la identidad del enemigo.
Spider-Man (USA, Europe, Brazil) (En)	Kingpin ha vuelto a la ciudad con su ultimo plan para destruir al Hombre Araña. Ha puesto una bomba en Nueva York y piensa culpar a Arañita. ¿Puede usted ayudar a nuestro héroe a salir con éxito de esta desesperada situación?
Spider-Man - Return of the Sinister Six (Europe, Brazil) (En)	El Dr Octopus está planeando el número cumbre de su carrera criminal para... ¡DOMINAR EL MUNDO! Ha reunido a The SinisterSix?: Electro?, Sandman?, Mysterio?, The Vulture? y Hobgoblin? ¡Los Seis Siniestros! Nada puede detener el avance de estos súper villanos reunidos... ¡excepto tu simpático vecino Spider-Man®! ¿Podrá, nuestro amigo Spidey?, salvar el mundo?. ¿Bastarán sus súper poderes para derrotar a los seis siniestros o es demasiado incluso para Spider-man? Sólo tú conoces la respuesta, porque ¡TU eres Spider-man®, balanceándote en la más emocionante de las aventuras del momento para Master System?¡
Sports Pad Football (USA)	Juego de futbol americano para el cual es necesario el mando &quot;SportPad&quot; para poder jugar.
Sports Pad Soccer (Japan) (En)	Regateos, pases, saques de esquina, etc. Robe la pelota a su contrario. Rompa el bloqueo de un cabezazo. Aproveche un descuido del defensa y meta la pelota en la red. También hay desempate a penalties. (para 1 o 2 jugadores)
Spy vs Spy (USA, Europe, Brazil) (En)	El cómic homónimo de la revista cobra vida en este juego diseñado para uno o dos jugadores. La innovadora pantalla dividida muestra a los dos espías al mismo tiempo. Juega con un amigo o contra la máquina. El Cuervo Negro y el Cuervo Blanco están listos para luchar antes de que suene la campana. Encuentra los artículos necesarios buscando en los cajones, armarios y muebles de la casa. Burla a tu oponente colocando trampas creativas en diferentes habitaciones (una bomba en un cajón de la cómoda, por ejemplo). La lucha se produce cuando ambos espías entran en la misma habitación. Encuentra armas ocultas en las habitaciones para ayudarte en estos combates, ya que uno de vosotros morirá si os cruzáis.
Star Wars (Europe, Brazil) (En)	La misión: Rescatar a la Princesa Leia de las MALVADAS garras de Darth Vader! Acudir en busca de ayuda a Obi-Wan Kenobi y Han Solo; pero, para eso primero habrás de encontrarlos. Por último, te corresponde detonar el mortífero misil final que acabará para siempre con el cuartel general del lado oscuro y ... QUE LA FUERZA TE ACOMPAÑE!
Street Fighter II' (Brazil) (En)	Conversión del famoso arcade de lucha para Master System llevada a cabo en exclusiva por la distribuidora brasileña Tectoy. Lucha y compite por ser el mejor luchador y ganar el torneo.
Streets of Rage (Europe, Brazil) (En)	Adam Hunter, Axel Stone y Blaze Fielding son tres ex-policías que intentan salvar a su ciudad del sindicato maléfico del crimen que se ha apoderado de ella. ¡Elija a uno de ellos y luche con las manos limpias o con cualquier tipo de arma que pueda encontrar... mientras cruza las Calles de la Rabia!
Streets of Rage II (Europe, Brazil) (En)	Skate Hunter se une a los ex policías Axel Stone y Blaze Fielding en una lucha sin cuartel en las calles contra pandillas de &quot;punks&quot;, motociclistas, ninjas y luchadores profesionales, ¡todos ellos equipados con armas de alta tecnología! Usa tus puños, o coge un cuchillo o un tubo, ¡y participa en la acción!
Strider (USA, Europe, Brazil) (En)	Juegas como Hiryu, miembro de la hermandad de los Striders, una especie de orden caballeresca moderna, que lucha contra el siniestro &quot;Grand Master Meio&quot;, que desea conquistar el mundo. Diezmada su hermandad, usted es uno de los únicos Striders que siguen vivos para buscar venganza. El juego adopta la forma de un juego de plataformas. Armado con tu sable láser (Cypher), tendrás que eliminar a numerosos enemigos en varios niveles que van desde la Unión Soviética hasta la selva tropical. También puedes colgarte de las paredes con un gancho metálico. Ocasionalmente, las bonificaciones obtenidas al destruir cápsulas te permitirán aumentar el alcance de tu espada o ir acompañado de un pequeño robot que destruirá a tus enemigos. Apreciamos los espectaculares movimientos del personaje desenvainando su arma o girando en el aire mientras salta.
Strider II (Europe, Brazil) (En)	Un Strider (the warrior) ha sido llamado para salvar a los habitantes del planeta Magenta. Armado con un láser giroscópico y un convertidor de materia, debe abrirse paso a través de un bosque, una ciudad en ruinas, asentamientos subterráneos, los tejados de un edificio y, finalmente, la nave prisión en la que se encuentra el líder de los Megantans. La jugabilidad es similar a la del original, consistente en correr, saltar y atacar, con un personaje central muy dinámico. La pistola láser puede usarse estando quieto. Los ataques en movimiento con la espada siguen siendo posibles, combinándose ambas armas de forma similar a los juegos de Switchblade. Se pueden recoger fichas que te convertirán en un robot para enfrentarte a los jefes de final de nivel (si recoges las suficientes).
Submarine Attack (Europe, Brazil) (En)	La Criatura Metamór?ca ha vuelto a capturar ciudadanos de Balderia. ¡que todavia no se habia recuperado de su último encuentro con el monstruo 4 años atrás! ¡Guíe al almirante Mikan a través de los peligros de las aguas profundas hasta el complejo enemigo, y ayúdele a destruir al monstruo!
Sudoku (Brazil) (Mega Drive 4)	Rellene con los espacios vacíos con números de 1 a 9 sin repetición, en la fila, columna o cuadrado.
Sukeban Deka II - Shoujo Tekkamen Densetsu (Japan)	Un juego basado en la licencia Deke de Sukeban. La serie sigue a una colegiala japonesa que eligió luchar contra el crimen. Su única característica notable, con respecto a este juego, un yo-yo reforzado en metal que usa para golpear a sus enemigos.
Summer Games (Europe, Brazil) (En)	La antorcha ceremonial está encendida, las palomas vuelan en plena libertad... Los Juegos de Verano han sido inaugurados oficialmente. Atletas de ocho países se han reunido para mostrar su talento. Usted tiene ahora la oportunidad de vencerlos a todos. Natación, salto de trampolín y atletismo. Elija la nación que desea representar y vaya a por la medalla de oro, o quizá un nuevo récord del mundo.
Super Basketball (USA) (Auto Demo)	Demo no jugable de un juego no lanzado al mercado. El cartucho contiene sonidos y música FM que solo pueden ser activados con un patch.
Super Kick Off (Europe, Brazil) (En,Fr,De,Es,It,Nl,Pt,Sv)	Super Kick Off captura todo el ritmo vertiginoso, destreza y precisión del más renombrado titulo mundial de fútbol!
Super Monaco GP (USA)	El campeonato mundial de Super Monaco GP, le llevará a usted y a su equipo a an circuito internacional de 16 carreras. ¡Queme neumáticos con los mejores pilotos del momento en una prueba de velocidad, conocimiento de la carretera, y resistencia!
Super Off Road (Europe)	SUPER OFF-ROAD es lo ùltimo en carreras a campo través. Cuatro vehículos todo terreno circulan a toda velocidad por las peligrosas pistas de montaña llenas de barrancos, bonus de energía y otros premios. Nadie entiende de deportividad en este juego. ¿Crees que posees la habilidad y la determinación necesaria para llegar en cabeza?
Super Racing (Japan) (En)	Juego de simulación de Formula 1 con vista aérea. Licenciado en exclusiva solo para Japón.
Super Smash T.V. (Europe)	¡Felicidades! Eres el próximo concursante afortunado en el juegoespectáculo con lo último en premios....¡TU VIDA! Elige 6 armas futuristas y derrota a las hordas de mutantes ciborg, las poderosas esferas, los tanques de asalto y ¡a los hombres mutoides de 30 toneladas! Características: 1 ó 2 jugadores con acción simultánea, 2 controladores de acción con un poder de disparo de 360°° Basado en el éxito arcade Williams/Bally®
Super Space Invaders (Europe)	¡Space Invaders es el más famoso videojuego de todos los tiempos! Ahora llega SUPER SPACE INVADERS con una increíble variedad de novedades: oleadas de hostiles seres extraterrestres, fantásticos campos da acción donde la imagen puede trasladarse en dirección múltiple, enormes supermonstruos para finalizar cada nivel, y niveles secretos que sólo los mejores serán capaces de hallar. Te hará perder la razón, ¡pero no podrás resistir la tantación de seguir jugando!
Super Tennis (USA, Europe)	Lob!, Volea!, smash! Está a cuarenta iguales y usted tiene que conseguir un set para ganar el partido. Todos los detalles están ahi, ofreciendo una acción y estrategia realistas en la cancha de su casa.
Superman - The Man of Steel (Europe, Brazil) (En)	&quot;Brainiac? ha secuestrado a Lois Lane?. La estrella de la suerte gira alrededor de la Tierra. Los más peligrosos adversarios que jamás ha tenido que enfrentar Superman? se han desbocado ¡Qué reto más grande para The Man of Steel?, su Termovisión y el poderío de su Súper Puñetazo!&quot;
T2 - The Arcade Game (Europe)	El numero uno entre los juegos de arcade 'a la caza de...' hace una incursion en Master System?'. Eres un Terminator T-800 con un arsenal impresionante: ametralladoras de repetición, pistolas, misiles y un lanzagranadas M-79. ¡Destroza endoesqueletos y Helicópteros HK! ¡Acaba con el metal líquido del T-1000... o estás acabado!
Taito Chase H.Q. (Europe)	&quot;Chase H.Q.&quot; es un juego de carreras basado en puntos de control en el que el jugador asume el papel de un policía encubierto llamado Tony Gibson en este juego inspirado en &quot;Miami Vice&quot; de Taito. Gibson conduce un poderoso coche de policía sin marcas (parecido a un Porsche 911) junto con su compañero, 'Raymond Broady' y debe perseguir y detener a varios criminales. El jugador tiene entre cincuenta y cinco y setenta segundos para alcanzar al criminal que huye, y luego, en el mismo período de tiempo, vuelve a chocar repetidamente contra el coche del criminal hasta que éste queda demasiado dañado para conducir. El coche del criminal se aleja constantemente, así que si el jugador choca repetidamente o conduce demasiado despacio, el criminal escapará y el juego terminará.
Tangram (Brazil) (Mega Drive 4)	Utilice las piezas disponibles para montar las figuras.
Taz in Escape from Mars (Brazil) (En)	Marvin el Marciano visita el Marvin zoo, lleno de especies encerradas en jaulas. Mira su libro de criaturas de la Tierra y divisa una especie rara, el Demonio de Tasmania. Al secuestrarlo lo deja en el Marvin zoo, donde nuestro enjaulado amigo deberá escapar. El juego se divide en 6 mundos, los cuales se dividen en 2 partes donde se debe recorrer el mundo buscando la salida y 1 nivel de lucha. En ellos hay enemigos que lanzan rayos lasers, saltan, flotan, etc. También hay comida y objetos que pueden quitar energía.
Taz-Mania (Europe, Brazil) (En)	Únase a TAZ, el Diablo de Tazmania, a medida que se lanza a le búsqueda de la tortilla más grande del mundo. Nada podrá oponerse a su paso cuando avance a través de un isla llena de altiplanos precarios, junglas hostiles, cavernas misteriosas, y ruinas desmoronándose.
Tecmo World Cup '93 (Europe)	Veinticuatro equipos de todo el mundo son los que participan en el Campeonato del Mundo de Fútbol. Elija un equipo y trate de ganar a la computadora en un partido de exhibición, enfréntese a un amigo o métase de lleno en el Campeonato del Mundo. La acción nunca cesa.
Teddy Boy (USA, Europe, Brazil) (En)	Pase de un laberinto de pesadilla a otro cargándose bichos, peces malignos, caracoles, gusanos, etc. a medida que avance. Pero tenga cuidado. Usted tendrá que eludir a la horrible Den Den, cabeza de dragón mordedora. O se verá forzado a darse cuenta de la realidad.
Tennis Ace (Europe, Brazil) (En)	En tu primer saque, la pelota es lanzada por tu raqueta como un ardiente misil. Institivamente avanzas hacia la red. Tu adversario te devuelve el saque, pero ya estás listo para responder. Con la velocidad de un rayo levantas la raqueta, interceptas la pelota por encima de la cabeza y la devuelves &quot;smash&quot;. EI no tuvo oportunidad alguna. ¡Tú estás en Tennis Ace!
Tensai Bakabon (Japan)	Juego de acción y plataformas que salió en Japón en exclusiva el cual está basado en una adaptación del manga &quot;Tensai Bakabon&quot;.
Terminator 2 - Judgment Day (Europe)	Con toda la acción explosiva del éxito cinematográfico. Eres un Terminator enviado del futuro, equipado con un objetivo en pantalla y un impresionante arsenal de armas. ¿Estás preparado para enfrentarte al T-1000 de metal líquido en la fábrica de acero? Salva el futuro o serás EXTERMINADO.
Terminator, The (Europe)	Kyle Reese, guerrero solitario del futuro, regresa al pasado para proteger a la única mujer cuya existencia resulta clave para la supervivencia de la raza humana. Juntos deberán enfrentar no sólo todas las sorpresas que les depara la ciudad de Los Angeles, sino también los aterradores poderes de un ente cibernético conocido con el nombre de Terminator, quien no se detendrá ante nada hasta lograr matarlos.
Thunder Blade (USA, Europe, Brazil) (En)	Su misión: ¡Salvar a su país destruyendo las gigantecas fortalezas móviles enemigas! Es una batalla sin cuartel por tierra y mar ... en ciudades, cavernas y refinerías. ¡Se trata esta vez de usted contra todos!
Time Soldiers (USA, Europe, Brazil) (En)	Abrase camino por los horrores del pasado y del futuro para rescatar a sus amigos y salvar al mundo en este emocionante viaje a través del tiempo de Sega.
Tom and Jerry - The Movie (Europe, Brazil) (En)	¡Ahí va ese ratón! Tom no soporta a ese pícaro roedor de nombre Jerry. Si ese ratón no anda con cuidado, es muy posible que Jerry termine en las zarpas de Tom. Pero Jerry sabe muchas trampas. Así que Tom ya puede prepararse porque en la casa ha entrado un peligroso ratoncito.
TransBot (USA, Europe, Brazil) (En)	Rechace una invasion infernal computarizada con su armamento transformable.
Trivial Pursuit - Genus Edition (Europe) (En,Fr,De,Es)	Trivial Pursuit es el mejor y más vendido de los juegos de mesa. Esta versión de Sega incorpora todo lo que le ha convertido en lo que es. Además, Russell tu animado y simpático maestro de preguntas, con color y sonido extraordinario, fantástica pantalla de fondo y más de 2.000 preguntas para devanarse los sesos.
Ultima IV - Quest of the Avatar (Europe, Brazil) (En)	En una hermosa tarde, te recuestas contra un árbol y dormitas, cuando de repente aparece una especie de puerta azul no muy lejos de ti, de la que caen una cruz Ankh, un mapa de tela y dos libros, uno que describe el mundo de Britannia, el otro que habla de magia. Al levantarte, observas un campamento de nómadas, que sorprendentemente no habías visto antes, y eres conducido al carro del adivino, que te hace una serie de preguntas, tras lo cual te desmayas. Y cuando despiertas, el mundo de Britannia está ante ti. ¿Podrás demostrar tu valía y ser digno de ser el Avatar de las Virtudes? Ultima IV es un juego de arriba abajo, con la excepción de las mazmorras, que están en una vista en primera persona. Las fases de combate son por turnos. Britannia es un vasto mundo que puedes explorar a tu antojo.
Ultimate Soccer (Europe, Brazil) (En,Fr,De,Es,It)	Usted está en la cancha, listo para empezar el partido. Las multitudes están enloquecidas. La temporada ha sido larga y llena de desafios. Usted se ha enfrentado a muchos equipos y ha llegado a las finales y hoy es el día en que probará que tiene la técnica y la determinación para transformarse en el ¡más invencible de los campeones de fútbol!
Vigilante (USA, Europe, Brazil) (En)	Vigilante es un beat-em-up de desplazamiento lateral. Presenta a un duro personaje que recorre las calles para luchar contra la banda de los Rogues, que han secuestrado a su novia María. El juego cuenta con cinco localizaciones distintas, como calles de la ciudad y un vertedero, con numerosos matones de diferentes características. Se lucha con los puños, los pies y la cadena, realizando ataques de pie, agachado y saltando. Cada nivel tiene un jefe final que requiere tácticas específicas. Los enemigos aparecen continuamente por los lados izquierdo y derecho de la pantalla hasta llegar al jefe. Esto significa que tienes que moverte a un ritmo rápido para llegar al final del nivel antes de que se agote el tiempo. Cuando los enemigos se acercan demasiado, agarran al personaje y es necesario pulsar rápidamente a izquierda y derecha para liberarlo, ya que entonces es vulnerable a los ataques.
Virtua Fighter Animation (Brazil) (En)	Virtua Fighter Animation es un un juego de lucha 2D basado en la serie de anime de Virtua Fighter. Tiene dos modos de juego:. Historia y Versus. En el modo historia, el jugador sigue la trama del anime, con escenas cinemáticas estilo anime antes y después de cada pelea. La historia se divide en actos, cada uno de ellos correspondiente a una pelea. El jugador comienza el control de Akira Yuki, y a medida que el derrota a sus oponentes, cada uno de ellos se une a su equipo, por lo que se pueden elegir en las próximas peleas. Además de Akira, el resto de personajes que se convierten en disponibles son Pai Chan, Jacky Bryant, Wolf Hawkfield, Kage-Maru, Sarah Bryant y Lau Chan. En el acto final, el jugador debe luchar contra Dural. El modo versus permite a los jugadores elegir cualquiera de los siete personajes disponibles para luchar contra la CPU. En el modo versus de dos jugadores, Kage-Maru es retirado de la selección de personaje.
Walter Payton Football (USA)	Tú te sientas en tu sitio, las gradas chillan llenándote los oídos. Un millon de ojos observan tus movimientos. La tensión te hace soplar a traves de tu casco. ¡Listos! Se lanza la pelota.
Wanted (USA, Europe, Brazil) (En)	El peligroso viaje del sabio profeta Miguel Chen comienza en el cielo en algún sitio del corazón de la China. Ayúdele a encontrar el camino de la sabiduría con este emocionante juego de Sega.
Where in the World is Carmen Sandiego (USA)	¿Dónde se esconde Carmen Sandiego? ¿Y dónde ha escondido el botín su pandilla de ladrones? Eres el detective y tienes que rastrear los culpables en este juego de acción de misterio. Y a medida que vayas subiendo de nivel durante el juego, de Rookie a Ace Detective, los misterios se complican más y tu sospechoso y sus secuaces se vuelven más agresivos, disparando balas y lanzando cuchillos que debes esquivar en la pantalla. En cada caso, uno de los 10 villanos ha robado uno de los 90 tesoros nacionales y huido a una de las 30 ciudades extranjeras. Persiga a su sospechoso alrededor del mundo, compitiendo con el reloj y tomando decisiones cruciales: ¿A qué ciudad se dirigió? ¿Dónde vas a investigar, la Embajada o el Almacén? Recoge las pistas, y recorre el mundo hasta que obtengas todas las pruebas. ¡Cuando conozcas quién lo hizo, visita Interpol y trae a tu sospechoso a la justicia!
Wimbledon (Europe)	Juega al más antiguo de los cuatro torneos de Grand Slam en Wimbledon en Master System. Puedes jugar individuales y dobles, bien en un partido de exhibición o en modo torneo. Luego tienes un capital de puntos para distribuir entre cuatro habilidades, lo que te permite personalizar a tu gusto al deportista encarnado.
Wimbledon II (Europe, Brazil) (En)	Usted empezó desde abajo, era un nombre desconocido en una cantera de jugadores con auténtico talento. Fue escalando posiciones y jugó en América, Australia y Francia. Y ahora le espera el gran día . . . ¡el día en que se enfrenta a los mejores jugadores de tenis del mundo en la Copa del Abierto de Wimbledon!
Winter Olympics (Europe) (En,Fr,De,Es,It,Pt,Sv,No)	WINTER OLYMPICS te ofrece la máxima experiencia en simulación de deportes. Correrás contra los mejores del mundo ... y el reloj ... luchando para ganar la MEDALLA DE ORO en un certamen en el que harás frente a 10 ACONTECIMIENTOS ESPECTACULARES en los que someterás a prueba tu velocidad, fuerza, destreza y resistencia, hasta el limite. Es tu oportunidad de ganar la MEDALLA DE ORO en el ESPECTACULO DE DEPORTES DE INVIERNO MAS MAGNIFICO DEL MUNDO. ? MOGULS - Necesitarás una técnica dura y agresiva, así como gracia y estilo en el aire, para ser ganador. ? SALTO EN ESQUI - No es para los de nervios delicados. Arrójate por una e rampa - no hay modo de retroceder - ¡sólo una via hacia abajo! ? BOBSLEIGH - El empuje, la gravedad y el equilibrio propulsan el trineo cuesta abajo por un recorrido de 1.000 metros de hielo blanco y mortal. ? ACONTECIMIENTOS ALPINOS - Reflejos rápidos - equilibrio - estilo - valor y energía, a más de 80 km/h. ? BIATLON - Dominar el esqui de fondo y las pruebas de tiro al blanco a ponen a prueba tu resistencia y precisión, hasta el límite. ? PATINAJE VELOZ EN PISTAS CORTAS - Cuchillas de acero y nervios de acero transforman la velocidad y el ritmo en un borrón a más de 40 km/hnn? LUGE - Un tobogán ligero - una pista de puro hielo. Hacia lo desconocido.
Wolfchild (Europe, Brazil) (En)	Los terroristas de Chimera ban secuestrado al padre de Saul Morrow y han asesinado a su madre y hermano. ¿Será suficiente su capacidad metamórfica para liberar a su padre? ¿Bastarán los poderes psíquicos de un hombre-lobo para derrotar a un ejército?
Wonder Boy (Japan, Europe) (En)	Oscuras selvas virgenes. Océanos sin fin. Aridos desiertos. Introducete en ellos desafiando a horribles criaturas y desastres naturales para rescatar a Tanya de las garras de un rey brutal.
Wonder Boy III - The Dragon's Trap (World) (Digital)	Sobre Wonder Boy ha caído una maldición. Ha herido mortalmente a ala horrible bestia, pero el aliento de ésta ha convertido a nuestro héroe en un humbre-lagarto. El joven luchador tiene que buscar ahora la Cruz de la Salamandra, lo único que puede dovolverle su forma original... ¿podrá encontrarla?
Wonder Boy in Monster Land (USA, Europe)	Wonder Boy in Monster Land es un juego de plataformas de desplazamiento multidireccional con elementos de RPG, en el que el héroe del juego, Wonder Boy, ha visto cómo su hogar, el país de las maravillas, ha sido invadido por el malvado &quot;Dragón MEKA&quot; y su ejército de secuaces. Al principio del juego, Wonder Boy está desarmado, pero el gobernador del país de las maravillas (como se conocía antes de la invasión) le da una espada corta para ayudarle en su búsqueda. Wonder Boy tiene un medidor de vida representado por una serie de corazones rojos y, cada vez que recibe daño, los corazones se reducen. Cuando todos los corazones se agotan, Wonder Boy muere y el juego termina. Además del contador de vida, hay un reloj de arena en la parte superior de la pantalla; cuando se vacía, Wonder Boy pierde algo de vida. El temporizador se puede rellenar recogiendo relojes de arena o visitando hospitales o tabernas.
Wonder Boy in Monster World (Europe)	&quot;Monster World fue una vez una región pacífica. Luego, la paz fue destrozada por un ejército invasor de monstruos. Un joven llamado Shion juró derrotarlos y volver a hacer que sus tierras fueran pacíficas&quot;. Wonder Boy In Monster World te permite controlar a Shion en su misión por salvar a Monster World de las malvadas manos de BioMeka. Se controla como un juego de plataforma estándar: correr, saltar y matar enemigos. El juego está lleno de elementos de rol, como hablar con la gente de la ciudad, recolectar dinero para comprar artículos, mejorar tu vida y equipar una variedad de armaduras y armas, manteniéndose muy cerca del &quot;formato Zelda&quot;. Puedes guardar tu juego para continuar tu búsqueda en otro momento. Wonder Boy In Monster World es el tercer juego de la serie spin-off de Monster World. En Japón, el juego se llama Wonder Boy 5: Monster World 3.
Woody Pop - Shinjinrui no Block Kuzushi (Japan) (En)	Tras el éxito de Taito Arkanoid, la respuesta de Sega fue Woody Pop. El objetivo del juego es el de siempre, acabar con todos los bloques golpeándolos con una pelota que tenemos que hacer rebotar con ayuda de una especie de nave que está en la parte inferior de la pantalla, siempre evitando que la bola caiga al vacío. Al ir rompiendo bloques, estos soltarán items y power-ups que nos ayudarán en la misión, tales como bolas de fuego, calaveras, un martillo y pociones mágicas. Pero también nos vamos a encontrar con unos bloques misteriosos que activan trampas en forma de soldados de juguete o robots que invocan viento y que lanzan la bola de nuevo hacia nuestra nave. Otro detalle de mucho interés es que al finalizar un nivel se nos da la posibilidad de elegir diferentes rutas que llevan a niveles diferentes, lo que asegura la rejugabilidad.
World Class Leaderboard (Europe, Brazil) (En)	&quot;World Class&quot; Leaderboard simula el desafio que presentan los campos de golf más difíciles del mundo y ofrece el Gauntlet Country Club, un campo de golf especialmente diseñado que constituye el ùltimo test de habilidad para el golfista.
World Cup Italia '90 (Europe, Brazil) (En)	¡Enfréntese con los mejores equipos del mundo! ¡Demuestre su valía en un partido de prueba, haga alarde de su puntería en una competición de penalties, o trate de ganar el campeonato de la Copa Mundial! ¡Videojuego de fútbol rápido, realista, y de lo más emocionante!
World Cup USA 94 (Europe, Brazil) (En,Fr,De,Es,It,Nl,Pt,Sv)	World Cup USA '94 es un videojuego de fútbol que fue desarrollado por U.S. Gold en 1994. Cuenta con la licencia de la FIFA como producto oficial de la Copa Mundial de Fútbol de 1994 de Estados Unidos.
World Games (Europe, Brazil) (En)	Ha llegado el momento de hacer algo interesante, deportes internacionales, de lo que posiblemente haya oído hablar, pero que nunca ha jugado. Deportes rudos, que requieren músculos, como el salto de bidones en una hermosa pista de hielo en Alemania. Equilibrio sobre troncos en un escarpado campo de leñadores de Canadá. La monta de toros en un rodeo caluroso y polvoriento del Oeste americano. Y el lanzamiento de troncos en las frías montañas de Escocia.
World Grand Prix (USA, Brazil) (En)	Conduzca los más extraordinarios automóviles del mundo. En las mejores pistas del mundo. Y si todavía no siente bastante emoción, construya y corra por su propia pista.
World Soccer (World)	Regateos, pases, saques de esquina, etc. Robe la pelota a su contrario. Rompa el bloqueo de un cabezazo. Aproveche un descuido del defensa y meta la pelota en la red. También hay desempate a penalties. (para 1 o 2 jugadores)
WWF Wrestlemania - Steel Cage Challenge (Europe, Brazil) (En)	Acepta el reto más duro de la lucha libre: el reto de la jaula de acero ¡WWF* WrestleMania* Steel Cage Challenge*! Controla cada uno de los estupendos movimientos y maniobras llenas de acción - Lanzamiento contra las cuerdas, Codazos, Aplastamientos, Patadones. Cuando estés preparado para el reto final de la lucha libre, la jaula de acero estará lista para ti.
X-Men - Mojo World (Brazil) (En)	Los X-Men se enfrentan a su más brutal episodio. Spiral, una hermosa productora de televisión de seis brazos (y cómo será todavía ella bella?), Está programando un combate final de los X-Men contra sus peores enemigos, con transmisión en vivo para los telespectadores. Si este plan funciona, los ciudadanos de Mojo World conectarán su aparato de TV para asistir a la disputa y ella se convertirá entonces en su nueva gobernante! X-Men directamente del pasado, del presente y del futuro. ¡Aventúrese en Nueva Orleans, en la ciudad futurista de Nueva York y en el Mojo World! Cuidado con Mojo, el Magneto, los Centinelas y los Agentes. ¡Ellos quieren destruirlo!
Xenon 2 - Megablast (Europe)	XENON 2: Diffcíl, rápido, de la misma calidad que las maquinitas de juegos de acción destructora con sonido vivo adaptado. XENON 2: Es increíble. XENON 2: Es Superchachi.
Ys - The Vanished Omens (USA, Europe, Brazil) (En)	Una vez, hace mucho tiempo, el Reino de Y cayó bajo el dominio del mal. Pero las Diosas de Y salvó al Reino de la ruina. Sus hazañas fueron escritas en seis libros mágicos y escondidas hasta el momento en que las Diosas serían necesarias de nuevo. Mil años después, ese momento ha llegado. Eres Aron, un vagabundo. Un malvado hechicero llamado Dark Dekt planea la magia diabólica. Y la Vidente Sara está buscando desesperádamente un espadachín que la ayude a encontrar los seis libros desaparecidos de Y. Ahora ármate y prepárate para una aventura hacia lo desconocido. Donde las cavernas y torres están llenas de criaturas y tesoros. Donde las personas más extrañas tienen pistas para decirte. Donde tu habilidad en combate depende de tus reflejos. Si lo logras, tendrás el poder de llamar a las Diosas. ¡Falla, y Dark Dekt gobernará el Reino bajo un reino de terror para siempre!
Zaxxon 3-D (World)	El enemigo ha construido terribles fortalezas en los confines del espacio. Sólo existe una entrada . . . y una salida. SU MISÍÓN: Infiltrarse en las defensas del enemigo y destruir sus naves nodriza.
Zillion (Japan, Europe) (En)	Infíltrese en el peligroso laberinto Norsa a fin de llegar al computador principal y rescatar a sus amigos. Este juego requiere tanto cerebro como músculos.
Zillion II - The Tri Formation (World)	¡ Ya están aquí otra vez! El temible Imperio Norsa ha regresado. . .y más fuerte que nunca. Esta vez no cometerán errores. Otros han tratado de derrotarles y todos han fallado. El malvado Baron Ricks sabe que usted se acerca y le ha preparado una trampa.¡ Pero qué puede hacer! Usted es la última esperanza de la galaxia. ¿Puede usted hacer lo que nadie ha hecho hasta ahora?
Zool - Ninja of the 'Nth' Dimension (Europe)	Cada año el mundo de los juegos se ve sa cudido por un juego tan maravilloso, rápido, lleno de color, total, absorbente, 'mega', imponente, variado, increíble, y lleno de fabulosas características e inesperadas sorpresas, que todos se quedan pasma dos y dicen: ¡ESTE ES!; este año 'ZOOL, THE NINJA FROM THE Nth DIMENSION' es ¡EL JUEGO!
