#key	synopsis
20 em 1 (Brazil)	20 em 1 (20 in 1) is a compilation of twenty previously unreleased games in a single cartridge, which came bundled with Tec Toy's Master System III Compact (Master System II in Europe and US). The games included are: The player is a construction worker trying to get falling tools with a bucket. He must get as many as he can until the time runs out. 2. The player is what looks like an alien machine, side scrolling over a planet collecting food and avoiding obstacles such as bombs. He must get as many as he can until the time runs out. 3. A skateboarding side scrolling game: the player must run as far as you he while avoiding obstacles such as holes in the street, until the time runs out. 4. The player is what seems to be a flea, running and jumping while the screen scrolls over a mountain of blocks, avoiding to get stuck behind the hills. 5. The player is a mouse trying to catch the cheese pieces that fall from the shelves. In order to do so, he can jump (by pressing button 1), and he must get as many as he can until the time runs out. 6. The player is a diver on a sunken ship, getting coins which fall from above, while avoiding being caught by a shark. He must get as many as he can until the time runs out. 7. A motocross racing game: the player must run down the road while avoiding obstacles trying to reach the next checkpoint before the time runs out. 8. An arcade racing game: the player must run down the street while avoiding getting hit by the other cars, until the time runs out. 9. The player is a little Brazilian Indian sailing his boat on a river, while avoiding obstacles such as rocks and arrows. He must get as far as he can until the time runs out. 10. A helicopter combat game. The player must shoot (by pressing button 1) the enemy helicopter as much as he can, avoiding to get hit, until the time runs out. 11. The player is a frog trying to catch the insects that fall from the sky. He must get as many as he can until the time runs out, while jumping from one victoria amazonica to another. He must project his tong (by pressing the button 1) in order to get the insects. 12. A classic space shooter. Fly your spaceship while the screen scrolls down, avoiding obstacles and shooting as many spaceships as he can, until the time runs out. 13. A side scrolling flight shooter. The player must shoot (by pressing button 1) as many balloons as he can while avoiding getting hit by other planes, until the time runs out. 14. A roller skating side scrolling game: the player must run as far as you he while avoiding obstacles such as logs in the street, until the time runs out. 15. A pong game with a twist: the player is a cooker trying to hit mini-pizzas inside an oven. The pizzas will bounce back if they don't get inside the oven. The player has 5 mini-pizzas and must try to hit as many as he can until the time runs out. 16. The player is a insecticide can trying to kill the insects that fall from the roof. He must kill as many as he can until the time runs out by shooting insecticide (by pressing the button 1) at them. 17. In this side scrolling game, the player is a boy who must run all the way right while shooting (by pressing button 1) other boys with his water gun, avoiding to get hit by them, before the time runs out. He must shoot as many boys as he can. 18. A skiing game: the player must race down the mountain while avoiding obstacles trying to reach the next checkpoint before the time runs out. 19. The player controls a police car running up the screen, while avoiding getting hit by other cars. He must get as far as he can, until the time runs out. 20. Another pong game: this time the player is at a squash court. He must try to hit the ball as much as he can until the time runs out. He has 3 balls. In order to win, the player must score a certain amount of points in each game (which vary from game to game). If the player scores less the specified amount, he loses. In the &quot;catch the object&quot; and shooter games (1, 2, 5, 6, 10, 11, 12, 13, 16 and 17), points are earned by catching or shooting objects. In racing games (3, 7, 8, 9, 14, 18 and 19), points are earned by the distance ran. In game 15 points are earned by hitting the oven; in game 20, by number of hits in the ball. In these games (15 and 20), the player can loose if he misses all his balls/pizzas. In game 4 no points are earned at all, and you'll loose if the character gets stuck and the screen scrolls over him. The game has only two songs, one played at the title screen, the other played during all gameplay. All the text in the game is in Portuguese.
Ace of Aces (Europe, Brazil) (En)	Ace of Aces puts you in the cockpit of the Mosquito, the Maverick RAF fighter bomber of World War II. It's white knuckle aerial combat simulation, combining the exhilaration of flight with the gut-wrenching pressure of enemy confrontation. During World War II, Mosquitos downed 659 enemy aircraft and 500 V-Buzz Bombs. Your only allies are your wits, your weapons and your radar. Are you equal to the challenge? Down the Nazi bombers, sink de U-boats, outrun the V-Buzz Bombs and stop the enemy trains to release the POWs. Should you fly around a storm or around? Navigate carefully, consult your intelligence reports and maps to make a decision. Choose your weapons and fuel wisely - once your're on a mission, there's no going back. Select one mission or any combination. If you complete all four successfully - and make it back alive - you'll become the most distinguished flight veteran of World War II - the Ace of Aces!
Acerte o Alvo (Brazil) (Mega Drive 4)	Your objective is to get the ball to reach the other side of the screen. For this, you must throw the ball so that it strikes the blue walls and thus deflects the obstacles. But be careful! The ball can not hit the red walls, or you will lose the ball! If you lose all the balls, you lose the game! Beware and good luck!
Action Fighter (Japan, Europe) (En)	This is a top down vertically scrolling shooter, in which you start off as a motorbike. You are quite vulnerable to attack at first, but power ups come in the form of a Sega van which you have to dock with. The first time you dock you get double fire, the second time gives you a rocket, the third gives a rear force field and the fourth invulnerablility. By destroying cars and bikes that appear on your way, you can collect A-F letters. Collecting A through to D allows you change into a sportscar which is less vulnerable to attack, but not as nimble. Collect all the letters in order to be able to transform into a high tech plane. This is the final stage of one of the five missions. Only the high tech plane can guide you to your destination in which your main target is hiding. There is also time limit in which you have to complete the mission. It is advisable to transform into the high tech plane as fast as it is possible. Picking up flags gives you bonus points with 10,000 points gaining you an extra life.
Addams Family, The (Europe)	The Addams Family is a side-scrolling platformer based on the movie of the same name. The player takes the role of Gomez who searches for his missing family members. To find them he has to explore six different parts of the mansion, e.g. the woods, which are basic platform levels: the player moves from left to right while jumping a lot and avoiding enemies. Some of them can be dispatched of by a jump on their heads. The main difference to the other versions of this game is a unique level design. There is also a life meter which allows to get hit more often before dying.
Aerial Assault (USA, Brazil) (En)	In Aerial Assault, you play the Freedom Fighter who must destroy five targets, including the Vinsk, CB-53 Bomber, &quot;El&quot;, and two cliff fortresses. During each of the five missions, you will encounter enemy jets, choppers, submarines, jeeps, parachute bombs, and several other enemies in which you must destroy. Shooting either the spinning fighters or the small flying helicopters will earn you a power-up that allows you to upgrade or downgrade your firepower. There are three difficult settings: &quot;Easy&quot;, &quot;Normal&quot;, and &quot;Hard&quot;. You will not be able to complete the game if you select the &quot;Easy&quot; setting.
After Burner (World)	Afterburner is a conversion of the arcade game of the same name. The goal is simple: use your F-14 Tomcat and shoot as many enemies as you can. This aircraft has two weapons: lock-on missiles and Vulcan cannons (basically machine guns). In some versions there is an option to let the cannons shoot automatically all the time. The game is viewed from behind the plane with you fighting wave after wave of enemy fighters. But at heart it offers the usual shooter mechanics, meaning you spend most of your time dodging and shooting. Sometimes you come across a friendly supply plane and if you dock with it you can replenish your missiles.
Air Rescue (Europe, Brazil) (En)	Air Rescue is similar to Choplifter!. You are a driver of a helicopter and the object is to rescue hostages without being shot down by soldiers, jeeps, tanks, choppers, and ground-based missiles, and bring them back to base. A maximum of four hostages can fit into the helicopter at any given time, so it is necessary to make more than one trip. You can choose from a variety of weapons that you can use to shoot down enemies. There are five rounds, which take you through theme parks, burning skyscrapers, army bases, sunken submarines, and caverns. The round ends when you have taken the required number of hostages to the bases.
Aladdin (Europe, Brazil) (En)	Sega's 8-bit systems received a unique adaptation of Disney's 1992 animated film Aladdin. Like other versions, it is a side-scrolling action game. The player controls Aladdin, making his way through a variety of locations, including the streets of Agrabah, the Cave of Wonders, the Sultan's palace and more. Gameplay takes several different forms: some levels are chases, where Aladdin runs automatically, but must be made to jump over chasms or rolling rocks and barrels, evade falling objects and avoid getting caught by a guard. Other levels are platforming affairs: Aladdin must run, jump and climb, find keys or switches to open doors while searching for the exit. Rocks can be collected and be thrown to dispatch enemies or hit buttons otherwise out of reach. Finally, there are also several magic carpet rides in the game, in which the level scrolls automatically and the player must make sure to avoid any obstacles in the way.
Alex Kidd - High-Tech World (USA, Europe, Brazil) (En)	Alex Kidd: High-Tech World is a platform game for Master System. The player embodies little Alex Kidd who must find eight card fragments to go and play in a brand new arcade. The game is broken down into action phases, fights in the forest against snarling ninjas, and adventure sequences where Alex has to talk to the locals to find the fragments and solve various puzzles.
Alex Kidd - The Lost Stars (World)	Alex Kidd: The Lost Stars has similar gameplay like in the other Alex Kidd games, but this one's a little too easy and it is designed for kids. Once again you play Alex, whose mission is to run through each location, knocking down enemies, and obtain the six miracle balls. These balls are hidden inside the strangest places like golden eggs, the Fantazy Zone ship out of action, clamshells, Christmas presents, pumpkins, and desk bells. Alex must then venture in outer space to defeat the evil Ziggurat. Locations include Toy World, Machine World, the World of Make Believe, Water World, and Monster World. You will even tour through the giant's body. Once you obtained the six miracle balls, you have to run through all the locations again, but these repeated locations introduce new enemies. With all the locations, you're under a time limit, and as usual, if the time expires, you lose a life. Alex starts the game with nothing, but during the game, he can collect power-ups that give him extra time, and allow him to shoot enemies or jump higher.
Alex Kidd in Miracle World (World) (En) (Sega Ages)	Many centuries ago, on the planet Aries, there lived a boy called Alex Kidd. For seven years, he lived on Mt. Eternal studying Shellcore, an ancient art that makes one strong enough to break rocks into pieces. As he was leaving the mountain one day to travel to his spiritual homeland, a dying man told him that the peaceful city of Radactian was in grave danger. Before taking his last breath, the man gave Alex a piece of a map and a medallion made of Sun Stone. There are eleven locations in which Alex must explore, each of them has its own unique dangers. In each location, Alex can collect bags of coins, which can be used to buy items at the shop and are used to help Alex get through each location (eg: motorcycle, peticopter, power bracelet, etc.) There are also traps that Alex must avoid like the ghost that chases him. He can also collect the Telepathy Ball that will help him read people's minds. Later, Alex learns that in order to save Radactian from destruction, he must first defeat Janken the Great, Emperor of the planet Janbarik (he got his name from his expertise at the game of Janken -- or what people call &quot;scissors, paper, stone&quot; in the Western World. Janken has sent his henceman all over Radactian to prepare the game for Alex as he passes by them. In order to get past them, Alex must win three times at Janken. If he loses, he is turned to stone and vanished from Radactian forever. Later on in the game, Alex must play with the same henceman, but only this time, when Alex wins, they decide to play dirty. Alex uses his fists to wipe out some of Janken's enemies such as birds, sea horses, bats, monkeys, frogs, and a few others. If his quest to save Radactian from the evil hands of Janken becomes difficult, he can instead use the power bracelet to perform the &quot;Shocking Waves of Destruction&quot;, an ancient trick in the art of Shellcore. Before Alex comes face-to-face with Janken, he should rescue his brother, Egle, from imprisonment, and get the letter and two medallions.
Alex Kidd in Shinobi World (USA, Europe, Brazil) (En)	Alex Kidd continues his adventures in Alex Kidd in Shinobi World, featuring remixes of the music you heard from Shinobi, and featuring the common enemy: Ninjas. The Dark Ninja, whom was banished 10,000 years ago, has returned to rule Miracle World. He also takes young Alex's girlfriend and use her as a sacrifice. To help Alex defeat the Dark Ninja and rescue his girlfriend, a god enters Alex's body, causing Alex to become a ninja master. There are four rounds, with three levels each, and has Alex travel through locations like office blocks, construction sites, shipyards, and jungles. He must go through each level defeating ninjas and other wildlife. In the last levels, he must defeat bosses including Kabuto, Heli, Robster, and Hanzo. To survive some levels, you must learn the secret jumping technique, described on page eight of the game's instruction manual. You start the game with three lives and are presented with an energy bar with three units, but you'll lose one if an enemy touches you. Furthermore, If you lose all three energy units, you lose a life, and if you lose all three lives, the game is over. Additional energy units can be obtained by collecting hearts that can be found by breaking treasure chests. The maximum units you can get is six. From there, the heart is replaced by a mini-Alex. Collect this and you've earned yourself an extra life. You'll get hearts if you have less than six units. You can also get weapons like spears and power swords by breaking these treasure cheats. However, if you're lucky, you can obtain a Tornado icon, letting you transform into a tornado while mini-Tornados whirl around the screen, seeking enemies. This allows you to either go left or right so your enemies get sucked in and are knocked out.
Alf (USA)	Help ALF try to get to Mars to see his friends Skip and Rhonda! ALF's latest adventure takes him out of the Tanner household and into suburbia, the depths of subterranean caves, the bottom of the lake, and even the moon! As ALF looks for parts to build his space scooter, he is continually hounded by the ATF (Alien Task Force) who will stop at nothing to keep ALF from reaching his goal. However, ALF is not completely defenseless, as he can buy and trade for items that will keep him out of sight and away from their clutches.
Alien 3 (Europe, Brazil) (En)	Alien³ is a video game based on the movie sequel of the same name. The plot of the movie picks up directly after the end of Aliens. Ellen Ripley, the main character of the Alien series, is in cryo-sleep aboard the space ship Sulaco. Unfortunately, an alien or two has stowed away on the Sulaco, and wreaked havoc within the ship. Thus, it crash lands on the prison colony planet Fiorina 161. Ripley and the unarmed prisoners have to figure out a way to survive the aliens terrorizing the colony until help arrives. The game play of the various Alien³ conversions varies from platform to platform. The Genesis Alien³ game is a side-scrolling action game with large maze-like levels. In each level, you have to rescue all the trapped prisoners and then make your way to the exit, all while surviving multiple alien attacks.
Alien Storm (Europe, Brazil) (En)	The aliens are invading Earth, and it's up to the &quot;Alien Busters&quot; to wipe them out and destroy their creator. The Busters consist of Karla, Gordon, and Scooter. Each one of them have their own weapons and special attacks. When you start the game, you can select any one of these characters to play as. There are six missions to complete (eight in the Genesis version) with several stages, and each mission has you blasting aliens all the way to the end, from the streets to the mother ship where you'll meet the mother of all aliens. Unfortunately, blasting these aliens will not be an easy task, as they get tougher in every mission, and are capable of hiding into objects such as plants, postboxes, trashcans, drums, and several others. Each mission has an objective such as rescuing people destroying an UFO. When you deal with a few aliens, flying heads will appear, which you can shoot to collect life or energy (by the way, life is important to you, since if yours get empty, you're dead). However, rather than using your ordinary weapons, you can use the special attacks that are enough to kill aliens you currently see. These types of attack vary depending on the character you choose at the start of the game. For instance, Gordon summons a U.S. Air Force Jet that drop bombs across the street, while Scooter is able to teleport out of his present location, and leave a series of bombs that will blow up aliens on sight, he will then re-appear. However, using your character's special attack uses up a lot of energy, and if you have little or no energy, you can't use it. At the end of some missions is an alien boss, which you must destroy in order to complete the mission. Also, at the end of every one, you have to enter buildings where you participate in a shooting gallery. The object is to kill aliens popping up from several locations with the building. You can play Alien Storm by yourself, or with another person.
Alien Syndrome (USA, Europe, Brazil) (En)	Alien Syndrome is a scrolling shooter arcade conversion. Your job is to run around and rescue all the captives and make it to the escape hatch before the time bomb explodes. Then face the mother alien at the end of the level. You can play as a single player or two people, taking turns. (Player 2 starts the game after Player 1 dies and vice versa.)
Altered Beast (USA, Europe, Brazil) (En)	In this coin-op conversion, you are a hero raised from the dead by the god Zeus to rescue his daughter Athena. With a scenery inspired by Ancient Greece, you have to fight hordes of undead and demons, with a boss at the end of each level until you meet the god Neff, who holds the girl captive. The title refers to your shapeshifting abilities. In this platformer, you can collect spirit balls by defeating two-headed wolves, allowing you to mutate into different beasts such as a werewolf, a dragon, a tiger, a bear and others depending on the version. Each form, tied to a level, comes with special abilities such as flight and powerful attacks, easily superseding the basic set of punches and kicks in your human form. The game can be played in singleplayer mode, or in same-screen multiplayer co-op mode.
Andre Agassi Tennis (Europe, Brazil) (En)	A game endorsed by the American player who stunned the tennis world in the early 90s with his &quot;Image is everything&quot; looks, sporting long hair, earrings and colorful shirts, Andre Agassi Tennis includes eight players (male and female and as as expected, only Agassi is a real player) rated according to movement speed and both accuracy and strength on serve, backhand and forehand. Gameplay features all the usual moves: smashes, passing shots, volleys and all kinds of backhand and forehand plays, but unlike other games, precise positioning and timing are crucial to avoid hitting the ball outside the court, swinging the racket into thin air or more embarrassing, let the ball hit you on the head. Three courts are available: Grass, Clay and Indoor (Sega versions add a fourth, Hard), but the differences between them are minimal. Game modes change according to the version, with the 16-bit versions including a &quot;Skins&quot; game, where each point is worth a sum of money based on the number of times the ball was hit.
Arcade Smash Hits (Europe)	Arcade Smash Hits is a compilation of three classic Atari arcade games, previously unreleased for Sega Master System: Centipede, Breakout, and Missile Command. This release adds short introduction sequences to each game.
Argos no Juujiken (Japan) (En)	An evil being known as Ligar is about to conquer the land of Argool. Such is his power that no living creature dares to cross paths with him. But the legendary warrior Rygar rises from his grave to restore peace and justice. Armed with his famed weapon Diskarmor, Rygar begins to traverse the vast lands that lead to the lair of the demon, as his minions are trying in vain to stop him... Originally released on the arcades, Rygar is a side-scrolling action game. The player controls the titular hero, advancing through stages populated by hostile creatures. Beside the Diskarmor, a weapon that looks like a shield with a chain attached to it, the hero can use a variety of other weapons, including projectiles that can be fired in four directions. Various &quot;powers&quot; are scattered through the levels and can be collected. The effects of these powers include increasing the fire power of the equipped weapon, adding time to the clock, temporary invisibility, extra points, etc.
Ariel - The Little Mermaid (Brazil) (En)	Help either Ariel, the gleeful little mermaid, or Triton, her father, foil the evil Ursula, who has transformed everyone into small, green worm-like creatures, including the character you dont initially choose. Rescuing requires you to simply swim into the unfortunate little victims as they hang about at fixed places in the watery world; while fending off and dodging enemies like eels, clams, sharks, and several other sea meanies. Friends like Flounder and Sebastian can also be summoned for a little helping hand.
Assault City (Europe, Brazil) (En) (Light Phaser)	In the latter half of the 21st century, robots have been engaged in labor in dangerous places, housework, etc. Then suddenly, the control system used to function these robots plotted a revolt against the human race, and ordered every robot to annihilate all of the people. The robots robbed them of their weapons, and occupied various military bases and factories. The war robots that were manufactured there murdered men one after another, and the survivors organized a resistance and went into a full-scale offensive against the enemy's army. You are Joe, and you swear that nothing can stop you from destroying the control system which forces the robots to kill. Assault City is a one-player shooter. At the beginning of the game, you participate in a little shooting practice, where you must shoot squares that contains pictures of robots, and avoid shooting squares that contains pictures of humans. In the levels that follow the shooting range, you must kill robots that appear and attack you. If you are hit by these robots, some of your energy will be lost. Occasionally, shooting the power-ups that appear will result in more weapon power or more life. At the end of each level, you need to defeat a boss in order to proceed to the next level. The game ends when you lose all of your energy. You have unlimited continues, however. Assault City comes in two flavors: the control pad version, as well as a Light Phaser version.
Asterix (Europe, Brazil) (En,Fr)	Getafix, the Druid whose potion has kept his village from falling in Caesar's hands, has been kidnapped! Join Asterix and Obelix as they try to rescue the druid and save the village!
Asterix and the Great Rescue (Europe, Brazil) (En,Fr,De,Es,It)	The game is based on the popular French comics series Astérix. It is 50 B.C., and the entire Gaul (today's France) is conquered by the Romans. Only one village still remains independent, thanks to the incredible powers of its two great warriors, Asterix and Obelix. In the game, they must first of all liberate the village Orvio and rescue their friend Dogmatix. You can play as either Asterix or Obelix. You make your way through platform levels, fighting enemies by punching them, and jumping to access higher ares or to avoid falling down. There are also some items you can collect, such as bombs, with which you can overcome obstacles and advance in the game.
Asterix and the Secret Mission (Europe, Brazil) (En,Fr,De)	The druid Getafix is out of magic potion, and Astérix and Obelix are set out on a secret mission: to find the necessary herbs, so he can brew the potion again. In this side-scrolling action game, the player can choose to play either Astérix or Obelix at the start of each one of the six levels. Although the main setting of each level is the same to both characters (forests, caves, deserts, underwater stages, waterfalls and such) the level design for each one may vary. In two player mode (Master System version), players will take turns playing as Astérix and Obelix. Both characters jump (by pressing button 2), punch enemies and break blocks (by pressing button 1). Astérix can run can run (by pressing and holding button 1 while moving) and double jump (by pressing 2 in the middle of a jump). Obélix is stronger and can break several bricks in a row when jumping over them (pressing 1 while jumping), and can also slide down hills (by pressing down at them). Astérix can get some potions (thrown by pressing up and 1), which can break rocks, kill or shrink enemies. Obelix can get miniature menhirs which can be thrown (by pressing up and 1) against enemies. Both characters can also get bones throughout the game, granting access to bonus stages where the player controls Dogmatix. Some levels also involve minor puzzle solving, like pushing switches or moving rock blocks.
Astro Warrior & Pit Pot (Europe)	Two super hits in one! Turn back the invaders and save the galaxy in ASTRO WARRIOR. Can you find your way safely through the magical mazes in PIT POT?
Astro Warrior (Japan, USA, Brazil) (En)	Basic Sega shoot-em-up in which you must guide your ship through three zones while avoiding hazards. Your only weapon are bullets as your only defense, but if you shoot the flashing red pieces on the terrain, chances are that a green ship will approach you, and if you collect this ship, your weapons will be upgraded so that you shoot a laser beam instead. Keep collecting ships and you can shoot up to three laser beams at once. At the end of each zone, you will come across a boss that takes multiple hits to kill. If you manage to conquer all three zones, you are back to where you started. The whole point of this game is to earn as many points you can without losing all of your lives.
Ayrton Senna's Super Monaco GP II (Europe, Brazil) (En)	Ayrton Senna won the Monaco Grand Prix six times, as well as 3 Formula One world championships, so he was the perfect man to license a home sequel to the classic arcade racing game. There are two main modes you can choose: -World Championship: A sequential series of pre-determined races, made to take you across all sixteen tracks. Consider it your career or story mode of sorts. -Free Practice: In this mode, you freely choose tracks solely for the purpose of just practicing on them. Definitely the mode for beginners to ... well, begin on. You'll begin with track selection. Choose between a &quot;Beginner&quot; or &quot;Professional&quot; difficulty, tune your car's setting for each of the 16 tracks and race your way to win a World Championship against the main man Ayrton Senna himself.
Aztec Adventure (World)	Aztec Adventure is a traditional action/labyrinth game in which the player assumes the role of Nino, an explorer whose aim is to find the Aztec Paradise. The labyrinth is full of Aztec mythology creatures and other ancient Mexican references. Although it is a maze game, the controls are very simple and easy to manage.
Back to the Future Part II (Europe, Brazil) (En)	Back to the Future II is a collection of five arcade and puzzle games. Based on the second installment of the popular Hollywood series Back to the Future, this movie conversion has Marty McFly and Doc Brown travel through time to stop their arch-rival Biff from changing the future. The game consists of five parts, each inspired by one of the movie's most memorable scenes: 1. Hoverboard Chase: A Paperboy clone without newspapers, but with isometric levels and lots of enemies to dodge. 2. Jennifer Rescue: Guide Marty's girlfriend Jennifer out of the house without her meeting one of the four family members. Open and close doors to make the persons go from one room to the next in this top-down puzzle sequence. 3. Beat Biff: A side-scrolling beat-em-up sequence in the tradition of Double Dragon. Fight your way through a grim 1985 by jumping, hitting and kicking at Biff's lackeys. 4. Band Puzzle: Rearrange the mixed-up parts of an animated picture of the school band in this sliding block puzzle. The clock is ticking. 5. Hoverboard Chase 2: Another hoverboard sequence, similar to the first one, only this time set in 1955.
Back to the Future Part III (Europe)	Back to the Future III is a collection of four arcade games. Marty McFly and Doc Brown have traveled back through time to the year 1885 - and they're soon deep in trouble when they face &quot;Mad Dog&quot; Tannen's gang and have to find a way to return to the present. This game takes four scenes from the Hollywood movie Back to the Future III and turns them into arcade sequences: 1. Buckboard Chase: Doc Brown goes horseback in an attempt to save Hill Valley's lovely school teacher Clara. This game of quick ducking, jumping and shooting alternates between a side-scrolling and a top-down perspective. 2. Shooting Gallery: The name says it all. A classic game of aim-and-shoot, spiced up by hidden extras and bonus targets. 3. Pie Throwing: Meet the Mad Dog gang. They have guns, and you have... cream pies. It's an isometric version of the shooting gallery, only with ammo. And the targets shoot back. 4. The Train: Basically a side-scrolling beat-em-up on train wagons with some ducking and jumping. Get rid of the mechanics and collect speed logs to push the engine to a magic 88 mph.
Baku Baku (Brazil) (En)	The Minister approaches the King to tell him that his only daughter, the Princess, wants a new pet. But the King says she already has too many, and she can't take care of so many animals. Thus the Minister purposes a contest of skill and daring to select the Royal Zookeeper. Master Piggy then sends his pupil, Polly, to participate in the contest. Baku Baku Animal is a variation on the very often copied Tetris type of game. The game has three different play modes: practice, normal and hard. It also can be played by two players against each other (except for the Master System version). The objective is to pair animal heads with their respective food. If a rabbit head comes falling, you must make it fall on a pile of carrot tiles, dog heads with bones, panda heads with bamboos and monkey heads with bananas. There is a bonus item, the &quot;BB coin&quot;, which will appear from times to times, and remove piled tiles from the playfield. Removed tiles will be sent to the opponent's playfield all at once, increasing the difficulty of the task. Polly will face several contestants, and she'll win when her opponents get their playfield piled to the top.
Bank Panic (Europe, Brazil) (En)	Bandits are holding up a bank and have taken people hostage, and as a gunslinger, it's your job to shoot them. The bank has 12 doors, and the bandits are behind each one of them. When they pull a gun out at you when you open a door, you have only a few seconds to shoot them before they shoot you. If you shoot them too early (ie: before he sticks his gun out at you), it is considered unfair, and you won't score any points, but if you're too late, he'll shoot you and you lose one of your three lives.If you waste too much time, a bandit will come out from one of the doors and stick dynamite on it. You must then shoot the dynamite to get rid of it. If you're lucky, either a man or a woman will throw you a bag of gold coins. If you shoot any of these people by accident, you also lose a life. More often than not, the person will throw his/her hands up, saying &quot;I haven't got anything&quot;. That's when they will be replaced by bandits. Some men will carry three to five pieces of gold on top of their heads, and shooting at all of the gold will award you with a bag of gold coins. Others will be tied up with rope. If you shoot the rope, there's more money for you, because not only will you receive one bag of gold coins, but you'll get three bags of gold coins. There are more than ten rounds in Bank Panic, and each one ends when a person behind all 12 doors was able to throw you a bag of gold coins. The rounds get difficult the further you get. For example, in later rounds, a few bandits will block your shot, and you have to then shoot twice. Also, regardless of what round you're on, you can shoot so many bandits before time runs out.
Basketball Nightmare (Europe, Brazil) (En)	The captain of the home town basketball team is leading his team to win the All-American Championships. But then the captain had a strange dream, nightmare in fact, where he was playing basketball against all these strange creatures in exotic locations. Basketball Nightmare is a basketball game where the player plays basketball against strange humanoid creatures on the court where the creature lives. The player must play and defeat each creature before moving onto a new place with a new harder opponent. The player starts of playing against Wolfs in the Forest and then, upon defeating that opponent, moves on to play Frogs at the Pond, One Eyed Aliens at the Waterfall, Vampires in the Skeleton Cave, Geishas in the Bamboo Forest, before finally playing against Samurais at the Shrine. If the player loses a match then that match can be replayed until won. The player at the start of each match gets to pick how long the match duration is out of the options of 15, 30, or 45 minutes (not in real time) before being placed on the court. When on the court the player always plays towards the right of the court. First the player tries to get the ball from a throw by a well timed button press. When the player has the ball the player has the option to move, pass the ball, and jump. When jumping the player can shoot, with the accuracy of the shot depending on the timing, or just simply pass. When defending the player can cycle through the field or just simply run into the opponent to challenge for the ball. There are a few penalties that the player can get including but not limited to Travelling (not passing after jumping), Charging (Sometimes called when the player with the ball runs into an opponent), and Pushing (Sometimes called when the player without the ball runs into an opponent) with all the penalties resulting with the other team getting the ball on the side of the court. Also there are two more modes called CPU vs CPU, where the player can get the CPU to play itself and Versus Play to play against a friend. In both modes the player or players pick one of the 8 nations that are USA, CBA, CHN, JPN, URS, DDR, CAN, and FRN all with a character representing a player of that nation. All the rules are the same as single player mode.
Batman Returns (Europe, Brazil) (En)	From Sega 8-bit specialists Aspect comes one of many adaptations of Tim Burton's 1992 superhero sequel Batman Returns. Like other versions, it is a side-scrolling platformer. While very similar to the Game Gear version, the Master System version has slightly different levels and gameplay mechanics. Batman must move through five stages on his way to defeat the Penguin. These include the streets and rooftops of Gotham City, Max Shreck's department store, the sewers, and the Penguin's lair. For the first four levels, a route can be selected from two options, allowing for different paths through the game. Enemies standing in Batman's way can be defeated by throwing the Batarang at them. At the beginning, the weapon's range is very limited, but it can be expanded by collecting powerups. Other tools Batman can use are a grappling hook to pull himself up to higher levels or swing across dangerous areas, and his cape, which can be used as a parachute, for more control during falls. Unlike in the Game Gear version, there is no health bar: a single hit will kill Batman. To compensate, the game contains a generous amount of extra lives.
Battle Out Run (Europe, Brazil) (En)	Battle Out Run is Sega's answer to Taito's Chase H.Q. You drive a red sports car and must apprehend eight target vehicles in selected cities across the USA, including Los Angeles, Chicago, Miami, and New York. You have to do this while avoiding yellow cars and other obstacles. Halfway through the eight stages, you enter a shop that allows you to upgrade your car and get some nitros, as long as you have money, and you will be rewarded if you apprehend the vehicles. This can be done by bumping into them to disable them.
Battlemaniacs (Brazil) (En)	The three battletoads Zitz, Rash and Pimple are in Tibet to witness the presentation of the Psicone Gamescape, a virtual reality machine. All of a sudden a monster jumps out of the gameworld, captures both the Psicone CEO's daughter & Zitz and takes them back into the Gamescape. Of course Rash and Pimple will have to enter the Gamescape and rescue them. Battletoads in Battlemaniacs is another game in the Battletoads series by Rare. Much like its predecessor, it blends fighting game elements (in the style of Double Dragon) with other kinds of gameplay, like racing levels, &quot;snake riding&quot; levels and such. There are some bonus levels between some of the regular ones, where the player can collect extra lives. Buddies can team up and defeat the opposition together in the two coop-modes available. In mode A, players can hit each other while in mode B, they can't.
Black Belt (USA, Europe, Brazil) (En)	In this game, you play Riki. Kyoko, your beautiful Japanese girlfriend, has been kidnapped, and in order to rescue her, you must get through a tireless army of enemies. These enemies come equipped with weapons that include whips, knives, swords, and flamethrowers, but Riki has to make do with his well-trained martial arts body. Black Belt is a side-scrolling game that is split into seven chapters. During these chapters, you are fighting Chinese Kung Fu men, wrestlers, jujitsu men, eagles, ninjas, and black women. When you get halfway through the chapter, you will fight a different enemy than one that you encounter before. At the end of each chapter, you have to defeat several bosses before continuing on to the next round. Each type of these has their own personal strengths and weaknesses. Once you touch an enemy or boss, you will lose energy. once you lose all energy, you lose a life, but more life can be restored by getting the cake when it comes across the screen in mid-air, or by defeating an enemy that will come at you halfway and you receive a bonus for doing so. Black Belt is a modified version of the Japanese-exclusive Hokuto no Ken, with the licence removed and new level designs.
Blade Eagle 3-D (World)	Blade Eagle 3-D is a vertical shoot-em-up which has no story involved. You just have to shoot your way on three planets (you have to travel through space first), blasting as many enemies as possible. Along the way, there are several bosses that you have to defeat. The later ones drop a power-up, which you can use to upgrade your ship. Some of the power-ups include double shots and laser beams. Another power-up gives you the ability to have an extra ship on your side and will join the fight, and will later serve as a backup. Blade Eagle is designed for play in conjunction with the Sega 3-D Glasses. If you play without the 3-D glasses, it will look like as if there are two of your ships, not just one. If there are four enemies approaching you, they will look like eight.
BMX Trial - Alex Kidd (Japan) (En)	As young Alex, your job is to go through an obstacle course and get to the main exit without other competitors trying to push you off your bike. You start out in Blackwood Forest, but depending on which scene you're in, you can travel to Cactus Desert, South Seas, Pyramid River, or Alex's home, Radaxian. More often than not, you must jump over water, and along the way, you can get power-ups such as more energy, more time, and jets that lets you fly through the scene, but only if you perform a wheelie can you get these power-ups. The game ends when you have no energy left.
Bolas e Cores (Brazil) (Mega Drive 4)	Collect 2 or more balls of the same color and gain points to pass the stage and gain more time. How much morennbubbles you join at once only more points will win. If time runs out and you have not scored enough points to pass, you lose.
Bolhas (Brazil) (Mega Drive 4)	Collect 3 or more bubbles of the same color to eliminate them. In normal mode your goal is to prevent bubbles from touching the launcher. In challenge mode your goal is to clear the screen before time runs out.
Bombeiros (Brazil) (Mega Drive 4)	Move the firemen to rescue the kittens that are jumping from the building.
Bomber Raid (World)	Fly your plane through five levels, shooting enemy planes, submarines, helicopters, and other enemies along the way, and use your equipped cluster bombs if necessary. You need to destroy a target that is outlined in your mission briefing. You have three lives and limited cluster bombs. To help you along the way, you can shoot a power pod to score points, increase your firepower, and gain some help from fellow squadrons.
Bonanza Bros. (Europe, Brazil) (En)	Mobo and Robo Bonanza are enjoying their favorite television show when the picture crackles and a shadowy figure of a mysterious stranger appears on screen. This figure asks them to collect certain items that he has placed inside various buildings to test his security force. If they return the items successfully, Mobo and Robo will be rewarded. The two of them state that they will get the job done in just three minutes. However, little do they know that each building is packed with security guards who will raise the alarm if they are caught red-handed. Fortunately both Mobo and Robo are equipped with bullets that can knock the guards unconscious for a few seconds. An $100 reward will be given out if Mobo and Robo are apprehended. As either Mobo or Robo, you must collect all the treasures before leaving the ten buildings and shoot any security guards that get in your way. Remember that you are under a time limit. An in-game map will help you locate the treasures. There is a bonus stage after three buildings, where the object is to collect the gold bars in a limited amount of time without one of the three spotlights shining on you. If it is possible, hide behind open doors. If you manage to get all the gold bars, 10,000 points is added to your score. There are three of these bonus stages, but each of them varies.
Bonkers Wax Up! (Brazil) (En)	Madame Who-Said has been coating famous Toons in wax to make statues for her Wax Museum, and the next victim will be Bonkers! Now he needs to stop her, free his pal Lucky and find the Toon Toaster to un-wax the Toons. In this platform game, the player controls Bonkers through several levels where he must find 7 pickle clues. By pressing the pause button, a compass is shown, with the number of remaining clues and the direction of the next one. Bonkers can run (by holding button 1), jump (button 2) , duck and slide (by running and pressing the opposite direction on the d-pad). Bonkers will find several items to restore his health (like cups of coffee, donuts, slices of pizza and badges) as well as some bonus items. He'll also find some of his friends, like Marylin, who'll show him the way to bonus levels, where he must find pieces of the Toon Toaster. In these bonus levels, Bonkers will ride a mine cart in a rail course, trying to collect items. After a row of sub-levels, Bonkers will have to fight a boss, usually villains from the TV show.
Bram Stoker's Dracula (Europe)	The player controls Jonathan Harker, who, on his quest to destroy the Transylvanian vampire, must make his way through nine levels, starting at a tavern near Dracula's castle and then the castle itself. Back in England, Dracula and his minions must be driven out of a convent, an abbey and the house of Jonathan's fiancée Mina, among others. nnnnA primary task in each level is to find and destroy several coffins of Transylvanian earth. Hindering Jonathan on his way are henchmen as well as critters under the vampire's control: bats, rats, snakes and more. The last coffin in each location is usually guarded by one of Dracula's stronger minions, which include his three brides, the madman Renfield, and Mina's friend Lucy, now turned undead.
Bubble Bobble (Europe, Brazil) (En)	Bubble Bobble is the story of two humans, Bub and Bob who wander into the mysterious cave of monsters and magically turn into dinosaurs. The only way to transform back is to reach the end of the cave... Bubble Bobble is a platform game, with each level being a single screen. The enemies must be cleared from a level to go to the next one. With one player controlling Bub and the other controlling Bob, the player can jump and collect items for points (such as fruit). The real power Bub and Bob have however is the ability to blow bubbles. These bubbles can be as platforms to leap on, or to trap enemies. Enemies trapped in a bubble must be popped by jumping into them, wherein they'll turn to fruit. Additionally, power-ups sometimes float by in bubbles. They include lightning, which flies out horizontally at enemies, and water, which drags the player and enemies straight down flowing over platforms. Taking too long to complete any level will summon Baron Von Blubba, who will float around the screen trying to destroy the player.
Buggy Run (Europe, Brazil) (En)	Buggy Run is a game that lets players race dune buggies in a championship over 15 possible tracks (plus 4 in 2 player mode) each winning money that can be used for dune buggy upgrades. There are 4 different modes that can be played in single player mode that includes Race, Vs Com, Freerun, and Battle. In the main mode Race the player is given $20,000 starting cash that can be used to upgrade the buggy. The upgradable features of the buggy are Tyres (grip), Engine (speed), Suspension (limits bounce), Steering (cornering), Transmission (performance). All the upgrades cost $10,000 for level 2, $30,000 for level 3, and $50,000 for level 4 however the player doesn’t need to get them in order. There are also special upgrades to buy that includes $5000 for a mine (drops behind and if another car hits then it is blown up until reset), $5000 for Nitoro (gives the players car a short speed boost), and $10,000 for extra capacity of special items (starts with 2 slots to a max of 6). Special Items must be used in the order they're placed in the slots. Within the race the player will be racing 4 other cars to a race to the chequered flag on an isometric scrolling track. Some hazards on the track are lumps and jumps, bumps, rough road and mud. Appearing on the track are special power-ups that are red or white boost and extra money also a random that selects between the two. The prize money for winning is $30,000, 2nd gets $20,000, 3rd gets $10,000, and last gets $5000 to spend on the upgrades and power-ups between races. There are 3 stages of racing that is beginner, intermediate, and expert that have 5 races each. The player must qualify for the next stage or else it will be game over. In Vs Com the player plays the computer one on one on any track of the player's choice. All the upgrades for the buggy for the player and the computer are done though allocating a set number of points to varies upgrades. All the item slots can by used for either the nitoro or mine. Freerun is a time trial where the player races alone without upgrades on any track against the clock. Battle mode is where the player picks 3 computer players to battle on a round arena with the objective to knock the opponents off with the last player on the arena winning. There is also a two players mode that include Race, 1P vs 2P, and Battle. In 2P Race there is $30,000 for both players to upgrade there cars before placing them on a track with a fixed overhead view where they play 2 computer opponents. There are 4 different themes to pick from. 1P vs 2P is just the two players battling it out on one of 4 tracks each with 4 different themes. Buggy upgrades are done though allocating a set number of points. Battle is the same as single player battle only with 2 players and 2 computers.
California Games (USA, Europe, Brazil) (En)	California Games was the original &quot;Extreme Games&quot; – what today's generation might call &quot;X-Games in the sun&quot;. Players can select sponsors (absent in some versions) and compete in events such as skateboarding, footbag, surfing, roller skating, flying disc (frisbee) and BMX. The surfing event is ranked by judges, which give a score to help the players improve their routine. The Atari versions (2600 and Lynx) of the game omit the flying disc and roller skating events, while the Genesis version omits only the flying disc event.
California Games II (Europe)	California Games II is the sequel to the smash hit 1988 game. This time you compete in: hang-gliding, jetski, skateboarding, body boarding and snow boarding.
Captain Silver (USA)	In Captain Silver, you play the role of Jim, a brave young lad with a taste of adventure. You embark on a journey to find Captain Silver's secret treasure hoard, which is rumored to be hidden on an island in the Eastern Seas. There are six scenes in the game. During his travels, Jim will explore villages, fight his way on board ships, venture through caves, and wander around tropical islands. In each of these six scenes, Jim must use his sword to kill cats, rats, bats, witches, skeletons, and other creatures that are waiting for him. When Jim touches, or is shot at, by a creature, he loses one of his lives, but when he kills a creature, he can collect some gold that they leave behind, which can be used to buy items from shops. However, rather than getting gold, enemies leave behind some gold containing one of the letters that spell the word &quot;CAPTAIN SILVER&quot;. If Jim manages to get all of these letters, he will be awarded an extra life. Jim may only use his sword to start off with, but once he collects a fairy that floats toward him in every scene, Jim will be able to shoot stars at enemies, making his kills more efficient. The maximum number of stars that he can have is six. There are other power-ups that Jim can collect in the game. These include the &quot;clock&quot; power-up, which gives Jim extra time; the &quot;boot&quot; power-up which allows Jim to jump higher; and the &quot;coffee?&quot; power-up, which enables Jim to shield himself from creatures until he is hit by one. There is a boss in each scene, which he must defeat in order to proceed to the next round. There is also a certain time limit, which Jim must complete the scene before it expires. If he does not, then he will lose a life.
Casino Games (USA, Europe)	In Casino Games the player can visit a Casino with $500 in the pocket where they spend it on casino games. The games come in 3 different categories that include card game, slot machine, and pinball. After the player picks there gender and their surname they are greeted by the woman at the information desk. The player can then pick if they want to enter an account number if the player has played before. If not the default $500 is given and the player is on there way to play some games. The categories and games available are: Card Games Poker – The player plays one of the four CPU players available ranging from the easy player, Nancy, to the hardest player, Charley. The player is presented with a one on one game using the five-card-draw poker where the player, after playing the ante, can Bet, Pass, or Fold for a round, before replacing unwanted cards for the 2nd and final round of betting. The more skilled the opponent the harder it is to bluff them and they will try to bluff more themselves. Blackjack – The standard game against the dealer where the objective is to score higher then the dealer to but not exceed 21 points for the value of all the players’ cards. The player can Hit (get another card) or Stand (keep the cards) . It uses the casino rules like Double Down (if the score lower then 12 then the player can double the bet but have a maximum of one more card), Split (turn two matching cards into 2 separate hands), and Insurance (player wins if the dealer gets 21 with two cards after playing extra). Bets can be between $10 and $100. Baccarat – Player tries to beat the dealers score by using only the last digit of the total of the cards (i.e 10+4 = 4) if the score is under six then the player gets dealt one more card. If the players score is over six or seven then the dealer may get an extra card based on complex rules. Eight and above then no one gets an extra card. Bets can be between $10 and $100. Slot Machine There are old standard fruit slot machines with 3 lines each. The player picks a slot machine that come in $1, $5, $25, $50, or $100 per token. There is one token per line to a maximum of 3 lines after which the player will be increasing the payout per line up to 3 times (9 tokens max). The payouts range from 1 Cherry (2 tokens) to Lucky Sevens (50 tokens). Pinball: After choosing the table slope of Gentle, Middle, or Steep (slow to fast) the player is presented with a standard 3 ball pinball table named CASINOGAMES with drop-targets, bumpers, rollovers, and 2 levels of flippers. The plunger strength is based on timing and flippers are controlled by left and B. There is only one table to play is no money to be won. There is no amount to play to, however, if the player runs out of money then it is game over. When the player has won an amount then they can get an account number to password save the game.
Castelo Ra-Tim-Bum (Brazil)	Pedro, Biba and Zequinha went to play in the Castle as they always do. Once inside, Zequinha went to the kitchen and saw a jug with some kind of juice inside it. Not thinking twice, he drank it, only to discover it was one of Dr. Vitor potions, which turned him into a baby once again! Now Pedro and Biba must find 4 ingredients to make an antidote to the potion. Castelo Rá-Tim-Bum (Ra-Tim-Bum Castle) is an action/adventure game based on a quite popular educative Brazilian TV series, produced during the mid 90's but aired as late as 2007. The player can chose to play either Pedro or Biba to search for the ingredients through five levels. The main difference between the two is that Biba is a little faster than Pedro. Each level involves some platforming and minor puzzle solving elements, like jumping over the right sequence of platforms, or finding food inside the kitchen's drawers in the right order. To enter each level, the player must choose the right door, based on the doorkeeper's tips. The player has three lives and a health bar, and continues are available. All the text in game is in Portuguese.
Castle of Illusion Starring Mickey Mouse (USA, Europe, Brazil) (En)	Sega's 8-bit systems received their own version of the Genesis' popular Disney platformer. Story and themes remain the same, but the game has unique levels and slightly different gameplay mechanics. To save his girlfriend Minnie from the evil witch Mizrabel, Mickey Mouse must venture into the Castle of Illusion. Crossing six levels (including a magical forest, a toy land and a candy world), he must collect the gems of the rainbow in order to confront and defeat the witch. Each level features unique obstacles, enemies and a final boss. The enemies can be defeated by jumping on top of them. An alternative way is to pick up objects lying around (like rocks in the forest or blue balls in the toy level) and throwing them at the enemies. Mickey's ability to pick up things and carry them around also leads to puzzle-oriented gameplay. By placing objects in the right spot and jumping off of them, he can get to areas otherwise out of reach. In some levels, he also has to collect keys to open doors. A unique type of object is the treasure chest - by jumping on top of one or throwing it, Mickey gets access to its contents, which might include extra lives, a health power-up or coins to collect for points.
Cava-Cava (Brazil) (Mega Drive 4)	You must collect all the money buried in your garden and catch the thieves using their traps! But beware of dangerous objects!
Champions of Europe (Europe, Brazil) (En)	Titled as the official Game of UEFA 1992 this Game is an arcade Top Down Soccer Game in which the Player competes against the best European Soccer Teams to become the European Champion. The Game includes 4 different Game Modes for example Goalkeeping, Penalty Practice or the UEFA Tournament Mode. You can choose between 34 different Teams to play with. Before beginning a Match you can select and change many Pre-Play Options in the Main Menu. Examples are the Wind Speed, Weather or the Time per half. There are 8 Referees available, each one with individual Behaviour. The Game is controlled with 2 Buttons and the 8 directional D-Pad.
Championship Hockey (Europe)	Championship Hockey is an Ice Hockey game where players can play International level matches between the 22 available nations in ether in one match or elimination playoffs. The game is played from a birds eye view from over the top one side of the hockey rink's goals with a camera that scrolls up and down the length of the hockey rink. The player can play 5, 10, or 20 minute periods (3 in each game, not done in real time). There is a total of 6 players on the ice for each team, five that the player can take control of plus the CPU controlled goaltender. When the player hasn't got the puck the player can cycle though the available players or make the selected player move faster. To challenge the opponent for the puck, all the player has to do is be near the player with the puck. When the player is in control of the puck the player has the option of shooting for a goal or passing to another player. If the player has the penalties option turned on, penalties like Cross Check (pushing an opponent into the wall), Hooking (holding a player back), Roughing (striking another player) result in a player been sent of for 2 game minutes. There are 3 game modes available been Regular Season, New Playoff, and Best Of 7. Regular season is one match between two countries of the player's choice. New Playoff is where 16 teams play in an elimination contest where the last team standing wins (4 games total). Best Of 7 is where 16 teams play and the first team to get 4 victories wins.
Cheese Cat-astrophe Starring Speedy Gonzales (Europe, Brazil) (En,Fr,De,Es)	Hola! Sylvester's alter-ego, Dr Cheesefinger, has captured Speedy's girlfriend Carmel and took the whole cheese supply with him. With the help of some other Looney Tunes characters, you can fight back through a large number of platform levels. Speedy can throw his hat or jump enemies to defeat them. To get an ally, you need to collect certain objects (e.g. carrots for Bugs Bunny) and in the meantime, you also have to free your captured friends. Ay, carumba!
Choplifter (USA, Europe, Brazil) (En)	Choplifter is a side-scrolling action/arcade game that puts you in command of an attack chopper. Your mission: Go behind enemy lines and rescue up to 16 hostages per level. Be careful, though, because tanks and enemy aircraft will try to stop you -- and they won't stop shooting while you are rescuing those hostages! Originally released for Apple II home computers, Choplifter was later ported to the arcades and a number of video game consoles. Many imitators and homages would follow.
Chuck Rock (Europe, Brazil) (En)	Chuck Rock is your typical average cave man. He likes to spend his Sunday afternoons watching football and drinking beer. Unfortunately, his peaceful existence is interrupted one day when his wife, Ophelia Rock, is kidnapped by the village wierdo, Gary Gritter. So, Chuck is rather upset about this whole situation and you have to help him make things right. The game is a side-scrolling platformer. Chuck fights of a variety of dinosaurs using his belly-buster attack and a jump kick. Occasionally he has to pick up and throw rocks to defeat enemies and allow him to jump to greater heights.
Chuck Rock II - Son of Chuck (Europe)	The story in this Chuck Rock game takes up a little while after the end of the first game. As you may remember, Chuck Rock had to rescue his girl, Ophelia from the bad dude Gary Gritter. Well, he was successful in his efforts, and now Chuck and Ophelia are married. Eventually, they have a son, named Junior. Chuck works in a factory, where he develops great skill at carving automobiles out of stone. A rival manufacturer becomes jealous of Chuck's abilities and kidnaps him. Now it is up to Junior to rescue his dad! The gameplay in this sequel is similar to the first game, but with some minor differences since you are playing as Junior, rather than Chuck. This is a side-scrolling platform game with occasional rock-moving puzzles thrown in. Unlike Chuck, Junior carries a club that gives his attacks further reach.
Cloud Master (USA, Europe, Brazil) (En)	Enter the wild, fun-filled world of Mike Chen. He's out to learn the secrets of the five lands so he can become a powerful wizard of the skies! Already he has tamed a cloud to carry him around. He has learned the art of the shooting Ki force from his fingertips! but standing against him are more wacky, zany creatures than you can shake your chopsticks at! Bird men. Flying cat heads. Pigs with guns. And flying bowls of soup! Sounds funny...but remember that each can zap you with a touch! You do have a couple of tricks up your sleeve. Collect power-up pots to fly faster and make your Ki force even more powerful! Defeat the mid-round bosses and you will earn the use of true magic...fireballs, guardian flames and bouncing bombs. Defeat the five world guardians and you'll become a Cloud Master! Fail, and you'll be locked in combat forever. Are you really going to let a flying dumpling get the best of you?
Columns (USA, Europe, Brazil) (En)	Columns is loosely derived from Tetris, as it involves arranging falling blocks in such a way as to clear them. However, in columns they are groups of 3 same-size but varying color blocks, which must be arranged into sequences of 3 or more, either horizontally, vertically or diagonally. Sequences of 4 or 5 count for double or triple points, and diagonal sequences score the most. The real trick is to set up 'combos' - where one line causes other blocks to drop so as to create other lines. As well as the normal game mode, there is also a 'flash' mode, in which the aim is simply to remove a particular block from the base of the pre-formed pile of bricks. The difficulty of this can be determined by increasing the number of complete rows which are already in place.
Comical Machine Gun Joe (Japan) (En)	This game was originally released only in Japan on Sega Card, though has appeared in several compilations since.
Cool Spot (Europe)	The game is a 1-player platformer in which the player controls Cool Spot, who can jump, and attack by firing soda bubbles, which could be shot in all directions and while jumping. Cool Spot could also cling to and climb various things by jumping up in front of them. In each level the player must rescue other cool spots, who look exactly alike, from cages at the end of that level, which is not necessarily the point at the far right of the level map. In order to do so, the player is required to collect a certain number of &quot;spots&quot; that would change (usually increase) as the game progressed. &quot;Spots&quot; were placed across the level in large quantities.
Cosmic Spacehead (Europe) (En,Fr,De,Es)	Linus had crash landed on a distant planet called Earth, and made his way back home again. Trouble is, no one believes his tale of the planet he discovered! Your job is to help Linus make his way back to planet Earth so he can take some pictures to convince his friends. Gameplay consists of two parts, an adventure and arcade action. In adventure mode you can explore lands, find objects, and talk to people. Sentences can be constructed by using the pointer to select actions or objects on the screen (This is similar to the interface LucasArts used in games such as Maniac Mansion.) To reach many new locations involves the action mode, where you will need to cross treacherous landscapes and evade dangerous creatures. This portion resembles a side scrolling platform game. Once you've cleared an action sequence, you will not need to do so again if you decide to revisit a location. Whenever you wish you can receive a password allowing you to continue the game later from the same point.
Creature Capture (Brazil) (Mega Drive 4)	Seven beings were created by terrorists, deadly weapons disguised as beautiful creatures. Help Agent Natcha capture all of them. To capture the dangerous beings, join the equals in groups of 3 or more, exchanging neighboring beings. At each stage a number of specific equal beings must be captured
Cyber Shinobi, The (Europe, Brazil) (En)	In the previous game, an evil army of villains, known simply as &quot;Zeed&quot; , but some of them escaped, however. Time has passed and it is the year 2XXX where atomic power plants in countries around the world are attacked, and plutonium, which was the equivalent of 100,000 megatons of explosive power, was stolen from these plants. The words &quot;Cyber Zeed&quot; was always written at the scene of the crime. Later, the world realized what Cyber Zeed had planned to do: use their nuclear capabilities to terrorize the world. Every nation sent their best forces to stop this threat, but all of them failed. Joe Musashi came forward to this great evil, and he is required to fight those who rose from the ashes and put an end to this threat. Cyber Shinobi is a one-player game that consists of six rounds. You need to fight ninjas that get in your way using your fists and legs. You can also defeat them using special attacks and ninjitsu. Power-ups can be collected along the way, which will give you more shots, ninjitsu, power, and life. A boss needs to be defeated at the end of the round.
Cyborg Hunter (USA, Europe, Brazil) (En)	It is the year 2242. You are Paladin, the galaxy's toughest bounty hunter. Cyborgs are about to take complete control of the universe under the direction of Vipron, their evil leader. You are sent to the cyborg fortress to get rid of all the chief cyborgs in each of the seven areas. The game screen is divided into three sections. This includes a first-person view of the map, in which you can see objects that are coming your way. There are two types of objects: red objects indicate the lower cyborgs, while white ones indicate the chief cyborgs. Next to it is a map of the area, your life and psycho power count. Below these is the action screen. In each of these seven areas, there are several floors which can be reached via the elevator. At the beginning of the game, your only weapons are your fists, but weapons can be collected throughout each area, which include psycho punch, ray gun, light gun, and bombs. Power-ups like extra life and psycho power can also be collected. If you use the psycho punch or psycho gun, your psycho power gets depleted, and when it is empty, you must stock up on some more. You can also get shields that will protect you from laser beams, and jet engines so that you can fly over hazards. In some areas, you defeat a boss which leaves an ID card, which you can use to access other areas of the fortress. Some chief cyborgs are easy to kill, while some are hard. You will just have to work out which weapon works best with them. The game ends when you lose all your life. You are not alone in this mission. You also have Adina, your contact back at headquarters. Follow her instructions carefully and you may survive. Cyborg Hunter is based on the Japanese-only Borgman.
Daffy Duck in Hollywood (Europe, Brazil) (En,Fr,De,Es,It)	Presenting the world famous Daffy Duck P.I. Armed with your lethal bubble gun, search the Hollywood film sets for Yosemite Sam's Golden Cartoon World Movie Awards and the despicable Mad Professor Duck Brain.
Danan - The Jungle Fighter (Europe, Brazil) (En)	Long ago, in the distant land of Moralos, in a time when vast jungles still covered the Earth, an evil presence emerged from its tomb beneath the ground. His name was Gilbas, and he was about to destroy the inhabitants of the land. Aganan, a great warrior, was summoned to save the troubled land and put an end to Gilbas by sealing him in the tome from where it came. Unfortunately, Gilba was successfully resurrected and another warrior, Danan, was called. His quest is to locate the three sacred objects that Aganan used to defeat Gilbas: &quot;The Orb of Light&quot;, &quot;The Amulet of Light&quot;, and &quot;The Knife of Light&quot;. There are about four rounds to complete, and has Danan going through exotic locations defeating enemies such as valkyries, ogres, bees, spiders, and several others. At the end of each round, you come face to face with a boss, which takes quite a number of hits to kill with your sword. Once they are defeated, they are likely to give you one of the objects that you need to defeat Gilbas. More to the story is then revealed. Assisting you with your journey are three animals: an eagle, a monkey, and some other animal that I am unfamiliar with. To get these animals to help you, however, you will need to collect three of their tokens that are found in yellow chests. These animals are quite useful in dangerous situations. The eagle, for example, can get a hold of you and fly you to safety if more than one type of enemy surrounds you. Anyway, you can get these animals to help you at any place, at any time, as long as you have three of its tokens. Yellow chests can also reveal extra strength, extra time, or extra health. The game ends when you run out of time, or when you lose your health, and there are no second chances, unless you manage to find some elixirs, which are rare.
Dead Angle (USA, Europe, Brazil) (En)	In this game you play the role of a man who's girlfriend has been kidnapped by a ruthless mafia boss and you need to find her quickly. The gameplay involves you having to shoot all the mafia henchmen before being able to fight the level boss. The game is view as a 1st person/3rd person hybrid where you are shooting in first person but you can see the outline of your character. To avoid getting shot you have to make sure you are not in front of an enemy as when you are your outline turns red and you are vulnerable. You can duck for cover but you automatically pop up after a few seconds so timing is everything. There is also a time limit for each level and more enemies to kill as the game progresses.
Deep Duck Trouble Starring Donald Duck (Europe, Brazil) (En)	Donald meets Hewey, Dewey and Louie, back from their latest adventure with Uncle Scrooge. But Uncle Scrooge has been cursed by a pendant he found while adventuring, and is now floating in the air like a balloon! He gives Donald his adventurer's diary and asks Donald to retrace his steps and return the pendant to its rightful place - this is the only thing that will return Scrooge to normal. Deep Duck Trouble is a platform game where you play as Donald Duck. You must make your way through four different areas of the island - the jungle, an inlet, a volcano, and a valley - and defeat bosses at the end of each area. Donald can defeat enemies by jumping on their heads. He can also defeat them by kicking bricks which will may then hit his enemies. Donald's trademark temper also comes into play: if he eats a chili pepper, he will become furious and plough through anything in his way, whether it be bricks or enemies!
Desert Speedtrap Starring Road Runner and Wile E. Coyote (Europe, Brazil) (En,Fr,De,Es,It)	This is a platform game starring Looney Tunes famous Road Runner(who you control) and nemesis Wile E. Coyote. Road Runner can jump, eat birdseed to replenish life and run, of course! Holding the D-pad down speeds him up. The clock is ticking and if you run out of time a try is lost, collecting stars adds time to the clock There are various items/powerups and bonus areas 3 difficulty settings, choice to play with or without music and/or sound effects and an option to play the game music while not in game
Desert Strike (Europe) (En,Fr,De,Es)	The first game in the Strike series. A year after the Gulf War, a self styled General named Kilbaba (Muababa in the GBA version) takes over an Arab Emirate and threatens to start WWIII against its enemy in the West, the U.S. The whole world holds their breath as the President chooses you to destroy Kilbaba and his terrorist army before he launches a nuclear attack on the world! You must fly an specially designed AH-64A Apache on a series of missions from rescuing MIAs, destroying power plants, to blowing apart SCUD missles! Take out his defenses while trying to find out Kilbaba's plans. Take on the Madman and forever rid this threat....in the desert!
Dick Tracy (USA, Europe, Brazil) (En)	This is one of the games based on the Dick Tracy movie. You are Dick Tracy, a police detective who enjoys a peaceful life with his wife. But his wife's father is murdered by a local gangster named Big Boy Caprice, and Dick Tracy is now out for revenge. The game doesn't follow the exact plot of the movie, but simply lets Dick Tracy fight his way through several levels until he faces his archenemy. This is a platform shooter/&quot;beat-'em-up&quot; game. Plenty of gunmen will attack our hero from all the sides. Dick can only move to the right or to the left. He can use his pistol gun to take out enemies who are in front or behind him. Since he can't approach enemies who attack from the depth of the screen, he can dispose of them using his machine gun. When the enemy is too close, Dick will punch him instead of shooting.
Dinobasher Starring Bignose the Caveman (Europe) (Proto)	Join Bignose in a zany, prehistoric race to catch his dinner! Club you way through hoards of dinosaurs across four huge islands, colleciting bones and rocks and trade with the natives. Fly between the islands using your club as helicopter rotors and become the first flying man! Great cartoon graphics, brilliant music and, most importantly, excellent fun! Unreleased although prototype is available.
Domino (Brazil) (Mega Drive 4)	Classic Dominoes gamennChoose difficulty and number of opponents Select the desired part, if the part clicks in more than one position choose one of them to leave in the tray.
Double Dragon (World)	Set in a post-apocalyptic New York, Double Dragon is the story of Billy and Jimmy Lee, twin brothers trained in the fighting style of Sou-Setsu-Ken. Together, they manage a small martial arts training school, teaching their students in self-defense. One day, Billy's girlfriend, Marian, is kidnapped off the street by the &quot;Black Warriors&quot;, a savage street gang led by a man named Willy. The Black Warriors demand the Lee brothers disclose their martial arts secrets in exchange for Marian's freedom. The Lee brothers set out on a rescue mission to crush the Black Warriors and save Marian. Using whatever techniques they have at their disposal, from the basic punches and kicks to the invulnerable elbow strike, as well any weapon that comes into their hands, the Lee brothers must pursue the gang through the city slum, industrial area and the forest before reaching their hideout to confront the big boss, Willy.
Double Hawk (Europe)	In the early 1990s, violence was spreading across the globe, and the disturbances centered exclusively around a group of international terrorists whose purpose is to terrorize and massacre the innocent. The United Nations ordered two seasoned veterans, John Jackson and Jack Thomas, to destroy the syndicate. Double Hawk has two settings: easy and difficult, and the gameplay is similar to Cabal, in which you have to kill a group of enemies before a meter runs out to proceed to the next level, and these enemies include soldiers, tanks, choppers, snorkelers, and more. Your journey will take you through jungles, wastelands, villages, seashore, and finally, to the mountain. During the way, you can get different power-ups that include bombs, machine guns, rapid fire, and more speed. There are five missions, consisting of four levels each, including a boss level.
Doze Trabalhos de Jongo, Os (Brazil) (Mega Drive 4)	Your goal is to help Jongo collect the lotus flowers in their sacred places, but beware, they can only be pushed, never pulled
Dr. Robotnik's Mean Bean Machine (Europe, Brazil) (En)	Okay, so this Dr. Robotnik guy, he decides to turn something else into robots. This time, it's the citizens of Beanville! It's up to you to save them from their doom. You drop pairs of beans into the dungeons, trying to create groups of four in matching colors. You must challenge Dr. Robotnik's robots to a battle and defeat them, and eventually face the Eggman himself.
Dragon - The Bruce Lee Story (Europe)	Based on the 1993 movie of the same name, Dragon: The Bruce Lee Story has Bruce Lee learn that he was born in America and he sets off to explore this new land. However it is a dangerous place and must fight to survive. Dragon: The Bruce Lee Story is a side-scrolling action game. Bruce Lee travels through various locations and engages enemies in martial arts. As Bruce Lee, the player can jump and attack. The direction button being pressed at the time of the attack determines whether Bruce will Punch, Roundhouse Kick or Low Kick. Power-ups are scattered throughout the levels and can be activated by attacking them. Bruce has a health meter at the top of the screen, when it is depleted he loses a life.
Dragon Crystal (Europe, Brazil) (En)	Dragon Crystal is a dungeon crawler with RPG elements, along the lines of classics such as Rogue or Nethack. Without relying on a story, the game throws you into a randomly generated world which you should explore carefully - and most importantly, where you must survive! The complex, maze-like levels reveal their structure only after you cover the corresponding map areas. Your goal in each level is to reach a teleporter which will take you to the next one. There are also a lot of random items scattered around - weapons, armor, money, and food. Money allows you to continue the game if you die, food prevents you from starving. The enemies are visible on screen, and you fight them in a fast-paced turn-based combat, moving around and pressing direction arrows to strike with the equipped weapon. You are always accompanied by an egg which will eventually grow up to be a dragon if you have leveled up enough.
Dynamite Duke (Europe, Brazil) (En)	Duke, armed with a machine gun and cybernetic arm, walks sideways through enemy bases, shooting snipers and engaging in hand-to-hand combat with bosses and the occasional knife-wielding soldier. An over-the-shoulder perspective is used throughout.
Dynamite Dux (Europe, Brazil) (En)	Side-scrolling beat 'em ups in which you must rescue a trapped female friend are nothing unusual. Being able to use direct-combat moves as well as collecting bonus weapons, and food for energy recharging, is pretty typical as well. Games of this type that were converted from the arcade to home computers are particularly commonplace - Renegade and the Double Dragon series are famous examples. Where this one stands out, however, is the setting of your character as a duck called Bin, and with motion having a clear waddling appearance. The enemies to fight are all from the animal kingdom, but somewhat warped - crocodiles with boxing moves and cows armed with rocket packs for example. Bin has six levels to clear before he can rescue Lucy from Archaca's clutches.
Dynamite Headdy (Brazil) (En)	Dynamite Headdy is a platformer... with a difference. You control a little character whose main attack comes from his disembodied head. Yes, years before Rayman appeared, we already had a hero who used detachable appendages to attack his enemies. Rather than the traditional power-ups, Dynamite Headdy enables you to swap your head for different kinds – such as heads that heal you or heads that stick on to walls. You use your head in order to climb up on platforms as well, as you can grab hold of things with it, and on certain stages of the Mega Drive/Genesis version it is used to turn the game into a side-scrolling shooter, as you gain a propeller, jet, or bird head. Basically, Dynamite Headdy is just a traditional platformer at heart.
E-SWAT (USA, Europe, Brazil) (En)	Crime is getting out of control in Liberty City, and to combat the problem, the LCPD establishes a new unit, called ESWAT (Enhanced Special Weapons and Tactics). Police officers who are promoted to this unit wear a cyber-suit that contains state-of-the-art military equipment including two Turbo-Booster Thrusters, extra ammunition, and increased protection. In order to become an ESWAT member, all a dedicated police officer has to do is arrest enough criminal masterminds to progress through the ranks, which include Captain, Assistant Chief, and Chief. ESWAT: Cyber Police is a horizontal-scrolling beat 'em up where you have to make your way from left to right and defeat a mastermind. There are 15 stages to complete, and have you patrolling through Liberty streets, car yards, stadiums, restaurants, the CBD, construction sites, and boat docks. While you're out on patrol, you can pick up ammunition, and the amount you get varies. For example, on some levels, ammo may be worth 10 bullets, while in others, you may get 60 bullets. Once you have obtained the cyber-suit, you wear it for the duration of the game.
Earthworm Jim (Brazil) (En)	A crow is chasing a worm named Jim while in outer space Psy-Crow is chasing a renegade ship. The ship's captain has stolen an ultra-high-tech-indestructible-super-space-cyber-suit and Queen Slug-for-a-Butt has ordered Psy-Crow to get it, since it can make her more beautiful than Princess-What's-Her-Name. Psy-Crow blasts the captain and the suit falls to Planet Earth. Back on earth Jim wonders if he is finally safe when an ultra-high-tech-indestructible-super-space-cyber-suit lands on him. Luckily Jim rests in the neck ring of the suit. Then the space particles begin interacting with Jim, causing a light-speed evolution. Jim soon realizes he is in control of the suit. Jim overhears the Queen's plans for the suit and decides to meet this Princess...
Ecco - The Tides of Time (Brazil)	The followup to Ecco the Dolphin, in which Ecco successfully destroyed the Vortex. Unfortunately, it turns out that the Vortex Queen followed it to the Earth and eventually destroyed the Asterite. All the world's oceans are threatened, and actually already doomed. In order to restore the Asterite and finally defeat the Vortex Queen, Ecco will have to confront once again the tides of time, which have split into two possible futures, the regular one and the dark one dominated by the Vortex Queen. Ecco: The Tides of Time features even better graphics than its predecessor, and introduces a new gameplay mode in which the camera follows the dolphin from behind instead of from the side.
Ecco the Dolphin (Europe, Brazil) (En)	Travel through time along with Ecco the dolphin, in the only game that could call itself a &quot;dolphin simulator&quot;. Indeed, you can do pretty much everything a typical dolphin does, including eating fish, surfacing in order to breathe, using your biological sonar and of course, jumping out of the water to amaze your friends. The storyline is actually deeper that one may think by looking at the box illustration. As Ecco, you are the only dolphin who managed to escape from a giant whirlpool which sucked down your entire pod. The five shining stars on your forehead show that you are the chosen one to save them. But that task will be not be an easy one, as you will have to travel through time and space with the Atlantean time machine, and meet the mystical Asterite in order to defeat the Vortex Queen.
Enduro Racer (USA, Europe, Brazil) (En)	In this game you play the role of an endurance bike racer. The gameplay involves you racing against the clock to get to the finish line and jumping over ramps. At the end of each race you get points for how many cars or bikes you have overtaken with which you can upgrade your bike. There are various different terrain for you to race on including desert beach and dirt tracks plus a number of things to slow you down or even knock you off of your bike all together. The main idea is to find the best route through each level to shave off valuable seconds in order to over take more cars and bikes. The Japanese version of the game has more Tracks than the European and US versions have. Among them is a snow track which is one of the hardest tracks in the game, because there is a lot of stones on the thin road.
Excellent Dizzy Collection, The (Europe) (En,Fr,De,Es,It) (Proto)	Three complete games starring game superstar Dizzy! Enjoy the thrill of an arcade action game, a puzzle game and a complete adventure game all in one pack! 1. Dizzy the Adventurer - Adventure Game Here's Dizzy - in an amazing magical quest packed with action, mystery, surprises and lots of new interesting characters. Escape from an underground cave and wake Daisy from the endless sleep caused by pricking her finger on a cursed spinning wheel! The spell can only be broken by a kiss from a Prince! A great sense of humour and brilliant fun! A superbly crafted cartoon adventure set in a magical kingdom! Brilliant graphics, music and a magical quality that will enchant players. &quot;A magical quest to wake Daisy from her endless sleep&quot; 2. Panic Dizzy - Puzzle Game It's puzzling, challenging and mega playable! Play any of the Yolfolk and challenge friends to a choice of 3 brilliant, original puzzle games. There's shape shifter, dizzy dice and picture puzzler to boggle your mind and blow your brain. Push and shoot the descending shapes in a race against time! Fantastic fun! &quot;Put your brain & reflexes in to top gear for 3 original puzzle games!&quot; 3. Go Dizzy Go! - Action Game It's Dizzy and Daisy to the rescue in this zany arcade challenge. Zaks' treacherous worlds are jam packed with all sorts of nasties. Power-Ups and Special secrets! Take up the challenge in single mode or two player mode. Classic maze style game with 5 worlds each containing 5 levels. Superb graphics, funky music and exciting gameplay! &quot;Dash around weird and wonderful worlds to free the yolkfolk!&quot;
F-16 Fighting Falcon (USA)	In this game, you are flying the F-16 Fighting Falcon, the most advanced jet fighter in the world. In this carefully crafted simulation, your mission is to take down all enemy jets and remain airborne as possible. You are equipped with your standard gun, plus some missiles that you can use to take them down. There are ten levels. The number of missiles you have vary between each level. Furthermore, each level is difficult than the last with more enemy jet fighters that you have to take down.
F1 (Europe, Brazil) (En)	F1 is an Official Formula One Racing Game. There are two modes of play available: &quot;Arcade&quot;, &quot;Grand Prix&quot;. In both of these modes you complete a certain number of laps (4, 8, or 12) and select which circuit that you want to race on. The circuits include San Marino, France, Britain, Germany, Italy, Portugal, Japan, and Australia. Some circuits are easy, while some are difficult. There are slight differences between the two modes. For instance, &quot;Arcade&quot; allows you to select the circuit in any order that you like, whereas &quot;Grand Prix&quot; only allows you to fine-tune your car before starting a race. You also need to race a circuit in the order that they appear on the circuit selection screen, but you can skip a track if you want. F1 is a 1-2 player game, meaning that if you have another player handy, you can compete against each other.
Fabrica de Chocolate (Brazil) (Mega Drive 4)	You are a visitor to this crazy factory and must eat all the chocolates to win the game,nnBut be careful! Some chocolates are spoiled.
Fantastic Dizzy (Europe) (En,Fr,De,Es,It)	The evil wizard Zaks has cast a spell on the peaceful Yolkfolk, and while many fell under his spell, others have other problems to deal with, including Dizzy, who saw his girlfriend Daisy kidnapped and taken hostage by Zaks, and it's up to him to restore the Yolkfolk to normal and rescue Daisy from the top of the Cloud Castle's tower. The most technically-advanced of Dizzy's adventure games in many ways, it was the only one to feature actual scrolling rather than a flick-screen system, the only one not to be released for the 8 bit computers the character originated on, the only one to originate on a console, as well as featuring many mini-games, such as Bubble Dizzy and an Operation Wolf clone. Gameplay involves walking Dizzy through the levels, picking up objects and using them to solve simple puzzles. There are plenty of tests of arcade skill along the way as well, as gaps must be jumped and baddies avoided - starting with a limited number of lives, the player can earn more by completing Theodore's puzzle. Before rescuing Daisy the player must capture all stars that unlock the gates of the tower.
Fantasy Zone (World) (Sega 3D Classics) (FM Music)	The Fantasy Zone is a solar system consisting of eight brightly colored, fantastic planets. The evil Menons are trying to take over all of the planets in the Fantasy Zone by using misappropriated foreign currency to build their forces. It is the player's job to recover all of the coins and save the solar system! Fantasy Zone is an arcade style shooter for one or two players. The goal is to destroy all of the creatures on each planet and collect as many of the lost coins as possible. At the end of each level is a large enemy that will have to be defeated before moving on to the next world. At various points in the game, the player will be able to find a parts shop, which allows purchasing improvements for his spaceship, including better weapons and faster engines.
Fantasy Zone - The Maze (USA, Europe, Brazil) (En)	Sega decided to make their last game in the Fantasy Zone series different. You see, the gameplay now involves you going around mazes, collecting all the dots while avoiding enemies. You are awarded points for each dot collected, but they vary depending on their size. For example, small dots award ten points each, while you get 200 points for each larger dot you collect. Once you have collected all the dots in the maze, the enemies will turn into coins, which you must quickly get in a strict time limit and you move on to the next maze. Just before this, though, you get a statistics screen that shows the amount of time that you spent in the maze. Points are also awarded, but sadly, if you spent over sixty seconds in a maze, you won't get any. Every world you travel to consist of three mazes, and after you complete all three, a bonus round appears where the object is to collect all coins before time expires. While you are collecting the dots in the normal mazes, you must touch the enemy's energy, a flashing red spot within each maze to avoid 2nd-generation enemies from entering the mazes. Some power-ups can be collected, which consist of weapons and speed boosters (big wings), which can be collected by landing on the circle which it is in. However, you need money in form of the amount outlined just before each maze. If you land on a circle while you are short of cash, a 'NO SELLING' sign will appear above it, and you have to collect some more dots and try again. Also you can die by touching an enemy. When you die, a coin will take you place, and when you get resurrected, you can grab the coin. The game can be played with two players, but the same rule applies in a 2-player game.
Fantasy Zone II (USA, Europe, Brazil) (En)	Fantasy Zone II on the Master System is a shooting game in which you control a spaceship. Equipped with various weapons such as bombs or missiles, you must dodge or destroy enemies to stay alive and finish the level.
Ferias Frustradas do Pica Pau (Brazil)	While Pica-Pau (Woody Woodpecker in English) and his friends were having a vacation, Zeca Urubu (Buzz Buzzard) kidnapped Woody's pals as he was ready to take a photo and gave out a letter which the woodpecker has to free his friends. This game is a licensed platforming game which the text is in Portuguese. Pica-Pau is able to jump, run by pressing forward twice and peck (up, down, left or right depending where you are and what direction is pressed) to defeat enemies that can be combined with the jump button if the player is out of reach. There are items to help during the adventure such as rocket pack to guide you, a horn to wake Leôncio (Wally Walrus) and a paintbrush and also he is able to ski down a slope as well.
FIFA International Soccer (Brazil) (En,Es,Pt)	The game that started the best-selling series licensed by football's world governing body, this first installment in the long running series used a dimetric (colloquially known as &quot;isometric&quot;) viewpoint, previously unusual in football games but quickly imitated by several titles. The televisual presentation, one of the unique points of the early EA Sports titles, with hosts introducing the matches, was another thing making the game stand out from a market dominated by Sensible Soccer and Kick Off games. Based on international teams (with fictional player names), their abilities in each skill area rated out of 10 to give the player an overall impression of how good they are. The options available follow the standard set: fouls and offsides can be toggled on and off, the match length can be set, and if the timer operates continuously, or only while the ball is in play. Gameplay privileges quick runs, short passes and blistering shots outside the penalty box, and set pieces are controlled by moving a box into the target area for the ball, and then passed, lobbed or kicked directly. On the tactical side, formations can be selected, with 5 different strategies also available (although not all of these combinations make sense) as can the team Coverage - the areas which defenders, midfielders and strikers cover.
Fire & Forget II (Europe)	Part two in the Fire and Forget series, best described as Crazy Cars (also by Titus) with weapons in a futuristic setting. This game combines the genres action and driving. In each of the five levels you need to blow your way to the front of the death convoy and shot down the leader of a group of terrorists, who plans to blow up a city. Your machine of destruction is a car with the ability to fly.
Fire & Ice (Brazil) (En)	The background story of Fire & Ice is quick to tell: A coyote (you) runs, throwing ice cubes, through various worlds. In the levels you must jump on platforms and kill your enemies. The enemies (for example, birds and penguins) can be shot with your ice cubes; they become frozen, so you smash them. Sometimes they leave part of a key behind after they're destroyed. The complete key, assembled from all the pieces, opens the door to the next world. In this &quot;jump & run&quot; you can also get some power-ups. You can find some coyote puppies; these puppies follow you, are invulnerable, and also shoot enemies. In higher regions you find some snow-flakes; enough of these and you get a great snowball for freezing more enemies on the screen.
Flash, The (Europe, Brazil) (En)	The Flash is a side-scrolling platformer starring the eponymous D.C. comics hero. The game is divided into six rounds, each round has two stages and a boss fight. Within each stage, Flash must get to the exit before the time limit runs out, though the exit must first be unlocked by activating a switch. Apart from a speedy protagonist, the game has some similarities to Sonic the Hedgehog, as the levels have a similarly complex structure with different passages and many optional areas.
Flintstones, The (Europe, Brazil) (En)	The Flintstones is a game based on the popular cartoon series The Flintstones by Hanna-Barbera Productions Inc. It's weekend! Fred Flintstone thinks of only one thing: bowling with his friend and neighbor Barney. Unfortunately, his wife Wilma got other plans for him. Fred has to paint the living room and Wilma is not going to help him with it. No, she goes shopping. And if that's not enough, Wilma also tells Fred that his mother-in-law is coming over. The Flintstones game is divided in four parts. Part 1: Painting the walls of your living room. To go to the bowling alley before it is closed Fred has to paint the walls as quickly as possible. To paint the walls Fred uses the tail of a living squirrel. Pebbles tries to leap out her playpen and starts crawling around and starts scribbling on the walls. If Fred wants to put Pebbles back in the playpen then he has to drop the squirrel, that immediately starts wandering off. When Pebbles is back in the playpen Fred has to chase the squirrel and dip its tail in the paint again. Part 2: Driving your car on the way to the bowling center. Finally, when all walls are painted Fred can go to the bowling alley! Fred has to drive to the bowling alley but unfortunately the roads are in a very bad condition. The road surface is dire and covered with rocks! And if one of the wheels hit a bump it will break off the car and disappear into the distance. Part 3: A bowling competition between Fred and Barney. At the bowling alley the following bowling parameters can be set: the spin and speed of the ball and the starting position of the player. Each turn gives two throws (except he gets a strike). A game takes ten turns. while a match takes three games. Part 4: Saving Pebbles at a construction site. On his way home Fred discovers that Pebbles has disappeared! Don't let Wilma find that out! Fred finds Pebbles at a construction site on top of some scaffolding. He has to climb the scaffolding to rescue her. If Fred fails to rescue his daughter then Barney rescues her and Fred will be branded as a failure!
Forgotten Worlds (Europe, Brazil) (En)	Forgotten Worlds features two characters known as The Nameless Ones, who both look like Arnold Schwarzenegger, one even has a mohawk. It's their job to rid the planet of the attacking aliens. Guiding your character around the screen as they fly with jet-packs, guns on full auto, you control a satellite which you rotate around your character for the direction in which your gun is firing. At the end of each level is a boss which needs to be killed to progress. Enemies that have been killed drop money. At the end of every level is a shop where you can buy weapons, armour, items and first-aid packs.
Fushigi no Oshiro Pit Pot (Japan) (En)	The princess has been kidnapped and held captive inside the castle, and your job is to navigate each room by collecting all the goodies, and killing monsters using the hammer that a witch gave you. Once you have done that, you must get through one of the open doorways. To navigate the room, you can walk either on the gray tiles, or the yellow ones that surround them. Monsters also can walk on these gray tiles, but you can make them fall down if you smash a tile that they're on. The monsters will regenerate in the room after five seconds. Be careful of dragons that will throw fireballs at you. If you get hit by a dragon, its fireball, or one of the monsters, you will lose a life. You can collect keys that will open locked doorways, so that you can exit through them. Some power-ups can also be collected. Collecting hearts, for example, will freeze all monsters on screen for a limited amount of time, giving you the opportunity of killing them.
G-LOC - Air Battle (Europe, Brazil) (En)	The Citizens Defence Force does not trust the United Nations to keep a troubled 21st century world at peace. It confiscates a horde of planes and warships, and as a UN loyalist, it is your job to shoot them down. Solving starvation and disease can wait, apparently. The game is split into 8 stages, which are split into sub-stages over land and sea, each of which has a strict time limit, and a target number of planes to shoot down. They take place from behind your plane, which can be controlled with ‘up’ referring to ‘climb’ or ‘dive’, depending on player preference. You are armed with 10 missiles as well as standard weapons. The plane can survive a few hits, so watch the damage report as it goes from red to black. Fail to complete a section in the time limit and you use up a continue, but the amount of planes previously shot down is not reset, making the second attempt easier Chase HQ style. As you destroy enemies you gain access to better planes, and the rank reported at the end of the game improves – this is also dependent on the skill level you play at.
Gain Ground (Europe, Brazil) (En)	Gain Ground is an arcade style action game with a bit of strategy thrown in. The goal is get all of the soldiers to the opposite side of the screen or to kill all of the enemies. Each soldier in the army has a unique specialization, from among 20 types. Each soldier can attack in two different ways, using either a normal weapon or a special weapon. The strategy comes from deciding which soldier would do best in which situation. Some weapons are better at dealing with certain enemies and obstacles than other weapons. Players start with only three soldiers but can encounter other soldiers that can be rescued, by touching them. If the new solider survives long enough to reach the exit, they can be added to the soldier inventory. The number of possible soldier in a player's army is over 30 soldiers. There are 50 stages total, divided into rounds of 10. At the end of each round, players encounter an enemy boss.
Galactic Protector (Japan) (En)	As a ship that looks like the one in the Fantasy Zone series you must protect three planets from floating space debris by using your built-in laser shots to destroy them. If you fail to shoot at them quickly, the debris will eventually come in contact with it. If this happens, 10% of the planet's life will be lost. Once you have destroyed enough debris, you receive a bonus for how much planet life that remains and move on to the next round. Later in the game, you will receive a 3-way shot as well as protection that will greatly help you in further rounds. The game ends when you lose all your lives or the planet blows up. 25 rounds.
Galaxy Force (USA)	Made in the hey-day of SEGA's sprite scaling hardware (After Burner, Out Run) in the arcades, Galaxy Force is a combination of After Burner and G-Loc R-360 set in space. The game is divided into four &quot;scenes&quot;, or planets: the A world is a green planet, world B is a fire-ridden lava planet, world C is a green water planet and world D is barren ice planet. You must fly your spaceship above the planet's surface, facing not only Space Harrier-style enemy attack waves, but also natural phenomena such as meteorites, lava eruptions and tornadoes. To fight them, you have a vulcan as well as an undepletable stock of missiles. Once you have fought your way across the planet, you enter a tunnel system in the inner confines of the planet. As the tunnel turns, you are given directions as to which way you must manoeuvre, but the narrow tunnel gives you little space to take evasive action. Once you escape the tunnel, the entire planet is destroyed, leading you towards the ultimate boss encounter.
Game de Check! Koutsuu Anzen (Japan) (Proto)	Commissioned by Tokyo Marine and Fire Insurance Co. Ltd, this was a not-for-sale educational game intended to teach children about road safety and basic traffic safety rules.
Gangster Town (USA, Europe, Brazil) (En)	In Gangster Town, you must use the Light Phaser to shoot unruly mobsters from the town, starting with a car chase, a walk through downtown, shootouts in a bar and nightclub and more. Bonus games, such as finding a key in a brick wall, are included as you complete the game.
Gauntlet (Europe, Brazil) (En)	Gauntlet, the original arcade smash hit, is a fighting game where you choose a character and let rip into the hordes of enemies that assault you on you way to the end of the level. One or two players must make their way through 100 levels of mayhem and magic. It featured a choice of four characters to play with, each with different weapons. Thor the Warrior, has a bludgeoning battle axe, Thyra the Valkyrie, has a close range sword, Questor the Elf has his long range bow, and Merlin the Wizard has magical bolts. Ghosts, goblins and even the life draining Death are your enemies. Enemies stream out of generators, so destroy these before tackling the rest. Keys are needed to open the many doors within the levels, and in some situations a door will contain only bonus items, not a progressive route. Scattered magic potions act like smart bombs and clear the screen of all enemies. Beware of poison though, this reduces your energy level. Treasure is abundant throughout the levels and adds to your score.
Ghost House (USA, Europe, Brazil) (En)	You're about to inherit the family jewels. If you can get to them, that is. They're hidden inside the haunted mansion, which wouldn't be such a big deal if it weren't infested with Draculas, Bats, Fire Blowers, Mummies, and other deadly weirdos. You'll have to ward off or destroy everything that gets in your way -- no matter how grotesque it appears. Furthermore, you'll have to keep punching your way through the mansion until you find the secret key. You then have to use it to open one of the five coffins, defeat Dracula, capture the jewel he drops, and make your way out of the mansion. You play the role of Mick, and everything is going to stop you from completing these tasks and making you way out of the mansion. You just have to punch, or jump on, your enemies to defeat them. And arrows will be flying from either direction and will attempt to hit you on the head, and you must either duck or jump on them for extra points. You can jump or touch lights to freeze everything on screen for a few seconds. Rather than punching, you can collect a sword on the lower level by jumping on it as it flies past you. The sword is useful when you fight Dracula or getting rid of Fire Blowers. You start the game with three lives, and receive an additional life every 50,000 and 150,000 points. You also have an energy meter. You lose energy when you touch one of the monsters. When you run out of energy, you lose a life. You gain energy by collecting treasures scattered throughout the mansion, and it is restored when you kill a Dracula.
Ghostbusters (USA, Europe, Brazil) (En)	Based on the movie of the same name, the Ghostbusters are the ones to call who will &quot;bust&quot; any ghost hauntings. It does this through the use of nuclear accelerated &quot;proton packs&quot; and traps, whereby the ghosts can be captured and transferred to a secure storage facility. However New York City has suddenly become a very haunted place, and the number of ghosts has suddenly increased. The Ghostbusters must reduce the paranormal (PK) level in the city, representing ghost power, before the Temple of Zuul awakens and ressurect an evil goddess, Gozer. Ghostbusters is an action game that combines an overhead view and a side-view. From Ghostbusters HQ, the player must monitor the map of New York City for &quot;ghost alarms&quot; as well as casual spirits, and plot a route to the alarmed area. The player then controls the Ghostbuster vehicle as it drives through traffic. Here, the player is able to capture casual ghosts on the way if they are en route. Once at the location, the game switches to a side-view. Two of the ghostbusters will take position and activate their proton beams and toss a trap to the ground. The player will attempt to maneuver the ghost(s) over the placed trap. Once activated, the trap attempts to capture any ghosts directly above it. Successful capture will earn the player money, which can then be used to purchase new Ghostbusters vehicles and new modifications for the vehicle. Unsuccessful capture will see the ghost fly away. As the game progresses, the PK energy of the city increases. Ghostbusters must keep it under critical levels by being constantly successful at ghost captures. Eventually the Temple of Zuul will activate, and if the PK levels are still manageable, the Ghostbusters can venture there for a final showdown with Gozer.
Ghouls'n Ghosts (USA, Europe, Brazil) (En)	Three years have passed since Arthur defeated the Demon King Astaroth and rescued his beloved Princess Prin-Prin (see Ghosts 'N Goblins). A new villain, the Great Demon King Lucifer (Loki in some versions) has become the new leader of Ghoul Realm. While returning from a journey, Arthur sees the Princess' castle and her village under attack by Lucifer's forces. While rushing towards her beloved knight, the Princess is struck by one of Lucifer's laser beams. Now, Arthur must venture back to the Lucifer's palace and destroy the demon in order to rescue the Princess' soul and bring her back to life! And it won't matter whether he fights in his shining armor or in his underwear alone...the bravest Knight in the land isn't going to be stopped by some monsters! Although the game starts with graveyard and marsh territory familiar from the first game, later levels are set in a tower, a mass of skeletons, and a castle. Players progress from left to right (from bottom to top in level 3), and have to hack down the aforementioned monsters with a sword. The journey includes ledges, ladders, lava pits and slippery slopes. Different weapons can be collected, by finding suits of armor inside chests. Each of the five stages has its own setting and a final boss.
Global Defense (USA, Europe, Brazil) (En)	Arcade translation of Sega's SDI. You pilot a satellite in outer space. Your job: To destroy alien attackers who are waging a nuclear war against planets in the solar system, including Earth and even the moon! What's unique about this title, is the satellite and your primary weapon move independently of each other. Position your satellite too far away from the action and the bullets take too long to hit your target. It's a good balance between dodging objects crucial to your survival and shooting down the enemy targets. If the planet takes too much damage, you lose. There are both Offensive and Defensive battle modes. There is also a 2-player mode where you and a friend can team up, one controlling the satellite and the other controlling the weapon making this a multiplayer game as well.
Global Gladiators (Europe, Brazil) (En)	Global Gladiators is a fairly standard platform game with the most notable fact being that the characters were created and licensed from McDonalds (yes, THE McDonalds). While playing through the game's 12 levels you'll notice McDonalds logos, burgers and all sorts of family restaurant type stuff as you take Mick and Mack (the game's protagonists) on a journey to clean up &quot;Monsters of Slime World&quot;, &quot;Toxi-Town&quot; and more.
Golden Axe (USA, Europe, Brazil) (En)	In the past, a terrible war raged between the Gods, the creators of the world, and the Titans. The Titans were defeated thanks to a super-powerful weapon forged by the Gods, called the Golden Axe. Thanks to this weapon, the Titans were banished, and the Gods bequeathed the Earth to humans. However, one Titan had survived: Death Adder. He seized the Golden Axe and used it to lay waste to the world. He kidnapped the king of Yuria and his daughter and threatened to execute them if the inhabitants did not submit unconditionally. Three heroes, determined to take revenge on Death Adder, set out to find him. Each character has a special magical ability that can be charged by kicking small creatures that drop a potion.
Golden Axe Warrior (USA, Europe, Brazil) (En)	Golden Axe Warrior is a spin-off of the Golden Axe games, a series of side-scrolling Beat'Em Ups from Sega. In ancient times a horde of giants rebelled against the elders and a brutal war ensued. Things looked grave until finally a hero, carrying the Golden Axe, appeared and drove back the giants. Since then, the kingdom of Firewood has been ruled by a family that had mastered the power of the nine crystals to ward off all evil from Firewood. Everyone lived in peace until one of Firewood's ministers betrayed his king and sold the nine crystals to Death Adder, one of the evil giants. Death Adder has hidden the nine crystals in nine dungeons, has unleashed hordes of monsters and is threatening to take over the world. Will there be another hero who can find the Golden Axe and defeat Death Adder? Gameplay in Golden Axe Warrior is very similar to The Legend Of Zelda, meaning you will spend most of your time exploring the large overworld fighting against lots of enemies and looking for the dungeons in which the crystals are hidden. Inside the dungeons you have to fight more enemies, find treasures and keys, solve simple puzzles and defeat the dungeon's boss to get one of the crystals. In order to survive against the large number of enemies, you will be able to find many different weapons and three different spells.
Golfamania (Europe, Brazil) (En)	Golfamania is a golfing simulation game where players play on an 18 hole golf course with all the rules and scoring like in the real game. Within the game there are 4 different modes to play on that includes Practice, Match Play, Stroke Play, and Pro Tournament. In Practice a single player can play any of the 18 holes available. Match Play is 2 player mode against human or computer. Stroke Play is the player can play up to 4 others that can include 1 computer player. In this mode the character skill can increase in 3 different areas that are power, accuracy, and luck with the 6 different characters available. The main mode is the Pro Tournament and it is where the player plays against over 30 computer players (all playing different holes) with the objective to score lower than the other players (as per the rules of golf). Based on performance the player can earn experience points (XP) that they can use to upgrade the power, accuracy, and luck of the character for future tournaments. Some of the holes have awards like ‘longest drive’ and ‘hole in one’ awards that can earn bonus XP. Regardless of the mode the game is played in the same sort of way. The player selects a character (the selection depends on the mode) and then sets up the character by naming and picking their style. In all modes but Practice the player must pick 3 golf clubs that they must remove from their selection of 17 different clubs (1-5 wood, 1-9 Iron, Pitching Wedge, Sand Wedge, and Putter). When playing the player is presented with a top down view where the player lines up the shot and the location on the golf ball they want to hit (for spin). Then the player selects the club they want to use (all go varying distances). When that is all done the player must play the skill part of the game, where they are presented with a power bar that has a marker that going is up and down along it. The player must stop the marker on the red area in the centre of the power bar to get a good hit (with the center been a perfect hit)and if this area is missed the ball will only travel about 20 yards (compared to about 100+ yards of a good hit). The amount of red that is on the power bar depends on the golf club used. To help the player the distance of the shot can be lowered in exchange for a lower marker speed and can be used for shots closer to the hole (very helpful for putter shots). The game uses battery backed RAM save to continue play later.
Golvellius - Valley of Doom (USA, Europe, Brazil) (En)	In this game, you play Kelesis, a warrior who is sent to seek out Golvellius and rescue the beautiful Princess Rena. But in order to find him, you must defeat seven of his fiercest demons that were sent to stop you. These demons are found in caves throughout the valley floor, but in order to access these caves, you need to defeat some of the wild beasts that are scattered throughout the valley. When you kill these beasts, you will receive some gold, but when you are hit by these beasts, your energy will be lost. Some caves will appear when certain objects are struck with your sword. In some caves,you will find fairies, sorceresses, and wise women who will help you in many ways be increasing gold, giving you life potions, and restoring your energy. There is a password save feature in this game. At the beginning of each area, you can enter a cave where a woman tells you what the password is, but if you die in the course of your quest, the password will already be revealed. By entering this password, you will be able to begin the game from the opening of the valley (if you get that far) with all your possessions intact.
GP Rider (Europe, Brazil) (En)	GP Rider is an arcade like motorcycle racing game that players can race in all the tracks of all the 15 tracks of the 1989 Motorcycle Grand Prix. There is also an extra Arcade track for the player to race on. There are 3 modes of play that are Arcade, Tournament, and Grand Prix. In Arcade the player races on only 1 track that is named Arcade. In Tournament players get to choose any number of tracks to race, from 0 (which defaults to the Arcade track) to all 15 available tracks. Grand Prix is where the player races in all 15 tracks in order of the 1989 season. All races regardless of the mode played in the same way. The game is played on a split screen even if only one player is playing. A CPU character named Wayne controls the bike on the top screen if there is no other player playing. Wayne races like a real player would, having both good and bad races and occasionally making mistakes. The race is made up of a Qualify to determine gird position and then the Race where the player races 15 other races (including Wayne) over a predefined number of laps depending on track length. The track can raced in ether the wet or the dry (only dry in Arcade mode) and the weather can change from the Qualify to the Race. The races take place on flat roads with straights and curves simulating the layout of the real track. On the bike there is a fuel gage that simply counts down the seconds left of fuel and is automatically refilled at the completion of each lap. If the player doesn’t complete the lap before time runs out then the player will “Out of Fuel” and end the race in the placed down with other non-finishers. At the end of each race (accept in Arcade mode) the player will get points depending on there position before going onto the next race. The player sets up the bike with some basic set ups that are all available from the start. In Arcade mode the player has the options of an Automatic or Manual gearbox with either High Gearing (better top speed) or Low Gearing (better acceleration). In Tournament and Grand Prix modes the options are extended to Engine type of Lean, Medium, and Thirsty which progressively adds speed while cutting the time available per lap. There is gearing that works the same as Arcade mode, and a tyre type of wet and dry depending on the weather.
Great Baseball (USA, Europe)	Every play in the major league is brought to this diamond. So pitch, swing, and steal bases like the pros. Play ball !! Play Great Baseball with another player or against the CPU. Next, choose to play with or against different teams including New York, Toronto, Milwaukee, Chicago, Seattle, Boston, and many others. Finally, select your pitcher and his specialty and stamina, and away you go.
Great Basketball (World)	Great Basketball is an 8-bit simulation of international basketball competition. Choose from one of eight countries (USA, Canada, USSR, Japan, Cuba, Czechoslovakia, Italy, Hungary) and jump into the intense hoops action, featuring 5-on-5 play, defensive and offensive fouls, free throws, and three-point shots. Single player mode is a double-elimination tournament. Win a game, and you get to allocate bonus points to various RPG-style attributes like shooting, passing, and jumping. There’s also a two player mode—but remember, only one team can win it all!
Great Football (World)	Great Football plays as a regular professional American football game. One has the option to choose from the AFC league or the NFC league and then choose from several fabricated teams such as the Bombers, Sharks, Beavers or Bucks. During gameplay, one must choose from a number of play formations. The player can choose from running and passing plays to field goals and punting plays when the time is right. In a one-player game, the player only competes on offense. The game starts out with the CPU ahead in score and the player must try to score enough points to win. The CPU will automatically kick-off after a possession is over, there is no defense to be played. In a two-player game, there is both offense and defense to be played. One must try to do whatever possible to win, whether it be through touchdowns and field goals on offense or interceptions and safeties on defense.
Great Golf (Japan) (En)	The 1986 edition of Great Golf is an isometric golf game for the Sega Master System. It was only released in Asia. Other parts of the world would eventually receive a Great Golf game, however it plays very differently to this version, and was known as Masters Golf in Japan.
Great Golf (World)	Keep your head down. Eyes on the ball. Grip the club family ... and swing. Welcome to the Sega Master's Tournament where you need to play better than &quot;par&quot; if you want to win. So tee-up for some real fun. And remember to play with caution. This championship course has been groomed for a truly competitive challenge. Eighteen holes full of roughs, bunkers, and water hazards will put your nerves to a real test. But not to worry. You've got some clever moves to meet the challenge of a &quot;dog leg&quot; fairway or a tricky green. So go for a sneaky slice or hard hook to outplay the rest. Winner takes all! FORE!
Great Ice Hockey (Japan, USA) (En)	In Great Ice Hockey one must use the Sega Sports Pad to play the game. One must stroke the roller ball to try and pass, skate, shoot and score! The team that ends up with the most goals as regulation time runs out wins. The game plays as a regular hockey match. Two difficulty settings (junior and senior) are an option for amateur or more skilled players. The player is assigned the US hockey team and then can choose from a number of other opponents from various countries.
Great Soccer (Europe)	This version of Great Soccer is on the SEGA card. The other version of Great Soccer is on the SEGA cartridge and an entirely different game. This top-down perspective soccer game is just like a regular soccer match. Offsides, corner kicks and many other rulings make the game authentic. Whether on offense or defense, the player must gain control of the ball and score as often as possible. The team that ends up with the most goals at the end of regulation time wins.
Great Volleyball (USA, Europe, Brazil) (En)	Assemble your six man team and take on the world! In volleyball, that is! Choose from one of eight different countries, including USA, the U.S.S.R., Cuba and Brazil, and play against the rest, either in goodwill matches, or on a worldwide tournament. The game is very simple to play, and features a practice mode. You can try out the game mechanics there, and a coach judges your skill by yelling at you. If you fail to perform even the simplest tasks correctly, you'll have to do everything again. Once you're confident enough to take on other teams, be sure to check out the tournament mode, where you play against the other teams to obtain the world cup!
Hang On & Astro Warrior (USA)	Two games included on one cartridge. Hang-On is a motorcycle racing game where the player must race against time and try to meet each checkpoint before the time runs out. Other racers are present and the player must pass and dodge them to hurry on to the next level. Astro Warrior is a shoot-em-up game where the player must travel through space and defeat the enemies that come to the player, including the bosses at the end of each level. The player starts out with a single shot weapon that can be upgraded by collecting power-ups that will improve his or her weapon. The player must battle on through the levels.
Hang On & Safari Hunt (USA)	Two games on one cartridge. 1. Hang-On - Similar to Pole Position, but with bikes. Race against time while trying to get past your opponents. Beating the clock will extend the time and provides a new backdrop. Safari Hunt - Use your Sega Light Phaser to shoot as many wildlife as you can until you run out of ammunition. If your score is above the qualifying score by the time it runs out, you proceed to the next round. If it is not, you lose.
Hang On (Europe)	Hang-On is a racing game, originally bundled with the Master System and reminiscent of Pole Position, but with bikes. The player races against time, battling an unlimited amount of opponents on a highway. While the clock ticks down, he should try to maneuver past his opponents and to steer clear of obstacles on the side of the road. Beating the clock extends the time and draws a new backdrop to race in.
Heroes of the Lance (Europe, Brazil) (En)	Based on the later parts of the Dragonlance book Dragons of Autumn Twilight, the heroes descend into a ruined city in search of the disks of Mishakal. The gameplay consists of horizontal fighting with a maze like map using doors to change the view. The party consists of the 8 Heroes of the Lance, using one at a time and the player can switch between them at any time. Each character has different types of attacks and spells making them more suited to fighting different enemies as well as acting as lives. One of the AD&D games that takes a break from the usual RPG style.
High School! Kimengumi (Japan)	High School! Kimengumi is a licensed game, based on a 1980s manga and anime series of the same name. &quot;Kimengumi&quot; here refers to a club of various high school misfit boys. However, the game's protagonist is a young lady. The character, Kawa Yui, has her, skirt ruffled by one of the boys in the opening cutscene. She subsequently declares revenge. Unable to match their brute strength, Kawa Yui must rely on a series of tools to trap the hoodlums.
Home Alone (Europe)	As young Kevin McCallister, you have mistakenly been left home alone this Christmas by your family. The big problem here is that a couple of bumbling burglars have set their sights on the McCallister belongings as their ultimate heist. You're the only thing that stands in their way and they're not about to negotiate. Scramble through the house, basement and tree fort while setting incredible traps for the unwanted intruders! Bounce chandeliers and irons off their noggins in an attempt to gain valuable time for yourself as the police race to your rescue. Can you keep out of Marv and Harry's clutches and protect your family's treasures? Find out in this hilarious adaptation of the classic comedy hit of the year!
Hook (Europe) (Proto)	This prototype was never officially released.
Hoshi wo Sagashite... (Japan)	The story of Mio begins as you, finally having gone on holidays, arrive on the planet Ilm to see your sweetheart Laila again. Before going to her house, you decide to buy a present for her. You visit a shady foreign man's shop and buy an egg that he promises will hatch a cute pet. When Laila sees the egg, she recognizes it as a Mio egg, Mios being a rare animal that is thought to be extinct. Since you gave her the egg, it is your responsibility to find out how you keep a Mio. Still, the fact that you have a Mio egg should not be known to everyone, since scientists will be very keen to take the animal from you for purposes of their studies. Your quest for the well-being, and eventual mystery, of the Mio animal takes you on a quest across several planets, not too far from the planet system of Phantasy Star. The game is controlled using an interface popular in Japanese adventures of the eighties, mostly identical with ICOM's interface used in adventures from the same era, such as Shadowgate or Déjà vu. You can talk to people in the game by deciding whom to talk to and the topic, but these interrogations have little in common with the more interactive LucasArts adventures. Finding out things is often a matter of repeatedly asking, asking at the right moment or in the right order. Battery-backed up RAM is not used for saving, instead you are given a password when quitting.
Impossible Mission (Europe, Brazil) (En)	You play a secret agent on a quest to stop the evil Professor Elvin Atombender, who is believed to be tampering with national security computers. You must penetrate Atombender's stronghold, avoid his deadly robot creations, and acquire various pieces of a password to use in the main control room. The robots, rooms, and puzzle pieces will be switched around when starting over which provides replay value.
Incredible Crash Dummies, The (Europe, Brazil) (En)	At a time when computer games were being blamed for violence, bad language, epilepsy and everything else the ‘moral majority’ needed a scapegoat for, Virgin gave us: The Road Safety Game. Or not, as this is a standard platform game with a twist of questionable taste and purpose. You play a crash test dummy, trying to progress through levels filled with hazards such as cars and fireballs, within the time limits. Contact with each of these loses you a limb, and once you have none left, contact means game over. Since the character isn’t handicapped by missing limbs in any way, in practical terms you can think of these as hit points especially as there are screwdrivers to pick up which restore one limb.
Incredible Hulk, The (Europe, Brazil) (En)	In this side-scrolling action game you fight against your arch-enemy The Leader and his forces (Rhino, Absorbing Man, Abomination and Tyrannus) Take control of the Hulk/Dr. Banner through five levels of action. City and Construction Site, Tyrannus' Labyrinth, Leader's Fortress, Leader's Interior, and the Final Confrontation.
Indiana Jones and the Last Crusade (Europe, Brazil) (En)	As in the movie (and the more famous graphic adventure), your task is to find the Holy Grail. Before this can be done you must find the Cross of Coronado, a shield and a diary. This makes for a four-level arcade adventure combining climbs, exploration (with several routes through each level, and some traps) and puzzles. Indy is armed with his trusty whip to fight off foes, but can also get involved in hand-to-hand combat. The first level takes place in caves underneath Colorado, before you reach a moving circus train strewn with traps, a Zeppelin which is full of guards and ladders, and then Castle Grunwald in Austria.
James 'Buster' Douglas Knockout Boxing (USA)	James 'Buster' Douglas Knockout Boxing is a boxing simulation featuring the former world heavyweight boxing champion (replaced with the fictional S. Davis in the European version). The game is not to be confused with the Genesis title of the same name, which is an entirely different game. Instead this title is completely identical to the Game Gear and Master System versions of George Foreman's KO Boxing, to which it served as a basis, only with George Foreman instead of James Douglas and reworked by Sims Co., Ltd., a spin-off of the original Sanritsu team. The player is cast as James Douglas to go through a series of boxing matches against different opponents to win the championship title belt. The boxers are shown from the side. Players can move left or right in the ring to avoid punches. Other moves including blocking, and left and right punches that can be varied into jabs and crosses. Matches can last up to ten rounds and when no regular or technical knock-out occurs, the winner is based on the jury's points, provided between the rounds. During knock-out phases, no buttons need to be pressed to get the boxer back to his feet. At the start of the game, a slow or fast speed for the gameplay can be selected. Each match the player's boxer can use three super punches. These need to be charged and then unleashed when near an opponent. It sends them straight to the back of the ring, a dangerous area as it is easy to keep punching them into the ropes. Health is slightly restored during the intermission and after each won match the player is awarded skill points to be distributed over three characteristics. Matches for two players are supported.
James Bond 007 - The Duel (Europe)	Play James Bond 007 and stop a crazy professor who has the same old dream as everyone else. World domination. The player will have the trusty Walther PPK and must go through a few levels with a villain at the end of every level. Such as in the first level, at the end the player will get to fight Jaws. To put it simply this game is basically a side-scrolling shoot-em-up. The player may find women who will give the player an extra life and many other things.
James Pond 2 - Codename RoboCod (Europe, Brazil) (En)	In his second adventure James Pond must retrieve the toys Dr Maybe has stolen. Pond has been armed with an Inspector Gadget-style stretch device, which he can use to view higher areas or claw onto ceilings so as to slide across them. The gameplay takes place across worlds themed around particular types of toys, such as sporting goods, candy and aircraft. The levels scroll sideways, although a small amount of vertical movement is included. On each level Pond must collect 2 penguins and reach the exit, although there are usually multiple exits and lots of secret areas to explore. After completing each pair of two worlds (each of which has three sub levels), a boss must be faced.
Joe Montana Football (USA, Europe, Brazil) (En)	Joe Montana (Joe Cool) was an American National Football League player playing for the San Francisco 49ers as a quarterback. He was voted by the Associated Press as the most valuable player two years running (1989-90). In Joe Montana Football the player can play a game of American Football with Joe Montana giving the player basic tips on the next best move. The player can play against a friend or play the computer with 3 difficulty levels (beginner, normal, and professional) in a full game (5 min per quarter) using all the real rules and scoring. The teams are made up of 28 American city names with no team names (or player names) mentioned. Once the coin is flipped and the kick-off the game begins. The player controls the on-screen player as they try to run up the field. Once the player is downed the game turns to a play selection screen where the player can choose their next play (tactic) out of the 17 different preset plays available, as well as a punt, attempt at a field goal, or a turnover, all done in full view of the opponent (the CPU will change their play to match yours). More often then not Joe himself will give a tip on the best play that it will default to. On the field the player controlling the quarterback can throw it to the receiver (changing the player control to the receiver), change the receiver to pass to, or try to run with the quarterback. When play changes hands and the player becomes a defender the player has 6 defensive plays to choose from as well as a turnover. On the field the player controls a single player chosen by cycling though the players or selecting the player closest to the selected receiver. Two player mode works the same as single player but with a player instead of the computer.
Jungle Book, The (Europe, Brazil) (En)	This 8-bit adaptation of Disney's 1967 animated film Jungle Book is slightly different from the other versions. Although most of the main elements remain the same, the most noticeable differences are in level design and some missing items. The player controls Mowgli in his journey to the human village. Mowgli will swing on and climb vines, run and jump while facing enemies such as coconut-throwing monkeys, snakes and vampire bats. To fight them, Mowgli can throw bananas in eight directions. He'll also find upgrades and weapons such as boomerangs inside banana bunches. There are some boss fights with main characters of the movie, such as the snake Kaa. The objective of each of the 10 time-limited levels (or &quot;scenes&quot;) is to collect gems scattered around them. Collecting certain amounts of gems grant access to bonus levels. The player starts the game with 4 lives and 1 continue.
Jurassic Park (Europe, Brazil) (En)	One of many games based on the 1993 blockbuster Jurassic Park, the version for Sega's 8-bit systems combines side-scrolling shooting action and platforming levels. In each of the five stages of the game, one escaped dinosaur species must be recaptured. Each level begins with a side-scrolling driving section. Dinosaurs attack the car and must be fend off by firing at them with a crosshair. If the player survives long enough, a boss battle against an especially powerful dinosaur follows. After the completion of the driving section the level continues with a platform section. The player must jump, duck and climb to survive moving lifts, floors that will crumble under his feet, environmental hazards like acid drops, steam leaks or giant boulders and more. Dinosaurs will of course also stand in the way, but can be defeated by using several weapons: a rifle, a grenade launcher and hand grenades. Navigating the often maze-like levels will lead to the dinosaur that must be captured and a corresponding boss fight. The first four levels (featuring a Velociraptor, Pteranodon, Triceratops and Brachiosaurus) can be tackled in any order, but the final level, featuring the Tyrannosaurus Rex, is only unlocked when the others have been completed.
Kenseiden (USA, Europe, Brazil) (En)	In Kenseiden, you play Hayato, a fearless samurai warrior. You must get back the stolen swords and scrolls, and defeat the evil waiting in the Black Castle! Kenseiden is a one-player game that comprises of sixteen levels. Each of the levels are side-scrolling, with bamboo houses or dank, haunted caves as their backdrop. These levels see Hayato beseigned by ghosts, skeletons, and other spirits of the supernatural. On his side is his curved sword, which he can swish at will against the monsters. If Hayato comes in contact with a monster, he will lose some life. At the end of each level, you will have to fight a warlock or one of their henchmen. More often than not, there is a hut with a sealed door, but the door is not unlocked unless a warlock or henceman is defeated. You gain a new special power whenever you recover a scroll from them. These special powers range from high jumping to the ability to whirl your sword around like a windmill.
King's Quest - Quest for the Crown (USA)	King's Quest is an adventure game where you play Sir Graham, a brave knight who is sent on a quest to retrieve three treasures that were stolen by deception and stealth: a shield that protects its bearer from invaders, a mirror that foretells the future, and a treasure chest that is forever filled with gold. If Graham takes these treasures back to the royal castle, then the ailing King Edward the Benevolent will hand over the crown. During his travels, Graham will meet characters that will either help or hinder him. You move Graham around with arrow keys, and perform actions by typing commands into the game, usually a verb/noun sequence. Some of the puzzles in the game rely on fairy tales, and a good knowledge of them is needed to complete them.
KLAX (Europe)	An action/puzzle game, the object is to catch assorted color falling tiles and create rows, columns, or diagonals of a single color. Each level requires a different pattern to be made, and the tiles fall faster, more at a time, and in an increasing number of colors as the game progresses.
Krusty's Fun House (Europe, Brazil) (En)	Krusty the Clown's Fun House has been overrun by rats. You must help him to herd the rats into trap machines to clear them out. In order to do so, Krusty must manipulate his environment to set up pathways so that the rats are headed in the right direction. Objects that Krusty move around include blocks, fans, and pipe pieces. The trap machines are operated by other recognizable Simpson's characters: Bart, Homer, Sideshow Mel, and Corporal Punishment.
Kung Fu Kid (USA, Europe, Brazil) (En)	The wicked Madanda has just awakened from a sleep of several thousand years, and as the hero, your job is to use your kung-fu skills to fight the thugs in each of the seven rounds before reaching him, and you have 99 seconds to complete each round. The thugs tend to attack you from behind as well as in front. As usual, you have to defeat a boss at the end of each round in order to proceed to the next round. However, round six requires you to fight several bosses. Bonus points are awarded at the end of each round for the energy and time that still remains.
Land of Illusion Starring Mickey Mouse (Europe, Brazil) (En)	Mickey Mouse is reading an interesting book and suddenly find himself in a strange, dreamy village. he is told that a curse has been placed on the village, turning its good magic into bad one. The evil Phantom, who lives in the castle in the clouds, is responsible for that! Mickey decides to help the villagers and to defeat the evil Phantom. This is a platform jump-and-run game. There is a time limit to each level. Mickey can jump, duck, climb, and defeat enemies by jumping on them and pressing the down arrow at the same time.
Laser Ghost (Europe)	Ghost City is a city that appears every 13 years and is full of goblins and ghosts who thirst for a living soul. A blond-haired girl called Catherine is being held prisoner in the basement of White Manor. To make matters worse, her soul has been stolen and taken to Ghost City, and it's up to you to get it back. Guide Catherine through seven chapters, using either the joypad or Light Phaser to shoot ghosts that haunt her. You can also use special attacks to defeat a group of ghosts. More often than not, there will be a boss that you need to defeat in order to continue the game. If you get hit by a ghost, you will start to lose life. If your life meter is empty, the game ends. In each chapter, you can shoot cracked walls, graves, and broken windows to get extra life or special attacks.
Legend of Illusion Starring Mickey Mouse (Brazil) (En)	Once upon a mouse, there was a kingdom that was ruled by the selfish king Pete. One day, a terrible shadow crept over the kingdom, threatening the lives of its inhabitants. The king's adviser said the only way to stop the shadow would be for the king himself to travel out and to seek the cure. But the cowardly king Pete preferred to stay in the castle, and sent a simple laundry boy named Mickey instead! As Mickey Mouse, you will travel through various levels in this platform game. Mickey shoots an unlimited amount of little balls on the enemies, can jump, climb on stairs, hang on ropes, and perform other tricks. Mickey can also pick up items and put them in another place, for example to access a higher level or to break a treasure chest open.
Lemmings (Europe, Brazil) (En)	Your task is to rescue the Lemmings across 120 levels of fast-paced puzzling. These creatures simply walk blindly through the world in the hope of reaching safety at the end of the level - unfortunately these levels include steep drops, gaps in the ground, barriers and rivers amongst other hazards. You are in control not of any individual Lemming, but of a cross-hair, which can be moved over any of the Lemmings. Along the bottom are a selection of functions which can be assigned to a Lemming, including climbing, floating and bashing. You must click to select the appropriate function, then click on the Lemming to activate it. Each level has a different range of skills on offer, a different amount of Lemmings, and a different percentage target in order to progress.
Lemmings 2 - The Tribes (Europe) (Proto)	The sequel to one of the most famous games ever now has a much more significant plot. The Lemmings have split into 12 distinct tribes, each of which has their own landscape and their own cultural identity - they include Egyptian, Circus and Highland. However, Lemming Island is now in danger, and you must complete 10 levels for each tribe in order for them to reunite and reassemble the Talisman from the 12 pieces. Across the 120 levels there are over 60 skills, although no more than 10 are in use on each screen. The Classic tribe has the ones form the original and is perhaps the best option for first-time players.
Line of Fire (Europe, Brazil) (En)	A man by the name of Jack infiltrates an enemy base and discovers a secret weapon. Soon he is hunted by disgruntled enemy soldiers who want their toy back. The game takes the players through six levels controlling Jack in an armoured jeep. The gameplay is shown through a top-down perspective, with the screen scrolling vertically at a constant rate. The jeep cannot access the top part of the screen, only two thirds of it and getting stuck behind certain objects blows up the jeep. The jeep is equipped with an unlimited amount of bullets and about 50 missiles per mission. Certain objects in the air can only be taken out using missiles. After launching them, players can apply &quot;aftertouch&quot; to guide towards the target by moving left or right. The settings, including a factory and a jungle, sometimes have obstacles, also requiring the jeep to jump over rivers. There are three difficulty levels, the vehicle can take multiple hits and there are three lives per continue.
Lion King, The (Europe, Brazil) (En)	Young Simba just can't wait to be king. His father is the current King of the Savannah and the young prince is able to frolic the lands at will; jumping on and around other subjects of this animal kingdom. When Simba's father, King Mufasa, is killed and his evil brother Scar takes over the kingdom, Simba is banished from the lands of his birthright and has to grow up fast, honing his skills, for the day of his return. The Lion King, based on the famous Disney movie, is a platform game where you control Simba - initially as a young cub, and later as an adult lion. The plot of the game follows the plot of the movie. Each of the levels represents a part of the movie. As young Simba, you can fight various beasts, such as lizards, by jumping on them. You can also roar to scare some creatures into submission, though every time you roar, you have to wait for your &quot;roar meter&quot; to charge. As an adult lion, you can still roar and jump, but now you fight enemies by slashing at them with your claws (if you're skillful enough, you can also grab them and toss them off the screen). The game features no in-game save function, and it needs to be replayed from the beginning every time.
Lord of the Sword (USA, Europe, Brazil) (En)	The player is in the role of Landau, a man who must pass three tests in order to gain the crown of the land Baljinya, which for years has been rife with lawlessness and fear, and restore peace to the land. To pass the three tests, Landau must find the Tree of Marill, subdue the Goblin of Balala Valley, and destroy the Statue Of Evil. Landau is controlled in a 3rd-person side-scrolling view. He can explore the world map (which can be seen by pressing the pause button) freely in a non linear way, but some portions of the map will be available only after defeating certain enemies or getting certain items. The Kingdom of Baljinya has towns and villages where Landau can stop to rest (restoring his health) and gather information from the people. There are also castles which can only be entered after completing certain tasks. Between those villages, towns and castles lie different kinds of terrains, like flatlands, dark forests, mountains and swamps. Those terrains are plagued by different kinds of monsters, some specific of each terrain. There are two weapons which can be used by Landau: a sword and a bow. The sword can be used by pressing the button 2 while standing, kneeling or jumping. The bow can be used by pressing the button 1 only when standing or kneeling. Landau cannot walk and attack at the same time. Along his way he'll find new and stronger swords and bows. Landau has only one life, but the game offers a continue feature which can be used up to 10 times.
Loretta no Shouzou - Sherlock Holmes (Japan)	Loretta no Shouzou or Loretta's Portrait is an adventure game. In this title you play as Sherlock Holmes at the end of the 19th century who has agreed to find the portrait stolen from the art gallery. Basic gameplay is based around choosing appropriate commands such as Look, Take, Talk, Examine and so on, a separate menu also summons up the verbs related to movement such as Move or Enter. Despite those commands being in English, the majority of game text is in Japanese only, as the game was not released anywhere else.
Lucky Dime Caper Starring Donald Duck, The (Europe, Brazil) (En)	The Lucky Dime Caper is a 2D platform game featuring Donald Duck in search of Uncle Scrooge's lucky dime, stolen by Magica De Spell. The game is the 8-bit counterpart for Quack Shot (released only for Sega Genesis), which also features Donald Duck, but the story and gameplay are totally different.
Mahjong Sengoku Jidai (Japan)	Mahjong Sengoku Jidai (&quot;Sengoku Period Mahjong&quot;) is a fairly straightforward Mahjong game from Sanritsu, a computer game developer that had prior experience with the genre and would later work with Sega on many more projects.
Marble Madness (Europe)	A port of the arcade game. The idea is deceptively simple: Guide a marble down a path without hitting any obstacles or straying off the course. The game is viewed from an isometric perspective, which makes it harder to stay focused on the direction the ball is to follow. There are tight corridors to follow and enemies to avoid. There is a 2-player mode in which players must race to the finish; otherwise you're racing against the clock.
Marksman Shooting & Trap Shooting & Safari Hunt (Europe)	Try your hand at three different shooting styles; an FBI firing range, Clay pigeons, and Hunting. A three-in-one game guaranteed to test your overall sharpshooting ability to the utmost.
Marksman Shooting & Trap Shooting (USA, Brazil) (En)	This cartridge bundles three games that all support the light phaser. Marksman Shooting and Trap Shooting were previously available as a bundle on a single cartridge, while Safari Hunt was released individually. 1. Marksman Shooting is a target practice game where one must shoot targets at an FBI shooting range. One must shoot the targets before they disappear and score enough points to qualify to the next round. 2. Safari Hunt is a hunting game where one must shoot as many animals with a limited amount of ammunition. One must shoot the various game animals to acquire enough points to advance to the next round. 3. Trap Shooting is a clay pigeon shooting game where one must shoot each disc as it is thrown into the air. One must shoot the pigeons before they disappear into the distance and score enough points to advance to the next round.
Master of Darkness (Europe, Brazil) (En)	Master of Darkness is a Platformer very similar to Castlevania. You play as a psychologist trying to defeat Dracula. This requires you to fight your way through several spooky locations such as cemeteries, laboratories, castles or a house of wax dolls. To defeat your enemies, you can use several primary and secondary weapons. Primary weapons are close combat weapons ranging from knifes to rapiers and axes, that differ in range and efficiency. Secondary weapons are long-range weapons (pistols, bombs etc.) with limited ammunition. The game features 5 Rounds divided into 3 stages. At the end of each stage, a boss must be defeated.
Masters of Combat (Europe, Brazil) (En)	Choose one of four colossal fighters, each one with a number of special moves and fighting techniques, and go head-to-head against the other three! Take on a friend in an exhibition combat, or make your way to the top in the one-player tournament, where you must fight for your life - and the lives of all the people on Earth!
Maze Hunter 3-D (USA, Europe, Brazil) (En)	You are trapped in a twenty-level maze, and your job is to make your way toward the bottom, and get out alive. Pick up the iron bar and use it to destroy enemies that get in your way. They will respawn a few seconds after they have been killed. Go down warp holes to warp to another part of the level. To exit, you must find the silver key that will open the locked door. Red balls will float around the screen, and destroying them will let you obtain a special attack which you can use to defeat enemies. Boxes labeled ? are scattered around the level, and destroying these will allow you to obtain armor, shoes, and the key that you need to exit. Requires 3-D glasses to play.
Megumi Rescue (Japan) (En)	Megumi Rescue puts you in the shoes of a rescue team, trying to save the inhabitants of the burning buildings. You control two stretchers carrying a canvas that makes a fireman jump and bounce, catch the victims, or extinguish the fire from the windows. The goal is to rescue the people in danger, or extinguish all the flames of the building.
Memoria Master (Brazil) (Mega Drive 4)	The memory game is a classic game made up of pieces that feature a figure on one side. You have to fight against time and turn up as many of the same figures if you do not find themnnin the necessary time, will lose the game.
Mercs (Europe, Brazil) (En)	Mercs is a shoot 'em up influenced by Ikari Warriors. You are an anti-terrorism soldier, and must rescue a former President from a Central African revolutionary gang. You run through each of the 8 levels, which primarily scroll horizontally, shooting everyone before they can shoot you. At times you will have to shoot trees and other scenery to progress. Finding strategic placings is important, especially as you can't shoot while on water. Most of the time you are on foot, but at times you can hijack vehicles of shot foes. There are improved weapons, smart bombs and energy recharges to collect. Each of the 8 levels ends with a large vehicle requiring multiple shots to destroy.
Michael Jackson's Moonwalker (USA, Europe, Brazil) (En)	Michael Jackson's Moonwalker is pretty much based on the Michael Jackson movie. Mr. Big has kidnapped the children and has nasty things in store for them, like drugging them and making them slaves. It's up to Michael to use his powers and save his little friends. Michael Jackson (MJ) can jump, throw magical stars, and dance to counter his opponents as he looks for the hidden children. Stages come in shape of some of MJ's videos like streets and graveyards.
Mickey's Ultimate Challenge (Brazil) (En)	One night, as Mickey (or Minnie) lay in bed reading a book of fairy tales, he started to wonder how it would be to live in a far off land, in a magic castle. As he fell asleep, he woke up in the Kingdom of Beanwick, which is constantly tormented by earthquakes. Then, he offers his help to solve the mystery behind those earthquakes. Mickey's Ultimate Challenge is a puzzle game in which the player chooses either Mickey or Minnie to play with. They'll find five characters from the Disney's universe in the kingdom, and will be prompted to help them in several tasks. Each task is a different puzzle, given by a specific character. Daisy, for instance, will ask help to clean the castle's paintings hanging on a wall. The task is in fact a memory game, where Mickey or Minnie must clean the pictures matching pairs. After completing one task, they'll receive a gift. After completing all tasks, Mickey or Minnie must trade the gifts they won with the right characters. For instance, after finishing Goofy's task, they will receive his hammer. The player must then guess who among the other characters would like to receive that hammer. Giving the right items to the right characters will allow Mickey or Minnie access to the last puzzle and character.
Micro Machines (Europe)	If you're bored of racing Formula 1 cars, rally cars or MotoGP bikes in their natural habitats, the Micro Machines series could be for you. It involves racing miniatures representing particular vehicle types across a particular terrain found around the house. The Sports Cars race on the desktop, 4x4s in the sandpit, Formula 1 cars on a snooker table, and so on. These levels were packed with variation. The Snooker tables has the track painted on, although this is open to deviation (as are most levels), and had you racing through the pockets and across the rim of the table. Tanks raced as well, with the chance of shooting out your opponent if they got directly in front of you. The desktop levels include binders to jump across, pencil-sharpeners to avoid, and lots of visual jokes in the open homework. Viewed from overhead with small graphics, the races include up to 4 cars. In one player challenge mode you race through the 21 tracks in a set order, selecting your 3 opponents as you go along (adding a fair amount of strategy - ideally you should aim to eliminate the better CPU cars early on), eliminating one after every third race (assuming that you can finish in the top 2 of a race within your 3 lives). If you win 3 races in a row without using a continue you get a time-trial race which can earn you an extra life. The real innovation of the game was in the multiplayer modes. You started with 4 points each, and when one car gets far enough ahead to force the other car off-screen, the slider moves in their favour. Once it reached the end (which involved beating them 4 times more than they beat you) you win the level, although if 3 laps were completed, the person leading at that point is declared the winner - with a sudden death play off if scores are level. 9 of the tracks are available in this mode, although you can also play this Head to Head system as a 1-player game across all the tracks.
Mina Terrestre (Brazil) (Mega Drive 4)	Landmine Mine aims to reveal a minefield without being detonated before time runs out. Similar to Minesweeper which is a popular computer game
Minerador (Brazil) (Mega Drive 4)	Collect enough ores to reach the goal of each stage. The Diamond is the ore that is worth more, soon after comes the Gold and the Iron. In the chests you will find treasures or items that increase your strength.
Miracle Warriors - Seal of The Dark Lord (USA, Europe, Brazil) (En)	In Miracle Warriors: Seal of the Dark Lord, you have been asked to recover the Golden Seal which is being guarded by the Dark Lord Terarin. You start your quest by yourself, but you must find three other companions who will join you to defeat Terarin. You also must venture through five lands. You will find villages, towns and castles in your travels in these lands. In each, you will find or be able to buy weapons and armor (both for you and your companions), medicine and...clues. You will also find caves, dungeons, and monuments that are scattered. Some you may enter unhindered. Others will be locked...until you find the right person or learn the right spell. Also within each land, you will encounter monsters such as evil merchants, Weasly wimps, Unmutaks, Great Lions, Gelfises, Zirods, and many more. Some of these monsters do less damage than others, and take more damage themselves. You can either attack them yourself using your weapons or spells, or make your companions attack the monsters themselves. When defeated, most monsters will either leave behind some coins, which you can spend to buy stuff at the towns, or some items, which you can also use to defeat monsters. However, not all inhabitants are monsters. You will also meet merchants and travelers who might tell you where to go and what to do.
Missile Defense 3-D (USA, Europe, Brazil) (En)	The east and west are attacking! ICBM's and cruise missiles are flying, and it's your job to intercept them from a laser cannon positioned in space. You have 3 chances to save each city. Scene 1: Launch. Shoot as many as possible from their launch point. If you miss any, you can catch up with them in scene 2. Scene 2: However many you missed in the previous scene, you have another chance to shoot them down. If you miss them again, you have one final chance to catch them in scene 3. Scene 3: The City - This is the last chance. You must shoot them ALL down, if even one gets through, the game is over. The game starts off fairly easy, but quickly ramps up in speed and the number of missiles launched.
Monopoly (USA, Europe)	This time, a Monopoly game on your computer, as good as it knows to be in your reality. Every move of yours can be in 3D animation, or off if you don't want to see animations. There can be up to 6 players at once, and it can be played over the Internet. Music is in midi format, and the sound quality is at the wav format. Roll, spin, and don't miss to give us a grin.
Montezuma's Revenge Featuring Panama Joe (USA)	You play as a treasure hunter named Panama Joe, whose goal is to find an ancient treasure hidden by Aztec warrior deep inside catacombs. But beware, the catacombs are a large maze inhabited by monsters. Bouncing and rolling skulls, dancing spiders, disappearing and re-appearing chains and tons of fire await you. You'll have to find many keys and unlock doors in order to reach your goal. Panama Joe can jump and climb ladders, but doesn't have much to offer in terms of combat. That's why the monsters in the game should be avoided: a collision with an enemy leads to a premature death.
Mortal Kombat (Europe, Brazil) (En)	Five Hundred years ago, an ancient and well respected Shaolin fighting tournament, held every 50 years, was corrupted by an evil and elderly sorcerer by the name of Shang Tsung. Shang was accompanied by Prince Goro, a warrior of the Shokan race (a four armed half-human/half-dragon). Knowing that if ten tournaments in a row were won by the Outworld champion, the Earth Realm would be conquered by evil and fall into darkness, Shang entered Goro in the tournament and had him defeat the great Kung Lao. Goro has been reigning supreme as the undefeated fighting champion for five hundred years now. As the last tournament required draws near, Raiden, Thunder God and protector of the Earth Realm, enacts a plan to tip the scales in the humans favor, Seven fighters step into the arena on Shang Tsung's mysterious island: Shaolin warrior Liu Kang, Special Forces operative Sonya Blade, the mercenary thug Kano, fame-seeking actor Johnny Cage, the ice wielding Lin Kuei warrior Sub-Zero and his undead adversary Scorpion, and Raiden himself.
Mortal Kombat 3 (Brazil) (En)	Shao Kahn has won. The Earthrealm is no more. In order to revive his Queen Sindel, the emperor Shao Kahn used the Outworld Tournament from Mortal Kombat 2 as a diversion while his Shadow Priests revive his fallen Queen on Earth. Once enacted, the dimensional bridge between the two realms connects, allowing Kahn's extermination squads to invade and destroy Earth, and enslave the population's souls. A small team of Raiden's &quot;Chosen Warriors&quot; survives the attack: Mortal Kombat champion Liu Kang and his ally Kung Lao, Special Forces agents Sonya Blade and Jax, the shaman Nightwolf, the riot cop Stryker, the nomadic Kabal, and former Lin Kuei warrior Sub-Zero, who has gone rogue from his clan. Facing the warriors are the mercenary Kano, cyber-ninjas Smoke, Sektor and Cyrax, Sheeva, a female Shokan, the sorcerer Shang Tsung, and Queen Sindel herself. Mortal Kombat 3 brings new elements to the 2D fighting series: multi-level playfields, &quot;Dial-A-Combo&quot; attacks, a &quot;Run&quot; button to speed up the battles, and &quot;Vs.&quot; codes, which unlock new powers and abilities once both players enter a code sequence in pre-match-up screens. Also included are more stage fatalities and finishing moves as each warrior attempts to go one-on-one with the Centaurian enforcer Motaro, and Shao Kahn himself. Mortal Kombat 3 is the last traditional one-on-one fighting game game in the series to feature motion-captured digitized graphics for its kombatants, and introduces online network play to the PC version.
Mortal Kombat II (Europe, Brazil) (En)	The Mortal Kombat fighters, plus several new ones, return for a tournament held by the evil Shang Tsung of the Outworld. The action is one-on-one as before, and famed for its high level of violence and blood (other than the sanitised Nintendo version). There are 5 difficulty levels and optional credits, as well as the usual two player mode including same character duels. To win the main tournament, the player must beat each of the other human players, before taking on Shang Tsung, Kintaro and finally Shao Kahn. Players have a range of punches and kicks available, as well as flying kicks, uppercuts, roundhouses, and the special moves, which vary for each player. These include throws, uppercuts, long-distance bullets, bicycle kicks and a teleport feature.
Ms. Pac-Man (Europe, Brazil) (En)	In 1982, a sequel to the incredibly popular Pac-Man was introduced in the form of his girlfriend, Ms. Pac-Man. This sequel continued on the &quot;eat the dots/avoid the ghosts&quot; gameplay of the original game, but added new features to keep the title fresh. Like her boyfriend, Ms. Pac-Man attempts to clear four various and challenging mazes filled with dots and ever-moving bouncing fruit while avoiding Inky, Blinky, Pinky and Sue, each with their own personalities and tactics. One touch from any of these ghosts means a loss of life for Ms. Pac-Man. Ms. Pac-Man can turn the tables on her pursuers by eating one of the four Energizers located within the maze. During this time, the ghosts turn blue, and Ms. Pac-Man can eat them for bonus points (ranging from 200, 400, 800 and 1600, progressively). The Energizer power only lasts for a limited amount of time, as the ghost's eyes float back to their center box, and regenerate to chase after Ms. Pac-Man again. Survive a few rounds of gameplay, and the player will be treated to humorous intermissions showing the growing romantic relationship between Pac-Man and Ms. Pac-Man, leading all the way up to the arrival of &quot;Junior&quot;.
My Hero (USA, Europe, Brazil) (En)	Rescue your girlfriend (Remy in the arcade version) from the clutches of an evil gang in this extremely unforgiving side-scrolling beat-em-up. The eponymous hero (Steven in the arcade version) can only jump-kick and punch and must fight numerous thugs, pigs, bulldogs and frogs on his way to the gang's leader, Mohikan. A conversion of the arcade game was released on Master System card format, with some differences existing between them. The arcade version uses different settings and appropriately attired enemies and bosses for each of its three levels (Present Street, Past Ninja House, and Future Space Fortess), while the SMS version only uses the Street setting throughout its three levels. Also, in the arcade version it is possible to rescue a tied up citizen, who will join in the fight if rescued.
NBA Jam (Europe) (Proto)	Unreleased Game : NBA Jam, which featured 2-on-2 basketball, was one of the first real playable basketball arcade games, and was also one of the first sports games to feature NBA-licensed teams and players, and their real digitized likenesses. A key feature of NBA Jam was the exaggerated nature of the play - players jumped many times above their own height, making slam dunks that defied both human capabilities and the laws of physics. There were no fouls, free throws, or violations except goaltending and 24 second violations. This meant the player was able to freely shove or elbow his opponent out of the way. Additionally, the game had an &quot;on fire&quot; feature, where if one player made three baskets in a row, he would become &quot;on fire&quot; and have unlimited turbo, no goaltending, and increased shooting ability, until the other team scored (or the player had scored four consecutive baskets while &quot;on fire&quot;).
Nekkyuu Koushien (Japan)	Nekkyuu Koushien is a baseball game for the Sega Master System. It was only released in Japan. You are a japanese high school baseball team and play the tournament Koshien in the stadium of the same name.
NewZealand Story, The (Europe)	The New Zealand Story on Master System is a platform game. The player controls Tiki, a kiwi whose goal is to rescue his friends kidnapped by a leopard seal. Each level completed allows him to save one of his friends. To defend himself, the player can use arrows as a basic weapon, then acquire bombs, lasers, or even fireballs.
Ninja Gaiden (Europe, Brazil) (En)	The Master System version of Ninja Gaiden is not a port of the well-known NES game, but an entirely new game (this includes both a different story and different levels) developed by SIMS under license from Tecmo. The story is also about the original protagonist, the Dragon ninja Ryu Hayabusa, who returns to his clan's village only to find it utterly destroyed and the inhabitants murdered. A single survivor tells Ryu in his last seconds that the Sacred Scroll of Bushido was stolen. With the power of the scroll its owner is mighty enough the gain control of the whole world. Thus Ryu swears to recapture the scroll and the avenge the annihilation of his clan. The game is sidescrolling platformer/ beat'em up title and incorporates most of the mechanics from the NES games: Ryu can jump and attack with his Dragon Sword. Furthermore, he can collect different kinds of Ninja Magic (which again vary form the powers in the NES games), from shuriken to fire wheels, which can only be used finitely many times, as the use up energy which again must be collected. However, instead of clinging to walls and climbing them, Ryu can push himself off the wall in this game, which must be applied for instance by jumping and forth between two close walls to get higher and higher. The goal of each level is simply to reach the end of the level before the time runs out. Each level is divided into several sections, and at the end of each level is a boss fight. After beating a boss, a cut scene is shown which continues the story about Ryu's quest for the Bushido scroll and his revenge.
Ninja, The (USA, Europe, Brazil) (En)	Early in Japan's edo era, circa 1630, peace had continued in the western province of Ohkami until the feudal lord passed away. Gyokuro, an evil emperor, gained power and his oppressive rule caused great hardship to the people, and the princess who opposed him was confined to a dungeon somewhere in the Ohkami castle. Gyokuro has the Ohkami ninja under control at his command. Utilizing various ninjitsu techniques, in addition to the one that transforms them into a wolf, they protect him from the people who are his enemies. You play Kazamuru, a great warrior who challenges the clan to a fight in order to rescue the princess. However, he can't rescue the princess unless he finds the five scrolls in the thirteen areas of Ohkami. On his quest, he must defeat various ninjas such as Kuno-ichi and Ninniku, as well as fire-blowing ninjas, slashing ninjas, and footloose ninjas. You'll explore grassy fields, shrines, river banks, towns, and the castle itself. Some of the steps have varied gameplay. For example, you must avoid boulders in Step 2, must use logs in order to cross a river in Step 5, avoid being trampled on by horses in Step 7, and scale a cliff in Step 9.
Olympic Gold (Europe) (En,Fr,De,Es,It,Nl,Pt,Sv)	The official game of the Games of the XXV Olympiad, held in Barcelona in 1992, featuring seven different events: 100M Sprint, Hammer Throw, Archery, 110M Hurdles, Pole Vault, Springboard diving and 200M Freestyle Swimming. Gameplay features the typical button mashing formula used by Epyx during the 80s. 100M Sprint, 110M Hurdles and 200M Freestyle Swimming feature a button mashing sequence with just some changes: in the hurdles the player must hit the action key to jump over a hurdle (the timing sets the loss of speed) and in swimming, the sequence takes over one and an half minutes and the action button touches the edge for the return swim. In these events, the player initially faces a semi-final round and only qualifies for the final if ends in the top half. It's possible to watch the other semi-final. Hammer Throw combines a strong mashing sequence, along an accurate press of the action button to release the hammer, while Pole Vault combines an initial mashing sequence, a first tap on down to set the bar, then pressing up and the action button to release the pole and jump over the bar. Archery is a technical event where the player has three rounds with six arrows each, the winner being the one with the highest score on all three rounds. The player can choose to compete for eight nations: Great Britain, France, Germany, Italy, hosts Spain, United Stats, Japan and the CIS (formerly the Soviet Union). Each nation has it's own sample of the anthem and a set of athletes to compete against the player. Each athlete is unique, and will perform differently according the the event: in some they are capable of braking World Records, in others, lucky enough to get to a final or a top-6 spot. The competition is split in two tables: sorted by medals and by total score (the gold medalist gets 24 points, the 12th only 13).
Operation Wolf (Europe, Brazil) (En)	You have been recruited for Operation Wolf, a desperate attempt to rescue prisoners from the enemy. Through a series of missions, you'll engage a variety of enemies, from soldiers to ninjas, patrol boats to helicopters, and more. It is a &quot;rail-shooter&quot;, where you basically hold the gun and shoot just about everything that moves, while conserving your ammo and grenades. Your primary machine gun can kill everything if you hit it enough times, but you can also use the grenade launcher for really deadly targets like helicopters or armored cars. You can collect a machine gun which will allow you to shoot faster for a few seconds. You'll be pummelled by a LOT of enemies. Some will be shooting, others will be tossing grenades, knifes, ... Some are armored and requires more than a few hits, others dodges. You can shoot grenades and knifes out of the air if you aim well enough. Bosses appear at the end of some levels, and each has a specific weakness you need to exploit.
Ottifants, The (Europe, Brazil) (En,Fr,De,Es,It)	Bruno is a baby Ottifant. It's an ordinary evening, and Bruno's dad is working late at office. Reason enough for Bruno's vivid imagination to run riot, thinking that his dad has been kidnapped by aliens! Jelly babies, that fell from his father's pocket on the way to work, blaze a trail to the office. Now it's up to Bruno to fight his way through hordes of terrorizing toys, Ottifant-eating plants, tear through gloomy caverns of doom and cut across a perilous jungle - workaday objects and boringly normal settings as seen through kids' eyes - and rescue his dad! The Ottifants for the SEGA Game Gear is a 2D side-scrolling platformer where the player controls Bruno through five worlds: starting with the house and the basement, through to the building site, the office and finally the jungle, whereas each world is in turn divided into three stages. Bruno's primary weapon is his trunk, which gives him the ability to blast enemies by firing sweets at them, or suck in objects like out-of-reach platforms or boxes by holding down the Fire-button. Furthermore, yellow, green and red lollies are spread throughout the stages. Gathering three of them activate one of Bruno's special skills and can - depending on the colour combination - transform the baby Ottifant into Superfant with the ability to fly, boost his speed with Speedy Shoes, give an extra Continue and more. Picking up jelly babies, blasting enemies and collecting papers gives points and raises Bruno's score up to a fixed value of 9,999 pts. There are several entrances to secret rooms hidden in the five worlds. But, unlike the Genesis-version, the rooms are quite small and basic and there is no 1,000 point reward by completing them. On the whole there are two different tunes backing your journey through the game: one for the stages and one for the boss enemies. The varied background music and sound effects of the Genesis-game are completely missing, as is one entire world: The Garden.
OutRun (World)	Race across varied terrain in this conversion of one of the most famous arcade racing games. Your Ferrari is at the ready, complete with female passenger, over a series of short tracks. Gameplay is viewed form just above and behind the car, so you can see it. The roads are full of sharp bends and hazards, contact with which can cause the car to roll and lose you time. On each section of track there is a fork in the road, allowing you to choose which direction you go in. You have to complete 5 track sections in total, out of the 15 in the game.
OutRun 3-D (Europe, Brazil) (En)	This edition of the classic driving game takes the original and adds a 3D view, using the Master System's 3D glasses. Little else is modified. You still drive a red Ferrari on a road which forks into more and more levels. The main differences are the levels, which look slightly different, the fact that your Ferrari is slightly smaller than the original Master System conversion, and that there are three new sound tracks to choose from; Midnight Highway, Color Ocean and Shining Wind. The original Magical Sound Shower is still left for the traditionalists.
OutRun Europa (Europe, Brazil) (En)	The third game in the OutRun series, which revolutionised the third-person perspective style of racing games. The levels are set across Europe, as you bid to escape from the police. Unlike in the predecessors, you use a different vehicle on each level, with motorbikes and jet-skis adding variety and taking different skill to use. You must complete each level within the strict time limits, and the roads are dogged with other cars to avoid and overtake. You can choose between sound effects or music.
Pac-Mania (Europe)	Pac-Mania is a variation on the game Pac-Man. You need to guide Pac-Man around a maze and eat all of the dots on the board in order to proceed on to the next round. Numerous, multi-colored ghosts also roam the maze trying to stop you. If you eat one of the power pellets in the maze, the ghosts will temporarily turn blue and run from you. Pac-man can earn bonus points by eating the ghosts when they are in this state. The maze is now in 3-D and is larger than screen which will scroll to follow the action. To help get out of tight spots, Pac-Man now has the ability to jump. But be careful, because some of the ghosts have learned this trick as well and you could end up in a mid air collision!
Palhacos (Brazil) (Mega Drive 4)	Capture all the monkeys before time runs out to pass the stage. Move the seesaw sideways by going left and rightnnTo control the throwing angle of the clown on the seesaw, use the directional pad up and down. Watch out! If the clown falls off the seesaw he will get hurt.
Paperboy (USA, Brazil) (En)	Based on the arcade game, the object of Paperboy is to deliver papers to your customers while inflicting as much damage as possible to the houses of your non-customers. To make things more difficult, numerous obstacles get in your way including construction workers, rogue tires, skateboarders, dogs and cats, cars, and even the occasional tornado.
Parlour Games (USA, Europe)	Includes 3 titles: Billiards, Darts & World Bingo. Billiards, allows you to play different variations of the game, such as nine ball and five ball. Darts includes variations and well, including 301, 501, Around The Clock & Double Down. World Bingo combines slot machines and bingo.
Pat Riley Basketball (USA) (Proto)	Fast break for big-time hoop play with Pat Riley Basketball! This is backboard-slamming action at its hottest! You coach the team or be any player the situation demands. Gunshot passes, sneaky steals, dazzling tactics - this game's got it all! Shop for your favorite club from a league of 8 teams, each with its own strengths. Scout your challengers in exhibition play. Then hit the court to the screams of a packed house! Eyeball your team's performance and switch player positions as needed. Closeups capture the on-court intensity - jump balls, free throws, 3-point jumpers, and airborne slams! Face off at center court with the computer or duke it out with a friend. Throw some bombs in tournament play, then slam dunk your way to the championship!
Penguin Land (USA, Europe)	Welcome to Penguin Land, where you're going underground to plan more than your next move. Because now with the help of a super advanced battery, you can actually design each game maze as you play and save your maze for more fun later. Here's the setting. You're aboard a cosmic expedition that's full of action and adventure. And guess who's in command? That's right, you're Overbite, commander of a special Penguin Task Force.Your mission: bring fragile eggs back safely to home from a foreign land.Your journey will take you deep into mysterious caverns where dangerous animals await to attack and destroy your eggs. But remember, your space ship and crew need you too. So be careful not to &quot;crack-up&quot; because you, can't be a hero with &quot;egg on your face.&quot;
PGA Tour Golf (Europe)	PGA Tour Golf introduced many of the conventions commonly seen in the genre since. The three-click control method (the first to start the swing, the second setting power and over-swing, the third setting draw or fade) allowed for a multitude of different shots, and required a sense of timing. Four courses are included, one of them a fantasy 'links' course designed by the programmers. Some of the holes are fiendish, with bunkers, water hazards and trees, and the need to plan strategies to get the best approach to the green. When playing a tournament there are 60 opponents, each representing top US golfers - ten of these appear with tactical advice for each hole.
Phantasy Star (World) (En) (Sega Ages)	Alis is a young girl whose brother Nero was brutally killed by a mysterious man known as Lassic. Nero's last words were: &quot;Sister, find a warrior named Odin, he can help you to defeat Lassic!&quot; Now Alis' dangerous adventure begins. Her first task is to find Odin. Then, with help and support from her friends, Alis will have to stop the evil Lassic and save the world... This game is the very first installment in the long-lived Phantasy Star series. It is a futuristic RPG that uses a turn-based combat system (viewed from first-person perspective). An unusual feature of this game is that some locations are also viewed from first-person perspective. You can explore those locations by moving forward or backward, and the environments are in pseudo-3D.
Pit-Fighter (Europe)	Pit-Fighter is a 3rd-person fight game that features digitized graphics of real fighters and zooming effects. Players select one of three fighters (Buzz, Ty or Kato) to take on anyone who dares. At the conclusion of a match, players are individually awarded a Knockout Bonus, Brutality Bonus, and a Fight Purse. Every third match is a Grudge Match where players test the skills of each other. The last man standing is the winner of this three-knockdown match. Players fight their way to the Elimination Match to decide who wins the opportunity to dethrone the champion, the Masked Warrior.
Populous (Europe, Brazil) (En)	You play a god, gaming against other gods in a celestial game of conquest. To win, you must help your chosen people take over the world and wipe out the vermin who worship that other god. Each god starts out with a single human, dumped into the middle of the wilderness. Sometimes there is inhabitable land in sight, sometimes not. To get win, you must change the landscape, creating flat land for your followers to build on. The more followers you have you have, the more powerful you will be, so take care of them. Build as fast as you can, because the other god is doing the same. When you have enough followers, you can make the leader of your people into a hero. He will then go around the land you have built, literally taking strength from the people into himself, and working his way toward the enemy. When he gets there, he will engage in holy warfare upon your enemy's people. He will burn; he will kill. And he won't stop until they're all dead... or he is. But you don't have to let your people have all the fun; the god's have other tools as well. You can drown your enemies one at a time with your land lowering powers. Submerge their towns in swamps. Raise a volcano in the middle of their best farmland. Even better, you can flood the land and drain all the people who didn't build on high-ground. And when you win, you'll have 500 more worlds to conquer. A god's play is just never done.
Poseidon Wars 3-D (USA, Europe, Brazil) (En)	In Poseidon Wars 3-D, you have just entered the navy as a cadet and you must make your way up to Admiral. To do this, you must go out at sea with a submarine and destroy several enemy targets. Once you have defeated each enemy target, the mission is completed, and, upon completing some of them, your rank increases. Before defeating each target, however, you also need to destroy enemy jets, choppers, and submarines who will launch missiles or rockets at you. If you are hit by any of these, damage is inflicted to the submarine, but you can shoot down any of the missiles or rockets. You will need to keep an eye on the built-in radar and sonar to find out where enemies will hit next. Your fuel is limited, and can be increased by destroying certain enemies. The game ends when your submarine is destroyed or you run out of fuel.
Power Strike (USA, Europe, Brazil) (En)	The Earth is threatened by mutant plant life and their brainwashed human followers. Only one force can stop the evil vegetables from taking root: Power Strike, the most versatile jet fighter in the world. Blast the enemy in the air and and on the ground and save the planet from the creeping green menace. There are six rounds to complete (three in the mobile version). In each round, numbers (from 1 to 8) can be found on the ground either enclosed by a ring, or in the air carried by a ship. Getting these numbers will upgrade your firepower. Get more of the same number for a maximum upgrade. Unfortunately, whatever the type of firepower you get, you will have a limited supply of ammo, so you need to stock up on the same type of firepower if you get too low. At the end of each round, there is an end-of-round boss which involves shooting parts of its base in order to destroy it. Intermediate bosses can be found in the last three rounds (console version only).
Power Strike II (Europe, Brazil) (En)	In the early 1930s, people have lived in poverty since the great depression in 1929. Being laid off from their job, a great amount of pilots became the sky pirates in order to survive. The sea and the sky near Italy have been plundered by them. You earn a living by shooting down these pirates. Power Strike II is a top-down shooter where you must select which weapon you want to use during the game, and then fight your way through various stages, destroying both air- and ground-based enemies along the way. You can upgrade your weapons by collecting power-ups that can only be found by shooting specific ships. You will need to defeat the end-of-level boss (by destroying parts of it) in order to proceed to the next level.
Predator 2 (Europe)	Predator 2 is similar to its 16-bit counterpart. The player controls Lt. Mike Harrigan in a side scrolling view (instead of an isometric one) through 7 levels. Mike has to fight drug dealers and must rescue a certain number of hostages at each level. The Predator's three-dotted laser aim is a menace to avoid, which can kill either the hostages or Mike himself. Gang members killed drop drugs which can be picked up for points (and sent to the drugs squad). At the end of each level a boss must be defeated. Mike can move and shoot in all 8 directions, but can only stop and shoot up, down, left and right. Besides his pistol, Mike can also collect new weapons such as grenades, shotguns, machine-guns and rifles. Body armor can be collected for health and med kits for extra lives.
Prince of Persia (Europe, Brazil) (En)	The Grand Vizier Jaffar has thrown you into a dark dungeon and plans to marry the girl of your dreams in an hour. You're not going to let that happen are you? Try to escape from the dungeon, take out Jaffar's guards, find your way through the Sultan's palace and defeat Jaffar himself. Now go, you've got 60 minutes! Prince of Persia is a 2D platformer with run and jump gameplay. Your hero must avoid deadly traps, solve some simple puzzles and engage in sword fights with the guards. The player has an infinite amount of lives, but has to restart at the beginning of a level each time he dies, and must complete the game within an hour. An especially noteworthy aspect of the game is the very fluent animation of your character. The Game Boy Color and SNES versions of the game feature additional levels and new enemies. The Genesis version has a new intro and an altered set of graphics but the level layout remains almost identical to that of the original.
Pro Wrestling (USA, Europe, Brazil) (En)	Pro Wrestling is a tag team professional wrestling game where one can choose from four tag teams to compete. These tag teams are the Mad Soldiers, the Orient Express, the Great Maskmen and the Crush Brothers and they all have something to prove. Each wrestler has his own special moves ranging anywhere from knee butts and body slams to flying head butts and pile drivers. The Mad Soldiers and the Great Maskmen can also use metal chairs to hit their opponents outside the ring while the Orient Express and the Crush Brothers have the capability of climbing onto the turnbuckle and releasing damaging blows to their opponents. Each wrestler can also bounce off the ropes to release a running attack. When a wrestler is low on health, he can tag his teammate in to carry on in the match. Compete in three sets of ten fall matches to complete the game. The matches are the Mexican League, the Pacific League and finally the World League. Pin the opponent ten times in a league to move on to the next.
Pro Yakyuu, The - Pennant Race (Japan)	The Pro Yakyuu Pennant Race is a baseball game for the Sega Master System. The game was an upgrade of Great Baseball, a title that was not released in Japan. The game underwent significant changes, such as localization of players and teams for the Japanese market along with adding new game modes, a more detailed interface and featuring a bird's-eye view when fielding as opposed to Great Baseball's isometric view.
Psychic World (Europe, Brazil) (En)	A scientist and his two female assistants work on ESP research in a remote science laboratory. One day, a section of the lab blows up. It turned out that the monsters kept for experiments escaped and took one of the assistants with them. The scientist gives an &quot;ESP booster&quot; to the remaining assistant so she can go rescue her. Your character possesses psychic power which she uses to blast away her enemies. You start the game with few powers and eventually gain more as items dropped by monsters are picked up. You control powers such as fire, ice, sonic waves, temporary invincibility, levitation, and more. Press Down + Button 2 to access your arsenal of powers.
Psycho Fox (USA, Europe, Brazil) (En)	Psycho Fox is a platform game where you play a fox and you must get through seven worlds, consisting of three areas each. At the end of each world, there are one of seven bosses waiting to destroy you, but some of the later bosses are exactly the same as the earlier ones. The title is a bit misleading because you can also play as three other characters including Hippo, Leopard, and Monkey Boy. Each character has their own disadvantages. For example, Hippo is much slower than the other three. However, all the characters share one thing in common: they can use their fists and punch enemies as they approach them. They can also jump on them and keep knocking them in the ground until they disappear off the face of the earth. If they don't make them disappear, they will pop back out again and set out for revenge. Obstacles are scattered through each area, including spikes, cannonballs, esculators, fireballs, and steam. You start the game with three lives. Once you touch an enemy, you lose a life. Lose any of your lives, and the game is over. If the game is over, you can continue where you left off. There are several items to find, and these can help you on your quest, and one of these items are eggs. If you break any of these eggs, either the &quot;switch&quot; item or the invincibility item is revealed. If you're lucky enough, a white bag is also revealed, but more often than not, one of your enemies can pop out from inside the egg. One egg will reveal a bird which you can carry for the rest of the game. This bird may be nothing but a pest, as it hinders your progress, but you can throw it at enemies to knock them out. It can also be used as a backup, meaning that you can have enemies touching you, but it is the bird that is killed, not you. There is little chance that you'll find a white bag inside an egg, unless you go up into a secret area, which can often be found if you jump on springs that are scattered throughout the level. These white bags are useless, until you get to the bonus areas, which are at the end of each area. In these bonus stages, you can place a number of foxes on a path depending on how much white bags you've collected throughout each area. When you complete Psycho Fox, you are treated to a funny ending.
Putt & Putter (Europe, Brazil) (En)	Putt & Putter is an isometric mini-golf game for 1-2 players. The game has different height levels. Because there are even bumpers, the game is like a mixture of a classic minigolf game, a pinball game and the classic game &quot;Marble Madness&quot;.
Quartet (USA, Europe)	Your job is to basically find the end-of-level boss, and then defeat it to obtain the key that will open the level exit, but your task is made difficult by the planet's inhabitants. Get the jet-pack to make it easier to navigate the level and shoot any inhabitants that get in the way. These inhabitants will leave behind something that you can get to increase your score, and the inhabitants will eventually regenerate. If any one of them touches you while you have the jet-pack, you land on the ground or the nearest platform, and have to get it again; and the same rule applies to the key.
Quest for the Shaven Yak Starring Ren Hoek & Stimpy (Brazil) (En)	Ren and Stimpy just found a pair of hooves which belong to the great Shaven Yak, who lost them in the last Yak shaving day. Now they must find the Shaven Yak and return him his hooves, or there won't be any more Yak shaving days! In this platform game the player is prompted to choose playing either as Ren or Stimpy at the start of new life or some stages. Both can jump and shoot (Ren shoots toothbrushes, Stimpy spits), but each one has his own special ability: Ren can perform high jumps, Stimpy can smash things jumping over them. Each character starts the game with three lives. Throughout levels such as &quot;The Blacker Than Black Forest&quot;, &quot;The Stinking Dry Desert&quot; or &quot;The Stinking Wet Bayou&quot;, Ren and Stimpy will face most animal enemies, such as birds, frogs, vultures, woodpeckers, snakes, etc. The levels are divided in few or several sub-level, and at the end of each level, they'll face a boss. They'll also find some unusual weapons, as a slice of bread (which flies in circles), a remote controller (which casts electric waves) and a soap bar (which casts bubbles). If they get hit when using a weapon, they'll lose it, but won't lose health. They'll gain health by picking items like TVs, cash bags, bottles and boots.
R-Type (World)	R-TYPE, uno de los shooters arcade más famosos, ofrece una adaptación fiel donde mejoras tu nave R-9 destruyendo cápsulas POW. El módulo Force, que puedes acoplar y desacoplar, es clave para usar armas como láseres y misiles. También puedes cargar el cañón Beam para lanzar un poderoso disparo. El juego destaca por sus enormes jefes y por el célebre tercer nivel, donde enfrentas tú solo a un gigantesco acorazado.
R.C. Grand Prix (USA, Europe, Brazil) (En)	Get ready to rev up your motors, hit the dirt, and become &quot;World Champion Remote Control Racer&quot;. But first, you'll have to prove you're the quickest, most radical, maneuver-maniac on the high-speed circuit today. How? By zooming through 10 different courses that get harder and trickier with each turn. Beware of dangerous track cross-overs, and of course, the rest of the field of expert R.C. Racers. During the tournament you'll get a bonus head-to-head Drag Race, too. So you can race your buddies to see who's the fastest on the track!
Rainbow Islands (Europe)	Sequel to Bubble Bobble, Rainbow Islands sees Bub and Bob (in 2 player mode), who are now curiously small boys rather than dinosaurs, attempting to rid the Rainbow Islands of bad guys. Using the power to cast rainbows, trapping anything underneath, the boys must ascend vertically 4 levels each island, with a big, bad boss at the end of each. By trapping beasts under your rainbows, then jumping on them to break them you can collect seven different colored gems, and there are also power-ups for extra speed and rainbows.
Rambo - First Blood Part II (USA)	In this game you play the role of a lone soldier much like Rambo. Your main objectives are to free prisoners of war whilst fighting of enemy soldiers. The gameplay involves you viewing the action from a top down perspective and battling your way up the screen. You have 2 weapons at your disposal. A machine gun which has unlimited ammunition and a bow which fires explosive warheads. The enemies re spawn so you have to keep battling upwards as staying in the same place for to long means you get surrounded by the enemy. Freeing prisoners involves you blowing up the huts they are in with your bow and you are awarded with more arrows for doing this. The game also offers 2 players to fight alongside one another for twice the fire power.
Rambo III (USA, Europe, Brazil) (En)	Play as Rambo in this light phaser friendly game. Battle your way through Afghanistan in a solo rescue mission. You are fighting alone for two reasons. One being the C.I.A. doesn't want to stir up a war, two being your Rambo! Your mission is to rescue your comrade Colonel Trautman from the Soviets. He was taken in as prisoner while he was delivering weapons to the Mujahedin freedom fighters. He is being held captive in a prison camp. For weapons you have an AK-47 and grenades. You can pick up grenades by blasting open containers such as pots and crates. Use your fire-power to destroy all enemies and you will continue to the next stage. The first stage is a Soviet army base packed with plenty soldiers. The next stage is a village where the soviets are hiding. Then the rest of the levels are Mountain, Prison Camp, Soviet camp (escape during night), Cave attack, then the final stage where you fight the Mil Hind Helicopter.
Rampage (USA, Europe, Brazil) (En)	George, Lizzy and Ralph were just ordinary Americans, until an experiment went wrong, turning them into a Gorilla, Lizard and Werewolf respectively. Following this, the three of them plan to go round destroying buildings, and up to 3 human players can join in. Smashing at the edges of the buildings for long enough will make them collapse. The police and military are after you, and will shoot at you, so try to destroy them (failing that, you can avoid the bullets). You will need to eat regularly, with things like plants on offer, to avoid shrinking back to being human
Rampart (Europe)	Tetris meets shoot-'em-up, Rampart was originally a one or two-player arcade game combining strategy and artillery action. Build your castle from Tetris-style pieces, place your cannons, bombard the enemy, try to repair, do it all over again. Later arcade revisions incorporated 3-player, and the PC conversion does as well, making it a faithful, entertaining classic for multiple players on the same PC.
Rastan (USA, Europe, Brazil) (En)	Rastan features five levels or hacking and slashing gameplay with a boss at the end of each level. Numerous enemies assault you on your journey such as flying demons, chimeras, valkyries, piranhas, skeleton undead and more. Fight through to the end and save the land of Lograth from certain doom. The game features different weapons such axes, maces and fire swords, each with its own attributes like extended range or attack power. Armour can also be picked up in the forms shields, cloaks and armour, reducing the damage from enemy attacks. Other items include rings (increase the speed of your weapon) and jewelery for bonus points.
Reggie Jackson Baseball (USA)	Reggie Jackson Baseball (American Baseball in Japan and PAL countries) is, as the name implies, a simulation of USA's most beloved sports: baseball. There are four modes in the game: Exhibition, Tournament, Watch Mode, and finally a Home Run Contest. In the Watch Mode the computer just plays against itself, and in Tournament Mode you compete against the computer. The other two modes can be played against computer or a human opponent as well. You can choose Major League Baseball teams in all of those modes. During the game, the player controls the pitcher and the batter from a third-person view; the view changes to top-down after a strike by a batter, so that the player can view a large part of the field. Events such as injuries or cheerleader performances are graphically shown in the game.
Renegade (Europe, Brazil) (En)	This is the conversion of Taito's scrolling beat 'em up, which later produced unofficial sequels Target: Renegade and Renegade III: The Final Chapter. The game is set on the mean streets of Brooklyn, which you must venture through to meet your girlfriend, and then rescue her from her kidnappers. This is split into five levels, taking you through the subway and the docks as well as some inhospitable streets. A wide range of aggressive moves are on offer, including headbutts, kicks, punches and flying kicks. Much of the game's violence is depicted in a fairly tongue-in-cheek style, with an element of attempted humour along the way.
Rescue Mission (USA, Europe, Brazil) (En)	Your comrades are wounded and stranded on the battlefield. The only way to get to them, is via a handcart on a railroad track. Your job is to protect the medics, who are riding the rails to get to the wounded. In their path, are hordes of enemies on the ground and in the air shooting everything from fireballs to rockets. In addition to the chaos, there are land-mines lying on the track just waiting to be run over.
Road Rash (Europe, Brazil) (En)	Road Rash is an aggressive motorcycle racing game where the player assumes the role of a biker who takes part in a series of illegal races across the U.S.A. Starting at the back of the pack the objective is always to finish first on a linear course, overtaking the other bikers. This is achieved by driving very well or by playing it dirty, knocking opponents of their bikes using clubs, crowbars or your bare hands. The other racers fight back in a similar fashion and there are also hazards. All the races take place on the regular road with normal traffic and the cops, as well as occasional oil slicks and stray cows. By winning races you can get promoted to a stronger division and earn cash with which you can buy a better bike. Whenever you're knocked off your bike or hit something you will have to run back to your bike and lose valuable time, plus your bike will suffer some damage.
RoboCop 3 (Europe, Brazil) (En)	RoboCop 3 is a side-scrolling platform shooter. You get missions (such as rescuing your colleagues who are being kept hostages), which are divided into several smaller levels. The levels usually consist of several platforms, and are heavily populated by enemies who shoot at you. You can gather special repair kits, which will be used to restore your health after you've completed a level. &quot;RoboCop 3&quot; is more of a shooter than its predecessors, having more and tougher enemies.
RoboCop Versus The Terminator (Europe, Brazil) (En)	In the future, human soldiers of John Conner's resistance force against the machines are fighting a losing war against Skynet and it's robot forces. Discovering that one of the foundation technologies for Skynet is the cybernetics technology used in the creation of Robocop. One of the resistances' soldiers, Flo is sent back in time before the Rise of the Machines to destroy Robocop and stop Skynet from being built. However Skynet learns of the time travel attempt and sends Terminators to stop Flo. In the game you control Robocop who may move across the screen, jump, fire and exchange weapons. Robocop starts with the Auto-9 which has unlimited ammunition... other weapons may be more powerful but contain limited ammo. Beginning the game on a mission of law enforcement, you soon meet up with Flo and must engage in battle against Terminators, the forces of OCP and several obstacles
Rocky (World)	Play as Rocky Balboa, the &quot;Italian Stallion&quot; in this action packed boxing game. This game reflects the Rocky series quite well. Only in this game you go one guy to the next. From Apollo the remaining champion, to Lang an aggressive contender, to Drago the Soviet boxer who trains constantly. Before you have a fight just like in the &quot;Rocky&quot; movies you have to train. Practice your timing and punching strength with some sandbag punching before fighting Apollo. Warm up punching a punching ball to become more faster and smarter to get ready for Lang. Then you will do some punching mitts training before fighting Drago where you watch the mitts and punch at the as they move. All of these trainings have qualifications such as punches per second, qualify and your combinations get better for the following fight. During a fight you only have one meter under your name, that is the power meter. Your opponent has one likewise. Watching your power bar can tell you a lot about which way the fight is headed, either it's full and you can take more punches and punch more powerfully or it's low and you're in trouble. Watching the opponents power bar will tell you when to take him down or when to block. Between rounds you get a chance to freshen up and get some last minute coaching. During the one minute interval, your power will go up only half of what has been drained. If you do happen to take a fall the controls are similar to Nintendos &quot;Punch out&quot;, basically you just press the 1 and 2 buttons as fast as possible. Hopefully Rocky stands up and is ready for more.
Running Battle (Europe, Brazil) (En)	A neighboring city has fallen into the hands of the sinister &quot;M&quot; and his &quot;Soldiers of the Darkness.&quot; Get inside the &quot;Dark Zone&quot; and punch, kick and blast your way through to the final conflict!
Sagaia (Europe, Brazil) (En)	Long time ago, the planet of Darius went into ruin but Proco and Tiat of Darius gave birth to a new planet and named it Orga. After the passing of many centuries, Proco Jr. and Tiat Young receive a strange radio broadcast from the galaxy. They discover the radio broadcast is a mayday signal from another descendent of Darius. They board the Silverhawk, preparing to defeat an evil force and journey to the galaxy. Darius II, or Sagaia as it is known in the West, is the second installment in Taito's premier shoot 'em up series. Its main distinguishing features are the non-linear level system and the enemies, which are different kinds of seafood.
Satellite 7 (Japan) (En)	Satellite 7 is a shoot-'em-up game developed and published by Sega. It was released for the Sega Master System exclusively in Japan on Sega Card in 1985. The game is a fairly standard shooter and is very similar to Namco's Xevious. 1 launches bombs at ground targets, and 2 shoots forward at airborne targets. Though the game did not officially leave Japan in card form, the game has appeared in several compilations in Brazil, including the Tectoy DVD Karaoke Game DVT-G100.
Schtroumpfs Autour du Monde, Les (Europe) (En,Fr,De,Es)	The magic crystal has broken. And so inquisitive Smurf and Smurfette are teleported through time and all around the world. Sadly they discover that the whole world suffers from pollution. They set off to find the 21 crystals in each area and smurf the world's rubbish in order to get back to their European village. So you as male Smurf or female Smurfette should travel from one continent to another. The continents represent North Pole, Africa, Asia, North America, South America, and Australia, and each of them consists of 3 levels. On each level character should collect certain number of crystal shards, which in sum gives 21 crystal shards. During the level character should collect other items to raise a score, avoid or eliminate the enemies specific for each area jumping over them, swim somewhere, or run away from cougar. Certain parts of the game may be accessed via password. The game is available in French/English/Spanish/German.
Scramble Spirits (Europe, Brazil) (En)	Sega's take on the 1943 style of vertically scrolling shoot 'em ups was set in the future. Your fighter plane is aged and under-powered, yet you must face down large planes, tanks and ground targets to achieve victory. Each level ends with a close-viewed section of particular intensity before finally facing a boss. Smart bombs are occasionally found lying around, and can destroy everything on the screen, although you can't use them on the bosses. A simultaneous 2-player mode is provided.
Sega Chess (Europe, Brazil) (En)	Sega Chess is a chess game for one or two players. The game follows the standard chess rules. There are 11 difficulty modes: beginner, novice, amateur, intermediate, professional, chess champion, grand chess champion, chess master, grand chess master, adaptive (which tries to adapt to the player's skill and infinite think mode. The game also offers a problem solving mode. Gameplay consists in moving a hand icon across the board selecting the piece to move and the target location. The player can ask for hint moves and when it is the computer's turn, he can force the opponent to move. The table side can also be flipped during the gameplay. The plays are recorded and the players can see it in the main menu screen. Players can also set up a game with a given set of pieces, provided there is at least one king to each side. Two players mode can be played with one or two controllers. The table can be viewed in a 2D or 3D view.
Sega World Tournament Golf (Europe, Brazil) (En)	Challenging courses, a variety of modes and realistic gameplay - Sega World Tournament Golf has it all!
Senha (Brazil) (Mega Drive 4)	The purpose of this game is to unravel the right sequence of symbols. Move the cursor with the directional buttons and select the desired symbols, in an attempt.
Sensible Soccer (Europe)	With the original Sensible Soccer having sold hugely, this updated version was released some months later (and then used as the basis for the later console versions). The teams are updated, with the sides present in the 92-93 European tournaments included, and the player names updated to take transfers into account. The game was tidied up and changed in a number of areas. The most significant change is the addition of red and yellow cards for discipline (2 yellow card offenses or one ‘professional foul’ (denying your opponent a clear goal-scoring opportunity) results in that player being sent off). The goalkeepers have been improved in skill, and the 1994 World Cup Qualifying tournament was added.
Shadow Dancer - The Secret of Shinobi (Europe, Brazil) (En)	With the help of your dog, you must kill your enemies while you venture through locations such as airports, railroads, waterfalls, sewers, and more. Furthermore, you must find and disarm several bombs along the way before you leave each. You also have the option of using magic against enemies, which may consist of tornadoes or fireballs. There are four missions you must complete; and each one has different objectives such as obstructing the enemies deadly mission, disrupting the enemy's supply route, raiding the enemy's industrial units, attacking the enemy's underground forces, and liberating and securing the shuttle's base. Each mission consists of three stages and there is a boss on each of the mission's final stages.
Shadow of the Beast (Europe, Brazil) (En)	While very young, Aarbron was kidnapped and enslaved by the Priests of the Beast Lord. He grew up on drugs made to destroy his own will and turn him into the Beast Messenger, a powerful creature serving Maletoth, The Beast Lord himself. He did his job, until one day he noticed a man about to be sacrificed in a ritual, his face triggering ancient memories... and as the sacrificial knife descended into the man's body, Aarbron recognizes the face. Of his father. As his father dies in the altar, memories of his childhood and tormented past at the hands of the Beast Lord emerged, and as feelings of hate over his captors took over him, he swore revenge and fled the temple, knowing the road to avenge his father and redemption would be hard. Shadow of the Beast, one of Psygnosis most popular titles during the 16-bit computer era is a side-scrolling platformer best known for the use of parallax scrolling along lush graphics, a musical score by David Whittaker, a iconic cover by Roger Dean and what many consider to be unforgiving gameplay, balancing between the &quot;very challenging&quot; and the &quot;impossible&quot;. The player has to navigate through several areas filled with enemies and traps, collecting keys and activating triggers than open new areas or give Aarbron the means to overcome a sub-boss. The number of moves the player has at disposal is limited: duck, jump and only two attacks: punch and a flying kick. While most enemies die with just one hit, the player must time each attack accurately. However, there are also traps of objects that cannot be destroyed, and these require the player to jump, duck or move according the sequence. The player has only one life with 12 hit points that can be replenished by collecting some objects hidden in the level (like an off-route location or a under a megalith), which also contributes to the difficulty level.
Shanghai (USA, Europe)	Shanghai is a tile-based game based on the ancient Chinese game of Mah-Jong - this was the first of many computer versions. The gameplay involves 144 tiles, each depicting different images, which have to be removed by matching them into pairs. The tiles are arranged in a gridded pattern, which is higher near the centre. A tile can only be removed if it has no tile next to it on at least one side. This computer implementation can generate a random board layout to take on, as well as featuring 5 preset challenges, some of which have time limits of 5 or 10 minutes, as well as a multiplayer mode.
Shinobi (Japan, Brazil) (En)	You control a ninja, Shinobi, who must battle his way through each level in search of hostages which must be rescued. You have shurikens, kicks and punches to defend yourself with. As well as the powerful ninja magic which can clear the screen of enemies in one go. Each level is broken down into smaller scenes and hostages are guarded by big blokes who throw swords. Watch out for gun-toting enemy henchmen and ninjas. Reaching the end of each level will find you battling it out with a boss. These range from 8ft giants to helicopter gunships.
Shooting Gallery (USA, Europe, Brazil) (En)	Using your Sega Light Phaser, you are given a specified length of time to shoot as many targets as you can before the music fades out. The targets include birds, balloons, blimps, balls, and spaceships; some difficult, some not so difficult. As you progress through the rounds, the game gets difficult. For example, in Levels 3 & 4, you have to shoot balls that pass through a set of pipes and come out the other end, and on Level 5, you can't shoot the spaceships if they are protected by a shield, and have to wait until the shield disappears, but not for long. The game ends when you don't shoot enough targets.
Simpsons, The - Bart vs. The Space Mutants (Europe, Brazil) (En)	Bart vs. The Space Mutants is a platform game where the player goes into the role of Bart Simpson (from the TV show The Simpsons) and must stop the Space Mutants from invading Springfield. On each of the five levels, Bart must collect (or get rid of) the ingredients that the Space Mutants are planning to use to build their machine, such as purple objects or balloons. He also has to collect enough &quot;proof&quot; of the aliens existence (brown coins left behind when they are jumped on), so his family members will help him when he meets a boss (characters such as Nelson and Sideshow Bob). This won't be easy since the Space Mutants are &quot;using&quot; human bodies as disguise. In order to discover who are the real Space Mutants, Bart must use his X-ray Specs. The ways Bart can get rid of those objects sought by the Space Mutants are numerous. For instance, in the first stage, Bart must get rid of purple objects. He can dye them red, cover them, wash them, etc. Some even involve a little puzzle solving, like playing a trick on Moe to make him get out of the bar. Bart also has some coins that can be used in many ways throughout the game, like buying things, getting devices operating, etc. Those coins are essential to solve some puzzles in the game.
Simpsons, The - Bart vs. The World (Europe, Brazil) (En)	This game is actually a compilation of smaller games belonging to different genres. Krusty the clown appears in the beginning of the game and presents a menu with five games to play (one of which is not available from the start): A jump-and-run game, where Bart must find an exit on a ship, while enemies fire at him and try to prevent him from reaching the exit; a card game, where you have five tries to find hidden cards on a board; a simple jigsaw puzzle; a series of trivia questions concerning the Simpsons; and finally, a platform-skateboard game (available only after you have completed the ship level). Needless to say all games are connected to the famous TV series &quot;The Simpsons&quot;.
Sitio do Picapau Amarelo (Brazil)	Tia Nastácia (Aunt Anastacia) is sick, and Dr. Caramujo (Dr. Snails) is called to examine her. And he's got some good and bad news. Good news is that she can be cured. Bad news is that, to prepare the medicine, he'll need five rare ingredients: bat's blood, Saci's hat, Curupira's salsaparrilha bat, Iara's hair and a tear from Cuca. To make things even worse, next night will be a full moon, and if Tia Nastácia doesn't get cured until then, she'll sleep for 100 years! So, Pedrinho (Pete) and Emília (Emily) are sent to bring the ingredients and cure Tia Nastácia. Sítio do Picapau Amarelo (Yellow Woodpecker Ranch in English) is based on the works of Monteiro Lobato, a Brazilian writer. One or two players (in hot-seat mode) can choose to play either the boy Pedrinho (or Pete, in the English version of the books) or the rag doll Emília (Emily in the English version). The items they must gather are based on Brazilian folklore. Gameplay consists in basic side-scrolling/platforming. Either characters can jump (button 2), run (either pressing the D-pad twice to a direction, or holding a button and the D-pad to a direction), shoot (button 1), and duck. The game has four levels (one for each ingredient, the last one with two of them), all set in the ranch, with indoor levels, underwater levels, caves and such. Each character starts with 3 lives. They have a health bar, which can be replenished by gathering items such as nests with eggs, or by freeing birds from cages. The enemies faced are most animals, such as bats, bugs, spiders, snakes, piranhas, jaguars and monkeys. All in game text is in Portuguese.
Slap Shot (USA, Europe, Brazil) (En)	Get all of the hard-hitting excitement of real ice hockey with &quot;Slap Shot&quot;! Shooting, passing, and teamwork on offense, and lots of checking, blocking and general chaos on defense. Play an Exhibition game, or enter the Tournament and play against the top teams in the world! Watch out for the other team's goons, though - they like to fight. If you get in a brawl and come out on the losing end, you'll have 2 minutes in the penalty box to lick your wounds. Accept the challenge - take on and defeat the best in hockey. Once you start, you'll be &quot;hooked&quot;!
Smurfs, The (Europe, Brazil) (En,Fr,De,Es)	The evil Gargamel has captured three of the smurfs, so that he can have them for dinner (Once again). One of the smurfs must go out on a dangerous journey and rescue the captured smurfs. Beat the first two bosses to rescue the first two smurfs, then you can take on Gargamel. Make your way through forests, swamps, mountains, mines and more. Also ride storks, mine carts and logs to defeat Gargamel and his minions and to rescue the missing smurfs. On each level you must collect five stars in order to get access to the bonus level. (You don't have to collect the five stars in order to get through the main level) On the bonus level, try to collect as many bonuses as possible before the time runs out. There are three bonus levels: &quot;The Dam&quot;, &quot;The Mushrooms&quot; and &quot;The Butterflies&quot;.
Solomon no Kagi - Oujo Rihita no Namida (Japan)	Solomon's Key is a platform game with both action and strategy elements. On each level your goal is to retrieve a key which can then be used to unlock the exit. To help out, you have a magic wand which can be used to create and destroy blocks (though some blocks can't be destroyed). In order to reach the key you will need carefully to arrange the blocks on the screen so you can jump your way around safely. Wandering around each level are a variety of enemies which will cause you to lose a life if you're caught. Some creatures can be killed by destroying the block they are standing on, others must be dodged. Hidden bonuses and magic can be found on many of the levels, sometimes even hidden in blocks. Some treasures give you bonus points, others can form magic spells to help deal with the enemies. To make the game more difficult, each level has a time limit in which it must be completed.
Sonic Blast (Brazil) (En)	Sonic Blast was released for Game Gear in conjunction with Sonic 3D Blast (aka Sonic 3D: Flickies' Island) for Genesis/MD and Saturn. It boasted similarly rendered character sprites and colorful backgrounds. The game was yet another addition to the series, plus Sega had hoped it would be a boost to the dying Game Gear's title selection at the time. Brazilian based TecToy re-released the game for Sega Master System in 1997, a year after the initial release (while many may think this is a pirated title, TecToy is indeed licensed to produce and release games under the Sega name).
Sonic Chaos (Europe, Brazil) (En)	The inhabitants of South Island are in danger! Dr. Robotnik has stolen all the Chaos Emeralds which kept the power balance. Robotnik has thrown the Emeralds in a parallel universe and is keeping the red one. Sonic and Tail must retreive all the Chaos Emeralds before the destruction of South Island. This is the first Game Gear game where you can play either Sonic or Tail.
Sonic Spinball (Europe, Brazil) (En)	The evil doctor Robotnik has a new plan to take over the world. He has built a new weapon, the Veg-O-Fortress on Mount Mobius and with it, he is transforming all creatures into robots. Sonic sneaks into the fortress and tries to stop Robotnik. Use Sonic as a pinball in 4 dangerous levels. Score points, get rings, collect Chaos Emeralds and destroy the boss at the end of each level.
Sonic The Hedgehog (USA, Europe, Brazil) (En)	SEGA's mascot Sonic the Hedgehog made his debut in a famous Genesis title, but Sega's 8-bit systems got their own version of the platformer featuring the same story and gameplay style but different levels. To stop the evil Dr. Robotnik, Sonic must traverse six zones consisting of three levels each. Most of the zones are based on the original game, but some are new. Enemies and power-ups are mostly the same as well. Sonic can pick up golden rings for protection (when hit, he simply loses all of his rings instead of a life) and bonuses: 100 rings gain Sonic an extra life, and 50 remaining rings at the end of a level allow access to pinball-themed special stages full of bumpers and springs. The final level of a zone is always a boss fight against Robotnik. Sonic should also collect the six Chaos Emeralds to keep them from falling into Robotnik's hands. In a departure from the original game, these are not hidden in the special stages but somewhere in the regular levels.
Sonic The Hedgehog 2 (Europe, Brazil) (En)	Coming back from the vacation Sonic took after foiling the plans of Dr Robotnik, he finds that Tails and all his other animal friends are missing. Sonic finds a letter waiting for him, that reads: &quot;Dear Sonic, Robotnik is back, and he's captured all the animals on the island! He is holding me in a place called the Crystal Egg. In order to free me, you have to find and bring the six Chaos Emeralds. Robotnik made me write this. He says he's waiting for you, and he's created six really nasty robots in order to 'get rid of you once and for all.' I don't know what he has planned, but Sonic, please be careful! Sincerely, Tails.&quot; That being more that enough motivation for him, Sonic races out to defeat Robotnik again. The master system version is totally different than the Sonic 2 for Genesis. Tails obviously doesn't accompany you, like he can in the Genesis release. Sonic can also not do his infamous buzzsaw roll by simply ducking and pressing jump.
Sonic's Edusoft (Europe) (Proto)	Sonic's Edusoft is an unreleased educational game for the Sega Master System developed in 1991 by Tiertex. The unofficially licensed game had been unknown until a Wikipedia page was created in September 2006. This page has since been removed from Wikipedia.
Space Gun (Europe)	2039 A.D. Man begins deep space exploration in search of new life forms and usable fuel sources. What he discovers is trouble. Until now, the success of past explorations was causing the space effort to grow by leaps and bounds. Until now, the explorers had found little more than fungus and small insects as alternative lifeforms. Until now, the chief dangers had been those posed by the hostile environment of space. Until now, the aliens had not known about THEM. On the ragged edge of the galaxy, other creatures that roam the stars discover humans and spaceships to be excellent sources of food and other resources. Prepared at the worst for clashes with rival exploration teams, the human crews can do little to defend themselves as wave upon wave of nightmare creatures descend upon their ships and bases. In response to their distress calls, the Federation has assembled a series of rescue teams, lead by their best military sharpshooters, to deal with the alien menace. As the leader of one of these teams, you must gun down the intruders and pick up the human survivors. Brave the maze of dark corridors that may lead to a deadly shootout between you and legions of monsters. Pick up survivors and extra ammo on the way.
Space Harrier (Japan, USA) (En)	Run… fly… dodge those obstacles, but return fire on wave after wave of attacking aliens. Armed with a really big gun, you have to defend yourself against the alien hordes using your wits to navigate around the screen. But watch out for those end of level bosses!
Space Harrier 3-D (USA, Europe, Brazil) (En)	Space Harrier 3-D is more like Space Harrier 1 1/2. While it's not a direct sequel to Space Harrier, it was designed to take advantage of the 3-D glasses available at the time. This game is considerably darker than the original and the sequel in both look and feel. Even the digitized voices are deeper in tone, creating a sense of urgency about it. Things are obviously not right in Space Harrier's world. But if you're familiar with the original, the premise is the same; blow everything up and fight the boss at the end.
Special Criminal Investigation (Europe)	Your mission is to track down, chase and apprehend the dangerous criminals. It's FASTER, explosive power sends you bullefing through various terrains -hold the line or plough the fields! It's TOUGHER - the criminals wield some heavy hardware - but so do you! You can shoot but you must dodge their flak... heavy gunfire, trucks unloading their cargo onto your bonnet... its the meanest pursuit game to hit the micro screen. The extra features will leave you gasping for extended play - weather changes, bodyguard squads, grenade lobbing bikers, gun-choppers... Just play it!.. we dare you to stop!
Speedball (Europe)	The original future sport game, Speedball is played out on a small court with five players on each team, making it more frantic than the more famous sequel. The ball must be thrown into the goal at your opponent's end. Any amount of physical contact can be made, and there are no illegal ways to get the ball or the goal. Before each match you can bribe the referee into awarding you a head-start or strengthening the abilities of your players. You compete in a simple knockout cup tournament, or in individual 2-player games.
Speedball 2 (Europe)	Brutal Deluxe doesn't live up to their name - in fact they're the worst team Speedball has ever seen. As their manager, it is your job to transform their fortunes. As well as the league system, which consists of 2 8-team divisions and challenges you to advance to the top, there are also 2 cup tournaments, one of which is played out over 2 'legs' with the aggregate score deciding who progresses. You can play the matches as well, which is the real meat of the game. They consist of 2 90-second periods, and the gameplay is futuristic, fast and frantic, with heavy tackling encouraged to retrieve the ball. Power-ups and tokens appear on the pitch, including ones to make your players extra-tough or freeze the opponents.
SpellCaster (USA, Europe, Brazil) (En)	Kujakuo is based on the comic by the same name, published in Young Jump in the late eighties and drawn by Makoto Ogino. It is a tale of the occult, centred around the buddhist monk Kujaku. In this game, Kujaku is sent out by his master, Ajari, to find out what has happened at the nearby temple of Hieizan. Upon arriving, after having fought his way through magical creatures and deadly warriors, he find his comrades slain. One of them, Kubira, is still holding on to his life, and before drawing his last breath, he utters the word &quot;Izumo&quot;. Ajuri then sends Kujaku to the town of Izumo, where he encounters a deadly enemy of unknown origin. Kujakuo is part adventure game à la Déjà vu (or, since this is a Sega game, Hoshi o sagashite), part platform action. To get between the adventure parts, you must pass an action level, as well as a boss fight or two, just as in Cosmic Spacehead. The adventure part has you looking at a scenery, with a text box for descriptions and lines, and a set of verbs on the right. Use a cursor to point out specific objects for your verbs. In the platform levels, Kujaku can jump and shoot magic bolts. While the usual bolt is small, he can load up before releasing them, R-Type style. Pressing the pause button opens up the spell menu, for accessing more powerful magical spells. New spells can be learned throughout the game. Most spells are offensive, but some grant additional powers such as levitation. Each time a spell is activated, you use up your limited spirit energy. Enemies will, when killed, sometimes drop spheres that will raise your spirit energy, though. This game was remade into Spellcaster upon its release in the West.
Spider-Man (USA, Europe, Brazil) (En)	The city of New York is certainly a great place to be, but not when there's the criminal element running about. Lucky for the NYPD, there's also the heroic Spider-Man on their side! But now one of the biggest criminals in the city, Wilson Fisk, a.k.a. The Kingpin, has pulled of the ultimate plot! He announces to New York that a bomb has been planted somewhere in the city, and that it'll go off in 24 hours! What's worse, he lays the blame on Spider-Man, and now the webslinger is on his own, and on the run from the police. Spidey smells a rat, and he knows what he must do. Spidey has 24 hours to find and disarm that bomb. And he must also clear his name, so he takes his camera to take convincing photos for his Spider-Man hating boss, J. Jonah Jameson, and the police, to prove his innocence. Along the way, he just may run into a few of his *AHEM* &quot;old friends&quot;, including Dr. Octopus, Electro, Mysterio, and ultimately Kingpin himself!
Spider-Man - Return of the Sinister Six (Europe, Brazil) (En)	From the ingame intro: &quot;Doctor Octopus is plotting the crowning caper of his criminal career... to rule the world. He has reunited the Sinister Six and with these super-villains together again, nothing stands in their way - except Spider-Man!&quot; Spider-Man: Return of the Sinister Six is a side-scrolling game which puts you in the role of Spidey throughout six levels against Electro, Sandman, Mysterio, Vulture, Hobgoblin and Doctor Octopus respectively. Some puzzle solving (like finding a key) is necessary to beat some levels. Spidey can duck jump, climb walls, punch, shoot webs to swing (by pressing punch and jump together) and perform a jump kick (by pressing the punch button twice). Collecting web cartridges allows Spidey to shoot limited web projectiles. Although hard to die, Spidey has only one life, there are no items to recharge life (but killing some guys will do so) and only one continue.
Sports Pad Football (USA)	Playoff fever grips you. And no wonder. You're the driving force that can take your football team to the top in this rough and tumble contest between the leagues. The outcome of the game is in your hands. As the quarterback, you select the plays. Line up the formation. Call the signals and carry the ball. Cut down your opponent with deadly blocking. Intercept a pass. Make a flying tackle. All you need is skill. Strategy. Cunning. And nerve. For non-stop action that charges across the screen. You decide to pass. It looks good. Touchdown!
Sports Pad Soccer (Japan) (En)	This version of Great Soccer is on the Sega cartridge. The other version of Great Soccer is on the Sega card and an entirely different game. Dribble, pass, shoot and score! Two game selections are available to play. The first is a top-down perspective soccer game. The second is a 3rd-person perspective penalty kick contest. The team that scores the most goals in either game selection wins. However, if regulation time runs out in the regular soccer game mode, there will be a penalty kick shoot-off to determine the winner. All the same rules apply to this soccer game as in a real life match. There are kickoffs, offside violations, slide tackles, corner kicks, out of bound throw-ins and goalie saves all during gameplay. Choose from one of eight nations to compete in a match of professional soccer. The nations available are Argentina, West Germany, France, Brazil, Great Britain, Italy, USA and Japan —each with their own strengths and expertise.
Spy vs Spy (USA, Europe, Brazil) (En)	M.A.D. magazine’s comic strip of the same name comes to life in this game which was designed for one or two players. The innovative split-screen shows both spies at the same time. Play with a friend or against the machine. The black crow and the white crow are out to beat each other before the time bell rings. Find the needed objects by digging through drawers, closets and furniture in the house. Foil your opponent by setting creative booby traps in the various rooms (a bomb in a dresser drawer, for instance). Fights ensue when both spies enter the same room. Find hidden weapons in the rooms to help with those fights, since one of you will die if you run into each other.
Star Wars (Europe, Brazil) (En)	This game is based closely on Star Wars Episode IV: A New Hope. It combines a number of gameplay styles, but primarily it is a side scrolling run-and-jump platformer. The game begins on Tatooine, where you, as Luke Skywalker, must travel around and meet up with R2D2, C3PO, Obi-Wan, and so on. Eventually, you travel through Mos Eisley and the Death Star as well. While most of the game has you controlling Luke, Han or Leia directly, some of the various game styles include a first-person Millennium Falcon asteroid belt sequence, and an overhead view Death Star trench run.
Street Fighter II' (Brazil) (En)	Most everyone familiar with electronic games has heard of Street Fighter II - the most famous beat-em-up series ever. Basically you get a bunch of fighters together (12 in this case) and get them to punch, kick, bite and thump the bejesus out of each other then you're close. Here yet another slightly different version of the game turns up - this time on the Genesis. Special Champion Edition is similar in most respects to the original Street Fighter II (which never turned up on the Genesis anyway) except that all 12 characters are selectable from the get-go (the boss characters were originally locked) and the game engine has been revamped.
Streets of Rage (Europe, Brazil) (En)	Streets of Rage, Sega's answer to Final Fight, follows the story of three young police officers (Adam Hunter, Axel Stone and Blaze Fielding) in a city controlled by a criminal syndicate led by a &quot;Mr. X&quot; where crime is rampant, which leads the three heroes to make a pact to leave the force and topple the syndicate by themselves. Gameplay is straightforward and simple. Three buttons are used, one to jump, other to attack and another to perform a range attack from a support police car. Each character has a limited set of moves that include punching and kicking or performing a back attack (if in the open), two grapple moves (depending if holding the opponent in front or by the back), a flying attack, and if playing with another player two additional tag attacks, and different abilities: Adam is slow, but a good jumper and a hard hitter, Axel fast and also a hard hitter, but a lousy jumper and Blaze fast and a good jumper, but weak hitter. Levels are in typical arcade side-scroller fashion: move from left to right (with two exceptions), clearing screens from enemies one after another as fast as possible while avoid taking damage with a boss in the end. Some levels feature &quot;death drops&quot; where the player must avoid falling, while throwing enemies there at the same time, including a typical elevator level. Several items are scattered on the ground, from melee weapons and bonus points (and lives or additional police cars) to apples and turkeys (to restore health).
Streets of Rage II (Europe, Brazil) (En)	After Axel Stone, Blaze Fielding and Adam Hunter destroyed the evil Syndicate leader, Mr. X, the city became a peaceful place to live, and each one of them followed their own paths. One year later, after their reunion, Adam's brother Sammy returned from school to find their apartment in a mess, and Adam nowhere to be seen, and after calling his two friends, one of them notices a photo of Adam chained to a wall, next to someone they knew very well - Mr. X, who returned to turn the peaceful city once again into a war zone. Now, Axel, Blaze, Sammy, and Axel's good friend Max, a pro wrestler, must head out to stop Mr. X once again...hopefully for good... Streets of Rage 2 differs from the previous title in several ways. There are changes in both graphics (characters now are bigger, more detailed and with more animation frames, and scenarios are less grainy) and gameplay (the rocket move was replaced by a special move that doubles in offense and defense along several new moves), along other new features such as life bars (and names) for all enemies and the radically different new characters.
Strider (USA, Europe, Brazil) (En)	The year is 2089AD. In Russia, the evil Grand Master Meio has begun his insane plot to take over the universe. A lone figure drops from a stealth glider into Meio's base. He is Hiryu, Super A-Class Strider. His mission is to defeat the Grand Master and put an end to his plotting once and for all. Converted from the classic arcade game, Strider lets you run, jump, perform acrobatics and climb walls and overhangs. You wield a plasma sword, called a Cypher, through 5 levels fighting robots and guards, with mid- and end-level bosses.
Strider II (Europe, Brazil) (En)	Strider has been called into action to save the people of the planet Magenta, armed with a Gyro laser and matter converter. He must fight his way through a forest, a ruined city, underground colonies, a roof-top battle, and finally the prison ship in which the Megantan leader is held. The gameplay is similar to the original, consisting of running, jumping and attacking, with a very dynamic central character. The laser gun can be used while standing still; moving attacks with the sword are still possible, with the two weapons combining similarly to the Switchblade games. Tokens can be collected, which will turn you into a robot to face the end-of-level enemies if enough are collected.
Submarine Attack (Europe, Brazil) (En)	In Submarine Attack, the player controls a submarine in an underwater-based environment. Shoot down enemies that are coming toward you using your missiles either at the front or rear of the sub. There are six stages in the game, and at the end of each one, you have to defeat a boss who requires multiple shots to kill. When you defeat one, you proceed to the next, difficult stage.
Sudoku (Brazil) (Mega Drive 4)	Fill in the blank spaces with numbers from 1 to 9 without repetition, in the row, column or square.
Sukeban Deka II - Shoujo Tekkamen Densetsu (Japan)	Sukeban Deka II: Shoujo Tekkamen Densetsu (&quot;Delinquent Girl Cop: Legend of the Maiden's Iron Mask&quot;) is a game based on the Sukeban Deka license, specifically that of the TV show remake in the 80s which was named Sukeban Deka II (which is why this game has no predecessor despite being a &quot;II&quot;). The series follows a Japanese schoolgirl who has chosen to fight crime after flaunting the law herself one too many times. Her only notable characteristic, as far as this game is concerned, is the use of a weaponized metal yo-yo to pummel her foes.
Summer Games (Europe, Brazil) (En)	Summer Games allows up to eight players to compete in a series of summer themed Olympic events. The gameplay is similar to the other entries in Epyx &quot;games&quot; series. Each player can choose a country to represent, and then takes turns competing in various events to see who will win the gold medal! The game allows you to compete in all of the events sequentially, choose a few events, choose just one event, or practice an event. The events available vary slightly depending on the platform, and may include: 1. Pole vault 2. Platform diving 3. 4x400 meter relay 4. 100 meter dash 5. Gymnastics 6. Freestyle swimming 7. Skeet shooting 8. 100 meter freestyle 9. Rowing
Super Basketball (USA) (Auto Demo)	Rolling non-interactive demonstration of unreleased game. The cartridge includes hidden FM music that can be only activated with a patch
Super Kick Off (Europe, Brazil) (En,Fr,De,Es,It,Nl,Pt,Sv)	Super Kick Off is an enhanced developed version of the popular football game developed by Dino Dini for consoles. It includes 40 teams (16 national and 24 club), along the ability to edit club team names and shirts and player names and looks. Game modes include friendlies, Domestic League and Cup (composed by eight English teams), European League (16 European teams) and International cup (eight team tournament). Training allows to practice free kicks, penalties or to pass, shoot and dribble without opposition. Players can compete head to head, or play cooperatively against the computer in the same team. Other game options include player speed, wind and grass cut, along the typical half length, offside rules, extra time and difficulty setting. All changes, from team edits to options, are stored in the cartridge internal memory. About the game itself, it was one of the most popular of the time, featuring a top-down view with the ball not sticking to the players' feet being the most prominent gameplay feature.
Super Monaco GP (USA)	Super Monaco GP is a modified conversion of the arcade game, a first-person perspective racing game. As well as the famous Monaco course, others from around the world have been added, to give the game a longer shelf life. You must complete qualification sessions and the races as fast as possible. The Genesis version of Super Monaco adds a complete career mode, however. In the career mode, your goal is to win a season of races. Unfortunately, you start with a relatively slow car. By challenging other drivers, you can move to a better team and car, and ultimately win the F1 World Title.
Super Off Road (Europe)	Super Off-Road is the ultimate off-road racing event. Four tough trucks speed around rough and ready tracks packed with pitfalls, power-boosters and prizes. No one knows the meaning of sportsmanship here. Have you got the skill and determination to come out on top?
Super Racing (Japan) (En)	F1 game that only was released in Japan.
Super Smash T.V. (Europe)	The year is 1999. The world's most popular television show is Smash T.V., an ultra-violent contest between two armed-to-the-teeth combatants, set loose in a series of deadly arenas that are filled to bursting with hordes of mindless beasts and killer robots. The aim of the game is to blast everything in sight and try to grab more cash and prizes than the other guy. Toaster ovens, VCRs, fancy cars and luxury holidays are there for the taking... for anyone who can survive long enough to enjoy them. Smash T.V. is an insane shoot-em-up from the brain of Eugene Jarvis, creator of Robotron: 2084. It retains that game's frantic style of play and two-joystick control method, but adds plenty of gore, violence, a hint of satire and that all-important two player mode.
Super Space Invaders (Europe)	Space Invaders is the most famous video game ever! Now SUPER SPACE INVADERS has arrived with a host of amazing new features - wave after wave of weird and hostile aliens, fantastic multiway scrolling playfields, huge end of level mega monsters and secret levels for only the best to find! It'll drive you crazy, but you won't be able to leave it alone!
Super Tennis (USA, Europe)	Super Tennis offers to control an unknown tennis player against a AI opponent, in various tennis courts, competing to win matches. The tennis players can be moved around freely on the court and the regular rules are followed. A third-person camera perspective is used, from a fixed perspective. The two buttons on the controllers are use to hit straight and fast, and to lob. When close to the net, volleys and smashes are also possible. Multiplayer is supported for two players, head to head or in a doubles game with or against AI opponents.
Superman - The Man of Steel (Europe, Brazil) (En)	Superman: The Man of Steel is a side-scrolling platform game in which the player takes on the role of Superman. A lot is wrong in the game: Lois Lane has been kidnapped by Brainiac, the Doom Star is orbiting the Earth and many deadly adversaries are roaming about. It's up to Superman to set everything right again. As Superman the player has limited energy which is depleted when Superman comes in contact with enemies or their projectiles. Superman can jump, and attack. When Superman almost drops from a building he automatically starts flying. There's three different difficulty settings.
T2 - The Arcade Game (Europe)	As the title states, this is the home conversion of the arcade rail-shooter based on the film Terminator 2: Judgement Day. Up to two players shoot through future and present levels as robotic killers reprogrammed to serve the human resistance. Both players wield a machine gun with infinite ammo that lowers its firing rate (overheats) as it is continuously fired. A secondary weapon (missile launchers in the future, shotguns in the present) has limited ammo but deals heavy damage. Powerups inside the game world include secondary weapon ammo and coolant for the machine guns, and are shot to be collected.
Taito Chase H.Q. (Europe)	As an undercover agent of Chase Headquarters, your job is to patrol the streets and track down five criminals. You are given a mission briefing before you start which gives information on the suspect and what car they drive. Then you drive across the city without crashing into other cars, and catch up with the criminal's car. To arrest the suspects, you must keep bumping into their car until it is no longer functional. And you have to do this under a strict time limit. You can't afford to crash into cars or buildings or you waste time getting on the road again. However, once you've caught up with your suspect, you are given more time. Your car is also equipped with turbo boosts, which you can use to gain extra speed if you are way behind the criminal. Each arrest is based on a &quot;suspicion&quot;.
Tangram (Brazil) (Mega Drive 4)	Use the parts available to assemble the figures.
Taz in Escape from Mars (Brazil) (En)	You play as Taz, the famous cartoon-character. Taz is captured by Marvin the Martian and transfered to his intergalactic Zoo! Now it is your job to aid Taz in his great escape from the Zoo-prison and also find a way back home to Earth. To make the escape a little easier, there are items placed here and there, such as cakes which make regain your health. You also find gas tanks, which you can eat and then breath fire. You will travel trough the Zoo, and a big wasteland and many other hostile zones with lots of weird enemies and bizarre bosses.
Taz-Mania (Europe, Brazil) (En)	One evening, Taz's father is telling an intriguing tale. Somewhere on Tazmania is a Lost Valley, and in that valley nests a huge seabird, so huge that one of it's eggs could feed a family for a year! Just think of the omelette one of those could make! Thus Taz becomes fascinated and leaves in search of one of those eggs before his Dad has even finished the story... Taz can Jump, perform a Spinning Jump and a Spin Attack. Munch roast chickens to replenish life. Gain extra points by moving quickly through the levels - there are six stages and each stage has two rounds. There are a few other items and pickups such as: 1. Spring: boings Taz up to high ledges. 2. Blocks: destructible. 3. 1-UP: extra life. 4. Star: invulnerability. Unless you run into a bomb. 5. Bomb: does what it says on the tin.
Tecmo World Cup '93 (Europe)	The World Cup rolls around once every 4 years for a chance for countries to show the world how good they are at this single sport, football (also known as soccer). Even though there was no World Cup held in 1993 the game Tecmo World Cup ’93 has the main teams and rules the World Cup is famous for. Tecmo World Cup ’93 is a football game that simulates the World Cup from the Pools to the elimination rounds that end with the finals. It has the option to play the 24 most known countries to have played in the World Cup, each with players having there own skill levels based on the real teams. There are 3 more modes to chose from that includes Versus where the player can play against a friend, Exhibition where one the player picks a opponent to play a single match, and Watch where the player picks two CPU players to battle it out alone. When playing a game the player first picks the team they want to play (and there opponents team if in Exhibition mode) and the color of there jersey before the CPU picks a random jersey color for their team. Before the match starts the player can set up the formation of the team and can also set up who plays and their position, this menu can also be accessed when a goal is scored or the ball goes out. The players (that are all abbreviated to there initials) have stats for Power, Speed, and Technique. When the game starts the player is presented with a side on birds’ eye view of the field. The player, when in control of the ball can pass the ball to the closest team mate or attempt for a goal. When defending the player can change the controlling player or do a slide tackle (slide tackle is the only tackle the player can do). There is no penalties in the game other then kicking the ball out. The game is fast paced as it is played in sped up mode to get a full game in a reduced time. There are 3 levels of difficulty and the default game length can be changed in the configuration. Password save after each match is available.
Teddy Boy (USA, Europe, Brazil) (En)	As Teddy Boy, you must use your gun to shoot at enemies that come out of the boxes that are scattered around the level. You have limited time to do this. The number of enemies that come out of these boxes depends on the number being shown on the face. When you shoot enemies, they turn into little balls which you quickly need to collect. If you do not, the balls will be transformed into little creatures that eat away time. Once you have destroyed all enemies, you advance to the next level. when you stand in the same spot for too long, the floor will disintegrate, causing you to fall down to the below platform. From time to time, you will play a bonus game, where the object is to shoot boxes that contain a toy. In these rounds, you also must avoid shooting a box that contains a little creature or you lose time.
Tennis Ace (Europe, Brazil) (En)	Using a top-down view, Tennis Ace lets you play single or double games with computer players. Two human players can either duel or work cooperatively in a doubles game. By working your way to one of the six grand slam finals, with practice games and exhibition matches, you gain experience, which improves your playing style. All the basic strokes are available: serves (either flat or a lob - fast-low, slow-high and curved), smashes, drop shots, lobs, flat forehands and backhands. Upon serving, the screen switches to a side-view and you have to time the throw and the hit to perform a succesful serve. The in-game progress can be saved with a password function.
Tensai Bakabon (Japan)	Action platformer that came out in Japan exclusively. It is based on an adaptation of the manga &quot;Tensai Bakabon&quot;.
Terminator 2 - Judgment Day (Europe)	Terminator 2: Judgment Day is based on the movie of the same name. The player takes the role of the T-800 Terminator and has to protect John Connor from being terminated by the T-1000 Terminator. The game is set over five levels with the following goals: 1. Level 1: Acquire a weapon. Level 2: An isometric racing course on a motorcycle in which the player needs to out-run a tanker truck that is chasing them. This stage was omitted from the Game Gear version. Level 3: Locate and rescue Sarah Connor from the Pescadero asylum. Level 4: Plant explosive charges to destroy the Cyberdyne building. Level 5: Defeat the T-1000 within the steel mill.
Terminator, The (Europe)	The Terminator licensed game for the Sega consoles was a fairly standard side-scrolling platform game. However, the game's six levels mirror the story-line of The Terminator movie very closely as you take on the role of Kyle Reese and his quest to save Sarah Connor from termination. Because the game follows the movie so closely, the first mission which involves blowing up the SkyNet computer and escaping through time is one of the hardest and something that most players remember with love/hate.
Thunder Blade (USA, Europe, Brazil) (En)	Aboard the lethal Gunship Gladiator helicopter, it is your job to ensure that a coup fails to install a dictator as leader. The game features 12 levels split into three distinct styles. First of all you'll be flying over a city in your helicopter, shooting out tanks by ducking low enough to target them, but also climbing to avoid the skyscrapers in the area. The third section is viewed similarly, but sees you attempting to wipe out the planes mounted on an aircraft carrier. The second section is viewed behind your helicopter in full 3D, and adds helicopters and planes to be shot, with dodging their bullets as you duck down to shoot the tanks being the main challenge.
Time Soldiers (USA, Europe, Brazil) (En)	You are a Time Soldier, who is asked to rescue five warriors from different time periods: Sirius in the &quot;Primitive Age&quot;, Laplace in the &quot;Age of Rome&quot;, Dymos in &quot;The World Wars&quot;, Alpha in the &quot;Age of Rome&quot;, and Altair in &quot;Future World&quot;. Each one of them is guarded by one of Gylend's henchmen, but to get to them, you must fight off other enemies that are specific to each time era. Some of these enemies will drop weapons that you can pick up and use. You can use several teleports scattered in each time era to travel to another.
Tom and Jerry - The Movie (Europe, Brazil) (En)	As in the popular cartoon series, Tom the cat is once again after that little mouse Jerry. The player plays as Tom, a curious cat who will do anything to get his paws on that trouble-maker mouse, Jerry. Tom tries to catch Jerry as he runs through six different levels. Starting in the Kitchen, Jerry will lead Tom through the Garden, Down Town, the Forest, Rock Mountain, and finally ending up in the Nursery. Jerry will do anything he can to keep Tom from snagging him. Even if that means running through dangerous areas. Tom must try and dodge tail-scorching stoves, dropping flower pots, falling boulders, and even climb skyscrapers and swim underwater all while trying to nab that rascally rodent. Not only that, Jerry will also throw bombs and leave land mines in Tom's path. Be careful, if Jerry gets too far ahead and out of site, the game is lost. But, if Tom is able to get close enough, he can pounce on Jerry resulting in an advance the next level. The next level can also be reached to by chasing Jerry to the end of the round where he will be cornered. There are also damage points that are taken away from Tom as he is hit by the number of dangerous environments around him. Too many hits will also result in a game over. It is just another hard days work for Tom the cat!
TransBot (USA, Europe, Brazil) (En)	Back in the solar year 2000 there was a nuclear war, and people are finally now emerging from underground to build a new society. But something is still wrong. DALAUS, a leftover computer from the old world is creating its own empire, and it is up to you to stop it. To complete this mission you will pilot a CA-214 (the TransBot), a new experimental astro-plane. TransBot is a side scrolling shooter for one or two players. There are a wide variety of enemies you will need to get past to be victorious throughout the many locations. The CA-214 can have different types of weapons to help out. You start out with a basic, default gun, but after collection a ? symbol you can choose a new weapon to use. There are six choices which will scroll past at the top of the screen, and your TransBot will be powered with whatever selection you make. Powered up weapons will only last for a limited amount of time before the TransBot reverts back to the basic weapon.
Trivial Pursuit - Genus Edition (Europe) (En,Fr,De,Es)	This is the earliest home computer incarnation of Horn Abbot International Ltd's classic board game, Trivial Pursuit. The game involves answering questions on one of six subject categories to gain moves, and answering questions on special squares to gain one of the six 'Wedges' you need to gain the right to take on the final winning question. Questions are aimed at British players - many entertainment questions are based on British TV, and sport questions relate to popular British sports. Two game modes are available:- single player (which involves answering questions against the clock) and multiplayer (where you can take on up to five human-controlled players). The computer reveals the answer, and you select 'yes' or 'no' to tell it whether you got it right. The question categories are exactly the same as the board game, however two different question styles are added to take advantage of computer technology - some questions relate to a picture or diagram and some relate to a piece of music. One additional feature not available in the board game is a statistical analysis of the number and type of questions answered correctly. This can be split into the performances of all the players, or the performance of an individual player within the six categories. It is especially useful at the end of the game, when choosing which category a player must answer to win the game.
Ultima IV - Quest of the Avatar (Europe, Brazil) (En)	The fourth game in the now well-established Ultima series featured an improved game engine, with color graphics and better character interaction (you could now have actual conversations with NPCs). But what really makes Ultima IV shine is its radical departure from any other RPG made before or since in terms of the story and goal. Instead of building up your character by any means possible in order to face the Ultimate Evil in a big bang up showdown, in Ultima IV you were trying to become the Avatar, a role model of sorts for the people of the land. This meant upholding the &quot;eight virtues&quot; and basically trying to become a better person. In most RPGs you chose to be a just/nice hero because the people you'd help would usually provide you with some nice equipment for your services, but in Ultima IV you helped people not for a reward or to advance the plot but simply because it was the &quot;right thing to do&quot;. The game actually frowns on behavior that was typical of most other RPGs, such as backstabbing fleeing monsters or picking up everything that wasn't nailed down even if it didn't belong to you. The game keeps track of all your actions, so if you went about killing and looting like in most RPGs, you'd never finish the game. This VERY different approach to the game's ultimate goal is what makes Ultima IV famous so many years later, and became the sort of design philosophy that made all the following Ultimas so unique in their genre. Of course, the game still has plenty of traditional RPG elements such as dungeons to explore and hostile monsters to kill, as well as a typical final &quot;Holy Grail&quot; type quest where you had to find the Codex of Ultimate Wisdom to complete your transformation into Avatarhood.
Ultimate Soccer (Europe, Brazil) (En,Fr,De,Es,It)	Ultimate Soccer is a football (European) game composed by 64 (unlicensed) international teams, each with it's own values for running, ball control and strength. There are five game modes (friendly, penalty shootout, tournament, playoff and league), but the lack of password or built-in battery means each one of them must be completed in one sitting. The gameplay can be tweaked for the players' preference by changing several key aspects of the physics engine, such as wind strength and direction, ball weight (lighter balls travel higher, faster and farther but are more prone to be deflected by winds than heavy balls, who barely lift of the ground and are slowed down by wet grass), tightness of ball control and players speed and momentum. A five-a-side mode, where the ball is never out of play is also included. Thanks to the many options regarding the physics, the game allows a lot of flexibility in playmaking, from building up the play with small passes from the midfield to belting the ball upwards in hope of a goalmouth deflection. Graphically, the game is similar to EA's Madden NFL series, with pseudo-3D effects allowing the view to be tilted up to show more detail up front or tilted down to show more of the field. The series later continued with Striker on the same console and Striker' 96 on PC, Saturn and PlayStation.
Vigilante (USA, Europe, Brazil) (En)	Vigilante is a side-scrolling beat-em-up, based on the popular coin-up. It features an anonymous tough hero that roams the streets to beat up The Rogues gang that kidnapped his girlfriend Maria. The game offers five distinct locations, such as city streets and a junkyard, with many different thugs with different strengths. You fight with your fists, feet and a chain. Each level features an end boss which requires a special tactic in order to progress.
Virtua Fighter Animation (Brazil) (En)	Virtua Fighter Animation is an one-on-one 2D fighting game based on the Virtua Fighter anime series. It has two game modes: story and versus. In the story mode, the player follows the anime's plot, with anime style cutscenes before and after each fight. The story is divided in acts, each one of them corresponding to one fight. The player starts controlling Akira Yuki, as as he beats his opponents, each one of them joins his party, so they can be chosen in the next fights. Besides Akira, the other characters which become available are Pai Chan, Jacky Bryant, Wolf Hawkfield, Kage-Maru, Sarah Bryant and Lau Chan. In the final act, the player must fight against Dural. The versus mode allows players to choose any of the seven available characters to fight against the CPU. In the two player versus game, Kage-Maru is removed from the character selection. The Game Gear version has 3 different viewing modes: Normal, Large and Real-Time. The Normal viewing mode shows the fighters from a more distant position (smaller sprites) than the Large mode (larger sprites). The Real-Time mode simulates the zooming camera effects from the other Virtua Fighter games, alternating between the Normal and Large modes. It also has an extended intro sequence, with anime style cutscenes. In regards to gameplay, the game doesn't differ much from any other 2D fighting game, as the player can perform punches (button 1), kicks (button 2) and jumps (up), as well as some special maneuvers. The Game Gear version has also a block function (START button), absent in the Master System version. The fights are regular best of 3 round matches, and players will loose a round if one of this three possibilities happen: their energy is depleted, they fall out of the ring or they have less energy than the opponent if the time runs out.
Walter Payton Football (USA)	It's the snap! You sweep to the right. The quarterback hands you the ball. You head for daylight as the linemen open a hole. Suddenly, 250 lbs. of screaming tackle is heading your way. He wants to make you splat city. What will you do? This game gives you the chance to find out. With Walter Payton Football you can play against the computer, or against a friend, in a Monday Night Game or in a series on the Road to The Superbowl. Choose from 28 west, central and eastern teams. Offense and defense. Should you run or pass? Will a reverse throw 'em off guard? In the middle of a hot series, you can save your standings with a Password save. If you like football, then Sega's Walter Payton Football is the game for you!
Wanted (USA, Europe, Brazil) (En)	Get ready for an adventure in Sega's wild, wild west! Become the Sheriff of the western territories. You've got a silver star and a trusty Sega Light Phaser. Your gunfighting skills are about to be put to the test by the meanest bunch of desperadoes ever to ride the outlaw trail. In towns. Across country. Down dusty streets. Your job is to clean them up! When you find the outlaws, shoot fast...or they'll plug you first! To make matters worse, the townspeople are walking the streets. Hit them and you'll lose part of your life meter! In between rounds you'll find challenge scenes to help you improve your shooting and make some more gold! Fight your way to the seventh round and you'll face the big boss in a sunset battle. But go down in a cloud of gunsmoke and it's Boot Hill for you. What are you waiting for? Go get 'em, pardner!
Where in the World is Carmen Sandiego (USA)	Carmen Sandiego is a master thief who leads the criminal organization V.I.L.E. This organization specializes in stealing the world's treasures without a trace. Alarmed by this, the A.C.M.E. Detective Agency makes it their personal mission to foil Carmen Sandiego's plans.
Wimbledon (Europe)	Control one of the world's top players, or enter yourself in the Tour and test your skill. Singles, Doubles, practice, four exciting tournaments - fast, heart-stopping action from beginning to end!
Wimbledon II (Europe, Brazil) (En)	You started out at the bottom, an unknown name in a field of highly talented players. You worked your way up the ranks, playing in America, Australia and France. And now, the big day... the day you take on the best tennis players in the world for the Wimbledon Open Cup!
Winter Olympics (Europe) (En,Fr,De,Es,It,Pt,Sv,No)	This is the official license of Winter Olympics tournament in 1994 at Lillehammer, Norway. You can practice in any event before the tournament. The game offers two modes - Full Olympics and Mini Olympics, which vary in the number of events. It includes 5 different types of sports - biathlon, alpine skiing (downhill, slalom, giant slalom and Super-G), ski jumping (90 m, 120 m), bobsleigh (2/4 men bob, 1/2 men luge) and skating (elimination, pursuit, time trial). The events use 3D views
Wolfchild (Europe, Brazil) (En)	Dr. Kal Morrow, expert in genetic research and creation of human-animal hybrids, has been kidnapped and his family brutally murdered by the terrorist organization CHIMERA. His surviving son Saul takes it upon himself to avenge his family. Using his father's research, he turns into a man-wolf and sets out to find CHIMERA's base and defeat their leader Karl Draxx. As Saul, it is your job to traverse five different areas on your way to Draxx. When Saul collects enough power-ups, he turns into his wolf form and gains a special psychic shot attack, which can be improved by collecting futher power-ups. However, if Saul loses health, he turns back into his human form and only has his fists to fight the numerous enemies.
Wonder Boy (Japan, Europe) (En)	Just when things were going great with Tom-Tom and his girlfriend Tanya, some thug of a woodland king had to kidnap her and hide her away, and Tom-Tom doesn't have a clue where. That's why he has to explore deep dark forests, cross endless oceans, climb treacherous slopes, survive endless volcanoes, and even walk through clouds. But Tom-Tom will never be totally alone. You see, when he goes through the exotic locations, he has to come face to face with its inhabitants, like bees, spiders, snakes, coal-kids, frogs, bats, snails, coyotes, and octopuses, to name a few. The hatchet is Tom-Tom's only line of defense against these menaces. There are ten areas, each containing four rounds each, but the tenth area can't be accessed unless Tom-Tom collects all the dolls during his rescue mission. During his journey, he can break open different eggs that will reveal hatchets, skateboards, mushrooms, milk, and even guardian angels. You can ride the skateboard through each round, as long as you don't collide with an inhabitant. When you complete each round while still riding the skateboard, you'll start the next round still riding it. As you progress through each round, your vitality will start to get low, but it can be increased by getting milk, mushrooms, potato chips,or fruit that appear everywhere you go. As well as the normal eggs, there are also speckled eggs that must be avoided, otherwise the God of Death will be released, and once he follows you, you'll lose vitality much quickly. At the end of every fourth round, there is a king waiting to destroy you with his fireballs or lightning bolts. There are also warp-gates, but you don't find them, they find you. You see, warp-gates appear in rounds 1-4 of each area. If you happen to get one fruit, a special item will appear. These special items include handbags, wrist watches, a pair of shoes, a teddy bear, and a bottle of perfume. Another girl will appear and take you up to the clouds where the object is to collect as many hearts as you can without falling down or getting the item again. Once you have collected all the hearts, you can get the item to return to the surface, and more often than not, you'll get further in the round.
Wonder Boy III - The Dragon's Trap (World) (Digital)	Wonder Boy III: The Dragon's Trap is a direct sequel to Wonder Boy in Monster Land. When Tom-Tom defeats the MEKA dragon, the wounded beast casts a spell on him, turning him into a Lizard-Man. To regain your original human form, you have to find the Salamander Cross, hidden by the Vampire Dragon in Monster Land. In this side-scrolling platform game, you can still buy equipment and items, but unlike its predecessor, it is not divided in sequences of levels. You are allowed to go anywhere, as long as you have the right shape or equipment. During his quest, Tom-Tom has to defeat various dragon bosses. Each win will give you a new shape with new abilities such as flying, swimming, walking on ceilings or clinging to walls, which also give you to access new parts of the world. The possible shapes are Lizard-Man, Mouse-Man, Piranha-Man, Lion-Man and Hawk-Man and the main abilities are defined by attacking power, defense points and charm points (needed for equipment by collecting charm stones). Also, certain blocks can only be destroyed by specific weapons or are only accessible to certain shapes. The basic actions consist of attacking and jumping, and in the status screen you can equip swords, shields and armour. Special attacks include fire balls, tornadoes, arrows, boomerangs and thunder strikes. Along the way, you collect keys (only one at all times) and gold left behind by defeated creatures, and you often have to revisit places to access new areas. A password is given at the beginning of each town to continue from there.
Wonder Boy in Monster Land (USA, Europe)	Eleven years have gone by since Tom-Tom rescued his girlfriend Tanya from the clutches of the evil King. Word of Tom-Tom's dangerous adventure soon spread throughout Wonder Land. The people were very proud of him and gave Tom-Tom the highest honor of all - the legendary name of Wonder Boy. With the evil King defeated, Wonder Land returned to its peaceful state, and for over one decade, the kingdom was a paradise, and everything and everyone lived happily together. Eventually, the peace was broken when a ferocious fire-breathing dragon appeared out of nowhere and took over Wonder Land with an army of evil, monsterous henchmen, causing Wonder Land was immediately thrown into utter chaos. The people were quickly taken over and the tranquil and serene kingdom was transformed into a land of demons and devils. Wonder Land was now a Monster Land. Tom-Tom was summoned to set out on a journey, destroy this dragon, and restore peace once again. Tom-Tom is Wonder Land's last hope.
Wonder Boy in Monster World (Europe)	&quot;Monster World was once a peaceful region. Then, the peace was shattered by an invading army of monsters. A young man named Shion vowed to defeat them and make his land peaceful again.&quot; Wonder Boy In Monster World puts you in control of Shion in his quest to save Monster World from the evil hands of BioMeka. It controls like your standard platform game - run, jump, and kill enemies. The game is filled with RPG elements such as talking to townsfolk, collecting money to buy items, upgrading your life, and equipping a variety of armor and weapons - staying very close to the &quot;Zelda format&quot;. You can save your game to continue your quest at a later time. Wonder Boy In Monster World is the third game in the Monster World spin-off series. In Japan the game is called Wonder Boy 5: Monster World 3.
Woody Pop - Shinjinrui no Block Kuzushi (Japan) (En)	Every system must have a Breakout clone, and every self-respecting developer must have one, especially in the mid-eighties, following the success of Taito's Arkanoid. Sega's answer was called Woody Pop. With a wooden paddle, which in fact is Woody the tree spirit, you bounce your ball against bricks laid out in a big house filled with toys. The toys will come out to disturb you. When you hit &quot;mystery bricks&quot;, wind-up toy soldiers or robots come out, obstructing your ball. On some levels, a toy train will cross your path as well. Speaking of wells, the bottom of the screen is not a big black hole as in most other games of this kind – instead the whole covers only a part of the wall, so that even if you miss the ball, it might bounce back in the corners. Once a room is cleared, you can choose freely between up to three adjacent rooms to progress to, making this game less linear than usual. Like any post-Arkanoid game, there is a range of powerups released from special blocks. Most are known from other games such as the double-ball, the growing bat or the &quot;diamond ball&quot;, which destroys all blocks in its path without ricocheting. Some invented by Sega are the fire ball, which sets blocks on fire, allowing them to destroy even neighbouring blocks, and the big ball, which hits bricks with more power, thereby destroying brick with one hit that would otherwise have required several.
World Class Leaderboard (Europe, Brazil) (En)	Before the long-running Links series, Access produced the Leader Board lineage, which concludes here. Wind, snap and power are the main considerations as you dodge the bunkers, water and rough which make for more complex courses than the 8-bit versions of the original. A course editor is provided. The courses provided include real courses like St. Andrews, a fictional designs such as The Gauntlet, which as the name suggests is designed to push your skills to the maximum. The PC version revolutionized the use of the PC speaker to reproduce voice samples via their patented &quot;RealSound&quot; process. Quips like &quot;No doubt about it, he's deep in the sandtrap&quot;, &quot;Straight onto the fairway&quot;, and &quot;Looks like he hit the tree, Jim.&quot; are used to provide running commentary on the gameplay.
World Cup Italia '90 (Europe, Brazil) (En)	Go head to head with the most skilled teams in the world! Prove your mettle in a Test Match, show off your sharpshooting prowess in a Penalty Kick Contest, or go for the gold in the World Cup competition! Fast-paced and realistic - video soccer at its heart-stopping finest!
World Cup USA 94 (Europe, Brazil) (En,Fr,De,Es,It,Nl,Pt,Sv)	For the third World Cup in succession, US Gold had the license to produce the official game. They entrusted Tiertex with the task, who produced a top-down game recreating the full tournament. As well as the 24 teams who qualified for the tournament, other significant footballing nations like England, France and Denmark could be drafted in. The presentation of the menus is largely icon-based, with the official mascot featuring prominently. Tackling is difficult and passing is easy, making for a flowing end-to-end style of play.
World Games (Europe, Brazil) (En)	Olympics style sports game. Compete in several events including: Skiing, Weight Lifting, Barrel Jumping, Sumo Wrestling, Bull Riding, Cliff Diving, Log Rolling, Caber Toss, Pole Vault, Platform Diving.
World Grand Prix (USA, Brazil) (En)	The premise is simple, race against the clock and computer-controlled F-1 opponents in a series of races. Along the way, earn points to upgrade various aspects of your machine, including acceleration, top speed and handling. It also includes a track editor, so you can create your own courses as well.
World Soccer (World)	This version of Great Soccer is on the Sega cartridge. The other version of Great Soccer is on the Sega card and an entirely different game. Dribble, pass, shoot and score! Two game selections are available to play. The first is a top-down perspective soccer game. The second is a 3rd-person perspective penalty kick contest. The team that scores the most goals in either game selection wins. However, if regulation time runs out in the regular soccer game mode, there will be a penalty kick shoot-off to determine the winner. All the same rules apply to this soccer game as in a real life match. There are kickoffs, offside violations, slide tackles, corner kicks, out of bound throw-ins and goalie saves all during gameplay. Choose from one of eight nations to compete in a match of professional soccer. The nations available are Argentina, West Germany, France, Brazil, Great Britain, Italy, USA and Japan —each with their own strengths and expertise.
WWF Wrestlemania - Steel Cage Challenge (Europe, Brazil) (En)	The game features several famous WWF stars, such as &quot;Macho Man&quot; Randy Savage, Bret &quot;Hitman&quot; Hart, The Mountie, The Undertaker, Irwin R. Schyster, &quot;Million Dollar Man&quot; Ted DiBiase, Sid Justice, &quot;Rowdy&quot; Roddy Piper, Jake &quot;The Snake&quot; Roberts and of course wrestling legend Hulk Hogan. All wrestlers can perform their famous signature moves and have individual strengths and weaknesses. Game modes include a career mode and several modes for two players, including the name giving steel cage challenge.
X-Men - Mojo World (Brazil) (En)	In a dark future, Mojo has his own TV show where the participants fight to death. He has imprisoned some X-Men from the past to recreate their greatest battles. Wolverine and Rogue have to enter the game and rescue their friends, then defeating Mojo to return back home. In this platform game, the player starts choosing either Wolverine or Rogue. At each new level beaten, a new X-Men will be available: first Gambit, then Cyclops, Havoc and finally Shard. If one of the X-Men dies, the player has to start the level again, choosing among the remaining X-Men the one to play. After all the X-Men have died, the game is over. Each character can activate his/her power at will. Wolverine can use his claws, Rogue can fly, Gambit can throw explosive cards, Cyclops will fire optic blasts, Havoc fires plasma blasts and Shard fires energy blasts. The characters have an energy meter and a power meter, which will worn out as they are hit or use their powers, respectively. They can find items to restore their energy and power. Gameplay consists basically in finding the way out of each of the six levels. Once finding it, the character will face a boss, usually known characters from the comics like Magneto, Fitzroy, a Sentinel, etc. The last boss is Mojo himself.
Xenon 2 - Megablast (Europe)	Xenon 2: Megablast is vertically scrolling space shooter, in which you have to pass several levels, filled with waves of enemies, that all end with a level boss creature. Each group of enemies you destroy grants you a cash reward and every once in a while you enter Colin's Bargain Basement, where you can use this cash to purchase upgrades for your ship like better weapons, speed & health upgrades etc. Some upgrades can also be picked up during the levels. The first part of the game has an organic feel to it, while the second part of the game features mechanical enemies. As there are some maze-like sections with dead-ends in the game, your spaceship scrolls backwards when you keep pressing the down key. A typical Bitmap Brothers smash, the game is also famous for its soundtrack by British electronica group Bomb The Bass.
Ys - The Vanished Omens (USA, Europe, Brazil) (En)	Once long ago, the Kingdom of Y's fell under a reign of evil. But the Goddesses of Y's saved the Kingdom from ruin. Their feats were written in six magical books and hidden until the time the Goddesses would be needed again. A thousand years later, that time has come. You are Aron, a wanderer. An evil sorcerer named Dark Dekt is planning diabolical magic. And the Seer Sara is desperately looking for a swordsman to help her find the vanished six books of Y's. Now arm yourself and prepare for an adventure into the unknown. Where caverns and towers are filled with creatures and hoards of treasure. Where the strangest people have clues to tell you. Where your skill in combat depends on your reflexes. If you succeed, you'll have the power to call down the Goddesses. Fail, and Dark Dekt will rule the Kingdom under a reign of terror forever!
Zaxxon 3-D (World)	The enemy has built battle fortresses in the farthest reaches of space. There's only one way in... and one way out. Your Mission: Infiltrate the enemy's defenses and destroy their motherships!
Zillion (Japan, Europe) (En)	Are you ready for the ultimate danger? You're alone, outnumbered and there's no guarantee you'll make it alive. You're J.J. Your objective: secretly infiltrate the underground labyrinth of The Norsa Empire and steal their plans for domination. Armed with the ultra speed and power of the Zillion Laser, your mission is complex. And sheer strength will not win this one alone. You'll need more brains than brawn in this sophisticated operation. So, how will you think your way to victory? With cunning strategy and memory to guide you successfully through the maze which awaits. Where once inside, you'll find the information needed to destroy the Norsas and restore peace forever.
Zillion II - The Tri Formation (World)	They're at it again. The dreaded Norsa Empire is back... and stronger than ever before. This time they won't make any mistakes. Others have tried to stop them and all have failed. The evil Baron Ricks knows you are coming. And it's a trap! But you're the galaxy's last hope. Can you do what's never been done before?
Zool - Ninja of the 'Nth' Dimension (Europe)	Once every year, the games world is rocked by a game so stunning, so fast, so colorful, so big, so demanding, so mega, so awesome, so varied, so incredible, and so full of fabulous features and unexpected treats, that everybody just looks at it and says &quot;THAT'S IT!&quot; This year, Zool, The Ninja From the Nth Dimension, is definitely &quot;IT!&quot;
