#key	synopsis
2do Aru Koto wa Sando R (Japan)	Puzzle & Action: Treasure Hunt, noto come Puzzle & Action: 2do Arukoto ha Sand-R in Giappone, è il terzo gioco della serie di minigiochi Puzzle & Action, sequel di Puzzle & Action: Tant-R e Puzzle & Action : Ichidant-R. Si pone come l'unico capitolo della serie ad essere rilasciato in un territorio di lingua inglese. È stato rilasciato per Sega Titan Video nel 1995 e portato da CRI nel 1996 in esclusiva in Giappone. Entrambe le versioni sono sviluppate da CRI.
2Tax Gold (Japan)	Sviluppato da Atelier Double e pubblicato da Human nel 1997 per Sega Saturn. Il gioco è un viaggio automatico tranne per il fatto che devi rispondere alle domande con solo due risposte, alcune delle quali sono vere o false. Se rispondi alle domande, passerai il livello e sarai sfidato da un mini gioco, dopo che il gioco avrà una storia per finire il capitolo. Se ti manca molto, appare una scena comica in stile doshi doshi fundoshi, narrata con voci digitalizzate. Se non completi il mini gioco, vieni con un personaggio a farti un sermone e dovrai riprovare.
3D Baseball (USA)	3D Baseball è un gioco di baseball poligonale 3-D con oltre 700 giocatori effettivi della Major League e le statistiche degli anni precedenti tra cui scegliere. Ci sono oltre 50 posizioni del battitore nella vita reale che sono state catturate dal movimento attraverso i giocatori stessi con cinque diverse angolazioni dinamiche della telecamera tra cui scegliere. nnSi applicano le modalità standard come Exhibition e Pennant insieme a una modalità General Manager in cui i giocatori possono scambiare e persino modificare le statistiche dei loro giocatori per creare la squadra definitiva. Presenta un'animazione realistica e il talento vocale di Van Earl Wright con oltre 1.000 diverse frasi di commento. nnSebbene presentasse la licenza MLBPA (Major League Baseball Players Association), non presentava tuttavia i nomi e i loghi delle squadre MLB (Major League Baseball).
3D Baseball - The Majors (Japan)	3D Baseball è un gioco di baseball poligonale 3-D con oltre 700 giocatori effettivi della Major League e le statistiche degli anni precedenti tra cui scegliere. Ci sono oltre 50 posizioni del battitore nella vita reale che sono state catturate dal movimento attraverso i giocatori stessi con cinque diverse angolazioni dinamiche della telecamera tra cui scegliere. nnSi applicano le modalità standard come Exhibition e Pennant insieme a una modalità General Manager in cui i giocatori possono scambiare e persino modificare le statistiche dei loro giocatori per creare la squadra definitiva. Presenta un'animazione realistica e il talento vocale di Van Earl Wright con oltre 1.000 diverse frasi di commento. nnSebbene presentasse la licenza MLBPA (Major League Baseball Players Association), non presentava tuttavia i nomi e i loghi delle squadre MLB (Major League Baseball).
3D Lemmings (Europe)	Tu, come in tutti gli altri giochi di Lemmings, sei responsabile di aiutare le orde di lemming attraverso ambienti pericolosi per la sicurezza. Tuttavia, questo gioco dei lemming va oltre, introducendo i lemming in 80 nuovi livelli tridimensionali!
3D Mission Shooting - Finalist (Japan)	Tunnel B1, successivamente rilasciato come 3D Mission Shooting: Finalist in Japan, è uno sparatutto in prima persona fantascientifico sviluppato da NEON Software e pubblicato da Ocean nel 1996 per Sega Saturn, Sony PlayStation e computer DOS. È dotato di una colonna sonora di Chris Hülsbeck di fama Turrican. Il gioco vede il giocatore navigare nei tunnel in un hovercraft distruggendo i nemici.
3x3 Eyes - Kyuusei Koushu S (Japan) (Disc 1)	3x3 Eyes: Kyuusei Koushu S è un gioco di avventura su Saturno, basato sull'universo Manga di 3x3 Eyes. Yakumo, un adolescente giapponese, è figlio di un noto avventuriero morto in un misterioso incidente durante un suo viaggio in Tibet. Yakumo incontra Pai, una giovane ragazza che conosceva suo padre e appartiene a una vecchia razza di Demoni Immortali di nome Sanjiyan... Questa versione Saturn è una versione aggiornata di quella PlayStation.
6 Inch My Darling (Japan)	6inch My Darling è un romanzo d'avventura visual romance originariamente pubblicato da KID per Sega Saturn con tutte le valutazioni gratuite. La storia segue uno studente di liceo chiamato giocatore che vive con i suoi genitori e una sorella minore. Durante la pausa da scuola, aiuta sua madre a lavorare part-time al negozio di liquori. Un giorno, di ritorno da scuola, si imbatté in una scatola sepolta mentre camminava nel bosco. Dentro c'era una strana forma, con un messaggio all'interno del coperchio della scatola. Non sono sicuro di cosa fosse, lo mise sul tavolo e andò a dormire. Il giorno dopo, ha sentito una voce nella sua stanza e, mentre cercava di determinare la fonte della voce, si è imbattuto in una ragazza di nome Etosera. E per i più piccoli, ciò significa una dimensione di 6 pollici. Ma non è stata l'unica ad apparire a causa della scatola misteriosa, ma anche due ragazze, Minty e Pim, sono diventate le sue compagne segrete.
Actua Golf (Europe) (En,Fr,De)	Actua Golf è una simulazione di golf con terreno e personaggi completamente 3D. Viene fornito con due percorsi in cui giocare (country e tropicale), personaggi personalizzabili e monitoraggio dei colpi multi-vista e replay d'azione. Actua Golf utilizza controlli di gioco simili a quelli dei vecchi titoli di golf. Con un misuratore di oscillazione, dove devi cronometrare correttamente per colpire la palla a destra.
Actua Soccer (Japan)	Nel 1995 la maggiore potenza della nuova ondata di sistemi ha reso i giochi di calcio 3D una possibilità studiata da diverse aziende. La maggior parte delle caratteristiche che le persone in seguito hanno dato per scontate nei giochi di calcio sono state sperimentate, o almeno abbastanza fresche, quando sono apparse nel primo dei titoli Actua Sports. Erano disponibili più angolazioni della telecamera per visualizzare l'azione in 3D, con 3 giocatori dello Sheffield Wednesday FC che hanno fornito il motion capture. Sono state presentate 44 squadre internazionali di 22 giocatori, ciascuna con 8 attributi individuali di abilità. Il commentatore della BBC Barry Davies ha fornito un commento a flusso completo sopra le righe. Era disponibile una gamma completa di tornei personalizzati, oltre a opzioni multigiocatore che consentivano sia il gioco con lo stesso sistema che in rete.
Actua Soccer - Club Edition (Europe)	Actua Soccer Club Edition è una versione rieditata di Actua Soccer, distribuita esclusivamente nel Regno Unito. È sostanzialmente identico ad Actua Soccer, ma come suggerisce il nome, il gioco presenta i club della Premiership inglese (che avevano questo status nel 1996) invece delle squadre nazionali.
Advanced V.G. (Japan)	La storia di Advanced V.G. Segue uno schema simile ai precedenti giochi Geo Variable: le giovani donne più forti del paese organizzano un torneo sponsorizzato da diverse catene di ristoranti, che a loro volta sollecitano la promozione delle ragazze concorrenti che si spacciano per cameriere che lavorano in questi ristoranti. Scopi Le ragazze del gruppo Jahana che hanno recitato nei giochi precedenti tornano e la nuova protagonista è la giovane artista marziale Yuka Takeuchi, che si è allenata in una foresta isolata prima di partecipare alla competizione. Come i suoi predecessori, Advanced V.G. È un gioco di combattimento, con le mosse di base &quot;calcio&quot; e &quot;pugno&quot;, mentre vari attacchi speciali vengono eseguiti premendo combinazioni di pulsanti ....
Advanced World War - Sennen Teikoku no Koubou - Last of the Millennium (Japan) (2M)	Advanced World War Sennen Teikoku no Koubou: Last of the Millennium è un gioco di strategia tattico che coinvolge veicoli da guerra per Sega Saturn nel 1997. Il gioco si svolge al culmine della guerra nazista in un formato da tavolo, il giocatore sceglie le proprie azioni in stile FF Tatics , dopo aver scelto le azioni e terminato il turno, appare un breve filmato che mostra i risultati.
AI Igo (Japan)	Ai Igo è un gioco da tavolo giapponese per Sega Saturn nel 1997, i giochi della serie GO sono un gioco di circondare e dominare il territorio dell'avversario. A cominciare dal tabellone vuoto, con le intercettazioni 19×19, e con le pietre bianche e nere. Ogni giocatore posiziona alternativamente una pietra a un incrocio, cercando di circondare il territorio. Le pietre rimangono sul tabellone, nella stessa posizione in cui sono state poste, a meno che non vengano, a loro volta, circondate e catturate. Vince chi riesce a dominare un'area più ampia del tabellone.
AI Shougi (Japan)	AI Shogi rilasciato nel 1995 da &quot;Something Good&quot; per Sega Saturn, è noto come scacchi giapponesi, l'obiettivo del gioco è lo stesso degli scacchi occidentali, ma i pezzi e la scacchiera cambiano. Il gioco vince chi cattura il re avversario.
AI Shougi 2 (Japan)	AI Shogi 2 rilasciato nel 1998 da ASCII Something Good per Sega Saturn è un sequel di AI Shogi. AI Shogi, noto come scacchi giapponesi, l'oggetto del gioco è lo stesso degli scacchi occidentali, ma i pezzi e la scacchiera cambiano. Il gioco vince chi cattura il re avversario.
Air Management '96 (Japan)	Le basi del gioco sono assicurarsi gli slot all'aeroporto negoziando con le città in cui desideri volare e creare filiali nelle città di destinazione per espandere ulteriormente le tue rotte. Lo scopo è quello di collegarsi via mare. Tutte le compagnie aeree che compaiono nella storia sono nomi di società fittizi.
Airs Adventure (Japan)	Airs Adventure si svolge in un ambiente che ricorda l'Europa del XVII secolo. Il gioco segue la storia di un aspirante cavaliere (nome predefinito Henry), che viene incastrato per un crimine e sta per essere giustiziato. Tuttavia, la bella principessa del paese prova pietà e interrompe l'esecuzione all'ultimo momento. Mentre l'eroe cerca di scoprire la verità sulla sua condanna, il destino unisce i due e iniziano un viaggio alla scoperta di terre lontane in cerca di avventura, e forse sviluppano sentimenti reciproci...
Akumajou Dracula X - Gekka no Yasoukyoku (Japan) (2M)	Akumajo Dracula X: Gekka no Yasokyoku è una voce della serie Castlevania rilasciata per Sega Saturn esclusivamente in Giappone nel 1998. I giocatori occidentali conoscono questo gioco come Castlevania: Symphony of the Night - il nome della versione PlayStation 1 del gioco e tutti i successivi riedizioni. È un sequel diretto di Akumajo Dracula X: Chi no Rondo per il TurboGrafx-CD e il secondo e ultimo gioco Castlevania ad essere rilasciato su un sistema Sega, dopo Castlevania: Bloodlines.
Albert Odyssey - Legend of Eldean (USA)	Il gioco segue l'avventura di Pike, un giovane ragazzo la cui famiglia è stata assassinata da un'orda di mostri quando era ancora un bambino, ed è cresciuto da una famiglia di umanoidi alati conosciuti come Arpie. Dieci anni dopo, sua sorella adottiva viene trasformata in pietra da un mago malvagio. Insieme a Cirrus, una spada parlante che ospita lo spirito di uno dei leggendari fratelli Eldean, Pike viaggia per il mondo alla ricerca di una cura e scopre un complotto di un gruppo di maghi malvagi per mettere le razze del mondo l'una contro l'altra e far rivivere l'antico dio Vlag. Insieme all'aiuto degli amici che incontra lungo il suo viaggio, Pike deve impedire la resurrezione del male.
Albert Odyssey Gaiden - Legend of Eldean (Japan) (1M)	Il gioco segue l'avventura di Pike, un giovane ragazzo la cui famiglia è stata assassinata da un'orda di mostri quando era ancora un bambino, ed è cresciuto da una famiglia di umanoidi alati conosciuti come Arpie. Dieci anni dopo, sua sorella adottiva viene trasformata in pietra da un mago malvagio. Insieme a Cirrus, una spada parlante che ospita lo spirito di uno dei leggendari fratelli Eldean, Pike viaggia per il mondo alla ricerca di una cura e scopre un complotto di un gruppo di maghi malvagi per mettere le razze del mondo l'una contro l'altra e far rivivere l'antico dio Vlag. Insieme all'aiuto degli amici che incontra lungo il suo viaggio, Pike deve impedire la resurrezione del male.
Album Club (Mune Kyun) - St. Paulia Jogakuin (Japan)	Album Club: Mune Kyun Saint Paulia Jogakuin è una raccolta di mini giochi rilasciati per Sega Saturn nel 1997, nel gioco sei un robot in una scuola e devi sparare e fotografare le ragazze nei rispettivi club scolastici in stile romanzo visivo , navighi dall'hub con il robot che chatta con le ragazze e viene sfidato dai mini-giochi se vincono, i video con il tema del club verranno sbloccati nel processo.
Alien Trilogy (USA)	n questo FPS, i giocatori assumono il ruolo di Ellen Ripley. L'azione si svolge sul pianeta LV-426 / Acheron. Ci sono molti riferimenti ai film: nei luoghi che si visitano, nei diversi tipi di alieni, nelle armi e negli effetti sonori e in una serie di altri piccoli dettagli... Oltre agli alieni, dovrete combattere anche i dipendenti della società, che sono stati infettati dagli alieni e non possono più essere salvati, o che vogliono attivamente ostacolare la vostra missione. Le armi comprendono pistole, fucili a pompa, fucili a impulsi, lanciafiamme e smart gun. Munizioni, potenziamenti della salute e altri oggetti utili sono sparsi per i livelli. Le aree nascoste possono essere scoperte utilizzando esplosivi come granate e cariche sismiche. Un sistema di mappatura automatica assicura che non ci si perda.
All-Star Baseball '97 Featuring Frank Thomas (USA)	Indipendentemente dalle caratteristiche di un gioco sportivo, vive o muore per due cose: controllo del gioco e grafica. All-Star Baseball '97 Con Frank Thomas è un buon esempio di un gioco ricco di funzionalità che ha un controllo di gioco adeguato e una grafica adeguata. Il risultato finale: un gioco adeguato a cui manca lo smalto e la finezza necessari per essere grande. nnAll-Star Baseball presenta tutte le 30 squadre della Major League, comprese le nuove squadre di Tampa Bay e Arizona; oltre settecento veri giocatori di MLB; 28 stadi in cui giocare; il programma completo del 1997, comprese le nuove partite di interleague; scambi di giocatori; e 27 statistiche di categoria da STATS, Inc. Inoltre, ci sono sei modalità di gioco: esibizione, stagione, playoff, gioco all-star, derby fuoricampo e pratica di battuta. In termini di funzionalità è decisamente alla pari con gli altri titoli in circolazione.
Alone in the Dark - Jack Is Back (Europe) (En,Fr,De,Es,It)	È il Natale del 1924, tre mesi dopo Alone in the Dark. &quot;Supernatural Private Eye&quot; Edward Carnby e il suo partner Ted Stryker stanno indagando sul rapimento della giovane Grace Saunders. La scia di indizi conduce a una vecchia villa chiamata &quot;Hell's Kitchen&quot;, la casa di un famigerato boss gangster e della sua banda. Edward decide di seguire le tracce quando viene a sapere della scomparsa di Ted nella villa. Sfortunatamente, Edward scopre presto che Ted è stato assassinato. Carnby alla fine scopre che i mafiosi sono le forme corporee degli spiriti dei pirati che hanno saccheggiato il mare centinaia di anni fa, avendo venduto le loro anime in cambio della vita eterna attraverso il voodoo. Magia. Combattendo per entrare in casa e infine su una nave pirata nascosta nella scogliera su cui è costruita la casa di Jack, Edward deve sopravvivere, scoprire il segreto dell'apparente immortalità dei pirati, salvare la piccola Grace e scoprire perché i pirati sono così interessati in lei.
Alone in the Dark - One-Eyed Jack's Revenge (USA)	È il Natale del 1924, tre mesi dopo Alone in the Dark. &quot;Supernatural Private Eye&quot; Edward Carnby e il suo partner Ted Stryker stanno indagando sul rapimento della giovane Grace Saunders. La scia di indizi conduce a una vecchia villa chiamata &quot;Hell's Kitchen&quot;, la casa di un famigerato boss gangster e della sua banda. Edward decide di seguire le tracce quando viene a sapere della scomparsa di Ted nella villa. Sfortunatamente, Edward scopre presto che Ted è stato assassinato. Carnby alla fine scopre che i mafiosi sono le forme corporee degli spiriti dei pirati che hanno saccheggiato il mare centinaia di anni fa, avendo venduto le loro anime in cambio della vita eterna attraverso il voodoo. Magia. Combattendo per entrare in casa e infine su una nave pirata nascosta nella scogliera su cui è costruita la casa di Jack, Edward deve sopravvivere, scoprire il segreto dell'apparente immortalità dei pirati, salvare la piccola Grace e scoprire perché i pirati sono così interessati in lei.
Alone in the Dark 2 (Japan)	È il Natale del 1924, tre mesi dopo Alone in the Dark. &quot;Supernatural Private Eye&quot; Edward Carnby e il suo partner Ted Stryker stanno indagando sul rapimento della giovane Grace Saunders. La scia di indizi conduce a una vecchia villa chiamata &quot;Hell's Kitchen&quot;, la casa di un famigerato boss gangster e della sua banda. Edward decide di seguire le tracce quando viene a sapere della scomparsa di Ted nella villa. Sfortunatamente, Edward scopre presto che Ted è stato assassinato. Carnby alla fine scopre che i mafiosi sono le forme corporee degli spiriti dei pirati che hanno saccheggiato il mare centinaia di anni fa, avendo venduto le loro anime in cambio della vita eterna attraverso il voodoo. Magia. Combattendo per entrare in casa e infine su una nave pirata nascosta nella scogliera su cui è costruita la casa di Jack, Edward deve sopravvivere, scoprire il segreto dell'apparente immortalità dei pirati, salvare la piccola Grace e scoprire perché i pirati sono così interessati in lei.
Amagi Shien (Japan)	Amagi Shien uscito per Sega Saturn nel 1997, è un gioco di avventura, light novel, conversazione con attori reali (in formato video) e alquanto pseudo-erotico. Le azioni del giocatore consistono nel rispondere ad alcune domande e nel navigare in alcuni labirinti 3D molto simili a quelli di Fantasy Star.
America Oudan Ultra Quiz (Japan)	America Oudan Ultra Quiz pubblicato per Sega Saturn nel 1995, è un reality show televisivo giapponese in cui il giocatore consiste nel rispondere a domande a scelta multipla con temi incentrati sulla cultura americana. La versione Saturn ha contenuti extra live action, probabilmente registrati dallo stesso programma televisivo.
Amok (USA)	Amok è un gioco d'azione in terza persona su Saturno. Due corporazioni (NONLUN e AZTK) stanno emergendo da 47 anni di conflitto militare sul pianeta Amok. Una compagnia di mercenari assume quindi un pilota di nome Gert Staun per porre fine al trattato di pace a scopo di lucro. Giochi a quest'ultimo a bordo dello Slambird, una nave fuoristrada in grado di andare sott'acqua e devi completare varie missioni.
Andretti Racing (USA)	Per la prima volta in un gioco di corse arcade, prendi il controllo di auto NASCAR o Indy e percorri 16 tracciati dettagliati. Ci sono 3 viste disponibili per guidare da. Oltre alle singole gare, puoi giocare una carriera completa. Derek Daly e Bob Jenkins forniscono un commento in corso. Fattori esterni come errori dell'equipaggio ai box e guasti meccanici possono influenzare le tue gare.
AnEarth Fantasy Stories - The First Volume (Japan)	Come un artbook digitale, Anearth ti immerge in un universo freddo e torbido in cui sarai il maestro della storia. Ammira di sfuggita la qualità del design e delle opere d'arte. Sta a te decidere cosa succede dopo!
Angel Graffiti S - Anata e no Profile (Japan)	È una visual novel pubblicata per Sega Saturn nel 1997, sviluppata da Astrovision e pubblicata da Coconuts Japan. Il gioco è pieno di scene animate, bellissime canzoni, il giocatore deve interagire con i personaggi del gioco in stile Harem. dall'anime
Angel Paradise Vol. 1 - Sakaki Yuko - Koi no Yokan in Hollywood (Japan)	Angel Paradise Vol. 1 - Sakaki Yuko - Koi No Yokan A Hollywood uscito per Sega Saturn nel 1996, è un puzzle game a tema Hollywood. Il gioco consiste nel completare i pezzi di foto/video delle attrici in pseudo posizioni. -sensuale, quando il giocatore completa il quadro completo viene ricompensato con un breve video live action.
Angel Paradise Vol. 2 - Yoshino Kimika - Isshoni I-ta-i in Hawaii (Japan)	Angel Paradise Vol. 2: Yoshino Kimika: Isshoni I-ta-i in Hawaii è un puzzle game sviluppato da Scarab e pubblicato da Sammy per Sega Saturn. È il seguito di Angel Paradise Vol. 1: Sakaki Yuko: Koi no Yokan a Hollywood. Il gioco prevede la risoluzione di puzzle di tessere mentre in sottofondo vengono riprodotte le riprese dal vivo dei modelli.
Angelique Duet (Japan)	La tradizione di base della serie è costruita attorno a una Regina che governa in modo equo e saggio un Cosmo. Bilanciando le forze elementali con l'aiuto di nove Guardiani, mantiene stabili i vari pianeti nel suo dominio e la sua gente contenta. Tuttavia, i poteri della Regina e dei Guardiani svaniscono nel tempo e devono essere nominati i successori. Nel primo gioco e nei suoi vari remake, la protagonista è una ragazza di 17 anni di nome Angelique Limoges che è stata scelta dall'attuale regina e dalla sua aiutante Dia come una delle due candidate della Royal Smallney Girls' Academy per diventare la prossima Regina. Viene trasportata nella Città Volante per iniziare il suo esame finale.
Angelique Special (Japan)	Angelique Special è una versione migliorata dell'originale Angelique per Super Famicom (SNES). Non ci sono cambiamenti dal punto di vista del gameplay (un misto di avventura, strategia e incontri sim) o della trama (una semplice ragazza di nome Angelique Limoges deve fare amicizia con nove Guardiani per diventare una regina). Questa versione presenta una grafica leggermente migliorata, musica di qualità CD, doppiaggio e filmati in stile anime.
Angelique Special 2 (Japan)	Dopo gli eventi del primo gioco di Angelique, Angelique Limoges è diventata la regina di Cosmos e la sua ex rivale Rosalie - il suo aiuto. Ora è apparso un Cosmo completamente nuovo ed è ora di scegliere una nuova regina per questo. Le candidate questa volta sono Angelique Collet (la protagonista del gioco) e Rachel Hart. Il sistema di gioco rimane sostanzialmente invariato in questo sequel. Ancora una volta, Angelique deve usare la diplomazia per fare in modo che i Nove Guardiani le prestino i loro poteri (rendendo felici gli abitanti della sua terra), o sviluppi sentimenti più forti per lei. La novità di questo sequel è la capacità di lavorare con tre diversi istruttori, sviluppando la mente, il senso o la dignità dell'eroina, che influenzerà il modo in cui interagisce con altri personaggi e influenzerà anche il comportamento dei Guardiani.
Another Memories (Japan)	Another Memories pubblicato nel 1998 da Starlight Marry per Sega Saturn, è un gioco di visual novel con bellissime scene anime e bellissimi arrangiamenti musicali. Il gioco si svolge in una scuola magica e il gameplay del gioco continua con una nuova trama in stile visivo e una battaglia di carte, hai la possibilità di unirti a club scolastici che hanno i loro attributi con vantaggi e svantaggi.
Aqua-world - Umi Monogatari (Japan)	Aqua World: Umibi Monogatari è un simulatore di acquari. Gli utenti possono guardare pesci, delfini e così via e questo è tutto. Il gioco è stato pubblicato da Mashita, che è stato rilasciato in Giappone nel 1996.
Aquazone - Desktop Life (Japan)	Aquazone Desktop Life è un simulatore di acquari sviluppato e pubblicato da 9003 come parte della serie di &quot;giochi&quot; Aquazone. Questo è il gioco principale. I dischi delle opzioni includono nuovi pesci e oggetti.
Arcade Gears Vol. 1 - Pu-Li-Ru-La (Japan)	Pu-Li-Ru-La è un picchiaduro arcade a scorrimento laterale psichedelico ambientato nella magica terra di Radishland. Nel corso della storia, un'entità magica malvagia ha rubato le chiavi del tempo per le città di Radishland, congelando il tempo e trasformando ogni animale e creatura in aggeggi magici malvagi. Solo Zac e Mel, potenziati con i loro &quot;bastoncini magici inventati&quot; sono in grado di sfuggire alla maledizione e devono attraversare Radishland riportando tutti i mostri nella loro forma originale e recuperando le chiavi del tempo.
Arcade Gears Vol. 2 - Gun Frontier (Japan)	Gun Frontier è il prequel di Metal Black, un altro sparatutto in gran parte sconosciuto, questa volta un blaster orizzontale simile a Darius, che è stato rilasciato anche su Saturn da un'altra società chiamata Ving, ma nulla a che fare con gli editori di questo gioco. nnGun Frontier è stato portato su Sega Saturn nel 1997 (come volume 2 della serie Arcade Gears)
Arcade Gears Vol. 3 - Wonder 3 (Japan)	Wonder 3 Arcade Gears è una conversione per Sega Saturn di un gioco arcade del 1991 di Capcom, Wonder 3 (noto come Three Wonders al di fuori del Giappone). Include tre giochi; Galli, Carro e Donburu. Questa versione di Saturno includeva una rivista gratuita di Gamest Gears.
Arcade Gears Vol. 4 - ImageFight & XMultiply (Japan)	Parte della serie Arcade Gears, questa compilation presenta due vecchi scroller Irem: Image Fight e X Multiply. ImageFight è uno sparatutto spaziale a scorrimento verticale top-down originariamente pubblicato nel 1988. X Multiply è uno sparatutto 2D a scorrimento laterale, un seguito a RType di Irem con un gameplay simile.
Arcade's Greatest Hits - The Atari Collection 1 (USA)	Williams Arcade Classics è una compilation che include i seguenti giochi: Defender Defender II Joust Robotron: 2084 Sinistar
Arcana Strikes (Japan)	Arcana Strikes è un gioco di ruolo/strategia di carte sviluppato da RED Company e pubblicato da Takara nel 1997. Il gioco è letterario e si concentra principalmente sul concetto di viaggiare in diversi regni sfidando diversi nemici mentre si raccolgono carte da usare in battaglia. è amichevole con l'inglese, poiché l'accesso alla maggior parte delle aree è un clic e scegli il caso, il giocatore riceve la carta dal suo mazzo e sceglie quale invocare nel suo turno, può attaccare, difendere ...
Area 51 (USA)	Area 51 è l'adattamento di Saturno della macchina arcade con lo stesso nome. Armato del tuo controller, devi esplorare i corridoi dell'Area 51 e liberarla dai suoi occupanti dallo spazio. Questo gioco non deve essere confuso con l'FPS Area-51, anch'esso sviluppato da Midway.
Arthur to Astaroth no Nazo Makaimura - Incredible Toons (Japan)	Arthur to Astaroth no Nazomakaimura: Incredible Toons è un puzzle game pubblicato per Sega Saturn nel 1996. Questa è una versione a tema Ghosts'n Goblins/Ghouls'n Ghosts di Sid e Al's Incredible Toons di Dynamix, un sequel del loro precedente The Incredible Machinw.
Assault Rigs (Japan)	Assault Rigs on Saturn è un gioco d'azione che ti mette al comando di un carro armato che si muove attraverso le arene, il tuo obiettivo è distruggere tutto ciò che incontri sul tuo cammino! Molti miglioramenti sono disponibili durante il gioco per aumentare la potenza dei tuoi colpi, così come il loro comportamento, puoi sparare proiettili che rimbalzano per esempio!
Assault Suit Leynos 2 (Japan)	Sequel esclusivo per il Giappone di Target Earth, Leynos 2 ti mette nella cabina di pilotaggio di un gigantesco robot mecha mentre scorri e ti fai strada attraverso una serie di 7 missioni individuali legate insieme da una trama fantascientifica generica. nnIl gioco stesso è uno sparatutto a scorrimento laterale ambientato in diversi pianeti e nello spazio esterno (dove puoi volare ovunque con i tuoi jump-jet). Hai una varietà di armi aggiornabili che ti consentono di sparare ovunque sullo schermo e di bloccare automaticamente i singoli nemici e, a seconda di quanto bene fai in ogni fase, ottieni un punteggio di valutazione specifico che ti consente di aggiornare e personalizzare il tuo mech .
Astal (USA) (1S)	Antowas ha creato una terra di straordinaria bellezza e magia, con Astal e la sua amata Leda tra i suoi felici abitanti. Tuttavia, Jerado ha deciso di distruggerlo, catturando Leda e costringendo Astal a partire per salvarla. nnAstal è un gioco platform a scorrimento laterale con molti dettagli sullo sfondo in stile Anime. Hai uccelli che ti aiutano se puoi salvarli. È possibile raccogliere mosse speciali come una bomba intelligente.
Astra Superstars (Japan)	Un gioco di combattimento uno contro uno in 2D, Astra Superstars mette tutti i campioni del regno magico l'uno contro l'altro in una serie di combattimenti a 3 round per guadagnare il diritto di sfidare il malvagio Satan Volte e cercare di porre fine al suo regno di terrore. nnVisto che tutti i combattenti hanno abilità magiche, i combattimenti si svolgono a mezz'aria, permettendo a te e al tuo avversario di volare per tutta l'arena mentre cerchi di sconfiggerti a vicenda usando i tuoi attacchi di base, mosse speciali (attivate da specifici movimenti del controller ) e super attacchi (che esauriscono la tua barra di energia ma causano enormi danni). nnDal punto di vista grafico, i giochi utilizzano sprite 2D, con disegni colorati da bambola. Le modalità di gioco includono arcade 1P, modalità 2P Vs, una galleria d'arte con opere d'arte concettuali e una modalità storia con opzioni di dialogo selezionabili che influenzano la difficoltà della partita.
Asuka 120% Limited - Burning Fest. Limited (Japan)	&quot;Limit Over&quot; è un hack non ufficiale del 1999 di Asuka 120% Limited, che si dice sia stato realizzato dal team di sviluppo originale dopo lo scioglimento della società. Una revisione sostanziale del gioco originale, lucida tutte le meccaniche di gioco, ne aggiunge di nuove, introduce nuove mosse dei personaggi e riequilibra ogni personaggio. In molti modi, è l'Asuka definitivo al 120%.
Athlete Kings (Europe)	È un gioco sportivo in cui ti vengono proposti dieci eventi delle Olimpiadi estive. Scegli bene il tuo personaggio, perché ognuno ha le sue discipline preferite e inizia! Ci vorranno abilità e tempismo perfetto per avere successo nel tuo test. Una modalità per due giocatori ti consente di confrontare le tue imprese con quelle di un amico.
Atlantis - The Lost Tales (Europe) (En,De,Es) (Disc 1)	Atlantis: The Lost Tales è un videogioco di avventura fantasy del 1997 sviluppato e pubblicato da Cryo Interactive. Interplay Productions ha pubblicato il gioco in Nord America, dove è uscito il 30 settembre 1997. Il gioco prende il nome dalla sua ambientazione iniziale e più importante, Atlantis. È il primo di una serie simile a Myst, ed è stato seguito da Atlantis II (Beyond Atlantis fuori dall'Europa), Atlantis III: The New World (Beyond Atlantis II), Atlantis Evolution e The Secrets of Atlantis: The Sacred Legacy.
Ayakashi Ninden Kunoichiban Plus (Japan) (Disc 1)	C'è un mondo in cui gli shinobi (ninja e kunoichi) sono riconosciuti. La storia è incentrata su Kaede, che entra nella scuola Princess Yuri e offre assistenza a tre ragazze per un anno, che sono tutori. Il miglior laureato ha il privilegio speciale di diventare uno Shinobi freelance. Dopo essere entrato, Kaede si sforza di servire una persona preferita per un anno.
Azel - Panzer Dragoon RPG (Japan) (Disc 1) (1M)	Panzer Dragoon Saga è ambientato nello stesso universo degli altri giochi Panzer Dragoon, ma differisce dal resto della serie per i forti elementi di gioco di ruolo. L'eroe del gioco è Edge, uno dei soldati del potente Impero. L'Impero ha recentemente ordinato degli scavi presso antiche rovine, cercando di scoprire il segreto di un'antica tecnologia molto superiore a quella dei tempi attuali. Durante i lavori di scavo, Edge incontra una misteriosa ragazza. Poi assiste all'omicidio del suo capitano e di altri soldati da parte di Crayden, uno degli ufficiali dell'Impero. Entrato in contatto con un antico drago, Edge inizia a vagare per il mondo, determinato a trovare Crayden e a vendicare la morte dei suoi compagni. Nessuno lo aiuta tranne il suo fedele drago. Ma anche l'Impero sta cercando Crayden, quindi sembrano esserci almeno tre parti in conflitto... o ce ne sono di più?
BackGuiner - Yomigaeru Yuushatachi - Hishou-hen - Uragiri no Senjou (Japan) (Disc 1)	BackGuiner: Yomigaeru Yuusha-tachi: Hishou-hen Uragiri no Senjou è il sequel di Kakusei-hen Guiner Tensei. Continuando la storia del primo atto, BackGuiner Act 2 presenta FMV, trama avvincente e gameplay finché i giocatori sono coinvolti in giochi di simulazione. I giochi dovevano essere realizzati come una trilogia, ma il capitolo finale non è stato rilasciato.
BackGuiner - Yomigaeru Yuushatachi - Kakusei-hen - Guiner Tensei (Japan) (Disc 1)	BackGuiner: Yomigaeru Yuusha-tachi: Kakusei-hen Guiner Tensei rilasciato per Sega Saturn da Ving nel 1998, è un gioco di strategia a turni Mechas (giganti robot controllati da umani) (simile a Front Missioin). Al turno del giocatore puoi camminare, sparare, colpire, difenderti usando oggetti, perdere HP, ecc. Dopo la fine di ogni turno, viene mostrata una piccola animazione per illustrare l'azione intrapresa. La grafica del gioco è in una telecamera isometrica 2D, con animazioni anime e musica di qualità CD.
Baku Baku Animal - Sekai Shiiku Gakari Senshuken (Japan)	Baku Baku Animal su Saturn è un puzzle-game in cui dovrai allineare frutti e piante per farli sparire associando l'animale corrispondente ad ogni cibo. Vinci quando il tuo avversario è sopraffatto dalle catene che gli infliggi.
Baku Baku Animal - World Zookeeper Contest (USA)	Baku Baku Animal su Saturn è un puzzle-game in cui dovrai allineare frutti e piante per farli sparire associando l'animale corrispondente ad ogni cibo. Vinci quando il tuo avversario è sopraffatto dalle catene che gli infliggi.
Bakuretsu Hunter (Japan)	Bakuretsu Hunter è un romanzo visivo basato sull'anime omonimo (Bakuretsu Hunter). La Famiglia Empire nel Continente Spooner vuole impedire l'avanzata della ricerca malvagia di alcuni maghi che dominano la popolazione, rendendoli infelici. Big Mama, leader della Star Church e dell'Impero, vuole bandire coloro che usano le loro conoscenze e poteri per il male utilizzando un gruppo che viaggia per il mondo per combatterli chiamato Bakuretsu Hunters o Sorcerer Hunters.
Bakuretsu Hunter R (Japan)	Bakuretsu Hunter R è un gioco di ruolo sviluppato da Star Child e pubblicato da King Records, pubblicato nel 1997 in Giappone. È un gioco di ruolo con cui puoi navigare sulla mappa e parlare, questa volta con scene più animate e tutte le voci espresse in giapponese.
Bakushou!! All Yoshimoto Quiz-ou Ketteisen DX (Japan)	Bakusu!! All Yoshimoto Quiz Ou Ketteisen DX è un gioco a quiz con diverse personalità della TV giapponese per Sega Saturn. Il gioco è stato sviluppato e pubblicato da Yoshimoto Kogyo, uscito in Giappone nel 1995.
Baldy Land (Japan)	La premessa di Baldies è simile a molti giochi di strategia in tempo reale. Inizi con un numero limitato di Calvi con cui costruisci edifici, aumenti la tua popolazione e crei gli strumenti di guerra necessari. Ci sono quattro classi di Calvi: costruttori, scienziati, soldati e lavoratori/allevatori. Le strutture includono case piccole, medie, grandi ed enormi, nonché laboratori scientifici e caserme. Ogni edificio ha proprietà specifiche che aiutano nella distruzione del nemico.
Baroque (Japan)	Baroque sur Saturn è un gioco di ruolo con livelli labirintici di rigore e combattimenti a bizzeffe. Con uno scenario piuttosto oscuro, il titolo ti porta in un universo post-apocalittico in cui la morte dell'eroe non significa la fine del gioco ma un'apertura a nuove possibilità.
Baroque Report - CD Data File (Japan)	Baroque sur Saturn è un gioco di ruolo con livelli labirintici di rigore e combattimenti a bizzeffe. Con uno scenario piuttosto oscuro, il titolo ti porta in un universo post-apocalittico in cui la morte dell'eroe non significa la fine del gioco ma un'apertura a nuove possibilità.
Bases Loaded '96 - Double Header (USA)	Questo gioco di baseball presenta veri giocatori MLBPA della stagione di baseball 1994. Il gioco ha una modalità Exhibition, una modalità Regular Season e una modalità Championship Game. La modalità Regular Season consente al giocatore di scegliere di giocare una stagione di 13, 26, 52 o 162 partite, mentre la modalità Championship Game consente al giocatore di giocare una serie di partite di campionato da 3,5 o 7 partite contro una squadra avversaria.
Batman Forever - The Arcade Game (USA)	È una lotta all'ultimo sangue mentre Batman e Robin affrontano il lato oscuro della malavita di Gotham City! Potenziati con mosse speciali e gadget devastanti, quindi padroneggia l'esclusivo sistema di combo che consente fino a 400 colpi! Batman Forever the Arcade Game - Azione arcade di rissa di strada 100% renderizzata al computer!
Batsugun (Japan)	Batsugun è stata l'ultima versione dello studio di sviluppo di giochi arcade Toaplan e uno dei primi, se non i primi, sparatutto maniacali o &quot;proiettili infernali&quot;. Una gran parte della squadra in seguito ha continuato a lavorare presso CAVE Co., Ltd. dove il genere sarebbe stato perfezionato. nnBatsugun per Saturn integra le due revisioni del gioco arcade originale del 1993, dove la seconda, Batsugun Special Version, è stata completata ma mai pubblicata perché la società era in bancarotta. Entrambe le versioni sono state utilizzate per creare la versione Saturn dalla propaggine Toaplan Gazelle. È uno sparatutto verticale a tema militare con una scelta di tre armi per l'aereo del giocatore all'inizio, con il livellamento delle armi determinato dai punti esperienza, dati quando i nemici vengono distrutti, piuttosto che dai potenziamenti rilasciati.
Battle Arena Toshinden Remix (USA)	Toshinden Remix o Toshinden S come veniva chiamato in Giappone è un porting del gioco di combattimento per Playstation di Takara Battle Arena Toshinden per il Sega Saturn di Sega. nnAggiunge un personaggio segreto aggiuntivo e una modalità storia per ogni personaggio. Queste aggiunte suggeriscono anche alcuni colpi di scena nel sequel del gioco Battle Arena Toshinden 2. nnLa grafica del gioco ha avuto un enorme successo nel porto; la versione per Playstation ha un aspetto decisamente migliore. Anche se il modello del personaggio e l'arena per il suddetto personaggio esclusivo del porting sembrano notevolmente migliori della grafica del porting. nnToshinden Remix raddoppia anche tutti i campioni vocali dei giochi con campioni più spensierati con accenti esagerati e probabilmente oltraggiosi. nnCome la grafica, anche la velocità di gioco subisce un enorme successo in questa conversione che gira notevolmente più lento rispetto all'originale Playstation.
Battle Arena Toshinden URA - Ultimate Revenge Attack (USA)	Il torneo Toshinden è finito. Attraverso le battaglie alcuni dei combattenti hanno scoperto molto sugli eventi oscuri che circondano le loro vite. Ma gli altri ora tornano a casa con poco più di qualche livido e sogni irrealizzati. Nessuno di loro, però, sa che sta per iniziare una nuova battaglia. nnIn tutto il mondo, gli esperti di arti marziali stanno scomparendo. La polizia di varie nazioni sta collaborando in una caccia all'uomo internazionale per trovare il criminale responsabile degli omicidi. Tuttavia non è stato stabilito alcun motivo e ci sono poche prove disponibili. Un'ondata di terrore ha colpito il mondo e ora anche i combattenti più forti e coraggiosi non sono al sicuro.
Battle Athletess Daiundoukai (Japan)	Battle Athletess Daiundoukai è un gioco di simulazione per Sega Saturn. Fa parte del progetto multimediale Battle Athletes di Anime International Company che include anche una serie di manga e anime.
Battle Garegga (Japan)	Uno dei primi della serie Shutokou Battle, in cui il giocatore ha preso il controllo di 12 diverse auto e 60 diverse parti e aggiornamenti disponibili tra cui scegliere. nnCi sono una varietà di tracciati tra cui scegliere, tutti ricreati per assomigliare alle vere strade e autostrade di Tokyo e presentavano il pulsante &quot;Drift&quot; che permetteva al giocatore di fare una svolta più veloce. I giocatori possono anche guadagnare punti attraverso questa azione e vincendo gare per aggiornare la propria auto e sfidarsi testa a testa contro il computer o contro tre avversari della CPU. nnKeiichi Tsuchiya, un campione di corse di Tokyo e Masaaki Bando, uno dei massimi esperti automobilistici giapponesi, hanno entrambi prestato la loro esperienza al gioco per garantire un'autentica maneggevolezza e fisica per ogni veicolo che è stato renderizzato nel gioco.
Battle Monsters (USA)	Cerca di ottenere il controllo degli inferi in BATTLE MONSTERS. Devi scegliere tra una varietà di mostri e poi entrare nel combattimento uno contro uno. Sono disponibili dodici personaggi (da un ibrido uomo/uccello a una creatura senza testa) ognuno con il proprio set di mosse speciali, come fare il giocoliere con gli avversari in aria e mettere mostri contro mostri. Combatti in diversi luoghi in cui lo sfondo di ogni livello è composto da più livelli, consentendo ai combattenti di saltare da una piattaforma all'altra con due pulsanti di attacco e due pulsanti di salto che controllano l'azione.
Battle Stations (USA) (En,Fr,De)	Battlestations è un titolo in cui prendi il controllo della tua flotta, che va da motovedette e strati di mine a corazzate e portaerei. Potrai scegliere subito una delle dieci missioni, ognuna delle quali ha una sfida diversa da affrontare, come proteggere la tua base dai trasporti di truppe e una missione in cui dovrai impedire ai bracconieri di uccidere le balene. Potrai anche scegliere tra cinque comandanti contro cui combattere, ognuno dei quali ha punti di forza e di debolezza stereotipati. Successivamente, andrai direttamente alla missione, dove sarai in grado di navigare le sagome della tua nave su una mappa 2D in stile radar.
BattleSport (USA)	BattleSport on Saturn è un gioco futuristico in cui due navi competono in una delle 50 arene disponibili. L'obiettivo è prendere una palla ancora in movimento e mandarla in porta. Le arene sono tutte diverse e ognuna ha le proprie trappole e bonus. Una modalità torneo ti consente di guadagnare denaro per acquistare nuove navi e ottenere prestazioni.
Beach de Riichi! (Japan)	Beach de Reach! è un gioco di mahjong in cui il giocatore gioca contro ragazze anime. Il gioco è stato sviluppato da Natsu System e pubblicato da Mainichi Communications per Sega Saturn.
Bedlam (USA) (Proto) (1997-08-11)	Un gioco d'azione dal ritmo veloce in cui corri intorno a un robot armato di mitragliatrice che distrugge tutto sul tuo cammino. C'è una moltitudine di nemici e puoi distruggere quasi ogni cosa sulla mappa (edifici, veicoli, ecc.). La ragione di tutta questa distruzione è una rivoluzione guidata dai robot contro i loro padroni umani.
Big Ichigeki! Pachi-Slot Daikouryaku - Universal Museum (Japan) (1M)	Grande Ichigeki! Pachi-Slot Daikouryaku: Universal Museum rilasciato per Sega Saturn è un gioco da casinò/simulazione di macchine da gioco come le slot roulette, la contrattazione e simili. La grafica del gioco è semplice e simula bene la sensazione delle macchine da gioco.
Big Thanks - Super Keirin - Dream with Keirin 50 Years (Japan)	Super Keirin è un gioco per Sega Saturn di Aspect e VAP. Non è mai stato venduto nei negozi, ma piuttosto (presumibilmente) regalato ai partecipanti al 50° anniversario dell'associazione giapponese di corse ciclistiche Keirin. L'anno esatto è sconosciuto. Contiene una modalità di corsa (anche se è considerato un gioco di simulazione) e informazioni sull'associazione e lo sport, che coinvolge le bici da corsa su una pista ovale.
Bio Hazard (Japan)	Una squadra di membri della S.T.A.R.S (Special Tactics And Rescue Squad) è chiamata a indagare su una serie di omicidi vicino a Raccoon City. Durante la ricerca nei boschi vicino alla città, la squadra viene attaccata da cani assetati di sangue e devono ritirarsi in una villa vicina. Il giocatore sceglie tra Jill Valentine o Chris Redfield e inizia a esplorare la villa. Diventa presto molto chiaro che non è solo una villa qualsiasi, ma un luogo infernale dove i non morti camminano per i corridoi e altri orrori si nascondono nell'oscurità, in attesa di mangiare qualche testa. Mentre risolve enigmi, raccoglie chiavi e spara a mostri, il giocatore deve svelare il mistero dietro questa villa e, se possibile, uscirne vivo. In esclusiva per la versione SEGA Saturn è una modalità bonus Battle Mode, dove, con munizioni limitate e sotto la minaccia di un tempo limitato, il giocatore deve sopravvivere a una serie di stanze piene di mostri
Bishoujo Hanafuda Kikou - Michinoku Hitou Koi Monogatari Special (Japan)	Bishoujo Hanafuda Kikou: Michinoku Hitou Koimonogatari Special è una raccolta di giochi di carte, sviluppato da O-TWO e pubblicato da Fog, che è stato rilasciato in Giappone nel 1997.
Bishoujo Senshi Sailor Moon SuperS - Various Emotion (Japan)	Sailor Moon Super S: Various Emotion è un gioco di combattimento su Saturn che ti permette di mettere i personaggi della serie animata Sailor Moon uno contro l'altro in battaglie titaniche. La modalità storia porta la festa a farti vivere un episodio creato appositamente per l'occasione, con uno scenario reale (supportato da sequenze animate), scontri, capovolgimenti di situazione e altro.
Black Dawn (USA)	Black Dawn realizza alcuni sogni d'infanzia mettendo i giocatori al comando di un elicottero militare. I terroristi sono diventati potenti nel mondo e sta a te ripristinare la stabilità e la pace in tutte le terre. Assegnato a una varietà di campagne, devi pilotare l'AH-69 Mohawk (sembra qualcosa che Jan-Michael Vincent di AIRWOLF piloterebbe) mentre combatti attraverso il territorio nemico in diverse località globali.
Black-Matrix (Japan)	Black/Matrix è un gioco di avventura pubblicato su Saturn. Dopo la battaglia cosmica tra angeli e demoni conclusasi con una vittoria in un campo demoniaco, si finisce in carcere per aver commesso uno dei sette peccati: l'amore. Interpreti come un angelo di nome Abele il cui obiettivo è salvare il suo padrone. Per questo, devi eliminare i tuoi nemici con i tuoi attacchi magici.
BlackFire (USA) (2S)	Blackfire è uno sparatutto su Saturno. In questo gioco, il giocatore prende il controllo dell'elicottero più sofisticato del pianeta per affrontare i nemici che hanno acquisito tecnologie aliene per conquistare il mondo. L'elicottero è dotato di mitragliatrici e missili che lo aiutano ad attraversare i 15 livelli di gioco per distruggere bersagli nemici e fornire supporto alle unità alleate.
Blam! Machinehead (Europe)	Blam! Machinehead è fondamentalmente un normale sparatutto 3D in cui spari ai nemici ed esplori le terre desolate futuristiche e aride e le fabbriche abbandonate e come se cercassi di salvare il mondo. Il giocatore controlla Kimberly Stride, che è una scienziata. Deve salvare il mondo dal DNA cattivo che sta lentamente &quot;divorando&quot; tutto. nnCome giocatore, controlli questo hovercraft che è stato progettato per essere un veicolo sicuro in cui stare mentre viaggi attraverso questo mondo infestato. Il gioco ha una bella grafica 3D e un'atmosfera davvero unica che lo distingue dagli sparatutto più comuni.
Blast Chamber (USA)	Un puzzle/gioco d'azione piuttosto strano in 3D, in cui sei un ragazzino in una camera ruotabile spingendo intorno agli angoli. Gli oggetti cadranno quindi e alcune altre parti del livello saranno accessibili. nnIl gioco supporta anche una modalità competitiva a 2 giocatori, in cui devi raccogliere oggetti e metterli nel cristallo di un altro. Cerca di evitare che l'altro raggiunga il suo cristallo muovendoti nella camera.
Blast Wind (Japan)	Blast Wind è un gioco sparatutto pubblicato esclusivamente in Giappone per Sega Saturn nel 1997. nnUn'onda d'urto nucleare ha quasi distrutto l'intera popolazione della Terra. I restanti umani sul pianeta furono radunati a bordo di una nave chiamata l'Arca da un uomo profetico di nome Noa. Dopo che la radiazione si è dissipata, l'umanità è emersa dall'Arca e ha iniziato a costruire fiorenti civiltà. nnTuttavia, la nascente civiltà fu attaccata da una cultura chiamata Gorn. Gorn era una cultura che consisteva nell'incarnazione delle macchine e dell'artificialità. Durante l'inverno nucleare, Gorn è stato sigillato sotto la crosta terrestre ed è emerso quando gli umani rimanenti sono usciti dall'Arca. L'umanità deve combattere contro Gorn, usando antiche armi scoperte dalla nuova civiltà e due &quot;Ultimate Destroyer&quot; conosciuti come Kyo e Forn .
Blazing Dragons (USA)	Blazing Dragons è un gioco di avventura/arcade basato sull'omonimo cartone animato di Nelvana. I doppiatori includono Terry Jones dei Monty Python e Cheech Marin. nnIn questa svolta sulla leggenda di Re Artù, interpreti un giovane drago di nome Flicker che vive nel regno di Camelhot. Flicker è un inventore che vuole diventare un cavaliere e vincere un torneo. Il premio è la mano in matrimonio della Principessa Fiamma, l'interesse amoroso per tutta la vita di Flicker. Devi risolvere enigmi per sconfiggere il malvagio Drago Nero meccanico, l'ingresso della razza umana nel torneo. nnIl gioco è per lo più punta e clicca basato sull'inventario, ma ci sono diverse sequenze arcade che devi completare con successo per progredire.
Blazing Heroes (USA)	Mystaria, un tempo terra di pace e serenità, è ora nel caos. Il malvagio Lord Bane e la sua spietata banda di predoni hanno conquistato i 4 regni che governano questa terra. Ora dovrai affidarti ai poteri speciali di un Principe, un Ninja, un Uomo Leone e altri per riconquistare i tuoi regni e riprendere il controllo di questa splendida terra che un tempo chiamavi tua! Una grafica 3D mozzafiato, unita a visuali e prospettive mutevoli, ti immergerà completamente nell'azione. I personaggi imparano attacchi speciali a ogni battaglia (oltre 250 attacchi in totale)! Usa una vasta gamma di incantesimi nella tua missione per sconfiggere il malvagio Lord Bane e oltre 50 mostri e nemici. Negli Stati Uniti sono state pubblicate due versioni del gioco: una intitolata Mystaria: The Realms of Lore nel 1995 e l'altra Blazing Heroes nel 1996.
Blood Factory (Japan)	Loaded è un gioco d'azione per Saturn in cui scegli di controllare uno dei 6 personaggi a tua disposizione. Hanno tutti la particolarità di essere a dir poco misteriosi e spaventosi. Il gioco ha una vista dall'alto ed è molto sanguinoso e violento. Devi distruggere i tuoi nemici con mitragliatrici pesanti di ogni tipo.
Blue Breaker - Ken yori mo Hohoemi o (Japan)	Il mondo di Blue Breaker è chiamato &quot;il sentiero in mezzo al cielo vuoto&quot;: isole galleggianti collegate tra loro da ponti. È tradizione delle persone in questo mondo che la piena iniziazione di un combattente possa essere completata solo quando trova il suo vero amore e la sposa. Quel giorno è arrivato ora nella vita di un giovane guerriero di nome Kain, l'eroe del gioco. Suo padre gli spiega che oltre al solito obiettivo del guerriero di sconfiggere il malvagio Signore Oscuro, Kain deve anche trovare la ragazza dei suoi sogni. Gli presenta una giovane maga di nome Asha, che diventa la sua prima compagna. Ma nel suo viaggio Kain incontra tante altre giovani donne, e non sarà così facile sceglierne una a cui donare il suo cuore!
Blue Seed - Kushinada Hirokuden (Japan)	Blue Seed: Kushinada Hirokuden è un gioco di ruolo su Saturno. Adattato direttamente dalla serie animata, il gioco ti offre di rivivere la storia originale del manga. Gioca nei panni del giovane Momoji, che di recente si è unito alle forze governative per combattere le forze del male. Molte battaglie dinamiche che utilizzano il sistema di carte ti aspettano.
Bomberman Wars (Japan)	Bomberman Wars è un videogioco della serie Bomberman pubblicato per Sega Saturn e PlayStation il 16 aprile 1998. Il personaggio principale è King Bomber che governa il suo regno. Lo scopo del gioco è conquistare tutti i pezzi del Paese Bombardiere. Alla fine combatti contro il cattivo principale, Bagular, e i suoi quattro scagnozzi. nnQuesto è uno dei primi giochi della serie Bomberman ad allontanarsi dalle sue radici di giochi di società e concentrarsi maggiormente sulla componente per giocatore singolo (sebbene avesse una modalità VS). È il terzo gioco di Bomberman per Saturn e il secondo per PlayStation.
Bottom of the 9th (USA)	Una delle prime nella serie di Konami, questa versione presentava 300 giocatori effettivi della MLB all'epoca, ma non includeva le squadre con licenza MLB. I giocatori possono scegliere di giocare contro un amico in Esibizione, Stagione o Playoff. Il gameplay è orientato verso uno stile di gioco più simulativo con le statistiche dei giocatori che determinano quanto bene colpiscono, lanciano e mettono in campo. nnOltre alle modalità standard per una partita di baseball, questa presentava anche la possibilità di personalizzare le proprie squadre e scegliere qualsiasi giocatore per creare il proprio &quot;Dream Team&quot;. Aveva anche una varietà di diverse angolazioni della telecamera tra cui scegliere e aveva metri per mostrare i progressi dei loro giocatori come una &quot;Streak Bar&quot; che mostrava l'abilità di colpire i battitori e una &quot;Pitching Bar&quot; che mostrava se un lanciatore era affaticato.
Bouken Katsugeki Monomono (Japan)	Bouken Katsugeki Monomono è un gioco di ruolo 2D in stile ammina con voci giapponesi sviluppato e pubblicato da Shoeisha, pubblicato in Giappone nel 1997. Il gameplay del gioco ha un misto di giochi di ruolo d'azione con elementi Beat'Em'Up, le canzoni e gli effetti sonori in questo gioco non sono molto buoni, la grafica 2D è soddisfacente.
Brain Battle Q (Japan)	Brain Battle Q è un gioco a quiz, sviluppato e pubblicato da Clef Inventor, che è stato rilasciato in Giappone nel 1996 per Sega Saturn.
BrainDead 13 (USA)	In Braindead 13, il giocatore assume il ruolo di un giovane esperto di computer che un giorno viene chiamato a riparare un computer in un castello spaventoso e in un batter d'occhio si ritrova nei guai. nnSta al giocatore usare le complesse mosse di un film interattivo per fuggire dal castello. Questa avventura animata si basa fondamentalmente sul giudizio del giocatore sulla direzione in cui pensi che il personaggio potrebbe andare e, se il giocatore indovina, la morte. nn
Break Point (Europe) (En,Fr)	Break Point è il tuo gioco di tennis di base. Puoi giocare su diversi campi che differiscono per ambiente e stile. Ci sono un paio di campi di fantasia e alcuni campi della vita reale. Il giocatore può scegliere tra vari giocatori catturati dal movimento e modalità di gioco tra cui pratica, coppa, torneo e così via. La specialità in questo è il fatto che puoi giocare con un massimo di 8 giocatori in un torneo.
Break Point Tennis (USA)	Break Point è il tuo gioco di tennis di base. Puoi giocare su diversi campi che differiscono per ambiente e stile. Ci sono un paio di campi di fantasia e alcuni campi della vita reale. Il giocatore può scegliere tra vari giocatori catturati dal movimento e modalità di gioco tra cui pratica, coppa, torneo e così via. La specialità in questo è il fatto che puoi giocare con un massimo di 8 giocatori in un torneo.
BreakThru! (Japan)	BreakThru! è un videogioco puzzle di abbinamento di tessere rilasciato per Windows e DOS nel 1994. È stato creato dalla società giapponese Zoo Corporation e pubblicato da Spectrum HoloByte,[1] esclusivamente per il mercato nordamericano. nnIl gioco sarebbe poi stato ripubblicato su diverse piattaforme. Nello stesso anno il gioco è stato portato per Super NES[2] e per Game Boy originale.[3] Queste due versioni sono state sviluppate da diverse società e pubblicate da Spectrum HoloByte in Nord America.[2][3] Un anno dopo, Shoeisha ha portato/pubblicato il gioco in Giappone per Sega Saturn e PlayStation.
Bubble Bobble also featuring Rainbow Islands (USA)	Bubble Bobble: uno o due giocatori tentano di salvare i propri amici in questa riedizione del classico gioco d'azione e puzzle del 1987. I giocatori soffiano bolle per intrappolare i nemici. Quando fanno scoppiare le bolle, la frutta esce ei giocatori competono per i punti. Se non fanno scoppiare le bolle in tempo, i nemici scappano e diventano più veloci. nnIsole Arcobaleno: un solo giocatore. Rainbow Islands è il seguito di Bubble Bobble. Invece di bolle, crei arcobaleni. L'arcobaleno altamente versatile può essere utilizzato come ponti, piattaforme o come arma. Puoi sparare un arcobaleno a un nemico, puoi intrappolarlo all'interno o puoi far cadere un arcobaleno su un nemico dall'alto.
Bubble Symphony (Japan)	In Bubble Symphony, interpreti uno dei quattro draghi: Bubblun, Bobblun, Kululun e Cororon. Ogni drago ha i suoi vantaggi e svantaggi. Hai il compito di intrappolare i tuoi nemici nelle bolle, per poi urtarli contro per farli trasformare in cibo, che puoi ottenere per punti. Ci sono più percorsi che puoi prendere e boss che devi sconfiggere per procedere al prossimo set di livelli. Vengono visualizzati più finali a seconda dell'abilità e dei segreti trovati. Presenta un'eccellente colonna sonora e apparizioni di vari giochi Taito.
Bug Too! (USA)	Bug troppo! è il seguito di Bug, un gioco per Sega Saturn che è stato portato su PC. Bug troppo! È un platform di azione/avventura in terza persona e ha molte meccaniche di gioco in stile console. Giochi nei panni di Bug e dei suoi due aiutanti, SuperFly e Maggot Dog. Attraversi diversi mondi 3D, tutti parodie di film. Devi sconfiggere i cattivi a tema in tutti gli ambienti per rendere di nuovo sicura la tua patria!
Bug Too! Motto Motto Jump Shite, Funzukechatte, Petchanko (Japan)	Bug troppo! è il seguito di Bug, un gioco per Sega Saturn che è stato portato su PC. Bug troppo! È un platform di azione/avventura in terza persona e ha molte meccaniche di gioco in stile console. Giochi nei panni di Bug e dei suoi due aiutanti, SuperFly e Maggot Dog. Attraversi diversi mondi 3D, tutti parodie di film. Devi sconfiggere i cattivi a tema in tutti gli ambienti per rendere di nuovo sicura la tua patria!
Bug! (USA)	I raccapriccianti e striscianti amici insetti di Bug hanno bisogno di essere salvati dalle grinfie della malvagia vedova Queen Cadavra. Fatti strada attraverso sei mondi per salvarli e trovare e sconfiggere la regina ragno. Ci sono tre livelli da superare in ogni mondo di azione platform 3D. L'attacco chiave di Bug è il suo rimbalzo, ma può anche fare capriole, sputare e fare zapping quando è acceso. Il gioco include anche alcuni semplici elementi puzzle.
Bug! Jump Shite, Funzukechatte, Petchanko (Japan)	I raccapriccianti e striscianti amici insetti di Bug hanno bisogno di essere salvati dalle grinfie della malvagia vedova Queen Cadavra. Fatti strada attraverso sei mondi per salvarli e trovare e sconfiggere la regina ragno. Ci sono tre livelli da superare in ogni mondo di azione platform 3D. L'attacco chiave di Bug è il suo rimbalzo, ma può anche fare capriole, sputare e fare zapping quando è acceso. Il gioco include anche alcuni semplici elementi puzzle.
Bulk Slash (Japan)	Quando Sonic Teams Burning Rangers è stato rilasciato sul Saturn, ha proclamato di spingere il sistema ai suoi limiti, ma Bulk Slash lo supera ancora. Con aree molto grandi, nemici multipli e la possibilità di portare battaglie in cielo, ma senza rallentamenti. Utilizzando tutta la potenza di Sega Saturn con veri poligoni 3D a differenza di molti altri titoli 3D che sono stati rilasciati, che invece preferivano usare i livelli¦
Burning Rangers (USA)	In qualità di membro dei Burning Rangers, il tuo compito è spegnere una serie di incendi e salvare coloro che sono rimasti intrappolati nel calore dell'incendio. nnDurante ogni livello, il tuo quad leader ti informa delle aree critiche all'interno di determinati edifici, come i magazzini multilivello. Seguendo il suo consiglio, devi usare la tua tuta cibernetica per spegnere le fiamme in ogni area. Lungo la strada incontrerai anche personaggi boss, che sono fuori per illuminare la città, e tu. La tua performance viene quindi valutata in base al tempo impiegato per completare gli obiettivi, quante vite sono state salvate e così via. Meglio vai, più alto è il punteggio.
Bust-A-Move 2 - Arcade Edition (USA)	Bust-A-Move 2: Arcade Edition, conosciuto in Giappone come Puzzle Bobble 2X è il sequel della versione arcade di Bust-A-Move. Come il suo prequel, anche Bust-A-Move 2 ha iniziato la sua vita nelle sale giochi, ma è stato portato su console domestiche, incluso il Sega Saturn nel 1996. Bust-A-Move 2 aggiunge punti base alla serie come la ramificazione, in stile torneo gameplay quando si gioca contro il computer. C'è anche un editor di livelli. Nonostante il nome, Bust-A-Move 2: Arcade Edition è un leggero aggiornamento dello standard Bust-A-Move 2 rilasciato per altre console. Include un set alternativo di livelli oltre all'originale
Bust-A-Move 3 (USA)	Collega 3 o più bolle colorate sparando a una bolla dello stesso colore. Quando si uniscono, scoppiano. nnQuesto gioco abbandona completamente l'idea dei titoli precedenti che il campo di gioco venga spinto verso il basso da una sorta di dispositivo meccanico e attacca invece gruppi di bolle a nodi che si muovono verso il basso. Quando un nodo non è più connesso a nessuna bolla, scomparirà e quando tutti i nodi di un livello saranno scomparsi, il livello sarà completo. Un risultato di questo cambiamento che può sembrare strano ai giocatori delle versioni precedenti è che sparare a una bolla nella parte superiore del campo di gioco visibile senza colpire alcuna bolla la fa rimbalzare e inizia a tornare verso il basso. Il giocatore non è penalizzato se tali bolle lasciano di nuovo il campo di gioco senza attaccarsi a nulla (tranne che per aumentare il numero di mosse fino a quando il campo non viene spinto verso il basso di una linea vuota).
Can Can Bunny Extra (Japan)	In Can Can Bunny, l'eroe solitario vuole trovare una fidanzata e fare sesso con diverse ragazze. Ancora una volta, ad aiutarlo c'è la bella e benevola dea Swatty e i suoi accoliti, i sette dei della fortuna della mitologia giapponese. Sebbene la storia sia praticamente la stessa del gioco precedente, il gameplay è stato notevolmente migliorato. L'interfaccia è ancora costituita dai tradizionali comandi del menu in stile giapponese, ma ora ci sono molte più ambientazioni, molte delle quali sono liberamente accessibili sulla mappa principale. Una volta che il giocatore ha raggiunto il punto in cui può sedurre una ragazza, l'interfaccia passa al punta e clicca, con un cursore contestuale per toccare, baciare e così via. È necessario provare diverse azioni più volte per capire cosa la ragazza considera piacevole, altrimenti la ragazza può arrabbiarsi e il gioco finisce.
Can Can Bunny Premiere (Japan) (1M)	Il giocatore è un normale giovane giapponese che lavora in un ristorante. Un giorno, tornando a casa, trova sette strane creature sedute al suo tavolo e poi appare una bellissima donna dai capelli verdi. È la dea Swatty, che comanda le sette divinità fortunate (sedute al suo tavolo). Swatty ha pietà dell'eroe solitario e decide di aiutarlo a trovare una ragazza. Can Can Bunny Premier è il quarto episodio della serie Can Can Bunny. È un'avventura nel più puro stile giapponese, senza le parti strategiche del gioco precedente. Il giocatore sceglie comandi verbali, comandi contestuali e scelte di dialogo per avanzare nel gioco. In diversi punti è possibile dare una svolta alla storia, che riguarda soprattutto il grado di successo dell'eroe con una ragazza.
Can Can Bunny Premiere 2 (Japan) (Disc 1)	In questo gioco i giocatori assumono il ruolo di un ragazzo solitario che vuole una ragazza. Il giorno in cui è tornato a casa si è verificata un'enorme esplosione. Nella sua stanza, vide sette piccoli nani: gli dei giapponesi della fortuna. Insieme a loro c'era una bella ragazza con i capelli verdi e lei gli diede qualcosa che chiamò la &quot;Stella della Guida&quot;. Il giorno dopo si imbatté in una ragazza carina e, misteriosamente, la ?Star of Guidance? brillava...
Capcom Generation - Dai-1-shuu Gekitsuiou no Jidai (Japan)	Capcom Generations: Wings of Destiny (Capcom Generation Dai-ichi-shu Gekitsui O no Jidai) presenta i primi tre giochi della serie di sparatutto &quot;1940&quot; di Capcom. nn1942nn1943: The Battle of Midwaynn1943 Kai: Midway Kaisen
Capcom Generation - Dai-2-shuu Makai to Kishi (Japan)	Capcom Generations: Chronicles of Arthur (Capcom Generation Dai-ni-shu Makai to Kishi) presenta i primi tre titoli della serie Ghosts'n Goblins (Makaimura). Ghosts'n Goblins (Makaimura)nnGhouls'n Ghosts (Dai Makaimura)nnSuper Ghouls'n Ghosts (Ch? Makaimura)
Capcom Generation - Dai-3-shuu Koko ni Rekishi Hajimaru (Japan)	Capcom Generations: First Generation (Capcom Generation Dai-san-shu Koko ni Rekishi Hajimaru) presenta quattro dei primi cinque titoli di Capcom (con 1942 già presente nella prima compilation). VulgusnnSonSonnnPirate Ship HigemarunnExed Exes
Capcom Generation - Dai-4-shuu Kokou no Eiyuu (Japan)	Capcom Generations: Blazing Guns (Capcom Generation Dai-yon-shu Koko no Eiyu) presenta tre giochi sparatutto in stile run e gun. Nella versione tedesca, questo disco è stato rimosso completamente. nnCommando (Senjo no Ookami)nnGun.SmokennMercs (Senjo no Ookami II)
Capcom Generation - Dai-5-shuu Kakutoukatachi (Japan)	Capcom Generations: Street Fighter Collection 2 (Capcom Generation Dai-go-shu Kakutoka-tachi), sebbene non sia stato commercializzato come parte di Capcom Generations al di fuori del Giappone, essendo invece un &quot;sequel&quot; di Street Fighter Collection, che confezionava Super Street Fighter II, Super Street Fighter II Turbo e Street Fighter Alpha 2 Gold. Contiene le prime tre versioni dell'originale Street Fighter II. nnStreet Fighter II: The World Warrior (l'originale Street Fighter II)nnStreet Fighter II: Champion Edition (Street Fighter II Dash in Giappone)nnStreet Fighter II Turbo: Hyper Fighting (Street Fighter II Dash Turbo in Giappone)nnnnSono state apportate alcune modifiche minori al gameplay, rispetto alle versioni arcade dei giochi. È presente anche una modalità &quot;Collezione&quot; in cui il giocatore può visualizzare strategie, profili dei personaggi e opere d'arte specifiche per ogni gioco, alcune che diventano disponibili dopo aver soddisfatto determinati requisiti.
Casper (USA)	Basato sul film di Casper, il gioco ti mette nei panni del simpatico fantasma che cerca di farsi un amico e una seconda possibilità di vita invece di spaventare tutti. nnLa trama ruota attorno al &quot;viziato, avido erede di Whipstaff Manor&quot; - Carrigan Crittenden. Sta cercando il tesoro che pensa sia nascosto nei muri. Casper avrà bisogno dell'aiuto del dottor James Harvey - terapista dei morti - se ha qualche speranza di riuscire nelle sue avventure. nnCasper dovrà anche fare i conti con i suoi zii - Stretch, Stinkie e Fatso, che adorano spaventare &quot;Fleshies&quot; e ostacolare gli sforzi di Casper. Il gameplay è in 3D e consiste principalmente nella risoluzione di enigmi, con Casper in grado di assumere una varietà di forme e manipolare oggetti.
Cat the Ripper - 13Ninme no Tanteishi (Japan)	Cat the Ripper ~13-ninme no Tanteishi~ è un gioco di avventura in prima persona vecchio stile, pubblicato da Tonkin House, che è stato rilasciato in Giappone nel 1997 per Sega Saturn. Il gioco si gioca come la maggior parte delle avventure sul sistema con il metodo punta e clicca. Nel gioco, i giocatori devono indagare su chi c'è dietro i crimini con il segno Catis.
Center Ring Boxing (USA)	Center Ring Boxing è un gioco di boxe poligonale 3-D senza licenza in cui il giocatore può scegliere tra 30 diversi pugili maschi o femmine e competere in sei diverse divisioni di peso. Possono anche creare il proprio pugile e usarli per scalare i ranghi per diventare campioni scegliendo tra uno dei cinque stili distinti di boxe. nnC'è anche un allenatore di nome Snake che aiuterà ad allenare il giocatore man mano che avanza nel gioco, oltre a diventare un personaggio selezionabile insieme a un personaggio nascosto in modalità a due giocatori contro una volta che il giocatore diventa campione dei pesi massimi. È presente anche una modalità pratica che consentirà al giocatore di abituarsi ai controlli del gioco e presenta 12 diverse angolazioni della telecamera e una modalità replay che consentirà al giocatore di visualizzare il combattimento precedente nella sua interezza.
Chaos Control (Europe) (En,Fr,De)	Chaos Control ha visto tre versioni separate su Saturn. La sua incarnazione originale giapponese, Chaos Control è stata rilasciata nel dicembre 1995 con opinioni contrastanti da parte della critica. Quando è stato portato in Europa nel 1996, molti dei problemi sottostanti sono stati risolti, portando a tempi di caricamento più rapidi, grafica e filmati migliorati e supporto per Virtua Gun. È stato poi ripubblicato in Giappone come Chaos Control Remix nel novembre dello stesso anno. Nessuna versione del gioco è mai stata rilasciata in Nord America.
Chaos Control Remix (Japan)	Chaos Control ha visto tre versioni separate su Saturn. La sua incarnazione originale giapponese, Chaos Control è stata rilasciata nel dicembre 1995 con opinioni contrastanti da parte della critica. Quando è stato portato in Europa nel 1996, molti dei problemi sottostanti sono stati risolti, portando a tempi di caricamento più rapidi, grafica e filmati migliorati e supporto per Virtua Gun. È stato poi ripubblicato in Giappone come Chaos Control Remix nel novembre dello stesso anno. Nessuna versione del gioco è stata rilasciata in Nord America.
Chelnov (Japan) (Proto) (1997-07-23)	Atomic Runner, nella sua forma arcade originale, una volta doveva apparire per Sega Saturn. È apparso al Tokyo Game Show e in vari negozi di giochi nel distretto di Akihabara a Tokyo nel 1997, anche se è stato cancellato per ragioni sconosciute. Da allora un prototipo è trapelato su Internet.
Chibi Maruko-chan no Taisen Puzzle-dama (Japan)	Chibi Maruko-Chan no Taisen Pazurudama è un puzzle game di abbinamento tessere per Sega Saturn. Il gioco è ambientato nel mondo del personaggio di animazione per bambini, Chibi Maruko chan.
Choro Q Park (Japan)	Choro Q Park è un gioco di corse del 1998 per Sega Saturn in cui i giocatori gareggiano con la linea di macchinine Choro Q/Penny Racers di Takara. È uscito solo in Giappone.
Chou Aniki - Kyuukyoku... Otoko no Gyakushuu (Japan)	Cho Aniki: Kyuukyoku Muteki Ginga Saikyou Otoko è un gioco d'azione, sviluppato da Pre Stage e pubblicato da Nippon Computer System, pubblicato in Giappone nel 1996. Il gioco parla di un bizzarro Shooter'em up in cui le astronavi sono semi personaggi a tema cultura giapponese nudi, le canzoni del gioco hanno un punto culminante speciale essendo essenzialmente molto buone.
Chou Jikuu Yousai Macross - Ai Oboete Imasu ka (Japan) (Disc 1)	Choujikuu Yousai Macross: Ai Oboete Imasu ka è uno sparatutto a scorrimento orizzontale per Sega Saturn uscito in Giappone nel 1997 che si lega al franchise Macross. È basato sull'omonimo film d'animazione del 1984, tradotto letteralmente in Macross: Do You Remember Love?, che di per sé era una rivisitazione dello show televisivo Choujikuu Yousai Macross. Il gioco è una rievocazione del film come sparatutto a scorrimento laterale, con animazioni tratte dal film e filmati extra generati dal computer unici per questo gioco. Puoi sparare ai nemici in primo piano e agganciare e lanciare missili a quelli che si trovano sullo sfondo o vicino al primo piano, il che significa che ha anche alcuni elementi di gioco pseudo-3D.
Christmas Nights into Dreams... (USA)	Christmas NiGHTS into Dreams è una &quot;demo&quot; a tema di un livello di NiGHTS into Dreams. È stato originariamente rilasciato nel novembre 1996 per Sega Saturn. A causa della sua natura gratuita, Christmas NiGHTS è un gioco molto più piccolo di NiGHTS into Dreams - c'è solo un livello (Spring Valley - quasi identico al livello visto in normale NiGHTS) tuttavia, a differenza dell'originale, è giocabile sia come Elliot che come Claris . Quando si gioca nei panni di Elliot, il palco è speculare. Christmas NiGHTS è a tema natalizio, quindi la grafica e la musica sono state sostituite con versioni invernali del palcoscenico originale (ma solo in inverno). Ad esempio, Ideya Captures ora sono alberi di Natale galleggianti giganti e NiGHTS indossa abiti rossi anziché viola. Il gameplay è in gran parte identico al gioco originale, incluso il sistema A-Life modificato sconfiggendo i nemici.
Cleopatra Fortune (Japan)	Il gameplay è simile a Tetris, ma qui il giocatore deve dirigere blocchi di pietra e tesori per creare chiusure, che poi eliminano il tesoro e si aggiungono al punteggio del giocatore. Inoltre, se si forma una linea completa di blocchi di pietra, questi scompariranno in modo simile a Tetris e si aggiungeranno anche al punteggio del giocatore. Il nome del gioco deriva dalla sua mascotte, che è una versione super deformata dell'antica regina egiziana Cleopatra. Inoltre, il gioco utilizza un tema egiziano.
ClockWerx (Japan)	ClockWerx è un puzzle game originariamente rilasciato per PC Windows e computer Macintosh, prima di essere portato su Sega Saturn. È presentato da Alexey Pajitnov, il creatore di Tetris, ma non ha nulla a che fare con la produzione di questo gioco. Questa versione non è mai stata rilasciata al di fuori del Giappone e introduce animazioni in argilla.
Clockwork Knight - Pepperouchau no Daibouken Gekan (Japan) (2M)	Clockwork Knight 2 è il secondo (e fino ad oggi l'ultimo) gioco che presenta le avventure di Sir Tongara de Pepperouchau III. Mantiene lo stesso stile di gioco (un misto di platform 2D a scorrimento laterale con elementi 3D, moderatamente alla moda di Sega Saturn's Bug!), musica colorata e gameplay del suo predecessore. Tuttavia, la tua missione sarà un po' diversa questa volta (sebbene sia ancora legata a Clockwork Princess Chelsea), poiché la scena finale del primo gioco non è stata buona come previsto e per questo dovresti provare a dare di nuovo il meglio di te stesso per recuperare completamente il Chelsea per Pepperouchau.
Clockwork Knight - Pepperouchau no Daibouken Joukan (Japan)	Clockwork Knight è un gioco d'azione e piattaforma su Saturno. Quando suona la mezzanotte, Peperouchau, il soldato dell'orologio, balza in piedi armato solo di spada e un po' di tempo. Si occupa di mobili e grandi membri della famiglia e combatte i cattivi per salvare la bella principessa prima dell'alba.
Clockwork Knight - Pepperouchau no Fukubukuro (Japan)	Clockwork Knight: Pepperouchau no Fukubukuro, Clockwork Knight: Pepperouchau's Grab Bag) è un gioco per Sega Saturn che riunisce Clockwork Knight e Clockwork Knight 2 su un disco. Il gioco viene fornito con un set gratuito di Calendari rotondi Clockwork Knight per l'anno 1996. Questa edizione speciale del gioco è stata in vendita per un periodo di tempo limitato, come indicato sulla confezione del gioconnPresumibilmente, questo periodo limitato era il periodo Natale 1995/Nuovo 1996 a causa della data di uscita di metà dicembre 1995, i calendari 1996 inclusi e il nome &quot;Fukubukuro&quot;, di per sé è un riferimento a un'usanza di vendita di Capodanno in Giappone con lo stesso nome con grandi sconti per gli articoli in bundle, che corrisponde al ridotto prezzo di questa versione rispetto all'acquisto di ogni gioco singolarmente.
Clockwork Knight - Pepperouchau's Adventure (USA) (3S)	Clockwork Knight è un gioco d'azione e piattaforma su Saturno. Quando suona la mezzanotte, Peperouchau, il soldato dell'orologio, balza in piedi armato solo di spada e un po' di tempo. Si occupa di mobili e grandi membri della famiglia e combatte i cattivi per salvare la bella principessa prima dell'alba.
Clockwork Knight 2 - Pepperouchau's Adventure (USA, Brazil)	Clockwork Knight 2 è il secondo (e fino ad oggi l'ultimo) gioco che presenta le avventure di Sir Tongara de Pepperouchau III. Mantiene lo stesso stile di gioco (un misto di platform 2D a scorrimento laterale con elementi 3D, moderatamente alla moda di Sega Saturn's Bug!), musica colorata e gameplay del suo predecessore. Tuttavia, la tua missione sarà un po' diversa questa volta (sebbene sia ancora legata a Clockwork Princess Chelsea), poiché la scena finale del primo gioco non è stata buona come previsto e per questo dovresti provare a dare di nuovo il meglio di te stesso per recuperare completamente il Chelsea per Pepperouchau.
Code R (Japan)	Code R è un gioco di corse 3D unico mescolato con un gioco di avventura in stile romanzo visivo simile a un manga in una modalità storia. Il giocatore è un pilota da corsa e nella modalità storia può muoversi per la città, visitare luoghi speciali e parlare con varie persone, il gioco ha anche cicli diurni e notturni. Oltre alla modalità storia, il giocatore può gareggiare in 2 modalità aggiuntive, attacco a tempo e modalità battaglia in cui i giocatori corrono in un'auto.
College Slam (USA)	Parte della serie di partite di basket NBA Jam, College Slam ti consente di scegliere tra oltre 40 squadre universitarie reali e prendere parte a partite testa a testa, tornei e partite per tutta la stagione. Il gameplay è in stile arcade due contro due veloce azione con tabellone schiacciate selvagge, potenziamenti e altre mosse folli. Il gioco include anche canzoni di combattimento di tutte le squadre disponibili.
Command & Conquer (USA) (Disc 1) (GDI Disc)	Command & Conquer ha sviluppato idee dal precedente Dune 2 di Westwood, formando un gioco di strategia in tempo reale che ha influenzato molti. Il sistema di controllo per selezionare le unità con il mouse e poi dirigerle è simile ai titoli futuri come Total Annihilation. nnIl gioco si concentra su una guerra tra due organizzazioni, The Brotherhood of Nod e la Global Defense Initiative. Puoi prendere il controllo di entrambe le parti per più di 15 missioni. Entrambi hanno unità e strutture diverse, tra cui artiglieria, carri armati e fanteria leggera. nnNella maggior parte delle missioni devi prima costruire una base per costruire nuove unità e strutture. I più importanti sono i raccoglitori speciali, che raccolgono il Tiberium e lo consegnano a una raffineria, dove viene convertito in denaro, denaro necessario per creare unità aggiuntive. nnIl gioco include anche briefing sulle missioni FMV e filmati di vittoria.
Command & Conquer - Teil 1 - Der Tiberiumkonflikt (Germany) (Disc 1) (GDI)	Command & Conquer ha sviluppato idee dal precedente Dune 2 di Westwood, formando un gioco di strategia in tempo reale che ha influenzato molti. Il sistema di controllo per selezionare le unità con il mouse e poi dirigerle è simile ai titoli futuri come Total Annihilation. nnIl gioco si concentra su una guerra tra due organizzazioni, The Brotherhood of Nod e la Global Defense Initiative. Puoi prendere il controllo di entrambe le parti per più di 15 missioni. Entrambi hanno unità e strutture diverse, tra cui artiglieria, carri armati e fanteria leggera. nnNella maggior parte delle missioni devi prima costruire una base per costruire nuove unità e strutture. I più importanti sono i raccoglitori speciali, che raccolgono il Tiberium e lo consegnano a una raffineria, dove viene convertito in denaro, denaro necessario per creare unità aggiuntive. nnIl gioco include anche briefing sulle missioni FMV e filmati di vittoria.
Congo - The Movie - The Lost City of Zinj (USA)	Congo the Movie: The Lost City of Zinj è uno sparatutto in prima persona sviluppato da Jumpin Jack e pubblicato da Sega per Sega Saturn nel 1996. nnIl gioco utilizza elementi del film Congo per raccontare una storia secondaria che segue le gesta di Butembo Kabalo (interpretato da Steven Anthony Jones), l'unico sopravvissuto alla prima spedizione Travicom alla ricerca di diamanti nella giungla del Congo. nnI segmenti FMV sono stati prodotti da A Commotion Pictures e utilizzano il codec video TrueMotion S. nnIl gioco è apparso nell'episodio 13 di Broken Pixels.
Contra - Legacy of War (USA)	Contra: Legacy of War è un gioco sparatutto in terza persona su Saturno. Gioca nei panni di un robot con il quale dovrai combattere un'orda di alieni per salvare l'umanità. Molti potenziamenti sparsi in ogni livello ti permetteranno di aumentare la tua potenza di fuoco.
Conveni 2, The - Zenkoku Chain Tenkai da! (Japan)	The Conveni 2: Zenkoku Chain Tenkai da! è un gioco di simulazione aziendale pubblicato per Sega Saturn e sequel di The Conveni: Ano Machi wo Dokusen Seyo. A differenza del suo predecessore, Conveni 2 opta per una prospettiva isometrica, simile a SimCity 2000.
Conveni, The - Ano Machi o Dokusen seyo (Japan)	The Conveni: Ano Machi wo Dokusen Seyo è un gioco di simulazione aziendale pubblicato per Sega Saturn e il primo della serie Conveni. È un simulatore dall'alto verso il basso simile in natura a SimCity, tuttavia il giocatore gestisce una catena di negozi di alimentari.
Corpse Killer - Graveyard Edition (USA) (Disc 1) (R)	Corpse Killer on Saturn è uno sparatutto ambientato come un film interattivo. Il giocatore incarna un'élite di forze speciali in missione su un'isola tropicale infestata dagli zombi. Dovrai sparare a tutto ciò che si muove per fermare questo esercito di non morti creato dal Dr. Hellman. La visuale è in prima persona e tutto ciò che devi fare è mirare e sparare per avanzare nel gioco.
Courier Crisis - The Saga of the Modern Fatalist (USA)	Sei l'anti-postino. Un corriere fannullone con un pizzetto e un atteggiamento da BMX. Un messaggero psicopatico in bicicletta che si dimena nella giungla di cemento. Colpisci i pedoni. Rip acrobazie. Guadagnare soldi. Consegnare la merce. E non fare tardi.
Creature Shock (Japan) (Disc 1)	La terra è sovrappopolata e l'umanità deve trovare una seconda casa. Una nave inviata per indagare su Saturno e le sue lune è scomparsa e devi andare lì per scoprire cosa è successo. nnLa maggior parte del gioco è uno sparatutto basato su FMV. Queste sezioni sono fondamentalmente un labirinto in cui incontrerai vari alieni diversi. Ogni alieno ha un punto debole a cui devi sparare. nnCi sono anche due sezioni 3D in cui puoi pilotare la tua nave.
Creature Shock - Special Edition (USA) (Disc 1)	La terra è sovrappopolata e l'umanità deve trovare una seconda casa. Una nave inviata per indagare su Saturno e le sue lune è scomparsa e devi andare lì per scoprire cosa è successo. nnLa maggior parte del gioco è uno sparatutto basato su FMV. Queste sezioni sono fondamentalmente un labirinto in cui incontrerai vari alieni diversi. Ogni alieno ha un punto debole a cui devi sparare. nnCi sono anche due sezioni 3D in cui puoi pilotare la tua nave.
Crime Patrol (USA) (Proto) (1996-09-24)	Crime Patrol è una conversione da Arcade mai rilasciata ufficialmente per la console di casa Sega.
Crimewave (USA)	Crimewave è uno sparatutto veloce e frenetico basato sulla guida. Avrai bisogno di abilità di guida e di combattimento di prima classe insieme a riflessi affilati come rasoi per godere di caratteristiche che includono: Otto veicoli ad alta potenza; Otto zone di battaglia; Una vasta gamma di armi ad alta distruzione; Azione per giocatore singolo e schermo condiviso.
Criticom (USA)	Criticom è un gioco di combattimento uno contro uno in cui 8 diversi combattenti provenienti da tutta la galassia si contendono un artefatto di cristallo. Il gioco presenta un retroscena fantascientifico che coinvolge mistero e intrigo che circondano il cristallo e a ciascuno degli 8 combattenti viene data una trama unica per spiegare perché è così interessato al manufatto. Tra i personaggi colorati ci sono un uomo lucertola gigante di nome Gorm, una donna ninja di nome Yenji, un robot omicida di nome SID e una misteriosa creatura simile a un vampiro di nome Demonica che attribuisce poco valore all'abbigliamento.
Criticom - The Critical Combat (Japan)	Criticom è un gioco di combattimento uno contro uno in cui 8 diversi combattenti provenienti da tutta la galassia si contendono un artefatto di cristallo. Il gioco presenta un retroscena fantascientifico che coinvolge mistero e intrigo che circondano il cristallo e a ciascuno degli 8 combattenti viene data una trama unica per spiegare perché è così interessato al manufatto. Tra i personaggi colorati ci sono un uomo lucertola gigante di nome Gorm, una donna ninja di nome Yenji, un robot omicida di nome SID e una misteriosa creatura simile a un vampiro di nome Demonica che attribuisce poco valore all'abbigliamento.
Croc - Legend of the Gobbos (USA)	Croc: Legend of the Gobbos (o semplicemente Croc) è un gioco sviluppato da Argonaut Software e pubblicato nel 1997 per Sega Saturn. Il gioco è in 3D e in terza persona con un coccodrillo di nome Croc che vuole salvare i Gobbos da Baron Dante. Durante il gioco, il giocatore viene portato in varie isole per cercare e salvare il maggior numero possibile di Gobbos. Nella sua avventura, Croc incontra una varietà di nemici. I nemici possono essere sconfitti solo temporaneamente, il che significa che in pochi secondi si rigenerano e alcuni non possono essere attaccati completamente. Ci sono quattro isole accessibili e un'isola segreta. Ciascuna delle quattro isole principali contiene sei livelli, in cui Croc raccoglierà sei Gobbos e cristalli colorati. I cristalli rosso, verde, blu, giallo e rosa aprono la porta alla fine di ogni livello normale per raccogliere il sesto Gobbo richiesto. Questa è solitamente la parte più difficile del livello.
Croc! Pau-Pau Island (Japan)	Croc: Legend of the Gobbos (o semplicemente Croc) è un gioco sviluppato da Argonaut Software e pubblicato nel 1997 per Sega Saturn. Il gioco è in 3D e in terza persona con un coccodrillo di nome Croc che vuole salvare i Gobbos da Baron Dante. Durante il gioco, il giocatore viene portato in varie isole per cercare e salvare il maggior numero possibile di Gobbos. Nella sua avventura, Croc incontra una varietà di nemici. I nemici possono essere sconfitti solo temporaneamente, il che significa che in pochi secondi si rigenerano e alcuni non possono essere attaccati completamente. Ci sono quattro isole accessibili e un'isola segreta. Ciascuna delle quattro isole principali contiene sei livelli, in cui Croc raccoglierà sei Gobbos e cristalli colorati. I cristalli rosso, verde, blu, giallo e rosa aprono la porta alla fine di ogni livello normale per raccogliere il sesto Gobbo richiesto. Questa è solitamente la parte più difficile del livello.
Cross Romance - Koi to Mahjong to Hanafuda to (Japan)	Cross Romance: Ai to Mahjong per Hanafuda è un gioco da tavolo pubblicato da Nihon Bussan e pubblicato nel 1997 per Sega Saturn. È dotato di mahjong e hanafuda, un gioco di carte giapponese. Il gioco è un romanzo visivo con il tema dei giochi da tavolo e alcune scene più sexy.
Cross Tantei Monogatari (Japan) (Demo 1)	Cross Tantei Monogatari: Motsureta Nanatsu no Labyrinth è il primo gioco creato da WorkJam, la società responsabile dello sviluppo della serie Jake Hunter (Tantei Jinguji Saburo) dopo DataEast. Il gioco presenta un tema per adulti e come tutti i giochi di avventura giapponesi, questo è molto pesante.
Cross Tantei Monogatari - Motsureta Nanatsu no Labyrinth (Japan) (Disc 1)	Cross Tantei Monogatari: Motsureta Nanatsu no Labyrinth è il primo gioco creato da WorkJam, la società responsabile dello sviluppo della serie Jake Hunter (Tantei Jinguji Saburo) dopo DataEast. Il gioco presenta un tema per adulti e come tutti i giochi di avventura giapponesi, questo è molto pesante.
Crow, The - City of Angels (USA)	The Crow: City of Angels è un adattamento videoludico dell'omonimo film del 1996. nnRiportato in vita dal misterioso corvo, Ashe non si fermerà davanti a nulla per vendicare l'esecuzione sua e di suo figlio per mano dei servi di Judah, il signore del crimine della città. Uno per uno affronteranno il corvo!nnnnThe Crow: COA è un gioco di combattimento 3D in cui il giocatore vaga da uno schermo all'altro, combattendo tutti quelli che incontra con un'ampia varietà di calci e pugni che variano in base alla vicinanza al nemico. C'è anche una vasta gamma di armi tra cui pistole, fucili, coltelli, stecche da biliardo, tubi e fusti d'acciaio.
Crows - The Battle Action for SegaSaturn (Japan)	È un picchiaduro 2D basato sulla serie manga Crows, in cui i personaggi hanno teste super deformate. Pubblicato dall'oscuro sviluppatore Athena Co., a prima vista sembra fortemente ispirato ai picchiaduro a sangue caldo di Technos di Kunio/Nekketsu, in particolare per lo stile di combattimento di River City Ransom e l'aspetto super deformato. A quanto pare, non è una coincidenza; uno sguardo ai titoli di coda rivela che alcuni ex dipendenti di Technos ci hanno lavorato, incluso il produttore esecutivo Teruo Ishikawa, i compositori e circa metà del team grafico. In particolare, la persona responsabile delle immagini era Kouji Ogata.
Crusader - No Remorse (USA)	Crusader: No Remorse è un gioco d'azione sviluppato da Origin Systems e pubblicato da Electronic Arts. È stato rilasciato per la prima volta nel 1995 per PC DOS, seguito dai porting per Sony PlayStation e Sega Saturn nel 1997. Ambientato in un mondo distopico del 22° secolo, il gioco è incentrato su un supersoldato d'élite che diserta il tirannico governo mondiale, il World Economic Consortium (WEC), e si unisce ai ribelli della Resistenza. nnBen accolto dalla critica, No Remorse è stato seguito dal sequel solo per PC Crusader: No Regret nel 1996.
Crypt Killer (USA)	Crypt Killer è uno sparatutto per playstation in cui giochi come un avventuriero alla ricerca di antichi cristalli contenenti poteri misteriosi. Molti nemici saranno presenti sulla tua strada durante i 6 livelli di gioco e per affrontarli avrai a disposizione diversi tipi di armi come un fucile a pompa, una mitragliatrice o un lanciagranate.
Cube Battler - Story of Anna (Japan)	Cube Battler: Anna Mirai-hen è un gioco di puzzle. È il sequel e identico a Cube Battler: Debugger Shou-hen. Il gioco con un calendario.
Cube Battler - Story of Shou (Japan)	Cube Battler: Debugger Shou-hen è un puzzle game prodotto e pubblicato nel 1997 per Sega Saturn. Con scene anime e un bell'aspetto, lo scopo del gioco è assemblare i pezzi corretti sui personaggi per poter colpire il tuo avversario, le scene d'azione sono animate in video e i personaggi hanno una barra della vita con i videogiochi. combattimento. Cube Battler: Debugger Shou-hen e Cube Battler: Anna Mirai-hen sono giochi gemelli in cui ogni gioco venduto separatamente ha il proprio carattere e segue il proprio lato della storia.
Culdcept (Japan) (Rev A) (10M)	Culdcept è un gioco di strategia a turni. Ha fatto confronti con altri titoli di strategia moderni e condivide anche le caratteristiche con i giochi non video Monopoly e Magic: The Gathering. La prima puntata a raggiungere il Nord America è stata la versione estesa di Culdcept Second rilasciata per PlayStation 2, la versione nordamericana era semplicemente intitolata Culdcept. Il primo gioco è stato inizialmente rilasciato solo in Giappone per Sega Saturn e PlayStation. In Culdcept, il giocatore assume il ruolo di un Cepter. I Cepter sono esseri che hanno la capacità di usare carte magiche per evocare creature, lanciare incantesimi ed eseguire vari altri atti di magia. Man mano che i giocatori avanzano nel gioco, guadagnano carte aggiuntive che possono utilizzare per creare &quot;libri&quot; personalizzati. (mazzi da 50 carte) con cui sconfiggere al meglio i propri nemici.
Cyber Doll (Japan)	Cyber Doll è un gioco di ruolo futuristico. I giocatori combattono nemici che appaiono casualmente in combattimenti a turni, visti da una prospettiva platform. I giocatori hanno punti ferita separati per le loro parti del corpo, così come i nemici. I giocatori hanno una vasta gamma di armi. Prendere di mira le parti del corpo si aggiunge alla strategia di combattimento: ad esempio, se gli HP delle gambe nemiche sono esauriti, non sarà in grado di muoversi e di attaccare i giocatori a distanza ravvicinata.
Cyber Speedway (USA)	Cyber Speedway è un gioco di corse su slitte hover ambientato in un lontano futuro. Le civiltà di molti pianeti hanno deciso di porre fine a tutte le guerre. Invece, risolveranno le loro divergenze nella Cyber Race. Sei la migliore speranza per proteggere ed espandere il potere della Terra. nnIl gioco principale di Cyber Speedway è la modalità storia. La storia segue il tuo personaggio mentre si qualifica come pilota terrestre e si fa strada attraverso una serie di gare planetarie per diventare il campione. In ciascuna delle gare, devi piazzarti per primo per continuare. nnOgni gara è composta da 5 giri intorno a una pista ad alta velocità. Hai missili che puoi usare per rallentare i tuoi avversari e prendere il comando.
Cyberbots - Fullmetal Madness (Japan) (1M)	Cyberbots: Fullmetal Madness, pubblicato in Giappone semplicemente come Cyberbots, è un gioco di combattimento sviluppato e pubblicato da Capcom nel 1995. È uno spin-off del picchiaduro Armored Warriors. Cyberbots è stato portato su Sega Saturn e PlayStation. Il gioco ha visto solo una distribuzione limitata nelle sale giochi al di fuori del Giappone. Ad eccezione della versione non tradotta di PlayStation Network, nessuna delle porte della console è stata rilasciata all'estero.
Cyberia (USA) (En,Fr,De)	Nell'anno 2027 il mondo è controllato da due superpotenze rivali, l'Alleanza mondiale libera del blocco occidentale e il Cartello del blocco orientale. nnLe trasmissioni di una spia dell'FWA rivelano l'ubicazione di un laboratorio multinazionale segreto nel profondo della Siberia, il &quot;Complesso della Cyberia&quot;, dove viene sviluppata un'arma misteriosa. Il leader dell'FWA Devlin libera un cyber-hacker di nome Zak dalla prigione e lo manda a infiltrarsi nel complesso e scoprire la vera natura dell'arma Cyberia.
D (USA) (Disc 1)	La storia inizia nel 1997. È notte fonda nella città di Los Angeles e c'è stato un omicidio di massa in un ospedale generale alla periferia del centro. L'autore è il direttore dell'ospedale, Richter Harris. Si è rinchiuso in ospedale e ha preso un certo numero di pazienti come ostaggi, lasciando la polizia impotente e incapace di trasferirsi. L'unica figlia di Richter, Laura Harris, dopo aver sentito la situazione, si precipita a Los Angeles da San Francisco e guida da sola alla tragica scena nel terreno dell'ospedale. Entrando in ospedale, Laura si ritrova trasportata in una vecchia villa, mentre la voce disincarnata di suo padre la implora di andarsene. Tuttavia, deve andare avanti per salvare suo padre e sé stessa.
D no Shokutaku (Japan) (Disc 1)	La storia inizia nel 1997. È notte fonda nella città di Los Angeles e c'è stato un omicidio di massa in un ospedale generale alla periferia del centro. L'autore è il direttore dell'ospedale, Richter Harris. Si è rinchiuso in ospedale e ha preso un certo numero di pazienti come ostaggi, lasciando la polizia impotente e incapace di trasferirsi. L'unica figlia di Richter, Laura Harris, dopo aver sentito la situazione, si precipita a Los Angeles da San Francisco e guida da sola alla tragica scena nel terreno dell'ospedale. Entrando in ospedale, Laura si ritrova trasportata in una vecchia villa, mentre la voce disincarnata di suo padre la implora di andarsene. Tuttavia, deve andare avanti per salvare suo padre e sé stessa.
D-Xhird (Japan) (1M)	Combattimento nell'arena con armi che si scontrano! Questa è la battaglia finale! Battaglia 3D con una grafica incredibile diversa da tutte quelle che hai mai visto su Sega Saturn! Sali sul ring, punk!
Daibouken - Great Adventure - St. Elmos no Kiseki (Japan)	Dai Bouken: Saint Elmos no Kiseki è un gioco di ruolo di simulazione di Soft Office, una piccola azienda nota per G-Vector. Il gioco presenta un tema simile alla serie Uncharted Waters. I giocatori iniziano nel loro porto di origine, hanno un'udienza con la regina e vengono mandati in cerca di avventura.
Daikoukai Jidai Gaiden (Japan)	Daikoukai Jidai Gaiden is a spin-off of the SNES and Genesis game, Uncharted Waters: New Horizons. It updates graphics and adds several tweaks to the game mechanics. Major characters from the second installment return for this side story. The playable charaters include Miranda Verte, an amateur navigator from Genoa, and Salvador Leis, the adopted son of Khayr ad-Din.
Daikoukai Jidai II (Japan)	Nel primo gioco di Uncharted Waters, era il XV secolo e fu scoperto il Nuovo Mondo. Ora a New Horizons, siamo all'inizio del XVI secolo ed è in corso l'era dell'esplorazione e del commercio marittimo. I giocatori scelgono uno dei sei avventurieri (scenari), ciascuno con la propria trama distintiva ma intrecciata, per intraprendere una ricerca di vela, abilità marinaresca ed esplorazione. Indipendentemente dal personaggio scelto, Uncharted Waters è una simulazione di navigazione dall'alto verso il basso.
Daisenryaku - Strong Style (Japan)	Daisenryaku Strong Style è un ingresso nella lunga serie di giochi di strategia di SystemSoft e SystemSoft Alpha in Giappone. Il gioco supporta il mouse.
Daisuki (Japan) (Disc 1)	Daisuki è un gioco di simulazione di appuntamenti per Sega Saturn. Il gioco è ambientato nell'anno 2040 e il giocatore si è iscritto alla Union Academy. Mentre lì i giocatori devono incontrare diverse donne. Il gioco include anche diversi mini giochi, come gareggia tra i giocatori e persino uno sparatutto spaziale e picchiaduro 1 contro 1. Il gioco contiene anche un disco di interviste contenente personaggi degli anime.
Daitoride (Japan)	Daitoride è un puzzle game simile a Shanghai. I giocatori abbinano due dello stesso titolo di mahjong insieme. Tuttavia, possono selezionare solo le tessere che sono direttamente visualizzabili. Non è possibile selezionare una tessera sotto un'altra.
Darius Gaiden (USA)	Darius Gaiden su Saturno è uno sparatutto a scorrimento laterale che segue il fotogramma di Darius, primo del nome. Stai cercando un pianeta di rifugio dopo aver dovuto fuggire dal pianeta a causa del conflitto con Darius. Questo non è morto e vuole impedirti di raggiungere il tuo obiettivo, quindi decidi di combattere a bordo della tua astronave! Questa nave ha diverse armi che si evolvono in base ai bonus che raccogli man mano che avanzi.
Darius II (Europe)	Darius II si svolge qualche tempo dopo il primo gioco di Darius. Il pianeta colonizzato Darius si sta riprendendo dalla sua invasione dall'esercito alieno di Belser grazie agli eroi di quel gioco Proco e Tiat. Da allora gli abitanti di Darius si sono stabiliti sul pianeta Olga mentre le società, l'architettura e le aree attaccate di Darius venivano riparate. Il quartier generale del volo spaziale stabilito su Olga riceve un segnale SOS proveniente dalla Terra, dove si sono originati i primi coloni prima di colonizzare Darius. Il segnale includeva la descrizione di navi aliene simili a quelle dell'esercito di Belser. Sospettando che questi possano essere i loro antenati terrestri rimasti, il popolo di Darius manda sia Proco Jr. che Tiat Young ad aiutarli.
Dark Hunter Ge - Youma no Mori (Japan)	Dark Hunter: Shita Youma no Mori è la seconda parte dei giochi di avventura horror che è stata rilasciata come parte di ?English Dream? di Koei? serie, una raccolta di giochi utilizzati per insegnare la lingua inglese. Il gioco può essere utilizzato anche per insegnare ai giocatori di lingua inglese il giapponese poiché è completamente bilingue.
Dark Hunter Jou - Ijigen Gakuen (Japan)	Dark Hunter: Jou Ijigen Gakuen è il primo capitolo dell'avventura educativa sviluppata da Koei Dark Hunter. Dark Hunter si sforza di aiutare nel processo di apprendimento dell'inglese rafforzando il vocabolario e altre abilità linguistiche attraverso una storia interattiva intrisa di elementi di fantascienza e horror.
Dark Legend (USA)	Dark Legend o Suiko Enbu (Fuorilegge della dinastia perduta) è un combattimento uno contro uno in 2D ambientato nella Cina medievale e basato sui miti della classica storia cinese &quot;Shuihuzhuan&quot;. nnScegli tra un gruppo di 11 combattenti e scontrati l'uno contro l'altro usando le tue mosse e attacchi specifici. Inoltre, ogni personaggio combatte con la sua arma unica, ma a seconda di quanto blocchi la tua arma può rompersi e devi finire il combattimento a mani nude e usando un set di mosse diverso e attacchi generalmente più veloci (ma meno potenti). nnPresenta la modalità standard Vs testa a testa, oltre a una modalità originale che funziona come l'originale arcade e una modalità speciale con mosse arrangiate e bilanciamento ottimizzato
Dark Savior (USA)	Assumi il ruolo di Garian mentre cerca Bilan, un prigioniero evaso. Esplora più di 300 lussureggianti ambienti 3D e risolvi una varietà di enigmi. Una volta risolti alcuni enigmi, diventano disponibili nuove armi e oggetti. Quegli oggetti e l'artiglieria sono molto utili contro i mostri e i nemici che Garian incontrerà. Quando scoppia il combattimento, Garian dovrà sconfiggere un nemico in un combattimento di tre round. Oltre 8 finali diversi!
Dark Seed II (Japan)	Seed II vede le continue avventure del protagonista ricorrente Mike Dawson nell'artwork di H.R. Giger ?Dark World.? Il gioco è stato progettato e scritto dal futuro romanziere di James Bond Raymond Benson. Come nel caso di Dark Seed, le versioni console di Dark Seed II sono state rilasciate solo in Giappone, anche se sono state inoltre completamente doppiate in giapponese. A differenza del gioco originale, la versione Saturn di Dark Seed II non supporta il mouse Saturn. Dark Seed II è un gioco di avventura punta e clicca horror psicologico sviluppato e pubblicato da Cyberdreams nel 1995. Progettato e scritto dal futuro romanziere di James Bond Raymond Benson, il gioco è stato rilasciato per Microsoft Windows 3.x, Sega Saturn e Sony PlayStation
Darklight Conflict (USA) (En,Fr,De,Es,It,Sv)	Un gioco di combattimento spaziale come Wing Commander; controlli l'astronave, nei panni dell'uomo solitario che cerca di salvare l'umanità non da una, ma da due razze aliene. Ha anche modalità multiplayer come Race e Tag per gli utenti della rete IPX.
Darkseed (Japan)	Dark Seed è un gioco d'avventura in terza persona in cui si impersona Mike Dawson. Questo brillante pubblicitario è alla ricerca di solitudine per dedicarsi alla scrittura. La sua ricerca lo porta a Woodland Hills, dove acquista una magnifica villa vittoriana per una cifra irrisoria. Ma non appena arriva alla villa, un'irresistibile voglia di dormire lo costringe ad assopirsi. Il gioco inizia quando Mike si sveglia con un fastidioso mal di testa che gli impedisce di pensare: un incubo ossessionante, misteriose sparizioni, abitanti che si barricano in casa, agenti di polizia poco collaborativi. Tre giorni è il tempo a disposizione per capire cosa sta succedendo e per fermare la cospirazione organizzata dagli alieni, in agguato in un mondo oscuro collegato al nostro da uno specchio. Lo stesso appeso nel salotto di Mike Dawson.
Daytona USA (USA)	Daytona USA on Saturn è un porting dello stesso gioco di corse NASCAR giocabile su macchine arcade. Troverai 3 circuiti che puoi giocare in diverse modalità come la modalità Mirror. Questa versione include anche una nuova modalità specifica per il Saturn. Puoi giocare diversi tipi di gare, siano esse normali, Grand Prix o gare di durata, questo influenza notevolmente il numero di giri da completare.
Daytona USA - Championship Circuit Edition (USA)	Tutto il suo predecessore e poi alcuni. Più piste, molte più auto (anche auto nascoste), intelligenza artificiale più intelligente, più musica (non più testi nemmeno per la musica di gara in-game), gameplay a 2 giocatori più ampio, fisica arcade più raffinata... e soprattutto altrimenti- MIGLIORE GRAFICA! Il primo Daytona sul Saturn vantava alcuni effetti visivi pesanti, ottimi per mostrare il potere del Saturn alle masse alla nascita della console; ma affinché Saturno fosse venerato per tutto ciò che era, Sega (e AM2) hanno dovuto creare qualcosa di un po' più appariscente. Tutta la grafica del gioco è stata aggiornata...sia le auto che le piste hanno un numero maggiore di poligoni, una migliore mappatura delle texture; il framerate è MOLTO notevolmente migliorato, tutto è molto fluido.
Daytona USA - Circuit Edition (Japan)	Tutto il suo predecessore e poi alcuni. Più piste, molte più auto (anche auto nascoste), intelligenza artificiale più intelligente, più musica (non più testi nemmeno per la musica di gara in-game), gameplay a 2 giocatori più ampio, fisica arcade più raffinata... e soprattutto altrimenti- MIGLIORE GRAFICA! Il primo Daytona sul Saturn vantava alcuni effetti visivi pesanti, ottimi per mostrare il potere del Saturn alle masse alla nascita della console; ma affinché Saturno fosse venerato per tutto ciò che era, Sega (e AM2) hanno dovuto creare qualcosa di un po' più appariscente. Tutta la grafica del gioco è stata aggiornata...sia le auto che le piste hanno un numero maggiore di poligoni, una migliore mappatura delle texture; il framerate è MOLTO notevolmente migliorato, tutto è molto fluido.
Dead or Alive (Japan) (1M)	Il primo della serie Dead or Alive e presenta molte delle stesse caratteristiche che hanno reso la serie DoA così popolare oggi; combattimento alquanto realistico, buon design dei personaggi e donne poco vestite i cui seni rimbalzano molto. nnIl gioco non scherza troppo con una storia di fondo: è un combattente 3D uno contro uno che si svolge all'interno di un'arena di spazio limitato. Ogni personaggio ha il proprio modo unico di combattere, le proprie abilità e persino i propri hobby e simpatie. (Ad esempio, Ryu Hayabusa - sì, lui della fama di Ninja Gaiden - ama il sushi, l'alpinismo e la pesca.)
Deadalus (Japan) (1M)	Robotica è un gioco d'azione su Saturno. Operi in un universo in cui i robot sono colpiti da un virus e si sono ribellati per conquistare il mondo. Tu sei l'unico con il potere di fermarli! Equipaggiato con varie armi all'avanguardia, attraversi vari livelli per sterminare i robot malvagi.
Death Crimson (Japan)	Death Crimson è un gioco lightgun per Sega Saturn, è spesso considerato uno dei peggiori giochi per il sistema. Dieci anni fa, quando era ancora nell'esercito di Marumara, lui ei suoi due amici Danny e Greg trovarono alcune antiche rovine. All'interno, hanno trovato gioielli, vecchi libri e un'arma chiamata Crimson. I tre amici presero tutto ciò che potevano e fuggirono in patria. Non si sono mai più incontrati.
Death Throttle - Kakuzetsu Toshi kara no Dasshutsu (Japan)	Death Throttle: Kakuzetsu Toshi kara no Dasshutsu è un gioco di combattimento veicolare in prima persona. È stato originariamente rilasciato come Quarantine per computer DOS e 3DO nel 1994. Il gioco è simile a Crazy Taxi, con il giocatore che guida un taxi e sposta le persone da e verso varie posizioni sulla mappa.
DeathMask (Japan) (Disc 1)	Angel Devoid: Face of the Enemy è un gioco di avventura grafica noir basato su FMV del 1996 originariamente sviluppato da Electric Dreams Inc. e pubblicato da Mindscape per DOS e Mac OS. Il personaggio del giocatore è un detective della polizia, che indossa il volto di un famigerato terrorista criminale Angel Devoid. Vagando per la fittizia Neo-City, il giocatore incontra i conoscenti di Devoid e deve sopravvivere contro i rischi di morte.
DecAthlete (USA)	È un gioco sportivo in cui ti vengono proposti dieci eventi delle Olimpiadi estive. Scegli bene il tuo personaggio, perché ognuno ha le sue discipline preferite e inizia! Ci vorranno abilità e tempismo perfetto per avere successo nel tuo test. Una modalità per due giocatori ti consente di confrontare le tue imprese con quelle di un amico.
DecAthlete for SegaNet (Japan)	È un gioco sportivo in cui ti vengono proposti dieci eventi delle Olimpiadi estive. Scegli bene il tuo personaggio, perché ognuno ha le sue discipline preferite e inizia! Ci vorranno abilità e tempismo perfetto per avere successo nel tuo test. Una modalità per due giocatori ti consente di confrontare le tue imprese con quelle di un amico.
Deep Fear (Europe) (Disc 1)	Tutti i contatti sono persi con un sottomarino in missione di routine che poi si schianta contro una struttura sottomarina. Agli occupanti della struttura subacquea viene ordinato di salire a bordo del sottomarino e scoprire cosa è andato storto. A bordo della nave stanno accadendo cose strane che stanno prendendo il controllo dell'equipaggio. L'equipaggio sta mutando a causa di un parassita alieno ei membri del team di ricerca devono capire cosa sta succedendo e come fermarlo!
Defcon 5 (Europe)	DefCon 5 on Saturn è un gioco d'azione che prende in prestito alcuni elementi da un gioco di ruolo. Nel prossimo futuro, giocherai nei panni di un ingegnere responsabile dell'automazione dei sistemi informatici di una base di difesa quando viene attaccata. Sta a te trovare la tua strada, mettere le mani sui tasti giusti e gestire la tua attrezzatura per uscire da questa delicata situazione.
Defcon 5 - Peace Has a Price... (USA)	DefCon 5 on Saturn è un gioco d'azione che prende in prestito alcuni elementi da un gioco di ruolo. Nel prossimo futuro, giocherai nei panni di un ingegnere responsabile dell'automazione dei sistemi informatici di una base di difesa quando viene attaccata. Sta a te trovare la tua strada, mettere le mani sui tasti giusti e gestire la tua attrezzatura per uscire da questa delicata situazione.
DeJig - Aqua World (Japan)	Dejig Aqua World è un simulatore di puzzle per Sega Saturn rilasciato come parte della serie Dejig (Digital Jigsaw Puzzle) di Masudaya. Il gioco presenta 20 puzzle in totale composti da 72 e 108 pezzi di puzzle. Una volta completato il puzzle, i giocatori potranno guardare un video dell'immagine in azione.
DeJig - Lassen - Art Collection (Japan)	Questo volume di Dejig presenta 20 opere d'arte di Christian Riese Lassen che i giocatori possono riassemblare nella forma di un puzzle. I puzzle includono il tipo rettangolare standard e i tipi rotondi. Come bonus aggiuntivo c'è anche un documentario video di Christian Riese Lassen che si può facilmente dire è stato codificato da una videocassetta.
DeJig - McKnight - Art Collection (Japan)	Questo volume di Dejig presenta 20 opere d'arte di Thomas McKnight che i giocatori possono riassemblare nella forma di un puzzle. Come bonus aggiuntivo c'è anche un'intervista video di Thomas McKnight e sua moglie che parlano delle foto.
DeJig - Tin Toy (Japan)	Dejig Tin Toys si basa su giocattoli di latta degli anni '50. Ci sono 20 puzzle in totale che vanno dal puzzle da 72 pezzi piuttosto facile ai puzzle da 108 pezzi che richiedono più tempo. Oltre ai puzzle ci sono anche sezioni di film che mostrano ai giocatori i giocattoli in &quot;azione&quot;.
Deka 4-ku - Tough the Truck (Japan)	Hardcore 4x4, conosciuto brevemente in Nord America come TNN Motor Sports Hardcore 4x4 e conosciuto come Deka Yonku: Tough the Truck in Giappone, è un gioco di corse fuoristrada sviluppato per Sega Saturn da Gremlin Interactive. Durante lo sviluppo, divenne noto come Gears and Guts. Sebbene molto antiquato per gli standard odierni, Hardcore 4x4 è stato uno dei primi giochi di corse/guida fuoristrada in 3D a presentare una fisica realistica, con ogni veicolo dotato di sospensioni indipendenti.
Delisoba Deluxe (Japan)	Delisoba Deluxe è stato creato come collegamento al game show giapponese della metà degli anni '90 della TBS Tokyo Friend Park, dove uno dei giochi, Delisoba (&quot;delivery soba?), aveva celebrità comandare una moto virtuale che cercava di consegnare soba alla Fuji Network TV Studios. Deluxe è un? porto? di questo gioco al Saturn, che aggiunge funzionalità come un time attack e un editor di tracce, e non è stato venduto nei negozi, ma piuttosto regalato allo spettacolo (ai vincitori o al pubblico).
Dennou Senki - Virtual On - Cyber Troopers (Japan)	Virtual On è impostato in modo simile a un gioco di combattimento Versus. Due virtuaroidi (Mecha) si fronteggiano su un palco. I giocatori usano una varietà di armi da fuoco, esplosivi, armi da mischia e altre tecniche per distruggere il nemico per un determinato numero di round, di solito una singola battaglia, o meglio due su tre round, come i giochi di combattimento. Il gioco è fatto per essere giocato con una configurazione a due joystick, nota come twin-stick. Ogni stick è dotato di un grilletto e di un pulsante sulla parte superiore dello stick. Le levette gemelle controllano il virtuaroid sullo schermo in modo molto simile a un bulldozer. Spingere o tirare entrambi i bastoncini in una direzione lo fa muovere in quella direzione, mentre spingendo uno stick in avanti e tirando indietro l'altro lo fa girare in avanti. Se si separano i bastoncini, il virtuaroid salta in aria e si gira automaticamente per affrontare l'avversario. Tirandoli l'uno verso l'altro mentre si preme un grilletto, il virtuaroid si inclina mentre spara.
Dennou Senki - Virtual On - Cyber Troopers for SegaNet (Japan)	Virtual On è impostato in modo simile a un gioco di combattimento Versus. Due virtuaroidi (Mecha) si fronteggiano su un palco. I giocatori usano una varietà di armi da fuoco, esplosivi, armi da mischia e altre tecniche per distruggere il nemico per un determinato numero di round, di solito una singola battaglia, o meglio due su tre round, come i giochi di combattimento. Il gioco è fatto per essere giocato con una configurazione a due joystick, nota come twin-stick. Ogni stick è dotato di un grilletto e di un pulsante sulla parte superiore dello stick. Le levette gemelle controllano il virtuaroid sullo schermo in modo molto simile a un bulldozer. Spingere o tirare entrambi i bastoncini in una direzione lo fa muovere in quella direzione, mentre spingendo uno stick in avanti e tirando indietro l'altro lo fa girare in avanti. Se si separano i bastoncini, il virtuaroid salta in aria e si gira automaticamente per affrontare l'avversario. Tirandoli l'uno verso l'altro mentre si preme un grilletto, il virtuaroid si inclina mentre spara.
Denpa Shounen-teki Game (Japan) (Rerelease)	Denpa Shounen Teki Game è un gioco di società per Sega Saturn, composto da 10 minigiochi. Esistono due versioni del gioco: T-14316G (non in vendita) e T-14318G (esclusiva del negozio).
Densetsu no Ogre Battle (Japan)	Tactical RPG Ogre Battle: The March of the Black Queen si offre di guidare la tua ribellione su Saturno. L'Impero Zenobiano ha conquistato tutte le tue terre e devi guidare il tuo esercito per riprenderle. All'inizio del gioco, un mago pesca una carta dei tarocchi e ti fa domande per determinare la tua personalità e il tuo futuro. A seconda delle tue risposte, la storia ti porterà a diventare un tiranno o un onorevole capo delle truppe.
Densha de Go! EX (Japan)	La conversione Sega Saturn della simulazione di guida del treno arcade Densha de Go! si basa sull'edizione EX, che include altri due percorsi su cui viaggiare, oltre alla possibilità di guidare sulla neve. nnL'obiettivo è quello di trasportare i passeggeri lungo diverse linee ferroviarie giapponesi arrivando alle stazioni in tempo e fermandosi esattamente nelle posizioni contrassegnate, rispettando tutti i limiti e i segnali di velocità.
Derby Analyst (Japan)	Derby Analyst è un gioco d'azzardo basato sulle corse di cavalli per Sega Saturn. Il gioco è stato pubblicato da Media Entertainment, che è stato rilasciato in Giappone nel 1997.
Derby Stallion (Japan)	Derby Stallion è un simulatore di allevamento di cavalli da corsa di Parity Bit e ASCII portato su Sega Saturn nel 1999. Fa parte della popolare serie di simulazioni di cavalli da corsa di ASCII con lo stesso nome. Il gioco era abbastanza popolare da giustificare di per sé che è un Saturn in edizione limitata che sembra anche essere il Saturn più costoso realizzato da Sega.
Deroon Dero Dero (Japan) (1M)	Dero~n Dero Dero è un gioco arcade del 1995 di Tecmo portato su Sega Saturn nel 1996. Altri port sono stati rilasciati all'estero come Tecmo Stackers, così come una versione nordamericana pianificata per novembre 1996. Il gioco funziona in modo simile ad altri puzzle di blocchi che cadono giochi nello stile di Puyo Puyo, tranne per il fatto che dopo ogni cancellazione, i blocchi rimanenti ?arrivano fuori? (allungati a sinistra, in basso ea destra), trovando altri blocchi dello stesso colore a cui agganciarti.
Desire (Japan) (Disc 1)	Desire on Saturn è un gioco di avventura rivolto a un pubblico maturo, il gioco che mostra scene erotiche. La storia ruota attorno a un misterioso complesso di ricerca chiamato Desire situato su un'isola in mezzo all'oceano. L'avventura è suddivisa in 4 capitoli, che corrispondono infatti a 4 diversi punti di vista permettendo di rivivere gli eventi accaduti sull'isola attraverso 4 personaggi distinti.
Destruction Derby (Europe)	Probabilmente ti senti come un manichino del crash test quando giochi a questo gioco: non è solo un gioco di corse, ma ottieni punti per distruggere i tuoi nemici! La quantità di punti che ottieni dipende da come li colpisci ... ad es. ottieni più punti per fargli fare un 360 diverso da guidare contro di loro ad alta velocità. Il gioco ha molto altro da offrire: una modalità testa a testa con solo due auto o il leggendario derby di distruzione stesso - un'enorme arena, ogni macchina parte dal bordo di essa, e poi - buon incidente!
Detana Twinbee Yahoo! Deluxe Pack (Japan) (3M)	Detana Twinbee Yahho! Deluxe Pack è stato uno dei primi giochi Saturn di Konami insieme a Parodius. Il pacchetto include due diversi giochi Twinbee, il più vecchio Detana Twinbee del 1991 e il più recente Twinbee Yahho! dal 1995. Il gioco principale di questo pacchetto è Twinbee Yahho! Presenta un sacco di parole come ti aspetteresti oltre a una grafica molto migliore rispetto all'altro gioco Twinbee che mescola bellissimi sfondi con alcuni bei effetti di ridimensionamento. Oh, e non dimentichiamo l'audio molto più chiaro.
Device Reign (Japan)	DeviceReign è un gioco di strategia, sviluppato da Starlight Marry e pubblicato da Media Works, che è stato rilasciato in Giappone nel 1999. Il gioco presenta il tipico gioco di avventura giapponese con una bella grafica con un carico di testo e talento vocale. Ma ha anche sezioni di battaglia, che si svolgono nel classico stile a griglia come si vede in molti giochi di simulazione di guerra.
Devil Summoner - Soul Hackers (Japan) (Disc 1)	Shin Megami Tensei: Devil Summoner 2: Soul Hackers è un gioco di ruolo su Saturno. Ad Amami City, tutti i computer sono collegati a reti gigantesche, in cui vengono creati spazi virtuali. Membro di un gruppo di hacker, scopri che una di queste reti, Paradigm-X, sta infatti nascondendo un piano demoniaco. Prendendo le basi della serie, l'app mantiene anche la nozione di lealtà e prende la visuale in prima persona.
Devil Summoner - Soul Hackers - Akuma Zensho Dainishuu (Japan)	Il gioco si svolge nella piccola città portuale fittizia di Amami City in Giappone. La società Algon Soft ha fatto di Amami il suo quartier generale, il che ha portato al rapido aggiornamento della tecnologia in città; Algon Soft ha collegato ogni casa e attività commerciale della città alla sua nuova rete per dimostrare come una ?città di domani? potrebbe funzionare. Il governo giapponese è impressionato e concede ad Algon Soft il permesso di espandere la rete nel resto del Giappone nei prossimi anni. Si svolge anche nel mondo virtuale Paradigm X sui server di Algon Soft, dove i cittadini di Amami possono visitare le attrazioni virtuali.
Devil Summoner - Soul Hackers Extra Dungeon (Japan) (3M)	Shin Megami Tensei: Devil Summoner 2: Soul Hackers è un gioco di ruolo su Saturno. Ad Amami City, tutti i computer sono collegati a reti gigantesche, in cui vengono creati spazi virtuali. Membro di un gruppo di hacker, scopri che una di queste reti, Paradigm-X, sta infatti nascondendo un piano demoniaco. Prendendo le basi della serie, l'app mantiene anche la nozione di lealtà e prende la visuale in prima persona.
Dezaemon 2 (Japan)	Dezaemon 2 su Saturn ti consente di creare i tuoi giochi sparatutto bidimensionali, a scorrimento verticale o orizzontale, dandoti la scelta di nemici, sfondi, armi e poteri per la tua nave. Il gioco ha anche tre giochi sparatutto già creati dagli sviluppatori.
Die Hard Arcade (USA)	Die Hard Arcade on Saturn è un gioco d'azione ispirato ai film Die Hard. L'avventura si svolge in un grattacielo preso d'assalto dai terroristi che tengono in ostaggio la figlia del presidente. Con uno o due giocatori, sali i piani uno per uno, sbarazzandoti di tutti i nemici che si frappongono per arrivare finalmente sul tetto e affrontare il boss finale.
Die Hard Trilogy (USA)	Die Hard Trilogy on Saturn è un gioco d'azione diviso in tre parti distinte, una per ciascuno dei primi film della serie Die Hard. Il primo è uno sparatutto tridimensionale nella Nakatomi Plaza, il secondo è uno sparatutto su rotaia che si svolge nell'aeroporto di Washington e infine il terzo gioco ti mette al volante di un taxi guidato da John McClane che deve viaggiare a lungo attraverso New York per disinnescare le bombe.
Digital Ange - Dennou Tenshi SS (Japan)	Digital Ange: Dennou Tenshi SS è un gioco di avventura, sviluppato da Koga Game Factory e pubblicato da Tokuma Shoten, uscito in Giappone nel 1997. È difficile essere gentili con le persone? Credi che l'amore sia più forte delle armi? La fine del mondo si avvicina. Se può essere salvato o meno dipende dalle risposte a queste domande.
Digital Dance Mix Vol. 1 - Namie Amuro (Japan) (Rev A) (11M)	Digital Dance Mix Vol.1 Namie Amuro è un gioco Sega Saturn realizzato da Sega AM2. È basato sulla cantante giapponese Namie Amuro. Prodotto da Yu Suzuki, è un gioco musicale che consisteva in vari minigiochi, tra cui un gioco ritmico e un puzzle game. Questo gioco ha preceduto l'uscita e anticipato alcuni elementi dei popolari giochi arcade di Konami Beatmania e Dance Dance Revolution.
Digital Monster Ver. S - Digimon Tamers (Japan)	Gli hacker invadono Digiworld e tu e il tuo Digimon dovete fermarli. Devi raccogliere 5 monete da tutta File Island. Tuttavia, se perdi contro un hacker, perdi una moneta.
Digital Pinball (Europe) (4S)	Digital Pinball: Last Gladiators , chiamato anche semplicemente Last Gladiators (in Nord America) o Digital Pinball (in Europa), è un gioco di flipper sviluppato da KAZe e pubblicato su Sega Saturn nel 1995. È uno dei numerosi video giochi di flipper sviluppati da KAZe e segue direttamente la serie Super Pinball su Super Famicom. nnDurante lo sviluppo Digital Pinball era conosciuto come Pinball Arena: Last Gladiators. Era anche una volta impostato per essere pubblicato da U.S. Gold in Nord America come Fantasy PinballnnnnUn sequel solo per il Giappone, Digital Pinball: The Necronomicon è stato rilasciato nel 1996. Nel 1997, Last Gladiators ha ricevuto una riedizione aggiornata solo per il Giappone intitolata Digital Pinball: Last Gladiators Ver.9.7
Digital Pinball - Last Gladiators (Japan)	Digital Pinball: Last Gladiators , chiamato anche semplicemente Last Gladiators (in Nord America) o Digital Pinball (in Europa), è un gioco di flipper sviluppato da KAZe e pubblicato su Sega Saturn nel 1995. È uno dei numerosi video giochi di flipper sviluppati da KAZe e segue direttamente la serie Super Pinball su Super Famicom. nnDurante lo sviluppo Digital Pinball era conosciuto come Pinball Arena: Last Gladiators. Era anche una volta impostato per essere pubblicato da U.S. Gold in Nord America come Fantasy PinballnnnnUn sequel solo per il Giappone, Digital Pinball: The Necronomicon è stato rilasciato nel 1996. Nel 1997, Last Gladiators ha ricevuto una riedizione aggiornata solo per il Giappone intitolata Digital Pinball: Last Gladiators Ver.9.7
Digital Pinball - Last Gladiators Ver.9.7 (Japan)	Questa riedizione di Digital Pinball: Last Gladiators presenta un gameplay ribilanciato, una fisica della palla modificata e la possibilità di salvare più punteggi per tavolo invece di uno solo. Include anche una demo giocabile del loro gioco di flipper recentemente pubblicato Digital Pinball: Necronomicon.
Digital Pinball - Necronomicon (Japan)	Digital Pinball: Necronomicon è un videogioco di flipper creato per Sega Saturn da KaZe nel 1996. Rilasciato solo in Giappone, questo gioco 2D ad alta risoluzione trae gran parte della sua ispirazione grafica e audio dal metafiction Necronomicon.
Digital Pinball - Necronomicon - Revelations (Japan) (Demo)	Digital Pinball: Necronomicon è un videogioco di flipper creato per Sega Saturn da KaZe nel 1996. Rilasciato solo in Giappone, questo gioco 2D ad alta risoluzione trae gran parte della sua ispirazione grafica e audio dal metafiction Necronomicon.
Dino Island (Japan)	Dinosaur Island è un'animazione interattiva. Tutta l'animazione è a schermo intero e in tempo reale alimentata dal vero Saturno. Non FMV che di solito è il caso. L'isola dei dinosauri per quanto riguarda la storia è divertente e piena di umorismo tipico dello stile giapponese. Un gruppo di esploratori contemporanei in Islanda entra in un corridoio profondo, lungo e cavernoso e scopre un mondo perduto di dinosauri ancora esistente al centro della Terra.
Dino Island - Yokoku-hen (Japan)	Dino Island - Yokoku-hen è un gioco di animazione realizzato da Game Arts per Sega Saturn nel 1996, animazione 2D, il giocatore ha alcune interazioni ma generalmente segue solo la storia in modo lineare.
Disc Station Bessatsu - I Miss You. Tanaka Katsumi (Japan) (1M)	Prodotto e distribuito da Compile per Sega Saturn nel 1997 è una compilation di minigiochi con temi musicali radiofonici, i giochi sono in 2D e l'HUB radio è in 3D dove puoi selezionare la tua musica preferita per giocare e rilasciare nuove canzoni.
Discworld (Japan)	Questo gioco di avventura ti mette nei panni di Scuotivento, un mago il cui unico scopo nella vita è rimanere in vita. Sembra anche molto bravo, perché a quanto pare l'universo ha deciso di sfidarlo continuamente. nnIl gioco si svolge nel folle mondo fantasy creato da Terry Pratchett, uno degli autori più divertenti di questo mondo, ed è generalmente pazzo.
Discworld II - Missing Presumed...! (Europe) (En,Fr,De,Es,It)	Discworld II: Presunta scomparsa...!? (Discworld II: Mortality Bytes! in Nord America) è il secondo gioco di avventura punta e clicca basato sulla serie di romanzi fantasy di Terry Pratchett ambientati nel mitico Mondo Disco. Il gioco è stato sviluppato e prodotto nel 1996 da Perfect Entertainment per PC e portato nel 1997 per PlayStation e Sega Saturn. È stato pubblicato da Psygnosis per PC e PlayStation e da Sega per Saturn (solo in Europa).
DJ Wars (Japan) (Rev A) (10M)	DJ Wars è un gioco ritmico di Sega Saturn. È arrivato con un foglio di adesivi gratuito. nnDJ Wars è essenzialmente un gioco di musica ritmica a forma libera, senza lo stretto controllo, ad esempio, di Dance Dance Revolution. Questo sembra essere molto più vicino - abbastanza interessante - a Wii Music di Nintendo. Il gioco ti manda, un aspirante DJ, in vari club per impressionare i ballerini e mostrare le tue abilità. Non ci sono linee guida che ti dicono esattamente cosa fare e quando farlo; devi davvero scoprire il flusso e imparare cosa piace a ogni folla. In questo senso, è molto più una simulazione da DJ che altro.
DoDonPachi (Japan)	DoDonPachi è il seguito di Cave alla loro versione arcade del 1995 DonPachi. Come il suo predecessore, DoDonPachi è uno sparatutto maniacale a scorrimento verticale e a tema militare e robotico con un'ape gigante mecha per un boss finale. La nave del giocatore e il gameplay sono praticamente gli stessi di DonPachi, con una delle tre armi selezionate all'inizio e poi livellate raccogliendo potenziamenti rilasciati.
DonPachi (Japan)	DonPachi è uno sparatutto a scorrimento verticale sviluppato da Cave e pubblicato nelle sale giochi nel novembre 1995. Successivamente è stato portato su Sega Saturn l'anno successivo. È il primo della serie DonPachi e non è stato rilasciato al di fuori del Giappone. Il giocatore controlla un combattente e deve concentrarsi costantemente sui numerosi nemici e schemi di proiettili per evitare la distruzione.
Doom (USA)	In Doom, i giocatori assumono il ruolo di un'armata spaziale anonima, popolarmente conosciuta come &quot;Doom guy&quot;, combattendo contro orde di demoni invasori dall'Inferno. Con un terzo del gioco, nove livelli distribuiti come shareware, Doom è stato giocato da circa 20 milioni di persone entro due anni dalla sua uscita, rendendo popolare il gameplay e generando una sottocultura del gioco. Oltre a rendere popolare il genere FPS, è stato pioniere della grafica 3D immersiva, dei giochi multiplayer in rete e del supporto per aggiunte e modifiche personalizzate tramite file compressi in un file di dati noto come &quot;WAD&quot;. Come segno del suo effetto sull'industria, i giochi sparatutto in prima persona del boom degli anni '90, notevolmente aiutati dall'uscita del gioco, divennero noti semplicemente come &quot;cloni di Doom&quot;. La sua violenza grafica, così come le immagini sataniche, hanno reso Doom oggetto di controversie.
Doraemon - Nobita to Fukkatsu no Hoshi (Japan)	Doraemon: Nobita for Fukkatsu no Hoshi è un gioco d'azione, sviluppato da SAS Sakata e pubblicato da Epoch, uscito in Giappone nel 1996. Un inverno, il gatto blu robotico del futuro, Doraemon, porta Nobita e i suoi amici in un viaggio . nello spazio.Tuttavia, quando volano attraverso la galassia, finiscono per atterrare su uno strano pianeta dopo un incidente... e vengono attaccati da strani robot non appena atterrano! Ora Nobita e i suoi amici devono scoprire cosa è successo su questo strano pianeta e trovare un modo per riparare la loro nave e tornare a casa!
Double Switch (USA) (Disc 1)	Double Switch è uno dei tanti videogiochi in full motion di Digital Pictures della metà degli anni '90. In questo &quot;mistero cinematografico&quot; devi guardare le telecamere di servizio per intrappolare gli intrusi nella villa di Edward Arms. nnDouble Switch è interpretato da Corey Haim e Deborah Harry e presenta una colonna sonora di Thomas Dolby.
Doukoku Soshite... (Japan) (1M)	Doukoku Soshite... è un gioco di avventura che incorpora elementi di stili di avventura sia occidentali che giapponesi. Come la maggior parte dei &quot;romanzi digitali&quot;, ci sono più finali a seconda delle decisioni che i giocatori prendono durante il gioco (principalmente riguardo al rapporto con le ragazze). Tuttavia, a differenza dei romanzi digitali, il gioco offre un gameplay in stile occidentale con libertà di movimento, interazione con l'ambiente, inventario e puzzle basati sugli oggetti.
Doukyuusei - if (Japan) (1M, 2M)	In Doukyuusei if, il giocatore assume il ruolo di uno scolaro di una città giapponese. I suoi genitori si sono appena trasferiti in una grande villa in un buon quartiere. Il ragazzo deve frequentare la sua nuova scuola, ma la sua mente è preoccupata da un solo argomento: le belle ragazze. Invece di studiare duramente, Takurou decide di esplorare la città e di conoscere meglio i suoi abitanti. Doukyuusei è più interattivo della maggior parte degli altri giochi d'avventura giapponesi, utilizza l'interfaccia punta e clicca (con icone contestuali per parlare, toccare, ecc.) e offre una navigazione libera su e giù per la città e l'edificio scolastico. Il protagonista può entrare in ristoranti, negozi, caffè e altro ancora. È anche possibile prendere un treno per raggiungere un altro quartiere da esplorare.
Doukyuusei 2 (Japan) (Disc A)	Doukyuusei 2 è una classica &quot;avventura d'amore&quot;. Sei una studentessa delle superiori, tuo padre è un famoso archeologo che viaggia per il mondo e tua madre è morta quando eri piccola. È il terzo anno della scuola superiore 88 e la tua principale preoccupazione è la tua vita sentimentale. Riuscirete a uscire con successo e ad avere un lieto fine con uno dei quindici affascinanti compagni di classe? Le meccaniche di gioco sono molto simili a quelle di un classico gioco d'avventura, ma la trama si concentra esclusivamente sulla vostra relazione con le ragazze. È possibile spostarsi con il proprio personaggio su una &quot;mappa della città&quot;, visitando diversi luoghi. È possibile prendere appuntamenti e recarsi in luoghi diversi a orari specifici. Le decisioni prese influenzano la storia.
Dragon Ball Z - Idainaru Dragon Ball Densetsu (Japan)	Dragon Ball Z: Legends on Saturn è un altro gioco di combattimento quando conosci la serie. Tuttavia, porta una certa originalità nel senso che è possibile combattere con tre per squadra. All'inizio sono giocabili sei personaggi e man mano che avanzi, puoi aumentare questo numero a 35.
Dragon Ball Z - La Grande Legende des Boules de Cristal (France, Spain)	Dragon Ball Z: Legends on Saturn è un altro gioco di combattimento quando conosci la serie. Tuttavia, porta una certa originalità nel senso che è possibile combattere con tre per squadra. All'inizio sono giocabili sei personaggi e man mano che avanzi, puoi aumentare questo numero a 35.
Dragon Ball Z - Shinbutouden (Japan)	È il quarto e ultimo capitolo della serie Butouden. Presenta 27 personaggi giocabili, i loro sprite sono quelli usati nel gioco precedente &quot;Dragon Ball Z - Ultimate Battle 22&quot; per Sony PlayStation. Inoltre, l'introduzione del gioco è realizzata con scene riciclate dall'introduzione di Ultimate Battle 22.
Dragon Force (USA)	Fatti avanti guerriero coraggioso. Il destino del mondo di Legendra è solo nelle tue mani. Gioca nei panni di uno degli otto signori della guerra, ognuno con una trama unica, per conquistare le forze del male di Madruk in questo incredibile gioco di ruolo/strategia.
Dragon Force II - Kami Sarishi Daichi ni (Japan)	Cinquecento anni dopo che Wein e i suoi amici hanno sconfitto il male che ha afflitto il continente diviso di Legendra, il male si prepara prevedibilmente a rivelare ancora una volta la sua testa annerita. La terra è di nuovo invasa da misteriosi cavalieri oscuri, che allertano gli otto nuovi protagonisti del gioco dell'imminente tempesta. Proprio come prima, scegli uno degli otto sovrani di Legendra e raccogli il sostegno degli altri sette per reprimere l'ondata malvagia.
Dragon Master Silk (Japan)	La trama di questo gioco di ruolo semi-comico è piuttosto semplice: una creatura angelica di nome Silk deve sconfiggere il Principe delle Tenebre, che governa il suo dungeon pieno di corridoi claustrofobici e mostri. Il gioco è un dungeon crawler con combattimenti a turni in stile giapponese. L'intero gioco è visto dalla prospettiva in prima persona. La maggior parte del gioco è navigare nei sotterranei 3D, combattendo nemici e boss regolari.
Dragon's Dream (Japan)	È il primo RPG in rete al mondo con console di gioco di consumo come piattaforma principale. Inizialmente, fu rilasciato solo il software client per Sega Saturn, ma più tardi fu annunciato anche il client per Windows. Il gioco si svolge come un RPG 3D dungeon crawler. Il mondo di gioco (server) era unico e tutti i partecipanti giocavano sullo stesso server indipendentemente dalla piattaforma (pc o saturn). Ci sono due mondi principali, il mondo umano &quot;Messeria&quot; e il mondo parallelo dei demoni &quot;Tyzeria&quot;. Si dice che un esperimento condotto dagli scienziati di Messeria abbia creato un buco nello spazio-tempo e che l'invasione dei demoni sia partita da Tyzeria.
DragonHeart - Fire & Steel (USA)	Dragonheart: Fire and Steel è stato rilasciato al pubblico nel 1996 ed è un picchiaduro 2D a scorrimento laterale basato sul film con lo stesso nome. I giocatori assumono il ruolo di un cavaliere in pensione che deve tornare in azione e rimanere fedele ai giuramenti che ha fatto molto tempo fa. La tirannia di un principe malvagio minaccia la terra e il cavaliere (che era un ex uccisore di draghi) può sconfiggere questo nobile intrigante solo con l'aiuto di un amico che si dà il caso che sia l'ultimo drago sopravvissuto sulla Terra.
Dream Square - Hinagata Akiko (Japan) (2M)	Dream Square Hinagata Akiko è un disco multimediale per Sega Saturn, con l'attrice e cantante giapponese Akiko Hinagata in varie sequenze video. Il gioco è stato anche rilasciato come edizione speciale con una scatola di presentazione speciale e un calendario dal 1997 al 2001. Akiko Hinagata (nata il 27 gennaio 1978) è un'attrice giapponese ed ex idolo della rotocalco. Ha fatto il suo debutto come attrice nel 1992 nel dramma della TBS Obenky?. Nel 1994 è stata scelta dalla Fuji Television Visual Queen.
Drift King Shutokou Battle '97 - Tsuchiya Keiichi & Bandou Masaaki (Japan)	Battle of Shutokou '97: Tsuchiya Keiichi & Bandou Masaaki è un gioco di corse per PlayStation e Sega Saturn. La versione Saturn è stata rilasciata solo in Giappone; La versione PlayStation è stata rilasciata come Tokyo Highway Battle con auto personalizzate, un evento comune nel periodo del debutto della serie. Da allora, tuttavia, la polizia giapponese ha iniziato a reprimere le corse su strada e la scena dell'hashiriya. È stata inoltre emanata una legislazione contro le corse su strada, che impone multe più elevate per le infrazioni nelle corse su strada.
Druid - Yami e no Tsuisekisha (Japan)	Il gameplay di Druid è in qualche modo simile a quello di Ultima VIII: Pagan. È un gioco di ruolo d'azione con una semplice interfaccia punta e clicca e un combattimento orientato all'azione. I giocatori possono eseguire due diversi tipi di attacchi fisici (alto e basso) e lanciare una varietà di incantesimi. Non c'è festa nel gioco.
Duke Nukem 3D (USA)	Duke Nukem 3D è un gioco sparatutto in prima persona su Saturno. Gli alieni hanno invaso la Terra e stanno distruggendo tutto a Los Angeles. Sta a te rimandarli da dove sono venuti con colpi di pistola e scosse di assestamento feroci. Elimina i tuoi nemici e raccogli armi man mano che il gioco procede per diventare una vera macchina per uccidere!
Dungeon Master Nexus (Japan)	Dungeon Master Nexus è il primo gioco della serie Dungeon Master che utilizza un motore grafico 3D. Il gioco presenta 3 dungeon con 15 livelli in totale. Entrando al piano terra del dungeon, il giocatore deve comporre il suo party composto da un massimo di 4 eroi della &quot;Hall of Champions&quot;. Durante il gioco, il giocatore trova pergamene con incantesimi composti da 6 simboli diversi che possono essere usati dai miei maghi. La maggior parte dei mostri e degli avversari (mummie, alberi, goblin, cavalieri, draghi) che compaiono nel gioco sono presenti anche nel gioco originale di Dungeon Master, così come il boss finale. La struttura del dungeon è stata conservata così come alcuni degli enigmi da risolvere.
Dungeons & Dragons Collection (Japan) (Disc 1) (Tower of Doom)	La collezione Dungeons & Dragons è una raccolta della serie Dungeons & Dragons di Capcom, composta dai giochi arcade coin-op Dungeons & Dragons: Tower of Doom e Dungeons & Dragons: Shadow Over Mystara. Il gameplay è in stile picchiaduro alla Streets of Rage.
DX Nippon Tokkyuu Ryokou Game - Let's Travel in Japan (Japan)	DX Nippon Tokkyuu Ryokou Game è un gioco da tavolo per Sega Saturn, che segue lo stampo del Monopoly o del gioco immobiliare con una semplice grafica 2D.
Dynamite Deka (Japan)	Die Hard Arcade on Saturn è un gioco d'azione ispirato ai film Die Hard. L'avventura si svolge in un grattacielo preso d'assalto dai terroristi che tengono in ostaggio la figlia del presidente. Con uno o due giocatori, sali i piani uno per uno, sbarazzandoti di tutti i nemici che si frappongono per arrivare finalmente sul tetto e affrontare il boss finale.
Earthworm Jim 2 (USA)	Un normale lombrico medio di nome Jim svolge la sua normale vita quotidiana, girando intorno evitando i corvi e facendo altre cose generiche simili a vermi. Jim viene improvvisamente colpito da una gigantesca tuta cibernetica ultra-tecnologica-indistruttibile-super-spaziale. Per pura fortuna, Jim riposa al sicuro nell'anello del collo della tuta. nnImprovvisamente, le particelle spaziali ultra high-tech della tuta iniziano a interagire con la morbida carne verminosa di Jim. Ha luogo una radicale evoluzione della velocità della luce. nnJim si rende presto conto di avere il controllo della tuta. nnIl gameplay è simile al primo gioco, con Jim che salta e corre attraverso i livelli. Ci sono 5 armi in più rispetto al gioco originale da collezionare. Compaiono personaggi come la Principessa Whats-Her-Name e Psy-Crow.
Eberouge (Japan) (Disc 1) (1M)	Eberouge è un gioco di simulazione di appuntamenti per Sega Saturn. La storia si svolge in un mondo parallelo chiamato EbeLand. L'ambientazione è simile all'età medievale in Europa. La magia è comune ed è una materia comune insegnata nei college. In questo mondo, l'ecosistema è originato e sostenuto da un enorme albero centrale. Tuttavia, a causa dell'eccessivo sviluppo delle industrie e dell'uso di combustibili fossili, il riscaldamento globale è dilagante. L'enorme albero sta morendo, il che mette in pericolo il mondo di gioco.
Eberouge Special - Koi to Mahou no Gakuen Seikatsu (Japan)	Eberouge Special: Koi to Mahou no Gakuen Seikatsu è un altro gioco d'amore ambientato in un classico marittimo europeo mescolato ai tempi moderni. Il gioco è il terzo gioco della serie. Il gioco inizia quando il personaggio del giocatore arriva alla scuola di magia quando ha 15 anni. Durante il gioco lo studente incontrerà diversi insegnanti e compagne di classe con cui potrà uscire.
Eisei Meijin (Japan) (2M)	Eisei Meijin è un gioco shougi per Sega Saturn realizzato da Konami. Lo Shogi, noto anche come scacchi giapponesi, è la versione giapponese degli scacchi. A differenza dell'Occidente, dove tutti i paesi hanno la stessa versione del gioco degli scacchi, in Oriente ogni paese ha la propria versione nazionale del gioco: Xiang Qi in Cina, Janggi in Corea, Makruk in Thailandia, Sittuyin in Myanmar, ecc.
Eisei Meijin II (Japan)	Eisei Meijin II è un gioco shougi, pubblicato da Konami, che è stato rilasciato in Giappone nel 1996 per Sega Saturn. È il seguito di Eisei Meijin. Il gioco è simile all'originale a parte un front-end diverso.
Eiyuu Shigan - Gal Act Heroism (Japan)	Ehi? Shigan: Gal Act Heroism differisce nella premessa e nella struttura dalla stragrande maggioranza dei giochi di ruolo giapponesi concentrandosi su ricerche non lineari piuttosto che seguire una narrativa sviluppata. Il gioco è ambientato su un'isola senza nome, che ha elementi di fantasia medievale e civiltà futuristica. Permette al giocatore di controllare un gruppo di tre studentesse della Scuola di Avventura.
Elevator Action^2 - Returns (Japan)	Elevator Action Returns, pubblicato come Elevator Action II in Nord America, è un gioco d'azione a scorrimento laterale di Taito Corporation originariamente pubblicato per le sale giochi nel 1994 come sequel del gioco arcade del 1983 Elevator Action. Elevator Action Returns mantiene l'espediente basato sull'ascensore dell'originale, ma espande e migliora il sistema di gioco e sostituisce il motivo della spia con un nuovo scenario che coinvolge una squadra paramilitare che combatte contro un gruppo terroristico. Il gioco per lo più ben accolto è stato portato su Sega Saturn e rilasciato solo in Giappone come Elevator Action² Returns nel 1997, e successivamente incluso nella compilation di Taito Legends 2 per PlayStation 2, Windows e Xbox nel 2006.
Elf o Karu Monotachi (Japan) (Disc 1)	Elf wo Karu Monotachi è un gioco di avventura per Sega Saturn. È basato sull'anime Quelli che cacciano gli elfi, noto anche per la sua versione abbreviata THWE del 1996. La trama principale ruota attorno a 4 personaggi, tre terrestri provenienti dal Giappone e una maga elfa nativa. La storia inizia quando la maga elfo Celcia, invocando una grande magia per sconfiggere una potente strega, finisce per portare 3 persone a caso dalla Terra al suo pianeta, dove vivono esseri magici, tra elfi e umanoidi.
Elf o Karu Monotachi - Hanafuda-hen (Japan)	Elf wo Karu Monotachi: Hanafuda Hen è fondamentalmente un gioco hanafuda con i personaggi di Elf Wo Karu Monotachi inseriti insieme a una piccola storia. Secondo l'adesivo sulla parte anteriore della custodia, il gioco viene fornito con una carta che offre ai giocatori la possibilità di ottenere carte collezionabili hanafuda originali.
Elf o Karu Monotachi II (Japan) (Disc 1)	Elf wo Karu Monotachi II, sequel di Elf wo Karu Monotachi, è stato pubblicato da Altron e pubblicato in Giappone nel 1998. A differenza dell'originale, questo seguito è fondamentalmente un anime interattivo. Non appena i giocatori iniziano il gioco, sorge il primo problema. Il maschio muscoloso del gruppo ha bisogno di una discarica ma non c'è carta igienica. Questo ha creato l'atmosfera del resto della storia.
Emit Vol. 1 - Toki no Maigo (Japan)	EMIT Vol. 1: Toki no Maigo (?Lost in Time?) è il primo di una trilogia di giochi di avventura su una giovane ragazza, Yuri, che un giorno incontra uno strano vecchio in cerca di un orologiaio e alla fine viene catturata in un tempo- situazione di viaggio. Il gioco consiste in una serie di video che possono avere audio o sottotitoli in inglese o giapponese intervallati da esercizi di allenamento in inglese.
Emit Vol. 2 - Inochigake no Tabi (Japan) (Rev A)	Emit è un romanzo visivo, diviso in tre parti, progettato per aiutare i giapponesi a studiare l'inglese. Il gioco può essere giocato in inglese o in giapponese. Ci sono due modalità di gioco: la modalità storia e la modalità inglese. La modalità storia è il gioco principale, diviso in capitoli, in cui i giocatori possono seguire la trama e svolgere una serie di esercizi dopo ogni capitolo. Nella modalità storia, i giocatori possono interrompere il gioco in qualsiasi momento per cercare un termine che non hanno capito o per cambiare la lingua. Il secondo gioco è incentrato sul viaggio di Yuri in un altro mondo dove invecchia di un anno al giorno e deve trovare un modo per tornare nel suo mondo.
Emit Vol. 3 - Watashi ni Sayonara o (Japan) (Rev A)	Emit è un romanzo visivo, diviso in tre parti, progettato per aiutare i giapponesi a studiare l'inglese. Il gioco può essere giocato in inglese o in giapponese. Esistono due modalità di gioco: la modalità storia e la modalità inglese. La modalità storia è il gioco principale, diviso in capitoli, in cui i giocatori possono seguire la trama e svolgere una serie di esercizi dopo ogni capitolo. Nella modalità storia, i giocatori possono interrompere il gioco in qualsiasi momento per cercare un termine che non hanno capito o per cambiare la lingua. Il gioco conclude la storia di Yuri, che sopravvive a stento al viaggio di ritorno nel suo mondo. Yuri è alla ricerca del suo &quot;doppelgänger&quot; per tornare nel suo mondo e ritrovare suo figlio. Questo episodio contiene un nuovo gioco in inglese chiamato &quot;Ghost Sweeper&quot; in cui bisogna sconfiggere i fantasmi e cercare oggetti nelle case infestate.
Enemy Zero (USA) (Disc 0)	Enemy Zero è un gioco di avventura su Saturno. Ti ritrovi nei panni della sensuale Laura Lewis, una splendida bionda sensuale con gli occhi azzurri. Al ritorno da una missione spaziale, la tua nave viene attaccata da una misteriosa creatura. La tua missione, se accetti, è esplorare la navetta e risolvere enigmi che ti permetteranno di sbarazzarti della bestia.
Eternal Melody (Japan)	Eternal Melody è un gioco di simulazione sviluppato da Starlight Marry e pubblicato da Media Works per Sega Saturn. Il gioco è una visual novel con scene anime e voci in giapponese, le interazioni con il giocatore sono alcune opzioni che detteranno il comportamento di alcuni personaggi durante il gioco.
Etude Prologue - Yureugoku Kokoro no Katachi (Japan)	Étude Prologue: Yureugoku Kokoro no Katachi è una visual novel pubblicata da Takuyo per Sega Saturn. Il gioco è stato rilasciato per Windows all'inizio dello stesso anno e per PlayStation 2 e PlayStation Portable rispettivamente nel 2006 e nel 2007.
Eve - Burst Error (Japan) (Disc 1) (Kojiroh Disc)	Eve burst error è ambientato nel Giappone moderno. Il giocatore controlla due personaggi: un giovane investigatore privato apparentemente distratto, Kojiroh, e l'agente speciale Marina. La versione originale era un gioco hentai a tutti gli effetti con scene di sesso esplicite. Le versioni successive le hanno rimosse, ma contenevano ancora molte allusioni sessuali nei dialoghi e nelle immagini di ragazze seminude.
Eve - The Lost One (Japan) (Disc 1) (Kyoko Disc) (1M)	EVE: The Lost One è un sequel di Eve burst error. Gli eventi del gioco si svolgono tre anni dopo quelli del primo gioco. Il giocatore è in grado di controllare due personaggi: la detective donna Kyoko e il misterioso Snake, mentre cercano di risolvere un mistero complesso pieno di tradimenti e intrighi politici. Per completare il gioco con successo, il giocatore dovrà viverlo dal punto di vista di entrambi gli eroi, aiutandosi a vicenda per raccogliere indizi e sbloccare eventi.
Exhumed (Europe) (En,Fr,De,Es)	Destinazione: l'antica città egiziana di Karnak. Le forze aliene in possesso di poteri orribili hanno sigillato la comunità un tempo fiorente da ogni contatto esterno. In qualità di specialista in operazioni segrete, sei stato addestrato per tutte le forme di contingenza. Niente può prepararti, però, all'incubo in cui stai per entrare. Venti+ livelli di gioco non-stop attraverso un'antica città egiziana e la tomba del faraone Ramses. Il gameplay renderizzato completamente in 3D in tempo reale ti consente di spostarti tra più piani all'interno di un singolo livello. Attraversa ponti, striscia attraverso i tunnel e nuota attraverso grotte sottomarine.
F-1 Challenge (Europe)	F1 Challenge è stato l'unico titolo di Formula Uno rilasciato su SEGA Saturn, dando al giocatore l'opportunità di controllare cinque autentiche auto di Formula Uno e i loro piloti (Michael Schumacher, Damon Hill, Jean Alesi, Ukyo Katayama e Mika Häkkinen), con la possibilità di modificare la propria auto prima delle gare, dalla pressione dei pneumatici, al tipo di pneumatici, all'angolo dell'alettone, ecc.
F-1 Live Information (Japan)	F1 Challenge è stato l'unico titolo di Formula Uno rilasciato su SEGA Saturn, dando al giocatore l'opportunità di controllare cinque autentiche auto di Formula Uno e i loro piloti (Michael Schumacher, Damon Hill, Jean Alesi, Ukyo Katayama e Mika Häkkinen), con la possibilità di modificare la propria auto prima delle gare, dalla pressione dei pneumatici, al tipo di pneumatici, all'angolo dell'alettone, ecc.
F1 Challenge (USA)	F1 Challenge è stato l'unico titolo di Formula Uno rilasciato su SEGA Saturn, dando al giocatore l'opportunità di controllare cinque autentiche auto di Formula Uno e i loro piloti (Michael Schumacher, Damon Hill, Jean Alesi, Ukyo Katayama e Mika Häkkinen), con la possibilità di modificare la propria auto prima delle gare, dalla pressione dei pneumatici, al tipo di pneumatici, all'angolo dell'alettone, ecc.
Falcom Classics (Japan) (Disc 1) (Game Disc)	Falcom Classics è una raccolta di tre classici giochi Falcom per Sega Saturn. Ogni gioco è stato migliorato per sfruttare le specifiche più elevate della console Saturn, anche se le loro controparti non migliorate possono anche giocare (cioè la loro modalità originale) i giochi sono jRPG.
Falcom Classics II (Japan)	Falcom Classics II è il seguito di Falcom Classics. È una raccolta di due classici giochi Falcom per Sega Saturn. Ogni gioco è stato migliorato per sfruttare le specifiche più elevate della console Saturn, sebbene siano giocabili anche le loro controparti non migliorate. Il disco del gioco contiene diversi file artistici BMP da utilizzare sugli sfondi del desktop, oltre ad alcuni MP3. Giochi inclusi: nnYs II: Ancient Ys Vanished - The Final Chapternn Taiyou no Shinden: Asteka II
Fantastep (Japan)	Fantastep è un gioco di avventura Sega Saturn realizzato e distribuito da Jaleco. Il gioco è un'avventura punta e clicca in 3D in cui il personaggio può navigare in 3D attraverso lo scenario e scegliere le proprie azioni con un clic del mouse.
Farland Saga (Japan)	È un gioco di ruolo tattico in stile anime. Il gioco consiste principalmente in grandi battaglie strategiche, durante le quali i giocatori guidano le proprie truppe su un campo di battaglia isometrico, attaccano fisicamente i nemici o lanciano incantesimi. L'altezza del terreno gioca un ruolo nelle battaglie, poiché alcuni incantesimi influenzeranno solo un livello di terreno e una direzione.
Farland Saga - Toki no Michishirube (Japan)	Toki no Michishirube è un sequel diretto del primo gioco Farland Saga. È un gioco di ruolo strategico in stile anime che consiste principalmente in grandi battaglie strategiche, che si svolgono su campi di battaglia isometrici. Il giocatore muove i personaggi sul campo di battaglia, attaccando fisicamente o lanciando incantesimi. Dopo una battaglia, i personaggi guadagnano punti esperienza, che il giocatore può distribuire liberamente tra i membri del gruppo.
Farland Story - Habou no Mai (Japan)	Farland Story: Habou no Mai è un port di Farland Story 2, originariamente pubblicato nel 1995 su Super Famicom. Il gioco è uno spin-off della serie Farland Story e non deve essere confuso con il secondo gioco della serie.
Father Christmas (Japan)	Babbo Natale è un gioco di avventura basato sull'omonimo libro per bambini. Il gioco è stato pubblicato da Gaga, che è stato rilasciato in Giappone nel 1995. Il gioco è arrivato con un asciugamano per il viso con un motivo di Babbo Natale.
FEDA Remake! The Emblem of Justice (Japan)	Feda: The Emblem of Justice è un gioco di ruolo tattico originariamente pubblicato per Super Famicom nel 1994. Il gioco è incentrato su due soldati costretti a combattere contro l'impero ormai corrotto che un tempo servivano. Il gioco è composto da due modalità di gioco principali: esplorazione e battaglie. Il gioco presenta scene di battaglia cinematografiche simili alla serie Shining Force.
FIFA - Die WM-Qualifikation 98 (Germany) (En,Fr,De,Es,It,Nl,Sv)	FIFA: Road to World Cup 98 (comunemente abbreviato in FIFA 98) è un videogioco calcistico sviluppato da EA Canada e pubblicato da Electronic Arts. Era il quinto gioco della serie FIFA e il secondo ad essere in 3D sulle macchine a 32 bit. Sulla copertina erano presenti diversi musicisti, tra cui David Beckham nel Regno Unito, Roy Lassiter negli Stati Uniti e in Messico, David Ginola in quella francese, Raul in quella spagnola, Paolo Maldini in quella italiana e Andreas Muller in quella italiana. la copertina tedesca. FIFA 98 è stato l'ultimo gioco FIFA rilasciato per il Mega Drive in Europa.[senza fonte]
FIFA - En Route pour la Coupe du Monde 98 (France) (En,Fr,De,Es,It,Nl,Sv)	FIFA: Road to World Cup 98 (comunemente abbreviato in FIFA 98) è un videogioco calcistico sviluppato da EA Canada e pubblicato da Electronic Arts. Era il quinto gioco della serie FIFA e il secondo ad essere in 3D sulle macchine a 32 bit. Sulla copertina erano presenti diversi musicisti, tra cui David Beckham nel Regno Unito, Roy Lassiter negli Stati Uniti e in Messico, David Ginola in quella francese, Raul in quella spagnola, Paolo Maldini in quella italiana e Andreas Muller in quella italiana. la copertina tedesca. FIFA 98 è stato l'ultimo gioco FIFA rilasciato per il Mega Drive in Europa.[senza fonte]
FIFA - Road to World Cup 98 (USA) (En,Fr,De,Es,It,Nl,Sv)	FIFA: Road to World Cup 98 (comunemente abbreviato in FIFA 98) è un videogioco calcistico sviluppato da EA Canada e pubblicato da Electronic Arts. Era il quinto gioco della serie FIFA e il secondo ad essere in 3D sulle macchine a 32 bit. Sulla copertina erano presenti diversi musicisti, tra cui David Beckham nel Regno Unito, Roy Lassiter negli Stati Uniti e in Messico, David Ginola in quella francese, Raul in quella spagnola, Paolo Maldini in quella italiana e Andreas Muller in quella italiana. la copertina tedesca. FIFA 98 è stato l'ultimo gioco FIFA rilasciato per il Mega Drive in Europa.[senza fonte]
FIFA - Rumbo al Mundial 98 (Spain) (En,Fr,De,Es,It,Nl,Sv)	FIFA: Road to World Cup 98 (comunemente abbreviato in FIFA 98) è un videogioco calcistico sviluppato da EA Canada e pubblicato da Electronic Arts. Era il quinto gioco della serie FIFA e il secondo ad essere in 3D sulle macchine a 32 bit. Sulla copertina erano presenti diversi musicisti, tra cui David Beckham nel Regno Unito, Roy Lassiter negli Stati Uniti e in Messico, David Ginola in quella francese, Raul in quella spagnola, Paolo Maldini in quella italiana e Andreas Muller in quella italiana. la copertina tedesca. FIFA 98 è stato l'ultimo gioco FIFA rilasciato per il Mega Drive in Europa.[senza fonte]
FIFA 97 (Europe) (En,Fr,De,Es,It,Sv)	FIFA 97 (noto anche come FIFA Soccer 97) è un videogioco sviluppato da EA Canada e pubblicato da Electronic Arts basato sul gioco del calcio (calcio). È stato rilasciato per PC il 24 giugno 1996 e sono seguite versioni per PlayStation, SNES, Mega Drive e Sega Saturn. nnFIFA 97 è stato il quarto gioco della FIFA Series e il secondo ad utilizzare il motore Virtual Stadium. A differenza del primo gioco a utilizzare il motore, FIFA 97 presenta giocatori poligonali rispetto agli sprite 2D utilizzati in FIFA Soccer '96. Il motore tuttavia ha ricevuto lamentele per essere lento nelle versioni PC e PlayStation.
FIFA Soccer 96 (USA) (En,Fr,De,Es,It,Sv)	&quot;Volendo essere la prima simulazione calcistica realistica nel vero senso della parola, FIFA Soccer 96 era estremamente popolare al momento del rilascio. È stata salutata come la prima versione FIFA di grande successo e ha aperto la strada a revisioni annuali di il concetto. nnC'erano una serie di fattori che distinguevano FIFA96 dalla massa di altri sim calcistici. In primo luogo, il commento del gioco era rivoluzionario all'epoca: il famoso commentatore britannico John Motson commenta tutti gli incidenti e gli avvenimenti sul campo in tempo reale. Il commento ambientale è vario e i sistemi con un livello di memoria superiore al minimo ottengono frasi di commento extra.
FIFA Soccer 97 (USA) (En,Fr,De,Es,It,Sv)	FIFA 97 (noto anche come FIFA Soccer 97) è un videogioco sviluppato da EA Canada e pubblicato da Electronic Arts basato sul gioco del calcio (calcio). È stato rilasciato per PC il 24 giugno 1996 e sono seguite versioni per PlayStation, SNES, Mega Drive e Sega Saturn. nnFIFA 97 è stato il quarto gioco della FIFA Series e il secondo ad utilizzare il motore Virtual Stadium. A differenza del primo gioco a utilizzare il motore, FIFA 97 presenta giocatori poligonali rispetto agli sprite 2D utilizzati in FIFA Soccer '96. Il motore tuttavia ha ricevuto lamentele per essere lento nelle versioni PC e PlayStation.
Fighter's History Dynamite (Japan)	La missione per sconfiggere il misterioso Barone di Battlers, il misterioso K, è iniziata. Per arrivare a questo grottesco gladiatore, tuttavia, devi farti strada attraverso 11 partite con i combattenti più abili e mortali nel mondo del contatto fisico. Usa i tuoi poteri di polverizzazione, esplosioni di energia psichica e forza ridicola per diventare il dio combattente esplosivo in FIGHTERS HISTORY DYNAMITE!
Fighters Megamix (USA)	Virtua Fighter 2 era pieno di molti nuovi elementi di gioco implementati nel motore di combattimento realistico del primo Virtua Fighter. La serie Virtua Fighter è stata annunciata in precedenza come il gioco di combattimento con il gameplay più coinvolgente. nnIn Fighters Megamix, è stato aggiunto un altro gioco, un gioco chiamato Fighting Vipers. Fighting Vipers ha un gameplay drasticamente diverso rispetto al più popolare Virtua Fighter 2. Invece di essere sofisticato, Fighting Vipers è semplificato per attirare un pubblico più ampio di videogiocatori ed era pensato per i giocatori &quot;casual&quot;.
Fighting Vipers (USA) (5S, 6S)	Armstone City, anno sconosciuto. Il sindaco ha deciso di organizzare un torneo di wrestling con il gran finale tenuto in cima alla torre della città, e le Vipere, giovani guerrieri urbani, decidono di gareggiare, ognuna con il proprio obiettivo in mente. Tutti e otto provenivano da ambienti diversi, come il duro rocker Raxel, l'orfano con un ardente desiderio di incontrare suo padre Bahn, l'ex capobanda Tokio, la regina delle passerelle Grace, il gigante dal passato sconosciuto Sanman, laborioso ed ex marino. l'apprendista Jane, la futura stilista Candy e lo skateboarder Picky, più Mahler, qualcuno con un conto in sospeso con il sindaco. nnSebbene sia basato sulla stessa scheda Arcade Model-2 di Virtua Fighter 2, Fighting Vipers includeva diverse modifiche, come un muro che circonda l'area di battaglia e dotando ogni combattente di un'armatura a due pezzi (torace e gambe) che può solo essere rotto con Power Strikes.
Final Fight Revenge (Japan)	Final Fight Revenge è stato l'ultimo gioco uscito su Saturn in Giappone il 3 marzo 2000, è una conversione del coin op ST-V, che per quanto ne so non ha ricevuto una grande distribuzione. FFR è stato sviluppato dallo staff americano di Capcom ed è un seguito del popolare gioco Final Fight originale del 1989 a scorrimento laterale in 2D, FFR tuttavia è un combattente 3D 1 contro 1 con 11 personaggi dell'originale. Il gioco Saturn è stato rilasciato nelle versioni, un cofanetto con il carrello da 4 MB di RAM e, come disco singolo, questo gioco richiede il carrello da 4 MB di RAM per funzionare.
Find Love 2 - Rhapsody (Japan) (Disc 1)	Find Love 2: Rhapsody è una visual novel sviluppata e pubblicata da Daiki per Sega Saturn. Il gioco può essere visto come il solito simulatore di appuntamenti in cui il giocatore, da giovane maschio, cerca una ragazza. Il gioco ha ricevuto un disco promozionale (vedi sotto) prima della sua uscita iniziale per promuovere il gioco.
Find Love 2 - The Prologue (Japan)	Find Love 2: The Prologue è un disco multimediale del 1998 pubblicato in Giappone per Sega Saturn da Daiki. Serve come disco promozionale per Find Love 2: Rhapsody, pubblicato in seguito. Il disco contiene informazioni sui personaggi principali e sulla storia del gioco principale.
Fire Pro Gaiden Blazing Tornado (Japan)	Fire Pro Gaiden - Blazing Tornado è un gioco di boxe con grafica 2D prodotto da Human Entertainment per Sega Saturn nel 1995. Spirito ardente, mosse difficili. Sali sul ring e mettiti alla prova tra i più grandi wrestler del mondo!
Fire Prowrestling S - 6Men Scramble (Japan) (1M)	Fire Pro Wrestling S: 6 Man Scramble è il miglior gioco di Pro Wrestling uscito nell'arena dei videogiochi. L'incredibile selezione di lottatori e combattenti sparatutto rende il gioco interessante anche dopo il tuo 100° incontro. La RAM che possiede il Saturn consente diverse animazioni per ogni lottatore. Sali sul ring e scatena il caos con 6 uomini che si arrampicano!
Firestorm - Thunderhawk 2 (Europe) (En,Fr)	Il tuo nome è il generale John T. Maclaine e sei il pilota di Firestorm 1, il cane guida nelle missioni di attacco speciali in varie parti del mondo. Il tuo elicottero è estremamente potente e trasporta le seguenti armi: mitragliatrice a catena da 30 mm, missile a ricerca Tempesta di fuoco, capsula missilistica, sistema di crateri in fuga (bombe), bomba da 500 libbre Mk-84, bombe a grappolo e missile antinave. Queste armi, oltre a eccellenti manovre evasive e di attacco, dovrebbero essere sufficienti per aiutarti ad avere successo negli attacchi ai narcotrafficanti e ai terroristi, dalla Colombia all'Iraq.
Fishing Koushien (Japan)	Fishing Koushien, una simulazione di pesca per Sega Saturn, è stata pubblicata da King Records, che è stata rilasciata in Giappone nel 1996. Il gioco presenta quattro diverse modalità.
Fishing Koushien II (Japan)	Fishing Koushien II è una simulazione di pesca per Sega Saturn e un sequel di Fishing Koushien. Graficamente il gioco può essere visto come piacevole con alcuni effetti d'acqua decenti e pesci poligonali di bell'aspetto. Può anche essere visto come un miglioramento rispetto all'originale in forse ogni reparto, quindi potrebbe valere la pena raccoglierlo per un appassionato di giochi di pesca.
Fist (Japan)	FIST è un gioco di combattimento del 1996 di Imagineer e Genki pubblicato per PlayStation e Sega Saturn, ed è il sequel di Seifuku Densetsu Pretty Fighter, poiché passa dal 2D al 3D. Come il suo predecessore, questo gioco include anche un cast di combattenti tutto al femminile, tranne per il fatto che oltre a un cast tutto al femminile, questo gioco include anche due combattenti maschi.
Formula Grand Prix - Team Un'ei Simulation (Japan)	Formula Grand Prix Team Unei Simulation è un gioco per Sega Saturn. Nonostante il suo aspetto, non è strettamente un gioco di corse: è una simulazione di corse, in cui il giocatore fa delle scelte riguardanti la costruzione (e la strategia) delle auto di formula uno, ma non fa nessuna delle corse reali.
Formula Karts - Special Edition (Europe) (En,Fr,De,Es)	Formula Karts, rilasciato sia per Sega Saturn che per PC, è un titolo di corse semi-realistico che tenta di catturare lo spirito delle corse di kart con la sua bassa sensazione di velocità e curva dopo curva di maneggevolezza impressionante (e inevitabile scivolamento). Il titolo supporta sia la modalità di simulazione che quella arcade e presenta un'efficace IA da gara per veicoli non giocanti.
Frank Thomas Big Hurt Baseball (USA)	Frank Thomas Big Hurt Baseball è un gioco di simulazione di baseball multipiattaforma che è stato concesso in licenza dalla Major League Baseball Players Association, con la somiglianza, i movimenti catturati dal movimento e il marchio &quot;Big Hurt&quot; del giocatore Frank Thomas. nnTutte le squadre, le statistiche e i giocatori hanno lo scopo di simulare la stagione 1995 della Major League Baseball.[3] Acclaim ha rilasciato un successore del gioco con anche Thomas e ora con le vere squadre della Major League, All-Star Baseball '97 con Frank Thomas.
Frankenstein - Through the Eyes of the Monster (Europe)	Questo film interattivo dà una nuova svolta alla fiaba di Frankenstein: tu sei il mostro! Sei stato falsamente accusato di omicidio e giustiziato. Tuttavia, lo scienziato Dr. Frankenstein (interpretato da Tim Curry) ha trovato un modo per riportarti in vita. Ti svegli nel suo laboratorio e il tuo obiettivo è scoprire cosa ti è successo esattamente e quale ruolo ha avuto Frankenstein nella tua resurrezione. Sarai in grado di tornare al te stesso di prima?
Free Talk Studio - Mari no Kimamana Oshaberi (Japan)	Questo è un gioco di simulazione di DJ radiofonici solo in Giappone. Sono state prodotte due diverse edizioni di packaging, una custodia blu e una rossa. La custodia blu contiene tre carte con la doppiatrice principale del gioco, Mariko K?da, insieme ai personaggi che ha interpretato, Mari Kousaka e Natsumi Kawai; la custodia rossa contiene un booklet fotografico che si concentra anche su di lei. Il gioco è molto simile a un simulatore di appuntamenti.
Friends - Seishun no Kagayaki (Japan) (Disc 1) (Game Disc)	Friends: Seishun no Kagayaki è un visuel noval, sviluppato e pubblicato da NEC Interchannel, che è stato rilasciato in Giappone nel 1999. Il gioco funziona bene senza la cartuccia Ram da 4 MBIT, tuttavia se utilizzata, si scoprirà che il gioco ha tempi di caricamento più rapidi, meglio animazione e più discorso.
From TV Animation Slam Dunk - I Love Basketball (Japan)	Slam Dunk è basato sul popolare manga/anime con lo stesso titolo, creato da Takehiko Inoue. Il gioco segue la storia di Sakuragi Hanamichi, un delinquente del liceo, mentre si unisce a una squadra di basket nel tentativo di conquistare il cuore di una giovane donna. La storia segue la stessa trama dell'anime/manga e progredisce tra le partite di basket mentre avanzi nella modalità storia.
Fully Cowled Mini Yonku - Super Factory (Japan) (Rev A) (10M)	Full Cowl Mini Yonku Super Factory è un gioco di simulazione che si lega a una linea di macchinine e a quello che sembra essere un anime diverso. In esso, i giocatori progettano un'auto che corrono sui circuiti, ma in realtà non corrono: l'auto corre da sola. Il gioco è arrivato in una scatola di grandi dimensioni e viene fornito con un'auto giocattolo personalizzata.
Funky Fantasy (Japan)	Funky Fantasy è uno strano tentativo di Yoshimoto di trasformare un gioco di ruolo in una commedia. I personaggi hanno tutti corpi da cartone animato con volti umani o semplicemente sembrano completamente strani e punto. I personaggi includono un sosia di Ryu di Street Fighter, Honey di Fighting Vipers e molti altri. Un gioco abbastanza strano che può piacere a coloro a cui piacciono i giochi di ruolo a turni come Riglord Saga.
Funky Head Boxers (Japan)	Rilasciato nelle sale giochi sulla scheda ST-V (basata su Saturno) di Sega nel 1996, Funky Head Boxers mette elegantemente due combattenti con cubi mappati per le teste l'uno contro l'altro. Il gioco ha un approccio comico alla boxe, con i combattenti che indossano, oltre ai soliti tagli e lividi, alcune espressioni stravaganti, lacrime e persino il naso che cola mentre prendono colpi. Dopo un duro colpo, le teste dei combattenti cambiano espressione e si deformano. Tuttavia, lo stile unico del gioco non si limita ai combattenti. Il pubblico ha gli stessi teschi funky e anche l'arbitro è una &quot;testa di blocco&quot; con la parola &quot;arbitro&quot; scarabocchiata sul viso.
Funky Head Boxers Plus (Japan)	Arcade originale della divisione AM3 di Sega e persino pubblicizzato nei primissimi video promozionali di Saturn prima dell'uscita del sistema in Giappone, Funky Head Boxers finalmente raggiunsero il Saturn 2 anni dopo, ma non da Sega, ma da Yoshimoto. Il gioco è unico in quanto ogni personaggio ha una testa a forma di cubo, che viene poi distorta durante il gioco.
Fushigi no Kuni no Angelique (Japan)	Questo gioco è una variazione della storia di Angelique: una normale studentessa di nome Angelique viene coinvolta in una lotta per diventare la Regina del Cosmo, per la quale è necessario fare amicizia con i belli e potenti Guardiani degli Elementi. A differenza di altri giochi di Angelique, Fushigi no Kuni no Angelique si svolge come un gioco da tavolo, con il regno diviso in campi su cui si muove Angelique. ?mobygames.
Fuusui Sensei - Feng-Shui Master (Japan)	Fuusui Sensei è un gioco di simulazione per Sega Saturn. Il gioco sembra far viaggiare i giocatori in una città 3D e cercare di riparare edifici o spostarli. Sembra che abbia qualcosa a che fare con il feng shui, un sistema filosofico cinese per armonizzare tutti con l'ambiente circostante.
G Vector (Japan)	Come Panzer Dragoon, G-Vector offre ai giocatori una visuale ampia di fronte al loro veicolo sparatutto generico standard e, passandolo sopra i nemici e alcuni oggetti, i giocatori si agganciano automaticamente? ad esso, e possono continuare ad agganciarsi ad altri finché non decidono di sparare. C'è anche una pistola di base che spara ovunque sia il mirino. ?UN? spara la pistola, ?B? lancia lock on e ?C? è il fuoco automatico rapido per la pistola.
Gaia Breeder (Japan)	Gaia Breeder è un gioco di simulazione della vita delle creature, sviluppato e pubblicato da Aspect Co., Ltd., che è stato rilasciato in Giappone nel 1997 per Sega Saturn. L'idea del gioco è che usando questa droga di nuova concezione i giocatori possono creare il proprio mondo con creature viventi.
Gakkou no Kaidan (Japan)	Gak? no Kaidan è un film interattivo con elementi di avventura, creato per legarsi a un film giapponese a tema fantasma con lo stesso nome. Come alcuni altri giochi Sega CD con temi simili, presenta sequenze FMV con opzioni interattive. Ad esempio, la fuga da alcuni nemici potrebbe richiedere al giocatore di premere i tasti direzionali o i pulsanti A/C. L'altro elemento del gioco è un set di stili punta e clicca.
Gakkou no Kowai Uwasa - Hanako-san ga Kita!! (Japan)	Gakkou no Kowai Uwasa Hanako-san ga Kita!! è un gioco di avventura sviluppato e pubblicato da Capcom per Sega Saturn. Si basa sull'omonima serie di anime e manga del 1994.
Gal Jan (Japan)	Gal Jan è un gioco di mahjong sviluppato e pubblicato da Warashi per Sega Saturn. Il gioco è un gioco di mahjong per adulti ma con una svolta. Tutta l'animazione è stata catturata utilizzando vere attrici dal vivo. Le attrici sono state filmate, quindi il video è stato disegnato a mano fotogramma per fotogramma per produrre la vita come le donne degli anime.
Galactic Attack (USA)	Galactic Attack è sparatutto. È la versione adattata a Saturno del gioco arcade giapponese RayForce, noto anche come GunLock nelle sale giochi europee. Sei ai comandi di una nave e devi navigare 7 diversi livelli a diverse altitudini, che vanno dagli strati atmosferici alti a quelli bassi fino alle montagne, ogni livello con il proprio boss finale.
Galaxy Fight (USA)	La gente ha pregato gli dei, ma il diavolo scende dal cielo. La tua missione è sconfiggere Felden Kryse, sovrano degli inferi. La fantastica sfida si svolge ferocemente su otto diversi pianeti. L'immagine sullo schermo cambia al volo per ingrandire e rimpicciolire in base a come si svolge la battaglia. Usa Dash a tuo massimo vantaggio e sfreccia nel campo dell'infinito.
Galaxy Fight - Universal Warriors (Japan)	La gente ha pregato gli dei, ma il diavolo scende dal cielo. La tua missione è sconfiggere Felden Kryse, sovrano degli inferi. La fantastica sfida si svolge ferocemente su otto diversi pianeti. L'immagine sullo schermo cambia al volo per ingrandire e rimpicciolire in base a come si svolge la battaglia. Usa Dash a tuo massimo vantaggio e sfreccia nel campo dell'infinito.
Gale Racer (Japan) (En,Ja) (1A)	Rad Mobile, noto come Gale Racer per il porting di Sega Saturn, è un gioco di corse arcade pubblicato nel 1990 utilizzando la piattaforma Sega System 32. È stato il primo gioco System 32 di Sega ed è anche il primo gioco in cui è apparso Sonic the Hedgehog. Il gioco si svolge in una prospettiva in prima persona. La gara è una gara di velocità attraverso gli Stati Uniti in cui il giocatore è limitato dal tempo, dalla polizia in determinate fasi e dagli effetti meteorologici.
Gals Panic SS (Japan)	Gals Panic SS è il primo gioco della serie Gals Panic progettato specificamente per le console domestiche. Detto questo, non c'è nudità. È molto simile a Gals Panic 4 in quanto tutte le ragazze sono disegnate in stile anime, senza alcun modello fotografico. Il gameplay è cambiato in questo gioco. Viene utilizzato lo stesso gameplay di base di scoprire l'immagine di una ragazza con un gameplay simile a Qix, ma i giocatori spendono 5 round su ogni ragazza.
Game Nihonshi - Kakumeiji Oda Nobunaga (Japan)	Il gioco Nihonshi Kakumeiji ~Oda Nobunaga~, pubblicato anche per PlayStation, è un titolo di simulazione basato sulle imprese di Nobunaga, che abbrevia la sua vita iniziando con la sua prima campagna e terminando a Honn?ji. Il gameplay è diviso in due segmenti: una fase narrativa e una fase di battaglia. La fase narrativa racconta la storia con filmati animati completamente doppiati.
Game no Tatsujin (Japan) (4M)	Game no Tatsujin (?Game Master?) è un gioco di simulazione da tavolo che offre al giocatore quattro diverse modalità di gioco da tavolo. I giochi includono: Place (Othello), Shogi, Mahjong e Igo.
Game no Tatsujin 2 (Japan)	Game no Tatsujin 2 è un'altra serie di interpretazioni videoludiche dei famosi giochi da tavolo giapponesi per Sega Saturn. Solo che questa volta Game No Tatsujin 2 presenta sette giochi anziché quattro. In questa collezione sono presenti Shougi, Go, Mahjong, Renju, Place, Backgammon e Chess.
Game of Life, The - DX Jinsei Game (Japan)	DX Jinsei Game è un gioco da tavolo per Sega Saturn. È stato seguito da DX Jinsei Game II. Il gioco è basato sul gioco da tavolo, Game of Life. L'idea del gioco è quella di viaggiare intorno al tabellone, rispondendo alle domande o giocando a seconda della sezione in cui i giocatori atterrano. Il punto principale è fare una vita di successo.
Game Tengoku - The Game Paradise! (Japan)	Game Tengoku è una conversione dell'omonimo gioco a gettoni. Il gioco è uno sparatutto comico a scorrimento verticale simile alla serie Parodius di Konami e Star Parodier di Hudson. I personaggi giocabili includono: Jeynus Starmine (Exerion), Seria (Plus Alpha), Z-DYNE MK II (Formation Z). Maiale (Okkotoshi Puzzle Tonjan!?), Momoko (Momoko 120%), e Miki e Misato (Combattimento sul campo).
Garou Densetsu 3 - Road to the Final Victory (Japan)	Fatal Fury 3 mantiene il formato e i controlli del gioco precedente della serie, Fatal Fury Special. Tuttavia, le fasi di battaglia a due piani sono state rinnovate in un formato a tre piani noto come Oversway System. Il giocatore combatte principalmente nel piano centrale o principale, ma può muoversi o &quot;superare&quot; su una delle linee di oscillazione sullo sfondo (LP + LK) o in primo piano (LK + HP). Quando il giocatore esegue un attacco su un aereo oscillante (o un attacco in sorvolo), il suo personaggio tornerà sull'aereo principale. Allo stesso modo, il giocatore può attaccare un avversario che si trova su un Sway Plane con un attacco anti-oversway. Il giocatore può anche effettuare un &quot;Quick Sway&quot; per evitare un attacco, lasciando l'avversario vulnerabile a un attacco normale.
Gebockers (Japan)	Hyper 3D Taisen Battle Gebockers è un semplicistico gioco di tiro 3D. Scegli uno da un cast di diversi personaggi dei cartoni animati per duellare gli altri uno per uno in un ambiente 3D. L'obiettivo è semplicemente ridurre la salute dei tuoi avversari usando le tue armi standard e speciali. Questo è stato il primo gioco Saturn ad essere compatibile con il cavo Taisen, che potrebbe anche essere acquistato in bundle con il gioco.
Gekiretsu Pachinkers (Japan)	Gekiretsu Pachinkers è un gioco pachinko sviluppato da Planning Office Wada e pubblicato da BMG Victor per Sega Saturn. Il gioco è un gioco Pachinko 3D, tuttavia, il 3D può essere visto come a scatti la maggior parte del tempo. Il gioco presenta anche quattro schede tra cui scegliere.
Gekirindan (Japan)	Gekirindan Time Travel Shooting è uno sparatutto arcade del 1995 di Taito. Il gioco sembra essere un omaggio al concorrente Toaplan. I nemici, le navi dei giocatori ecc. mostrano molte somiglianze. La porta Saturn può essere riprodotta con orientamento dello schermo sia orizzontale che verticale, quest'ultimo identico alla configurazione arcade.
Gekitotsu Koushien (Japan)	Gekitotsu Koushien è un gioco di baseball liceale per Sega Saturn. Il gioco è realizzato da Magical, noto per la sua gamma di giochi economici per PlayStation e PS2. Il gioco presenta tutte le squadre di baseball delle scuole superiori giapponesi che partecipano all'evento che è 4000 in totale. Presenta anche elementi manageriali in cui i giocatori devono allenare la propria squadra per ottenere il massimo in classifica.
Gekka Mugentan Torico (Japan) (Disc B) (Houkai-hen) (1M)	All'apertura di Torico, un viaggiatore di nome Fred si ritrova imprigionato nella prigione di Misty Town. È venuto al villaggio in cerca di risposte al suo passato, un passato di cui non ha alcun ricordo. Sulla testa ha un tatuaggio a forma di mezzaluna. Nella sua cella, Fred incontra lo strano e apparentemente onnisciente Anthony, che gli racconta le leggende della Città delle Lune. Si dice che la strada per la città passi attraverso la città nebbiosa. Anthony gli offre la chiave della sua cella, ma dopo un tentativo di fuga, Fred si ritrova rapidamente nelle mani di Lord Gordon, lo spietato governatore della città.
Gensou Suikoden (Japan)	Suikoden è un gioco di ruolo su Satrun. Porta il giocatore in un mondo fantastico che fa riferimento all'impero cinese dove segui le gesta di un giovane eroe, un esperto utilizzatore di bastoni da battaglia. È il prescelto di una profezia che deve riportare la prosperità nel mondo. L'originalità del titolo deriva dal numero di compagni che possono essere reclutati durante l'avventura, che ammonta a 108! Cosa adattare le sue tattiche ad ogni combattimento.
Gex (USA)	Entra nella tua televisione per sconfiggere il malvagio Rez raccogliendo telecomandi per aprire mondi all'interno della tua TV. Sei un geco con tutte le solite abilità da eroe della piattaforma come salto, fuoco e attacco a distanza ravvicinata, ma anche ventose per aiutarti a scalare i muri, una lingua per raccogliere quelli difficili da ottenere potenziamentinne un sacco di battute per farti divertire. Usali tutti per farti strada attraverso il mondo della TV alla ricerca dei telecomandi, raccogliendo pickup, potenziamenti e uccidendo i televisori.
Ghen War (USA)	Ghen War è un gioco d'azione pubblicato per Saturn. Una razza aliena si presenta sulla Terra con intenzioni pacifiche. Ma molto rapidamente si gira la giacca e inizia l'invasione. Sei in possesso di una nuova generazione di armature da combattimento e dovrai cacciare l'alieno dal pianeta.
Ginga Eiyuu Densetsu (Japan)	Ginga Eiyuu Densetsu, noto anche come The Legend of the Galactic Heroes e Heldensagen von Kosmosinsel, è basato su una serie di romanzi di fantascienza della Space Opera che è stata adattata in vari anime, manga e videogiochi. Riguarda due imperi galattici costantemente in guerra. Questo gioco è una simulazione di battaglia spaziale estremamente pesante suonata con musica classica.
Ginga Eiyuu Densetsu Plus (Japan)	Ginga Eiyuu Densetsu Plus è un aggiornamento di Ginga Eiyuu Densetsu, pubblicato da Tokuma Shoten, che è stato rilasciato in Giappone nel 1997. Il vantaggio nel titolo è quello di distinguere questa versione dalla versione originale a cui mancano alcune battaglie in CG in tempo reale tra le altre cose.
Ginga Ojousama Densetsu Yuna - Mika Akitaka Illust Works (Japan)	Ginga Ojousama Densetsu Yuna Mika Akitaka Illust Works è un disco di illustrazioni con figure e informazioni da vari giochi della serie Galaxy Fraulein Yuna. Oltre alle illustrazioni ci sono informazioni sui doppiatori.
Ginga Ojousama Densetsu Yuna - Mika Akitaka Illust Works 2 (Japan)	Ginga Ojousama Densetsu Yuna Mika Akitaka Illust Works 2 è un'altra galleria d'arte Galaxy Fraulein Yuna per Sega Saturn e ?sequel? a Ginga Ojousama Densetsu Yuna Mika Akitaka Illust Works. Il CD contiene una serie di illustrazioni, interviste a diversi seiy? nella serie, e piccoli extra come oroscopi di compatibilità e quiz sui personaggi.
Ginga Ojousama Densetsu Yuna 3 - Lightning Angel (Japan)	Galaxy Ojousama Densetsu Yuna 3: Lightning Angel è il terzo gioco della serie Galaxy Fraulein, che in precedenza era stato rilasciato solo per il PC Engine CD. A differenza dei due precedenti, questo è un gioco di ruolo strategico. Il gioco è arrivato con una carta commemorativa d'oro.
Ginga Ojousama Densetsu Yuna Remix (Japan)	Ginga Ojousama Densetsu Yuna Remix è un remake di Galaxy Fraulein Yuna, un gioco su CD per PC Engine del 1992, e il primo di una serie di visual novel su Yuna, una ragazza felice e fortunata, idolo delle celebrità intergalattico e Salvatore della Luce in un lontano futuro galassia. La maggior parte del gioco viene spesa a guardare gli scenari che si svolgono, a cui il giocatore occasionalmente ha chiesto di fare una scelta su come si svolgerà la storia.
Girl Doll Toy - Tamashii o Kudasai (Japan)	Il gioco è ambientato attorno al giocatore che indaga sulle ragazze cyborg.
Girls in Motion Puzzle Vol. 2 - Body Special 264 (Japan)	Modalità conto alla rovescia in cui il giocatore corre contro il tempo per assemblare un puzzle animato. I video in miniatura animati possono essere fatti scorrere per ottenere la migliore visualizzazione. Per selezionare il modello che desideri utilizzare per lo sfondo del puzzle, devi ruotare la selezione e interromperla, il che funziona in modo simile alla roulette. Ogni modello ha 7 video diversi che devono essere assemblati e sbloccati in sequenza, dopodiché ogni video sbloccato può essere riprodotto in qualsiasi ordine. Un gioco a due giocatori che ti permette di giocare contro un altro giocatore o una CPU. Le partite includono alcune curve in più e forniscono gadget per aiutarti a risolvere il puzzle più velocemente e incasinare il tuo avversario. Una modalità per giocatore singolo per assemblare il puzzle da un'immagine fissa.
Godzilla - Rettou Shinkan (Japan)	Il tuo compito è giocare nei panni del comandante che difende il Giappone dagli attacchi di Godzilla utilizzando una tipica selezione di arsenali a tua disposizione. Hai quello che serve contro il re di tutti i mostri?
Goiken Muyou - Anarchy in the Nippon (Japan)	Anarchy in the Nippon on Saturn è un gioco di combattimento con otto combattenti in tutto, tutti che usano varie mosse di arti marziali della vita reale. Il gioco richiede molta tecnica per sperare di poter padroneggiare correttamente i personaggi!
Gokujou Parodius Da! Deluxe Pack (Japan)	La serie Parodius è una serie di sparatutto a scorrimento orizzontale sviluppati da Konami. I giochi sono parodie ironiche di Gradius, da cui il nome (Parodius è un portmanteau di Parody e Gradius). Fa anche la parodia di molti altri franchise Konami, tra cui Antarctic Adventure, Castlevania, Xexex, Axelay, Thunder Cross, Taisen Puzzle-Dama, Space Manbow, Ganbare Goemon, Lethal Enforcers, R-Type, Tokimeki Memorial e TwinBee.
Golden Axe - The Duel (USA)	Sono passati molti anni dall'ultima guerra con Death Adder. Ma, mentre i ricordi di quei tempi bui iniziano a svanire, sta iniziando un'altra guerra. Nella notte dei tempi, viene scoperta un'ascia magica. La leggenda dell'ascia è ben nota in tutto il paese, poiché si dice che quest'ascia sia proprio quella che Gillius Thunderhead usò per uccidere Death Adder. nnNel tempo, i poteri dell'ascia sono cresciuti. Si dice che il manufatto possa concedere al suo proprietario tutto ciò che il suo cuore desidera. Giovani e vecchi, buoni e cattivi, molti sono attratti dal potere dell'arma. Inizia così la guerra dell'Ascia d'Oro.
Gotha - Ismailia SenEki (Japan)	Questo è il primo della serie di giochi Gotha per Saturn e anche una delle versioni precedenti di Saturn. Il gioco è una simulazione di combattimento aereo con voci in giapponese e modelli 3D per la mappa e le scene di battaglia.
Gotha II - Tenkuu no Kishi (Japan)	Heir of Zendor: The Legend and The Land è un gioco di strategia a turni e un sequel di Gotha: Ismailia Seneki. Il gioco è ambientato su Zendor. La risorsa più importante è l'acqua, che dopo le Grandi Guerre rimase ancora solo nel continente chiamato Terra Sancta. Il giocatore assume il ruolo di comandante della Squadriglia Zendoriana delle Forze di Spedizione della Royal Alliance e deve sconfiggere i &quot;Cinque Re&quot;.
Gouketsuji Ichizoku 3 - Groove on Fight (Japan)	Groove On Fight: Gouketsuji Ichizoku 3 è il terzo gioco della serie di giochi di combattimento Gouketsuji Ichizoku/Power Instinct di Atlus. È stato rilasciato per la prima volta nel 1997 su hardware arcade Sega Titan Video prima di essere portato su Sega Saturn. Questa voce è un gioco di combattimento 2 contro 2 in cui il personaggio Partner prende il sopravvento se il personaggio Leader muore.
Gradius Deluxe Pack (Japan)	Questo pacchetto contiene entrambi i classici arcade Gradius I e II, portati su Windows 95, Sony Playstation e Sega Saturn. nnStoria: i batteriani stanno attaccando il pianeta Gradius e in una nave da combattimento all'avanguardia devi fermarli. Entrambi i giochi hanno un gameplay e una grafica simili, con solo musica e layout di livello diversi che li distinguono. nnOgnuno di questi sparatutto a scorrimento laterale ha oltre una dozzina di livelli ciascuno, tutti completamente unici. Non ci sono tipi di nemici che vengono riutilizzati da un livello all'altro (tranne il boss che è lo stesso in ogni livello). Puoi raccogliere potenziamenti che forniscono cose come velocità extra, colpi laser, missili a ricerca bersaglio, scudi, ecc. nnSebbene siano stati apportati molti piccoli tocchi di modernizzazione ai giochi, non è ancora possibile salvare. Preparati a mettere da parte una notevole quantità di tempo per finire in una volta sola.
Gran Chaser (Japan) (3M)	Cyber Speedway è un gioco di corse su slitte hover ambientato in un lontano futuro. Le civiltà di molti pianeti hanno deciso di porre fine a tutte le guerre. Invece, risolveranno le loro divergenze nella Cyber Race. Sei la migliore speranza per proteggere ed espandere il potere della Terra. nnIl gioco principale di Cyber Speedway è la modalità storia. La storia segue il tuo personaggio mentre si qualifica come pilota terrestre e si fa strada attraverso una serie di gare planetarie per diventare il campione. In ciascuna delle gare, devi piazzarti per primo per continuare. nnOgni gara è composta da 5 giri intorno a una pista ad alta velocità. Hai missili che puoi usare per rallentare i tuoi avversari e prendere il comando.
Grand Slam (USA)	Grand Slam Baseball è stato un rilascio innovativo, anche se relativamente di basso profilo, di Virgin Interactive Entertainment nel 1997. nnNon noto per i giochi sportivi, VIE ha rilasciato Grand Slam per Windows, Sony Playstation e Sega Saturn come secondo titolo nel tentativo di stabilire una linea sportiva tradizionale. Il primo titolo della linea di breve durata è stato Power Play Hockey nel 1996. La linea sportiva sarebbe durata solo per un altro titolo dopo il lancio di Grand Slam, che è il sequel del gioco dell'hockey, anch'esso pubblicato nel 1997. nnGrand Slam è stato uno dei primi ad adottare la tecnologia delle schede di accelerazione 3D e ha anche offerto il gioco 3D completo solo nel software. Le versioni Playstation e Saturn erano 3D per impostazione predefinita.
Grandia (Japan) (Disc 1) (1M)	Grandia è un gioco di azione e avventura su Saturno. La fine del mondo, un confine inaccessibile che separa il mondo di Grandia in due parti, una abitata da umani, l'altra da una razza selvaggia che preferisce la magia alla tecnologia. Ovviamente si sta preparando un grande conflitto tra le due fazioni e i segreti di una razza antica e dimenticata sono pronti a riemergere. Dovrai cercare di porre fine a questa guerra.
Grandia - Digital Museum (Japan)	Grandia: Digital Museum è uno spin-off del primo titolo Grandia dell'azienda ed è progettato per essere più un'estensione dell'originale che un gioco indipendente, con grafica dei personaggi, trame e musica direttamente dal suo predecessore. Man mano che i giocatori avanzano nel gioco, il materiale bonus viene sbloccato nel museo stesso, che include file musicali, opere d'arte e filmati relativi a Grandia, oltre a minigiochi.
Grandia - Prelude (Japan)	Grandia è un gioco di azione e avventura su Saturno. La fine del mondo, un confine inaccessibile che separa il mondo di Grandia in due parti, una abitata da umani, l'altra da una razza selvaggia che preferisce la magia alla tecnologia. Ovviamente si sta preparando un grande conflitto tra le due fazioni e i segreti di una razza antica e dimenticata sono pronti a riemergere. Dovrai cercare di porre fine a questa guerra.
GranDread (Japan)	Grandread è un gioco di simulazione spaziale, sviluppato da C-Lab e pubblicato da Banpresto, che è stato rilasciato in Giappone nel 1997. Il gioco prevede la recitazione vocale con alcune scene tagliate durante le battaglie presentate in 3D.
Greatest Nine '96 (Japan) (1M)	Greatest Nine ?96 è un gioco di baseball, pubblicato da Sega, che è stato rilasciato in Giappone nel 1996. È il sequel di Kanzen Chuukei Pro Yakyuu Greatest Nine. Il gioco è molto simile all'originale Greatest Nine ma ha un leggero miglioramento grafico. Presenta sia il campionato centrale che quello del Pacifico.
Grid Run (Europe)	Gli alieni ti hanno catturato e sei costretto a giocare a un gioco mortale di quello che sembra essere catturare la bandiera combinata con il tag. Corri intorno all'area e cattura il numero richiesto di bandiere prima di essere toccato dal tuo avversario. Se ti toccano, devi trovarli e toccarli prima che catturino il giusto numero di bandiere. Chiunque sia &quot;esso&quot; non può catturare le bandiere finché l'avversario non viene taggato. C'è una storia e una modalità 2 giocatori contro. Attraverso la storia, affronti molti nemici diversi con velocità e potenza di fuoco che variano (il fuoco della pistola rallenta solo la persona colpita, non c'è una barra della salute).
Grid Runner (USA)	Gli alieni ti hanno catturato e sei costretto a giocare a un gioco mortale di quello che sembra essere catturare la bandiera combinata con il tag. Corri intorno all'area e cattura il numero richiesto di bandiere prima di essere toccato dal tuo avversario. Se ti toccano, devi trovarli e toccarli prima che catturino il giusto numero di bandiere. Chiunque sia &quot;esso&quot; non può catturare le bandiere finché l'avversario non viene taggato. C'è una storia e una modalità 2 giocatori contro. Attraverso la storia, affronti molti nemici diversi con velocità e potenza di fuoco che variano (il fuoco della pistola rallenta solo la persona colpita, non c'è una barra della salute).
GT24 (Japan)	GT24 è un porting Sega Saturn del 1998 del Model 2 racer Super GT 24h di Jaleco. Come la sua controparte arcade, il gioco presenta solo una pista ma con alcune varianti aggiuntive, tra cui un percorso di media lunghezza, la modalità specchio e l'attrazione principale, una modalità di gara di resistenza &quot;24 ore&quot; ben eseguita. Tutto sommato, è un gioco di corse abbastanza competente e un'aggiunta utile alla collezione di qualsiasi fan di Saturn.
Guardian Force (Japan)	Guardian Force è un radicale allontanamento dallo stile &quot;carino&quot; incentrato sui personaggi della serie Success Cotton. Il giocatore controlla un carro armato futuristico e non c'è quasi un personaggio umano da vedere. I nemici sono carri armati, elicotteri, jet e veicoli corazzati realistici e la tavolozza grafica sfoggia un tono scuro e grintoso. È una scelta strana per un'azienda che ha costruito il suo nome su streghe con gli occhi spalancati e fate in bikini.
Guardian Heroes (USA)	Molto di più che una semplice baruffa, Guardian Heroes è la combinazione perfetta di azione e avventura. Tirate colpi, attaccate e distruggete col fuoco orde di androidi, guerrieri zombie e spiriti maligni, mentre scegliete la rotta attraverso 30 entusiasmanti livelli, o vi cimentate nella battaglia nel gioco frenetico a 6 giocatori, scegliendo fra 45 personaggi!
Gun Griffon (Europe)	Il mondo è in guerra! GunGriffon per Saturn è un gioco di combattimento in cui sei scelto da una delle quattro nazioni avversarie. Quindi piloti una macchina High-Macs della 45a divisione corazzata degli Stati Uniti d'America. Nel corso delle 8 missioni del software, devi evitare la distruzione dei tuoi alleati.
Gunbird (Japan)	Gunbird è uno sparatutto a scorrimento verticale sviluppato da Psikyo e pubblicato nelle sale giochi giapponesi nel 1994. Il gioco è stato ripubblicato diverse volte, anche su Sega Saturn, PlayStation e Steam. Quando originariamente si trovava fuori dal Giappone da XS Games, è stato ribattezzato Mobile Light Force. Gunbird è stato seguito da un sequel, Gunbird 2, nel 1998.
GunBlaze-S (Japan)	Il gioco è ambientato a Londra nella seconda metà del XIX secolo. Mark Flint è un giovane detective privato. Un giorno vede alcuni uomini aggredire una ragazza vicino al suo appartamento. Salva la ragazza, solo per scoprire che ha già visto il suo volto su un manifesto di ricerca. La ragazza (Jewel) gli racconta di essere braccata dalla misteriosa Società Rosenkreuz. Suo padre era un grande scienziato che sapeva come creare cose dall'etere puro. Il suo zeppelin è stato attaccato e i Rosenkreuz stanno cercando la collana di etere che Jewel indossa. Mark, Jewel e i loro amici devono trovare un modo per sconfiggere i Rosenkreuz e il loro capo, l'ambiziosa Irene, che non si fermerà finché il mondo intero non sarà sotto il suo controllo... Questa versione del gioco è un remake di Gunblaze con una grafica migliore e le scene destinate a un pubblico adulto sono state rimosse.
Gungriffon (USA)	Il mondo è in guerra! GunGriffon per Saturn è un gioco di combattimento in cui sei scelto da una delle quattro nazioni avversarie. Quindi piloti una macchina High-Macs della 45a divisione corazzata degli Stati Uniti d'America. Nel corso delle 8 missioni del software, devi evitare la distruzione dei tuoi alleati.
Gungriffon - The Eurasian Conflict (Japan)	Il mondo è in guerra! GunGriffon per Saturn è un gioco di combattimento in cui sei scelto da una delle quattro nazioni avversarie. Quindi piloti una macchina High-Macs della 45a divisione corazzata degli Stati Uniti d'America. Nel corso delle 8 missioni del software, devi evitare la distruzione dei tuoi alleati.
Gungriffon II (Japan)	GunGriffon II su Saturn è un gioco d'azione che ti permette di controllare un robot da guerra. Devi raggiungere vari obiettivi di distruzione o protezione con l'aiuto di varie armi come cannoni, mitragliatrici, granate e missili.
Gussun Oyoyo S (Japan)	Gussun Oyoyo è un puzzle game sviluppato da Irem per gli Arcade nel 1993. Nei tre anni successivi, ha visto diversi port (e un sequel) per console. Questi port sono stati gestiti da diversi sviluppatori e sono interpretazioni leggermente diverse della fonte di Irem. La stessa Irem avrebbe poi prodotto un sequel per PS1 nel 1996: Gussun Paradise, conosciuto in Europa come Yoyo's Puzzle Park. nnIl gameplay principale della serie è aiutare Gussun e suo fratello Oyoyo (rispettivamente Vic e Vinnie in Risky Challenge) a fuggire da un livello allagamento costruendo una scala con blocchi di Tetris. L'obiettivo è raggiungere il soffitto prima che il livello dell'acqua affoghi la coppia. Gussun e Oyoyo si muovono indipendentemente in base alla loro intelligenza artificiale, in modo simile ai roditori titolari di Lemmings, e il giocatore deve anticipare il loro percorso di intelligenza artificiale e la loro abitudine di impazzire occasionalmente ogni volta che accadono cose spaventose.
Gyuwambler Jiko Chuushinha - Tokyo Mahjongland (Japan)	Il gioco fa parte della serie di giochi a tema mahjong Gambler Jiko Ch?shinha basati sull'omonimo manga di Masayuki Katayama. Il gioco è fondamentalmente solo un gioco di mahjong con un elemento RPG sciolto. Il gioco presenta anche alcune animazioni a schermo intero alimentate dalla console.
Habitat II (Japan)	Habitat II era un client di gioco basato su Saturno per il mondo virtuale &quot;Habitat II&quot; di Fujitsu, che era esso stesso una versione con licenza del mondo virtuale WorldsAway di Fujitsu lanciato nel settembre 1995. Il servizio è stato originariamente rilasciato per gli utenti Windows nel marzo 1996 e 4 mesi dopo il Il client Saturn è stato rilasciato. Dipende completamente dal modem Sega Saturn a causa della relazione client/server e quindi non può funzionare nell'era moderna.
Hang On GP '95 (Japan) (1M)	Hang-On GP presenta tre tracciati: Albatross Cliff Reef, Great Crimson Wall e New Dwells. Ogni traccia contiene un percorso aggiuntivo che diventa disponibile dopo un piazzamento alto. Questo rende un totale di sei possibili gare. nnI giocatori possono scegliere tra dieci motociclette da utilizzare durante una gara e una trasmissione automatica o manuale per ciascuna. I giocatori possono anche decidere come controllare la bici, highside o power slide. nnPosizionarsi tra i primi tre su una delle prime tre tracce rilascerà i percorsi aggiuntivi. Quando i giocatori si piazzano tra i primi tre sui percorsi aggiuntivi, sarà disponibile una modalità di resistenza. In modalità endurance i giocatori tentano di completare il maggior numero di giri possibile in 10 minuti.
Hang On GP '96 (Europe)	Hang-On GP presenta tre tracciati: Albatross Cliff Reef, Great Crimson Wall e New Dwells. Ogni traccia contiene un percorso aggiuntivo che diventa disponibile dopo un piazzamento alto. Questo rende un totale di sei possibili gare. nnI giocatori possono scegliere tra dieci motociclette da utilizzare durante una gara e una trasmissione automatica o manuale per ciascuna. I giocatori possono anche decidere come controllare la bici, highside o power slide. nnPosizionarsi tra i primi tre su una delle prime tre tracce rilascerà i percorsi aggiuntivi. Quando i giocatori si piazzano tra i primi tre sui percorsi aggiuntivi, sarà disponibile una modalità di resistenza. In modalità endurance i giocatori tentano di completare il maggior numero di giri possibile in 10 minuti.
Hang-On GP (USA)	Hang-On GP presenta tre tracciati: Albatross Cliff Reef, Great Crimson Wall e New Dwells. Ogni traccia contiene un percorso aggiuntivo che diventa disponibile dopo un piazzamento alto. Questo rende un totale di sei possibili gare. nnI giocatori possono scegliere tra dieci motociclette da utilizzare durante una gara e una trasmissione automatica o manuale per ciascuna. I giocatori possono anche decidere come controllare la bici, highside o power slide. nnPosizionarsi tra i primi tre su una delle prime tre tracce rilascerà i percorsi aggiuntivi. Quando i giocatori si piazzano tra i primi tre sui percorsi aggiuntivi, sarà disponibile una modalità di resistenza. In modalità endurance i giocatori tentano di completare il maggior numero di giri possibile in 10 minuti.
Hansha de Spark! (Japan)	Hansha de Spark! è un gioco arcade 2D dall'alto verso il basso, simile nello stile a Bomberman, ma invece di usare le bombe, i giocatori possono sparare sfere di energia che ricevono energia rimbalzando contro le pareti speciali. Possono raccogliere bonus per ottenere un vantaggio. Il gioco presenta sia la modalità giocatore singolo in cui il giocatore combatte contro nemici e boss normali simili a zombi, sia una modalità multigiocatore in cui i giocatori combattono contro altri giocatori o robot.
Hardcore 4x4 (Europe) (En,Fr,De)	Hardcore 4x4, conosciuto brevemente in Nord America come TNN Motor Sports Hardcore 4x4 e conosciuto come Deka Yonku: Tough the Truck in Giappone, è un gioco di corse fuoristrada sviluppato per Sega Saturn da Gremlin Interactive. Durante lo sviluppo, divenne noto come Gears and Guts. Sebbene molto antiquato per gli standard odierni, Hardcore 4x4 è stato uno dei primi giochi di corse/guida fuoristrada in 3D a presentare una fisica realistica, con ogni veicolo dotato di sospensioni indipendenti.
Harukaze Sentai V-Force (Japan) (Disc 1)	Harukaze Sentai V-Force è un gioco di ruolo strategico isometrico simile a Front Mission o Super Robot Taisen. Il gioco segue Natsuki, Mizuki e Kagetsu, tre sorelle che sono piloti della Earth Defense Force. Ogni missione consente ai giocatori di configurare le armi del proprio personaggio e, mentre combattono, guadagneranno esperienza e saliranno di livello. Originariamente veniva fornito con una cassetta VHS e tre dischi di gioco.
Hatsukoi Monogatari (Japan)	Hatsukoi Monogatari è un gioco di simulazione/avventura d'amore ambientato nel solito liceo giapponese in cui il personaggio del giocatore cerca l'amore.
HatTrick Hero S (Japan)	&quot;Hattrick Hero S&quot; ci ricorda i giochi di calcio arcade a scorrimento laterale in 2D che erano popolari nei coin-op degli anni '90, in particolare della serie Super Sidekicks. In questo gioco possiamo scegliere tra un ampio elenco di squadre nazionali (42 in totale) di tutti i continenti e possiamo competere in un'amichevole, un campionato, un campionato mondiale o una sessione di calci di rigore. Ogni squadra conta con un giocatore &quot;Asso&quot; (puoi indovinare chi è vedendo &quot;Asso&quot; sopra la sua testa durante una partita), o in altre parole, l'uomo con le migliori capacità della squadra. Il gioco ha anche un sistema che ti permette di eseguire azioni speciali durante una partita, ma queste devono essere &quot;scambiate&quot; con qualcosa chiamato unità (inizi ogni partita con 20 di esse), quindi per esempio, se vuoi eseguire un Hyper Shoot (il tiro più efficace del gioco) avrai 6 unità in meno.
Haunted Casino (Japan) (Disc A)	I giocatori camminano ed esplorano l'interno dell'edificio realizzato in 3D CG. Oltre alle streghe avversarie, ci sono anche oggetti che possono essere usati durante il gioco e imbrogliare. La stanza è alta tre piani, tre dischi in riproduzione. I dati per ogni piano sono registrati su ogni disco. Nagata Tata è responsabile del design dei personaggi.
Hebereke's Popoitto (Europe)	Il Popoitto di Hebereke è una variante di Tetris. L'obiettivo in ogni livello è rimuovere i blocchi già presenti sul campo di gioco, che rappresentano i personaggi del franchise. Altri blocchi cadono dalla parte superiore dello schermo e devono essere guidati nel punto giusto prima di toccare il suolo o un altro blocco. Quando quattro o più blocchi uguali sono insieme, svaniscono. Il problema di questa variante è che i blocchi che devono essere rimossi si muovono sul campo di gioco. Il giocatore assume il ruolo del pinguino Hebereke che vuole vincere un torneo contro i suoi amici.
Heir of Zendor - The Legend and the Land (USA)	Heir of Zendor: The Legend and The Land è un gioco di strategia a turni e un sequel di Gotha: Ismailia Seneki. Il gioco è ambientato su Zendor. La risorsa più importante è l'acqua, che dopo le Grandi Guerre rimase ancora solo nel continente chiamato Terra Sancta. Il giocatore assume il ruolo di comandante della Squadriglia Zendoriana delle Forze di Spedizione della Royal Alliance e deve sconfiggere i &quot;Cinque Re&quot;.
Heisei Tensai Bakabon - Susume! Bakabons (Japan)	Heisei Tensai Bakabon Susume! Bakabons è un puzzle game basato sull'anime/manga con lo stesso nome. Il gioco è stato sviluppato e pubblicato da General Ent, che è stato rilasciato in Giappone nel 1995 per Sega Saturn. Il gioco può essere visto come un clone di Hebereki No Popun.
Heiwa Pachinko Soushingeki (Japan) (1M)	Heiwa Pachinko Sousingeki è un gioco pachinko per Sega Saturn. Può essere vista come una delle simulazioni di Pachinko più impressionanti su Saturno per più di un motivo. Le schede principali utilizzate all'interno del gioco sono completamente in 3D. Non ha piegature o deformazioni poligonali, nessuna rottura e nessuna trama incerta. La seconda caratteristica che distingue questa sim Pachinko dalle altre è l'elemento RPG. Dispone inoltre di 5 schede diverse.
Henry Explorers (Japan)	Crypt Killer è uno sparatutto per playstation in cui giochi come un avventuriero alla ricerca di antichi cristalli contenenti poteri misteriosi. Molti nemici saranno presenti sulla tua strada durante i 6 livelli di gioco e per affrontarli avrai a disposizione diversi tipi di armi come un fucile a pompa, una mitragliatrice o un lanciagranate.
Herc's Adventures (USA) (RE)	Herc's Adventures è un gioco d'azione di Saturno. Ade rapì Persefone, la dea della primavera. Temendo che la Grecia rimarrà intrappolata in inverno per l'eternità, Zeus usa 3 eroi: Ercole, Atlanta e Giasone per salvare Persefone. Dopo aver scelto uno dei tre eroi, dovrai cercare la dea che combatte in più di 40 ambienti diversi. Ogni personaggio ha i suoi punti di forza e di debolezza.
Hexen (USA)	Mentre stavi combattendo le forze del male di D'Sparil, gli altri Serpent Riders erano impegnati a seminare i semi della distruzione in altre dimensioni. Una di queste dimensioni è il mondo in decomposizione in cui si svolge Hexen. Un mondo disseminato di cadaveri straziati di non credenti. Solo tre umani - un guerriero, un mago e un chierico - sono sfuggiti al malvagio incantesimo del leader. Ora queste tre anime coraggiose hanno giurato di schiacciare il regime malvagio che minaccia di distruggere il mondo per sempre.
Hexen - Beyond Heretic (Japan)	Mentre stavi combattendo le forze del male di D'Sparil, gli altri Serpent Riders erano impegnati a seminare i semi della distruzione in altre dimensioni. Una di queste dimensioni è il mondo in decomposizione in cui si svolge Hexen. Un mondo disseminato di cadaveri straziati di non credenti. Solo tre umani - un guerriero, un mago e un chierico - sono sfuggiti al malvagio incantesimo del leader. Ora queste tre anime coraggiose hanno giurato di schiacciare il regime malvagio che minaccia di distruggere il mondo per sempre.
Hi-Octane (Europe) (En,Fr,De,Es)	Il gioco si svolge in un universo di fantascienza in cui il giocatore partecipa a gare di hovercraft. Può scegliere tra sei veicoli con caratteristiche diverse in termini di forza, velocità e potenza di fuoco. Con il suo hovercraft partecipa a gare che si oppongono a piloti controllati dal computer o da altri giocatori. Nel gioco sono disponibili sei circuiti, rappresentati in tre dimensioni, costellati di armi e bonus che permettono al giocatore di migliorare le prestazioni del proprio veicolo o di attaccare i propri avversari per perdere tempo. Ogni circuito è inoltre dotato di tribune che consentono di fare rifornimento di carburante o munizioni ed effettuare riparazioni.
Hi-Octane - The Track Fights Back! (USA) (En,Fr,De,Es)	Il gioco si svolge in un universo di fantascienza in cui il giocatore partecipa a gare di hovercraft. Può scegliere tra sei veicoli con caratteristiche diverse in termini di forza, velocità e potenza di fuoco. Con il suo hovercraft partecipa a gare che si oppongono a piloti controllati dal computer o da altri giocatori. Nel gioco sono disponibili sei circuiti, rappresentati in tre dimensioni, costellati di armi e bonus che permettono al giocatore di migliorare le prestazioni del proprio veicolo o di attaccare i propri avversari per perdere tempo. Ogni circuito è inoltre dotato di tribune che consentono di fare rifornimento di carburante o munizioni ed effettuare riparazioni.
Hideo Nomo World Series Baseball (Japan)	I ragazzi dell'estate invadono il tuo salotto in WORLD SERIES BASEBALL. Gioca nei panni di una delle 28 squadre della Major League con elenchi completi e aggiornati. Prova a vincere il gagliardetto in una stagione di 162 partite, oppure salta la stagione e vai ai playoff. Se la tua parte preferita della stagione di baseball è l'All-Star Game, scegli di partecipare alla modalità All-Star. Scopri chi è il più grande battitore con l'Home Run Derby. Mentre suoni, le tue orecchie saranno trattate con un suono di qualità CD che include annunci play-by-play, inni da campo da baseball e risposte dinamiche della folla. Pensi di poter gestire l'azione dei grandi campionati? Scoprilo con le World Series Baseball.
High Velocity - Mountain Racing Challenge (USA)	Conosciuto in Giappone come Touge King: The Spirits (spesso tradotto erroneamente come Touge: King of the Spirits), High Velocity è un corridore veloce di Atlus. Scegli la corsa dei tuoi sogni e lanciati per vedere quanto velocemente puoi correre su per la montagna. Personalizza la tua auto, cambiane il colore, scegli il motore, il turbocompressore, poi mettila a punto alla perfezione mettendo a punto le sospensioni e le gomme. High Velocity: Mountain Racing Challenge presenta tre diversi tracciati basati su strade alpine reali. Puoi anche sfidare un amico in una modalità a schermo diviso per due giocatori
Highschool Terra Story (Japan)	Highschool Terra Story è un gioco di simulazione pubblicato da KID per Sega Saturn. I giocatori assumono il ruolo di Keisuke, uno studente delle superiori. I giocatori usano il loro tempo cercando di migliorare la loro relazione con le sei ragazze, Misa, Rina, Mimi, Aki, Chiho e Mao. Il suo sequel, College Terra Story, è stato rilasciato solo su PC.
Highway 2000 (USA)	Non hai mai sognato di avere una costosa auto sportiva e una ragazza fantastica al tuo fianco? Se è così allora, questo gioco fa per te. Prendi la macchina e forse la pupa verrà con te se sei abbastanza bravo. E forse ti farà vedere un po' di più di lei... Dipende da te...
Himitsu Sentai Metamor V (Japan)	Himitsu Sentai Metamor V è un gioco di avventura basato sull'anime con lo stesso nome. Il gioco è stato sviluppato da Feycraft e pubblicato da Mainichi Communications Inc., uscito in Giappone nel 1998 per Sega Saturn.
Hissatsu Pachinko Collection (Japan)	Hissatsu Pachinko Collection è stato originariamente pubblicato alla fine del 1994 per Super Famicom, ed è stato affiancato da tre sequel nei due anni successivi (due nel 1995, uno nel 1996). All'inizio del 1996, questo gioco è stato rilasciato su Sega Saturn con vari miglioramenti del CD. Il gioco ha modalità Pachinko con elementi semi RPG ma anche un gioco mahjong che si svolge nel soggiorno dei giocatori.
Hissatsu! (Japan)	Tre uomini e un complotto da cowboy per assassinare criminali tirannici ai vecchi tempi del Giappone. Vanno in giro di notte, uccidono le persone e a volte devono combattere qualcosa di veramente strano come un mostro magico. Ci sono opere d'arte disegnate a mano che accompagnano la storia tra i livelli, ma per la maggior parte puoi ignorarle. La trama non è poi così importante in un gioco come Hissatasu. Riguarda più l'azione che altro.
Hokuto no Ken (Japan)	Hokuto no Ken è basato sulla serie anime First of the North Star, continuando la sua trama. La storia inizia quando Burt e Lynn stanno per sposarsi e Lynn viene rapita da Jado (che somiglia a Jagger della prima serie di Hokuto no Ken), un discepolo del &quot;Dark Hokuto&quot; The Dark Fist of Deceased Light, usando una tecnica chiamata Hokuto Mumyo Ken, una tecnica più antica dello stesso Hokuto Shinken. Quindi Ken (che si è ritirato in una grotta) viene attaccato da uno scagnozzo di questa scuola di arti marziali. Dopo averlo sconfitto, Ken decide di indagare.
Honkaku 4-nin Uchi Geinoujin Taikyoku Mahjong - The Wareme de Pon (Japan)	Honkaku 4-nin Uchi Geinoujin Taikyoku Mahjong: The Wareme DE Pon è un gioco di mahjong basato sullo show televisivo giapponese della metà degli anni '90 chiamato The Wareme de Pon. Lo spettacolo ha caratterizzato alcuni dei migliori giocatori di Mahjong in Giappone che si scontrano l'uno contro l'altro durante una partita di mahjong.
Honkaku Hanafuda (Japan)	Honkaku Hanafuda è un gioco hanafuda, pubblicato da Altron, pubblicato in Giappone nel 1998 per Sega Saturn. Le Hanafuda sono carte da gioco di origine giapponese che vengono utilizzate per svolgere numerosi giochi. Il nome si traduce letteralmente come &quot;carte di fiori&quot;. Il nome si riferisce anche alle partite giocate con quelle carte.
Honkaku Shougi Shinan - Wakamatsu Shougi Juku (Japan)	È un corso di Shogi (scacchi giapponesi), quindi va bene per i principianti come modalità test d'ingresso. La maggior parte dei pezzi sono stati settati al grado di difficoltà principiante. Ci sono anche modalità insolite come il gioco a tre persone e puntare ad occhi bendati (non puoi vedere i pezzi posizionati sul tabellone). I giochi vanno dal principiante all'intermedio all'avanzato, ma sembra che non siano bravi a gestire mani diverse da joseki, e lo sforzo dispendioso per evitare lo scacco matto è cospicuo. Non c'è da meravigliarsi che tu possa pensare a un breve tempo di riflessione, ma penso che sarebbe stato meglio per gli studenti avanzati essere un po' più forti anche se avessero esteso il loro tempo di pensiero.
Hop Step Idol (Japan)	Come produttore in un'agenzia di talenti, i giocatori creano il proprio idolo per soddisfare le loro esigenze.
Horde, The (USA)	Folle di horrdling stanno distruggendo tutto ciò che vedono. Sta a te difendere la tua piccola parte di paradiso. Distruggi i mostri che avanzano con una stella del mattino, spade o bombe. Per assottigliare l'orda prima di andare in battaglia, costruisci le tue difese con fosse mortali o assumi arcieri e cavalieri per aiutarti. Tutti i modelli dei personaggi sono creati in glorioso 3D e la trama procede in 35 minuti di video in full motion. Devi proteggere la tua casa pacifica contro L'ORDA.
Horror Tour (Japan)	Horror Tour, noto anche come Zeddas: Servant of Sheol, è un gioco di avventura in prima persona con sfondi pre-renderizzati. Il gioco è ambientato interamente nel castello, che è un luogo simile a un labirinto che deve essere esplorato mentre il giocatore cerca indizi. Gli enigmi del gioco sono prevalentemente basati sulla logica; la lettura di libri in biblioteca è spesso richiesta per ricevere indizi per le loro soluzioni.
Houkago Ren'ai Club - Koi no Etude (Japan) (Disc 1)	Il gioco è stato rilasciato anche con una variazione di copertina.
Houma Hunter Lime Perfect Collection (Japan) (Disc 1)	Houma Hunter Lime è una serie di giochi a episodi, costruiti come un cartone animato interattivo con elementi di visual novel. Questa collezione contiene: Houma Hunter Lime: Special Collection Vol. 1 (atti 1-3) e 2 (atti 5-8). Il giocatore può accedere solo al primo episodio direttamente dal menu principale e deve completare ogni episodio prima di poter giocare a quello successivo.
House of the Dead, The (USA)	House of the Dead è il tuo sparatutto su rotaia di base. Passa attraverso i livelli di ramificazione e uccidi tutti gli zombi, evita di uccidere gli umani e salva la ragazza. Sparare a vari bersagli speciali lungo il percorso o in un determinato periodo di tempo ti dà salute temporanea e potenziamenti delle armi.
Hyper 3-D Pinball (USA)	Hyper 3D Pinball, noto anche come Tilt!, è un gioco di flipper. I giocatori possono scegliere tra 6 schede con cui giocare, in modalità 3D a schermo intero o in modalità classica a scorrimento 2D. I temi dei flipper sono Science Fiction (Star Quest), Horror (Monster), Racing (Road King), Underworld (Gangster), Fantasy (Myst & Majik) e Fair (Funfair). Ogni flipper ha giochi multi-biglia, animazioni durante il gioco e intermezzi nel campo di punteggio.
Hyper 3D Pinball (Japan)	Hyper 3D Pinball, noto anche come Tilt!, è un gioco di flipper. I giocatori possono scegliere tra 6 schede con cui giocare, in modalità 3D a schermo intero o in modalità classica a scorrimento 2D. I temi dei flipper sono Science Fiction (Star Quest), Horror (Monster), Racing (Road King), Underworld (Gangster), Fantasy (Myst & Majik) e Fair (Funfair). Ogni flipper ha giochi multi-biglia, animazioni durante il gioco e intermezzi nel campo di punteggio.
Hyper Duel (Japan)	Hyper Duel è un gioco sparatutto a scorrimento orizzontale pubblicato esclusivamente in Giappone per Sega Saturn nel 1996. È stato inizialmente pubblicato nelle sale giochi nel 1993. nnIl gioco contiene un fedele port della versione arcade (differenze audio minime e tempi di caricamento obbligatori a parte) e una versione Saturn rielaborata. A differenza di altri giochi Technosoft, questo gioco è stato portato esclusivamente su Sega Saturn Design, è simile alle voci successive di Technosoft nella serie Thunder Force. nnCi sono un totale di 8 fasi in ordine predeterminato. Nella tipica maniera del genere, il giocatore combatte piccoli nemici standard sotto-boss di medie dimensioni ed elude gli ostacoli. Un boss attende alla fine della maggior parte delle fasi.
Hyper Golf, The - Devil's Course (Japan)	Valora Valley Golf è un approccio esagerato al mondo del golf. Sebbene presenti i tradizionali pericoli dei campi da golf come ostacoli d'acqua e bunker, sono presenti anche pozzi di lava e green in cima a una montagna. nnI corsi spaziano da campi da golf dall'aspetto semplice con lunghi fairway in cui il giocatore può guidare la palla per 450 iarde in un colpo e giganteschi ostacoli d'acqua fino ad antiche rovine e un corso all'interno di un vulcano. nnI controlli sono semplicistici, fare clic una volta per far apparire un metro, fare nuovamente clic per impostare l'angolo e ancora una volta per quanta potenza per guidare la palla con colpi speciali si ottengono alla fine del metro. Non presenta alcun golfista o corso nella vita reale.
Hyper Reverthion (Japan) (2M)	Hyper Reverthion è un gioco di combattimento 3-D nello stile di &quot;Virtual On&quot;, in cui il giocatore può selezionare uno degli otto combattenti nei propri robot individuali, ognuno dotato del proprio set unico di attacchi speciali a distanza e attacchi in mischia.
Ide Yousuke Meijin no Shin Jissen Mahjong (Japan) (2M)	Ide Yosuke Meijin no Shin Jissen Mahjong è un gioco Miscellaneous, sviluppato e pubblicato da Capcom, che è stato rilasciato in Giappone nel 1996.
Idol Janshi Suchie-Pai II (Japan) (Disc 1)	Il terzo capitolo della serie di giochi di mahjong Suchie-Pai. Una ragazza di nome Shiho Katagiri è stata rapita e tocca a Suchie-Pai salvarla. Suchie-Pai dovrà battere diversi avversari nel mahjong per progredire. Le scene di strip sono animate questa volta. Ai giocatori si uniscono anche alcuni degli avversari, che possono trasformarsi essi stessi in eroi.
Idol Janshi Suchie-Pai Mecha Genteiban - Hatsubai 5 Shuunen Toku Package (Japan) (Disc 1)	Idol Janshi Suchie-Pai Mecha Genteiban: Hatsubai 5 Shuunen (Toku) Package è una compilation priva di nudità della serie Suchie-Pai. Il set di quattro dischi include quanto segue: Una versione non nuda di Idol Janshi Suchie-Pai Special. Una versione non nuda di Idol Janshi Suchie-Pai II. Un nuovo gioco di avventura, simile a Suchie-Pai Adventure: Doki Doki Nightmare. E un mini CD audio.
Idol Janshi Suchie-Pai Remix (Japan)	Idol Janshi Suchie-Pai Remix è un gioco di mahjong sviluppato e pubblicato da Jaleco per Sega Saturn. Fa parte della serie Idol Janshi Suchie-Pai di Jaleco. Il contenuto del gioco non è cambiato da Idol Janshi Suchie-Pai Special, solo una parte della grafica nuda e della musica di sottofondo è stata modificata. Questa edizione remixata viene fornita completa di un album di schizzi d'arte.
Idol Janshi Suchie-Pai Secret Album (Japan)	Idol Janshi Suchie-Pai Secret Album è una sorta di album, in più di un modo. Ci sono due dischi, il secondo disco è un CD audio, noto anche come album. Il primo disco, tuttavia, è più di un album tradizionale. È un album digitale della serie Suchie-Pai, compilato sotto forma di un'interfaccia simile a un browser Internet (nota come Suchie-Explorer 4.7).
Idol Janshi Suchie-Pai Special (Japan)	Idol Janshi Suchie-Pai Special è un seguito arcade del gioco per Super Famicom Bish?jo Janshi Suchie-Pai che è stato successivamente portato su diversi sistemi domestici. Come l'originale, presenta l'alter ego di Misaki Kyoko, la super eroina Suchie-Pai, mentre gioca a mahjong contro varie giovani e attraenti avversarie. Tuttavia, questo gioco contiene lo spogliarello.
Idol Mahjong - Final Romance 2 (Japan)	Taisen Idol-Mahjong Final Romance 2 è il secondo gioco della serie Final Romance e il primo a presentare ragazze in stile anime invece di foto digitalizzate di modelli reali. È anche il primo ad essere portato su sistemi domestici. Come il primo, i giocatori giocano a strip mahjong contro varie ragazze. I giocatori possono usare il loro punteggio per acquistare vari metodi di imbroglio.
Idol Mahjong - Final Romance 4 (Japan)	Taisen Mahjong Final Romance 4 è il quarto gioco della serie Final Romance. I giocatori giocano a strip mahjong contro varie avversarie femminili. Se i giocatori vincono, ottengono scene di strisce animate. Tra le ragazze, possono usare i loro punti per acquistare dispositivi di imbroglio per aumentare le loro possibilità di una mano vincente o guardare le tessere dell'avversario.
Idol Mahjong - Final Romance R (Japan)	Taisen Mahjong Final Romance R è il terzo gioco di Final Romance. I giocatori devono sfidare diverse ragazze a spogliare il mahjong. Se i giocatori vincono, possono guardare sequenze di strisce animate. I punti guadagnati possono essere spesi per barare.
Impact Racing (USA)	Senza tener conto di una storia di fondo, Funcom Dublin offre un mix di corse e guida in stile Wipeout a un ritmo molto veloce. Completare i giri entro il tempo assegnato non è sufficiente, devi anche distruggere una certa quantità di veicoli. Contrariamente al titolo di cui sopra, guidi normali auto da corsa, se conti le armi montate. Questi includono mine, missili a concussione, bombe intelligenti, missili a ricerca di calore, laser e firewall. Alcuni vengono forniti eliminando i nemici, ma è possibile raccogliere anche potenziamenti, bonus di tempo, energia, armature e un handicap che capovolge lo schermo.
In the Hunt (USA)	Uno sparatutto a scorrimento laterale in 2D in cui prendi il controllo di un piccolo sottomarino d'attacco e intraprendi un combattimento subacqueo. Le forze della Dark Anarchy Society minacciano di distruggere le città più importanti della terra e solo tu puoi superare le loro difese e distruggere la loro tana segreta sottomarina. nnIn the Hunt segue il modello classico per gli sparatutto 2D, con l'aggiunta di poter controllare la velocità di scorrimento. Include sette livelli di azione subacquea (e tieni d'occhio le minacce dall'alto), armi potenziabili e modalità di gioco cooperativa per due giocatori.
Incredible Hulk, The - The Pantheon Saga (USA)	Fedele ai fumetti, Hulk non si affida ad altre armi se non ai suoi enormi muscoli per prendere a pugni, calci e schiacciare i suoi nemici. Quando ha accumulato abbastanza energia gamma, può usare potenti mosse speciali come Vortex Spin o Floor Hammer. Gli oggetti bonus rari consentono anche a Hulk di evocare uno dei quattro membri della squadra del Pantheon, Atalanta, Ulisse, Aiace ed Ettore per assistere nel bel mezzo della battaglia.
Independence Day (USA)	Questo gioco arcade è liberamente ispirato al film campione d'incassi del 1996 &quot;Independence Day&quot;. Intervallato da filmati tratti dal film, il gioco consiste nel pilotare un jet attraverso varie missioni per abbattere le gigantesche astronavi che distruggono la città. Ciò comporta volare intorno al livello 3D ed eliminare bersagli come: collegamenti di comunicazione, generatori di scudi, occasionali caccia alieni e, infine, abbattere la principale nave aliena tramite un attacco al suo cannone principale. I potenziamenti sono abbondanti, come pacchetti medici che curano il tuo jet, armi bonus, aerei bonus e un oggetto che congela gli aerei nemici per un breve periodo.
Independence Day - The Game (Europe) (En,Fr,De,Es,It,Sv)	Questo gioco arcade è liberamente ispirato al film campione d'incassi del 1996 &quot;Independence Day&quot;. Intervallato da filmati tratti dal film, il gioco consiste nel pilotare un jet attraverso varie missioni per abbattere le gigantesche astronavi che distruggono la città. Ciò comporta volare intorno al livello 3D ed eliminare bersagli come: collegamenti di comunicazione, generatori di scudi, occasionali caccia alieni e, infine, abbattere la principale nave aliena tramite un attacco al suo cannone principale. I potenziamenti sono abbondanti, come pacchetti medici che curano il tuo jet, armi bonus, aerei bonus e un oggetto che congela gli aerei nemici per un breve periodo.
International Victory Goal (Europe)	Le migliori squadre del mondo come Brasile, Stati Uniti, Germania, Francia, Spagna e altre sei squadre internazionali si preparano al volley, alla rovesciata e si dirigono verso un campionato! La grafica 3D renderizzata di Sega Saturn ti mette in campo! Modalità Esibizione, Lega mondiale, Torneo mondiale e Calcio di rigore. 12 prospettive di gioco dinamico. Ribalte, tiri al volo, colpi di testa al volo e parate spettacolari! Controllo completo della riproduzione da più visualizzazioni. Monitoraggio statistico completo.
Ippatsu Gyakuten - Gambling King e no Michi (Japan)	Ippatsu Gyakuten: Gambling King he no Michi è un gioco d'azzardo, pubblicato da BMG Interactive Entertainment, che è stato rilasciato in Giappone nel 1996 per Sega Saturn. I giocatori possono scommettere su Pachinko, slot, corse di cavalli, corse di biciclette e corse di barche.
Irem Arcade Classics (Japan)	Irem Arcade Classics è una raccolta di tre giochi arcade di Irem, rilasciati esclusivamente in Giappone per Sega Saturn e Sony PlayStation. - 10-Yard Fightnn- Spartan-X (Kung-Fu Master)nn- Zippy Race (Motorace USA)
Iron Man & X-O Manowar in Heavy Metal (USA)	Titani del metallo, Iron Man e X-O Manowar, si uniscono per la prima volta in assoluto per affrontare una grave crisi cosmica! È una fusione apocalittica di azione furiosa, con il massimo della potenza e del realismo dei Supereroi! Dotato di potenza di fuoco bidirezionale, esplosioni di raggio toracico, combo multi-colpo e tiro con l'asse Z, battaglie con boss finali e potenza dell'arma potenziata!
Iron Storm (USA)	Questo è un gioco di strategia a turni molto tradizionale per Sega Saturn. Utilizza una mappa esadecimale e presenta nebbia di guerra, condizioni meteorologiche, esperienza delle unità, aggiornamento delle unità, veicoli e altre chicche che ti aspetti in una simulazione realistica della Seconda Guerra Mondiale. Aggiunge anche semplici filmati animati in 3D che mostrano cosa è successo durante ogni attacco. Sviluppato originariamente per PC da SystemSoft come parte della loro serie di giochi Daisenryaku (~ Great World War) (ancora in esecuzione), è stato portato su Sega Saturn da Sega per la sua versione giapponese. È stato quindi concesso in licenza da Working Designs e tradotto in inglese per il suo rilascio negli Stati Uniti.
Ishin no Arashi (Japan)	Ishin no Arashi è ambientato durante il periodo Bakumatsu (intorno al 1850 fino alla Restaurazione Meiji del 1867), il tratto finale del periodo Edo giapponese, che fu un periodo turbolento, un periodo di grande lotta tra i sostenitori degli shogun feudali, i governanti di il paese e i seguaci dell'Imperatore, che alla fine vinsero e portarono avanti la Restaurazione Meiji, trasformando il Giappone in uno stato moderno e potente. In Ishin no Arashi il giocatore può scegliere una delle tre principali battaglie del periodo Bakumastu e decidere quale leader alla fine spingerà il Giappone verso l'era Meiji.
Isto E Zico - Zico no Kangaeru Soccer (Japan)	Isto é Zico: Zico no Kangaeru Soccer è un film interattivo per la Sega Saturn approvato dal giocatore di football brasiliano Arthur Antunes Coimbra, altrimenti noto come Zico. I giocatori possono ascoltare Zico spiegare perché è così bravo, oltre a mostrare alcuni dei momenti salienti della sua carriera e l'allenamento delle abilità.
J. B. Harold - Blue Chicago Blues (Japan) (Disc 1)	Dopo Murder Club, questa è un'altra storia poliziesca sull'intrepido investigatore privato J.B. Harold. Questa volta, una donna sconosciuta con un vestito rosso è stata uccisa a Chicago. Anche una detective donna che ha iniziato a indagare sull'omicidio è stata uccisa, e questa volta l'assassino ha fatto sembrare un suicidio. J.B. Harold arriva a Chicago e ora deve collaborare con la polizia locale per risolvere il mistero. nnJ.B. Harold: Blue Chicago Blues è un film interattivo. La maggior parte del tempo del giocatore viene speso guardando filmati (con attori e scenari reali). In alcuni punti, il film si blocca e al giocatore viene presentata una schermata con due o più scelte. Ogni scelta fa avanzare il tempo, quindi è necessario pianificare bene per non rimanere senza tempo e risolvere con successo il caso.
J.League Go Go Goal! (Japan)	J-League Go Go Gol! è una partita di calcio su Saturno. Sebbene modellato in 3D, il titolo mantiene un orientamento arcade nella sua giocabilità (passaggio, centro, tiro, contrasto, spallata) e le acrobazie sono spesso presenti. Sono presenti diciassette squadre della Japan League e il giocatore può scegliere tra una modalità esibizione e una lega.
J.League Jikkyou Honoo no Striker (Japan) (1M)	J. League Jikkyou Honoo No Striker è la versione giapponese del gioco che negli Stati Uniti è noto come Winning Eleven, sebbene non sia mai stato rilasciato negli Stati Uniti per Saturn.
J.League Pro Soccer Club o Tsukurou! (Japan)	J.League Pro Soccer Club o Tsukurou! è una simulazione manageriale di calcio del 1996 di Sega per il Sega Saturn rilasciato esclusivamente in Giappone. È il primo della serie di simulazioni gestionali Let's Make!!/Tsukurou di Sega. Successivamente è stato rifatto per Sega Dreamcast e PC, aggiungendo la riproduzione in rete.
J.League Victory Goal '96 (Japan) (2M)	Victory Goal '96, il seguito diretto di Victory Goal (da non confondere con International Victory Goal, che a differenza del gioco in questione era distribuito per tutte le regioni), è il gioco che ha posto le basi dell'ulteriore sviluppo di Sega Worldwide Soccer 97 e del sequel. nnDai precedenti giochi della serie questo gioco di calcio ha mantenuto solo il titolo, perché il motore di gioco, la musica, le scene video e quasi tutto il resto, avevano tutti gli stessi ingredienti che in Occidente si potevano vedere per la prima volta con il successivo Worldwide Soccer 97 Inoltre, proprio come il suo prequel, questo gioco include tutte le squadre della J.League giapponese (di cui aveva una licenza ufficiale), ma d'altra parte non include squadre internazionali. Il gioco presenta tracce di commento di due dei commentatori più famosi del Giappone.
J.League Victory Goal '97 (Japan)	Victory Goal '97 può essere considerato Sega Worldwide Soccer 97 ma con 17 squadre della Japanese Professional Football League. Proprio come le precedenti partite di Victory Goal, non include squadre internazionali, ma invece le squadre di club aggiornate e i nomi dei giocatori per la stagione 1997. nnIl primo della serie non sviluppato dal Team Aquila ma questa volta adattato da SIMS, è diventato l'ultimo della serie dedicata esclusivamente al campionato giapponese, e anche l'ultimo dei giochi SEGA a portare il &quot;Victory Goal&quot;. Ulteriori versioni utilizzerebbero il titolo &quot;Worldwide Soccer&quot;, anche in Giappone.
Jantei Battle Cos-Player (Japan) (Disc 1)	Jantei Battle Cos-Player è un gioco di mahjong pubblicato da Daiki per Sega Saturn. La sezione Mahjong del gioco presenta ragazze anime cosplay. Il clou principale deriva dalla presentazione effettiva di questo gioco. I giocatori possono visitare diversi saloni di mahjong, andare al bar o persino acquistare nuovi abiti.
Jantei Battle Cos-Player - Original Gengashuu (Japan)	Jantei Battle Cos-Player è un gioco di mahjong pubblicato da Daiki per Sega Saturn. La sezione Mahjong del gioco presenta ragazze anime cosplay. Il clou principale deriva dalla presentazione effettiva di questo gioco. I giocatori possono visitare diversi saloni di mahjong, andare al bar o persino acquistare nuovi abiti.
Japan Super Bass Classic '96 (Japan)	Japan Super Bass Classic ?96 è un gioco di pesca per Sega Saturn. I giocatori possono portare la loro barca nella posizione desiderata tenendo d'occhio il misuratore di profondità in una sezione carina e piccola sprite. Viene quindi lanciata una linea e quei leggendari bassi da combattimento aspettano mentre il suono dell'estate e le cicale risuonano terapeuticamente nelle orecchie.
Jewels of the Oracle (Europe) (En,Ja,Fr,De)	Jewels of the Oracle on Saturn è una serie di puzzle game non particolarmente legati da una storia. Il tuo obiettivo è semplicemente risolvere 24 enigmi per raccogliere gemme da portare all'oracolo.
Jikkyou Oshaberi Parodius - Forever with Me (Japan)	Oshaberi Parodius, conosciuto su Sega Saturn e PlayStation come Jikky? Oshaberi Parodius ~forever with me~, è il quarto gioco di una serie di sparatutto parodia prodotti da Konami. Il gameplay è stilisticamente molto simile alla serie Gradius, ma la grafica e la musica sono volutamente assurde. Il gioco, come suggerisce il nome, contiene una grande quantità di campioni vocali giapponesi gridati in uno stile simile a quello di un Jikky? Oshaberi Parodius: per sempre con mennJikky? Oshaberi Parodius, conosciuto su Sega Saturn e PlayStation come Jikky? Oshaberi Parodius ~forever with me~, è il quarto gioco di una serie di sparatutto parodia prodotti da Konami. Il gameplay è stilisticamente molto simile alla serie Gradius, ma la grafica e la musica sono volutamente assurde.
Jikkyou Powerful Pro Yakyuu '95 - Kaimakuban (Japan) (1M)	Jikkyou Powerful Pro Yakyuu ?95 Kaimaku-ban è un gioco di baseball per Sega Saturn pubblicato come parte della serie Jikkyou Powerful Pro Yakyuu di Konami. È uscito solo in Giappone. Come con tutti gli altri giochi Powerful Pro Yakyu, questo include squadre aggiornate da Jikyou Powerful Pro Yakyu S e una o due piccole correzioni qua e là.
Jikkyou Powerful Pro Yakyuu S (Japan)	Jikkyou Powerful Pro Yakyuu S è un gioco di baseball super deformed, sviluppato e pubblicato da Konami, che è stato rilasciato in Giappone nel 1997.
Jikuu Tantei DD (Dracula Detective) - Maboroshi no Lorelei (Japan) (Disc A)	Jikuu Tantei DD è un gioco d'avventura noir investigativo con un'ambientazione futuristica. Il gioco è un grande dramma cinematografico che si svolge come un film interattivo. La storia si svolge a bordo di uno zeppelin Lorelei. I giocatori assumono il ruolo di Raizou Narukami, un detective che gestisce un'agenzia specializzata in crimini spazio-temporali. Donnaiolo a prima vista, è abile in quello che fa, vale a dire nel potere di osservazione, ragionamento e deduzione.
Jissen Mahjong (Japan)	Jissen Mahjong è una raccolta di giochi mahjong, sviluppato da Outback e pubblicato da Imagineer, che è stato rilasciato in Giappone nel 1995.
Jissen Pachinko Hisshou-hou! Twin (Japan)	Jissen Pachinko Hisshouhou! Twin è un gioco pachinko di Sega Saturn con due macchine diverse. Il gioco è stato pubblicato da Sammy Studios, che è stato rilasciato in Giappone nel 1997 per Sega Saturn.
Jissen! Pachi-Slot Hisshou-hou! 3 (Japan)	Jissen Pachi-Slot Hisshouhou! 3 è un gioco pachislot per Sega Saturn. Il gioco presenta una sorta di ricerca di avventura nel gioco in cui i giocatori visitano vari centri di slot pachinko per vincere il più possibile. Oltre a giocare alla slot machine, i giocatori possono ingrandire e rimpicciolire e visualizzare una modalità wire frame.
Jissen! Pachi-Slot Hisshou-hou! 4 (Japan)	Jissen Pachi-Slot Hisshouhou! 4 è un gioco di Sammy Studios per Sega Saturn.
Jissen! Pachi-Slot Hisshou-hou! Iron Hook - The Great Marine Adventures (Japan)	La storia del gioco presenta il pirata, Iron Hook, che ruba un gioco pachinko da Casino Island. Il gioco ha un modello 3D wireframe della macchina che i giocatori possono visualizzare in qualsiasi direzione.
Johnny Bazooka (Japan)	L'eroe della chitarra originale con l'atteggiamento di Elvis e il ciuffo di capelli viola, Johnny Bazookatone, è stato imprigionato nell'anno 2050 nella prigione di Sin Sin da El Diablo, il Signore degli Inferi, che è geloso del suo talento e rapisce anche altre leggende musicali in questo platform 3D a scorrimento laterale. La chitarra di Johnny, Anita, gli è stata tolta e si propone di fuggire e sconfiggere i nemici sulla strada per riunirsi con Anita.
Johnny Bazookatone (USA)	L'eroe della chitarra originale con l'atteggiamento di Elvis e il ciuffo di capelli viola, Johnny Bazookatone, è stato imprigionato nell'anno 2050 nella prigione di Sin Sin da El Diablo, il Signore degli Inferi, che è geloso del suo talento e rapisce anche altre leggende musicali in questo platform 3D a scorrimento laterale. La chitarra di Johnny, Anita, gli è stata tolta e si propone di fuggire e sconfiggere i nemici sulla strada per riunirsi con Anita.
Jonah Lomu Rugby (Europe)	Basato sulla Coppa del mondo di rugby del 1995 in Sud Africa e autorizzato ufficialmente dal giocatore del torneo Jonah Lomu, questo gioco è più simile a uno stile di gioco arcade che a una simulazione sportiva. I giocatori possono competere nella Coppa del Mondo completa, in un girone all'italiana o in una coppa ad eliminazione diretta. nnLe 32 squadre incluse vanno dagli All Blacks della Nuova Zelanda e dagli Springboks del Sud Africa a pesciolini come Namibia e Hong Kong, nessuno dei quali si è qualificato per le fasi finali.
Joshikousei no Houkago... Pukunpa (Japan)	Pukunpa Joshikousei No Houkago è un gioco di puzzle che presenta personaggi femminili delle scuole superiori che entreranno in una competizione di puzzle tra di loro. Il gameplay è semplice: il giocatore deve unire più di 3 pezzi del puzzle dello stesso colore per farli scomparire e in questo modo li invierà al suo avversario.
Junclassic C.C. & Rope Club (Japan) (2M)	Junclassic C.C. & Rope Club è un gioco di golf per Sega Saturn. Jun Classic ha un'abbondanza di opzioni che i giocatori possono sfruttare rapidamente. Il gioco funziona notevolmente più velocemente degli altri giochi di golf T&E Soft e sembra che sia stato rinnovato. Il gioco funziona, più o meno, come gli altri della serie. Il gioco presenta 2 percorsi e 108 buche.
Jung Rhythm (Japan)	Jung Rhythm è uno dei pochi giochi basati sulla musica sul Saturn. Il gameplay è simile a Space Channel 5, in quanto viene riprodotta una sequenza musicale e quindi il giocatore è tenuto a ripetere quella sequenza. In Jung Rhythm, i pulsanti richiesti scorrono nella parte inferiore dello schermo durante la riproduzione della musica. È sufficiente premere i pulsanti visualizzati al momento giusto. nnLa grafica è composta da modelli 3D per i personaggi e ha uno stile cartone animato unico. La grafica si adatta allo stile di gioco ed è molto carina. La musica ha uno stile pop giapponese molto eccentrico. Le canzoni sono tutte abbastanza orecchiabili e ti ritroverai a canticchiare le melodie molto tempo dopo aver spento il gioco. I testi sono tutti giapponesi (con poche eccezioni), ma questo non toglie nulla al gameplay.
Jungle Park - Saturn Shima (Japan) (Rev A)	Jungle Park: Saturn Jima è un gioco di avventura, pubblicato da BMG Interactive Entertainment, pubblicato in Giappone nel 1998 per Sega Saturn. Il gioco è stato rilasciato anche in edizione limitata. È praticamente identico alla versione originale, a parte il fatto di essere dotato di un portachiavi a forma di scimmia e di un libretto speciale.
K-1 Grand Prix - Fighting Illusion Shou (Japan)	K1 Fighting Illusion Show è di gran lunga il miglior gioco di boxe disponibile per Saturn. XING ha fatto davvero un buon lavoro nel portare questo sport asiatico con molti tipi di arti su Saturno. Il porto di Saturno presenta tutti i migliori combattenti dell'epoca (1997) come l'ormai deceduto Andy Hug, Ernest Hoost, Peter Aerts e Nobuaki Kakuta. nnLe arene sono completamente 3D con più angoli di ripresa tra cui scegliere e bei combattenti dall'aspetto solido che sono anche abbastanza grandi per un gioco 3D completo. Giochi come i combattenti di Sega sono classificati come completamente 3D, tuttavia non sono d'accordo poiché gli sfondi sono 2D.
Kaitei Daisensou (Japan)	Uno sparatutto a scorrimento laterale in 2D in cui prendi il controllo di un piccolo sottomarino d'attacco e intraprendi un combattimento subacqueo. Le forze della Dark Anarchy Society minacciano di distruggere le città più importanti della terra e solo tu puoi superare le loro difese e distruggere la loro tana segreta sottomarina. nnIn the Hunt segue il modello classico per gli sparatutto 2D, con l'aggiunta di poter controllare la velocità di scorrimento. Include sette livelli di azione subacquea (e tieni d'occhio le minacce dall'alto), armi potenziabili e modalità di gioco cooperativa per due giocatori.
Kakyuusei (Japan) (Disc 1) (1M)	In Kakyūsei, il giocatore assume il ruolo di un giovane liceale giapponese di nome Kentarou. Durante le vacanze estive, Kentarou ha lavorato in un ristorante gestito da un membro della famiglia. Ora che l'estate è finita, Kentarou può finalmente riscuotere il suo stipendio e prepararsi per la stagione scolastica che sta per iniziare. Con un po' di soldi in tasca e un grande interesse per le ragazze, il ragazzo è determinato a rendere questo anno scolastico memorabile... Il gioco è un &quot;love adventure&quot;, cioè un gioco d'avventura in stile giapponese con un'enfasi sugli appuntamenti, simile a Dōkyūsei, un altro popolare gioco di questo tipo realizzato da Elf. Le giovani ragazze sono il fulcro del gioco. Tuttavia, è possibile frequentare anche donne diverse dalle compagne di classe del protagonista e persino un'insegnante.
Keio Flying Squadron 2 (Europe)	Keio Flying Squadron 2 è un platform 2D pubblicato nel 1996 per Sega Saturn in Giappone e in Europa. Il gioco è interpretato da Rami, una giovane ragazza che indossa un costume da coniglio che con l'aiuto del suo drago domestico Spot, deve viaggiare attraverso la Tokyo del periodo Keio alla ricerca di sfere magiche che sono la chiave per sbloccare una vasta fortuna situata sotto il Monte. Fuji. A differenza del suo predecessore che era esclusivamente un cute-em-up, il gioco è un platform, ma conserva ancora fasi di ripresa simili al primo gioco. Il gioco presenta un gameplay solido con una grafica vivace e dettagliata, grazie alla potenza di elaborazione 2D di Saturn.
Keiou Yuugekitai - Katsugeki-hen (Japan)	Keio Flying Squadron 2 è un platform 2D pubblicato nel 1996 per Sega Saturn in Giappone e in Europa. Il gioco è interpretato da Rami, una giovane ragazza che indossa un costume da coniglio che con l'aiuto del suo drago domestico Spot, deve viaggiare attraverso la Tokyo del periodo Keio alla ricerca di sfere magiche che sono la chiave per sbloccare una vasta fortuna situata sotto il Monte. Fuji. A differenza del suo predecessore che era esclusivamente un cute-em-up, il gioco è un platform, ma conserva ancora fasi di ripresa simili al primo gioco. Il gioco presenta un gameplay solido con una grafica vivace e dettagliata, grazie alla potenza di elaborazione 2D di Saturn.
Kekkon - Marriage (Japan)	Kekkon: Marriage è una simulazione di appuntamenti, sviluppata da West One e pubblicata da Shogakukan, che è stata rilasciata in Giappone nel 1995 per Sega Saturn. Il titolo del gioco è tautologico, poiché kekkon è la parola giapponese per matrimonio.
Kekkon - Marriage - Zen'ya (Japan)	Kekkon Zenya non è in realtà un gioco ma più un disco promozionale per il gioco principale. Contiene informazioni sui personaggi, opere d'arte e alcuni brani da ascoltare. Il software funziona alla massima risoluzione del Saturn.
Keriotosse! (Japan)	Keriotosse! è un gioco d'azione per Sega Saturn. Che bella sorpresa è stata questa, che sembrava più un gioco PlayStation di ultima generazione piuttosto che un gioco Saturn, Keriotosse! è uno di quei giochi di combattimento di tipo personale per lui. Beh, dico giochi di combattimento ma è più come fare tutto il possibile per sopravvivere alla battaglia. Tu e 3 amici o 3 personaggi controllati dalla CPU se stai facendo una partita a un giocatore, portati in un'area in una battaglia totale per sopravvivere. Usa tutti i mezzi necessari per sopravvivere, inclusi gli ostacoli del livello, la tua magia o semplicemente la forza bruta. Tutti i personaggi sono poligoni 3D ma sembrano davvero molto belli. Anche le aree in cui combatti sono basate su 3D, ma non sembrano grazie alle trame di qualità utilizzate. Ci sono anche alcuni bei effetti di trasparenza su alcuni livelli.
Kidou Senkan Nadesico - The Blank of 3 Years (Japan) (Disc 1)	Martian Successor Nadesico: The Blank of 3 Years è il secondo gioco Martian Successor Nadesico ad essere rilasciato, debuttando su Sega Saturn nel settembre 1998. È il sequel diretto della serie TV, colmando il divario tra gli eventi dell'episodio finale e Principe delle tenebre. I personaggi sono doppiati dai rispettivi seiy?. Il gioco è disponibile su due dischi, più un mini CD audio.
Kidou Senshi Gundam - Gihren no Yabou (Japan)	Mobile Suit Gundam: Gihren's Ambition è un gioco di strategia a turni, sulla scia delle simulazioni di guerra a base di esagoni Avalon Hillstyle degli anni '80 e '90. Il gioco è ambientato nell'universo di Gundam. È ambientato durante la ?Guerra di un anno? nell'anno UC 0079, dove il Ducato di Sion, un paese con sede in gigantesche colonie spaziali nell'orbita terrestre, combatte le Nazioni Unite della Terra per l'indipendenza.
Kidou Senshi Gundam - Gihren no Yabou - Kouryaku Shireisho (Japan)	Kidou Senshi Gundam: Giren no Yabou - Kouryaku Shireisho è un aggiornamento di Kidou Senshi Gundam: Giren no Yabou. Si tratta di un &quot;append disc&quot;, quindi si basa su una copia di Giren no Yabou per funzionare. Il gioco presenta video, opere d'arte e persino alcuni primi schizzi di design, oltre a infinite schermate di informazioni e storie in giapponese.
Kidou Senshi Z Gundam - Kouhen Uchuu o Kakeru (Japan)	Mobile Suit Z Gundam è un gioco d'azione Saturn ispirato alla ricca serie Mobile Suit Gundam. Il titolo riprende le caratteristiche principali che hanno decretato il successo della serie animata, ovvero un contesto futuristico in cui si scontrano mecha, specie di enormi robot in forma umanoide.
Kidou Senshi Z Gundam - Zenpen Zeta no Kodou (Japan)	Lo scopo del gioco è volare e sparare a qualunque nemico si trovi davanti ai giocatori. Il gioco presenta anche scene tagliate video e la musica che sono entrambe prese dall'anime.
Kindaichi Shounen no Jikenbo - Hoshimitou Kanashimi no Fukushuuki (Japan)	Kindaichi Shounen no Jikenbo: Hoshimitou Kanashimi no Hukushuuki è un gioco di avventura basato sulla serie animata Kindaichi Case Files del 1997. Il gioco è stato sviluppato e pubblicato da Hudson, uscito in Giappone nel 1998 per Sega Saturn.
King of Boxing, The (Japan)	Center Ring Boxing è un gioco di boxe poligonale 3-D senza licenza in cui il giocatore può scegliere tra 30 diversi pugili maschi o femmine e competere in sei diverse divisioni di peso. Possono anche creare il proprio pugile e usarli per scalare i ranghi per diventare campioni scegliendo tra uno dei cinque stili distinti di boxe. nnC'è anche un allenatore di nome Snake che aiuterà ad allenare il giocatore man mano che avanza nel gioco, oltre a diventare un personaggio selezionabile insieme a un personaggio nascosto in modalità a due giocatori contro una volta che il giocatore diventa campione dei pesi massimi. È presente anche una modalità pratica che consentirà al giocatore di abituarsi ai controlli del gioco e presenta 12 diverse angolazioni della telecamera e una modalità replay che consentirà al giocatore di visualizzare il combattimento precedente nella sua interezza.
King of Fighters '95, The (Europe)	Il primo sequel della serie King of Fighters riprende un anno dopo la fine del primo torneo. Ancora una volta, i combattenti di tutto il mondo ricevono un misterioso invito a un torneo di combattimento a squadre. E proprio come l'anno scorso, sembra che dietro ci sia il famigerato criminale Rugal Bernstein, apparentemente tornato dalla morte per sollevare di nuovo il caos...
King of Fighters '96, The (Japan) (1M)	Dopo la morte di Omega Rugal, il cui corpo non ha retto alla potenza di Orochi, un nuovo torneo viene organizzato da una certa Chizuru Kagura. Si presenta come la guardiana dello specchio che sigilla il demone Orochi, ma sente che qualcosa non va. Chiede a Kyo e Lori di aiutarla a difendere il sigillo in caso di attacco. Infatti, Goenitz, il messaggero di Orochi, è venuto a liberare il suo padrone. Ma Kyo e Lori hanno raccolto le loro forze per sconfiggerlo. Quando Goenitz morì, Iori bevve il suo sangue e iniziò a comportarsi in modo strano. Entrò nella Rivolta del Sangue e uccise Vice e Mature che erano al suo fianco.Il King of Fighters '96 è un episodio importante nella storia di KOF. La leggenda di Orochi è sempre più presente e ci troviamo di fronte a uno dei boss più difficili dei giochi di combattimento, Goenitz. Per quanto riguarda il gioco in sé, ha subito una bella evoluzione grafica.
King of Fighters '97, The (Japan)	The King Of Fighters '97 è un gioco di combattimento su Saturno. Fa parte della serie King Of Fighters. Il titolo permette di scegliere tra 29 personaggi diversi e offre una nuova modalità di gioco, la modalità avanzata. Quest'ultimo ti consente di aumentare il tuo indicatore di potenza quando ti difendi.
Kiss yori... (Japan)	Kiss Yori... è un simulatore di appuntamenti con grafica statica. Il modo per avanzare nel gioco è scegliere un'opzione tra un elenco di diverse. Lì il giocatore assumerà il ruolo di un ragazzo adolescente e dovrebbe cercare di sedurre quante più ragazze attraenti possibile.
Kisuishou Densetsu Astal (Japan) (3A)	Antowas ha creato una terra di straordinaria bellezza e magia, con Astal e la sua amata Leda tra i suoi felici abitanti. Tuttavia, Jerado ha deciso di distruggerlo, catturando Leda e costringendo Astal a partire per salvarla. nnAstal è un gioco platform a scorrimento laterale con molti dettagli sullo sfondo in stile Anime. Hai uccelli che ti aiutano se puoi salvarli. È possibile raccogliere mosse speciali come una bomba intelligente.
Kochira Katsushikaku Kameari Kouenmae - Hashutsujo - Nakagawa Land Dai-Race! no Maki (Japan)	Gioco di Bandai per Sega Saturn. È un gioco da tavolo 3D che presenta tutti i personaggi dell'anime Kochira Katsushikaku Kamearikouenmae Hashutsujo.
Koden Koureijutsu - Hyaku Monogatari - Honto ni Atta Kowai Hanashi (Japan) (Disc 1) (Joukan)	Koden Koureijutsu Hyaku Monogatari: Hontoni Atta Kowai Hanashi è un romanzo sonoro con una forte enfasi sullo scorrimento di testo e sfondi fotografici, proprio come i molti giochi rilasciati da Chun Soft.
Koi no Summer Fantasy - in Miyazaki Seagaia (Japan)	Koi no Summer Fantasy: a Miyazaki Seagaia è un gioco di simulazione di appuntamenti per Sega Saturn, con protagonista l'attrice e cantante giapponese Megumi Okina nel parco acquatico al coperto Seagaia Ocean Dome a Miyazaki, in Giappone. Il gioco si gioca con i giocatori che fanno e rispondono ad alcune domande qua e là per conquistare l'amore di Megumi.
Konami Antiques - MSX Collection Ultra Pack (Japan) (2M)	Konami Antiques MSX Collection Ultra Pack è una raccolta di giochi MSX rilasciati per Sega Saturn esclusivamente in Giappone nel 1998. È una combinazione di tre precedenti raccolte rilasciate per Sony PlayStation, per un totale di 30 giochi. nnOgni gioco della serie ha saltato le console di Sega, anche se diversi giochi rilasciati per MSX hanno ricevuto porte senza licenza per SG-1000 e Sega Master System (in esecuzione in modalità SG-1000) in Corea del Sud e Taiwan. Yie Ar Kung-Fu doveva essere rilasciato ufficialmente per l'SG-1000, ma questo port è stato cancellato.
Koudou Saisoku Densetsu - Initial D (Japan)	Initial D: Koudou Saisoku Densetsu è un gioco di corse del 1998 per Sega Saturn legato al franchise mediatico Initial D. Era l'unico gioco del franchise rilasciato su un sistema Sega; Successivamente, Sega avrebbe concesso in licenza il franchise per una serie continua di giochi arcade e console. nnInitial D, una popolare serie manga di lunga data, ha generato non solo una serie di anime altrettanto popolare e un adattamento cinematografico dal vivo, ma diversi videogiochi nel corso degli anni. La prima apparizione della serie sulle console domestiche è avvenuta nel 1998, con l'uscita di Initial D per PlayStation e Sega Saturn.
Kouryuu Sangoku Engi (Japan)	Kouryuu Sangoku Engi è un gioco di strategia storico nella stessa vena dei molti giochi della serie Romance of the Three Kingdoms di Koei. Il gioco ha bisogno di una scheda di memoria Saturn per salvare tutti i dati di gioco poiché i salvataggi sono troppo grandi per essere salvati nella memoria interna del Saturn.
Koutetsu Reiiki - Steeldom (Japan) (2M)	Steeldom o per dargli il nome originale giapponese di Koutetsu Reiiki è il seguito di Hyper Reverthion disponibile anche per Saturn. Il gioco presenta creature robotiche basate sulla fantasia che sono pilotate da diversi membri. Il gioco è molto simile all'originale, ma ora con più fluidità e mosse. È ancora difficile da controllare, il che rende il gioco all'inizio un dolore. Una volta che avrai padroneggiato i controlli, ti ritroverai a divertirti con questo simpatico giochino. La grafica è molto più nitida di Hyper Reverthion e presenta anche alcune trasparenze! La musica è abbastanza simile al gioco originale, il che non è male. I brani vanno dalla media al veramente buono, come ti aspetteresti da Technosoft.
Krazy Ivan (Europe)	Krazy Ivan è un gioco basato su Saturno la cui storia si svolge all'inizio del 21° secolo, quando la Terra viene attaccata dagli alieni e gli umani sono presi in ostaggio. Sei il comandante russo Ivan Popovich, soprannominato Krazy Ivan, un paranoico pronto a esplodere di rabbia per un sì o un no. In breve, sei il candidato ideale per questa missione. Il gioco è diviso in cinque diverse aree popolate da droni e sentinelle.
Kumitate Battle Kuttu Ketto (Japan)	Kumitate Battle Kuttu Ketto è una simulazione di battaglia di Sega Saturn. In esso, i giocatori devono costruire un robot, quindi portarlo sul colorato campo di battaglia e combatterlo. Il gioco è stato sviluppato e pubblicato da Techno-Soft, che è stato rilasciato in Giappone nel 1998 per Sega Saturn.
Kunoichi Torimonochou (Japan)	Kunoichi Torimonoch? (Kunoichi Detective Story) è un gioco di avventura in stile giapponese. I giocatori assumono il ruolo di Ran e viaggiano per Edo, interagiscono con una varietà di personaggi colorati, giocano a numerosi minigiochi e tentano di addestrare Ran in un vero Kunoichi, un agente segreto dello shogun. Ci sono più finali a seconda delle scelte e delle prestazioni durante il gioco.
Kuro no Danshou - The Literary Fragment (Japan) (2M)	The Literary Fragment è il primo gioco della serie misteriosa/horror/adulta di Detective Suzusaki di Abogado. La storia si concentra su Satoshi Suzusaki, un investigatore privato con un tragico passato, che ha lasciato una cicatrice permanente sulla sua vita e sulle sue capacità mentali. Il gameplay è un'avventura punta e clicca senza enigmi. Per interagire con l'oggetto, al giocatore è richiesto semplicemente di fare clic su di esso.
Kururin Pa! (Japan)	Kururin Pa! è un puzzle game 2D con 8 personaggi diversi e 2 modalità di gioco. Modalità Storia: gioca contro tutti i personaggi del computer e cerca di vincerli per completare il gioco. Modalità battaglia: gioca contro un altro giocatore umano o un avversario computer in una battaglia uno contro uno. Il gameplay riguarda il fatto che ci sono alcuni pezzi di corda che cadono dal soffitto e il giocatore deve unirli e quando appare un pezzo di fuoco usalo alla fine dei pezzi di corda uniti per farli scomparire e inviarli all'avversario. Ci sono alcuni pezzi che hanno una forma facciale e per farlo scomparire dovevano essere accanto ad alcuni pezzi di corda e scompariranno quando il fuoco attiverà i pezzi di corda.
Kuusou Kagaku Sekai Gulliver Boy (Japan) (Disc 1)	Il gioco è basato sull'anime Gulliver Boy, creato da Teruhisa Hiroi. È molto diverso dall'interpretazione Super Famicom dell'anime. A differenza di quel gioco di ruolo d'azione, è un tradizionale gioco di ruolo a turni in stile giapponese. Utilizza il sistema di battaglia tradizionale con una festa di quattro eroi, attacchi fisici e magia, ecc.
Kyuukyoku Tiger II Plus (Japan)	Kyuukyoku Tiger II Plus è uno sparatutto a scorrimento verticale pubblicato esclusivamente in Giappone per Sega Saturn nel 1997. È un sequel di Kyuukyoku Tiger, altrimenti noto come Twin Cobra. nnIl gioco è stato inizialmente pubblicato nelle sale giochi nel 1995 come Kyuukyoku Tiger II (Twin Cobra II al di fuori del Giappone), e può essere visto come l'&quot;ultimo&quot; sparatutto sviluppato dai dipendenti dell'ormai defunto Toaplan. Toaplan ha chiuso prima che il gioco fosse completo, ma Taito che deteneva i diritti della serie Tiger Heli, ha permesso che il gioco fosse finito da Takumi Corporation, una società composta da ex membri di Toaplan che si è formata poco prima della chiusura di Toaplan.
Kyuutenkai (Japan)	Kyuutenkai: Fantastic Pinball è molto simile alla serie di flipper Alien Crush/Devil's Crush. Questo gioco offre anche respingenti viventi, nemici erranti e round bonus che si svolgono al di fuori del tavolo principale. I giocatori possono scegliere tra tre diversi personaggi prima di tirare lo stantuffo. Ognuno di loro ha i propri attributi che influenzano il modo in cui si gioca.
Langrisser - Dramatic Edition (Japan) (1M)	Langrisser Dramatic Edition è un gioco di strategia e avventura con alcuni elementi RPG su Saturno. Il gioco è una raccolta dei primi due episodi della serie Langrisser. Il giocatore comanda un esercito attraverso i suoi generali, il combattimento si svolge a turni. La storia si evolve in base alle tue azioni. Quindi sono disponibili diverse scelte e sono disponibili vari finali.
Langrisser III (Japan) (1M)	Langrisser III è un gioco di strategia in tempo reale su Saturno. Il gioco è un prologo ai due episodi precedenti, gli eventi accaduti mille anni prima. Infuria la guerra tra il bene e il male, incarnati rispettivamente dai possessori della spada Langrisser e da quelli della spada Alhazzard. Il giocatore incarna il cavaliere Diharuto e non controlla direttamente un intero esercito ma solo alcuni generali. L'esito della battaglia dipende dal duello tra i generali.
Langrisser IV (Japan) (1M, 3M)	Langrisser IV è un gioco di strategia in tempo reale di Saturn. Il generale Gizarov sta mettendo tasse sempre più pesanti sulle spalle degli abitanti di un piccolo villaggio chiamato Gotaal. Dopo diversi avvertimenti, Landius, figlio del sindaco di Gotaal, non ha altra scelta che ribellarsi a fianco degli abitanti del villaggio. Il giocatore incarna così Landius e può scegliere tra diverse classi, acquistare armi e reclutare mercenari per condurre il combattimento.
Langrisser V - The End of Legend (Japan) (1M)	Langrisser 5 è un gioco di avventura RPG di Saturno. Dopo Langrisser 4, i due giochi costituiscono una suddivisione della serie Langrisser. Il giocatore affronta combattenti malvagi, guidati dal leader delle tenebre nella sua ricerca della spada malvagia Alhazard. Il giocatore deve reclutare unità, preparare le sue truppe e acquistare armi per combattere la minaccia. Sono disponibili diverse unità da combattimento, come arcieri o picchieri.
Last Bronx (USA)	Il leader della Soul Crew, la banda più dura di Tokyo, è stato brutalmente ucciso. Poco dopo una sfida anonima è apparsa nei graffiti in tutta la città &quot;invitando&quot; tutti i capi delle bande della città a un torneo di combattimento che stabilirà quale gruppo ha il potere di governare Tokyo. Tutti sapevano che rifiutarsi di partecipare non era un'opzione. nnProprio come in Virtua Fighter 2, combatti in fasi 3D e ogni personaggio ha il suo stile e le sue sensazioni uniche. Ma a differenza della versione PC di Virtua Fighter 2, dove lo sfondo di ogni livello è un'immagine piatta, in Last Bronx tutto lo scenario è realizzato in 3D. Inoltre, puoi schernire il tuo avversario durante il combattimento!
Last Gladiators - Digital Pinball (USA) (3S)	Digital Pinball: Last Gladiators , chiamato anche semplicemente Last Gladiators (in Nord America) o Digital Pinball (in Europa), è un gioco di flipper sviluppato da KAZe e pubblicato su Sega Saturn nel 1995. È uno dei numerosi video giochi di flipper sviluppati da KAZe e segue direttamente la serie Super Pinball su Super Famicom. nnDurante lo sviluppo Digital Pinball era conosciuto come Pinball Arena: Last Gladiators. Era anche una volta impostato per essere pubblicato da U.S. Gold in Nord America come Fantasy PinballnnnnUn sequel solo per il Giappone, Digital Pinball: The Necronomicon è stato rilasciato nel 1996. Nel 1997, Last Gladiators ha ricevuto una riedizione aggiornata solo per il Giappone intitolata Digital Pinball: Last Gladiators Ver.9.7
Layer Section (Japan) (3M)	Galactic Attack è sparatutto. È la versione adattata a Saturno del gioco arcade giapponese RayForce, noto anche come GunLock nelle sale giochi europee. Sei ai comandi di una nave e devi navigare 7 diversi livelli a diverse altitudini, che vanno dagli strati atmosferici alti a quelli bassi fino alle montagne, ogni livello con il proprio boss finale.
Layer Section II (Japan)	RayStorm è un gioco sparatutto creato per le sale giochi, successivamente portato sulle console domestiche Playstation e Saturn. Sebbene non vi sia alcuna connessione con la storia, è spesso considerato il successore spirituale di RayForce, che aveva un gameplay simile. nnHai 2 armi a tua disposizione, una pistola vulcan e un attacco missilistico agganciato. Puoi anche eseguire 2 attacchi speciali usando il sistema di blocco in un modo speciale. La grafica è tutta in 3D, ma le meccaniche di gioco sono in 2D. Ci sono 7 livelli, ognuno dei quali termina con un boss finale gigante.
Legend of Heroes I & II, The - Eiyuu Densetsu (Japan)	The Legend of Heroes I & II Eiyuu Densetsu contiene due giochi di ruolo di Falcom, Dragon Slayer: Eiyuu Densetsu e Dragon Slayer: Eiyuu Densetsu II. Sebbene la musica sia stata riarrangiata, la grafica sembra cercare di ricreare i loro originali sui computer di casa giapponesi degli anni '80 (al punto che non hanno uno scorrimento uniforme).
Legend of Oasis, The (USA)	The Story of Thor 2, conosciuto in Giappone come Thor: Seireioukiden e negli Stati Uniti come The Legend of Oasis, è un videogioco sulla console Sega Saturn. È il prequel di The Story of Thor: A Successor of the Light/Beyond Oasis su Sega Mega Drive. La musica è stata composta da Yuzo Koshiro, famoso anche per aver composto la musica per la serie Streets of Rage.
LifeScape - Seimei 40 Okunen Haruka na Tabi (Japan) (Disc 1) (Aquasphere) (4M)	Lifescape Seimei 40-okunen Harukana Tabi è un gioco di simulazione di vita per Sega Saturn. I giocatori fondamentalmente saltano nel loro? spazio? veicolo, quindi vai a vedere varie sale espositive in cui possono guardare video o scherzare con qualcosa fatto di poligoni.
LifeScape 2 - Body Bionics - Kyoui no Shouuchuu Jintai (Japan)	In questo sequel i giocatori vengono ridotti a dimensioni nanometriche, quindi inseriti in un ectosuit di dimensioni nanometriche all'interno del quale viaggiano all'interno di un corpo. L'elemento di gioco vero e proprio è probabilmente meglio descritto come uno sparatutto. La missione è distruggere i batteri facendoli a pezzi con le armi di bordo mentre i giocatori volano lungo i passaggi verso varie parti del corpo.
Linda^3 Kanzenban (Japan)	Linda³: Kanzenban (?Perfect Edition?) è una versione leggermente diversa del gioco per PlayStation, Linda³ Again - che, a sua volta, è un remake della versione originale del CD di PC Engine. Oltre ai nuovi livelli di difficoltà e obiettivi di missione introdotti nel remake di Playstation, ci sono più statistiche e obiettivi di battaglia, che possono essere selezionati direttamente dal menu principale e quindi impostati nella schermata di selezione della difficoltà/missione.
Linkle Liver Story (Japan)	Linkle Liver Story è un gioco di ruolo orientato all'azione che si svolge su un lontano pianeta chiamato Mamuuna i cui abitanti sono umani con qualità animali. La storia ruota attorno al &quot;Fiore Madre&quot; che dà vita a tutti i nuovi esseri del pianeta quando un giorno scompare. nnQui è dove il giocatore prende il controllo di un personaggio gatto-ragazza di nome Kittchu, che è accompagnato da un baccello rosa che assomiglia a un maiale, viaggiando da un continente all'altro in un vortice di tornado, sconfiggendo i nemici nel tentativo per recuperare il &quot;Fiore Madre&quot; e riportare l'ordine sul pianeta.
Loaded (USA) (En,Fr)	Loaded è un gioco d'azione per Saturn in cui scegli di controllare uno dei 6 personaggi a tua disposizione. Hanno tutti la particolarità di essere a dir poco misteriosi e spaventosi. Il gioco ha una vista dall'alto ed è molto sanguinoso e violento. Devi distruggere i tuoi nemici con mitragliatrici pesanti di ogni tipo.
Lode Runner - The Legend Returns (Japan)	Lode Runner: The Legend Returns è un gioco d'azione / puzzle su Saturno. L'obiettivo è raccogliere un certo numero di monete d'oro per attivare un SAS che ti permetterà di passare al livello successivo. Ovviamente non è così facile in quanto alcune stanze sono nascoste nei livelli inferiori. Per accedervi, il terreno è costituito da pietre che possono essere distrutte ma che si ricostituiscono dopo un po'. I mostri saranno lì per impedirti di trionfare.
Lode Runner Extra (Japan)	Lode Runner Extra appartiene alla serie Lode Runner. È essenzialmente un'espansione a sé stante di Lode Runner: The Legend Returns, con un gameplay e una grafica simili, ma con 110 nuovi livelli. A differenza del gioco precedente, Lode Runner Extra era un'esclusiva per console e pubblicato solo in Giappone.
Logic Puzzle Rainbow Town (Japan)	Logic Puzzle Rainbow Town è una versione digitale dei classici puzzle in stile nonogram, in cui il giocatore deve utilizzare indizi numerici per dedurre la disposizione dei quadrati su una griglia e creare un'immagine. Il gioco presenta tre tipi di puzzle: i puzzle monocromatici utilizzano un solo colore, i puzzle colorati utilizzano più colori e i puzzle arcobaleno utilizzano tre strati di colore singolo, rosso, blu e giallo, che si sovrappongono per formare un'immagine a colori.
Lost Vikings 2 - Norse by Norsewest (Europe) (En,Fr,De)	The Lost Vikings 2 è un videogioco a piattaforme puzzle sviluppato da Blizzard Entertainment e pubblicato da Interplay Il sequel di The Lost Vikings, presenta i tre personaggi originali più due nuovi personaggi giocabili, Fang il lupo e Scorch il drago. Tuttavia, per evitare di diventare troppo complesso, il gioco consente al giocatore di controllare solo tre dei cinque personaggi in ogni livello. Il gameplay rimane in gran parte lo stesso, sebbene i personaggi preesistenti abbiano tutti abilità nuove o modificate.
Lost World, The - Jurassic Park (USA)	The Lost World: Jurassic Park è un gioco d'azione su Saturno. Il titolo è ispirato al film omonimo. Ti consente di interpretare alcuni personaggi del film e di utilizzare varie armi come un fucile o un lanciarazzi. Lo scopo del gioco è trovare una radio per avvertire i servizi di emergenza e fuggire dall'isola. Quest'ultimo, infatti, è pieno di dinosauri tutti più voraci degli altri.
Lovely Pop 2 in 1 - Jan Jan Koi Shimasho (Japan)	Lovely Pop 2 in 1 Jan Jan Koi Shimasho consiste in due giochi da tavolo; Lovely Pop Mahjong: Jan Jan Shimasho e Super Real Hanafuda: Koi Koi Shimasho. I giochi presentano gameplay Mahjong e hanafuda. Entrambi completi di modalità storia o modalità VS. L'edizione limitata è identica alla versione originale a parte un CD con i temi di apertura e chiusura.
LuLu - Un Conte Interactif de Romain Victor-Pujebet (Japan)	Il libro di Lulu è un libro multimediale interattivo di Romain Victor-Pujebet in cui il giocatore può sfogliare le pagine da leggere e fare clic su varie immagini nel libro. Alcune immagini nel libro consentono modifiche alle diapositive o danno luogo a una piccola animazione video, mentre altre si aprono in modalità a schermo intero con la possibilità di interagire con esse facendo clic su una determinata area.
Lunacy (USA) (Disc 1)	All'apertura di Torico, un viaggiatore di nome Fred si ritrova imprigionato nella prigione di Misty Town. È venuto al villaggio in cerca di risposte al suo passato, un passato di cui non ha alcun ricordo. Sulla testa ha un tatuaggio a forma di mezzaluna. Nella sua cella, Fred incontra lo strano e apparentemente onnisciente Anthony, che gli racconta le leggende della Città delle Lune. Si dice che la strada per la città passi attraverso la città nebbiosa. Anthony gli offre la chiave della sua cella, ma dopo un tentativo di fuga, Fred si ritrova rapidamente nelle mani di Lord Gordon, lo spietato governatore della città.
Lunar - Silver Star Story (Japan)	Lunar: Silver Star Story è un remake del gioco di ruolo giapponese Sega CD, Lunar: Silver Star. Giochi nei panni di un ragazzino di nome Alex che sogna di diventare un Dragon Master come il suo idolo, Dyne. Accompagnato da Nall, un gatto volante parlante, e da Luna, il nostro giovane amico dovrà incontrare i 4 leggendari Draghi per diventare un Maestro dei Draghi e realizzare così il suo sogno.
Lunar - Silver Star Story Complete (Japan)	Lunar: Silver Star Story è un remake del gioco di ruolo giapponese Sega CD, Lunar: Silver Star. Giochi nei panni di un ragazzino di nome Alex che sogna di diventare un Dragon Master come il suo idolo, Dyne. Accompagnato da Nall, un gatto volante parlante, e da Luna, il nostro giovane amico dovrà incontrare i 4 leggendari Draghi per diventare un Maestro dei Draghi e realizzare così il suo sogno.
Lunar 2 - Eternal Blue (Japan) (Disc 1)	La storia si svolge 1000 anni dopo la prima opera. Hiro è un giovane appassionato di mitologia, vive con suo nonno Gwyn e il suo migliore amico, un cucciolo di drago rosa di nome Ruby, vicino alle rovine del drago. Come ogni giovane avventuriero che si rispetti e nonostante gli avvertimenti del nonno, li esplora regolarmente e finisce per innescare un evento che cambierà il suo destino. Allo stesso tempo Lucia, la guardiana della Luna Blu, si risveglia e rompe la sua prigione di ghiaccio, sentendo che è giunto ancora una volta il momento di proteggere il popolo della dea Althena, la stessa che una volta fuggì dalla Luna Blu per prendere il suo popolo. a Lunar, per proteggerli da Zophar. Hiro dovrà aiutare Lucia a risvegliare la dea Althena per salvare nuovamente gli abitanti del pianeta. Durante questa avventura incontreranno Lémina, Ronfar, Jean e tanti altri che svilupperanno la storia di ognuno.
Lupin Sansei - Pyramid no Kenja (Japan)	Pyramid no Kenja può essere descritto come una versione di Tomb Raider abbattuta dall'acqua. I giocatori controllano Lupin tramite una prospettiva in terza persona e guidano il personaggio attraverso scenografie con vari gradi di complessità. Il compito è guidarlo nei labirinti di una piramide, trovando tutti i tesori nascosti mentre schiaffeggia alcuni nemici e risolvendo enigmi.
m [emu] - Kimi o Tsutaete (Japan) (2M)	M: Kimi wo Tsutaete è un gioco di simulazione di incontri, sviluppato da Nexus Interact e pubblicato da Dazz, uscito in Giappone nel 1996 per Sega Saturn. M è stato uno dei primi simulatori di incontri rilasciati per Saturn.
Maboroshi no Black Bass (Japan)	Altro titolo sulla pesca sportiva prodotto con il contributo della Bass Anglers Sportsman Society (BASS). Il giocatore impersona un pescatore professionale che partecipa in svariati tornei con modalità che vanno dal “local amateur tournament” all' “amateur bass championship”, “pro bass championship” fino al “Bassin' world championship”.
Machi (Japan) (Demo) (4M)	L'idea del gioco è quella di far vivere ai giocatori cinque giorni nella vita di otto personaggi diversi. Vivono tutti da qualche parte in città, ognuno preoccupato per i propri problemi. Le loro strade potrebbero incrociarsi senza che loro se ne rendano conto. In qualsiasi momento del gioco, i giocatori possono passare da un personaggio all'altro, ma quando lo fanno, il giorno o l'ora del giorno dell'altro personaggio corrisponde a quello che hanno attualmente.
Machine Head (USA)	Blam! Machinehead è fondamentalmente un normale sparatutto 3D in cui spari ai nemici ed esplori le terre desolate futuristiche e aride e le fabbriche abbandonate e come se cercassi di salvare il mondo. Il giocatore controlla Kimberly Stride, che è una scienziata. Deve salvare il mondo dal DNA cattivo che sta lentamente &quot;divorando&quot; tutto. nnCome giocatore, controlli questo hovercraft che è stato progettato per essere un veicolo sicuro in cui stare mentre viaggi attraverso questo mondo infestato. Il gioco ha una bella grafica 3D e un'atmosfera davvero unica che lo distingue dagli sparatutto più comuni.
Madden NFL 97 (USA)	Madden NFL 97 è una gioco di football americano su Saturn. Trova più di cento squadre ufficiali della National Football League ma anche squadre leggendarie. Porta il tuo preferito al Super Bowl o ripercorri l'intera stagione NFL e i playoff. Madden e Summerall forniscono commenti durante il gioco.
Madden NFL 98 (USA)	Madden NFL 98 è una partita di football americano su Saturn. Trova più di 120 squadre ufficiali della stagione in corso ma anche squadre leggendarie. Questa edizione 98 porta anche più varietà al gioco con nuove azioni del quarterback e più intelligenza artificiale. Porta la tua squadra preferita e falla evolvere per portarla alla finale del Super Bowl!
Madou Monogatari (Japan)	Madou Monogatari è un gioco di ruolo con i personaggi e le ambientazioni della serie Puyo Puyo. Inizi il gioco nei panni del giovane mago Arle, che si propone di esplorare la terra per scoprire il mistero di una nuova razza di piante apparse che sembrano influenzare il regno magico. Mentre ti unisci ad altri personaggi di Puyo Puyo (ovviamente quelli amichevoli) esplori la terra e combatti i cattivi oltre a diversi cattivi classici di Puyo Puyo.
Magic Carpet (USA)	Magic Carpet è un gioco di prospettiva in prima persona, in cui sei un mago che vola su un, beh, tappeto magico e lancia incantesimi. Il gioco ha 50 livelli, chiamati &quot;mondi&quot;; ognuno di questi è ambientato in un terreno marino con diverse isole montuose. Il tuo obiettivo in ogni livello è accumulare abbastanza mana nel tuo castello per &quot;ripristinare l'equilibrio&quot; nel mondo. Una volta che ciò accade, puoi passare al livello successivo.
Magic Knight Rayearth (USA)	L'equilibrio nel magico mondo di Cefiro è sostenuto dalle preghiere dell'adorabile principessa Smeraldo. Quando il malvagio Sage Master l'ha imprigionata, l'esistenza del mondo intero è stata messa in pericolo. Usando i suoi poteri spirituali, la principessa contattò tre liceali giapponesi, Hikaru, Umi e Fuu, le trasformò in Magic Knights e le convocò a Cefiro, dove il loro obiettivo è salvarla e ripristinare l'equilibrio. Questo adattamento dell'omonima serie manga e anime è un'avventura d'azione, in qualche modo simile nello stile ai giochi di Zelda. Le protagoniste sono tutte e tre le ragazze, ma il giocatore può controllarne solo una alla volta. Ognuno ha vantaggi e svantaggi, oltre a diversi stili di combattimento: Hikaru usa le spade, Umi uno stocco e Fuu un arco. Il giocatore avanza nel gioco esplorando il mondo, parlando con personaggi non giocabili e combattendo i nemici in combattimenti in tempo reale.
Magical Drop (Japan)	Questo è il primissimo gioco coin-op (e conversioni casalinghe) della serie Magical Drop. Simile ad altri titoli della serie, l'obiettivo del gioco è quello di ripulire lo schermo da oggetti che avanzano costantemente chiamati &quot;gocce&quot;. Il personaggio del giocatore, bloccato nella parte inferiore dello schermo, ha un rampino che può essere utilizzato per abbattere una singola goccia, cambiarne il colore e rimetterla in riga. Le gocce scompaiono quando viene creata una linea di tre o più gocce dello stesso colore.
Magical Drop 2 (Japan)	Magical Drop è giocato con uno stile e un gameplay simili ai franchise Puyo Puyo di Compile (ora Sega) e Puzzle Bobble di Taito; una &quot;pila&quot; di bolle colorate casuali scende dall'alto e un giocatore viene sconfitto quando una bolla colpisce il fondo. Le bolle possono essere raccolte e rilasciate dal &quot;pagliaccio&quot; del giocatore in basso e vengono distrutte quando tre o più dello stesso colore vengono messe insieme su una singola colonna. Le &quot;catene&quot; si formano sia quando una singola goccia provoca una reazione a catena, sia quando più di un gruppo di bolle viene distrutto in rapida successione. Il gioco è normalmente giocato con due giocatori (uno può essere un avversario computer) e le catene fanno sì che lo stack dell'avversario scenda più velocemente.
Magical Drop III - Toretate Zoukangou! (Japan) (2M)	Magical Drop III è il terzo capitolo della serie Magical Drop uscito nel 1997. Il gameplay è simile all'originale Magical Drop, ma in questa versione vengono introdotti 7 nuovi personaggi mentre l'altra metà è sbloccabile, una modalità Storia che funziona in modo simile a un gioco da tavolo e una nuova modalità di gioco chiamata Challenge Mode. Magical Drop III è stato rilasciato su Neo Geo, PlayStation, Zeebo, GameTap, Game Boy Color, Sega Saturn e Virtual Console di Nintendo Wii. Attualmente G-mode ottiene i diritti intellettuali su Magical Drop III. Magical Drop III è disponibile anche sul videogioco per Nintendo Wii, Data East Arcade Classics.
Magical Hoppers (Japan)	La giovane maga Nikki, il buffone di corte Fargus e il suo aiutante Sid il burattino sono i tre principali protagonisti di questo gioco platform 3D. Durante un seminario &quot;Maghi in addestramento&quot;, Nikki lancia accidentalmente un potente incantesimo magico, che si traduce in mostri giganti che inghiottono l'intero villaggio. I tre amici devono ora recarsi in un luogo chiamato &quot;Wishing Engine&quot; e ricevere il desiderio di riportare il mondo alla normalità.
Magical Night Dreams - Cotton 2 (Japan)	Cotton 2 è un gioco d'azione su Saturno. Seguendo le orme della prima opera, trova Coton e Appli in una nuova avventura. Preparati ad affrontare numerosi e potenti nemici. Usa i tuoi incantesimi e il tuo arsenale per trionfare sul tuo avversario. Puoi anche migliorare la potenza dei tuoi incantesimi e delle tue armi usando i cristalli dell'esperienza.
Magical Night Dreams - Cotton Boomerang (Japan)	È uno sparatutto orizzontale rilasciato per l'hardware arcade Sega Saturn e Sega Titan Video come versione remixata di Cotton 2, con più personaggi, tessere ricolorate, layout del palco alterati, ecc.
Mahjong Doukyuusei Special (Japan) (Disc 1) (Shokai Genteiban)	Mahjong Doukyuusei Special è un gioco di mahjong sviluppato e pubblicato da Make Software per Sega Saturn e fa parte della serie di sim di incontri Doukyuusei di Elf. La versione in edizione limitata viene fornita con un CD verticale.
Mahjong Gakuensai (Japan) (Disc 1) (Shokai Genteiban)	Mahjong Gakuensai è un gioco di mahjong sviluppato e pubblicato da Make Software per Sega Saturn. Il gioco è stato pubblicato anche nelle sale giochi ed è stato seguito da un sequel, Mahjong Gakuensai DX. La versione in edizione limitata include un disco bonus.
Mahjong Gakuensai DX - Zenjitsu ni Matsuwaru Funsenki (Japan)	Mahjong Gakuensai DX: Zenjitsu ni Matsuwaru Funsenki è un gioco di mahjong sviluppato e pubblicato da Make Software per Sega Saturn. È il sequel di Mahjong Gakuensai, uscito anche per Saturn.
Mahjong Gokuu Tenjiku (Japan)	Mahjong Gokuu Tenjiku è un torneo di mahjong tra i personaggi di Xi You Ji (&quot;Viaggio in Occidente&quot;), il classico romanzo cinese. Il giocatore può scegliere di giocare come uno dei quattro personaggi &quot;buoni&quot; di Xi You Ji: il monaco buddista Xuan Zang, la famosa scimmia Sun Wukong, il maiale Bajie e l'allievo di Xuan Zang Wujing. Competono contro la varietà di cattivi Xi You Ji. Il giocatore può scegliere un luogo in cui ambientare una partita di mahjong e adattare la maggior parte delle regole del mahjong a proprio piacimento in un menu speciale.
Mahjong Hyper Reaction R (Japan)	Mahjong Hyper Reaction R, originariamente pubblicato nelle sale giochi, è un gioco di mahjong, pubblicato da Sammy Studios, che è stato rilasciato in Giappone nel 1996 per Sega Saturn. Il gioco presenta la modalità storia e la modalità arcade. La porta di Saturno presenta anche un personaggio bonus non presente nel gioco arcade.
Mahjong Kaigan Monogatari - Mahjong-kyou Jidai Sexy Idol-hen (Japan) (2M)	Mahjong Kaigan Monogatari: Mahjong Kyou Jidai Sexy Idol Hen è un gioco di mahjong sviluppato e pubblicato da Micronet per Sega Saturn. Il gioco presenta filmati live-action e include anche un poster.
Mahjong Taikai II Special (Japan) (2M)	Mahjong Taikai II Special è un remake migliorato di Mahjong Taikai II. Il gioco è molto simile alla versione originale, consentendo ai giocatori di giocare a mahjong contro 23 famosi personaggi storici e immaginari, tra cui Toyotomi Hideyoshi, Abraham Lincoln, Giovanna d'Arco e Sherlock Holmes. Questo remake include grafica 3D completa e clip vocali per ogni personaggio.
Mahjong Yon Shimai - Wakakusa Monogatari (Japan)	Mahjong Yonshimai: Wakakusa Monogatari è un gioco di strip mahjong in stile arcade con quattro sorelle come avversarie. Si tratta di un gioco di mahjong standard a 2 giocatori in stile riichi; vincendo le partite contro l'avversario si guadagnano punti, e un numero sufficiente di punti fa guadagnare al giocatore una scena animata in cui l'avversario si toglie un capo d'abbigliamento fino a rimanere in topless. L'unica modalità di gioco è una modalità arcade standard in cui ogni avversario viene affrontato in ordine, dal più giovane (Hikaru) al più anziano (Haruka). In alcuni momenti del gioco, c'è anche un mini-gioco di slot-machine in cui il giocatore può vincere un vantaggio bonus per il turno successivo.
Mahjong-kyou Jidai Cebu Island '96 (Japan) (Disc 1)	Il gioco presenta filmati live-action di donne sull'isola filippina di Cebu.
Mahjong-kyou Jidai Cogal Houkago-hen (Japan)	Il gioco presenta filmati live-action di donne vestite da scolarette e include anche un poster.
Mahou Gakuen Lunar! (Japan) (1M)	Lunar: Sanposuru Gakuen (?Lunar: Walking School?) è un gioco di ruolo della serie Lunar originariamente pubblicato per Sega Game Gear in Giappone nel 1996. School Lunar! è stato rilasciato all'incirca nello stesso periodo di altri remake di Lunar, Lunar: Silver Star Story Complete e Lunar 2: Eternal Blue Complete, e sebbene abbia avuto un discreto successo non è mai stato reso disponibile al di fuori del Giappone. Il gioco originale è stato sviluppato e prodotto dalla società di software giapponese Game Arts e Studio Alex, il loro team di sviluppo interno responsabile di altri titoli Lunar. Anche se il gioco è stato rilasciato dopo Lunar: The Silver Star, è ambientato centinaia di anni prima. Anche diverse creature e luoghi del gioco fanno la loro comparsa.
Mahou no Janshi - Poe Poe Poemy (Japan) (2M)	Mahou no Jansi Poe Poe Poemy è un gioco di mahjong, pubblicato da Imagineer, che è stato rilasciato in Giappone nel 1995 per Sega Saturn. Il gioco presenta una storia di una stupidità esagerata, come la prima &quot;battaglia&quot;, in cui il giocatore gioca contro una cameriera di un bar che non riesce a smettere di mangiare. Mangia così tanto che diventa un enorme mostro grasso che abbatte edifici per mettersi a proprio agio
Mahou Shoujo Pretty Samy - Heart no Kimochi (Japan)	Heart no Kimochi è la seconda uscita per Saturn dei giochi Maho Shojo Pretty Sammy. Il gioco si svolge nell'universo di Tenchi Muyo.
Mahoutsukai ni Naru Houhou (Japan)	Mahoutsukai ni Naru Houhou è un gioco di ruolo d'azione ambientato in un paesaggio semi 3D.
Manoir des Ames Perdues, Le (France)	The Mansion of Hidden Souls, noto come Shinsetsu Yumemi Yakata: Tobira no Oku ni Dareka ga... in Giappone, è un sequel di Sega Saturn di Yumemi Mystery Mansion. Goffamente il suo prequel si chiama Mansion of Hidden Souls in Nord America, il che può portare a un po' di confusione. È stato seguito da Torico nel 1996.
Mansion de las Almas Ocultas, La (Spain)	The Mansion of Hidden Souls, noto come Shinsetsu Yumemi Yakata: Tobira no Oku ni Dareka ga... in Giappone, è un sequel di Sega Saturn di Yumemi Mystery Mansion. Goffamente il suo prequel si chiama Mansion of Hidden Souls in Nord America, il che può portare a un po' di confusione. È stato seguito da Torico nel 1996.
Mansion of Hidden Souls, The (USA)	The Mansion of Hidden Souls, noto come Shinsetsu Yumemi Yakata: Tobira no Oku ni Dareka ga... in Giappone, è un sequel di Sega Saturn di Yumemi Mystery Mansion. Goffamente il suo prequel si chiama Mansion of Hidden Souls in Nord America, il che può portare a un po' di confusione. È stato seguito da Torico nel 1996.
Manx TT SuperBike (USA)	Gareggia con le moto in questo porto arcade basato sulla vera Isle of Man Trophy Race. Ci sono due percorsi da correre con le solite variazioni invertite e speculari sui tracciati. Viene fornita anche una versione corta e lunga del corso principale. Le modalità di gioco includono arcade (tracce standard), modalità PC (variazioni aggiunte), prova a tempo e giochi in rete con un massimo di otto persone.
Maria - Kimitachi ga Umareta Wake (Japan) (Disc 1)	In Maria i giocatori assumono il ruolo di un giovane psichiatra di nome Takano. Un giorno una nuova paziente viene portata nell'ospedale in cui lavora: Maria, una giovane donna che ha tentato il suicidio. Soffre di amnesia e Takano cerca di saperne di più su di lei, facendole visita e parlando con lei. In poco tempo scopre che Maria ha la schizofrenia, una doppia personalità. Il suo ?altro sé? sembra essere malvagio e minaccia di impossessarsi di lei.
Marica - Shinjitsu no Sekai (Japan)	Shinjitsu no Sekai (?mondo reale?) è ambientato nella moderna Tokyo. La protagonista è una ragazza normale di nome Marica, che vive insieme ai suoi genitori e alla sua sorellina. Un giorno Marica incontra uno strano uomo dall'aspetto spaventoso, che si scopre essere un ex terrorista in fuga. Marica diventa l'unica proprietaria di informazioni di vitale importanza per l'organizzazione terroristica e deve proteggere la sua vita con le sue abilità paranormali appena scoperte.
Marie no Atelier Ver. 1.3 - Salburg no Renkinjutsushi (Japan)	Il gioco di ruolo Marie No Atelier su Saturno è il primo episodio della serie &quot;Atelier&quot;. In quest'opera dirigi Marie, una giovane alchimista durante il suo apprendistato all'Accademia. Dovrai viaggiare attraverso molti luoghi per trovare gli ingredienti per costruire armi, pozioni, armature...
Marvel Super Heroes (USA)	Oltre ai fumetti americani e ad altri cartoni animati, Marvel Super Heroes ha il suo gioco di combattimento in cui un certo numero di supereroi e cattivi come Spiderman, Wolverine e l'incredibile Hulk vengono in battaglia. La particolarità di questa app è che per ogni combattimento i personaggi iniziano con un certo numero di gemme. Questi possono essere utilizzati in qualsiasi momento per potenziare caratteristiche come velocità, potenza o persino difesa.
Marvel Super Heroes vs. Street Fighter (Japan)	Marvel Super Heroes Vs Street Fighter è un gioco di combattimento pubblicato su Saturn. Come suggerisce il nome, questo gioco metterà i soliti personaggi di Street Fighter contro i famosi fumetti Marvel americani. Potrai quindi organizzare combattimenti tra Spiderman e Ryu, Hulk e Dhalsim o anche Capitan America contro Ken. Si tratta di un totale di 17 personaggi accessibili dall'inizio del gioco, 9 del mondo di Street Fighter e 8 personaggi della Marvel Comics.
Mass Destruction (USA)	La distruzione di massa mette i giocatori dietro i comandi di un carro armato individuale. Gli ambienti spaziano dall'artico al deserto all'urbano. Il giocatore può far saltare in aria alberi, edifici, muri - qualunque cosa non ti piaccia l'aspetto. I nemici verranno da te con carri armati, aerei, elicotteri ea piedi. Ognuna delle diverse armi a disposizione del giocatore funziona meglio su un nemico specifico. Il giocatore può utilizzare missili guidati per gli elicotteri e travolgere uomini di fanteria con il carro armato.
Mass Destruction - Otousan ni mo Dekiru Soft (Japan)	La distruzione di massa mette i giocatori dietro i comandi di un carro armato individuale. Gli ambienti spaziano dall'artico al deserto all'urbano. Il giocatore può far saltare in aria alberi, edifici, muri - qualunque cosa non ti piaccia l'aspetto. I nemici verranno da te con carri armati, aerei, elicotteri ea piedi. Ognuna delle diverse armi a disposizione del giocatore funziona meglio su un nemico specifico. Il giocatore può utilizzare missili guidati per gli elicotteri e travolgere uomini di fanteria con il carro armato.
Master of Monsters - Neo Generations (Japan)	Master of Monsters: Neo Generation è un gioco di guerra di Saturno. Sono presenti le classiche modalità di gioco singolo e versus, oltre a un editor di mappe. Inizierai il gioco scegliendo un personaggio da sei diverse classi e costruirai il tuo esercito per annientare il nemico all'altra estremità della mappa. Durante le 30 campagne, ognuna estremamente difficile e lunga, sarai in grado di potenziare le tue truppe, il che ti darà vari bonus di attacco o difesa.
Masters - Harukanaru Augusta 3 (Japan)	Masters New: Harukanaru Augusta 3 è una simulazione di golf e il terzo gioco della serie Harukanaru Augusta di T&E Soft. Come i suoi predecessori, è ufficialmente approvato dalla competizione di golf Masters Tournament e dall'Augusta National Golf Club, dove si svolge il Masters. nnIl gioco utilizza foto digitalizzate per i suoi giocatori di golf e la folla, così come per i menu e la schermata del titolo, per un senso di realismo. Il gioco produce anche effetti meteorologici che possono modificare il percorso.
Matsukata Hiroki no World Fishing (Japan)	Matsukata Hiroki no World Fishing è un gioco di pesca, sviluppato da TOSE e pubblicato da MediaQuest, pubblicato in Giappone nel 1996 per Sega Saturn. K?ju Meguro, meglio conosciuto con il nome d'arte Hiroki Matsukata, è un attore giapponese che ha recitato in diverse serie televisive e film, oltre ad alcuni giochi.
Maximum Force (USA)	Maximum Force è il seguito dell'Area 51, tuttavia, questa volta invece di sparare agli alieni, il giocatore si scontra con un'organizzazione terroristica. nnIl gameplay è simile ad altri giochi sparatutto in prima persona in cui il giocatore può usare una pistola leggera o un controller per sparare ai cattivi che spuntano da dietro gli oggetti o che escono dal lato dello schermo. Se un giocatore viene colpito da un cattivo, perderà una barra di salute o può anche perdere salute sparando accidentalmente a passanti innocenti.
Mechanical Violator Hakaider - Last Judgement (Japan)	Mechanical Violator Hakaider on Saturn è uno sparatutto su rotaia in cui giochi ad Hakaider, un modello di antieroe. In questa opera devi sbarazzarti di molti nemici con una varietà di armi da fucile uzi tramite razzi. Alcuni set sono distruttibili per impedire ai nemici di nascondersi.
MechWarrior 2 (Japan)	Nel gioco d'azione Mechwarrior 2 su Saturno, devi scegliere tra 2 clan (i lupi ei falchi di giada) coinvolti in una guerra aperta nel tentativo di salvare la sfera interna. Sapendo che in questa app se batti altri Mecha più forti di te, salirai più velocemente nei ranghi e sbloccherai potenziamenti sempre più potenti.
MechWarrior 2 - 31st Century Combat - Arcade Combat Edition (USA)	Nel gioco d'azione Mechwarrior 2 su Saturno, devi scegliere tra 2 clan (i lupi ei falchi di giada) coinvolti in una guerra aperta nel tentativo di salvare la sfera interna. Sapendo che in questa app se batti altri Mecha più forti di te, salirai più velocemente nei ranghi e sbloccherai potenziamenti sempre più potenti.
Mega Man 8 (USA)	La lotta contro il Dr. Wily non è ancora finita poiché continua in Mega Man 8 su Saturno. Questo gioco d'azione platform segna i dieci anni della serie e ti permette di trovare l'eroe blu e la sua armatura con più poteri. Questa edizione Saturn contiene alcuni elementi bonus che la versione Playstation non ha, come i robot nemici Cut Man e Wood Man della prima e della seconda puntata della saga.
Mega Man X3 (Europe)	Uno scienziato Reploid di nome Dr. Doppler inizia la creazione di una nuova città per i Reploid, che porterà una nuova era di pace ai Reploid e agli umani. Ma qualcosa va terribilmente storto, e ora i Maverick hanno cominciato ad apparire ovunque! Tocca a X e Zero scoprire chi c'è dietro questa rivolta dei Maverick e sconfiggerli definitivamente!
Mega Man X4 (USA)	Mega Man X, il leader reploid della 17a unità Maverick Hunters, e il suo migliore amico Zero devono fermare una ribellione reploid. Ognuno di loro viene coinvolto in un modo diverso e puoi giocare come uno dei due personaggi attraverso le storie parallele.
MeltyLancer - Ginga Shoujo Keisatsu 2086 (Japan)	Meltylancer: Ginga Shoujo Keisatsu 2086 è un'altra ?simulazione di allenamento? gioco sviluppato da Tenky per PlayStation e Saturn. Al giocatore viene dato il controllo dell'unità Meltylancer tutta al femminile dell'Organizzazione di Polizia Galattica e viene incaricato di addestrarli a gestire le sfide future.
MeltyLancer - Re-inforce (Japan) (Disc 1)	Meltylancer Re-inforce è una simulazione di allenamento sci-fi? gioco sviluppato da Tenky per PlayStation e Saturn. Mette il giocatore a capo dell'unità di polizia Meltylancer, gestendo il loro addestramento e dirigendoli in semplici combattimenti a turni.
Metal Black (Japan) (1M)	Metal Black è un porting solo per il Giappone del gioco Arcade originale del 1991 sviluppato da Taito. Il gioco è anche intitolato Project Gun Frontier 2, sebbene non ci siano connessioni con il contenuto di Gun Frontier. Anche il contenuto di un sequel di Darius cancellato è stato riutilizzato per questo gioco, supportato da nemici di pesci e crostacei trovati nel gioco.
Metal Fighter Miku (Japan)	Metal Fighter Miku presenta una combinazione di animazioni tratte dall'anime con lo stesso nome e grafica di ragazze che combattono in tute robotizzate. Il gioco è stato sviluppato da Feycraft e pubblicato da Victor Interactive Software, che è stato rilasciato in Giappone nel 1995.
Metal Slug - Super Vehicle-001 (Japan)	Metal Slug, originariamente pubblicato su Neo Geo, è uno sparatutto a scorrimento laterale. Il giocatore assume il ruolo di un soldato (o due) e combatte un gigantesco esercito. Ogni livello consiste nel correre in avanti facendo esplodere qualsiasi cosa si muova, mentre si raccolgono power-up lungo il percorso (c'è anche un'ampia selezione di armi nel gioco). Alla fine di ogni livello il giocatore affronta un gigantesco boss.
Mezase Idol Star!! Natsuiro Memories - Mahjong-hen (Japan) (2M)	Dal momento che è solo un punteggio giallo 18, i giocatori non vedranno alcun seno o altre azioni. Tuttavia, come sempre, ci sono alcune battute piuttosto seducenti pronunciate dalle signore.
Mighty Hits (Europe)	Mighty Hits è un gioco d'azione su Saturno. Il principio è semplice, hai una pistola in mano, e dovrai, una volta registrate le istruzioni per ogni missione, dimostrare a tua volta intelligenza per riuscire in ogni viaggio che ti viene imposto.
Minakata Hakudou Toujou (Japan) (Disc 1) (2M)	Minakata Hakudou Toujou è un gioco di avventura, pubblicato da Atlus, che è stato rilasciato in Giappone nel 1997 per Sega Saturn. I giocatori assumono il ruolo di un detective che deve risolvere un crimine o una situazione guardando una registrazione dell'evento o delle prove.
Minami no Shima ni Buta ga Ita - Lucas no Daibouken (Japan) (2M)	Minami no Shima ni Buta ga Ita: Lucas no Daibouken è una raccolta di mini puzzle game che un maiale deve completare per passare a quello successivo. Il gioco sviluppato da Scholar e pubblicato da Virgin Interactive per Sega Saturn.
Minnesota Fats - Pool Legend (USA) (R)	Side Pocket 2 è un gioco di biliardo pubblicato per Sega Mega Drive e Sega Saturn nel 1995. Quando è stato portato in Nord America, il gioco è stato ribattezzato Minnesota Fats: Pool Legend. Mentre le versioni Mega Drive e Sega Saturn di Side Pocket 2 condividono un gameplay simile, la versione Saturn ha una modalità storia completamente diversa, completa di filmati video in full motion. Le due versioni hanno anche colonne sonore diverse.
Minton Keibu no Sousa File - Doukeshi Satsujin Jiken (Japan)	Minton Keibu no Sousa File: Doukeshi Satsujin Jiken ha un gameplay simile a Torico, in cui naviga in un mondo pre-renderizzato. Tuttavia, a differenza di Torico, i giocatori devono anche acquistare e vendere oggetti dalla gente del posto per aiutarli nella loro ricerca. L'area di gioco è ampia per questo tipo di gioco e c'è anche una vasta gamma di personaggi con cui parlare per avere informazioni o trattare.
Mizubaku Daibouken (Japan)	Mizubaku Daibouken è un gioco d'azione a piattaforme Saturn in cui interpreti Hippo, un ippopotamo, che va alla ricerca del suo compagno, rapito da terribili cattivi. Il titolo si presenta sotto forma di una successione di livelli in cui devi annientare tutti i nemici che si accalcano sulla tua strada. Per facilitare i tuoi progressi, hai a disposizione palloncini d'acqua magici, che congelano i tuoi nemici per alcuni secondi.
Mizuki Shigeru no Youkai Zukan Soushuuhen (Japan)	Mizuki Shigeru no Youkai Zukan Soushuuhen presenta oltre 900 opere d'arte di Mizuki Shigeru e un gioco d'avventura. Shigeru Mizuki (1922 / 2015) è stato un autore di manga e storico giapponese, noto soprattutto per la serie GeGeGe no Kitar? Specializzato in storie di Yōkai (mostri tradizionali giapponesi), è considerato un maestro del genere.
Mobile Suit Gundam (Japan)	Kidou Senshi Gundam è uno sparatutto a scorrimento laterale basato sulla serie Gundam. Il gioco è simile allo sparatutto Macross sul Saturn con modelli GC pre-renderizzati. Il gioco presenta le voci e la musica del personaggio originale dell'anime insieme a scene tagliate.
Mobile Suit Gundam Side Story - Optional Guide (Japan)	Mobile Suit Gundam Side Story è una trilogia di giochi Sega Saturn ambientata durante la trama di One Year War. I giochi sono unici tra i giochi Gundam e che invece di posizionare il giocatore in una visuale in terza persona dietro la spalla, mettono invece il giocatore in una visuale in prima persona dall'interno della cabina di pilotaggio del Mobile Suit.
Mobile Suit Gundam Side Story I - Senritsu no Blue (Japan)	Mobile Suit Gundam Side Story è una trilogia di giochi Sega Saturn ambientata durante la trama di One Year War. I giochi sono unici tra i giochi Gundam in e che invece di posizionare il giocatore in una visuale in terza persona dietro la spalla, mettono invece il giocatore in una visuale in prima persona dall'interno della cabina di pilotaggio del Mobile Suit.
Mobile Suit Gundam Side Story II - Ao o Uketsugu Mono (Japan)	I giocatori controllano una federazione standard ?GM? tuta mobile. Ben diverso dal potente eponimo Gundam. In breve, il giocatore è un grugnito e deve farsi strada attraverso una serie di campagne particolarmente dure. Ogni gioco è semplicemente un capitolo della trama generale e vede il giocatore ricevere mobile suit progressivamente più potenti man mano che avanza.
Mobile Suit Gundam Side Story III - Sabakareshi Mono (Japan)	Kidou Senshi Gundam Gaiden III: Sabakareshi Mono è l'ultimo dei tre giochi Kidou Senshi Gundam Gaiden per Sega Saturn. A differenza delle precedenti due voci, Kidou Senshi Gundam Gaiden III non è mai stato rilasciato in un cofanetto, solo nella forma più economica &quot;Genteiban&quot;.
Moero!! Pro Yakyuu '95 - Double Header (Japan)	Questo gioco di baseball presenta veri giocatori MLBPA della stagione di baseball 1994. Il gioco ha una modalità Exhibition, una modalità Regular Season e una modalità Championship Game. La modalità Regular Season consente al giocatore di scegliere di giocare una stagione di 13, 26, 52 o 162 partite, mentre la modalità Championship Game consente al giocatore di giocare una serie di partite di campionato da 3,5 o 7 partite contro una squadra avversaria.
Monster Slider (Japan)	Un puzzle game per uno o due giocatori di Datt Japan e Visco Corporation nel 1997. Il gioco è stato anche modificato e rilasciato in seguito per Sega Saturn (con audio di qualità superiore e animazioni dei personaggi migliori, anche se è meno colorato e bizzarro). È essenzialmente un puzzle in stile drop piuttosto buono.
Moon Cradle (Japan) (Disc 1)	Moon Cradel, originariamente un gioco 3DO sviluppato da Matsushita, è un'avventura investigativa misteriosa ambientata nella risoluzione di un omicidio. Il gioco si svolge in una vista isometrica accompagnata da scene tagliate FMV. Queste scene verranno eseguite con la scheda MPEG di Saturn. Se al Saturn manca una scheda MPEG, le scene saranno di bassa qualità.
Mortal Kombat II (USA)	I combattenti di Mortal Kombat, più molti nuovi, tornano per un torneo organizzato dal malvagio Shang Tsung dell'Outworld. L'azione è uno contro uno come prima ed è famosa per il suo alto livello di violenza e sangue (a parte la versione sterilizzata di Nintendo). Ci sono 5 livelli di difficoltà e crediti opzionali, oltre alla solita modalità a due giocatori che include duelli con gli stessi personaggi. Per vincere il torneo principale, il giocatore deve battere ciascuno degli altri giocatori umani, prima di affrontare Shang Tsung, Kintaro e infine Shao Kahn. I giocatori hanno a disposizione una vasta gamma di pugni e calci, così come calci volanti, montanti, roundhouse e mosse speciali, che variano per ogni giocatore. Questi includono lanci, montanti, proiettili a lunga distanza, calci in bicicletta e una funzione di teletrasporto.
Mortal Kombat II Kanzenban (Japan) (4S)	I combattenti di Mortal Kombat, più molti nuovi, tornano per un torneo organizzato dal malvagio Shang Tsung dell'Outworld. L'azione è uno contro uno come prima ed è famosa per il suo alto livello di violenza e sangue (a parte la versione sterilizzata di Nintendo). Ci sono 5 livelli di difficoltà e crediti opzionali, oltre alla solita modalità a due giocatori che include duelli con gli stessi personaggi. Per vincere il torneo principale, il giocatore deve battere ciascuno degli altri giocatori umani, prima di affrontare Shang Tsung, Kintaro e infine Shao Kahn. I giocatori hanno a disposizione una vasta gamma di pugni e calci, così come calci volanti, montanti, roundhouse e mosse speciali, che variano per ogni giocatore. Questi includono lanci, montanti, proiettili a lunga distanza, calci in bicicletta e una funzione di teletrasporto.
Mortal Kombat Trilogy (USA)	Tutti i personaggi dei primi tre giochi di Mortal Kombat tornano per la battaglia finale. Puoi giocare nei panni di Kano, Reptile, Mileena, Kung Lao, Shang Tsung, Sindel, Sketor, Stryker, Nightwolf, Sheeva, Kitana, Scorpion, Sonya, Smoke (Cyber Ninja), Rain, Jade, Baraka, Johnny Cage, Ermac, Noob Saibot, Sub-Zero (Unmasked), Sub-Zero (Classic), Jax, Rayden, Cyrax, Liu Kang, Smoke (Human), Kabal, Goro, Kintaro, Motaro o Shao Kahn. Questo gioco è un combattimento di arti marziali uno contro uno. Il giocatore può scegliere tra oltre trenta personaggi diversi, tutti con il proprio stile di combattimento e le proprie mosse speciali. Trilogy differisce dagli altri giochi in quanto puoi giocare a combinazioni di persone che altrimenti non sarebbero possibili, come il vecchio Liu Kang contro il nuovo Liu Kang, ecc. Mortal Kombat Trilogy ti consente anche di sfidare un amico a un combattimento tramite una connessione di rete IPX di Windows.
Motteke Tamago with Ganbare! Kamonohashi (Japan)	Motteke Tamago Ganbare Kamonohashi, un porting del gioco inedito per PC Engine Motteke Tamago, è un gioco mutiplayer basato su arena nella stessa vena di Bomberman. Giocando come uno di un cast di simpatici personaggi, il giocatore si muoverà in un'arena raccogliendo uova e attaccando gli avversari. L'attacco in corsa farà cadere tutte le uova dell'avversario.
Mouja (Japan)	Ryougae Puzzle Game Moudjiya è un puzzle game per Sega Saturn. Il gioco presenta il maneki-neko, un comune portafortuna giapponese, figurina talismano. Il gameplay è un tipico puzzle di oggetti che cadono simile a Puyo Puyo, ma in questo gioco le monete cadono.
Mouri Motonari - Chikai no Sanshi (Japan)	Mouri Motonari: Chikai no Sanshi è il terzo capitolo della serie Eiketsuden di Eiji Fukuzawa, una serie di giochi di simulazione che ritraggono i personaggi storici titolari in un'immagine eroica. Il titolo racchiude le vite e le conquiste di Motonari Mōri e di suo nipote. Il tempo passa attraverso intervalli fissi in questo titolo e diversi personaggi invecchiano visivamente durante la storia.
Mr. Bones (USA) (Disc 1)	Mr. Bones è un gioco d'azione su Saturno. Si presenta sotto forma di una parodia di un film horror in cui si uniscono diversi tipi di gioco. Così, tra due livelli di azione, sono presenti dei minigiochi. Interpreti come Mr Bones, uno scheletro ribelle dell'esercito del malvagio Dagoulian, determinato a conquistare il mondo intero! La tua missione è quindi quella di annientare questo esercito. Molti video sono presenti tra i livelli. Questo è il motivo per cui il gioco si adatta a 2 CD-Rom.
My Best Friends - St. Andrew Jogakuin-hen (Japan)	I miei migliori amici: St. Andrew Jogakuin Hen è un gioco di puzzle, sviluppato da ISCO e pubblicato da Atlus, che è stato rilasciato in Giappone nel 1996 per Sega Saturn. Oltre alla modalità puzzle principale, c'è anche una galleria d'arte e una sezione di rubrica in cui i giocatori possono chiamare la donna che hanno picchiato durante il gioco.
My Dream - On Air ga Matenakute (Japan) (Disc 1)	Il gioco presenta un cast di 21 famose doppiatrici femminili. Il gioco è arrivato con 8 carte collezionabili.
Myst (USA)	Myst on Saturn è un gioco di avventura in prima persona in cui il giocatore si trova immerso in un mondo che non conosce. Percorrendo più ambienti sarà necessario scoprire poco a poco come funziona questo mondo e soprattutto perché due fratelli sono stati rinchiusi nei libri della prigione. Lo strano mondo di Myst ti sta aspettando.
Mystaria - The Realms of Lore (USA)	Mystaria: The Realms of Lore è un gioco di ruolo/avventura su Saturno. Dovrai gestire dodici personaggi e sviluppare le loro abilità battaglia dopo battaglia. L'obiettivo principale è sconfiggere il malvagio Lord Bane e altri 50 nemici.
Mystery Mansion - Das Haus der verlorenen Seelen (Germany)	The Mansion of Hidden Souls, noto come Shinsetsu Yumemi Yakata: Tobira no Oku ni Dareka ga... in Giappone, è un sequel di Sega Saturn di Yumemi Mystery Mansion. Goffamente il suo prequel si chiama Mansion of Hidden Souls in Nord America, il che può portare a un po' di confusione. È stato seguito da Torico nel 1996.
Nanatsu Kaze no Shima Monogatari (Japan) (Disc 1)	Nanatsu Kaze no Shima Monogatari, tradotto approssimativamente dallo sviluppatore come &quot;The Seven Blasts of Wind in Island Story&quot; (ma meglio tradotto come &quot;The Tale of Seven Winds Island&quot;), è un capolavoro comunemente trascurato pubblicato da Enix in esclusiva per il Saturn nel 1997: uno che non ha ottenuto gli stessi riconoscimenti di altri titoli di giochi di ruolo e avventura rilasciati per questo sistema. Come un set di due CD, il gioco è stato accompagnato da un disco Premium che presentava alcune delle più belle opere d'arte mai concepite per un videogioco, insieme a oggetti e personaggi singolari. Essenzialmente, Nanatsu Kaze no Shima Monogatari è un libro di fiabe interattivo i cui capitoli illustrati riflettono la narrativa del gioco, con un nuovo capitolo aggiunto ogni volta che il giocatore completa con successo un gruppo di compiti.
Nanatsu no Hikan (Japan) (Disc 1) (1M)	Nanatsu no Hikan (?Seven Mysterious Mansions?) is one of the few adventure games from Koei to feature 3D models for its characters. The game is set in a contemporary setting, roughly taking place in the mid or late nineties. Even so, there are several historical references within the game's puzzles. An action-adventure sequel, Nanatsu no Hikan: Senritsu no Bishou, was released for the Dreamcast.
NASCAR 98 (USA)	Nascar Racing 98 è un gioco di corse su Saturno che ti permette di rivivere la famosa competizione automobilistica &quot;Nascar&quot; negli Stati Uniti, dove potenti auto si sfidano su circuiti ovali a velocità vertiginose. Il gioco ripercorre la stagione 1998.
NBA Action (USA)	NBA Action (riferito una volta noto come NBA Action ?96) è un gioco di basket pubblicato per Sega Saturn. Tecnicamente è il quarto capitolo della serie, dopo NBA Action ?94 e NBA Action ?95 con David Robinson su Sega Mega Drive, e NBA Action con David Robinson su Sega Game Gear. A differenza delle precedenti iterazioni, Saturn NBA Action viene visualizzato interamente in 3D.
NBA Action 98 (USA)	Il primo tentativo di Sega a Basketball su PC include un sacco di grafica curata; intelligenza artificiale e motion capture realistici; licenze ufficiali della NBA inclusi giocatori, squadre e campi; modalità pratica per aiutarti ad abituarti alla tua squadra; e una modalità multiplayer (fino a 5 giocatori su un computer). Puoi anche creare la tua squadra e i tuoi giocatori nella modalità di modifica, nel caso in cui non ti piaccia ciò che offre l'NBA.
NBA Jam - Tournament Edition (USA) (3S)	NBA Jam Tournament Edition è il secondo gioco della serie arcade di basket di Midway, con partite frenetiche due contro due con giocatori NBA della stagione 1993-94 (1994-95 su console). In totale, il gioco presenta oltre 120 atleti NBA e oltre 40 personaggi nascosti. I miglioramenti includono potenziamenti aggiuntivi, attributi dei giocatori più dettagliati, sostituzioni dei giocatori dopo ogni trimestre e una nuova colonna sonora. L'omonima &quot;Modalità Torneo&quot; disattiva tutti i trucchi e i potenziamenti e premia i giocatori con elenchi ampliati per quasi tutte le squadre se il giocatore batte tutte e 27 le squadre.
NBA Jam Extreme (USA)	&quot;Prende il gioco NBA Jam e lo inserisce in un nuovissimo motore 3D con movimenti del giocatore realistici. Tutta la vera azione del basket è in bundle con mosse estreme. Effetti sonori Zany, commenti e danze della vittoria da parte dei giocatori.&quot; Basket con gameplay alterato. Presenta due giocatori per squadra con un numero enorme di schiacciate e mosse speciali. C'è l'inclusione di un nuovo pulsante estremo per una maggiore eccitazione. Commento di Marv Albert.
NBA Live 97 (USA)	NBA Live 97 è il terzo capitolo della serie di videogiochi NBA Live. La copertina presenta Mitch Richmond dei Sacramento Kings. Il gioco è stato sviluppato da EA Sports e rilasciato il 1 novembre 1996. Le versioni MS-DOS, Saturn e PlayStation presentavano modelli 3D per i giocatori in campo, contrassegnandolo così come il primo sequel 3D di EA Sports Basketball per la serie. È stato anche il primo NBA Live rilasciato per Sega Saturn. NBA Live 97 è seguito da NBA Live 98.
NBA Live 98 (USA)	NBA Live 98 offre al giocatore tutte le squadre, i giocatori e gli stadi della stagione NBA 1998. Più di 350 volti sono stati scansionati per migliorare il realismo. Sono state implementate anche alcune nuove mosse come crossover o dissolvenze. Puoi giocare partite singole, stagioni intere, playoff o cose nuove come la carriera da allenatore o la sparatoria da 3 punti nello stile di un gioco all-star.
Nekketsu Oyako (Japan)	Nekketsu Oyako di TechnoSoft (o in alternativa Tecno Soft) è un clone di Final Fight piuttosto mediocre picchiaduro. Hai i tuoi tre personaggi, lo slowpoke grande e appassionato, la ragazza veloce ma debole e il ragazzo medio tutto intorno, e camminano attraverso un mucchio di livelli battendo il gatto per un motivo o per l'altro.
Neon Genesis - Evangelion - Koutetsu no Girlfriend (Japan) (Disc 1)	A differenza dei due precedenti giochi Neon Genesis Evangelion, K?tetsu no Girlfriend non è un film interattivo. Il giocatore controlla Shinji selezionando i luoghi in cui viaggiare, guardando le persone e parlando con loro. I luoghi sono rappresentati graficamente come schermi fissi in stile anime.
Next King - Koi no Sennen Oukoku (Japan)	Next King: Koi no Sennen Oukoku è un misto di gioco da tavolo, simulazione di appuntamenti e giochi di ruolo. Può anche essere descritto come un gioco di ruolo da tavolo. I giocatori competono contro altri tre principi e devono avere più successo con i diversi personaggi femminili principali del gioco per diventare un re. Le azioni nel gioco sono determinate dal lancio dei dadi.
NFL Quarterback Club '96 (USA) (5S)	Questo gioco è l'aggiornamento di nuova generazione di NFL Quarterback Club. nnTutte le squadre della stagione NFL 1996 sono mostrate qui, con numeri e statistiche dei giocatori reali. 32 giocate offensive e 16 giocate difensive sono disponibili mentre giochi. Le opzioni includono l'impostazione della durata dei quarti, da uno a 15 minuti, e la selezione della modalità di gioco: Preseason, Playoff o un'intera stagione, in cui giochi 18 partite verso l'obiettivo del Super Bowl.
NFL Quarterback Club '97 (USA)	NFL Quarterback Club 97 è una simulazione di football americano su Saturno che presenta una grafica migliore rispetto al suo predecessore, un'azione più realistica e nuove opzioni come il T-meter. Il gioco offre anche nuove tattiche di gioco sviluppate dal famoso Brett Favre. È possibile giocare con tutte le 30 squadre della NFL.
NHL 97 (USA)	Edizione 1997 della serie di simulazioni sportive NHL di EA. I miglioramenti in questa edizione arrivano principalmente nell'arena grafica, con una versione raffinata del sistema &quot;stadio virtuale&quot; che aggiunge nuovi angoli di ripresa (incluso il classico top-down stranamente mancante da NHL 96), e giocatori poligonali invece del bitmap- quelli basati su animazioni catturate dal movimento. nnAltri extra includono il supporto multiplayer per un massimo di 8 giocatori tramite la rete o il sistema GrIP di Gravis, l'opzione per creare nuovi giocatori e scambiarli in giro, e la consueta quantità di stile multimediale con licenza sportiva EA, incluso un interessante &quot;Goalie Mask Viewer&quot; che ti consente osserva i caschi riccamente decorati di 30 portieri.
NHL 98 (USA)	NHL 98 offre un gameplay molto più veloce e raffinato (ora utilizza quattro tasti azione invece di due, eliminando la necessità di toccare due volte per eseguire alcune azioni), insieme ad altre nuove funzionalità come le tattiche &quot;al volo&quot; sviluppate da Marc Crawford, poi manager del Colorado Avalanche e nuove linee di commento di Jim Hughson e Darryl Reaugh e un'interfaccia rielaborata. La grafica è migliorata rispetto alla versione precedente con i giocatori meno spigolosi e, grazie al supporto 3Dfx, con meno pixel mostrati nelle trame. La presentazione in-game segue uno script in stile TV, ingrandendo i giocatori e visualizzando le statistiche durante le interruzioni dell'orologio.
NHL All-Star Hockey (USA) (1S)	NHL All-Star Hockey è un gioco di hockey su ghiaccio su Saturno. Grazie alla licenza ufficiale NHL, trova tutte le tue squadre preferite e porta la tua preferita alla vittoria rigiocando la stagione a modo tuo. Indossa la casacca dell'allenatore e guida la tua squadra come vuoi, effettuando i trasferimenti dei giocatori o decidendo le sostituzioni durante la partita.
NHL All-Star Hockey 98 (USA)	NHL All-Star Hockey 98 è un gioco di hockey su ghiaccio pubblicato per Sega Saturn nel 1997. NHL All-Star Hockey 98 è stato annunciato come un sequel di NHL All-Star Hockey, ma è più un sequel della versione precedente di Radical Entertainment, NHL Powerplay '96. Lo stesso gioco esiste su PlayStation (pubblicato da Virgin Interactive) come NHL Powerplay 98.
NHL Powerplay '96 (USA)	Uno dei primi concorrenti della serie NHL di EA Sports, NHL Powerplay '96 offre giocatori catturati dal movimento, una licenza NHL Player's Association, una varietà di opzioni manageriali e la possibilità di giocare a stagioni e tornei. È il primo gioco della NHL a includere una modalità Torneo mondiale in cui i giocatori della NHL possono competere l'uno contro l'altro nelle rispettive squadre nazionali.
Night Striker S (Japan)	Night Striker è uno sparatutto in terza persona che ricorda Space Harrier. L'esperto di ottica laser Dr. Lindvery Maska e sua figlia sono stati rapiti da un gruppo terroristico e Dick Dagras, capo dell'Agenzia dei servizi speciali, sta mobilitando un gruppo di soldati d'élite esperti nell'uso di speciali auto blindate volanti, al fine di salvare Dr. Maska e distruggere questo gruppo terroristico.
Night Warriors - Darkstalkers' Revenge (USA)	I Darkstalkers tornano e ora bramano la furia di un combattimento della buona notte. In questa sfida di combattimento testa a testa, le creature dei tuoi incubi più oscuri combattono per il controllo eterno della notte. I classici preferiti infidi affrontano 4 nuovi sfidanti per il dominio totale. Donovan, il Cacciatore Oscuro. Huitzil, la macchina assassina. Hsien-Ko, il fantasma cinese. E Pyron, il sovrano alieno definitivo. La battaglia non è mai stata così intensa, con velocità più elevate, mosse più accattivanti e una grafica ancora più incredibile. Guerrieri della notte; il gioco dei tuoi sogni e dei tuoi incubi.
Nightruth - Explanation of the Paranormal - Futatsu dake no Shinjitsu (Japan)	Nightruth: Explanation of the Paranormal: &quot;Futatsu dake no Shinjitsu&quot; (“Le uniche due verità”) è il terzo e ultimo gioco della serie Nightruth, questa volta con protagonista la più giovane delle compagne di classe di Shinya, Ai Himekawa. La storia si concentra sui suoi poteri di precognizione e telecinesi, finora inspiegabili. Il gameplay è ancora una volta simile alla presentazione dell'avventura in stile romanzo visivo dei titoli precedenti, con sequenze di storia doppiate e illustrate che occasionalmente si diramano attraverso la scelta del giocatore in finali multipli. Tuttavia, anziché presentare storie di famosi fenomeni soprannaturali, questa volta l'attenzione si concentra esclusivamente sui personaggi principali e sulle loro storie personali.
Nightruth - Explanation of the Paranormal - Maria (Japan)	Questo particolare gioco è una storia secondaria basata sul personaggio, Maria.
Nightruth - Explanation of the Paranormal 01 - Yami no Tobira (Japan) (2M)	Nightruth #1: Explanation of the Paranormal è un gioco di avventura, sviluppato da Sonnet e pubblicato da Varie, che è stato rilasciato in Giappone nel 1996 per Sega Saturn. Il gioco è arrivato con un CD singolo contenente 2 tracce di musica vocale.
Nights into Dreams... (USA, Brazil)	Nights: Into Dreams... è un gioco di azione/avventura su Saturno che racconta la storia di due bambini, Elliot e Claris, vittime dei loro stessi incubi. Le notti poi sembrano condurli in un mondo onirico. Nights si ribellò al suo padrone, Wizeman, mentre quest'ultimo tentava di appropriarsi delle anime dei sognatori per controllare Nightopia, il mondo dei sogni. Tutti insieme intraprenderanno un viaggio al termine del quale distruggeranno Wizeman.
Nihon Daihyou Team no Kantoku ni Naruu! Sekaihatsu Soccer RPG - Become the Coach for the National Team! (Japan)	Diventate l'allenatore della nazionale di calcio giapponese, gestendo, allenando, commerciando e facendo tutto ciò che fa un allenatore e molto di più. Sviluppa una strategia per la tua squadra e viaggia in altri Paesi per scoprire grandi giocatori nascosti. Per ogni partita in uno stadio, è presente la copertura televisiva e i progressi tecnici della tua squadra.
Nihon Pro Mahjong Renmei Kounin - Doujou Yaburi (Japan)	Il gioco consente ai giocatori di giocare contro (indovinando) giocatori di mahjong giapponesi professionisti nella vita reale. Ognuno ha i propri punti di forza e di debolezza. Il gioco è uno dei giochi di mahjong più rari per Saturn.
Ninja Jajamaru-kun - Onigiri Ninpouchou Gold (Japan)	Il gioco stesso è un platform d'azione 3D abbastanza standard: basta arrivare alla fine del livello uccidendo i cattivi lungo la strada. Per impostazione predefinita, la fotocamera è sempre rivolta in avanti. Jajamaru si muove quindi automaticamente quando ti muovi a sinistra e a destra, il che lo rende molto più facile da controllare rispetto alla maggior parte dei giochi 3D. La vista ruota automaticamente di 90 gradi ogni volta che giri in un corridoio, ma puoi anche regolare la telecamera utilizzando i pulsanti di attivazione. Come nei vecchi giochi, le armi principali di Jajamaru sono i suoi shuriken, anche se puoi anche trovare una serie di incantesimi per attaccare tutti i nemici sullo schermo e così via.
Ninkuu - Tsuyokina Yatsura no Daigekitotsu! (Japan)	Si basa sulla serie anime Ninku del 1995. Il gioco è un combattente uno contro uno con una differenza. Mentre gli sfondi sono 3D, gli 8 personaggi principali sono 2D.
Ninpen Manmaru (Japan)	Ninpen Manmaru è un platform d'azione 3D basato sulla serie anime Ninpen Manmaru del 1997. L'obiettivo del gioco è guidare Ninpen nel mondo 3D per trovare l'uscita alla fine. Lungo la strada i giocatori devono evitare i vari ostacoli e le matite ambulanti. I primi livelli sono abbastanza facili con quelli successivi che richiedono un po' di riflessione per far sì che i giocatori li superino d'un pezzo.
Nissan Presents - Over Drivin' GT-R (Japan)	Over Drivin' GT-R è una versione fortemente localizzata di The Need for Speed, con tutte le auto sostituite da veicoli prodotti da Nissan Motor Company (più alcune con il marchio Datsun). I proprietari giapponesi di Saturn non hanno mai ricevuto The Need for Speed in sé. Sebbene gran parte del motore principale rimanga lo stesso di The Need for Speed, ci sono piccole modifiche al suono e sostituzioni di FMV e grafica.
No-appointment Gals Olympos (Japan)	Aponasi Gals Olympos è un gioco creato da Human per Sega Saturn nel 1996 in stile visual novel con il tema degli Dei e dei demoni dell'Olimpo. Sebbene il gioco sia un romanzo visivo con un'eccellente recitazione vocale giapponese, ha un sistema di combattimento in stile RPG su turni, puoi salire di livello e aggiungere nuovi attributi. Le battaglie si svolgono a turni, ma al posto dei colpi i personaggi si scambiano insulti e alla fine di ogni turno viene aggiunta un'azione a seconda dell'attributo della carta utilizzata.
Nobunaga no Yabou - Sengoku Gunyuuden (Japan)	L'ambizione di Nobunaga II è il seguito dell'ambizione di Nobunaga. L'ambientazione è il Giappone feudale del XVI secolo, un periodo in cui gli spietati daimyo (signori feudali) si contendevano il dominio. Il gioco proietta il giocatore come uno dei daimyo, consentendo loro la libertà di decidere il destino e il futuro del Giappone feudale, attraverso la diplomazia e infine la guerra. L'obiettivo è unificare il Giappone sotto il dominio del giocatore.
Nobunaga no Yabou Tenshouki (Japan)	Nobunaga no Yabou: Tenshouki (?Nobunaga's Ambition: Chronicles of the Ascension?) è il sesto gioco della serie Nobunaga's Ambition. Il giocatore assume ancora una volta il ruolo di un numero qualsiasi di daimyo, con l'intento di unire il Giappone sotto il loro dominio. Per portare a termine le attività, il giocatore deve spendere punti di potere guadagnato per avviare i comandi.
Noel 3 (Japan) (Demo)	Noël 3 è l'ultimo gioco della serie Noël. Questa volta il gioco è un po' diverso dai precedenti. La storia racconta che nella notte prima di Natale un gruppo di terroristi ha violato tutte le reti della città utilizzando un potente video, e ha occupato il liceo rapendo tutte le studentesse presenti. Tra gli ostaggi femminili ci sono tre ragazze che il giocatore conosce: Emi Sanokura, Kaho Shimizu e Yuka Okano (sì, sono le ragazze del primo gioco Noël). Il gameplay consiste nell'utilizzare il computer per distruggere il virus terroristico e ripulire la rete. Per farlo, il giocatore dovrà utilizzare i 3 antivirus creati da Yuka Okano e per usarli dovrà semplicemente scegliere di hackerarli in un riquadro della rete e selezionarli in quel riquadro della rete che è infetto, dopodiché apparirà una barra e premendo il pulsante al momento giusto si distruggerà il virus.
Noel 3 - Not Digital (Japan) (Disc 1)	Noël 3 è l'ultimo gioco della serie Noël. Questa volta il gioco è un po' diverso dai precedenti. La storia racconta che nella notte prima di Natale un gruppo di terroristi ha violato tutte le reti della città utilizzando un potente video, e ha occupato il liceo rapendo tutte le studentesse presenti. Tra gli ostaggi femminili ci sono tre ragazze che il giocatore conosce: Emi Sanokura, Kaho Shimizu e Yuka Okano (sì, sono le ragazze del primo gioco Noël). Il gameplay consiste nell'utilizzare il computer per distruggere il virus terroristico e ripulire la rete. Per farlo, il giocatore dovrà utilizzare i 3 antivirus creati da Yuka Okano e per usarli dovrà semplicemente scegliere di hackerarli in un riquadro della rete e selezionarli in quel riquadro della rete che è infetto, dopodiché apparirà una barra e premendo il pulsante al momento giusto si distruggerà il virus.
Nonomura Byouin no Hitobito (Japan)	Il direttore dell'ospedale Nonomura si è suicidato. O almeno così sembrerebbe a prima vista. Ma il detective privato Takumaro Kaibara non ne è così sicuro. Potrebbe trattarsi di suicidio, ma anche di omicidio. Per scoprire cosa è successo davvero, Kaibara si reca all'ospedale Nonomura. Kaibara è famoso non solo per le sue abilità di detective, ma anche per le sue capacità di seduzione. E sappiamo anche che l'ospedale Nonomura è pieno di belle infermiere. Per prendere due piccioni con una fava, Kaibara cerca di farsi strada nei cuori delle sexy infermiere, raccogliendo al contempo informazioni per l'indagine criminale. Riuscirà a fare entrambe le cose?
Noon (Japan) (Rev A)	l Noon è un puzzle game multiplayer che consente fino a quattro giocatori. Prende lo stile di gioco aereo di Bomberman e lo mescola con lo stile di gioco puzzle standard. Il tuo obiettivo è coprire il campo di gioco dei tuoi avversari con bombe. nnLe bombe vengono create collegando una fila di tre o più palline e attaccandole, facendole &quot;esplodere&quot; e facendole riapparire come bombe sul campo di gioco del tuo avversario. Questo si chiama mezzogiorno. Ci sono cinque diversi colori: arancione, giallo, verde, blu e multi/arcobaleno. Quando si allineano le palline, devono essere tutte dello stesso colore. L'unica eccezione sono le palline multicolori o arcobaleno che puoi mescolare con qualsiasi altro colore. Le palle arcobaleno sono la chiave per i mezzogiorno arcobaleno. Questi sono come il normale mezzogiorno solo quando la palla o le palle arcobaleno esplodono, anche le palle adiacenti esplodono, indipendentemente dal colore.
Norse by Norsewest - The Return of the Lost Vikings (USA)	The Lost Vikings 2 è un videogioco a piattaforme puzzle sviluppato da Blizzard Entertainment e pubblicato da Interplay Il sequel di The Lost Vikings, presenta i tre personaggi originali più due nuovi personaggi giocabili, Fang il lupo e Scorch il drago. Tuttavia, per evitare di diventare troppo complesso, il gioco consente al giocatore di controllare solo tre dei cinque personaggi in ogni livello. Il gameplay rimane in gran parte lo stesso, sebbene i personaggi preesistenti abbiano tutti abilità nuove o modificate.
Ochigee Designer Tsukutte Pon! (Japan)	Ochige Designer Tsukutte pon! è un pezzo del software Sega Saturn che consente agli utenti di creare i propri giochi di puzzle. È uscito solo in Giappone. Il software offre una vasta gamma di stili che gli utenti possono creare, da Puyo Puyo a giochi in stile Puzzle Bobble. Gli utenti possono anche progettare la propria grafica.
Off-World Interceptor Extreme (USA)	Interpreti un Trashman, un cacciatore di taglie pagato per catturare la feccia criminale che si nasconde su mondi alieni ostili. nnIl tuo compito è quello di guidare il boss del crimine nemico fino alla fine, facendo esplodere i suoi scagnozzi lungo la strada. Fatti saltare in aria o guida troppo lentamente e il capo scappa. Ma se arrivi al punto di controllo in tempo, blocchi la fuga del boss e lo intrappoli sul pianeta. nnPuoi aggiornare il tuo veicolo con il denaro delle tue taglie. Puoi anche affrontare un amico nella modalità deathmatch a schermo diviso verticale. nnLa caratteristica più unica di Off-World Interceptor è la trama, raccontata in video full-motion. Norma per l'epoca. Ma l'FMV di OWIE è deriso da un paio di ragazzi seduti su delle sedie, alla Mystery Science Theatre 3000.
Oh-chan no Oekaki Logic (Japan)	Oh-chan no Oekaki Logic è un puzzle game nonogram (noto anche come Picross) con mascotte anime. Il gioco aggiunge una modalità storia in cui è protagonista il personaggio titolare, l'amico di Hebereke che è apparso per la prima volta in Ufouria: The Saga. Oh-Chan, che rappresenta il giocatore, compete con altri personaggi anime blobby nel trovare immagini nascoste nelle griglie nonogram.
Ojousama Express (Japan) (Disc 1)	Ojousama Tokkyuu è un gioco di visual novel per Sega Saturn. L'espresso limitato ultra lusso Vega sta attraversando il Giappone in 15 giorni dal 1 al 15 agosto da Hokkaido a Kyushu fermandosi ad ogni stazione per 24 ore. Il protagonista cavalca questo espresso e parte per un viaggio senza meta.
Ojousama o Nerae!! (Japan)	Ojousama wo Nerae!! è un gioco di incontri per adulti con sia adolescenti che un paio di fanciulle anziane. L'interfaccia segue il formato Tokimeki standard con una porzione di conversazione in cui i giocatori coinvolgono l'obiettivo della loro interazione in conversazioni e azioni. Il resto dello schermo è occupato dal personaggio animato di una ragazza. Le sue espressioni facciali e l'atteggiamento nei confronti dei giocatori cambieranno a seconda del loro livello di abilità sociali.
Okudera Yasuhiko no Sekai o Mezase! Soccer Kids - Nyuumon-hen (Japan)	Okudera Yasuhiko no Sekai wo Mezase! Soccer Kids: Nyuumon Hen è un gioco educativo sviluppato da JAMP e pubblicato da Fujitsu Parex per Sega Saturn. Ha lo scopo di insegnare ai bambini il calcio e presenta l'ex calciatore giapponese Yasuhiko Okudera, che era manager del JEF United Ichihara Chiba quando il gioco è stato rilasciato.
Olympic Soccer (USA)	Olympic Soccer è un gioco di calcio legato ai Giochi Olimpici di Atlanta 1996. Il giocatore può scegliere una delle 33 squadre e partecipare a partite di esibizione, arcade (un torneo a eliminazione diretta a 32 squadre), olimpico (il torneo a 16 squadre che imita il torneo vero e proprio) o giocare in un campionato tutti contro tutti (da 3 a 16 squadre). I giochi presentano le solite opzioni che si trovano nei giochi contemporanei, come la durata delle partite e le regole del sorteggio, oltre a definire diversi modelli meteorologici.
Omakase! Savers (Japan)	Omakase! Savers: la spettrale avventura di Saturno ispirata a Magic Knight RayearthnnOmakase! Savers è stato sviluppato da Japan Media Programming, una società ormai defunta nota per molti altri giochi di avventura e sim di appuntamenti per Saturn e Mega Drive. Questo gioco non è mai uscito dalla nazione insulare, non ha mai abbellito un'altra piattaforma di videogiochi e non sembra avere alcun seguito. È stato rilasciato in Giappone il 23 febbraio 1996. Probabilmente avrete notato alcuni personaggi di Sonic the Hedgehog nell'introduzione. Questo è un gioco pubblicato da Sega, ricco di altri riferimenti sia a Sonic che allo stesso Sega Saturn. Inizi la tua avventura giocando nei panni di tre ragazze magiche. nn&quot;(Le tre ragazze) si imbattono in un artefatto di 400 anni che conferisce loro poteri magici e il compito di rintracciare vari yōkai che sono stati liberati nella loro città&quot;, ha descritto Jason. nnSimile a Magic Knight Rayearth, controlli le ragazze in una familiare prospettiva 2D dall'alto verso il basso con sprite dall'aspetto chibi. C'è una discreta quantità di trama e dialoghi, ma l'esperienza è ancora appetibile se non riesci a leggerla. La sua progressione è facile da seguire e ci sono un sacco di filmati selvaggi in full motion per farti divertire. A volte i fantasmi rubano torte, mentre altre infestano i quadri di una mostra d'arte. Possono essere fermati solo da quelli come queste tre ragazze magiche.
Ooedo Renaissance (Japan)	OoEdo Renaissance è fondamentalmente un gioco di gestione della città ambientato nel periodo Edo. Il gioco presenta un sacco di testo.
Oracle no Houseki - Jewels of the Oracle (Japan) (En,Ja,Fr,De)	Jewels of the Oracle on Saturn è una serie di puzzle game non particolarmente legati da una storia. Il tuo obiettivo è semplicemente risolvere 24 enigmi per raccogliere gemme da portare all'oracolo.
Ousama Game (Japan) (Disc 1) (Ichigo Disc)	Ousama Game è un videogioco di azione/riflesso erotico per giocatore singolo per Saturn, pubblicato nel 1998 dalla Societa Daikanyama. Otto donne sono protagoniste del gioco con semplici mini giochi in cui i giocatori ottengono ricompense sostanziali per il loro completamento.
P.T.O. - Pacific Theater of Operations II (USA)	P.T.O. II: Pacific Theater of Operations è un gioco di strategia a turni. Il secondo episodio della serie si basa sui punti di forza del primo, aggiungendo tre nuovi grandi scenari e sette più brevi. Tutte le battaglie si svolgono ancora una volta durante il conflitto della Seconda Guerra Mondiale e più precisamente nell'Oceano Pacifico. Come nell'episodio precedente, dovrete gestire l'intero esercito e annientare le forze nemiche. Si noti che anche in questo caso è possibile giocare con un secondo giocatore.
Pachinko Hall - Shinsou Daikaiten (Japan)	Nel gioco, il giocatore diventa un manager di una sala pachinko. L'obiettivo è soddisfare i clienti e aumentare il profitto del negozio per sviluppare successivamente negozi più grandi.
Pandemonium! (USA)	La giovane maga Nikki, il buffone di corte Fargus e il suo aiutante Sid il burattino sono i tre principali protagonisti di questo gioco platform 3D. Durante un seminario &quot;Maghi in addestramento&quot;, Nikki lancia accidentalmente un potente incantesimo magico, che si traduce in mostri giganti che inghiottono l'intero villaggio. I tre amici devono ora recarsi in un luogo chiamato &quot;Wishing Engine&quot; e ricevere il desiderio di riportare il mondo alla normalità.
Paneltia Story - Koeln no Daibouken (Japan)	Paneltia Story: Karen no Daibouken è un gioco di ruolo del 1997. Nel gioco, invece di spostarsi in un mondo di gioco predefinito, i giocatori costruiscono il mondo di gioco mentre vanno. I giocatori hanno una vista dall'alto, simile a una battaglia in prima persona in stile Dragon-Quest con sprite di mostri statici. Ogni livello inizia come un grande vuoto vuoto con una città che galleggia al suo interno, anche se quando i giocatori iniziano, la città è solo una locanda e un piccolo negozio.
Panic-chan (Japan) (Rev A) (10M)	Kengo lavora part-time in un videonoleggio. Un giorno, quando il direttore del negozio gli chiede di creare un volantino per il reclutamento di nuovi lavoratori, sullo schermo appare improvvisamente una bella ragazza. Si è buttata dallo schermo sul pavimento e si è presentata come Panic-chan. La vita monotona di Kengo e del direttore del negozio subirà d'ora in poi molti cambiamenti.
Panzer Dragoon (USA) (1S)	Mille anni nel futuro, vivi nella costante paura del Drago Oscuro e dei suoi giganteschi eserciti di insetti cyborg. Armato di un'arma mortale dell'antico passato e della guida del tuo drago blu corazzato, devi salvare la tua gente da sciami infiniti di nemici mortali. Compi il tuo destino e impedisci al Drago Oscuro di raggiungere la torre; o morire provandoci.
Panzer Dragoon II Zwei (USA)	Torna indietro a diversi anni prima della feroce battaglia contro l'impero in Panzer Dragoon 1. Nel paese di Machania, i draghi vengono allevati per l'uso esclusivo dei dragoni, o cavalieri. I draghi con le ali vengono normalmente giustiziati in quanto ritenuti di cattivo auspicio dai cittadini. Nella guerra con l'Impero, Machania ha iniziato a esaminare i modi antichi piuttosto che cercare di combattere una guerra inutile usando i progressi tecnologici. L'Impero è tecnologicamente più avanzato. Randy, l'eroe, e il suo nuovo amico, il drago che ha salvato, vogliono cambiare le sorti della battaglia.
Panzer Dragoon Saga (USA) (Disc 1)	Panzer Dragoon Saga è ambientato nello stesso universo degli altri giochi Panzer Dragoon, ma differisce dal resto della serie per i forti elementi di gioco di ruolo. L'eroe del gioco è Edge, uno dei soldati del potente Impero. L'Impero ha recentemente ordinato degli scavi presso antiche rovine, cercando di scoprire il segreto di un'antica tecnologia molto superiore a quella dei tempi attuali. Durante i lavori di scavo, Edge incontra una misteriosa ragazza. Poi assiste all'omicidio del suo capitano e di altri soldati da parte di Crayden, uno degli ufficiali dell'Impero. Entrato in contatto con un antico drago, Edge inizia a vagare per il mondo, determinato a trovare Crayden e a vendicare la morte dei suoi compagni. Nessuno lo aiuta tranne il suo fedele drago. Ma anche l'Impero sta cercando Crayden, quindi sembrano esserci almeno tre parti in conflitto... o ce ne sono di più?
Pappara Paoon (Japan) (2M)	Pappara Paoon è un puzzle game pubblicato per Sega Saturn esclusivamente in Giappone. Un ossatura molto spoglia, quello che vedi è quello che ottieni tipo di puzzle. C'è una modalità vs CPU e una modalità 2P. Spari &quot;blocchi&quot; colorati (che vanno dai triangoli ai cerchi, ecc.) al lato dello schermo, cercando di &quot;spingere&quot; il tuo avversario. È un concetto a metà interessante. Se ti è piaciuto giocare a &quot;connect four&quot; crescendo (lo so che l'ho fatto) immagino che ci siano alcune somiglianze. Colleghi quattro o più colori simili per far scoppiare i blocchi. Non è un gioco terribile di per sé, non è poi così eccitante o avvincente.
Parodius (Europe)	La serie Parodius è una serie di sparatutto a scorrimento orizzontale sviluppati da Konami. I giochi sono parodie ironiche di Gradius, da cui il nome (Parodius è un portmanteau di Parody e Gradius). Fa anche la parodia di molti altri franchise Konami, tra cui Antarctic Adventure, Castlevania, Xexex, Axelay, Thunder Cross, Taisen Puzzle-Dama, Space Manbow, Ganbare Goemon, Lethal Enforcers, R-Type, Tokimeki Memorial e TwinBee.
Pastel Muses (Japan)	Pastel Muse è un puzzle game in cui spari palline colorate lungo un pendio per abbinarle alla pila di palline in fondo. La premessa è simile a giochi come Puzzle Bobble, ma con una differenza. Qui non solo controlli la mira, ma anche la forza con cui colpisci la palla, facendola scorrere in un arco attraverso il campo di gioco e giù per il pendio. Inoltre, quando fai sparire le palline, le palline rimanenti cadono più in basso lungo il pendio usando una fisica piuttosto buona. Puoi giocare nelle consuete varietà di modalità Storia, modalità vs e modalità infinita che si trovano solitamente in questo tipo di puzzle.
PD Ultraman Link (Japan)	Sembra essere un puzzle game a blocchi che cadono in cui colleghi tre o più pezzi dello stesso colore che si collegano in modi predefiniti. Puzzle a tema Ultraman e amici super deformi in cui devi allineare le capsule per creare una catena. Sono possibili alcune combo molto soddisfacenti in un gioco che ti cattura lentamente man mano che ti abitui allo stile insolito, ma rinfrescante.
Pebble Beach Golf Links (USA)	I veri classici del golf: Pebble Beach Golf Links è, come suggerisce il nome, una partita di golf su Saturno. Scegli il tuo carrello e parti per uno dei percorsi più famosi al mondo. Pebble Beach e il suo famoso campo fronte mare ti aspettano con le sue diciotto buche che richiedono forza e precisione. Il giocatore porterà il suo golfista alla vittoria premendo i vari indicatori al momento giusto.
Pebble Beach Golf Links - Stadler ni Chousen (Japan)	I veri classici del golf: Pebble Beach Golf Links è, come suggerisce il nome, una partita di golf su Saturno. Scegli il tuo carrello e parti per uno dei percorsi più famosi al mondo. Pebble Beach e il suo famoso campo fronte mare ti aspettano con le sue diciotto buche che richiedono forza e precisione. Il giocatore porterà il suo golfista alla vittoria premendo i vari indicatori al momento giusto.
PGA Tour 97 (USA)	I giocatori possono scegliere di giocare come uno dei quattordici golfisti professionisti come Fuzzy Zoeller e Jim Gallagher Jr. o scegliere di creare il proprio golfista dando loro un nome e scegliendo l'aspetto del loro golfista dai pochi ritratti disponibili. I giocatori sono quindi in grado di selezionare il tipo di modalità di gioco a cui vogliono giocare. Le modalità di gioco includono la possibilità per il giocatore di esercitarsi in una partita di golf, competere in un torneo, fare una sparatoria o competere in una partita di skin.
Phantasm (Japan) (Disc 1)	È la storia di Adrienne Delaney (Victoria Morsell), una scrittrice che si trasferisce in una villa isolata e si ritrova terrorizzata da forze soprannaturali. È stato realizzato all'apice della popolarità dei giochi cinematografici interattivi e presenta attori e filmati in carne e ossa, sia durante le scene cinematografiche che all'interno degli ambienti tridimensionali del gioco stesso. È stato notato per la violenza e i contenuti sessuali.
Photo Genic (Japan)	Photo Genic è un simulatore di incontri del 1998. Il giocatore controlla un ragazzo che trova lavoro come fotografo. L'obiettivo principale del gioco è migliorare le statistiche del ragazzo e le abilità fotografiche per farlo conquistare il cuore di una delle ragazze della città. Durante il gioco il giocatore deve prendere decisioni su ciò che il suo personaggio dovrà fare ogni settimana (fare ginnastica, studiare, fare un altro lavoro, ecc.) per migliorare le sue statistiche. Il gioco è arrivato con un mini CD audio.
Photograph of a Crime, The - Hankou Shashin - Shibarareta Shoujotachi no Mita Mono wa (Japan)	Hankou Shashin (?Photograph of a Crime?) è un gioco di avventura/romanzo sonoro. Il gioco è basato su un omicidio in un hotel di campagna dove si trovano 3 adolescenti. Quindi spetta ai giocatori scoprire cosa è successo e vedere un po' di pelle da adolescente.
Pia Carrot e Youkoso!! 2 (Japan) (Disc 1) (Game Disc) (1M)	Pia Carota e Youkoso!! 2 è nato su PC nel 1997 come gioco di simulazione di romanzo visivo per adulti. L'anno successivo il gioco è uscito anche su Sega Saturn. Il gioco è stato successivamente portato su Dreamcast, pubblicato con il titolo Pia Carrot e Y?koso!! 2.5, ma il port ha rimosso tutti i contenuti per adulti e ridotto la valutazione a tutte le età. È un sequel di Pia Carrot e Youkoso!!, ed è stato rilasciato insieme all'anime Welcome to Pia Carrot del 1998.
Pia Carrot e Youkoso!! We've Been Waiting for You (Japan)	Nella simulazione di appuntamenti, Pia Carrot e Youkoso!!, il giocatore controlla Yusuke Kinoshita, uno studente giapponese di 18 anni delle superiori. Ha intenzione di fare una bella vacanza estiva, ma si rende conto di non avere soldi. Non avendo scelta, trova lavoro nel ristorante di suo padre, ?Pia Carrot?. Inizia così un'avventura in cui conosce tante belle ragazze al ristorante, e deve decidere quale è l'amore della sua vita.
PictFlash Don Don (Japan)	Pict Flash Dondon è un software educativo per bambini da 1 a 6 anni.
Pinball Graffiti (Europe)	Pinball Graffiti è un gioco di flipper Sega Saturn. A differenza degli altri suoi rivali Saturn, Pinball Graffiti è reso interamente in 3D e può quindi offrire diverse interessanti modalità della fotocamera (come una &quot;ball cam&quot;) che la maggior parte degli altri giochi di flipper non è in grado di fornire. Pinball Graffiti è rimasto un'esclusiva Saturn e non è stato ancora portato su altre piattaforme.
Planet Joker (Japan)	Il gioco si svolge con un orientamento inclinato verticalmente, molto vicino a Silpheed. Ci sono momenti in cui si inclina di meno o di più, a seconda del nemico che stai affrontando. Tutto è reso con poligoni in un ambiente 3D, dai nemici popcorn ai boss agli sfondi. È evidente che Planet Joker ha un'atmosfera epica che alla fine non ha eguali nel gioco stesso, con un design generale che evoca vecchie serie di anime come Gloizer X. nnDopo aver scelto uno dei sette enormi robot disponibili, il giocatore deve attraversare sette fasi di azione piuttosto ripetitiva. I personaggi del mecha differiscono per potenza, velocità, difesa e &quot;carica&quot;, che è sicuramente correlata alla velocità con cui la funzione scudo si ricarica dopo essere stata utilizzata. Questo scudo rende il giocatore invincibile mentre è attivo e può essere riutilizzato solo dopo che la barra dello scudo è stata completamente ricaricata.
Playboy - Karaoke Collection Volume 1 (Japan)	Playboy Karaoke Collection Volume è un video musicale di karaoke del 1996 con i modelli di Playboy in sottofondo. È stato rilasciato da VIC Tokai per Sega Saturn esclusivamente in Giappone.
Playboy - Karaoke Collection Volume 2 (Japan) (2M)	Playboy Karaoke Collection Volume 2 è un video musicale karaoke del 1996 con le conigliette di Playboy sullo sfondo. È stato rilasciato da VIC Tokai per Sega Saturn esclusivamente in Giappone.
Pocket Fighter (Japan)	Cosa succede quando prendi diversi combattenti della Capcom, li riduci in versione chibi (piccole o SD) e dai loro un'intera collezione di mosse stravaganti e costumi esagerati? nnOttieni Pocket Fighter! nnAffronta uno dei tanti personaggi Capcom in miniatura in questo gioco di combattimento stravagante e colorato.
Policenauts (Japan) (Disc 1)	Policenauts sur Saturn è un gioco di azione/avventura creato da Hideo Kojima, regista della serie Metal Gear. Il titolo, il cui eroe principale si chiama Jonathan Ingram, è un gioco di avventura in prima persona con alcune sequenze di tiro. Il personaggio centrale, un membro dei Policenauts (astronauti che hanno ricevuto addestramento militare), dovrà risolvere molti misteri per proteggere la prima colonia spaziale in questo buon anno 2013.
Popoitto Hebereke (Japan)	Il Popoitto di Hebereke è una variante di Tetris. L'obiettivo in ogni livello è rimuovere i blocchi già presenti sul campo di gioco, che rappresentano i personaggi del franchise. Altri blocchi cadono dalla parte superiore dello schermo e devono essere guidati nel punto giusto prima di toccare il suolo o un altro blocco. Quando quattro o più blocchi uguali sono insieme, svaniscono. Il problema di questa variante è che i blocchi che devono essere rimossi si muovono sul campo di gioco. Il giocatore assume il ruolo del pinguino Hebereke che vuole vincere un torneo contro i suoi amici.
Powerslave (USA)	Destinazione: l'antica città egiziana di Karnak. Le forze aliene in possesso di poteri orribili hanno sigillato la comunità un tempo fiorente da ogni contatto esterno. In qualità di specialista in operazioni segrete, sei stato addestrato per tutte le forme di contingenza. Niente può prepararti, però, all'incubo in cui stai per entrare. Venti+ livelli di gioco non-stop attraverso un'antica città egiziana e la tomba del faraone Ramses. Il gameplay renderizzato completamente in 3D in tempo reale ti consente di spostarti tra più piani all'interno di un singolo livello. Attraversa ponti, striscia attraverso i tunnel e nuota attraverso grotte sottomarine.
PriKura (Princess Kurara) Daisakusen (Japan)	Purikura Daisakusen è un gioco arcade creato da Atlus e distribuito da Traveller's Tales. Purikura è l'abbreviazione di &quot;Principessa Kurara&quot; dalla serie di giochi Power Instinct, protagonista di questo sparatutto d'azione. È stato rilasciato nelle sale giochi nel 1996 e ha ricevuto un porting per Sega Saturn nel corso dell'anno.
Primal Rage (USA)	Una meteora colpì la Terra e causò un grande caos. Sette dei dei tempi antichi si sono svegliati e ora stanno tentando di prendere il controllo del mondo post-apocalittico. nnPrimal Rage è un gioco di combattimento uno contro uno con dinosauri e scimmie giganti come combattenti. La grafica è realizzata con animazione stop-motion digitalizzata. Il gameplay è simile a Mortal Kombat in quanto è visto da una prospettiva laterale e presenta mosse finali mortali alla fine della partita.
Princess Crown (Japan) (1M)	La Principessa Corona su Saturno ti mette nei panni della Principessa Gradriel, venuta a reclamare il regno dopo la morte di sua madre, la Regina di Valendria. In questo gioco di ruolo d'azione platform a scorrimento laterale, dovrai sventare i piani di uno spirito malvagio che vuole la fine del mondo.
Princess Maker - Yumemiru Yousei (Japan)	Questo è il quarto della serie di simulazione Princess Maker di Gainax. Una giovane fata vuole diventare una principessa umana. Decide di farla rinascere come principessa e affida il suo futuro ai giocatori. Sono loro i responsabili di ciò che diventerà la piccola principessa. Possono darle una buona educazione, farle studiare molto, combattere, sviluppare il suo senso per le arti, ecc.
Princess Maker 2 (Japan) (1M)	Un eroe salvò la razza umana dall'annientamento totale da parte degli dei. Questo stesso eroe è stato poi incaricato dal cielo di prendersi cura di un giovane seme caduto da lì. Questo seme diventa sua figlia e il suo tutore ne seguirà i progressi. In Princess Maker 2 il giocatore assume il ruolo di padre della figlia benedetta dal cielo. Per i prossimi otto anni, l'eroe la nutrirà e la guiderà nel percorso che il giocatore sceglierà. È possibile scegliere il percorso della figlia influenzata dallo zodiaco, assegnandole lavori e scuole che aumenteranno le sue statistiche (forza, abilità di combattimento, cucina, fede, ecc.) Ogni mese permette al giocatore di designare tre diversi compiti da svolgere. L'equilibrio tra sviluppo del personaggio, livello di stress, salute e reddito finanziario è il fulcro del gioco.
Princess Quest (Japan)	Cinque principesse dei regni circostanti visitano il castello di Granmalnie, ma il giovane principe Tapioca non mostra molto interesse. Nel frattempo, qualcuno se ne va con un oggetto di valore. La regina Madeleine assume un giovane spadaccino di nome Willow per indagare sul furto. A Willow si unisce Pal, una creatura magica che trasforma Willow in una ragazza, di nome Will. Utilizzando questo travestimento, Willow cerca di guadagnarsi la fiducia delle principesse, nella speranza di determinare il responsabile del furto.
Prisoner of Ice - Jashin Kourin (Japan)	Prisoner of Ice: Jashin Kourin, noto anche come Prisoner of Ice, o Call of Cthulhu: Prisoner of Ice, è un gioco di avventura punta e clicca originariamente pubblicato per PC e Macintosh nel 1995. Si basa su Cthulhu Mythos di HP Lovecraft, in particolare At the Mountains of Madness, ed è il seguito del precedente Shadow of the Comet di Infogrames.
Pro Mahjong Kiwame-S (Japan)	Pro Mahjong Kiwame S è un gioco di mahjong rilasciato sia per l'hardware arcade Sega Titan Video che per Sega Saturn. Il gioco fa parte della grande serie Pro Mahjong Kiwame che si concentra sul gioco mahjong di alto livello.
Pro Yakyuu Greatest Nine '97 (Japan) (Rev A)	Pro Yakyuu Greatest Nine 97 fa parte della serie Pro Yakyuu Greatest Nine Baseball. I giochi si svolgono per lo più allo stesso modo e seguono la stessa configurazione di controllo di base della maggior parte dei titoli di baseball rilasciati all'epoca. Il lanciatore lancia all'interno di una piccola area e il battitore cerca di colpire la palla all'interno della stessa area. Il lanciatore può scegliere tra quattro diversi stili di lancio e ogni lanciatore ha sia punti di forza che di debolezza, mentre lo stesso vale anche per i battitori.
Pro Yakyuu Greatest Nine '97 - Make Miracle (Japan)	Pro Yakyuu Greatest Nine 97 Make Miracle è un aggiornamento di Pro Yakyuu Greatest Nine 97. Gli aggiornamenti includono correzioni del gioco precedente. Ha anche permesso di cambiare il punto di vista durante il gioco.
Pro Yakyuu Greatest Nine '98 (Japan) (Rev A)	Un'altra entrata nella serie Pro Yakyuu Greatest Nine Baseball. In questo gioco, i giocatori hanno l'opzione di un'esibizione, una stagione o una partita di playoff, nonché una gara di homerun.
Pro Yakyuu Team mo Tsukurou! (Japan)	Pro Yakyuu Team di Tsukurou! è una versione Sega Saturn della serie Let's Make. È stata la prima voce di baseball della serie (mo tsukurou significa lo facciamo anche noi?), ed è stata seguita da Pro Yakyuu Team o Tsukurou! sul Dreamcast.
Pro-Pinball (USA)	In questa simulazione di flipper, giochi su un tavolo chiamato &quot;The Web&quot;. Con l'aiuto di tre pinne, devi mandare la palla nelle varie aperture, botole e rampe. Se giochi particolarmente bene, puoi ottenere vari bonus (come più palline da battere contemporaneamente). Alcuni dei bersagli attivano missioni speciali quando li colpisci con una palla. Queste missioni variano dal mirare a bersagli specifici al giocare a minigiochi, come sparare agli asteroidi. Dopo aver completato cinque missioni, potrai affrontare la Regina Oscura, l'antagonista fuori campo del gioco.
Pro-Pinball - The Web (Europe)	In questa simulazione di flipper, giochi su un tavolo chiamato &quot;The Web&quot;. Con l'aiuto di tre pinne, devi mandare la palla nelle varie aperture, botole e rampe. Se giochi particolarmente bene, puoi ottenere vari bonus (come più palline da battere contemporaneamente). Alcuni dei bersagli attivano missioni speciali quando li colpisci con una palla. Queste missioni variano dal mirare a bersagli specifici al giocare a minigiochi, come sparare agli asteroidi. Dopo aver completato cinque missioni, potrai affrontare la Regina Oscura, l'antagonista fuori campo del gioco.
Psychotron, The (Japan)	The Psychotron è un videogioco di avventura in full motion originariamente pubblicato per Windows nel 1994. Il gioco è ambientato in un selvaggio ambiente texano. Una sorta di gioco di tipo Mission Impossible. Il giocatore è stato incaricato dal presidente degli Stati Uniti e dall'FBI di scoprire un progetto scientifico ufficiale mancante. Il gioco offre al giocatore diversi puzzle, sequenze di giochi di carte e da tavolo.
Pup-Breeder (Japan)	Pup-Breeder è una simulazione di allevamento di vita. Nel gioco, i giocatori iniziano con la scelta del tipo di creatura che desiderano, quindi le inseriscono nel mondo 3D. Successivamente possono guidarli nell'uso dei vari comandi mostrati intorno alla creatura.
Puyo Puyo Sun (Japan) (2M)	Puyo Puyo Sun on Saturn è un puzzle game vicino a Tetris, pur apportando il suo tocco di originalità. Dovrai impilare coppie di puyo colorati che andranno direttamente al tuo avversario in grigio quando ne avrai impilati 4 o più. Sta a te creare combo per inviare un massimo di queste piccole gelatine multicolori!
Puyo Puyo Sun for SegaNet (Japan)	Puyo Puyo Sun on Saturn è un puzzle game vicino a Tetris, pur apportando il suo tocco di originalità. Dovrai impilare coppie di puyo colorati che andranno direttamente al tuo avversario in grigio quando ne avrai impilati 4 o più. Sta a te creare combo per inviare un massimo di queste piccole gelatine multicolori!
Puyo Puyo Tsuu (Japan) (3M)	Puyo Puyo Tsu è la seconda puntata dei giochi Puyo Puyo; il seguito di Puyo Puyo, realizzato nel 1994 da Compile. Compile ha riflettuto di più su questo gioco dopo che il suo predecessore ha avuto successo, ma non ha mai saputo quale svolta avrebbe portato il gioco.
Puzzle Bobble 2X (Japan) (2M2)	Bust-A-Move 2: Arcade Edition, conosciuto in Giappone come Puzzle Bobble 2X è il sequel della versione arcade di Bust-A-Move. Come il suo prequel, anche Bust-A-Move 2 ha iniziato la sua vita nelle sale giochi, ma è stato portato su console domestiche, incluso il Sega Saturn nel 1996. Bust-A-Move 2 aggiunge punti base alla serie come la ramificazione, in stile torneo gameplay quando si gioca contro il computer. C'è anche un editor di livelli. Nonostante il nome, Bust-A-Move 2: Arcade Edition è un leggero aggiornamento dello standard Bust-A-Move 2 rilasciato per altre console. Include un set alternativo di livelli oltre all'originale
Puzzle Bobble 3 (Japan) (1M)	Collega 3 o più bolle colorate sparando a una bolla dello stesso colore. Quando si uniscono, scoppiano. nnQuesto gioco abbandona completamente l'idea dei titoli precedenti che il campo di gioco venga spinto verso il basso da una sorta di dispositivo meccanico e attacca invece gruppi di bolle a nodi che si muovono verso il basso. Quando un nodo non è più connesso a nessuna bolla, scomparirà e quando tutti i nodi di un livello saranno scomparsi, il livello sarà completo. Un risultato di questo cambiamento che può sembrare strano ai giocatori delle versioni precedenti è che sparare a una bolla nella parte superiore del campo di gioco visibile senza colpire alcuna bolla la fa rimbalzare e inizia a tornare verso il basso. Il giocatore non è penalizzato se tali bolle lasciano di nuovo il campo di gioco senza attaccarsi a nulla (tranne che per aumentare il numero di mosse fino a quando il campo non viene spinto verso il basso di una linea vuota).
Puzzle Bobble 3 for SegaNet (Japan)	Collega 3 o più bolle colorate sparando a una bolla dello stesso colore. Quando si uniscono, scoppiano. nnQuesto gioco abbandona completamente l'idea dei titoli precedenti che il campo di gioco venga spinto verso il basso da una sorta di dispositivo meccanico e attacca invece gruppi di bolle a nodi che si muovono verso il basso. Quando un nodo non è più connesso a nessuna bolla, scomparirà e quando tutti i nodi di un livello saranno scomparsi, il livello sarà completo. Un risultato di questo cambiamento che può sembrare strano ai giocatori delle versioni precedenti è che sparare a una bolla nella parte superiore del campo di gioco visibile senza colpire alcuna bolla la fa rimbalzare e inizia a tornare verso il basso. Il giocatore non è penalizzato se tali bolle lasciano di nuovo il campo di gioco senza attaccarsi a nulla (tranne che per aumentare il numero di mosse fino a quando il campo non viene spinto verso il basso di una linea vuota).
Pyon Pyon Kyaruru no Mahjong Biyori (Japan) (2M)	Mahjong con simpatici personaggi in stile anime. È uscito solo in Giappone.
Quake (USA)	Quake è un gioco sparatutto in prima persona su Saturno. L'umanità è riuscita a inventare il teletrasporto. Tuttavia, grandi percorsi sono aperti a universi paralleli e demoni dalle profondità dell'inferno hanno preso questi percorsi. Nella pelle di un marine spaziale devi raccogliere quattro rune magiche per respingere gli alieni. Sono disponibili diverse modalità multiplayer.
Quantum Gate I - Akumu no Joshou (Japan)	Quantum Gate I: Akumu no Joshou è un port del gioco per PC del 1993 Quantum Gate. Il seguito di quel gioco, The Vortex: Quantum Gate II è stato rilasciato prima di questo porting di Saturno, da qui l'?I? distintivo; sembra che sia stato pianificato anche un porting di quel gioco. Il giocatore assume il ruolo del soldato semplice Drew Griffin, uno studente di medicina dell'esercito nell'anno 2057 che viene reclutato dalle Nazioni Unite in una missione segreta in un mondo alieno dove l'acqua scarseggia.
Quarterback Attack (USA)	Quarterback Attack con Mike Ditka è un gioco di calcio del 1995 pubblicato da Digital Pictures per Sega Saturn, 3DO e DOS. Presenta Mike Ditka come capo allenatore della squadra del giocatore. L'unico giocatore che i giocatori possono controllare è il quarterback e la difesa è rappresentata in full motion video.
Quiz Nanairo Dreams - Nijiiro-chou no Kiseki (Japan)	Quiz Nanairo Dreams: Nijiiro-ch? no Kiseki (?Quiz Seven Color Dreams - Miracle of Rainbow Color Village?) è un gioco a quiz/simulazione di appuntamenti prodotto da Capcom che è stato rilasciato per la prima volta nel 1996 come gioco arcade a gettoni in esecuzione sulla piattaforma CP System II. Versioni console per PlayStation e Sega Saturn il 27 giugno 1997. È stato rilasciato solo in Giappone.
QuoVadis (Japan)	QuoVadis è un gioco di simulazione di strategia pubblicato da Grams per Sega Saturn nel 1995 e PlayStation nel 1997. Le battaglie sono ambientate su una mappa esagonale.
QuoVadis 2 - Wakusei Kyoushuu Ovan Rei (Japan) (Disc 1)	QuoVadis 2: Wakusei Kyoushuu Ovan Rei è un gioco di simulazione per Sega Saturn e sequel di QuoVadis. Il gameplay è per lo più lo stesso e segue la storia del primo gioco.
Rabbit (Japan)	Rabbit è un gioco di combattimento in 2D, con una grafica colorata da cartone animato. Il gioco ha 8 personaggi giocabili: Wu Ling (coniglio), Tien-Ren (falco), Otto (bue), Hou-En (lupo), Ja-Koh (serpente), Yu-Lan (volpe), Rex (tigre) e Eddy (cinghiale). Il giocatore sceglie uno di questi eroi e deve sconfiggere tutti gli avversari, più il boss finale. nnOgni personaggio ha uno speciale spirito animale che aiuta con la battaglia (ad esempio Le bizzarre avventure di JoJo) e hanno una barra degli spiriti per usare questi speciali. Il gioco utilizza il joystick più 4 pulsanti - per pugno leggero, pugno pesante, calcio leggero e calcio pesante.
Race Drivin' (Japan) (2M)	Race Drivin' è un sequel del simulatore di guida arcade Hard Drivin'. Il gioco è simile al primo gioco. Il giocatore deve completare i giri della pista prima che scada il timer. Ci sono diversi punti di controllo intorno alla pista che aumentano il tempo del giocatore mentre passa. nnLa versione Saturn è stata rilasciata solo in Giappone.
Radiant Silvergun (Japan)	La storia di Radiant Silvergun inizia con la fine del mondo. Nei panni del pilota del caccia stellare Radiant Silvergun vieni mandato indietro nel tempo alla ricerca della chiave per salvare il pianeta. In vari periodi di tempo combatterai contro orde di nemici alla ricerca di un essere alieno conosciuto come l'Origine. Solo distruggendo l'Origine si può alterare il futuro oscuro del pianeta. nnRadiant Silvergun è uno sparatutto top-down del codeshop giapponese Treasure (Gunstar Heroes, Silhouette Mirage) uscito in Giappone per Sega Saturn nel 1998. Per affrontare lo sciame di nemici che riempiono il tuo schermo hai tre diversi mezzi di attacco. Un colpo diretto, un laser a ricerca e un colpo diffuso devastante. nnNel 2002 Radiant Silvergun ha ottenuto il suo successore spirituale nella versione Dreamcast di Ikaruga, che in seguito sarebbe stata convertita per Nintendo Gamecube.
Rampage - World Tour (USA)	Rampage: World Tour on Saturn è un gioco d'azione o, in senso stretto, una vera e propria fuga. Il giocatore incarna una delle tre creature giganti tra cui scegliere (gorilla, lucertola o lupo mannaro). L'obiettivo è saccheggiare una città radendo al suolo edifici e calpestando la polizia che osa ostacolarti. Buona carneficina.
Rampo (Japan) (Disc 1)	Rampo è un film interattivo che utilizza fondali pre-renderizzati e attori dal vivo molto simili a The 7th Guest, senza la parte che risolve i puzzle. Il gioco ha come protagonista Edogawa Rampo, uno scrittore di romanzi gialli giapponesi, ed è basato sul film con lo stesso nome uscito un anno prima. Nella vita reale, Edogawa Rampo è uno pseudonimo di Hirai Tarou, un romanziere giapponese che ha scritto romanzi gialli nella prima metà del XX secolo.
Rayman (USA) (R2)	Quando appare un cattivo noto solo come Mr. Dark, sorgono problemi nel mondo di Rayman. Mr. Dark cattura i cartoni animati, la fonte di luce e gli amici di Rayman. Senza più luce, le creature malvagie iniziano a vagare, rendendo il mondo insicuro per tutti. Spetta a te, nei panni di Rayman, liberare i tuoi amici e porre fine agli schemi codardi di Mr. Dark! NnnnRayman è un platform a scorrimento laterale con protagonista Rayman, un ragazzo dal naso grosso senza braccia o gambe. Rayman può saltare e usare i suoi capelli per galleggiare per un breve periodo di tempo. Può anche attaccare lanciando i pugni o arricciando i pugni per un pugno più potente. Occasionalmente può incontrare poteri speciali che gli garantiscono un potere di volo illimitato, permettendogli di navigare attraverso labirinti difficili. Oltre all'azione platform, l'altra caratteristica degna di nota di Rayman è la sua grafica ampia, dettagliata e vibrante, che hanno aiutato a resistere fuori dalla maggior parte degli altri giochi simili del genere.
Real Bout Garou Densetsu (Japan) (En,Ja,Es,Pt) (2M)	La prova suprema della forza ti aspetta! 19 degli eroi più belli di Fatal Fury si scontrano! Un anno dopo la spaventosa conclusione di &quot;Real Bout&quot;, i lupi affamati si preparano per una nuova battaglia, &quot;Real Bout Special&quot; - il principale banco di prova pugilistico! Il gioco mantiene il cast dell'originale Real Bout, con l'aggiunta di Tung Fu Rue, Cheng Sinzan, Laurence Blood e Wolfgang Krauser di Fatal Fury Special, con Krauser che funge da nuovo boss finale. Geese Howard, che è stato ucciso alla fine dell'originale Real Bout, appare in questo gioco come boss finale nascosto in uno speciale &quot;Nightmare Match&quot; e come personaggio giocabile sbloccabile nelle versioni casalinghe. Il gioco presenta anche versioni &quot;extra&quot; nascoste di Tung Fu Rue, Billy Kane, Blue Mary e Andy Bogard, per un totale di 23 (24 se si contano le oche) personaggi.
Real Bout Garou Densetsu Special (Japan)	Era il sequel di Real Bout Fatal Fury, con cui è arrivata alla sua sesta consegna della serie, in questo avevamo 20 personaggi (Terry Bogard, Andy Bogard, Joe Higashi, Mai Shiranui, Tung Fu Rue, Cheng Chinzan, Laurence Blood , Wolfgang Krauser, Duck King, Kim Kaphwan, Blue Mary, Hon-Fu, Bob Wilson, Mochizuki Sokaku, Franco Bash, Ryuji Yamazaki, Jin Chonshu, Jin Chonrei, Billy Kane e Geese Howard) e i loro aspetti sono stati rimodellati al 100%. Inoltre, il gioco mantiene la capacità di distruggere alcune cose della zona di combattimento.
Real Mahjong Adventure Umi e - Summer Waltz (Japan)	Questo titolo spin-off della serie Super Real Mahjong ha un approccio molto diverso. È un romanzo visivo. I giocatori possono instaurare una relazione con diverse ragazze di Super Real Mahjong PV, P VI e P7. Si parla molto e i giocatori spesso devono scegliere cosa dire o fare. Viene utilizzato un sistema di mappe del mondo, poiché le ragazze si trovano in luoghi diversi.
Real Sound - Kaze no Regret (Japan) (Disc 1) (4M)	Real Sound: Kaze no Regret è un gioco audio: non ha grafica o altri elementi visivi di alcun tipo. Dal punto di vista del gameplay, è identico ai romanzi visivi, con testo scritto e immagini sostituite dal suono. Il giocatore ascolta la storia doppiata, che viene occasionalmente interrotta da un carillon, che spinge il giocatore a prendere una decisione e a ramificare la trama. Il gioco aveva lo scopo di fornire parità di accesso sia ai giocatori con vista che ai giocatori non vedenti.
Refrain Love - Anata ni Aitai (Japan) (Disc 1)	Refrain Love è un gioco su Saturno presentato come un manga interattivo. Il tema del gioco è la seduzione e devi parlare con molte persone per seguire la storia del titolo.
Resident Evil (USA)	Una squadra di membri della S.T.A.R.S (Special Tactics And Rescue Squad) è chiamata a indagare su una serie di omicidi vicino a Raccoon City. Durante la ricerca nei boschi vicino alla città, la squadra viene attaccata da cani assetati di sangue e devono ritirarsi in una villa vicina. Il giocatore sceglie tra Jill Valentine o Chris Redfield e inizia a esplorare la villa. Diventa presto molto chiaro che non è solo una villa qualsiasi, ma un luogo infernale dove i non morti camminano per i corridoi e altri orrori si nascondono nell'oscurità, in attesa di mangiare qualche testa. Mentre risolve enigmi, raccoglie chiavi e spara a mostri, il giocatore deve svelare il mistero dietro questa villa e, se possibile, uscirne vivo. In esclusiva per la versione SEGA Saturn è una modalità bonus Battle Mode, dove, con munizioni limitate e sotto la minaccia di un tempo limitato, il giocatore deve sopravvivere a una serie di stanze piene di mostri
Return to Zork (Japan) (1M)	Secondo la leggenda, il Grande Impero Sotterraneo di Zork fu distrutto e tutte le forze del male furono disperse. Ma la società IT&L Corporation afferma di aver scoperto i sentieri oscuri e mitici sotto la Valle dei Passeri. Gli incubi sono ricominciati da questa scoperta, le persone sono scomparse, gli edifici sono svaniti e tu, il viaggiatore, devi salvare l'Impero Sotterraneo da queste forze del male.
Revolution X - Music Is the Weapon (USA) (1S)	Revolution X su Saturn ti fa riprendere qualsiasi cosa si muova, al ritmo del rock & roll degli Aerosmith. In un Paese che impedisce ai giovani di esprimersi e dove il rock è stato bandito, solo un gruppo di rockstar può ripristinare la situazione. Equipaggiato con un fucile, devi salvare i membri degli Aerosmith che sono stati rapiti dalla New Order Nation. Dirigendo il mirino del fucile, devi eliminare tutti gli avversari sullo schermo per avanzare nei livelli.
Riglordsaga (Japan) (Made in Japan) (1M)	Mystaria: The Realms of Lore è un gioco di ruolo/avventura su Saturno. Dovrai gestire dodici personaggi e sviluppare le loro abilità battaglia dopo battaglia. L'obiettivo principale è sconfiggere il malvagio Lord Bane e altri 50 nemici.
Riglordsaga 2 (Japan) (1M)	Questo è il sequel di Blazing Heroes, originariamente conosciuto come Riglord Saga. I giocatori assumono il ruolo di Mieu, la principessa di Dragoon Kingdom. Il gioco utilizza lo stesso sistema di gioco del predecessore. I giocatori formano una grande festa con cui partecipano a lunghe battaglie strategiche a turni. Muovono i loro personaggi sul campo di battaglia, attaccando i nemici o lanciando incantesimi magici.
Rise 2 - Resurrection (USA) (En,Fr,De,Es,It)	Nel seguito sono iniziati nuovi guai in ElectroCorp. Come ricordiamo, questa società ha realizzato robot per lavori civili, ma un supervisore ha deciso di creare robot assassini. Cervelli umani sono stati impiantati su alcuni di essi. Ma questa volta, un hacker ha infettato la rete dell'ElectroCorp con un virus, quindi Supervisor ha perso il controllo sui robot e hanno iniziato a uccidersi a vicenda. Sei uno di loro.
Riven - A Sequencia de Myst (Brazil) (Disc 1)	Entra in un mondo ingannevolmente bello, lacerato da conflitti secolari... dove i segreti si nascondono ad ogni angolo... e niente è come sembra. Devi cercare. Devi esplorare. Devi evocare ogni scintilla dell'intelletto e dell'intuizione. Solo allora imparerai la verità su questa terra travagliata e sui suoi abitanti. Devi lasciare che Riven diventi il tuo mondo, prima che un intero mondo vada perduto.
Riven - The Sequel to Myst (Europe) (Disc 1)	Entra in un mondo ingannevolmente bello, lacerato da conflitti secolari... dove i segreti si nascondono ad ogni angolo... e niente è come sembra. Devi cercare. Devi esplorare. Devi evocare ogni scintilla dell'intelletto e dell'intuizione. Solo allora imparerai la verità su questa terra travagliata e sui suoi abitanti. Devi lasciare che Riven diventi il tuo mondo, prima che un intero mondo vada perduto.
RMJ - The Mystery Hospital (Japan)	È un'avventura horror interattiva con doppiaggio completo. La storia si svolge nell'estate del 1999, quando si verifica una grande esplosione in un ospedale generale. A causa del rilascio di un virus mortale, l'ospedale è in isolamento e Hajime è senza via d'uscita. Il giocatore assume il ruolo di Hajime che, dopo essere andato a trovare il suo migliore amico, si ritrova intrappolato in un ospedale insieme ai suoi due amici, Ryou e Tomowo, e un'infermiera alle prime armi Aya.
Road & Track Presents - The Need for Speed (USA) (En,De)	Guida alcune delle tue auto sportive preferite attraverso piste selvagge e veloci, tra cui Dodge Viper, Lamborghini, Ferrari, Porshe, Corvette, Mazda RX7, Toyota Supra Turbo e Acura NSX. Alcuni dei binari sono su strada aperta, il che significa che devi semplicemente volare lungo un'enorme autostrada, con i poliziotti che ti seguono all'inseguimento. Una delle opzioni del gioco ti consente di scegliere in quale momento della giornata gareggiare.
Road Rash (USA)	Road Rash on Saturn è un gioco di corse motociclistiche in cui tutti i successi possono tagliare il traguardo. Stai gareggiando contro altri tredici concorrenti e hai due scelte: o fai del tuo meglio per avere la meglio, oppure usi le armi che hai per abbattere gli altri &quot;Road Rashers&quot;. Sono disponibili cinque circuiti con i loro numerosi poliziotti, pedoni e altre auto da evitare.
Robo Pit (USA)	Robo Pit è un gioco di azione su Saturno. Costruisci il tuo robot e devi combattere altre macchine armate fino ai denti in partite mortali. I combattimenti sono sceneggiati e fanno parte di un'avventura costruita. Quindi non stai combattendo per niente ma come parte di una storia. Man mano che procedi, puoi aggiornare il tuo robot per renderlo più forte, più veloce o più potente.
Robotica (USA)	Robotica è un gioco d'azione su Saturno. Operi in un universo in cui i robot sono colpiti da un virus e si sono ribellati per conquistare il mondo. Tu sei l'unico con il potere di fermarli! Equipaggiato con varie armi all'avanguardia, attraversi vari livelli per sterminare i robot malvagi.
Robotica - Cybernation Revolt (Europe)	Robotica è un gioco d'azione su Saturno. Operi in un universo in cui i robot sono colpiti da un virus e si sono ribellati per conquistare il mondo. Tu sei l'unico con il potere di fermarli! Equipaggiato con varie armi all'avanguardia, attraversi vari livelli per sterminare i robot malvagi.
Rockman 8 - Metal Heroes (Japan)	La lotta contro il Dr. Wily non è ancora finita poiché continua in Mega Man 8 su Saturno. Questo gioco d'azione platform segna i dieci anni della serie e ti permette di trovare l'eroe blu e la sua armatura con più poteri. Questa edizione Saturn contiene alcuni elementi bonus che la versione Playstation non ha, come i robot nemici Cut Man e Wood Man della prima e della seconda puntata della saga.
Rockman X3 (Japan) (2M)	Uno scienziato Reploid di nome Dr. Doppler inizia la creazione di una nuova città per i Reploid, che porterà una nuova era di pace ai Reploid e agli umani. Ma qualcosa va terribilmente storto, e ora i Maverick hanno cominciato ad apparire ovunque! Tocca a X e Zero scoprire chi c'è dietro questa rivolta dei Maverick e sconfiggerli definitivamente!
Rockman X4 (Japan) (1M)	Mega Man X, il leader reploid della 17a unità Maverick Hunters, e il suo migliore amico Zero devono fermare una ribellione reploid. Ognuno di loro viene coinvolto in un modo diverso e puoi giocare come uno dei due personaggi attraverso le storie parallele.
Romance of the Three Kingdoms IV - Wall of Fire (USA)	Romance of the Three Kingdoms IV è un nuovo adattamento del romanzo storico di Luo Guangzhong su Saturno. È possibile giocare in modalità storica per rispettare le storie del libro o in modalità fittizia, che corrisponde alla sceneggiatura di fatti storici recensiti dagli sviluppatori. Sono previsti sei scenari con un totale di 38 capi di guerra e governatori provinciali con i quali cercherai di conquistare i Tre Regni della Cina del terzo secolo.
Ronde (Japan) (Disc 1)	Il gioco è ambientato nel prossimo futuro, in Giappone. Un adolescente di nome Asuka e i suoi amici visitano un museo dei demoni. Improvvisamente, una delle statue del demone prende vita e rapisce il fratellino di Asuka. Questo è solo l'inizio di un'invasione di demoni che Asuka e i suoi amici devono fermare a tutti i costi. Come i due precedenti giochi di Majin Tensei, &quot;Ronde&quot; è un gioco di ruolo strategico. I giocatori possono controllare i propri personaggi solo durante le battaglie, che occupano l'intera sezione di gioco del gioco.
Roommate - Inoue Ryouko (Japan)	Compagno di stanza: Inoue Ryouko fa parte della serie Compagno di stanza. Il gioco ruota attorno a Ryoko, che ha diciassette anni. La sua famiglia si è trasferita da Tokyo a New York e lei è rimasta per finire la scuola. Suo padre (un amico del padre dei giocatori) le ha chiesto di trasferirsi con lui nel suo appartamento (dove ha una stanza libera) per poter completare i suoi studi. Ma Ryoko sente la mancanza della sua famiglia ed è emotivamente vulnerabile, quindi è tempo per lui di trasferirsi da solo.
Roommate - Ryouko in Summer Vacation (Japan) (2M)	Compagno di stanza: Ryouko in Summer Vacation è il secondo gioco della trilogia incentrato su Ryouko Inoue, il compagno di stanza dei giocatori per il tempo della storia. Ryouko è appena arrivata dall'estero e ha deciso di usare le sue vacanze estive per tornare in Giappone. Per il momento, starà con il giocatore e sarà la coinquilina. Il gioco si svolge come un romanzo visivo in cui i giocatori leggono i dialoghi e occasionalmente selezionano le risposte.
Roommate 3 - Ryouko Kaze no Kagayaku Asa ni (Japan)	Il gioco finale della serie Roommate è incentrato sul personaggio femminile principale di Ryouko Inoue. È appena tornata dal suo soggiorno negli Stati Uniti ed è ora una studentessa del terzo anno delle superiori. È febbraio e il diploma di maturità si avvicina presto. Come suo nuovo compagno di stanza, il giocatore trascorrerà il poco tempo che resta fino al diploma e forse si innamorerà anche lungo la strada.
Roommate W - Futari (Japan) (Disc 1)	Il personaggio femminile principale della serie Roomate, Ryoko Inue, non è l'interesse amoroso in questo gioco. Invece i giocatori vengono presentati a Kaori e Yamaguchi. Il gioco è ambientato nella stessa scuola di Ryoko e viene chiamata &quot;senpai leggendaria&quot;. Il compagno di stanza W continua la tipica serie di avventure/simulazione testuale con molte immagini e un audio carino.
RoX - 6 = Six (Japan)	Rox è un gioco di abbinamento/blocco che cade, ma con una svolta. Ciascuno dei blocchi è un dado che ha un numero su di esso. Invece di abbinare solo i colori, in questo gioco contano sia i colori che i numeri. Per rimuovere i dadi, i due numeri finali devono essere uguali, con quella quantità di altri dadi nel mezzo. Ad esempio, se due dadi sono uno, deve esserci un dado tra di loro. Se entrambi i dadi finali sono dello stesso colore, verranno cancellati anche tutti i dadi intermedi.
Ruriiro no Yuki (Japan)	Il protagonista del gioco è uno studente delle superiori che ha perso i genitori in un incidente stradale. La convivenza con i genitori adottivi era difficile e il ragazzo decide di affittare la stanza della casa che un tempo apparteneva ai suoi veri genitori, pensando che in questo modo i loro spiriti si sarebbero avvicinati a lui. Poco dopo, però, il ragazzo inizia a fare strani sogni. Quando arriva, scopre un barattolo in un buco sotto il pavimento della sua stanza, che produce miracolosamente una giovane donna di nome Ruri, che entra a far parte della sua vita in un modo che non avrebbe mai immaginato. Sebbene alcuni eventi si verifichino indipendentemente dalle azioni del giocatore, gran parte della trama è determinata dalle decisioni prese dal giocatore, che possono includere luoghi da visitare o azioni da scegliere quando viene chiamato in causa.
Ryouko no Oshaberi Room (Japan)	Ryouko Inoue no O-Shaberi Room è un episodio della serie Roommate di Datam. L'eroina titolare intrattiene gli ospiti e il giocatore è in grado di impegnarsi in conversazioni e interazioni sociali con lei. È anche possibile visualizzare gallerie fotografiche e partecipare a giochi a quiz.
Ryouri no Tetsujin - Kitchen Stadium Tour (Japan)	CD multimediale tratto dal programma televisivo di cucina giapponese, andato in onda dal 1993 al 1999, in cui gli chef si sfidano fino alla battaglia finale tra i due migliori.
Ryuuteki Gosennen - Dragons of China (Japan)	Il gioco è ambientato in Cina, 2099 d.C. Durante la costruzione di un nuovo stadio olimpico, nel seminterrato sono stati rinvenuti alcuni ruderi. È stato danneggiato nella costruzione e un drago nero è apparso da esso con un tuono ed è volato via. Il giocatore ha il compito di trovare il drago e salvare il mondo dalla distruzione.
Sakamoto Ryouma - Ishin Kaikoku (Japan)	Sakamoto Ryouma - Ishin Kaikoku è un gioco di strategia pubblicato per le console Playstation e Saturn che si svolge nella Restaurazione Meiji e presenta oltre 500 personaggi, più di 150 eventi, armi dell'epoca, ecc. Il giocatore può acquistare oggetti, creare eserciti, celebrare accordi diplomatici, ecc.
Sakura Taisen (Japan) (Disc 1) (6M)	Sakura Taisen è un gioco di ruolo di Saturno la cui storia si svolge durante l'era Taisho (1912-1926) in Giappone. Una nuova setta minaccia di distruggere non solo il Giappone, ma anche il resto del mondo. Il governo imperiale decide di radunare un gruppo di sei giovani donne per combattere questa setta. L'evoluzione dei dialoghi tra i personaggi influenza la fine del gioco, alcuni dialoghi e persino i parametri durante i combattimenti.
Sakura Taisen - Hanagumi Taisen Columns (Japan) (1M)	Hanagumi Taisen Columns è un videogioco rompicapo di blocchi che cadono sviluppato da Sega nel 1997, come spin-off delle serie Sakura Wars e Columns di Sega. Il gioco è stato rilasciato in Giappone per Sega Saturn e la scheda arcade ST-V. nnIl gioco funziona come la serie di giochi Columns, tranne per il fatto che giochi come membri dell'Imperial Floral Assault Troupe. Ogni membro ha i propri punti di forza e di debolezza per quanto riguarda il gioco.
Sakura Taisen - Jouki Radio Show (Japan) (Disc 1) (Yuugi-ban)	Il secondo fan disc uscito dopo il gioco iniziale, questa volta nel novembre del 1997. È un'offerta molto più consistente di Hanagumi Ts?shin, con nuovi elementi grafici e gameplay. Viene presentato come due distinti sottoprodotti in un unico pacchetto, ciascuno sul proprio disco e ciascuno con il proprio manuale. Il disco uno è ?Play Disc? e il disco due è il disco due è il &quot;disco musicale&quot;.
Sakura Taisen - Teigeki Graph - Teigeki Graph in Sakura Wars (Japan) (Disc 1)	Sakura Taisen Teigeki Graph -Teigeki Graph in Sakura Wars- è stato rilasciato nel dicembre del 1998, quasi nove mesi dopo ST2. Il disco 1 offre uno scenario di avventura da affrontare, incentrato su una produzione di La bella addormentata nel bosco. Mostrando un maggiore investimento di tempo e risorse, questo scenario include in realtà minigiochi per ogni eroina, come i titoli principali di Sakura Taisen. Il disco 2 è pieno di altri file video Sega Saturn di bassa qualità.
Sakura Taisen 2 - Kimi, Shinitamou Koto Nakare (Japan) (Disc 1) (Shokai Tokutenban)	Sakura Taisen 2 è un gioco di ruolo su Saturno che segue la storia del primo episodio e ci riporta agli anni '20 in Giappone. Dopo aver sconfitto il male incarnato, le figlie del commando Hanagumi iniziano a pensare che il Giappone sia sano e salvo per sempre. Sfortunatamente il loro nemico viene resuscitato da un misterioso individuo. Dovranno sconfiggere di nuovo il loro nemico e scoprire chi è l'autore di questa catastrofe.
Sakura Tsuushin (Japan)	Sakura Tsuushin è un gioco di avventura per Sega Saturn basato su un manga/anime con lo stesso nome. Molte delle scene tagliate del gioco provengono direttamente dall'anime. Il gioco segue il personaggio principale della serie Touma Inaba mentre cerca di entrare alla Keio University mentre si occupa di romanticismo e relazioni.
Salamander Deluxe Pack Plus (Japan)	Salamander Deluxe Pack Plus è una compilation con versioni porting del classico arcade Salamander, il suo port occidentalizzato Life Force, e per la prima volta dalla sua versione arcade Salamander 2. nnIn tutti i giochi controlli un caccia stellare solitario mentre combatte gli eserciti di Zelos, una terribile creatura aliena che minaccia di divorare l'intera galassia. Raccogli potenziamenti, sconfiggi i boss e completa i livelli finché non sconfiggi il gioco senza essere ridotto in polvere spaziale. nnTutti i giochi presentano piccole modifiche come continue infinite e impostazioni di difficoltà, ma sono ricreati fedelmente dalle loro controparti arcade.
Samurai Spirits - Amakusa Kourin (Japan) (En,Ja,Es,Pt)	Samurai Shodown IV: Amakusa's Revenge on Saturn è un picchiaduro ambientato nel 1789 in Giappone. Distrutto nella terza opera, Amakusa viene resuscitato e determinato a vendicarsi. Questo titolo apporta alcune modifiche al sistema di gioco, inclusa la possibilità di suicidarsi durante il combattimento e le combo fatali per finire il tuo avversario.
Samurai Spirits - Zankurou Musouken (Japan)	Samurai Shodown III doveva essere l'inizio di una nuova direzione audace per il franchise. La differenza più evidente tra questo gioco e gli altri della serie è l'estetica notevolmente più oscura. I personaggi più spensierati (Earthquake, Cham Cham e Gen-an per citarne alcuni) dei giochi precedenti sono stati eliminati, e anche il maestro di kabuki, Kyoshiro Senryo, ha ricevuto una riprogettazione, trasformandolo da uno sgargiante attore teatrale in un uomo muscoloso e dalla faccia torva. Tutti i personaggi sono stati completamente ridisegnati. L'animazione è molto fluida per tutti i personaggi, un altro allontanamento dallo stile grafico del secondo gioco.
Sangokushi Eiketsuden (Japan)	Sangokushi Eiketsuden è stato pubblicato per la prima volta su PC all'inizio del 1995. È uno spin-off della serie strategica di Koei Sangokushi, o Romance of the Three Kingdoms, che si concentra su un singolo personaggio principale del conflitto. Il personaggio centrale è il nobile generale Liu Bei del regno di Shu del conflitto dei Tre Regni. Il gioco divide il suo tempo tra battaglie strategiche con più unità di soldati e un'?avventura? modalità in cui Liu Bei visita le città, discute argomenti con gli NPC, acquista nuove attrezzature e recluta per il suo esercito. Di solito è accompagnato dai suoi fratelli giurati Guan Yu e Zhang Fei.
Sangokushi IV (Japan)	Romance of the Three Kingdoms IV è un nuovo adattamento del romanzo storico di Luo Guangzhong su Saturno. È possibile giocare in modalità storica per rispettare le storie del libro o in modalità fittizia, che corrisponde alla sceneggiatura di fatti storici recensiti dagli sviluppatori. Sono previsti sei scenari con un totale di 38 capi di guerra e governatori provinciali con i quali cercherai di conquistare i Tre Regni della Cina del terzo secolo.
Sangokushi IV with Power-Up Kit (Japan)	È la seconda dinastia Han e la Cina è sull'orlo del collasso. Le lotte intestine tra le famiglie di corte e l'emergere di potenti signori della guerra dominano il paesaggio. La lotta per il potere ha portato a un'era conosciuta come i tre regni, completa di continue guerre tra gli eroi più coraggiosi e abili della Cina. Come sovrano in questi tempi difficili, sta a te unificare un paese dilaniato dalla ribellione. Espandi il tuo regno costruendo un forte esercito o prova a superare in astuzia i tuoi rivali durante i negoziati. Con nuove entusiasmanti armi tra cui balestre e catapulte a fuoco automatico, puoi ingaggiare i tuoi avversari all'aperto o da dietro le mura del castello. Ma non dimenticare, la forza di un sovrano si misura anche dal potere economico del suo regno e dalla felicità della sua gente!
Sangokushi Koumeiden (Japan)	Sangokushi Koumeiden è il secondo capitolo della serie di giochi di ruolo tattici Sangokushi Eiketsuden sviluppata da Koei. Questa versione descrive vagamente gli eventi della vita di Zhuge Liang come descritti nel romanzo storico drammatico di Luo Guanzhong Romance of the Three Kingdoms. Nei panni di Zhuge Liang, il giocatore deve assistere Liu Bei nel procurarsi i territori di Jingzhou e Yizhou e stabilire il regno di Shu Han.
Sangokushi Returns (Japan)	Il ritorno di Sangokushi è una voce della serie Sangokushi di Koei. È un remake del gioco fondatore Sangokushi. Questo gioco di strategia a turni introduce centinaia di personaggi storici dell'era dei Tre Regni. L'obiettivo principale del gioco è diventare il sovrano supremo dei resti della caduta della dinastia Han. Per fare questo il giocatore deve costruire un potente impero conquistando province e reclutando generali degni di comando.
Sangokushi V (Japan)	Romance of the Three Kingdoms V è il quinto gioco della serie di giochi di strategia a turni. Il gioco offre molte novità. I giocatori non solo parteciperanno alle guerre, ma gestiranno anche il loro paese e impareranno la gestione delle risorse di persone e merci. Una nuova ?Reputazione? parametro influenza direttamente l'opinione della gente sui giocatori come leader. Il multiplayer consente la partecipazione di un massimo di otto giocatori (interpretando gli otto personaggi principali).
Sanguozhi IV (Taiwan)	Romance of the Three Kingdoms IV è un nuovo adattamento del romanzo storico di Luo Guangzhong su Saturno. È possibile giocare in modalità storica per rispettare le storie del libro o in modalità fittizia, che corrisponde alla sceneggiatura di fatti storici recensiti dagli sviluppatori. Sono previsti sei scenari con un totale di 38 capi di guerra e governatori provinciali con i quali cercherai di conquistare i Tre Regni della Cina del terzo secolo.
Sanguozhi V (Taiwan)	Romance of the Three Kingdoms V è il quinto gioco della serie di giochi di strategia a turni. Il gioco offre molte novità. I giocatori non solo parteciperanno alle guerre, ma gestiranno anche il loro paese e impareranno la gestione delle risorse di persone e merci. Una nuova ?Reputazione? parametro influenza direttamente l'opinione della gente sui giocatori come leader. Il multiplayer consente la partecipazione di un massimo di otto giocatori (interpretando gli otto personaggi principali).
Sanguozhi Yingjiezhuan (Taiwan)	Sangokushi Eiketsuden è stato pubblicato per la prima volta su PC all'inizio del 1995. È uno spin-off della serie strategica di Koei Sangokushi, o Romance of the Three Kingdoms, che si concentra su un singolo personaggio principale del conflitto. Il personaggio centrale è il nobile generale Liu Bei del regno di Shu del conflitto dei Tre Regni. Il gioco divide il suo tempo tra battaglie strategiche con più unità di soldati e un'?avventura? modalità in cui Liu Bei visita le città, discute argomenti con gli NPC, acquista nuove attrezzature e recluta per il suo esercito. Di solito è accompagnato dai suoi fratelli giurati Guan Yu e Zhang Fei.
Sankyo Fever - Jikki Simulation S (Japan)	Sankyo Fever Jikki Simulation S è un gioco pachinko per Sega Saturn. È progettato per il controller Sanyko FF.
Sankyo Fever - Jikki Simulation S Vol. 2 (Japan)	Sankyo Fever Jikki Simulation S Vol. 2 è un gioco pachinko per Sega Saturn e sequel di Sankyo Fever Jikki Simulation S. È progettato per il controller Sanyko FF.
Sankyo Fever - Jikki Simulation S Vol. 3 (Japan)	Sankyo Fever Jikki Simulation S Vol. 3 è un gioco pachinko per Sega Saturn e sequel di Sankyo Fever Jikki Simulation S Vol. 2. È progettato per il controller Sanyko FF.
Saturn Bomberman (USA) (1S)	Un gioco di società a tutto tondo, questo titolo esclusivo di Saturno ti fa controllare il piccolo bombardiere blu insieme a un massimo di altri 10 amici bombardieri che piazzano bombe per intrappolare i personaggi nemici. nnSebbene non ci sia una modalità storia, puoi affrontare una miriade di altri personaggi in battaglie uno contro uno per vedere chi è il padrone della bomba. 10 giocatori possono quindi giocare su uno schermo alla volta, uno contro l'altro o in squadra. nnSaturn Bomberman può anche connettersi al sistema Internet Sega Saturn NetLink, consentendo a due persone di opposte estremità della terra di darsi battaglia.
Saturn Bomberman Fight!! (Japan)	Combattimento Saturn Bomberman!! è una voce della serie di giochi Bomberman, rilasciata esclusivamente per Sega Saturn in Giappone. nnNonostante il suo nome, non è un sequel diretto di Saturn Bomberman, anche se come la maggior parte degli altri giochi Bomberman, il gameplay è molto simile. Combattimento Saturn Bomberman!! è insolito in quanto il gioco viene giocato in una prospettiva isometrica, con una maggiore attenzione alla modalità di battaglia standard di Bomberman. I personaggi ora possono saltare gli ostacoli e lanciare bombe senza bisogno di potenziamenti, e ogni personaggio ha un indicatore di salute che viene sottratto ogni volta che viene colpito. Presenta anche più doppiaggio rispetto ai titoli precedenti, il che potrebbe spiegare perché il gioco non è mai arrivato nel mondo occidentale.
Saturn Music School (Japan)	Utilizza una Saturn MIDI Interface Box in dotazione per collegare il sistema a una tastiera MIDI, che viene quindi utilizzata come parte del gioco. Prodotto da Waka Manufacturing nel 1997
Saturn Music School 2 (Japan) (Rev A)	Utilizza una Saturn MIDI Interface Box in dotazione per collegare il sistema a una tastiera MIDI, che viene quindi utilizzata come parte del gioco. Prodotto da Success e Waka Manufacturing nel 1998.
Savaki (Japan) (2M)	Ecco un gioco interessante. Un combattente di arti marziali 3D realizzato da una società sconosciuta verso la fine della vita di Saturno in Giappone, pubblicato nell'aprile 1998, lo stesso anno in cui è uscito il Dreamcast. nnSavaki è visivamente una piacevole sorpresa con la sua animazione a 60 fps, l'ombreggiatura in tempo reale, la fonte di luce, i riflessi delle ombre e l'arena 3D. Suona anche molto bene davvero. Ci sono anche una vasta gamma di diversi tipi di combattimento tra cui scegliere. Karate, Taekwon Do, Muetai, Jeet Kun Do, Dentou Karate, Boxe e, naturalmente, Free Style per quei grossi delinquenti senza alcuna vera abilità. L'unico lato negativo di Savaki è che c'è solo un'arena sullo sfondo. Sicuramente non avrebbe fatto male ai programmatori aggiungerne altri. Tuttavia, nel complesso Savaki è un combattente molto carino per coloro che amano un po' più di abilità coinvolte nei loro giochi.
Scorcher (USA)	Scorcher è un gioco di corse futuristico di Scavenger. In oscuri decori postbellici, gareggi contro un paio di avversari che guidano un'auto da corsa sferica. Puoi raccogliere triangoli speciali per ottenere potenziamenti di velocità. nnLa grafica supporta risoluzioni fino a 640x480.
Scud - The Disposable Assassin (USA)	Giochi nei panni di Scud, un &quot;assassino usa e getta&quot;, che è stato ingaggiato per eliminare un bersaglio nella fabbrica &quot;Marvin's Manikan&quot;. Basato sul fumetto underground di Rob Schrab, gli Scud sono progettati per autodistruggersi dopo aver distrutto il loro obiettivo... Scud è diventato consapevole di questo fatto, e invece ferisce il suo obiettivo solo abbastanza da non autodistruggersi. Ma, essendo un robot, Scud non ha soldi e deve rivolgersi a lavori freelance per pagare il supporto vitale del suo obiettivo originale. Il gioco può essere giocato sia con un controller che con il Virtua Stunner (o un'altra pistola leggera compatibile). Con un controller, il gioco è uno sparatutto a scorrimento laterale; ma con una pistola leggera diventa uno sparatutto in prima persona. Puoi giocare con qualsiasi combinazione di controller e pistole, ma il gioco è essenzialmente pensato per essere giocato con due pistole (Scud stesso usa due pistole). Il gioco è alimentato dalla musica di &quot;DJR/IB3 LTD&quot;. (Darryl J. Reavis e Illuminado Berrios, III), Fidget-X e Incredibile Jolly Machine
SD Gundam - GCentury S (Japan)	SD Gundam G Century S è un gioco di strategia per Sega Saturn basato sull'universo Universal Century di Mobile Suit Gundam, e in particolare sull'universo spin-off SD Gundam che reinventa il mecha come robot super deformati che operano senza piloti umani.
Sea Bass Fishing (Europe) (En,Fr,De)	Niente più storie di pesce, è ora di avvolgersi in quel pescato da sogno nel comfort di casa tua. Segui i consigli degli esperti dell'istruttore e scegli tra una vasta gamma di attrezzature sviluppate dagli esperti di pesca di Dalwa. nnDa Barracuda a Tonno, guarda il morso da vicino in una splendida grafica 3D, mentre la prospettiva ingrandisce l'azione subacquea. Con una scelta di modalità Torneo e Pesca libera puoi imparare a essere un pescatore migliore e persino friggere il pescato nella cucina del guardiano della loggia, quindi non si parlerà più di quello che è scappato.
SeaBass Fishing (Japan)	Niente più storie di pesce, è ora di avvolgersi in quel pescato da sogno nel comfort di casa tua. Segui i consigli degli esperti dell'istruttore e scegli tra una vasta gamma di attrezzature sviluppate dagli esperti di pesca di Dalwa. nnDa Barracuda a Tonno, guarda il morso da vicino in una splendida grafica 3D, mentre la prospettiva ingrandisce l'azione subacquea. Con una scelta di modalità Torneo e Pesca libera puoi imparare a essere un pescatore migliore e persino friggere il pescato nella cucina del guardiano della loggia, quindi non si parlerà più di quello che è scappato.
SeaBass Fishing 2 (Japan)	Seabass Fishing 2 è un gioco di simulazione di pesca su Saturno. Partecipi a una competizione e devi vincere. Puoi allenarti prima o partecipare alla competizione in cui devi vincere tre sfide per diventare il campione. Peschi dalla terraferma. Sta nascendo una sezione di cucina che permette di raccogliere consigli su come realizzare piatti prelibati, corredati da foto e spiegazioni.
Sega Ages - After Burner II (Japan)	After Burner II è il sequel di After Burner, sviluppato da Sega AM2 nel 1987. Il gioco è essenzialmente una versione aggiornata del suo predecessore, con l'aggiunta del controllo dell'acceleratore che consente ai giocatori di regolare la velocità del proprio caccia durante il volo. Ci sono anche tre nuove fasi, che portano il totale a 21 e varie modifiche al gameplay e alla musica.
Sega Ages - Columns Arcade Collection (Japan)	Sega Ages Columns Arcade Collection è una raccolta di vari giochi arcade Columns ed è stata rilasciata esclusivamente in Giappone per Sega Saturn come parte della serie Sega Ages. nn Sega Ages Columns Arcade Collection is a compilation of various arcade Columns games, and was released exclusively in Japan for the Sega Saturn as part of the Sega Ages series. nn-Columnsnn-Columns II: The Voyage Through Timenn-Stack Columnsnn-Columns '97
Sega Ages - Fantasy Zone (Japan)	La Fantasy Zone è un sistema solare composto da otto fantastici pianeti dai colori vivaci. I malvagi Menon stanno cercando di conquistare tutti i pianeti nella Fantasy Zone usando valuta straniera sottratta per costruire le loro forze. È compito del giocatore recuperare tutte le monete e salvare il sistema solare! Fantasy Zone è uno sparatutto in stile arcade per uno o due giocatori. L'obiettivo è distruggere tutte le creature su ogni pianeta e raccogliere il maggior numero possibile di monete perse. Alla fine di ogni livello c'è un grande nemico che dovrà essere sconfitto prima di passare al mondo successivo. In vari punti del gioco, il giocatore potrà trovare un negozio di ricambi, che consente di acquistare miglioramenti per la sua astronave, incluse armi migliori e motori più veloci.
Sega Ages - Galaxy Force II (Japan)	Sega Ages Galaxy Force II è una riedizione di Galaxy Force II per Sega Saturn. Aggiunge impostazioni di difficoltà e una schermata della storia in-game. nnGalaxy Force II è una versione ampliata di Galaxy Force. Aggiunge due livelli aggiuntivi, i vecchi livelli vengono rivisti (espansi e ribilanciati) e i quattro missili possono essere lanciati con la semplice pressione di un pulsante. nnSei legato a un'astronave per affrontare sei ambientazioni pericolose, che vanno da un giardino piacevole al fuoco ostile e al ghiaccio duro. Dovrai volare liberamente prima di attraversare tunnel e canyon e infine distruggere una base aliena. La tua lettura di energia inizia a 1200 e diminuisce quando i colpi ti colpiscono o entri in contatto con un muro o un blocco. Hai infiniti cannoni e missili guidati per aiutarti. Puoi ottenere regolari ricariche di energia e potenziamenti di potenza, sparando e poi raccogliendo i loro baccelli di trasporto.
Sega Ages - I Love Mickey Mouse - Fushigi no Oshiro Daibouken & I Love Donald Duck - Georgia Ou no Hihou (Japan)	Sega Ages I Love Mickey Mouse: Fushigi no Oshiro Daibouken/I Love Donald Duck: Guruzia Ou no Hihou è una compilation di videogiochi. Il suo nome straordinariamente lungo deriva dal fatto che contiene due giochi, entrambi originariamente rilasciati come giochi Mega Drive separati.
Sega Ages - Memorial Selection Vol. 1 (Japan)	Sega Ages Memorial Selection Vol: 1 Rivivi i primi anni di Sega con la loro prima selezione commemorativa. Il volume 1 include Pengo, Head On, Up'n Down e Flicky
Sega Ages - Memorial Selection Vol. 2 (Japan)	Sega Ages Memorial Selection Vol.2 è una raccolta di sei giochi arcade degli anni '80 e pubblicata per Sega Saturn nel 1997 solo in Giappone. nn- Doki Doki Penguin Landnn- Samurainn- Sindbad Mysterynn- Star Jackernn- Monaco GPnn- Ninja Princess
Sega Ages - OutRun (Japan)	OutRun è un gioco di corse che consente al giocatore di correre su vari terreni a bordo di una Ferrari prontamente disponibile, completa di una passeggera, su una serie di brevi tracciati. nnIl gameplay è visto appena sopra e dietro l'auto. Le strade sono piene di curve strette e pericoli, il cui contatto può far rotolare l'auto e far perdere tempo al giocatore. In ogni sezione del binario c'è un bivio, che consente al giocatore di scegliere in quale direzione desidera andare. Il giocatore deve completare cinque sezioni di binario in totale, sui quindici del gioco.
Sega Ages - Phantasy Star Collection (Japan)	Questa raccolta contiene la trilogia originale di Phantasy Star, riunita in un gioco. Phantasy Star ti fa guidare un gruppo di guerrieri, che lavorano nelle arti del combattimento (sia offensive che difensive) e magiche, attraverso un labirinto di male nel cuore di dove risiede. Il tuo compito è distruggerlo, in questo caso, tre volte. nn1. Phantasy Star: viaggia verso il sistema solare Algo e affronta il re Lassic, che ha portato la minaccia del male nella galassia. nn2. Phantasy Star II - un nuovo male sta prendendo il controllo del pianeta Mota e solo tu puoi riportare la pace e sconfiggere le forze mortali che arrivano a ondate sul tuo cammino di vittoria. nn3. Phantasy Star III: Generations of Doom - anche se sconfitto, il male trova ancora posto nella galassia. Porta il tuo gruppo in 7 mondi diversi attraverso 3 generazioni e usa tutto ciò che hai per liberarlo una volta per tutte. nnLa versione Saturn ha anche Phantasy Star IV: The End of the Millennium.
Sega Ages - Power Drift (Japan)	Hai mai desiderato gareggiare con dune buggy ad alta velocità su una varietà di piste? Power Drift è un gioco di corse arcade che ti dà la possibilità di fare proprio questo. nnCi sono 5 tracce tra cui scegliere, ognuna con 5 tappe. Le tappe spaziano dalle città, ai deserti, alle piste sull'acqua. Ci sono anche 12 autisti tra cui scegliere, dagli uomini d'affari agli skinhead e ai mohicani. nnIl tuo passeggino ha 2 marce, alta e bassa. Una volta che la luce diventa verde, tieni il pedale sul metallo. Dovrai piazzarti terzo o superiore per passare alla fase successiva. Fare attenzione a non urtare altri passeggini o oggetti vicino alla strada. Mentre sei pieno di bug, puoi prendere un colpo, l'incidente ti rallenterà. nnCompleta tutte e 5 le fasi di un livello e ti verrà presentato un livello bonus.
Sega Ages - Shukudai ga Tanto R (Japan)	Sega Ages Vol.1 Syukudai ga Tant-R è il primo di una lunga serie di riedizioni di videogiochi che utilizzano il marchio &quot;Sega Ages&quot; di Sega. Questa è una compilation che include un port di Puzzle & Action: Tant-R e Quiz Syukudai wo Wasuremashita ed è stata rilasciata per Sega Saturn esclusivamente in Giappone nel 1996.
Sega Ages - Space Harrier (Japan)	Space Harrier su Saturno è uno sparatutto. Il personaggio in terza persona può correre o volare e deve evitare ostacoli e fuoco nemico. Usa la tua abilità per completare i 18 livelli, ognuno dei quali termina con uno scontro con un boss.
Sega Ages Volume 1 (USA)	Trova tre famosi titoli arcade su Saturno: tra le strade tortuose di Out Run e gli attacchi aerei di Space Harrier e After Burner II dovrai mostrare molto coraggio! Precisione e velocità saranno richieste in queste autentiche conversioni arcade. Sta a te mostrare la tua adattabilità su strada o nelle aree!
Sega International Victory Goal (Japan) (5M)	Le migliori squadre del mondo come Brasile, Stati Uniti, Germania, Francia, Spagna e altre sei squadre internazionali si preparano al volley, alla rovesciata e si dirigono verso un campionato! La grafica 3D renderizzata di Sega Saturn ti mette in campo! Modalità Esibizione, Lega mondiale, Torneo mondiale e Calcio di rigore. 12 prospettive di gioco dinamico. Ribalte, tiri al volo, colpi di testa al volo e parate spettacolari! Controllo completo della riproduzione da più visualizzazioni. Monitoraggio statistico completo.
Sega Rally Championship (USA)	Sega Rally è stato un grande successo nelle sale giochi, portando le corse in stile rally alle masse prima dei giochi di Colin McRae. Sono stati creati quattro tracciati dettagliati, con un susseguirsi di curve e salti da brividi, e puoi scegliere tra 3 diverse auto. Oltre al campionato principale, c'è una modalità a cronometro con un'auto fantasma da battere, così sai sempre come la tua corsa si confronta con la tua migliore in assoluto. È possibile collegare due macchine per l'azione multi-giocatore. La manovrabilità delle auto non è realistica, per concentrarsi sull'azione e sulla giocabilità istantanea.
Sega Rally Championship Plus (Japan)	Sega Rally è stato un grande successo nelle sale giochi, portando le corse in stile rally alle masse prima dei giochi di Colin McRae. Sono stati creati quattro tracciati dettagliati, con un susseguirsi di curve e salti da brividi, e puoi scegliere tra 3 diverse auto. Oltre al campionato principale, c'è una modalità a cronometro con un'auto fantasma da battere, così sai sempre come la tua corsa si confronta con la tua migliore in assoluto. È possibile collegare due macchine per l'azione multi-giocatore. La manovrabilità delle auto non è realistica, per concentrarsi sull'azione e sulla giocabilità istantanea.
Sega Rally Championship Plus Netlink Edition (USA)	Sega Rally è stato un grande successo nelle sale giochi, portando le corse in stile rally alle masse prima dei giochi di Colin McRae. Sono stati creati quattro tracciati dettagliati, con un susseguirsi di curve e salti da brividi, e puoi scegliere tra 3 diverse auto. Oltre al campionato principale, c'è una modalità a cronometro con un'auto fantasma da battere, così sai sempre come la tua corsa si confronta con la tua migliore in assoluto. È possibile collegare due macchine per l'azione multi-giocatore. La manovrabilità delle auto non è realistica, per concentrarsi sull'azione e sulla giocabilità istantanea.
Sega Saturn Bootleg II - On the Road (USA)	Sega Screams Volume 1 è un disco demo per Sega Saturn, pubblicato esclusivamente in Nord America con i bundle console Sega Screams Volume 1. Stranamente Sega of America ha rilasciato questo gioco due volte, inizialmente come Sega Saturn Bootleg II (come ?sequel? di Bootleg Sampler). Il prodotto nella sua forma Bootleg II è molto meno comune, anche se a parte una schermata del titolo modificata (su alcuni dischi), i due dischi sono identici. A differenza di Bootleg Sampler, Sega Screams Volume 1 opta per lo standard? Menu del disco demo Saturn spesso visti nella serie europea Sega Flash.
Sega Saturn de Hakken!! Tamagotchi Park (Japan)	Sega Saturn de Hakken!! Tamagotchi Park è un gioco di tamagotchi per Sega Saturn. È arrivato con una cartuccia di memoria di backup Saturn. Diversi personaggi Sega sono apparsi in questo gioco come creature Tamagotchi che i giocatori possono allevare, vale a dire Sonic, Pengo, Opa-Opa, Alex Kidd e Flicky.
Sega Touring Car Championship (USA)	Sega Touring Car Championship è un gioco di corse su Saturn. Alla partenza, scegli tra 4 auto per partecipare a gare folli. Controlla la tua macchina e vinci i 3 circuiti offerti dal software. Tieni d'occhio il contatore perché il Sega Touring Car Championship lo farà esplodere per te!
Sega Worldwide Soccer '97 (USA)	Sega Worldwide Soccer 97 è un gioco di sport su Saturno. Puoi giocare con una qualsiasi delle 48 squadre internazionali. Dopo la partita, affronti infortuni e squalifiche dei giocatori. Puoi anche controllare le statistiche dei tuoi giocatori in più di 25 categorie.
Sega Worldwide Soccer '98 (Japan)	Sega Worldwide Soccer è una serie di giochi di calcio di Sega inizialmente per Sega Saturn, ma in seguito è stata spostata su Dreamcast. Sono stati rilasciati tra il 1995 e l'anno 2000.
Sega Worldwide Soccer '98 - Club Edition (Europe) (En,Fr,Es)	Sega Worldwide Soccer è una serie di giochi di calcio di Sega inizialmente per Sega Saturn, ma in seguito è stata spostata su Dreamcast. Sono stati rilasciati tra il 1995 e l'anno 2000.
Sega Worldwide Soccer 97 (Europe)	Sega Worldwide Soccer 97 è un gioco di sport su Saturno. Puoi giocare con una qualsiasi delle 48 squadre internazionali. Dopo la partita, affronti infortuni e squalifiche dei giocatori. Puoi anche controllare le statistiche dei tuoi giocatori in più di 25 categorie.
Segata Sanshirou - Shinken Yuugi (Japan)	Segata Sanshiro Shinken Yugi è un gioco con protagonista &quot;Segata Sanshiro&quot;, un personaggio immaginario creato da Sega per pubblicizzare il Sega Saturn in Giappone tra gli anni 1997 e 1998. Questo gioco consiste in diversi mini giochi, tutti basati sugli spot televisivi Segata Sanshiro hanno recitato. Vanno dai platform a scorrimento laterale ai puzzle, ai giochi di memoria o schiacciamento dei pulsanti e, se li finisci correttamente, sblocca il videoclip degli spot pubblicitari in cui era basato ogni mini gioco. Inoltre, gli annunci radiofonici e altri bonus nascosti sono inclus1.
Seifuku Densetsu - Pretty Fighter X (Japan) (1M)	Il gioco è un porting avanzato del gioco Super Famicom, ?Seifuku Densetsu Pretty Fighter?. Il gioco include sequenze di anime realizzate da Spectrum Animation. Come suggerisce il gioco, è un gioco di combattimento tutto al femminile. Il gioco ha ricevuto un seguito su Sega Saturn e PlayStation, intitolato semplicemente FIST.
Seikai Risshiden - Yoi Kuni, Yoi Seiji (Japan)	Seikai Risshiden: Yoi Kuni Yoi Seiji è un gioco da tavolo sul tema della politica giapponese. Il gioco è simile ai popolari &quot;giochi da tavolo della vita&quot;. L'obiettivo è diventare il Primo Ministro.
Seireki 1999 - Pharaoh no Fukkatsu (Japan)	Destinazione: l'antica città egiziana di Karnak. Le forze aliene in possesso di poteri orribili hanno sigillato la comunità un tempo fiorente da ogni contatto esterno. In qualità di specialista in operazioni segrete, sei stato addestrato per tutte le forme di contingenza. Niente può prepararti, però, all'incubo in cui stai per entrare. Venti+ livelli di gioco non-stop attraverso un'antica città egiziana e la tomba del faraone Ramses. Il gameplay renderizzato completamente in 3D in tempo reale ti consente di spostarti tra più piani all'interno di un singolo livello. Attraversa ponti, striscia attraverso i tunnel e nuota attraverso grotte sottomarine.
Sengoku Blade - Sengoku Ace Episode II (Japan) (Disc 1)	Sengoku Blade, noto come Tengai all'estero, è uno sparatutto arcade a scorrimento orizzontale del 1996 di Psikyo portato su Saturno in Giappone lo stesso anno. La porta viene fornita con un secondo disco contenente una galleria d'arte. Il giocatore può scegliere tra cinque personaggi giocabili all'inizio e può sbloccarne altri due. Il gioco si svolge in una versione fantasiosa e futuristica del Giappone feudale con ninja e macchinari a vapore.
Senken Kigyouden (Japan)	Senken Kigyouden è un gioco di ruolo del 1999 per Sega Saturn dello sviluppatore taiwanese Softstar Entertainment pubblicato in Giappone. Aveva anche una versione DOS. Il gioco è stato rilasciato anche a Taiwan in edizione limitata con scatola di plastica e organizer.
Senkutsu Katsuryu Taisen - Chaos Seed (Japan) (Disc 2) (Omake Disc)	Immergiti nelle profondità di vasti labirinti sotterranei, cercando aiuto dal mondo degli spiriti per riportare la vita su un pianeta morente! Chaos Seed è un gioco di ruolo con elementi di azione e strategia mescolati. I giocatori dovranno fare un uso intelligente delle proprie risorse e utilizzare il feng shui a proprio vantaggio per procedere.
Senryaku Shougi (Japan)	Senryaku Shougi è un gioco shougi per Sega Saturn. I giocatori possono scegliere una modalità per giocatore singolo, che include 7 livelli, o una modalità multigiocatore.
Sentimental Graffiti (Japan) (Disc 1) (Game Disc) (4M)	Tanaka Ichirou è uno studente delle superiori che, prima delle vacanze primaverili del suo terzo anno, riceve una lettera che dice semplicemente &quot;Voglio conoscerti&quot;. Durante la scuola media, il suo frequente trasferimento di scuola gli ha permesso di stringere rapporti unici con diverse ragazze. Per cercare il mittente della lettera, viaggia in tutto il paese in vari luoghi e incontra ancora una volta le 12 ragazze dei suoi ricordi.
Sento Monogatari Sono I (Japan)	?Sento Monogatari?, sono I è un gioco di cartomanzia. Il gioco è stato sviluppato da Ariadne e pubblicato per la prima volta nel 1995 per 3DO e Saturn. La versione per Play-Station è stata successivamente rilasciata in Giappone da Tohoku Shinsha nel 1996. Nel gioco, i giocatori possono inserire la loro data di nascita e ottenere la loro carta astrale e la fortuna raccontata su salute, affari, amore e denaro.
Sexy Parodius (Japan)	Sexy Parodius è il quarto gioco della serie. Nei panni di uno dei membri del Parodius Team, devi impedire a un polpo lascivo e al suo esercito di accumulare un enorme cumulo di tesori per le loro cattive azioni. Con diversi membri del cast classico di Parodius (tra cui le sexy conigliette Hikaru e Akane, Takosuke the Octopus, Koitsu lo stickman), nuovi arrivati e tonnellate di scene classiche di Parodius. Inoltre, ci sono alcune sorprese &quot;extra&quot; per coloro che amano la stravaganza tipica della serie. nnQuesto gioco non è mai stato rilasciato al di fuori del Giappone.
Shadows of the Tusk (Japan)	Shadows of the Tusk è un gioco di strategia a turni in cui un giocatore può costruire un gruppo composto da personaggi reclutati in vari modi che funge da &quot;mazzo&quot;. Ha utilizzato il sistema X-band di Seganet per consentire ai giocatori di competere online, il che era abbastanza unico per una console dell'epoca. È anche possibile giocare in locale con un amico (fortunatamente!) Un terribile drago fu ucciso dal grande cavaliere e futuro re, Richard Rosewall. Ma il drago ha maledetto la terra e la famiglia Rosewall con il suo ultimo respiro, e il 18° compleanno della figlia di Richard, Rebecca, un orribile demone è nato da uno dei denti rimanenti del drago... Tusker! Tusker inizia a manipolare lo spazio-tempo per unire molti futuri possibili e reclutare un enorme esercito di ghoul e mostri di tutti i periodi per distruggere il mondo! Tocca a Richard indossare ancora una volta la sua armatura e reclutare un nuovo esercito e distruggere Tusker prima che sia troppo tardi.
Shanghai - Banri no Choujou - The Great Wall (Japan) (1M)	Shanghai: Saturn's Triple Threat è un gioco Mah-Jong in cui l'obiettivo è trovare le coppie per farle sparire. Queste parti non devono essere bloccate prima di poter essere rimosse. Sono disponibili altre modalità di gioco oltre a questa &quot;classica Shanghai&quot;, nonché una modalità per 2 giocatori.
Shanghai - Great Moments (Japan) (1M)	Shanghai Great Moments include quattro versioni del classico gioco di Shanghai: The Great Wall (Shanghai incontra Tetris), Pechino (Fai scorrere le righe per creare abbinamenti, Action Shanghai (rimuovi rapidamente le tessere prima che ne appaiano altre) e Classic Shanghai (normale o a faccia in giù per un sfida in più).
Shanghai - Triple-Threat (USA)	Shanghai: Saturn's Triple Threat è un gioco Mah-Jong in cui l'obiettivo è trovare le coppie per farle sparire. Queste parti non devono essere bloccate prima di poter essere rimosse. Sono disponibili altre modalità di gioco oltre a questa &quot;classica Shanghai&quot;, nonché una modalità per 2 giocatori.
She'sn (Japan)	She'sn è un romanzo d'avventura d'amore che si concentra su quattro storie diverse attraverso tutte e quattro le stagioni. Il giocatore può scegliere di riprodurre la storia di qualsiasi stagione in qualsiasi ordine. La stagione diversa presenta anche diverse eroine e diverse storie d'amore da interpretare. La storia della primavera ruota intorno all'amore proibito. La stagione estiva ruota attorno a un amico d'infanzia. La storia d'amore in autunno riguarda la storia d'amore scolastica. E la stagione invernale parla di una triste storia d'amore.
Shellshock (USA)	Shellshock è un gioco d'azione / tiro su Saturno. Il giocatore prende il controllo della Squadra A, una banda di mercenari che combattono per la Verità, la Giustizia e... l'Hip-Hop. Ben nascosto nel tuo carro armato, completi missioni con obiettivi diversi e vari, in ambienti aperti, cercando di raccogliere più denaro possibile per migliorare la tua macchina.
Shellshock - Jus' Keepin' da Peace (Japan)	Shellshock è un gioco d'azione / tiro su Saturno. Il giocatore prende il controllo della Squadra A, una banda di mercenari che combattono per la Verità, la Giustizia e... l'Hip-Hop. Ben nascosto nel tuo carro armato, completi missioni con obiettivi diversi e vari, in ambienti aperti, cercando di raccogliere più denaro possibile per migliorare la tua macchina.
Shichisei Toushin Guyferd - Crown Kaimetsu Sakusen (Japan)	Shichisei Tōshin Guyferd: Crown Kaimetsu Sakusen è un gioco FMV basato sulla serie TV Shichisei Tōshin Guyferd, di cui Capcom ha lavorato come sponsor principale. Il gioco è un film interattivo. Il giocatore naviga attraverso un labirinto e risolve i misteri mentre raccoglie oggetti e combatte i membri della Corona. Le battaglie sono simili ai giochi di ruolo, con una carta del giocatore e il nemico che combatte. Il giocatore può migliorare le sue statistiche con le fiches.
Shienryuu (Japan)	Shienryu è uno sparatutto 2D a scorrimento verticale su Saturno. Giochi come una nave e devi distruggere tutto ciò che incontri da solo o con un amico, attraverso vari livelli.
Shin Kaitei Gunkan - Koutetsu no Kodoku (Japan)	Shin Kaitei Gunkan: Koutetsu no Kodoku è un gioco di simulazione per Sega Saturn. Il gioco è basato sull'anime Shin Kaitei Gunkan.
Shin Megami Tensei - Devil Summoner (Japan) (Rev A)	Shin Megami Tensei: Devil Summoner è un gioco di ruolo su Saturn. Interpreti come uno studente la cui vita viene salvata da un uomo che afferma di essere un evocatore di demoni. A seguito di una catena di eventi inaspettati, il tuo spirito si ritrova nel suo corpo. Sta a te usare i tuoi nuovi poteri per venire in soccorso della tua ragazza. Quest'opera introduce in particolare un sistema di lealtà per i demoni, che possono disobbedire ai tuoi ordini ...
Shin Megami Tensei - Devil Summoner - Akuma Zensho (Japan)	Shin Megami Tensei: Devil Summoner: Akuma Zensho è un gioco di ruolo su Saturno del famoso franchise Shin Megami Tensei. In questa opera giochi come uno studente normale, fino a quando non incrocia il percorso del &quot;Devil Summoner&quot;. Cercherà quindi di sconfiggere i demoni per salvare la sua ragazza.
Shin Seiki Evangelion (Japan)	Questo è l'unico gioco uscito durante la trasmissione della serie animata. A causa di ciò, alcuni bug come il fatto che l'Unità Evangelion-00 conserva ancora la sua armatura gialla. Poiché il gioco è stato rilasciato prima della fine della serie, la storia del gioco è diversa dalla serie rivelando un nuovo Angelo: Angelo senza nome. Il gioco dura circa 30 minuti, durante i quali il giocatore deve agire per avanzare nella storia invisibile di una sequenza animata invisibile, soprattutto per i combattimenti di Eva in cui il giocatore deve eseguire correttamente una combinazione di tasti. Nelle sequenze non di combattimento, il giocatore potrebbe anche essere alle prese con scelte che determineranno il finale. Il gioco può essere trattato come una sorta di episodio personale con i titoli di coda della serie all'inizio di ogni parte.
Shin Seiki Evangelion - Eva to Yukai na Nakamatachi (Japan)	Shinseiki Evangelion: Eva to Yukai na Nakamatachi è un gioco di mahjong. Il gioco presenta 17 personaggi di alcuni dei franchise Gainax più popolari; Evangelion, Gunbuster e Secret of Blue Water Wonderland che si scontrano in un torneo di Mahjong.
Shin Shinobiden (Japan)	Shinobi X è un gioco d'azione su Saturno. Sho, un giovane ninja, deve salvare la figlia del suo defunto maestro, Aya, dalle grinfie di suo fratello Kazuma. In questo titolo 2D a scorrimento laterale, puoi imparare diverse tecniche di spada, così come diversi attacchi magici (&quot;Fire Dragon&quot;), oltre ai tuoi colpi e shuriken originali.
Shin Theme Park (Japan)	Shin Theme Park è una variante del parco a tema, presumibilmente adattato per essere più attraente per il mercato giapponese. In sostanza, sembra essere lo stesso gioco, anche se la sequenza introduttiva è stata sostituita e gran parte della grafica è stata ridisegnata. Questo titolo non deve essere confuso con la versione giapponese di Playstation.
Shingata Kururin Pa! (Japan)	Shingata - Kururin Pa! è il seguito di Kururin Pa!, ed è anche un puzzle game in 2D con 10 personaggi diversi e 2 modalità di gioco:nn- Modalità Storia: gioca contro tutti i personaggi del computer e cerca di vincerli per completare il gioco. In questa modalità il giocatore può scegliere il livello di difficoltà del computer (ce ne sono 5 diversi, da maniaco a principiante)nn- Modalità VS: gioca contro un altro giocatore umano o un avversario del computer in una battaglia uno contro uno. - Modalità pratica: pratica il gioco. Il gameplay riguarda il fatto che ci sono alcuni pezzi di corda che cadono dal soffitto e il giocatore deve unirli e quando appare un pezzo di fuoco usalo alla fine dei pezzi di corda uniti per farli scomparire e inviarli all'avversario. Ci sono alcuni pezzi che hanno una forma facciale e per farlo scomparire dovevano essere accanto ad alcuni pezzi di corda e scompariranno quando il fuoco attiverà i pezzi di corda.
Shining Force III (USA)	Shining Force III è un gioco di ruolo tattico a turni su Saturno. La tranquilla cittadina di Sarabanda è stretta tra due potenze rivali: la Repubblica e l'Impero. Accompagnato da un gruppo di giovani guerrieri, devi contenere il crescente tumulto e fermare questo conflitto inutile.
Shining Force III - Scenario 1 - Outo no Kyoshin (Japan)	Shining Force III è un gioco di ruolo tattico a turni su Saturno. La tranquilla cittadina di Sarabanda è stretta tra due potenze rivali: la Repubblica e l'Impero. Accompagnato da un gruppo di giovani guerrieri, devi contenere il crescente tumulto e fermare questo conflitto inutile.
Shining Force III - Scenario 2 - Nerawareta Miko (Japan)	Shining Force III: Scenario 2 on Saturn offre un secondo scenario al gioco di ruolo Shining Force III. La nuova storia segue il giovane principe Medion.
Shining Force III - Scenario 3 - Hyouheki no Jashinguu (Japan)	Shining Force III: Scenario 3 on Saturn offre un terzo scenario per il gioco di ruolo Shining Force III. Interpreti nei panni di Julian, un mercenario incaricato di accompagnare il giovane Gracia nella sua ricerca della pace. Questo terzo scenario si unisce infine ai due precedenti per una lotta finale contro le forze del male.
Shining Force III Premium Disc (Japan)	Shining Force III: Premium Disc on Saturn è un disco offerto ai giocatori giapponesi che hanno acquistato tutti e tre gli scenari di Shining Force III. Oltre a bonus come disegni di produzione, film o musica, il disco offre una modalità di combattimento bonus in cui puoi formare una squadra disegnando 12 personaggi della serie.
Shining the Holy Ark (USA)	Shining the Holy Ark è un gioco di ruolo su Saturno. Sei nei panni di un giovane avventuriero che dovrà combattere le forze del male di un re caduto. Diversi personaggi che segnano il tuo percorso ti aiuteranno a raggiungere la tua missione.
Shining Wisdom (USA)	Shining Wisdom è un gioco di ruolo d'azione su Saturno. Interpreti come un giovane eroe con un futuro promettente poiché sei il prescelto. Quindi, devi combattere contro un drago e riportare l'ordine nella terra. Inoltre, sei dotato di vari poteri tramandati da tuo nonno e sei pronto ad affrontare diversi pericoli.
Shinobi Legions (USA)	Shinobi X è un gioco d'azione su Saturno. Sho, un giovane ninja, deve salvare la figlia del suo defunto maestro, Aya, dalle grinfie di suo fratello Kazuma. In questo titolo 2D a scorrimento laterale, puoi imparare diverse tecniche di spada, così come diversi attacchi magici (&quot;Fire Dragon&quot;), oltre ai tuoi colpi e shuriken originali.
Shinobi-X - Shin Shinobi Den (Europe)	Shinobi X è un gioco d'azione su Saturno. Sho, un giovane ninja, deve salvare la figlia del suo defunto maestro, Aya, dalle grinfie di suo fratello Kazuma. In questo titolo 2D a scorrimento laterale, puoi imparare diverse tecniche di spada, così come diversi attacchi magici (&quot;Fire Dragon&quot;), oltre ai tuoi colpi e shuriken originali.
Shinouken (Japan)	Shinouken è un gioco di combattimento Neo Geo 2D pubblicato nel 1996. La versione Sega Saturn è un porting del port CD Neo-Geo. La versione Saturn è stata rilasciata solo in Giappone, tuttavia altre versioni sono arrivate in occidente come Ragnagard. A differenza della versione arcade, in cui il giocatore poteva giocare come uno dei boss inserendo un cheat code, la versione Sega Saturn permetteva al giocatore di giocare come boss solo entrando in modalità versus. I personaggi del gioco sono tutti basati su divinità shintoiste.
Shinpi no Sekai El-Hazard - El-Hazard - The Magnificent World for Sega Saturn (Japan) (2M)	Shinpi no Sekai: El-Hazard (-? Haz Haz Haz?? Is) è basato su un anime con lo stesso titolo. Il protagonista della storia è un giovane liceale, Makoto Mizuhara, che si ritrova, a causa di varie circostanze, immerso nel fantastico mondo di El-Hazard. Sebbene il personaggio principale e l'ambientazione siano basati sull'anime, è una storia completamente nuova con alcuni cambiamenti e nuovi personaggi. Il gioco si presenta come un romanzo visivo avanzato che è completamente vocale e mostra il protagonista e altri personaggi sullo schermo durante i dialoghi. Le scene e le animazioni degli eventi sono abbastanza comuni e le pose dei personaggi che illustrano la loro disposizione attuale vengono visualizzate in immagini di ritratto anch'esse animate.
Shinrei Jusatsushi Taroumaru (Japan)	Il ninja psichico Taromaru e il suo compagno Enkai partono per sconfiggere le forze soprannaturali che minacciano la campagna giapponese. Devi combattere attraverso diverse fasi di azione a scorrimento laterale ambientate nel Giappone feudale, affrontando tutti i tipi di orrori non morti e salvando villaggi da demoni furibondi.
Shinsetsu Samurai Spirits - Bushidou Retsuden (Japan)	Samurai Shodown RPG è un gioco di ruolo su Saturno che si ispira direttamente al famoso gioco di combattimento Samurai Shodown. Inizi l'avventura con la tua scelta di uno dei sei personaggi: Haohmaru, Nakoruru, Genjuro Kibagami, Galford D. Weller, Ukyo Tachibana e Cham Cham. La storia cambia poco a seconda del personaggio scelto, solo i dialoghi e l'aspetto di alcuni non sono gli stessi.
Shinsetsu Yumemi Yakata - Tobira no Oku ni Dareka ga... (Japan) (Rev A) (1M)	The Mansion of Hidden Souls, noto come Shinsetsu Yumemi Yakata: Tobira no Oku ni Dareka ga... in Giappone, è un sequel di Sega Saturn di Yumemi Mystery Mansion. Goffamente il suo prequel si chiama Mansion of Hidden Souls in Nord America, il che può portare a un po' di confusione. È stato seguito da Torico nel 1996.
Shippuu Mahou Daisakusen - Kingdom-Grandprix (Japan)	Shippuu Mahou Daisakusen o Kingdom Grandprix è uno sparatutto arcade 2D e una combinazione di corse, una continuazione di Sorcer Striker. Il gioco ha molte creature fantastiche e veicoli futuristici. Il giocatore sceglie 1 degli 8 personaggi - tutti gli altri sono rivali in gara. Il giocatore si muove più velocemente tenendo premuto il pulsante di fuoco (ma poi è indifeso) e avvicinandosi all'estremità superiore dello schermo. Oltre a questo, il gioco è un tipico sparatutto a scorrimento verticale: il giocatore vola in avanti, spara a nemici e boss e raccoglie vari potenziamenti, come bombe extra, proiettili a ricerca o più potenza per sparare con la pistola. Il gioco ha dodici fasi, ma non è lineare: dopo aver completato ogni livello, il giocatore sceglie uno dei due livelli.
Shiroki Majo - Mou Hitotsu no Eiyuu Densetsu (Japan) (Disc 1)	Shiroki Majo: Mouhitotsu no Eiyuu Densetsu è un gioco di ruolo di Falcom portato su Sega Saturn in Giappone da Hudson nel 1998. È il terzo capitolo della serie The Legend of Heroes/Eiyuu Densetsu di Falcom e il primo capitolo di quella serie a non essere parte della serie Dragon Slayer.
Shockwave Assault (USA)	Shockwave Assault combina Shockwave e la sua espansione Operation Jumpgate e li rende disponibili per i sistemi diversi dal 3DO per la prima volta. nnIn Shock Wave, il giocatore assume il ruolo di un pilota alle prime armi, difendendo la Terra da un'invasione aliena. Dalla cabina di pilotaggio del caccia F-177, si spara ai camminatori e ai caccia alieni con laser e missili, riarmandosi e facendo rifornimento ai depositi di rifornimento quando necessario. La storia è raccontata con filmati live-action.
Shougi Matsuri (Japan)	Shougi Matsuri è un gioco shougi, sviluppato da Seta Co., Ltd., Random House Inc., Nihon Shogi Network e pubblicato da Seta Co., Ltd., pubblicato in Giappone nel 1995 per Sega Saturn.
Shoujo Kakumei Utena - Itsuka Kakumei Sareru Monogatari (Japan) (Disc 1)	Il gioco è una storia secondaria dell'anime Shoujo Kakumei Utena, ambientato tra gli episodi 8 e 9 della serie TV. La protagonista è una studentessa che si trasferisce alla Ohtori Academy e viene coinvolta negli intrighi politici e nei duelli con le spade che la caratterizzano.
Shouryuu Sangoku Engi (Japan)	Shouryuu Sangoku Engi è un gioco di simulazione storico per Sega Saturn. Il gioco è apparentemente basato sui romanzi di Romance of the Three Kingdoms.
Shunsai (Japan)	Shunsai gioco di simulazione di corse di cavalli, sviluppato e pubblicato da Naxat Co., Ltd. (Naxat Soft), che è stato rilasciato in Giappone nel 1996 per Sega Saturn.
Shusse Mahjong Daisettai (Japan)	Shusse Mahjong Daisettai è un gioco di mahjong per Sega Saturn. Il gioco presenta una modalità storia in cui i giocatori possono scegliere dalla difficoltà principiante a quella professionale.
Shutsudou! Miniskirt Police (Japan) (2M)	Shutsudou!Mini-skirt Police è un gioco d'azione composto da vari minigiochi in cui il giocatore interpretava delle giovani poliziotte in minigonna. Pubblicato da Sada Soft e sviluppato da Genki per Sega Saturn. Questo gioco è basato sull'omonimo programma televisivo. Una versione in edizione limitata del gioco include un mini CD audio e una figura della polizia in minigonna.
Sid Meier's Civilization - Shin Sekai Shichidai Bunmei (Japan)	Civilization è un gioco di strategia a turni. Il gioco inizia nel 4000 a.C. Il giocatore interpreta il ruolo di leader di una civiltà, che inizia con una singola unità di colonizzazione e un guerriero, e cerca di costruire un impero in competizione con una o undici altre civiltà. Il gioco richiede una discreta quantità di micromanagement. Oltre ai compiti più ampi di esplorazione, guerra e diplomazia, il giocatore deve decidere dove costruire nuove città, quali potenziamenti o unità costruire in ogni città, quali progressi di conoscenza ricercare e come trasformare il territorio che circonda le città per ottenere il massimo beneficio. Di tanto in tanto, le città del giocatore possono essere infastidite dai barbari, unità senza nazionalità specifica e senza leader nominati. Queste minacce provengono solo da terre o mari non ancora scoperti.
Side Pocket 2 - Densetsu no Hustler (Japan)	Side Pocket 2 è un gioco di biliardo pubblicato per Sega Mega Drive e Sega Saturn nel 1995. Quando è stato portato in Nord America, il gioco è stato ribattezzato Minnesota Fats: Pool Legend. Mentre le versioni Mega Drive e Sega Saturn di Side Pocket 2 condividono un gameplay simile, la versione Saturn ha una modalità storia completamente diversa, completa di filmati video in full motion. Le due versioni hanno anche colonne sonore diverse.
Side Pocket 3 (Japan)	Side Pocket 3 è un videogioco di biliardo tascabile esclusivo per il Giappone per Sega Saturn, che è stato rilasciato anche in seguito per PlayStation. Come il suo predecessore, Side Pocket 2, presenta la somiglianza nel gioco di un giocatore di biliardo professionista nella vita reale. In questo caso, è il membro JPBA, Kyoko Sone. Il gioco è il terzo e ultimo capitolo della serie Side Pocket. nnA differenza delle puntate precedenti della serie Side Pocket, Side Pocket 3 rende l'ambiente della sala da biliardo con poligoni 3D. Nonostante ciò, la tabella può ancora essere visualizzata in modo tradizionale, dall'alto verso il basso. nnLe modalità di gioco sono costituite da: modalità storia, modalità allenamento, modalità gioco acrobatico e modalità versus. Le varianti di gioco includono: palla otto, palla nove, rotazione, 14.1 continua, bowliards, tagliagole, tre palle, poker, gioco tascabile, mitsudama e yotsudama.
Silhouette Mirage (Japan)	Silhouette Mirage ti mostrerà come scrivere un platform 2D ricco di azione! Assumi il ruolo di Shyna Nera Shyna, una Messaggera, mentre affronta una corsa sfrenata attraverso un futuro apolcalittico per trovare e distruggere il furioso Edo Computer. Ma attenzione! La terra è piena di un intero cast di nemici stravaganti e mutanti, che sono guidati dai poteri Silhouette o Mirage, e tutti loro sono pronti a fermare Shyna! Sta a te usare i poteri di Shyna, che è sia una Silhouette che un Mirage, per sconfiggere i suoi nemici e salvare la terra!
SimCity 2000 (USA)	SimCity 2000 è il successore del rivoluzionario gioco di simulazione di città Sim City. Sei di nuovo il sindaco, ma questa volta puoi personalizzare completamente il terreno prima di costruire la tua città. La grafica è isometrica, mentre l'originale aveva la grafica visualizzata in modo dall'alto verso il basso. nnQuesto titolo aggiunge numerose funzionalità rispetto all'originale come la capacità di costruire zone &quot;leggere&quot;, metropolitane, ospedali, college, zoo e arcos che sono in realtà città nelle città. Ora puoi dare nomi ai luoghi e la tua città è circondata da città vicine con cui puoi fare scambi. Infine, invece del sondaggio nel primo gioco, ora hai la possibilità di leggere diversi giornali per avere un'idea dei tuoi progressi.
Simulation RPG Tkool (Japan)	Il gioco di ruolo di simulazione Tsukuru è, molto simile ai suoi fratelli nella linea di giochi RPG Maker, un kit di costruzione e un editor per creare giochi di ruolo. In questo caso, è? simulazione? Giochi di ruolo o, come sono più comunemente noti, giochi di ruolo tattici/strategici sulla scia di Fire Emblem e Shining Force. Il kit di costruzione offre al giocatore un'interfaccia basata su menu in cui è possibile modificare quasi ogni dettaglio del gioco in corso.
Simulation Zoo (Japan)	Simulation Zoo è un gioco per Sega Saturn sviluppato da Computer & Entertainment Inc.. È l'unico videogioco con licenza di C&E per un sistema Sega: i loro lavori precedenti per Sega Mega Drive erano stati tutti prodotti senza licenza e rilasciati solo nell'Asia continentale.
Skeleton Warriors (USA)	Sei il principe Lightstar, con la missione di conquistare e uccidere il barone Dark, che detiene la metà di un potente cristallo chiamato Lightstar Crystal. Con quel cristallo può trasformare chiunque abbia un cuore malvagio nel suo schiavo scheletro. nnIl gioco è un platform 2D a scorrimento laterale con grafica 3D pre-renderizzata, con circa 100 tipi di nemici da uccidere con le armi che possiedi. Devi completare 21 livelli pieni di creature demoniache malvagie prima di poter combattere lo stesso Baron Dark, con filmati 3D renderizzati tra alcuni livelli.
Skull Fang - Kuuga Gaiden (Japan)	Skull Fang è uno sparatutto spaziale su Saturno. Basato sull'omonimo gioco arcade, il software offre la possibilità di scegliere tra diverse navi, diversi piloti e di attaccare battaglioni nemici su livelli a scorrimento verticale. Per fare ciò, puoi scegliere tra diverse armi come laser o missili.
Sky Target (USA)	Sky Target è stato originariamente rilasciato come gioco arcade del 1995. Il gioco è uno sparatutto su rotaia con un numero di aerei incluso l'F-14D Super Tomcat predefinito. È ricordato soprattutto per il suo collegamento semi-ufficiale al precedente successo di Sega After Burner. Il porting di Saturno mantiene il gameplay dell'originale ma ha filmati completamente ridisegnati, un'opzione di selezione della difficoltà e una nuova modalità di classifica.
Slam 'n Jam '96 featuring Magic & Kareem (Japan)	Preparati a portarlo in buca con Magic Johnson e Kareem Abdul Jabbar in Slam 'N Jam '96: con Magic & Kareem! Con arene 3D completamente renderizzate, i giocatori possono eseguire il famosissimo sky-hook, eseguire passaggi no-look, visualizzare replay istantanei per giocate spettacolari e impostare tutti i tipi di strategie offensive e difensive. Inoltre, Van Earl Wright torna come commentatore play-by-play!
Slam 'n Jam '96 featuring Magic & Kareem - Signature Edition (USA)	Preparati a portarlo in buca con Magic Johnson e Kareem Abdul Jabbar in Slam 'N Jam '96: con Magic & Kareem! Con arene 3D completamente renderizzate, i giocatori possono eseguire il famosissimo sky-hook, eseguire passaggi no-look, visualizzare replay istantanei per giocate spettacolari e impostare tutti i tipi di strategie offensive e difensive. Inoltre, Van Earl Wright torna come commentatore play-by-play!
Slayers Royal (Japan)	Slayers Royal è un gioco di ruolo tattico del 1997 originariamente pubblicato per Sega Saturn. Slayers Royal è stato il terzo adattamento videoludico della serie Slayers e il primo che presentava le scene tagliate in full motion e i doppiatori delle versioni anime. Contrariamente ai suoi due predecessori puramente di ruolo nella serie di videogiochi fantasy Slayers, Royal è un gioco di ruolo tattico.
Slayers Royal 2 (Japan) (1M)	Slayers Royal 2 è il seguito di Slayers Royal del 1997, ma è una storia a sé stante nel franchise di Slayers e non un sequel diretto. Slayers Royal 2 mantiene il gameplay generale del suo predecessore di un gioco di ruolo tattico con fasi di esplorazione, ma con alcune differenze. Notevoli cambiamenti rispetto all'originale Slayers Royal includono una semplificazione del sistema di navigazione della città (che non assomiglia più ai giochi di avventura), l'introduzione del ciclo giorno/notte e la presenza di dungeon liberamente esplorabili durante il gioco. Il sistema di combattimento ha subito una revisione radicale rispetto al gioco precedente. Invece del sistema di turni pseudo-in tempo reale, ora è puramente a turni.
Snatcher (Japan)	Snatcher si svolge nella città futuristica di Neo Kobe, una città di follia e degrado. L'anno è il 2047. L'umanità sta affrontando la sua più grande crisi. È apparsa una misteriosa forma di vita bio-roidea. La sua vera natura e il suo scopo sono sconosciuti. È l'arma segreta di un paese o un alieno? Appaiono in inverno, uccidono le persone e prendono il loro posto nella società. Hanno una pelle artificiale, sudano e sanguinano. È stata formata una nuova forza di polizia, appositamente addestrata per combattere gli Snatcher: i JUNKER. Ogni volta che si incontra qualcuno, bisogna porsi una domanda difficile: è una persona o un ladro? Il giocatore assume il controllo di Gillian Seed, una JUNKER. Il gameplay segue in gran parte la struttura di un'avventura in stile giapponese. Il giocatore utilizza un'interfaccia guidata da un menu per eseguire i comandi, che comprendono lo spostamento da un luogo all'altro e l'interazione con l'ambiente.
Soeldnerschild (Japan)	Söldnerschild è ambientato in una versione fantasy dell'Europa medievale. Simile a Inindo: Way of the Ninja, il personaggio del giocatore è l'omonimo mercenario del fronte di battaglia che guida un gruppo di mercenari durante il gioco. Il protagonista non è direttamente coinvolto nella politica, ma le sue azioni in battaglia e le sue affiliazioni possono rimodellare il governo e la leadership del paese.
Sokkou Seitokai - Sonic Council (Japan)	Liceo Jinsoku. A prima vista, è una scuola che è ovunque,nncon una cricca di una banda di quattro studentesse combattenti in stile consiglio studentesco chennmantieni l'abilità di combattimento &quot;Tetsuwan&quot; al di là della conoscenza presente lì. Questennle persone sono chiamate &quot;Sokkou Seitokai&quot; (Consiglio Sonico) perché traboccanonncon ambizione.
Sol Divide (Japan)	è Ambientato su uno sfondo fantasy medievale, Sol Divide è uno sparatutto a scorrimento laterale 2D che mette uno o due giocatori contro un'orda di nemici volanti. Ci sono tre diversi personaggi che possono essere interpretati, ognuno con la propria arma e stile di combattimento. Sconfiggendo i nemici è possibile trovare varie pergamene magiche che consentono al giocatore di lanciare diversi tipi di incantesimi tra cui fulmini e fuoco. nnLa storia stessa riguarda un essere malvagio che parte alla ricerca di una Power Stone e abbatte tutti sul suo cammino con la sua spada, il Sol Divide. Sta a te fermarlo, facendoti strada attraverso diversi livelli sia in modalità Arcade che in modalità originale (che contengono aree diverse e richiedono tattiche diverse per essere superate, la modalità originale è progettata come un'esperienza più difficile per i giocatori che vogliono progredire su a una sfida più alta).
Solar Eclipse (USA) (2S)	Solar Eclipse è uno sparatutto 3D che si svolge su e vicino alle numerose lune di Saturno. Sei un pilota di successo con un passato travagliato. Sei stato riassegnato a un nuovo squadrone a bordo di una portaerei di classe Tomlinson. Ci sono problemi in una colonia mineraria sulla luna Janus. Il tuo squadrone viene inviato per indagare e scoprire molto di più di quanto cercassero.
Solo Crisis (Japan) (1M)	Solo Crisis è spesso visto come il successore spirituale di ActRaiser e ActRaiser 2 di Quintet, pubblicati su Super NES. Mentre i giochi ActRaiser sono un misto tra platform a scorrimento laterale e costruzione del mondo, Solo Crisis si concentra esclusivamente sull'aspetto della costruzione del mondo. Il gameplay è simile a Populous.
Sonic 3D - Flickies' Island (Europe)	Sonic 3D Blast, noto anche come Sonic 3D: Flickies' Island, è un videogioco platform del 1996 sviluppato da Traveller's Tales e Sonic Team e pubblicato da Sega per Genesis, Saturn e Windows. Parte della serie Sonic the Hedgehog, il gioco abbandona lo stile a scorrimento laterale dei precedenti giochi di Sonic a favore del gameplay isometrico, utilizzando alcuni modelli 3D pre-renderizzati convertiti in sprite. Il gioco presenta creature conosciute come Flickies, che sono apparse per la prima volta nel gioco arcade del 1984 Flicky. Controllando solo lo stesso Sonic, l'obiettivo del giocatore è quello di raccogliere Flickies e portarli in salvo, combattendo periodicamente con l'antagonista della serie Dr. Robotnik, che li sta imprigionando all'interno dei robot. nnMentre 3D Blast è stato inizialmente creato per Genesis, Sega ha anche commissionato un porting per Saturn come piano di riserva nel caso in cui Sonic X-treme non potesse essere rilasciato in tempo per le festività natalizie.
Sonic 3D Blast (USA)	Sonic 3D Blast, noto anche come Sonic 3D: Flickies' Island, è un videogioco platform del 1996 sviluppato da Traveller's Tales e Sonic Team e pubblicato da Sega per Genesis, Saturn e Windows. Parte della serie Sonic the Hedgehog, il gioco abbandona lo stile a scorrimento laterale dei precedenti giochi di Sonic a favore del gameplay isometrico, utilizzando alcuni modelli 3D pre-renderizzati convertiti in sprite. Il gioco presenta creature conosciute come Flickies, che sono apparse per la prima volta nel gioco arcade del 1984 Flicky. Controllando solo lo stesso Sonic, l'obiettivo del giocatore è quello di raccogliere Flickies e portarli in salvo, combattendo periodicamente con l'antagonista della serie Dr. Robotnik, che li sta imprigionando all'interno dei robot. nnMentre 3D Blast è stato inizialmente creato per Genesis, Sega ha anche commissionato un porting per Saturn come piano di riserva nel caso in cui Sonic X-treme non potesse essere rilasciato in tempo per le festività natalizie.
Sonic Jam (USA)	Una raccolta delle più grandi avventure 2D di Sonic. Nel disco è incluso l'originale Sonic the Hedgehog, Sonic 2 (con Tails), Sonic 3 plus Sonic & Knuckles. nnOgni gioco ti fa assumere il controllo di Sonic (e più avanti nella serie, Tails and Knuckles) che deve usare la sua velocità per farsi strada attraverso un livello dopo l'altro e salvare i suoi amici animali dal malvagio Dr. Robotnik. Lungo la strada ti godrai anche round bonus in terza persona e affronterai una serie di boss di fine livello. nnUn'esclusiva della raccolta Saturn è il museo Sonic 3D, che ti consente di controllare un Sonic animato in 3D attraverso un mondo pieno di informazioni storiche sulla serie Sonic, inclusi dietro le quinte, dettagli sui personaggi di ogni gioco, opere d'arte e altro ancora.
Sonic R (USA, Brazil)	Sonic R è un gioco di corse Saturn. Potrai guidare uno dei cinque personaggi dell'universo di Sonic: Sonic stesso, Tails, Knuckles, Friend e la sua macchinina, e persino il terribile Dr. Robotnik (irraggiungibile all'inizio del gioco). Una volta scelto il tuo personaggio, sceglierai uno dei cinque circuiti del gioco, ognuno con diversi rami e passaggi segreti.
Sonic Wings Special (Japan)	Un'organizzazione segreta chiamata Fata Morgana sta sviluppando un'arma in grado di uccidere o ferire i due terzi della popolazione mondiale. Un gruppo sovranazionale di esperti di combattimento di tutto il mondo chiamato Project Blue è stato istituito per contrastare le azioni malvagie di Fata Morgana. nnSonic Wings Special è un port potenziato ed ampliato di Aero Fighters Special (Sonic Wings Limited in Giappone), uno sparatutto coin-op con scorrimento verticale. Il gioco coin-op originale utilizza livelli alterati, grafica e molte funzionalità di Aero Fighters, Aero Fighters 2 e Aero Fighters 3.
Sorvice (Japan)	Sorvice è un gioco di ruolo d'azione pubblicato per Sega Saturn esclusivamente in Giappone. Il gioco presenta un gameplay simile ai vecchi giochi di Zelda. Il giocatore visita le città e combatte i nemici nei sotterranei.
Sotsugyou - Graduation S (Japan)	Sotsugyou S (卒業Ｓ) è un gioco di simulazione, sviluppato da Headroom / NEC Interchannel, Ltd. e pubblicato da NEC Interchannel, Ltd., pubblicato in Giappone nel 1997 per Sega Saturn.
Sotsugyou Album (Japan)	Sotsugyou Album è un fan disc per la serie Sotsugyou. Il gioco presenta opere d'arte, videoclip dei doppiatori, ecc.
Sotsugyou Crossworld (Japan)	Sotsugyou: Crossworld si allontana dallo stile di gioco di simulazione per passare a uno stile giapponese di giochi di avventura. Il gioco presenta tutti i nuovi personaggi, tutto il nuovo look, ma la stessa idea di base.
Sotsugyou II - Neo Generation (Japan) (1M)	I giocatori assumono il ruolo di un insegnante di classe che deve gestire cinque adolescenti ribelli; Rica, Cyndi, Misa, Myna e Sari, per un anno intero. Se il giocatore è troppo severo, potrebbe ribellarsi e scappare, o ammalarsi e abbandonare. Troppo indulgenti, e potrebbero abbandonare la scuola e la festa, o trovare un fidanzato perdente. L'equilibrio è la chiave di questo gioco. L'obiettivo finale è portare le ragazze alla laurea.
Sotsugyou III - Wedding Bell (Japan)	Il giocatore assume il ruolo di un insegnante, che sposa uno dei suoi studenti. Il preside lo scopre e chiede allo studente di essere espulso dalla scuola. L'insegnante fa un patto con il preside che questa vita segreta con i suoi studenti non sarà rivelata al pubblico e promette anche che istruirà i suoi studenti fino al massimo quando si diplomeranno.
Soukuu no Tsubasa - Gotha World (Japan) (Disc 1)	Soukuu no Tsubasa: Gotha World è un gioco di simulazione di combattimento aereo. È stata l'ultima puntata della serie Gotha pubblicata nel 1997. Nel gioco, i giocatori muovono una nave usando un movimento d'azione limitato. Dopo aver completato un movimento, i giocatori possono selezionare un'azione; spara con armi diverse, visualizza lo stato dei giocatori o delle navi nemiche, termina il turno, ecc.
Soukyuu Gurentai (Japan)	Soukyugurentai, noto anche come Terra Diver, è uno sparatutto a scorrimento verticale di Raizing pubblicato originariamente come gioco arcade per la piattaforma ST-V nel 1996. Il port Saturn è stato rilasciato cinque mesi dopo l'uscita arcade. Poiché l'hardware arcade originale era basato direttamente sull'architettura Sega Saturn, questa è una conversione ravvicinata del gioco originale. Sono state inoltre aggiunte diverse opzioni e funzionalità, incluso il supporto per Multi Controller e Mission Stick.
Soukyuu Gurentai - Otokuyou (Japan)	Soukyugurentai è stato distribuito per la prima volta per le sale giochi in Giappone nel settembre 1996. Il gioco è stato rilasciato come kit di cartucce per la scheda di sistema arcade ST-V di Sega. Sebbene il gioco non sia mai stato ampiamente distribuito al di fuori del Giappone, l'inserimento della cartuccia su una scheda ST-V straniera imposterà la lingua del gioco in inglese e cambierà il titolo in Terra Diver (entrambi i titoli sono stampati sull'etichetta della cartuccia). Una versione per Sega Saturn è stata rilasciata da Electronic Arts nel febbraio 1997, cinque mesi dopo l'uscita arcade. Poiché l'hardware arcade originale era basato direttamente sull'architettura Sega Saturn, questa è una conversione fedele al gioco originale.
Sound Novel Machi (Japan) (Disc 1) (10.11-10.13 Incl.) (1M)	L'idea del gioco è quella di far vivere ai giocatori cinque giorni nella vita di otto personaggi diversi. Vivono tutti da qualche parte in città, ognuno preoccupato per i propri problemi. Le loro strade potrebbero incrociarsi senza che loro se ne rendano conto. In qualsiasi momento del gioco, i giocatori possono passare da un personaggio all'altro, ma quando lo fanno, il giorno o l'ora del giorno dell'altro personaggio corrisponde a quello che hanno attualmente.
Sound Novel Tkool 2 (Japan)	Sound Novel Tsukuru 2 (Sound Novel Maker 2) è un gioco per PlayStation e Saturn rilasciato esclusivamente in Giappone. È il sequel di Sound Novel Tsukuru per Super Famicom. Il gioco è uno strumento per la creazione di giochi che si concentra sui &quot;romanzi sonori&quot;. Il gioco presenta alcuni romanzi sonori già creati che il giocatore può giocare, tutti con finali diversi a seconda delle scelte del giocatore nel gioco.
Sound Qube (Japan)	I giocatori sono armati con un sonar rosso e blu. Ogni livello ha un numero di cubi impilati, visivamente sembrano tutti uguali, ma usando il sonar i giocatori possono scoprire se il cubo è rosso, blu, bianco, Core o Jammer. Per completare il livello bisogna trovare il cubo 'Core' ed eliminarlo.
Soviet Strike (USA)	Nel 1991, l'URSS (Unione delle Repubbliche Socialiste Sovietiche) che vantava la più grande forza militare della storia, crollò improvvisamente e inaspettatamente. Da quel momento l'impero caduto è rimasto senza vita: un ricco cadavere in attesa di essere ripulito. Ora, un sinistro ex generale del KGB, nome in codice Shadowman, dirige uno stormo di avvoltoi per piombare da tutte le parti dell'Europa orientale e rivendicare le testate nucleari e le armi del terrore di massa della Russia. Mentre dirige queste &quot;guerre di liberazione&quot;, Shadowman intende scuotere le fondamenta della Russia democratica, determinando un ritorno alla Guerra Fredda... o anche peggio.
Space Hulk - Vengeance of the Blood Angels (USA)	È il 41° millennio. Per 20.000 anni l'umanità si è espansa in tutta la galassia aiutata da un'invenzione fenomenale nota come Warp Drive, che consente di percorrere enormi distanze spaziali in poche ore. Sotto gli auspici dell'Imperatore; un sensitivo così potente da essere essenzialmente immortale, è stato stabilito un Impero pan-galattico in cui l'umanità si è diffusa e prosperata. I difensori dell'Imperium sono gli Adeptus Astartes, o Space Marines, guerrieri geneticamente modificati dall'abilità sovrumana, sempre vigili nel distruggere le numerose minacce che l'umanità deve affrontare nel cosmo. Il giocatore è uno di questi Space Marine, appartenente a uno dei Capitoli più antichi e onorevoli conosciuti come gli Angeli Sanguinari, i cui onori in battaglia risalgono a quando esiste l'Imperium.
Space Invaders (Japan)	La versione per console Saturn del 1996 del classico gioco arcade sparatutto Space Invaders è stata rilasciata esclusivamente in Giappone. Il gioco contiene quattro varianti del gioco arcade originale di Space Invaders, ognuna con diverse sovrapposizioni. È inclusa anche una modalità &quot;battaglia&quot; per due giocatori.
Space Jam (USA)	Tratto dall'omonimo film, Space Jam on Saturn racconta le avventure dei più famosi personaggi dei Looney Tunes attaccati da piccoli alieni. Il destino delle melodie dovrà essere giocato in una semplice partita di basket. Facile all'inizio, tranne quando i piccoli alieni si trasformano in enormi mostri! Fortunatamente, puoi contare sull'aiuto inaspettatamente sorprendente di Michael Jordan in molti minigiochi, in gran parte basati sul multiplayer.
Spot Goes to Hollywood (USA)	Il personaggio centrale di questo gioco è Spot, l'omino rosso degli spot televisivi di 7-Up. Spot è in qualche modo rimasto intrappolato in un proiettore cinematografico. Mentre salta da un film all'altro, incontra molti generi di film classici che compongono tutti i diversi livelli del gioco. I livelli principali sono un film sui pirati, un film d'avventura e un film horror, ma ci sono molti altri film bonus da sbloccare. nnIl gioco è giocato da una prospettiva isometrica. Mentre controlli il punto, devi raccogliere 5 stelle di Hollywood per livello per sbloccare aree nascoste e alla fine completare il gioco al 100%.
Stakes Winner - GI Kanzen Seiha e no Michi (Japan)	Stakes Winner è un gioco di corse di cavalli. nnLe gare possono essere inserite da uno o due giocatori e coinvolgono otto cavalli in lotta per la vittoria; ciascuno degli otto cavalli (nell'ordine in cui il gioco li presenta in: White Heat, Hot Sand, Euro Union, Asian Hope, Brave Lady - l'unica femmina - Be Silent, US Fighter, Sky Dancer) dati per la selezione è caratterizzato da tre parametri (denominati Â«abiliÂ» in-game): velocità, resistenza, forza, tutti misurati in stelle da un minimo di uno ad un massimo di cinque. I cavalli rivali non sono disponibili per la selezione da parte del giocatore: i loro nomi sono, ad esempio, il suono minaccioso o esilarante Â«Mr DeviousÂ», Â«Red VisionÂ», Â«Sunk StarÂ», Â«HelpMeÂ», Â« OhMygodÂ», Â«MangianociÂ». I nomi si differenziano anche essendo scritti tutti in maiuscolo i secondi, normalmente i primi.
Stakes Winner 2 - Saikyouba Densetsu (Japan)	Stakes Winner 2 - Saikyou Uma Densetsu è la versione Sega Saturn della macchina arcade Neogeo (1995) con lo stesso nome. Stakes Winner 2 nelle sale giochi offre premendo uno dei tre pulsanti per far galoppare il tuo cavallo veloce, più veloce o più veloce. nn
Standby Say You! (Japan)	Standby Say You! è un gioco di avventura sviluppato da Human per Sega Saturn. Ci sono tre varianti di copertina di questo gioco. Il giocatore controlla un direttore di uno studio di doppiaggio che deve completare la recitazione vocale di un nuovo videogioco. Deve parlare con gli attori e iniziare a registrare le voci nelle sequenze di gioco. Il gioco è stato rilasciato in tre varianti di copertina.
Star Bowling Vol. 2, The (Japan) (Disc 1)	La stella del bowling vol. 2 è un altro gioco di bowling rilasciato per Sega Saturn esclusivamente in Giappone. Il gioco segue la stessa formula del prequel.
Star Bowling, The (Japan) (Disc 1)	The Star Bowling è un gioco di bowling a dieci birilli con filmati FMV. I giocatori scelgono un partner da un elenco di ragazze.
Star Fighter (USA)	Sei l'unico pilota esperto in grado di testare la nave più avanzata di sempre per entrare a far parte della flotta FedNet. Preparati a mettere la tua vita nelle mani dei ragazzi del reparto Ricerca e Sviluppo. 60 dure missioni mettono alla prova il tuo metallo contro centinaia di nemici. Immergiti in un vasto mondo 3D. librarsi. Esplorare. Brucia migliaia di bersagli nemici. Combatti a terra, in mare, in aria e nello spazio: anche il cielo non è un limite per questa potente nave. Ma non perdere la testa, o troverai gli alieni fantasiosi che lo usano come posacenere souvenir.
StarFighter 3000 (Europe) (En,Fr,De,Es,It)	Sei l'unico pilota esperto in grado di testare la nave più avanzata di sempre per entrare a far parte della flotta FedNet. Preparati a mettere la tua vita nelle mani dei ragazzi del reparto Ricerca e Sviluppo. 60 dure missioni mettono alla prova il tuo metallo contro centinaia di nemici. Immergiti in un vasto mondo 3D. librarsi. Esplorare. Brucia migliaia di bersagli nemici. Combatti a terra, in mare, in aria e nello spazio: anche il cielo non è un limite per questa potente nave. Ma non perdere la testa, o troverai gli alieni fantasiosi che lo usano come posacenere souvenir.
Steam-Heart's (Japan)	Steam-Heart's è un gioco sparatutto verticale erotico sviluppato da GIGA e pubblicato inizialmente da TGL per la piattaforma PC98 nel 1994. Successivamente è arrivato al PC Engine Super CD-ROM² e poi al Sega Saturn. Il gioco offre azione mista a contenuti per adulti, oltre a una modalità per due giocatori.
Steamgear Mash (Japan) (1M)	SteamGear Mash è un gioco sparatutto isometrico e platform rilasciato esclusivamente per Sega Saturn in Giappone. nnLa grafica è un mix di sprite pre-renderizzati e tipiche opere d'arte in pixel. nnI giochi hanno più fasi, la maggior parte di queste sono disposte in modo labirintico. Per aprire determinate porte sono necessarie armi speciali. Il concetto è simile alla serie Metroid di Nintendo, mentre la vista isometrica e la capacità di ruotare attorno al proprio asse di 360° sono state viste per la prima volta in Skeleton Krew. nnUn boss attende alla fine di ogni fase. Lo stato corrente può essere salvato dopo aver completato un livello o utilizzando i punti di salvataggio.
Steep Slope Sliders (USA)	Un gioco di snowboard in stile CoolBoarders, questo gioco ti vede scegliere uno di un gruppo eterogeneo di snowboarder e scendere sulle piste mentre cerchi di ottenere i migliori tempi e/o punteggi su ogni pista. Con una gamma di trucchi e percorsi, dal Canada all'Italia al Giappone, oltre alla possibilità di giocare su un half pipe esclusivamente per guadagnare punti, questo gioco offre un'esperienza di snowboard dal ritmo veloce in cui chiunque può semplicemente lanciarsi.
Stellar Assault SS (Japan)	Stellar Assault SS è il sequel del gioco Sega 32X, Stellar Assault (Shadow Squadron negli Stati Uniti). È stato rilasciato esclusivamente per Sega Saturn nel 1998, solo in Giappone. nnCome il suo prequel, Stellar Assault SS è uno sparatutto prospettico in prima persona (o terza persona) ambientato nello spazio. Mentre il gameplay principale rimane più o meno lo stesso, Stellar Assault SS è più basato sulla trama, con personaggi di supporto e doppiaggio. Anche le navi e gli ambienti sono mappati con texture, mentre alcuni livelli si svolgono sui pianeti.
Story of Thor 2, The (Europe)	The Story of Thor 2, conosciuto in Giappone come Thor: Seireioukiden e negli Stati Uniti come The Legend of Oasis, è un videogioco sulla console Sega Saturn. È il prequel di The Story of Thor: A Successor of the Light/Beyond Oasis su Sega Mega Drive. La musica è stata composta da Yuzo Koshiro, famoso anche per aver composto la musica per la serie Streets of Rage.
Strahl - Himerareshi Nanatsu no Hikari (Japan)	In Strahl, la storia si svolge in un mondo in cui la magia e i mostri vagano per la terra, terrorizzando gli innocenti abitanti del villaggio. Il giocatore prende il controllo di un giovane guerriero che si propone di sradicare la fonte del male e riportare pace e tranquillità sulla terra. nnIl gameplay è lo stesso di Space Ace, Dragon's Lair e Time Gal in cui il giocatore preme i pulsanti in un determinato momento per evitare ostacoli o combattere i nemici per avanzare alla schermata successiva. Man mano che il gioco procede, i cambiamenti nel mondo vengono mostrati durante il gioco a seconda delle azioni del giocatore.
Street Fighter - Real Battle on Film (Japan) (2M)	Street Fighter: The Movie è un gioco di combattimento per Sega Saturn. Questo è l'adattamento cinematografico di Street Fighter con Jean-Claude Van Damme. Il gioco presenta personaggi digitalizzati e attribuisce grande importanza alle specialità dei personaggi e alle combo che possono ottenere.
Street Fighter - The Movie (USA)	Street Fighter: The Movie è un gioco di combattimento per Sega Saturn. Questo è l'adattamento cinematografico di Street Fighter con Jean-Claude Van Damme. Il gioco presenta personaggi digitalizzati e attribuisce grande importanza alle specialità dei personaggi e alle combo che possono ottenere.
Street Fighter Alpha - Warriors' Dreams (USA)	Saturn's Street Fighter Alpha: Warriors' Dreams è un gioco di combattimento in 2D che riunisce molti dei personaggi famosi della serie. Scegli tra trenta combattenti e sbloccane di nuovi di zecca. Il titolo ti permette di confrontarti con un amico.
Street Fighter Alpha 2 (USA)	Un altro sequel di Street Fighter (questa volta per Street Fighter Alpha) aggiunge ancora di più alla classica serie di combattimento. nnI nuovi personaggi in questa versione includono Gen (un saggio maestro di kung-fu), Rolento (che potresti ricordare da un altro classico Capcom, Final Fight) e Sakura, una giovane studentessa che segue il suo eroe Ryu così da vicino, ha lo stesso tipo di mosse. Anche Dhalsim e Zangief tornano allo scontro con alcune nuove mosse.
Street Fighter Collection (USA) (Disc 1)	Street Fighter Collection è un bundle che comprende diversi giochi della serie Street Fighter. Include: 1. Super Street Fighter II: I nuovi sfidantinn2. Super Street Fighter II Turbonn3. Street Fighter Alpha 2 Gold (Street Fighter Alpha 2 aggiornato con correzioni al bilanciamento: Evil Ryu e Cammy aggiunti come personaggi giocabili, tempi di alcuni personaggi modificati)
Street Fighter II Movie (Japan) (Disc 1)	Il giocatore prende il controllo di uno dei Cyborg di Shadaloo e riceve la missione di registrare i dati sui combattenti di tutto il mondo. Il gameplay consiste nel guardare le clip FMV del film vero e proprio e analizzarle usando il comando &quot;cerca&quot;. In ogni fase, il giocatore ha un tempo limitato per analizzare il più possibile l'ambiente circostante al fine di raccogliere il maggior numero di dati. Il giocatore può scattare foto e, se lo fa quando i personaggi stanno combattendo, aumenta il potere del Cyborg. Sono incluse diverse battaglie del film, oltre ad alcune scene animate extra esclusive di questo gioco.
Street Fighter Zero (Japan) (1M)	Saturn's Street Fighter Alpha: Warriors' Dreams è un gioco di combattimento in 2D che riunisce molti dei personaggi famosi della serie. Scegli tra trenta combattenti e sbloccane di nuovi di zecca. Il titolo ti permette di confrontarti con un amico.
Street Fighter Zero 2 (Japan)	Un altro sequel di Street Fighter (questa volta per Street Fighter Alpha) aggiunge ancora di più alla classica serie di combattimento. nnI nuovi personaggi in questa versione includono Gen (un saggio maestro di kung-fu), Rolento (che potresti ricordare da un altro classico Capcom, Final Fight) e Sakura, una giovane studentessa che segue il suo eroe Ryu così da vicino, ha lo stesso tipo di mosse. Anche Dhalsim e Zangief tornano allo scontro con alcune nuove mosse.
Street Fighter Zero 2' (Japan)	Un altro sequel di Street Fighter (questa volta per Street Fighter Alpha) aggiunge ancora di più alla classica serie di combattimento. nnI nuovi personaggi in questa versione includono Gen (un saggio maestro di kung-fu), Rolento (che potresti ricordare da un altro classico Capcom, Final Fight) e Sakura, una giovane studentessa che segue il suo eroe Ryu così da vicino, ha lo stesso tipo di mosse. Anche Dhalsim e Zangief tornano allo scontro con alcune nuove mosse.
Street Fighter Zero 3 (Japan)	Street Fighter Alpha 3, il terzo gioco della serie Alpha, ha un totale di 31 combattenti, il numero più alto della serie finora. I nuovi personaggi includono i vecchi preferiti E. Honda, Blanka, Vega, Cammy, T. Hawk, Dee Jay, Juni e Juli. Alcuni dei combattenti più recenti sul blocco includono un ex personaggio di Final Fight (Cody, che è stato in prigione dall'ultimo gioco di Final Fight, o almeno così suggerisce il suo abbigliamento), Karin Kanzuki e Rainbow Mika. La principale differenza tra questa Alpha e le ultime due sono le nuove modalità di gioco World Tour, Arcade, VS, Training e Entry. World Tour - Scegli semplicemente il tuo combattente e viaggia per il mondo, combattendo gli eroi della tua città natale che incontri Più combattimenti vinci, più forte diventerà il tuo combattente. Puoi anche imparare nuove mosse e ci sono tre livelli di Super Mosse tra cui scegliere prima di iniziare ogni round (chiamati Isms).
Street Racer (Europe)	Street Racer è un gioco di corse di kart simile a Super Mario Kart. nnFino a quattro giocatori possono giocare a schermo diviso. Se non ci sono avversari umani, il giocatore può guidare contro sette avversari computer in tre leghe. Se il giocatore vince il primo campionato, può giocare il secondo e così via. Il gioco ha otto veicoli diversi con diverse abilità in velocità, rapidità o resistenza. Ci sono anche alcuni potenziamenti sulle piste come bombe, carburante nitro e pacchetti di salute.
Street Racer Extra (Japan)	Street Racer è un gioco di corse di kart simile a Super Mario Kart. nnFino a quattro giocatori possono giocare a schermo diviso. Se non ci sono avversari umani, il giocatore può guidare contro sette avversari computer in tre leghe. Se il giocatore vince il primo campionato, può giocare il secondo e così via. Il gioco ha otto veicoli diversi con diverse abilità in velocità, rapidità o resistenza. Ci sono anche alcuni potenziamenti sulle piste come bombe, carburante nitro e pacchetti di salute.
Striker 96 (USA) (En,Fr,De,Es,It)	Edizione del 1996 della serie di calcio Striker di Rage Software. nnLa grafica combina un pitch 3D con gli sprite del giocatore 2D. Il gioco include più angolazioni della telecamera e diversi effetti meteorologici. Puoi modificare la rosa di qualsiasi squadra, selezionare formazioni di base, limiti di tempo, difficoltà, ecc. nnScegli tra 41 squadre internazionali e partecipa a partite amichevoli, tornei di campionato o di coppa. È inclusa anche una modalità indoor 6 su 6 e il supporto multiplayer per un massimo di 4 giocatori utilizzando il sistema GrIP di Gravis o tramite una rete. nnIl gioco include il commento del commentatore scozzese Andy Gray.
Strikers 1945 (Japan)	Strikers 1945 è uno sparatutto a scorrimento laterale 2D con un tema della seconda guerra mondiale. Usa armi di base e molti potenziamenti per velivoli reali e non reali dell'epoca. Per restare sincronizzato con la versione arcade, il gioco viene visualizzato in formato letterbox. La versione americana del gioco è un port del gioco arcade Strikers 1945 II. La versione giapponese del gioco per PlayStation è completamente diversa, in quanto include il port di Strikers 1945 ma è stata rilasciata anche con il titolo PSX Strikers 1945.
Strikers 1945 II (Japan)	Strikers 1945 II è uno sparatutto a scorrimento verticale sviluppato e originariamente pubblicato da Psikyo nel 1997 per le sale giochi come seguito di Strikers 1945. È stato rilasciato tra gli altri sistemi per Saturn, continuando dove l'ultimo gioco è finito, il forze di CANY sono stati demoliti dagli Strikers. Tuttavia, una fazione nota come F.G.R. ora ha il C.A.N.Y. tecnologia e piani per avviare una guerra globale con una massiccia tecnologia mecha. Ancora una volta, gli Striker sono chiamati in azione per salvare il mondo.
Suchie-Pai Adventure - Doki Doki Nightmare (Japan) (Disc 1)	Jansi Suchie Pai Doki Doki Nightmare è uno dei tanti giochi della serie Idol Janshi Suchie-Pai sviluppata da Jaleco. Questo gioco è rivolto agli appassionati di giochi di puzzle e più in particolare ai fan di Mahjong con Saturn.
Sugoventure - Dragon Master Silk Gaiden (Japan)	Sugobenchah è un ibrido tra tabellone e appuntamenti multiplayer basato sul franchise Dragon Master Silk di Gimmick House, ed è un &quot;Gaiden&quot; o Side Story, separato dalla storia principale. Il gioco racconta la storia di Dragon Master Silk, che è scomparso. Quattro amici di Silk e un personaggio originale evocato dal Dokodemo Mirror sono alla ricerca di dove si trovi Silk.
Suiko Enbu (Japan)	Dark Legend o Suiko Enbu (Fuorilegge della dinastia perduta) è un combattimento uno contro uno in 2D ambientato nella Cina medievale e basato sui miti della classica storia cinese &quot;Shuihuzhuan&quot;. nnScegli tra un gruppo di 11 combattenti e scontrati l'uno contro l'altro usando le tue mosse e attacchi specifici. Inoltre, ogni personaggio combatte con la sua arma unica, ma a seconda di quanto blocchi la tua arma può rompersi e devi finire il combattimento a mani nude e usando un set di mosse diverso e attacchi generalmente più veloci (ma meno potenti). nnPresenta la modalità standard Vs testa a testa, oltre a una modalità originale che funziona come l'originale arcade e una modalità speciale con mosse arrangiate e bilanciamento ottimizzato
Suiko Enbu - Fuuun Saiki (Japan)	Fuunsaiki su Saturn è un picchiaduro ambientato nella Cina medievale. Scegli il tuo combattente tra 14 guerrieri e affrontati in battaglie mitiche. Ogni personaggio ha un'arma unica e, se si rompe, puoi continuare il combattimento a mani nude.
Suikoden - Tendou Hyaku Hachi-sei (Japan)	Questo è il sequel di Suikoden-Tenmei no Chikai, ma notevolmente diverso dall'originale in termini di gioco. Entrambi i giochi sono un adattamento del libro ?The Water Margin? di Luo Guanzhong, e racconta le storie dei centotto banditi delle Paludi di Liang. Il giocatore controlla uno dei personaggi principali di quel tesoro di banditi. Guadagnando lentamente seguaci, popolarità e territorio, quel capo bandito salirà alla ribalta per riscattare i crimini del suo passato.
Suikoden - Tenmei no Chikai (Japan) (2M)	Suikoden: Tenmei no Chikai, noto al di fuori come Bandit Kings of Ancient China, è un gioco di strategia militare, come la maggior parte dei giochi di Koei, ma invece di conquistare un paese, l'obiettivo è deporre il dispotico sovrano della Cina. I giocatori iniziano in modo modesto e devono farsi strada conquistando prefetture più piccole, formando alleanze e combattendo piccole battaglie. Devono guadagnarsi il diritto di attaccare la prefettura di casa di Gao Qiu, anche se è vietato finché non sono potenti.
Super Adventure Rockman (Japan) (Disc 1) (Episode 1 - Tsuki no Shinden)	Concepito come un film interattivo, Super Adventure Rockman è un gioco dell'universo di Mega Man. La storia inizia con la scoperta da parte del Dr. Wily delle rovine amazzoniche in grado di riportare in vita i suoi robot caduti. Mega Man è l'unico che può fermarlo nei suoi piani malvagi.
Super Casino Special (Japan)	Super Casino Special, pubblicato anche come Vegas Casino su Playstation, è un gioco per un massimo di quattro giocatori che comprende Baccarat, Roulette, Let It Be, Black Jack, Video Poker, Keno e Slot Machines. Può essere giocato in due modalità, Ranking o Free Play. Ci sono tre tipi di slot machine che possono essere giocate con diverse puntate. Keno non appare nel menu di gioco, i giocatori devono essere invitati dall'hostess del casinò nel gioco.
Super Puzzle Fighter II Turbo (USA)	Super Puzzle Fighter II Turbo su Saturno è un puzzle colorato. I pezzi cadono dallo schermo e devi farli sparire associandoli per colore. Ogni sparizione risulta in una lotta tra due piccoli personaggi al centro del gioco.Più pezzi fai sparire, più il tuo personaggio si colpisce l'un l'altro. Sii il più veloce e desideroso di vincere il round.
Super Puzzle Fighter II X (Japan)	Super Puzzle Fighter II Turbo su Saturno è un puzzle colorato. I pezzi cadono dallo schermo e devi farli sparire associandoli per colore. Ogni sparizione risulta in una lotta tra due piccoli personaggi al centro del gioco.Più pezzi fai sparire, più il tuo personaggio si colpisce l'un l'altro. Sii il più veloce e desideroso di vincere il round.
Super Real Mahjong Graffiti (Japan) (2M)	Super Real Mahjong Graffiti è una raccolta di tutti i giochi arcade Super Real Mahjong fino all'era di Saturno (a parte il primo) che non sono mai stati portati singolarmente su SEGA Saturn. Ciò significa che include Super Real Mahjong PII, Super Real Mahjong PIII e Super Real Mahjong PIV. Tuttavia, non sono porte semplici, poiché sono state apportate alcune modifiche, come una grafica migliorata ai giochi precedenti. Ci sono sei ragazze da sfidare per spogliare il mahjong. Le sequenze di strisce sono animate.
Super Real Mahjong P.V (Japan) (2M)	Super Real Mahjong PV è il quinto capitolo della serie di strip mahjong. Non c'è una storia di fondo nel gioco; il giocatore viene semplicemente presentato a tre ragazze del liceo - Mizuki, Aya e Akira - che lo sfidano al gioco del mahjong. La modalità principale del mahjong è quella della varietà uno contro uno; dopo ogni giro completato con successo la ragazza si toglie una parte dei suoi vestiti.
Super Real Mahjong P7 (Japan) (3M)	Super Real Mahjong P7 è un gioco di mahjong arcade del 1997 della serie Super Real Mahjong di Seta portato su Sega Saturn l'anno successivo. Il porto sembra essere stato notevolmente attenuato rispetto ai porti precedenti, guadagnando un punteggio &quot;18 e oltre&quot; dal sistema di classificazione di Sega del Giappone invece del solito punteggio &quot;X&quot; (o potrebbe essere che Sega sia diventato più indulgente; cosa è successo non è noto ).
Super Real Mahjong PVI (Japan)	Il sesto gioco arcade della serie Super Real Mahjong. In un modo estremamente simile alle precedenti voci della serie, giochi a strip mahjong con tre adorabili femmine, questa volta con Tamami Kayama, Yukari Kinomiya e Mari Kurihara. Questo gioco, tuttavia, ha una nuova caratteristica: un &quot;sistema di emozioni&quot;. Ogni ragazza ha un misuratore del cuore e, se riesci a riempirli tutti, puoi giocare contro il quarto avversario segreto.
Super Robot Taisen F (Japan) (Rev B) (21M)	Il gioco si svolge 4 mesi dopo gli eventi di Super Robot Wars 3. nnUna speciale, ma losca, forza di polizia segreta, i Titani, viene creata in risposta ad atti terroristici e problemi interni tra la Terra e le sue colonie spaziali. Nel frattempo, nell'ombra, vecchi e nuovi nemici minacciano la Terra: sono i Poseidal (alieni dallo spazio), gli Ospiti (un'altra razza aliena) e l'ormai ricostruito esercito DC. nnSuper Robot Wars F e Super Robot Wars F Final (noto anche come &quot;Super Robot Taisen F Kanketsuhen&quot;) erano originariamente pensati come un titolo unico, ma a causa di ritardi nella produzione il gioco è stato diviso in due parti. F copre le prime 34 fasi del gioco, F Final affronta le fasi dal 35 alla fine del gioco. È possibile importare un salvataggio da F e continuare il gioco da qui o avviare F Final da zero con le impostazioni e le unità predefinite.
Super Robot Taisen F - Kanketsu-hen (Japan) (4M)	La finale di Super Robot Wars F riprende da dove è partito Super Robot Wars F, a partire dalla fase 35. F e F Final erano originariamente pensate come un gioco unico, ma i ritardi nella produzione hanno fatto sì che i produttori decidessero di dividere il gioco in due parti. La meccanica di gioco è la stessa di Super Robot Wars 4 (e Super Robot Wars F, naturalmente).
Super Tempo (Japan)	Questo gioco è un sequel solo giapponese del gioco Sega 32X &quot;Tempo&quot;.
Swagman (Europe) (En,Fr,De)	The Swagman, un cattivo di The Terrortories, ha imprigionato le fate di Dreamflight in modo che nessuno possa svegliarsi dai loro incubi. Il piano di Swagman è quello di scatenare la sua orda di scagnozzi e conquistare il mondo, a meno che due bambini di otto anni, Zac e Hannah, possano rimanere svegli abbastanza a lungo da fermarlo. nnQuesto è un gioco di avventura basato su personaggi con elementi puzzle e platform.
Sword & Sorcery (Japan) (2M)	Sword & Sorcery è stato rilasciato su altre piattaforme al di fuori del Giappone come Lucienne's Quest. È un gioco nel genere classico dei giochi di ruolo, ma presentato in una grafica 3D completa (e personaggi sprite). Le battaglie sono combattute in modo tradizionale a turni, ma consentono più strategia rispetto alla maggior parte dei giochi di ruolo classici. Il gioco pone ostacoli ambientali sul campo di battaglia per bloccare alcuni percorsi di attacco, ma consente al giocatore di sfruttare strategicamente il terreno.
Tactical Fighter (Japan)	Tactical Fighter è un gioco di strategia, sviluppato da Dream Japan e pubblicato da Media Rings, che è stato rilasciato in Giappone nel 1997.
Tactics Formula (Japan)	Tactics Formula è un gioco esclusivo di Sega Saturn rilasciato solo in Giappone. È una strana miscela di un gioco di corse di formula uno e un titolo di strategia a turni, in cui piuttosto che correre in tempo reale, il giocatore deve decidere ogni mossa in anticipo tenendo conto della fisica e delle statistiche delle auto.
Tactics Ogre - Let Us Cling Together (Japan)	Tactics Ogre è una simulazione di guerra / rpg a turni isometrica 3-D molto dettagliata. Inizi con una banda di truppe e costruisci un piccolo esercito e combatti molte battaglie con scelte da fare tra una battaglia e l'altra che determineranno quale degli 8 possibili finali in una trama non lineare.
Tadaima Wakusei Kaitaku-chuu! (Japan)	I giocatori usano un robot e devono piantare alberi, farli crescere, trasformarli in materiali da costruzione, quindi costruire case con essi, mentre cercano di proteggere la loro squadra e disgregare la squadra nemica che sta facendo esattamente la stessa cosa.
Taiheiyou no Arashi 2 - 3D Heiki Data-shuu (Japan)	Taiheiyou no Arashi 2: Shippuu no Modou è un gioco di guerra di strategia per Sega Saturn. Il gioco è ambientato nella seconda guerra mondiale.
Taiheiyou no Arashi 2 - Shippuu no Moudou (Japan)	Taiheiyou no Arashi 2: Shippuu no Modou è un gioco di guerra di strategia per Sega Saturn. Il gioco è ambientato nella seconda guerra mondiale.
Taikou Risshiden II (Japan) (2M)	Taikou Risshiden II fa parte della serie di videogiochi Taikou Risshiden. Il gioco è basato sulla vita di Toyotomi Hideyoshi. I giocatori devono viaggiare per il Giappone cercando di negoziare con i diversi signori di ogni città, e anche farsi strada attraverso diversi scenari di combattimento. In combattimento, il giocatore può scegliere tra attacco, difesa o speciale. Quando viene scelto l'attacco, i giocatori devono mettere in pausa la barra di attacco in uno dei punti di attacco per effettuare un attacco con successo.
Taikyoku Shougi - Kiwame II (Japan)	Taikyoku Shougi Kiwame II è un gioco di Shogi e il sequel del gioco per Playstation, Kiwame - Taikyoku Shogi. Il gioco presenta una modalità vs computer e una modalità vs giocatori.
Taito Chase H.Q. + S.C.I. (Japan)	I giocatori prendono il controllo di due detective della polizia mentre tentano di catturare i criminali che stanno fuggendo dalla città con le loro auto ad alta velocità. Dopo aver evitato altre auto e ostacoli e aver finalmente raggiunto l'obiettivo, i giocatori devono causare abbastanza danni al veicolo fuggitivo prima del limite di tempo per finire il livello. Anche se attaccare da dietro funziona, colpire dai lati causa la maggior parte dei danni. I turbo boost possono essere utilizzati (limitatamente, 3 in ogni fase) per la velocità massima di breve durata.
Taklamakan - Tonkou Denki (Japan)	Il gioco, pubblicato anche come Karma: Curse of the 12 Caves, è un'avventura FMV ambientata nelle grotte di Dun-Huang. Una trappola è stata preparata per un terribile demone. La trappola ha funzionato fin troppo bene poiché ha intrappolato anche i tagliapietre che hanno costruito la trappola nelle pareti della grotta. È la missione dei giocatori di entrare e sbloccare i tagliapietre risolvendo vari enigmi basati sul mito e la tradizione cinese.
Tama - Adventurous Ball in Giddy Labyrinth (Japan)	Tama: Adventurous Ball in Giddy Labyrinth è una versione videoludica di un labirinto di legno. I giocatori devono guidare Tama, un essere a forma di palla, verso l'obiettivo di diversi labirinti. I giocatori guidano Tama inclinando l'intero labirinto in tutti i tipi di angolazioni. L'ostacolo principale che va contro il giocatore è il timer che è sempre in conto alla rovescia. I giocatori devono raggiungere l'obiettivo prima che il tempo scada. Un altro obiettivo a cui il giocatore deve mirare è quello di ottenere un punteggio elevato superando i livelli (indicati come onde nel gioco) il più velocemente possibile.
Tanjou - Debut S (Japan) (1M)	Tanjou S: Debut è un gioco di simulazione pubblicato da NEC Interchannel per Sega Saturn. Si basa sull'anime Tanjou: Debut del 1994. Il gioco mette il giocatore nel ruolo di un agente di una compagnia musicale, che deve lavorare con tre potenziali star dell'intrattenimento: tre ragazze di nome Aki, Kumi e Saori. La maggior parte del gioco viene spesa pianificando gli orari per le ragazze. Praticare abilità musicali, lavorare e fare una vacanza.
Tantei Jinguuji Saburou - Mikan no Report (Japan)	Tantei Jinguuji Saburo: Mikan no Report è il quinto capitolo della serie Tantei Jinguuji Saburo (Jake Hunter). Un pacco estero contenente una piccola chiave arriva all'agenzia investigativa da un conoscente giornalista di Jing ji deve scoprire il significato nascosto della chiave.
Tantei Jinguuji Saburou - Yume no Owari ni (Japan) (3M)	Tantei Jinguuji Saburo: Yume no Owari ni è il sesto capitolo della serie Tantei Jinguuji Saburo (Jake Hunter) in cui Jinguji è tormentato dai sogni del suo passato. Il mistero inizia quando Yoko decide inconsapevolmente di indagare su un caso richiesto.
Techno Motor (Japan)	Techno Motor è un generatore di musica completo e un sintetizzatore Midi per Sega Saturn. Non un gioco, ma un software destinato alla creazione di musica principalmente in stile club come Techno, Dance, House & Drum 'n bass.
Teitoku no Ketsudan II (Japan)	P.T.O. II: Pacific Theater of Operations è un gioco di strategia a turni. Il secondo episodio della serie si basa sui punti di forza del primo, aggiungendo tre nuovi grandi scenari e sette più brevi. Tutte le battaglie si svolgono ancora una volta durante il conflitto della Seconda Guerra Mondiale e più precisamente nell'Oceano Pacifico. Come nell'episodio precedente, dovrete gestire l'intero esercito e annientare le forze nemiche. Si noti che anche in questo caso è possibile giocare con un secondo giocatore.
Teitoku no Ketsudan III (Japan)	Teitoku no Ketsudan III è il sequel di Pacific Theatre of Operations II ed è stato rilasciato per Sega Saturn e Sony PlayStation nel 1997. Un aggiornamento, Teitoku no Ketsudan III con Power-Up Kit è stato rilasciato l'anno successivo. Stranamente, nessuna versione del gioco è stata rilasciata al di fuori del Giappone. Il sequel del gioco, Teitoku no Ketsudan IV su PlayStation 2, sarebbe stato rilasciato fuori dal Giappone come P.T.O.: Pacific Theatre of Operations IV.
Teitoku no Ketsudan III with Power-Up Kit (Japan)	Teitoku no Ketsudan III è il terzo gioco della serie di giochi di strategia a tema della seconda guerra mondiale di Koei (chiamata Pacific Theatre of Operations negli Stati Uniti) e il secondo pubblicato per la console Playstation One. Si concentra sul combattimento navale nei teatri marittimi della seconda guerra mondiale, comprendendo l'Oceano Pacifico, il Mar Mediterraneo, l'Oceano Atlantico e l'Oceano Indiano, con la possibilità di giocare come una delle quattro maggiori potenze marittime dell'epoca: Germania, Giappone, Regno Unito o Stati Uniti. Gestendo le tue flotte e ordinando nuove navi da guerra puoi controllare molti lati diversi del conflitto. (sviluppo della nave, difesa della base, disposizione della flotta, controllo diretto della battaglia, decisioni economiche) Ci sono molte diverse opzioni di gioco in PTO, puoi scegliere di giocare da una delle tante battaglie famose o puoi giocare la campagna. Puoi controllare un lato o entrambi. Ci sono anche controlli limitati sulle condizioni di vittoria.
Tekkyuu - True Pinball (Japan)	True Pinball è una versione per console di Pinball Illusions che ha 4 tavoli diversi, chiamati &quot;Extreme Sports&quot;, &quot;Vikings - The Tales&quot;, &quot;Ricochet&quot; e &quot;Babewatch&quot;. nnSono disponibili sia viste 2D che 3D (non disponibili nelle versioni per computer) e oltre 32.000 colori ad alta risoluzione migliorano visivamente.
Tempest 2000 (USA)	Tempest 2000 è uno sparatutto su Saturno. Sei al comando di un'astronave e devi distruggere tutti i nemici che si avvicinano troppo alla tua navicella. Attraverso più di 100 livelli, raccogli vari bonus che ti permettono di ottenere nuove armi speciali. Il titolo offre 4 diverse modalità di gioco.
Ten Pin Alley (USA)	In questa &quot;simulazione&quot; di bowling, devi scegliere tra uno degli otto personaggi molto diversi. Scegli potenza e precisione da un metro molto simile ai giochi di golf di Links, lasciati andare e guarda l'azione.
Tenant Wars (Japan)	Tenant Wars è un gioco da tavolo per Sega Saturn. Sebbene la versione Saturn non sia stata rilasciata al di fuori del Giappone, il port per PlayStation ha visto un rilascio limitato in Nord America come Board Game: Top Shop nel 2001. Il gameplay di Top Shop imita quello di Monopoly, ma espande l'aspetto della gestione delle proprietà di quel gioco . Come in Monopoli, i giocatori si muovono su un tabellone in base al numero che tirano su un dado, acquistano proprietà non possedute quando vi atterrano e guadagnano denaro quando raggiungono la banca. Rotolando un? E? innesca un evento casuale, mentre l'atterraggio su uno spazio ascensore può influenzare la direzione in cui si muove il giocatore.
Tenchi Muyou! Mimiri Onsen - Yukemuri no Tabi (Japan) (Disc 1)	Tenchi Muyou! Mimiri Onsen: Yukemuri no Tabi è un gioco di avventura basato sul franchise di Tenchi Muyo. Il gioco presenta il cast vocale originale e l'animazione della serie anime.
Tenchi Muyou! Rensa Hitsuyou (Japan)	Tenchi Muyou! Rensa Hitsuyou è un puzzle game basato sul Tenchi Muyou! franchising. nnQuesto è un gioco di puzzle in stile match 3 combinato con il popolare Anime Tenchi Muyo. Il suo gameplay consiste nell'allineare versioni chibi dei personaggi della serie e tirare fuori combo. Il tuo obiettivo principale è quello di realizzare quante più combo possibili e mantenere l'acqua e i blocchi bassi allineando blocchi dello stesso colore, che a loro volta riempiono d'acqua lo schermo del tuo avversario. Quando la camera del tuo avversario si riempie d'acqua e non c'è più spazio per altri blocchi, il gioco è finito.
Tenchi Muyou! Ryououki Gokuraku CD-ROM for Sega Saturn (Japan) (1M)	Il CD-ROM di Gokuraku per Sega Saturn è un disco fan per il franchise di Tenchi Muyou che contiene vari materiali bonus per la creazione e giochi a quiz. Questa porta Sega Saturn è nata su PC e come tale ha una classificazione per adulti, ma la porta ha subito alcune modifiche al contenuto e non include scene per adulti. Nel complesso contiene informazioni sui personaggi, artwork in CG, schizzi e illustrazioni, doppiaggio, film di apertura e chiusura e altro ancora.
Tenchi Muyou! Toukou Muyou - Aniraji Collection (Japan) (Disc 1)	Tenchi Muyou!: Touhou Muyou è un romanzo visivo con videoclip ed eventi in computer grafica con doppiaggio completo per dialoghi e pensieri di Tenchi. In certi momenti le azioni dei giocatori lasciano che influenzino il corso dei dialoghi, ma non influiscono sul finale generale. La storia è incentrata sull'amore scolastico di Tenchi Masaki pieno di problemi amorosi.
Tenchi o Kurau II - Sekiheki no Tatakai (Japan)	Tenchi wo Kurau II è il sequel di Tenchi wo Kurau, conosciuto come Dynasty Wars nei territori di lingua inglese. Se la versione Saturn fosse stata rilasciata nei territori di lingua inglese, Tenchi wo Kurau II avrebbe probabilmente usato il nome Warriors of Fate, usato nella versione arcade del gioco. Entrambi i giochi sono basati sulla serie manga Tenchi wo Kurau, durata un breve periodo tra il 1983 e il 1984.
Tengai Makyou - Daiyon no Mokushiroku - The Apocalypse IV (Japan) (Disc 1)	Tengai Makyo : Daiyon no Mokushiroku , letteralmente &quot;Far East of Eden: The Fourth Apocalypse&quot;, è un videogioco di ruolo del 1997 sviluppato e pubblicato da Hudson Soft e Red Company per Sega Saturn. Il gioco è stato rilasciato in Giappone il 14 gennaio 1997. È stato portato su PlayStation Portable il 13 luglio 2006 e ripubblicato per la formazione &quot;Hudson the Best&quot; il 31 luglio 2008.
Tennis Arena (Japan)	Tennis Arena è una simulazione di tennis su Saturno. Il titolo ti offre la possibilità di scegliere tra diversi giocatori e giocatori non ufficiali e di selezionare diversi campi. La maggior parte delle superfici è disponibile. Così puoi dedicarti al tuo sport preferito su terra battuta, sintetico o erba.
Terra Cresta 3D (Japan) (2M)	Terra Cresta è una serie di sparatutto a scorrimento verticale. Il giocatore controlla una nave, inizialmente con una potenza di fuoco limitata. Appaiono capsule numerate contenenti ulteriori parti della nave che aumenteranno la potenza di fuoco. Queste parti aggiuntive si combinano con la nave del giocatore per aumentarne la potenza di fuoco e il modulo finale la trasforma in una fenice infuocata che è invulnerabile per un certo periodo di tempo. Una volta che la nave ha più sezioni, il giocatore può anche dividerla, permettendole di sparare in più direzioni.
Terra Phantastica (Japan)	Terra Phantastica è un gioco di ruolo strategico; un incrocio tra Riglord Saga e Dragon Force. La protagonista è una guerriera che deve allevare un giovane principe e allo stesso tempo liberare il mondo dal male. Come Dragon Force, ogni personaggio ha con sé un gruppo di &quot;soldati&quot;. I giocatori li scelgono da soli e influenzano il raggio d'azione, la velocità, la potenza, ecc. Esempi di &quot;soldato&quot; sono la cavalleria, le catapulte, i giganti, i corvi e le scimmie.
Terry Pratchett's Discworld (Europe) (En,Fr,De,Es,It)	Questo gioco di avventura ti mette nei panni di Scuotivento, un mago il cui unico scopo nella vita è rimanere in vita. Sembra anche molto bravo, perché a quanto pare l'universo ha deciso di sfidarlo continuamente. nnIl gioco si svolge nel folle mondo fantasy creato da Terry Pratchett, uno degli autori più divertenti di questo mondo, ed è generalmente pazzo.
Tetris Plus (USA)	Questa è un'altra versione aggiornata di Tetris che è stata rilasciata per PlayStation, Saturn e Game Boy. Questa versione presenta la modalità Classica, la modalità Puzzle, la modalità Versus e la modalità Modifica. In modalità Puzzle, devi salvare il professore che si arrampica fino in cima. Per fare ciò, devi eliminare i blocchi e portarlo in fondo. La modalità Versus ti porta faccia a faccia con un altro giocatore. La modalità Modifica ti consente di creare e salvare i tuoi livelli personalizzati.
Tetris S (Japan)	Tetris S è il secondo di due giochi Tetris rilasciati per Saturn. A differenza del port arcade Tetris Plus che è stato rilasciato pochi mesi prima, è stato creato appositamente per la console. Questa versione include una modalità per giocatore singolo e multiplayer contro un'IA o tra due giocatori umani. La modalità single player funziona come il tradizionale Tetris e utilizza le stesse regole di rotazione delle precedenti conversioni di giochi arcade di Sega. Come sempre il giocatore guida i blocchi in un pozzo con l'obiettivo di creare linee in fondo. Queste linee vengono quindi rimosse e il giocatore guadagna punti. Il gioco termina quando i blocchi raggiungono la parte superiore del pozzo, ma in questa versione c'è un'opzione continua che consente al giocatore di continuare a giocare al livello attuale.
Texthoth Ludo - Arcana Senki (Japan)	Texthoth Ludo: Arcanum Senki è un gioco di avventura basato su griglia con tattiche di strategia in cui le armi sono carte dei tarocchi assortite con abilità speciali, attacchi e meccanismi di difesa. Le armi, che forniscono meccanismi di attacco e difesa per il giocatore, sono sotto forma di tarocchi. Tutti i personaggi raffigurati nelle carte sono forti e hanno il pieno controllo dei loro poteri.
Theme Park (USA)	Padroneggiare l'entusiasmante mondo dei parchi a tema è il tuo obiettivo in questo gioco di strategia di Bullfrog. Il primo compito è impostare le tue attrazioni all'interno del terreno disponibile, strutturando comodi sentieri e code e idealmente lasciando spazio ad attrazioni più grandi una volta che diventano disponibili, e includi alcuni laghi e alberi per aumentare l'attrattiva del parco. Le giostre vanno da tazze da tè e case infestate alle montagne russe più elaborate che puoi progettare e giostre sull'acqua che eseguono altre giostre. Dovrebbero essere inclusi anche i negozi, in modo che i visitatori possano acquistare cibo, bevande e souvenir: il giocatore furbo combinerà sale, zucchero e caffeina per massimizzare l'interesse dei consumatori. Il personale deve essere assunto per mantenere le cose senza intoppi e lavorerà solo per quello che considerano un giusto salario.
Thor - Seireioukiden (Japan)	The Story of Thor 2, conosciuto in Giappone come Thor: Seireioukiden e negli Stati Uniti come The Legend of Oasis, è un videogioco sulla console Sega Saturn. È il prequel di The Story of Thor: A Successor of the Light/Beyond Oasis su Sega Mega Drive. La musica è stata composta da Yuzo Koshiro, famoso anche per aver composto la musica per la serie Streets of Rage.
Three Dirty Dwarves (USA) (RE)	Three Dirty Dwares è un gioco platform su Saturno che ti permette di aiutare quattro bambini isolati in un complesso militare top secret. Per scappare, questi bambini hanno creato un gioco in un mondo parallelo in cui ci sono tre valorosi nani. Se tutti e tre i campioni supereranno la partita, potranno entrare nel mondo dei bambini per liberarli. Prendi il controllo dei tre mercenari magici e affronta i pericoli per salvare i quattro bambini.
Thunder Force Gold Pack 1 (Japan)	Thunder Force: Gold Pack 1 è una raccolta di giochi sparatutto della serie Thunder Force ed è stato rilasciato esclusivamente per Sega Saturn da Technosoft nel 1996. Il pacchetto include Thunder Force II e Thunder Force III, entrambi rilasciati in precedenza per il Sega Mega Drive. Il pacchetto non è stato rilasciato al di fuori del Giappone.
Thunder Force Gold Pack 2 (Japan) (Rev A)	Thunder Force: Gold Pack 2 è una raccolta di giochi sparatutto della serie Thunder Force ed è stata rilasciata esclusivamente per Sega Saturn da Technosoft nel 1996. È un &quot;sequel&quot; di Thunder Force: Gold Pack 1. Il bundle include Thunder Force AC e Thunder Force IV, entrambi rilasciati in precedenza rispettivamente per l'hardware arcade Sega System C e Sega Mega Drive. Il pacchetto non è stato rilasciato al di fuori del Giappone. Questo è l'unico modo per giocare a Thunder Force AC su un sistema domestico, diverso da &quot;Thunder Spirits&quot;, che è stato portato su Super Famicom. La porta Thunder Force IV inclusa nel gioco ha alcune modifiche apportate rispetto alla versione originale: non è presente la decelerazione, gli effetti sonori sono più chiari ma anche più silenziosi e la nave Thunder Force III &quot;Styx&quot; può essere selezionata, insieme al suo armi, dopo aver completato tutte le fasi con 1 credito (non continua) e inserendo un codice speciale dato dopo la fine.
Thunder Force V (Japan)	Thunder Force V disponibile su Saturn è un gioco sparatutto che ti invita a prendere i comandi di una nave sopraffatta per respingere l'attacco alieno che si sta dirigendo verso la Terra. Rimani in vita usando cinque armi diverse. Potenziali raccogliendo bonus che ti permettono di sterminare più semplicemente l'invasione aliena.
Thunder Storm & Road Blaster (Japan) (Disc 1) (Thunder Storm)	Thunder Storm & Road Blaster è una compilation per Sega Saturn contenente Thunder Storm LX-3 (Cobra Command) e Road Blaster (Road Avenger, Road Prosecutor). Entrambi precedentemente pubblicati su Sega Mega-CD. -Due modalità di gioco: modalità Arcade con la fedeltà del cabinato arcade e due modalità di gioco della modalità originale con l'arrangiamento di Jiuqu e il potenziamento di PlayStation e Saturn. -Due pezzi da collezione: Thunder Strike e Road Blaster sono raccolti sul CD-ROM. ● Thunder_Storm (1984 Data East): una squadra di terroristi esperti di arti marziali è stata inviata per trafugare l'elicottero d'attacco LX-3. Le battaglie aeree sono in Full Motion Video! ● Road Blaster (1985 Data East): una monster car viene urtata da un'altra monster car. II gioco è interamente in Full Motion Video. Le immagini che si susseguono una dopo l'altra aumentano la sensazione di umorismo! Un film d'azione interattivo che cattura la potenza mozzafiato dell'azione automobilistica!
Thunderhawk II (Japan)	Il tuo nome è il generale John T. Maclaine e sei il pilota di Firestorm 1, il cane guida nelle missioni di attacco speciali in varie parti del mondo. Il tuo elicottero è estremamente potente e trasporta le seguenti armi: mitragliatrice a catena da 30 mm, missile a ricerca Tempesta di fuoco, capsula missilistica, sistema di crateri in fuga (bombe), bomba da 500 libbre Mk-84, bombe a grappolo e missile antinave. Queste armi, oltre a eccellenti manovre evasive e di attacco, dovrebbero essere sufficienti per aiutarti ad avere successo negli attacchi ai narcotrafficanti e ai terroristi, dalla Colombia all'Iraq.
Thunderstrike 2 (USA)	Il tuo nome è il generale John T. Maclaine e sei il pilota di Firestorm 1, il cane guida nelle missioni di attacco speciali in varie parti del mondo. Il tuo elicottero è estremamente potente e trasporta le seguenti armi: mitragliatrice a catena da 30 mm, missile a ricerca Tempesta di fuoco, capsula missilistica, sistema di crateri in fuga (bombe), bomba da 500 libbre Mk-84, bombe a grappolo e missile antinave. Queste armi, oltre a eccellenti manovre evasive e di attacco, dovrebbero essere sufficienti per aiutarti ad avere successo negli attacchi ai narcotrafficanti e ai terroristi, dalla Colombia all'Iraq.
Tilk - Aoi Umi kara Kita Shoujo (Japan)	Tilk - Aoi Umi Kara Kita Shoujo è un gioco di ruolo tattico rilasciato per le console Playstation e Saturn. Il gioco inizia con Billy Drake (il personaggio principale del gioco) che si unisce ai suoi amici, Merril Fount, Font Tohkung, Pack Myson e Glutch Gantoh, e decide di andare al recinto di Rogear Danco. Gli parlano e dopo incontrano la prima battaglia del gioco contro alcuni lupi che stanno attaccando i suoi animali.
Tilt! (Europe) (En,Fr,De)	Hyper 3D Pinball, noto anche come Tilt!, è un gioco di flipper. I giocatori possono scegliere tra 6 schede con cui giocare, in modalità 3D a schermo intero o in modalità classica a scorrimento 2D. I temi dei flipper sono Science Fiction (Star Quest), Horror (Monster), Racing (Road King), Underworld (Gangster), Fantasy (Myst & Majik) e Fair (Funfair). Ogni flipper ha giochi multi-biglia, animazioni durante il gioco e intermezzi nel campo di punteggio.
Time Bokan Series - Bokan to Ippatsu! Doronbow Kanpekiban (Japan)	Uno sparatutto a scorrimento basato sul franchise Time Bokan di Tatsunoko, che mette la banda di Doronbo contro i rispettivi eroi di ogni spettacolo. Nel gioco, i giocatori prendono il controllo di Doronjo, il cattivo principale della serie Yatterman che, con la sua banda, combatte contro i principali eroi della serie Time Bokan.
Time Commando (Japan)	Un computer infetto da virus genera un &quot;buco temporale&quot;. Il mondo intero è in pericolo e il tuo compito è salvarlo. Viaggia attraverso tutti i tipi di epoche diverse, come l'impero romano, il selvaggio west, il nostro tempo fino al futuro. Il gameplay stesso è Alone In The Dark - come. Controlli un eroe poligonale e combatti nel tempo. La grafica di sfondo sono tutti video renderizzati.
Time Gal & Ninja Hayate (Japan) (En,Ja) (Disc 1) (Time Gal)	Time Gal & Ninja Hayate è una raccolta di due giochi FMV arcade Taito LaserDisc, Time Gal (1985) e Ninja Hayate (1984), per Sega Saturn di Ecseco Development. La conversione di Time Gal presumibilmente non contiene nulla di aggiunto da Wolf Team nella loro precedente conversione Mega CD del gioco. Questa porta presumibilmente aggiunge funzionalità bonus a entrambi i giochi.
Titan Wars (Europe)	Solar Eclipse è uno sparatutto 3D che si svolge su e vicino alle numerose lune di Saturno. Sei un pilota di successo con un passato travagliato. Sei stato riassegnato a un nuovo squadrone a bordo di una portaerei di classe Tomlinson. Ci sono problemi in una colonia mineraria sulla luna Janus. Il tuo squadrone viene inviato per indagare e scoprire molto di più di quanto cercassero.
TNN Motor Sports HardCore 4X4 (USA)	Hardcore 4x4, conosciuto brevemente in Nord America come TNN Motor Sports Hardcore 4x4 e conosciuto come Deka Yonku: Tough the Truck in Giappone, è un gioco di corse fuoristrada sviluppato per Sega Saturn da Gremlin Interactive. Durante lo sviluppo, divenne noto come Gears and Guts. Sebbene molto antiquato per gli standard odierni, Hardcore 4x4 è stato uno dei primi giochi di corse/guida fuoristrada in 3D a presentare una fisica realistica, con ogni veicolo dotato di sospensioni indipendenti.
Tokimeki Mahjong Paradise - Koi no Tenpai Beat (Japan)	Tokimeki Mahjong Paradise: Koi no Tenpai Beat è un gioco di mahjong sviluppato e pubblicato da Sonnet Computer Entertainment per Sega Saturn. Nel gioco ci sono 5 ragazze che se vincerai, ti regaleranno una loro immagine in posa discinta.
Tokimeki Memorial - Forever with You (Japan) (1M)	Questa è una versione aggiornata della versione su CD TurboGrafx di Tokimeki Memorial. Questa versione ha una grafica e un suono migliorati, nuove cut-scene e nuovi minigiochi. I giocatori assumono il ruolo di un giovane ragazzo che studierà tre anni alla Kirameki High School in Giappone. L'obiettivo è conquistare l'affetto di una (o più) delle dodici ragazze che studiano anche con lui.
Tokimeki Memorial Drama Series Vol. 1 - Nijiiro no Seishun (Japan)	Tokimeki Memorial è un simulatore di appuntamenti di Konami e il primo gioco della serie Tokimeki Memorial. Il primo gioco della serie è particolarmente degno di nota per la sua caratteristica &quot;bomba&quot;, in cui le ragazze trascurate e frequentate di rado alla fine si arrabbiavano e spettegolavano con i loro amici, riducendo drasticamente i metri d'amore su tutta la linea. A metà del gioco, quando il numero di ragazze conosciute era alto, queste &quot;bombe&quot; diventavano la preoccupazione principale del giocatore, costringendo a un'attenta pianificazione e strategie come gli appuntamenti round-robin. Sebbene la caratteristica fosse ancora presente nei giochi successivi, fu notevolmente ridotta in importanza e nella difficoltà di evitarla.
Tokimeki Memorial Drama Series Vol. 2 - Irodori no Love Song (Japan) (Disc 1) (2M)	Il secondo gioco, Irodori no Love Song (Il colore della canzone d'amore), si è concentrato su Katagiri Ayako con il giocatore che cercava di comporre una nuova canzone in tempo per vincere il concorso bandistico del festival scolastico.
Tokimeki Memorial Drama Series Vol. 3 - Tabidachi no Uta (Japan) (Disc 1)	Il terzo e ultimo gioco drammatico era Tabidachi no Uta (&quot;Poesia dei viaggi?) e presentava sia Shiori Fujisaki che Miharu Tatebayashi che condividevano una storia simile sul giocatore che correva una maratona poco prima del diploma che si diramava in direzioni diverse a seconda della ragazza scelta perseguire. La serie Drama è stata sviluppata da Hideo Kojima.
Tokimeki Memorial Selection - Fujisaki Shiori (Japan)	Questo è uno spin-off della principale serie di giochi Tokimeki Memorial con focus principale su Shiori Fujisaki, l'eroina principale del gioco originale Tokimeki Memorial. Dal punto di vista del gameplay, il gioco contiene quattro visual novel davvero girate, una per ogni stagione (primavera, estate, autunno e inverno) e un minigioco sasso-carta-forbici che i giocatori possono giocare con Shiori.
Tokimeki Memorial Taisen Puzzledama (Japan) (1M)	Tokimeki Memorial: Taisen Tokkaedama è un puzzle game uscito in Giapponennbasato sui personaggi dell'immenso successo di Konami TokimekinnGioco commemorativo, una vita liceale (giapponese) e simulazione di appuntamenti. Tokkaedama è il secondo puzzle game basato su TokiMeki, il primo si chiama Tokimeki Memorial Taisen Puzzledama che ha più somiglianze con PuyoPuyo che con Tokkaedama.
Tokimeki Memorial Taisen Tokkaedama (Japan)	Tokimeki Memorial: Taisen Tokkaedama è un puzzle game uscito in Giapponennbasato sui personaggi dell'immenso successo di Konami TokimekinnGioco commemorativo, una vita liceale (giapponese) e simulazione di appuntamenti. Tokkaedama è il secondo puzzle game basato su TokiMeki, il primo si chiama Tokimeki Memorial Taisen Puzzledama che ha più somiglianze con PuyoPuyo che con Tokkaedama.
Tokuso Kidoutai J-SWAT (Japan)	Tokusou Kidoutai J SWAT è uno sparatutto in prima persona per Sega Saturn. È uno dei primi tentativi giapponesi di questo genere. Il gioco utilizza compiti specifici del livello come sconfiggere tutti i nemici o sconfiggere il boss piuttosto che il tipico? trovare l'uscita? gameplay come visto ad es. Destino. Il gioco fa un uso massiccio della grafica digitalizzata, una tecnica vista anche ad es. Combattimento mortale.
Tokyo Shadow (Japan) (Disc 1)	Una sorta di film interattivo che ti porta alla ricerca di indizi per le strade della moderna Tokyo. nnBen recitata, ma in modo sdolcinato e un' utile guida.
Tomb Raider (USA) (2S)	Tomb Raider è un gioco di avventura platform su Saturno. Interpreti nei panni della dolce e tettona Lara Croft che inizia la sua avventura cercando un artefatto in una grotta in Perù. L'oggetto risulta essere di origine atlantidea. La ricerca inizia per trovare gli altri artefatti e soprattutto per evitare che cadano nelle mani sbagliate.
Tomb Raiders (Japan)	Tomb Raider è un gioco di avventura platform su Saturno. Interpreti nei panni della dolce e tettona Lara Croft che inizia la sua avventura cercando un artefatto in una grotta in Perù. L'oggetto risulta essere di origine atlantidea. La ricerca inizia per trovare gli altri artefatti e soprattutto per evitare che cadano nelle mani sbagliate.
Top Anglers - Super Fishing Big Fight 2 (Japan)	Top Anglers: Super Fishing Big Fight 2 è un gioco di pesca per Sega Saturn. I giocatori possono raggiungere a piedi diversi punti per pescare o prendere la loro barca e dirigersi verso il centro del lago.
Torico (Europe) (Disc 1)	All'apertura di Torico, un viaggiatore di nome Fred si ritrova imprigionato nella prigione di Misty Town. È venuto al villaggio in cerca di risposte al suo passato, un passato di cui non ha alcun ricordo. Sulla testa ha un tatuaggio a forma di mezzaluna. Nella sua cella, Fred incontra lo strano e apparentemente onnisciente Anthony, che gli racconta le leggende della Città delle Lune. Si dice che la strada per la città passi attraverso la città nebbiosa. Anthony gli offre la chiave della sua cella, ma dopo un tentativo di fuga, Fred si ritrova rapidamente nelle mani di Lord Gordon, lo spietato governatore della città.
Touge King the Spirits (Japan)	Conosciuto in Giappone come Touge King: The Spirits (spesso tradotto erroneamente come Touge: King of the Spirits), High Velocity è un corridore veloce di Atlus. Scegli la corsa dei tuoi sogni e lanciati per vedere quanto velocemente puoi correre su per la montagna. Personalizza la tua auto, cambiane il colore, scegli il motore, il turbocompressore, poi mettila a punto alla perfezione mettendo a punto le sospensioni e le gomme. High Velocity: Mountain Racing Challenge presenta tre diversi tracciati basati su strade alpine reali. Puoi anche sfidare un amico in una modalità a schermo diviso per due giocatori
Touge King the Spirits 2 (Japan)	Touge King: The Spirits 2 on Saturn è un gioco di corse potenziato in cui guidi auto da corsa o sportive su circuiti che vanno dalla città alle montagne per un'esperienza di gioco strabiliante.
Tournament Leader (Japan)	Virtual Golf è un gioco di sport di Saturno. Seleziona fino a 4 giocatori e fai pratica con le varie sfide che puoi affrontare. Prima di diventare un professionista e giocare con i professionisti, devi metterti alla prova vincendo una serie di tornei.
Touryuu Densetsu Elan Doree (Japan)	Elan Doreé (AKA Touryuu Densetsu: Elan Doreé) è originariamente un arcade ST-V dello sconosciuto sviluppatore Sai-Mate. Questo gioco aggiunge molti nuovi aspetti ai giochi di combattimento tradizionali, come i draghi volanti e gli attacchi magici. Ogni personaggio cavalca un drago, il che significa che in realtà dovresti volare in ogni momento. La maggior parte dei combattimenti si svolge su un piano 2D, ma hai completa libertà di movimento 3D.
Toushinden S (Japan)	Toshinden Remix o Toshinden S come veniva chiamato in Giappone è un porting del gioco di combattimento per Playstation di Takara Battle Arena Toshinden per il Sega Saturn di Sega. nnAggiunge un personaggio segreto aggiuntivo e una modalità storia per ogni personaggio. Queste aggiunte suggeriscono anche alcuni colpi di scena nel sequel del gioco Battle Arena Toshinden 2. nnLa grafica del gioco ha avuto un enorme successo nel porto; la versione per Playstation ha un aspetto decisamente migliore. Anche se il modello del personaggio e l'arena per il suddetto personaggio esclusivo del porting sembrano notevolmente migliori della grafica del porting. nnToshinden Remix raddoppia anche tutti i campioni vocali dei giochi con campioni più spensierati con accenti esagerati e probabilmente oltraggiosi. nnCome la grafica, anche la velocità di gioco subisce un enorme successo in questa conversione che gira notevolmente più lento rispetto all'originale Playstation.
Toushinden URA (Japan)	Il torneo Toshinden è finito. Attraverso le battaglie alcuni dei combattenti hanno scoperto molto sugli eventi oscuri che circondano le loro vite. Ma gli altri ora tornano a casa con poco più di qualche livido e sogni irrealizzati. Nessuno di loro, però, sa che sta per iniziare una nuova battaglia. nnIn tutto il mondo, gli esperti di arti marziali stanno scomparendo. La polizia di varie nazioni sta collaborando in una caccia all'uomo internazionale per trovare il criminale responsabile degli omicidi. Tuttavia non è stato stabilito alcun motivo e ci sono poche prove disponibili. Un'ondata di terrore ha colpito il mondo e ora anche i combattenti più forti e coraggiosi non sono al sicuro.
Tower, The (Japan)	The Tower è stato originariamente progettata da Yutaka &quot;Yoot&quot; Saito - la sua prima opera presso la sua azienda OPeNBooK e pubblicata per una varietà di piattaforme nel 1994. Un porting è stato visto in occidente come SimTower, pubblicato da Maxis. Il gioco è una ?torre? gioco di simulazione simile nel design a SimCity di Maxis. I giocatori essenzialmente costruiscono una torre, gestendo i suoi contenuti e i sistemi di trasporto nel tentativo di mantenere felici i residenti e fare soldi.
Transport Tycoon (Japan)	Transport Tycoon è stato progettato e programmato da Chris Sawyer e rilasciato per la prima volta nel 1994. Transport Tycoon Deluxe, su cui si basa la versione Saturn, è la versione ampliata e migliorata del gioco originale. Si tratta di un gioco di simulazione aziendale, presentato in una vista isometrica in 2D con grafica di Simon Foster, in cui il giocatore agisce come un imprenditore nel controllo di un'azienda di trasporti e può competere con aziende rivali per ottenere il maggior profitto possibile trasportando passeggeri e merci varie su strada, ferrovia, mare e aria.
Trash It (Europe) (En,Fr,De,Es,It)	Trash È un gioco d'azione arcade in cui i giocatori devono distruggere gli edifici con un martello gigante. Come giocatore, assumi il ruolo di un operaio edile che ha una sola missione: fare a pezzi tutto. I pezzi volano e le case cadono mentre i giocatori si fanno strada attraverso i livelli e guadagnano punti man mano che procedono.
True Pinball (USA)	True Pinball è una versione per console di Pinball Illusions che ha 4 tavoli diversi, chiamati &quot;Extreme Sports&quot;, &quot;Vikings - The Tales&quot;, &quot;Ricochet&quot; e &quot;Babewatch&quot;. nnSono disponibili sia viste 2D che 3D (non disponibili nelle versioni per computer) e oltre 32.000 colori ad alta risoluzione migliorano visivamente.
Tryrush Deppy (Japan)	Tryrush Deppy è un platform 2D che funziona in modo simile ai giochi di Sonic e Mario. Il giocatore controlla un taxi dall'aspetto cartoonesco e deve superare vari livelli per lo più ambientati in ambienti urbani. Alcuni nemici possono essere sconfitti semplicemente saltandoci sopra, ma altri hanno punte e fuoco sul corpo, quindi per sconfiggerli il giocatore deve usare la mossa Super Dash, che garantisce una maggiore velocità per un breve lasso di tempo. Il super cruscotto toglie il gas, ma è possibile caricarlo quanto si vuole fino al massimo. Oltre a uccidere nemici e boss, il super dashing può anche abbattere alcuni muri che portano a oggetti segreti. I boss hanno ciascuno un punto debole da qualche parte sul proprio corpo che si vede appena prima dell'inizio della battaglia.
Tsuukai!! Slot Shooting (Japan)	Tsuukai!! Slot Shooting è un puzzle game del 1996 di Shoeisha. Nel gioco, i blocchi cadono dall'alto e i giocatori devono andare in giro a sparare a quelli che non vogliono far cadere sul tabellone già preparato. Il gioco presenta 4 livelli diversi, ma solo uno è giocabile all'inizio del gioco. Dispone anche di una modalità cooperativa per 2 giocatori.
Tunnel B1 (USA)	Tunnel B1, successivamente rilasciato come 3D Mission Shooting: Finalist in Japan, è uno sparatutto in prima persona fantascientifico sviluppato da NEON Software e pubblicato da Ocean nel 1996 per Sega Saturn, Sony PlayStation e computer DOS. È dotato di una colonna sonora di Chris Hülsbeck di fama Turrican. Il gioco vede il giocatore navigare nei tunnel in un hovercraft distruggendo i nemici.
TurfWind '96 - Take Yutaka Kyousouba Ikusei Game (Japan)	Turf Wind ?96 - Take Yutaka Kyoudouba Ikusei Game è un gioco di simulazione di corse di cavalli pubblicato nel 1996 sia per Playstation che per Sega Saturn. Nel gioco, i giocatori possono acquistare cavalli e allevarli per far nascere un campione di cavalli. Possono anche scegliere quale dei cavalli sarà addestrato e competere in diverse corse di cavalli che in giro per il Giappone.
Tutankhamen no Nazo - A.N.K.H (Japan) (Disc 1)	Ankh Tutankhamen no Nazo è un gioco di avventura FMV in prima persona. Il gioco inizia con il giocatore che viene invitato in Egitto dal professor Yoshimura Sakuzi. Quando arriva, un indovino gli dice che l'Egitto lo stava aspettando da 300 anni. Decide di trovare la leggendaria valle con l'aiuto del professore per scoprire il mistero di Tutankhamon.
Twinkle Star Sprites (Japan) (Disc 1) (Game Disc)	Twinklestar Sprites on Saturn è uno sparatutto la cui azione intensa contrasta con uno stile grafico carino e colorato. Separati da una barra verticale, due giocatori si affrontano in un duello (umano contro umano o CPU) e devono eliminare una serie di nemici il più rapidamente possibile per inviare palle di fuoco nell'area dell'avversario.
UEFA Euro 96 - England (Europe) (En,Fr,De,Es,It,Pt)	Un gioco su licenza ufficiale dei Campionati Europei tenuti in Inghilterra nel 1996. Tutte le 16 squadre sono disponibili tra cui scegliere e i seguenti tipi di gioco: Campionato Europeo, Partita Amichevole, Rigori di Allenamento e Partita di Allenamento (solo il portiere avversario è in campo). nnUn paio di opzioni degne di nota sono il vento variabile/regolabile e una scelta di arbitri ciascuno con due livelli di difficoltà di &quot;visione&quot; e &quot;disciplina&quot; (quest'ultimo è disponibile solo per le partite amichevoli). Il commentatore sportivo della BBC di lunga data Barry Davies fornisce il commento. Il gioco è basato sul motore Actua Soccer di Gremlin Interactive.
Ultimate Mortal Kombat 3 (USA)	Ultimate Mortal Kombat 3 combina il meglio di tutti i Mortal Kombats in un'unica cartuccia. Sono immediatamente disponibili 23 personaggi giocabili, come Reptile, Cyrax, Scorpion, Sub-Zero, Jax, Katana, Sonya e altri. Ci sono due boss sbloccabili, oltre a personaggi aggiuntivi. C'è una varietà di nuovi livelli, alcuni dei quali sono interattivi. I personaggi possono picchiare qualcuno, facendolo colpire duramente a terra e schiantarsi fino al piano inferiore, oppure possono buttare qualcuno giù da un ponte, atterrando in una fossa di punte. I giocatori possono sfidare il computer uno contro uno, due contro due o prendere parte al torneo di 8 combattenti. La versione DS ha una modalità multiplayer wireless uno-uno-uno e include il minigioco Puzzle Kombat di Mortal Kombat: Deception.
Ultraman - Hikari no Kyojin Densetsu (Japan)	I robot giganti odiano davvero i mostri giganti e viceversa. Non è mai stato così evidente come nel recente rilascio giapponese di Bandai, Ultraman Legend (o più specificamente, Urutoraman: Hikari no Kyojin Densetsu). Basato sulla popolare serie televisiva giapponese (alcune incarnazioni sono arrivate negli Stati Uniti in passato), Ultraman Legend è una specie di gioco di combattimento 3D. nnIn un interessante allontanamento dalla norma, il gioco affronta il 3-D utilizzando il movimento basato su rotaia (simile a Pandemonium di Crystal Dynamics). Invece di agire all'interno di un grande cerchio, il gioco si svolge lungo una linea di ringhiere. Questo diventa evidente solo quando uno dei combattenti viene lanciato all'indietro e inizia ad apparire in primo piano (spesso rovesciando quei grandi edifici che sono diventati un punto fermo del cinema giapponese dei film di mostri), fino a quando lo schermo non compensa e ritorna allo standard 2-D colpo laterale. Come ho detto, &quot;una specie di gioco di combattimento in 3D&quot;.
Ultraman Zukan (Japan)	Ultraman Zukan è un fan disc con videoclip, immagini e database su diversi personaggi e mostri dello show televisivo Ultraman e Ultra Seven.
Ultraman Zukan 2 (Japan)	Ultraman Zukan 2 è un altro disco fan del database Sega Saturn. Il gioco copre la TV mostra Ultraman Jack, Ultraman Ace e Ultraman Taro.
Ultraman Zukan 3 (Japan)	Il terzo disco fan copre la TV mostra Ultraman Leo, Ultraman 80 e altre serie Ultra.
Umanari 1 Furlong Theater (Japan)	Umanari 1 Furlong Gekijou è un gioco di simulazione di corse di cavalli, simile a Winning Post, ma più comico e da cartone animato.
Universal Nuts (Japan)	Universal Nuts è un romanzo visivo di fantascienza con due protagonisti, Yui e Ai, coinvolti in un incidente a bordo di una stazione spaziale. Man mano che la storia va avanti, il mistero degli eventi accaduti inizia a svelarsi. Il gioco si svolge in un tipico stile di romanzo visivo leggendo il testo e i dialoghi sullo schermo per far progredire la storia. Il gioco presenta un pannello di controllo abbastanza accessibile a chi non parla giapponese, ma c'è ancora del testo giapponese nel gioco.
Uno DX (Japan)	Uno DX è un'interpretazione videoludica del gioco di carte Uno. È stato rilasciato per Sega Saturn esclusivamente in Giappone. nnI giocatori prendono un lato o un angolo a seconda di quanti sono. Ognuno hannle loro carte davanti a loro. Le tue carte vengono visualizzate. Il centro ha anche annpila degli scarti e pila di pesca. La freccia al centro mostra l'ordine corrente dinndirezione di gioco. Il dito indica le carte del giocatore attivo.
Unsolved, The (Japan) (Disc 1)	The Unsolved è un'avventura testuale cinematografica in cui i giocatori assumono il ruolo di un detective cittadino che deve risolvere i bizzarri omicidi di donne nell'area che potrebbero essere collegati all'esistenza di vita aliena intelligente sulla Terra. Il gioco utilizzava attori inglesi dal vivo per i personaggi e foto fisse per raccontare visivamente la storia. La storia è stata scritta da Akio Aska mentre le parti del film sono state dirette da Brian Yuzna.
Valora Valley Golf (USA)	Valora Valley Golf è un approccio esagerato al mondo del golf. Sebbene presenti i tradizionali pericoli dei campi da golf come ostacoli d'acqua e bunker, sono presenti anche pozzi di lava e green in cima a una montagna. nnI corsi spaziano da campi da golf dall'aspetto semplice con lunghi fairway in cui il giocatore può guidare la palla per 450 iarde in un colpo e giganteschi ostacoli d'acqua fino ad antiche rovine e un corso all'interno di un vulcano. nnI controlli sono semplicistici, fare clic una volta per far apparire un metro, fare nuovamente clic per impostare l'angolo e ancora una volta per quanta potenza per guidare la palla con colpi speciali si ottengono alla fine del metro. Non presenta alcun golfista o corso nella vita reale.
Vampire Hunter - Darkstalker's Revenge (Japan) (En,Ja) (Demo)	I Darkstalkers tornano e ora bramano la furia di un combattimento della buona notte. In questa sfida di combattimento testa a testa, le creature dei tuoi incubi più oscuri combattono per il controllo eterno della notte. I classici preferiti infidi affrontano 4 nuovi sfidanti per il dominio totale. Donovan, il Cacciatore Oscuro. Huitzil, la macchina assassina. Hsien-Ko, il fantasma cinese. E Pyron, il sovrano alieno definitivo. La battaglia non è mai stata così intensa, con velocità più elevate, mosse più accattivanti e una grafica ancora più incredibile. Guerrieri della notte; il gioco dei tuoi sogni e dei tuoi incubi.
Vampire Hunter - Darkstalkers' Revenge (Japan) (1M)	I Darkstalkers tornano e ora bramano la furia di un combattimento della buona notte. In questa sfida di combattimento testa a testa, le creature dei tuoi incubi più oscuri combattono per il controllo eterno della notte. I classici preferiti infidi affrontano 4 nuovi sfidanti per il dominio totale. Donovan, il Cacciatore Oscuro. Huitzil, la macchina assassina. Hsien-Ko, il fantasma cinese. E Pyron, il sovrano alieno definitivo. La battaglia non è mai stata così intensa, con velocità più elevate, mosse più accattivanti e una grafica ancora più incredibile. Guerrieri della notte; il gioco dei tuoi sogni e dei tuoi incubi.
Vampire Savior - The Lord of Vampire (Japan)	Darkstalkers 3, intitolato in Giappone come Vampire Savior: The Lord of Vampire, è il secondo sequel della serie di picchiaduro Darkstalkers di Capcom, originariamente pubblicato nelle sale giochi nel 1997. Il gioco mantiene il roster dei personaggi di Darkstalkers: The Night Warriors, omettendo Donovan, Huitzil e Pyron dalla formazione. Al loro posto c'erano quattro nuovi personaggi: Jedah, Lilith, Q-Bee e B.B. Hood. Dispone anche di un personaggio/modalità segreta, Shadow, in cui il giocatore assume l'identità del personaggio sconfitto per il prossimo combattimento (ad esempio, se Morrigan viene sconfitto, nel prossimo combattimento il giocatore interpreterà Morrigan).
Vandal Hearts - Ushinawareta Kodai Bunmei (Japan)	Vandal Hearts è un gioco di ruolo strategico a turni. Segue una trama fissa con battaglie fisse, concentrandosi più sugli elementi strategici che sugli elementi dell'avventura. nnIl combattimento si svolge in una serie di mappe 3D basate su griglia e ogni personaggio del gruppo ha una certa quantità di movimenti che può eseguire ogni turno. Man mano che il gioco procede, altri personaggi si uniscono e lasciano il gruppo e man mano che aumentano di livello possono progredire lungo diversi percorsi di sviluppo. Tra ogni battaglia c'è un filmato che sviluppa la trama utilizzando lo stesso motore 3D del combattimento (e spesso le stesse aree). nnTra una battaglia e l'altra hai l'opportunità di parlare con le persone nelle città e di acquistare attrezzature diverse per le prossime battaglie.
Vatlva (Japan) (Rev A)	Vatlva è stato rilasciato solo in Giappone, ma la maggior parte dei menu sono in inglese. Nel gioco, sei giocatori in veicoli si muovono su un aereo 2D cercando di uccidersi a vicenda. I giocatori hanno un ampio arsenale di armi. La colonna sonora è di Yuzo Koshiro, conosciuto come il &quot;re della musica chiptune di sintesi FM&quot;.
Victory Boxing (Europe)	Center Ring Boxing è un gioco di boxe poligonale 3-D senza licenza in cui il giocatore può scegliere tra 30 diversi pugili maschi o femmine e competere in sei diverse divisioni di peso. Possono anche creare il proprio pugile e usarli per scalare i ranghi per diventare campioni scegliendo tra uno dei cinque stili distinti di boxe. nnC'è anche un allenatore di nome Snake che aiuterà ad allenare il giocatore man mano che avanza nel gioco, oltre a diventare un personaggio selezionabile insieme a un personaggio nascosto in modalità a due giocatori contro una volta che il giocatore diventa campione dei pesi massimi. È presente anche una modalità pratica che consentirà al giocatore di abituarsi ai controlli del gioco e presenta 12 diverse angolazioni della telecamera e una modalità replay che consentirà al giocatore di visualizzare il combattimento precedente nella sua interezza.
Victory Goal (Japan) (1A)	Victory Goal è il fratello maggiore solo per club di Sega International Victory Goal. Ciò lo rende non solo il primo gioco della serie, ma anche il primo gioco della serie a includere i club, in questo caso quelli della J.League giapponese. È anche il primo a includere nomi di giocatori reali, poiché è un prodotto con licenza ufficiale. nnPer quanto riguarda altri aspetti, come il gameplay, il motore grafico, le fotocamere, ecc., tutto è esattamente come in Sega International Victory Goal, che in realtà doveva essere una versione mondiale del fratello maggiore. Come tale è uscito una volta che il SEGA Saturn è stato introdotto in tutti i mercati occidentali, a differenza di questo titolo, che è stato infatti uno dei primi titoli per il catalogo giapponese.
Victory Goal Worldwide Edition (Japan)	Sega Worldwide Soccer 97 è un gioco di sport su Saturno. Puoi giocare con una qualsiasi delle 48 squadre internazionali. Dopo la partita, affronti infortuni e squalifiche dei giocatori. Puoi anche controllare le statistiche dei tuoi giocatori in più di 25 categorie.
Virtua Cop (USA) (7S)	Ingaggiato come uno dei due coraggiosi poliziotti, i giocatori di Virtua Cop sono incaricati di abbattere un malvagio sindacato criminale che sta scatenando una rivolta in una città non specificata. Caduto in una serie di luoghi, uno o due giocatori devono armarsi e farsi strada attraverso tre livelli pieni di morte, nel tentativo di ristabilire la pace e l'ordine. Giocato da una prospettiva in prima persona, i giocatori possono usare i tasti o il joypad, per mirare e sparare alla moltitudine di tiratori scelti che vengono a prenderli. Iniziando il gioco armati solo di un vecchio e fidato fucile a sei colpi, i giocatori possono raccogliere armi più potenti e all'avanguardia, come mitragliatrici e fucili, man mano che avanzano. Poiché queste sono nascoste in casse e simili, trovare queste armi è una parte importante del gioco e possono dare ai giocatori una potenza di fuoco extra quando ne hanno più bisogno. In particolare, tali armi possono essere estremamente utili quando si cerca di affrontare i consueti boss di fine livello.
Virtua Cop 2 (USA)	Virtua Cop 2 segue lo stesso schema di gioco del suo predecessore. Sei un agente di polizia inviato dopo i criminali, dalle metropolitane e una banca a bordo di elicotteri. Il gioco ti muove automaticamente, anche se puoi trovare nascondigli per sparare da un'angolazione sicura. Il tuo compito principale è mirare e sparare con la tua arma in modo da eliminare i cattivi per i punti. Evita gli innocenti, perché sparargli ti costa punti. I nemici hanno una potenza di fuoco maggiore rispetto all'originale.
Virtua Fighter (USA)	Virtua Fighter è stato il primo del suo genere: un gioco di combattimento uno contro uno con ambienti e personaggi completamente 3D. I combattenti e le arene sono rappresentati in poligoni con ombreggiatura piatta. A differenza di molti giochi di combattimento, Virtua Fighter si concentra su un gameplay profondo basato su stili di combattimento reali, piuttosto che su mosse speciali e trame stravaganti. nnCi sono 8 combattenti tra cui scegliere in Virtua Fighter e altrettanti scenari di combattimento in cui competere. Ogni combattente ha uno stile di combattimento distintivo e il proprio set di mosse distintive.
Virtua Fighter 2 (USA)	Virtua Fighter 2 è il sequel del primo picchiaduro 3D nella storia dei videogiochi. I coraggiosi combattenti si riuniscono ancora una volta per partecipare al World Fighting Tournament! Chi degli otto personaggi disponibili verrà scelto? Entra nell'arena su Saturno per scoprire il nome di chi vincerà il titolo. Metti alla prova le tue abilità e scopri se sei del calibro dei campioni!
Virtua Fighter CG Portrait Series - The Final - Dural (Japan)	Virtua Fighter CG Portrait Series è una serie di undici dischi Sega Saturn rilasciati in Giappone tra l'ottobre 1995 e il marzo 1996, ciascuno contenente immagini di un personaggio di Virtua Fighter. Il disco finale, Dural, si poteva ottenere solo inviando a Sega le spinecard dei primi dieci dischi. La versione europea di Virtua Fighter Remix conteneva un CD bonus con alcune di queste immagini, e molte sono state incluse in alta risoluzione (640x480) con la versione PC di Virtua Fighter 2. Ne è stata creata una versione chiamata GG Portrait, con le versioni dei tuoi personaggi di Virtua Fighter Kids.
Virtua Fighter CG Portrait Series Vol. 1 - Sarah Bryant (Japan) (1M)	Sarah Bryant (nata il 4 luglio 1973; San Francisco, California). Prima di Virtua Fighter 4, è stato affermato che usava il Jeet Kune Do come suo fratello. Da Virtua Fighter 4, combatte con le 'Arti Marziali' generali, che includono lo stile Savate, Taekwondo e Karate. Tuttavia, sembra che il suo stile abbia ancora alcune caratteristiche come le posizioni del fenicottero e il grappling. Sarah partecipa al World Fighting Tournament insieme a Jacky per abbattere Judgment 6, il malvagio sindacato che l'ha rapita e le ha fatto il lavaggio del cervello per cercare di uccidere suo fratello.
Virtua Fighter CG Portrait Series Vol. 2 - Jacky Bryant (Japan)	Virtua Fighter CG Portrait Series è una serie di undici dischi Sega Saturn pubblicati in Giappone tra l'ottobre 1995 e il marzo 1996. Jacky Bryant (nato il 28 agosto 1970; San Francisco, California). Soprannominato &quot;Blue Flash&quot;, Jacky è un pilota di auto indy ed è un personaggio giocabile in Sonic & Sega All-Stars Racing. È anche il fratello maggiore di Sarah Bryant. Jacky combatte usando lo stile Jeet Kune Do incredibilmente versatile di Bruce Lee, che gli consente alcune delle tecniche reali di Bruce Lee che ha scelto di perfezionare durante la sua vita. L'aspetto più importante del gioco di Jacky sono le sue combo, che possono essere utilizzate per colpire ripetutamente e infliggere danni enormi.
Virtua Fighter CG Portrait Series Vol. 3 - Akira Yuki (Japan) (2M)	Virtua Fighter CG Portrait Series è una serie di undici dischi Sega Saturn pubblicati in Giappone tra l'ottobre 1995 e il marzo 1996. Akira Yuki (nato il 23 settembre 1968). Il suo stile di combattimento è il B?jíquán, un'arte marziale cinese. Piuttosto che inseguire le vittorie, Akira entra nel torneo per affinare ulteriormente le sue tecniche di B?jíquán e per capire cosa? è circa. Era un amico d'infanzia di Aoi Umenokoji. Inoltre, ha avuto feroci rivalità con combattenti come Goh Hinogami e Jean Kujo, e soprattutto Kage-Maru. È anche amico e rivale di Wolf Hawkfield. Akira è il vincitore ufficiale del secondo torneo mondiale di combattimento (Virtua Fighter 2).
Virtua Fighter CG Portrait Series Vol. 5 - Wolf Hawkfield (Japan)	Virtua Fighter CG Portrait Series è una serie di undici dischi Sega Saturn pubblicati in Giappone tra l'ottobre 1995 e il marzo 1996. Wolf Hawkfield (nato l'8 febbraio 1966). È un wrestler professionista canadese che ha debuttato nel gioco originale ed è apparso come personaggio giocabile in ogni puntata della serie. Wolf è un gigante buono che vive per combattere e non gode altro che un buon incontro, a parte la natura e il karaoke. Gli importava così tanto del combattimento che ha rinunciato alla sua cintura di campionato e si è ritirato dal wrestling dopo essersi stancato della stessa competizione. Poi, dopo aver sentito parlare del World Fighting Tournament, il canadese decide di entrare nella speranza di trovare avversari più forti.
Virtua Fighter CG Portrait Series Vol. 6 - Lau Chan (Japan) (4M)	Virtua Fighter CG Portrait Series è una serie di undici dischi Sega Saturn pubblicati in Giappone tra l'ottobre 1995 e il marzo 1996. Uno chef cinese di spicco, un maestro del leggendario Tiger Swallow Fist in stile wushu e il padre di Pai Chan sebbene i due condividano una tesa relazione. Viene dalla provincia di Shandong, nel nord della Cina. Attualmente (e fin da Virtua Fighter 4), Lau ha sofferto di una malattia rara che non può essere curata. Questa malattia non sembra ostacolare le sue tecniche Koen-ken o la sua capacità di combattere, anche se viene visto tossire in una delle sue animazioni pre-combattimento e, in Virtua Fighter 5 R, una delle sue animazioni inattive. Lau è stato il vincitore del primo torneo mondiale di combattimento.
Virtua Fighter CG Portrait Series Vol. 8 - Lion Rafale (Japan) (2M)	Virtua Fighter CG Portrait Series è una serie di undici dischi Sega Saturn pubblicati in Giappone tra ottobre 1995 e marzo 1996. Lion Rafale (nato il 24 dicembre 1979; Bordeaux, Francia). Era uno dei due nuovi personaggi, insieme a Shun Di aggiunti in Virtua Fighter 2. La personalità di Lion viene mostrata come arrogante, viziata, un po' monella e arrogante. Nasce nella famiglia Rafale, una delle famiglie più ricche di Francia. Sono coinvolti in contratti illegali di armi con terroristi. Lion ha praticato la Mantide Religiosa del Nord sotto un istruttore come parte dell'educazione manageriale da quando aveva cinque anni. Lion sta partecipando al torneo per liberarsi da suo padre.
Virtua Fighter Kids (USA)	Virtua Fighter Kids è una versione modificata di Virtua Fighter 2 per Sega Saturn. Tutti i personaggi sono rimasti uguali, ma la differenza è che non sono più adulti ma bambini con teste enormi degli anime tradizionali e braccia e gambe corte. nnSono state aggiunte una serie di nuove funzionalità per aumentare il gameplay, come la possibilità di programmare mosse specifiche per ogni personaggio o nuovi finali.
Virtua Fighter Remix (USA)	Akira Yuki, l'unico maestro attivo della potente tecnica di Kung Fu conosciuta come Hakkyoku ken (&quot;Il pugno a otto punte&quot;) viaggia per il mondo in cerca di illuminazione e degni avversari. Li ha trovati nel World Fighting Tournament, dove il più forte i combattenti determinano chi è il maestro del combattimento corpo a corpo.Tutte le tecniche sono consentite purché i concorrenti non utilizzino armi ma il proprio corpo. nnDopo settimane di prove, rimangono solo altri sette guerrieri:nnSarah Bryant e suo fratello Jacky, Lau Chan e sua figlia Pai, Jeffry McWild, Wolf Hawkfield e il ninja Kagemaru. nnVirtua Fighter PC (noto anche come Virtua Fighter PC Remix) è un port potenziato del successo arcade di Sega Virtua Fighter. Presenta i personaggi e gli stadi originali con un numero di poligoni e una mappatura delle texture più elevati (a la Virtua Fighter 2) e varie modifiche minori al gameplay.
Virtua Photo Studio - Cameraman Simulation (Japan) (1M, 2M)	Virtua Photo Studio: Cameraman Simulation è un gioco di simulazione in studio fotografico. Il gioco consiste in filmati live-action di modelle in topless, che il giocatore deve &quot;fotografare&quot;, oltre ad alcuni elementi di avventura testuale.
Virtua Racing (USA) (12S)	Virtua Racing o V.R. in breve, è un gioco arcade di corse di Formula 1, sviluppato da Sega AM2 e pubblicato nel 1992. Virtua Racing era inizialmente un'applicazione di prova per esercitare una nuova piattaforma di grafica 3D in fase di sviluppo, il &quot;Model 1&quot;. I risultati sono stati così incoraggianti che Virtua Racing è stato completamente sviluppato in un titolo arcade autonomo. Sebbene il suo uso della grafica poligonale 3D sia stato preceduto dai rivali arcade Namco (Winning Run nel 1988) e Atari (Hard Drivin' nel 1989), Virtua Racing aveva una grafica notevolmente migliorata in termini di numero di poligoni, frame rate e complessità complessiva della scena, e mostrava più angolazioni della telecamera e personaggi non giocanti umani 3D, che contribuivano tutti a un maggiore senso di immersione. Virtua Racing è considerato uno dei videogiochi più influenti di tutti i tempi, per aver gettato le basi per i successivi giochi di corse 3D e per aver divulgato la grafica poligonale 3D tra un pubblico più ampio
Virtuacall S (Japan) (Disc 1) (Game Honpen)	Virtuacall S è un gioco di simulazione di appuntamenti pubblicato da KID per Sega Saturn. Virtuacall S fa parte di una serie di giochi e di un anime OAV.
Virtual Casino (USA)	Il Casinò virtuale consente al giocatore di sperimentare i veri panorami e i suoni di un casinò in 3D, completo di autentici suoni di carte che vengono lanciate, monete che cadono nei vassoi delle slot machine e le sempre belle ragazze del casinò che cercheranno di prendere i soldi dei giocatori ogni volta. nnÈ dotato di tre località tra cui scegliere, Las Vegas, Atlantic City e Monte Carlo con una varietà di giochi da giocare come lo stud a sette carte, il baccarat, il blackjack, la roulette e, naturalmente, il sempre popolare (o odiato) bandito con un braccio solo ( alias slot machine).
Virtual Golf (Europe)	Virtual Golf è un gioco di sport di Saturno. Seleziona fino a 4 giocatori e fai pratica con le varie sfide che puoi affrontare. Prima di diventare un professionista e giocare con i professionisti, devi metterti alla prova vincendo una serie di tornei.
Virtual Hydlide (USA) (P4H)	Virtual Hydlide è un remake 3D dell'originale Hydlide per NES. Devi sconfiggere il malvagio demone Varalys, che ha trasformato una bellissima principessa in tre fate. Prima di affrontare il demone supremo, devi trovare le tre fate e riportare la principessa alla sua normalità raccogliendo tre gioielli. nnVaghi per il mondo 3D di Hydlide, combattendo mostri in tempo reale, trovando armi e armature, scendendo nei sotterranei, cercando tesori e raccogliendo punti dopo aver sconfitto i tuoi nemici, che puoi quindi scambiare con oggetti. Gli elementi RPG sono molto lievi, poiché sali di livello solo dopo aver completato una parte del gioco. Puoi anche generare mappe casuali da solo e lasciare che l'eroe esegua la stessa ricerca nel tuo mondo.
Virtual Kyoutei 2 (Japan) (1M)	Virtual Kyoutei 2 è un sequel di Virtual Kyoutei. Nel gioco, i giocatori competono ancora una volta nel torneo Virtual Kyoutei.
Virtual Mahjong (Japan)	Virtual Mahjong è un gioco di mahjong sviluppato e pubblicato da Micronet per il sistema arcade Sega Titan Video e Sega Saturn. È stato seguito da My Fair Lady: Virtual Mahjong II, che includeva anche questo gioco con la versione Saturn come disco bonus.
Virtual Mahjong 2 - My Fair Lady (Japan)	My Fair Lady: Virtual Mahjong II è un gioco di mahjong sviluppato e pubblicato da Micronet per il sistema arcade Sega Titan Video e Sega Saturn. È il seguito di Virtual Mahjong, incluso anche nella versione Saturn come disco bonus.
Virtual On - Cyber Troopers (USA)	Virtual On è impostato in modo simile a un gioco di combattimento Versus. Due virtuaroidi (Mecha) si fronteggiano su un palco. I giocatori usano una varietà di armi da fuoco, esplosivi, armi da mischia e altre tecniche per distruggere il nemico per un determinato numero di round, di solito una singola battaglia, o meglio due su tre round, come i giochi di combattimento. Il gioco è fatto per essere giocato con una configurazione a due joystick, nota come twin-stick. Ogni stick è dotato di un grilletto e di un pulsante sulla parte superiore dello stick. Le levette gemelle controllano il virtuaroid sullo schermo in modo molto simile a un bulldozer. Spingere o tirare entrambi i bastoncini in una direzione lo fa muovere in quella direzione, mentre spingendo uno stick in avanti e tirando indietro l'altro lo fa girare in avanti. Se si separano i bastoncini, il virtuaroid salta in aria e si gira automaticamente per affrontare l'avversario. Tirandoli l'uno verso l'altro mentre si preme un grilletto, il virtuaroid si inclina mentre spara.
Virtual On - Cyber Troopers Net Link Edition (USA)	Virtual On è impostato in modo simile a un gioco di combattimento Versus. Due virtuaroidi (Mecha) si fronteggiano su un palco. I giocatori usano una varietà di armi da fuoco, esplosivi, armi da mischia e altre tecniche per distruggere il nemico per un determinato numero di round, di solito una singola battaglia, o meglio due su tre round, come i giochi di combattimento. Il gioco è fatto per essere giocato con una configurazione a due joystick, nota come twin-stick. Ogni stick è dotato di un grilletto e di un pulsante sulla parte superiore dello stick. Le levette gemelle controllano il virtuaroid sullo schermo in modo molto simile a un bulldozer. Spingere o tirare entrambi i bastoncini in una direzione lo fa muovere in quella direzione, mentre spingendo uno stick in avanti e tirando indietro l'altro lo fa girare in avanti. Se si separano i bastoncini, il virtuaroid salta in aria e si gira automaticamente per affrontare l'avversario. Tirandoli l'uno verso l'altro mentre si preme un grilletto, il virtuaroid si inclina mentre spara.
Virtual Open Tennis (USA)	Uno degli unici due giochi di tennis rilasciati per il Saturn. Le caratteristiche includono 3 modalità di gioco (torneo, esibizione e pratica), 3 superfici di gioco e 10 giocatori.
Virtual Volleyball (Japan)	Virtual Volleyball è un gioco di pallavolo basato su poligoni per Sega Saturn. Il gioco supporta fino a otto giocatori.
Virus (Japan) (Disc 1)	Virus è un gioco di avventura con elementi di uno sparatutto, concettualmente simile a Snatcher, ma con combattimenti molto più sviluppati e frequenti. Durante le parti dell'avventura del gioco, il giocatore visualizza i luoghi e parla con i personaggi dalla prospettiva in prima persona, interagendo con l'ambiente selezionando le icone dei comandi da una barra nella parte inferiore dello schermo, quindi spostando il cursore sullo schermo per selezionare l'oggetto con cui interagire in modalità point-and-click.
Voice Fantasia S - Ushinawareta Voice Power (Japan) (Disc 1)	Voice Fantasia potrebbe sembrare un gioco di ruolo, ma in realtà il suo gameplay è molto più vicino alla varietà dell'avventura, gli elementi del gioco di ruolo si riducono a uno stato di mini gioco. La maggior parte del gameplay qui è dedicato all'esplorazione del mondo, alla conversazione con i personaggi e all'acquisizione e all'utilizzo di oggetti necessari per far avanzare la storia.
Voice Idol Maniacs - Pool Bar Story (Japan) (Disc 1) (2M)	Voice Idol Maniacs: Pool Bar Story è un gioco di biliardo. I giocatori possono scegliere tra 6 diversi giochi di biliardo con 8 seiyuu. Il gioco utilizza il motore Side Pocket 2, Minnesota Fats: Pool Legend in Nord America.
VR Golf '97 (USA)	Actua Golf è una simulazione di golf con terreno e personaggi completamente 3D. Viene fornito con due percorsi in cui giocare (country e tropicale), personaggi personalizzabili e monitoraggio dei colpi multi-vista e replay d'azione. Actua Golf utilizza controlli di gioco simili a quelli dei vecchi titoli di golf. Con un misuratore di oscillazione, dove devi cronometrare correttamente per colpire la palla a destra.
VR Soccer (USA)	Nel 1995 la maggiore potenza della nuova ondata di sistemi ha reso i giochi di calcio 3D una possibilità studiata da diverse aziende. La maggior parte delle caratteristiche che le persone in seguito hanno dato per scontate nei giochi di calcio sono state sperimentate, o almeno abbastanza fresche, quando sono apparse nel primo dei titoli Actua Sports. Erano disponibili più angolazioni della telecamera per visualizzare l'azione in 3D, con 3 giocatori dello Sheffield Wednesday FC che hanno fornito il motion capture. Sono state presentate 44 squadre internazionali di 22 giocatori, ciascuna con 8 attributi individuali di abilità. Il commentatore della BBC Barry Davies ha fornito un commento a flusso completo sopra le righe. Era disponibile una gamma completa di tornei personalizzati, oltre a opzioni multigiocatore che consentivano sia il gioco con lo stesso sistema che in rete.
Wachenroeder (Japan)	La maggior parte del gioco è presentata in una prospettiva isometrica, simile ai giochi di genere Shining Force, Vandal Hearts, Front Mission o Final Fantasy Tactics, e consiste in diversi combattimenti a turni separati da filmati. Alcuni filmati sono preceduti dal personaggio giocabile Bellebete che narra la storia. I livelli sono costituiti da mappe 3D, che possono essere girate in tutte le direzioni e ingrandite per dare un'occhiata più da vicino al gameplay. Il combattimento nel gioco consiste in battaglie a turni. La storia avanza attraverso l'uso di filmati generati al computer pre-renderizzati.
Waialae no Kiseki - Extra 36 Holes (Japan)	Waialae no Kiseki: Extra 36 Holes è un gioco di golf che è una continuazione della serie New 3D Golf Simulation. È più o meno equivalente in termini di funzionalità e gameplay alle versioni 3DO, PlayStation e Windows rilasciate nello stesso periodo. nnIl sottotitolo si riferisce al fatto che oltre al Waialae County Club, il gioco include anche due percorsi extra: Eight Lakes G.C. (come visto su PC-98 nel 1990) e Windy G.C. (con velocità del vento fino a 30 metri). nnUn'altra caratteristica unica di questo gioco è la possibilità di aumentare la distanza di tiro quando si effettua un tiro perfetto. Mentre i precedenti giochi Mega Drive avevano un aumento di potenza automatico se si effettuava un tiro perfetto, questo gioco ti presenta un misuratore che deve essere caricato premendo i pulsanti.
Waku Waku 7 (Japan)	Questa porta è stata rilasciata solo in Giappone ed è spesso considerata una versione più debole, poiché nonostante richieda una cartuccia di RAM da 1 MB in più, offre ancora più sfondi pixellati e tempi di caricamento più lunghi rispetto alla versione originale Neo Geo.
Waku Waku Puyo Puyo Dungeon (Japan) (3M)	Waku Waku Puyo Puyo Dungeon è un gioco del 1998 di Compile nel franchise Puyo Puyo pubblicato per Sega Saturn. Non è un puzzle game, ma piuttosto un gioco di ruolo d'azione in cui i nemici non attaccheranno finché non lo farai (quindi non rientra perfettamente nemmeno nel franchise di Madou Monogatari).
Waku^2 Monster (Japan)	Waku Waku Monster è un gioco di puzzle di tipo contro che include anche un elemento secondario di raccolta dei mostri.
WanChai Connection (Japan) (Disc A)	La storia si svolge nel 1997 nella zona di Wan Chai dell'isola di Hong Kong. Una donna nuda si è arenata e non ha ricordi. I giocatori assumono il ruolo di Michael Lee, un detective di Hong Kong che cerca di scoprire la verità dietro un tentato omicidio. Oltre a parlare con i personaggi e le tipiche opzioni di dialogo e domande dell'avventura, il gioco offre anche la modalità di ricerca di indizi che consente ai giocatori di cercare indizi in un ambiente 3D.
Wangan Dead Heat (Japan)	Non hai mai sognato di avere una costosa auto sportiva e una ragazza fantastica al tuo fianco? Se è così allora, questo gioco fa per te. Prendi la macchina e forse la pupa verrà con te se sei abbastanza bravo. E forse ti farà vedere un po' di più di lei... Dipende da te...
Wangan Trial Love (Japan)	Wangan Trial Love è un gioco di guida con elementi di simulazione di appuntamenti. Nel gioco, i giocatori creano i propri programmi e routine quotidiane. Il gioco include anche minigiochi.
Wara Wara Wars - Gekitou! Daigundan Battle (Japan)	Wara2 Wars: Gekitou! Daigundan Battle è un gioco di simulazione di strategia per Sega Saturn. I giocatori possono scegliere tra 10 diverse fazioni; Knight, Gray, Ninja, Kangaroo, ecc. e fai la guerra. Difesa, vitalità e velocità sono gli unici 3 criteri che differenziano le unità.
WarCraft II - The Dark Saga (USA)	Prendi il controllo degli umani e degli elfi o delle orde di orchi per il controllo delle terre di Azeroth. Alla fine lavori attraverso il portale oscuro e nella patria degli orchi. Prendi il comando di entrambe le parti mentre affronti più di 20 missioni per parte nella lotta per la sopravvivenza. nnLe nuove funzionalità per la versione console includono un'opzione di creazione automatica, in cui è possibile impostare una coda di unità da produrre e la possibilità di selezionare sedici unità alla volta invece delle nove del PC.
Welcome House (Japan)	Welcome House è un gioco di azione e avventura in cui il giocatore controlla Keaton Paxman. Il gioco inizia con Keaton che guida la sua auto fino alla tenuta di suo zio Parkinson. Non appena entra in casa, rimane intrappolato al suo interno. I giocatori devono esplorare la casa e aiutare Keaton a fuggire usando oggetti diversi per avanzare attraverso di essa. Il gioco utilizza la grafica 3D dei cartoni animati con un sacco di umorismo farsesco.
Whizz (Europe)	Whiz è uno dei pochi platform 3D a utilizzare un punto di vista isometrico. I controlli riflettono questo, spostando il controller a destra spostando effettivamente il personaggio in basso e a destra, spostandolo in basso e a destra spostando direttamente il personaggio in basso e così via. Ogni livello viene giocato contro un limite di tempo e i percorsi attraverso il livello non sono sempre netti. Ci sono quattro diversi tipi di porte, ognuna delle quali ha bisogno di un'icona particolare per passare (le icone rappresentano il tipo di porta, come ghiaccio o mattoni, piuttosto che acqua calda o una chiave, o qualsiasi cosa ti aspetteresti logicamente per cancellare il percorso ). Puoi evitare i cattivi, che potrebbe essere l'opzione migliore, poiché ucciderli ti costa un po' di energia: questo riduce l'importanza del sistema a punti.
Willy Wombat (Japan)	Willy Wombat è un gioco d'azione, sviluppato da West One e pubblicato da Hudson, che è stato rilasciato in Giappone nel 1997. La vista è isometrica. Il personaggio deve avanzare, raccogliendo i diamanti blu e difendendosi dai nemici che appaiono. Per difenderti, puoi lanciare il tuo boomerang. Con L e R possiamo ruotare la telecamera, per vedere meglio ogni scena.
Wing Arms (USA) (4S)	Wing Arms è uno sparatutto d'azione con protagonisti principalmente aeroplani dell'era della seconda guerra mondiale. C'è pochissima simulazione qui mentre ti fai strada attraverso i livelli in cui di solito la tua missione è sparare a tutti o bombardare determinati bersagli. Le missioni notturne aggiungono varietà. Il gameplay è simile alla serie Wing Commander ed è pensato per essere facile da giocare ma difficile da padroneggiare.
Wing Arms - Kareinaru Gekitsuiou (Japan) (Rev A)	Wing Arms è uno sparatutto d'azione con protagonisti principalmente aeroplani dell'era della seconda guerra mondiale. C'è pochissima simulazione qui mentre ti fai strada attraverso i livelli in cui di solito la tua missione è sparare a tutti o bombardare determinati bersagli. Le missioni notturne aggiungono varietà. Il gameplay è simile alla serie Wing Commander ed è pensato per essere facile da giocare ma difficile da padroneggiare.
Winning Post (USA)	In questa voce di Winning Post, i giocatori ancora una volta allevano cavalli, mantengono forti linee di sangue e mettono i loro destrieri in pista per le vincite, lo sport e il vibrante ruggito della folla. Il gioco presenta diverse razze di cavalli tra cui scegliere, addestrare e portarli alle corse e vincere premi. Il giocatore può scegliere i dipendenti e quale cavallo sarà nelle scuderie, ecc.
Winning Post 2 (Japan) (2M)	Il gameplay consiste nella scelta delle opzioni prima delle gare, come scegliere quali cavalli addestrare e quale reggimento intraprendere, visualizzare le statistiche, assumere personale e piazzare scommesse. Tuttavia il giocatore non ha alcun controllo sulle gare e vede solo come spettatore.
Winning Post 2 - Final '97 (Japan)	Winning Post 2 Final '97 è l'aggiornamento del 1997 di Winning Post 2 e il terzo gioco della popolare serie di simulatori di corse di cavalli purosangue e di allevamento di cavalli. I giocatori allevano cavalli, mantengono forti linee di sangue e mettono i loro destrieri in pista per le vincite, lo sport e il vibrante ruggito della folla.
Winning Post 2 - Program '96 (Japan)	Winning Post 2 Program '96 è il primo aggiornamento di Winning Post 2. Il gioco presenta molte razze di cavalli diverse tra cui scegliere, addestrare e portarli alle corse e vincere premi. Il giocatore può scegliere tutti i dipendenti e scegliere quale cavallo sarà nelle sue scuderie, ecc. Tutte le statistiche sono aggiornate all'anno 1996.
Winning Post 3 (Japan) (2M)	Winning Post 3 è il terzo gioco della ben nota serie di gestione di corse di cavalli purosangue e simulatori di allevamento di cavalli per Playstation e Saturn. I giocatori allevano cavalli, mantengono forti linee di sangue e mettono in pista i loro destrieri.
Winning Post 3 - Program '98 (Japan)	Winning Post 3 - Program '98 è una versione aggiornata di Winning Post 3 con i dati della stagione 1998.
Winning Post EX (Japan)	In questa voce di Winning Post, i giocatori ancora una volta allevano cavalli, mantengono forti linee di sangue e mettono i loro destrieri in pista per le vincite, lo sport e il vibrante ruggito della folla. Il gioco presenta diverse razze di cavalli tra cui scegliere, addestrare e portarli alle corse e vincere premi. Il giocatore può scegliere i dipendenti e quale cavallo sarà nelle scuderie, ecc.
Winter Heat (USA)	Winter Heat è un gioco di sport invernali su Saturn. Nelle modalità Arcade, Saturn o Practice, puoi giocare a uno degli undici sport offerti, con otto atleti diversi per otto nazionalità.
Wipeout (USA)	Wipeout è un gioco di corse futuristico ambientato nell'anno 2052. Gareggiando per una delle quattro squadre, il giocatore gareggia nella F3600 Anti-Gravity Racing League su sei piste. L'hovercraft da corsa di ogni squadra ha valutazioni diverse in termini di velocità, accelerazione e virata. Oltre alle corse ad alta velocità, nel gioco sono presenti anche le sparatorie, con diversi pickup di armi come razzi e mine disponibili, utili per rallentare gli avversari. Gli scudi possono anche essere raccolti e possono bloccare gli effetti delle armi.
Wipeout 2097 (Europe)	WipEout XL è ambientato nell'anno 2097, circa quattro decenni dopo il suo predecessore. Invece della competizione di corse antigravità F3600, il gioco presenta un torneo ancora più veloce e pericoloso: la lega F5000 AG. Il sistema di gioco è simile a quello del gioco precedente: i giocatori corrono uno contro l'altro o contro il computer in ambienti futuristici ad alta velocità, raccogliendo liberamente armi sparse per i livelli e usandole contro gli avversari per finire la gara nella posizione più alta.
Wipeout XL (Japan)	WipEout XL è ambientato nell'anno 2097, circa quattro decenni dopo il suo predecessore. Invece della competizione di corse antigravità F3600, il gioco presenta un torneo ancora più veloce e pericoloso: la lega F5000 AG. Il sistema di gioco è simile a quello del gioco precedente: i giocatori corrono uno contro l'altro o contro il computer in ambienti futuristici ad alta velocità, raccogliendo liberamente armi sparse per i livelli e usandole contro gli avversari per finire la gara nella posizione più alta.
With You - Mitsumeteitai (Japan) (Disc 1)	With You: Mitsumete Itai è un normale gioco di avventura di simulazione di appuntamenti con grafica statica, in cui il gioco avanza mentre il giocatore sceglie cosa fare da un elenco di possibili azioni. La trama del gioco ruota attorno a un uomo e una donna che si sono sigillati in due gioielli.
Wizard's Harmony (Japan)	Wizard's Harmony è una visual novel per Saturn di Arc System Works. Il gioco ruota attorno a Rufus Craoun, che partecipa alle attività del club presso l'Accademia dei maghi. Il giocatore deve assumere membri della facoltà per far funzionare l'accademia, ma anche assicurarsi di superare gli esami presentati tre volte l'anno.
Wizard's Harmony 2 (Japan) (1M)	In questo gioco, i giocatori assumono il ruolo di un giovane energico che partecipa alle attività del club presso la &quot;Wizard's Academy&quot;. Ma all'improvviso tutti gli altri membri si sono dimessi a causa di un grosso errore commesso dal protagonista in un esperimento. Il consiglio studentesco, che non è mai stato affezionato al club, coglie l'occasione e prevede di abolire il club a meno che il giocatore non possa completare i compiti da loro indicati.
Wizardry - Llylgamyn Saga (Japan)	Wizardry: Llylgamyn Saga è un remake dei primi tre giochi di Wizardry: Proving Grounds of the Mad Overlord, Knight of Diamonds e Legacy of Llylgamyn. Come nei giochi originali, il giocatore può creare personaggi scegliendo tra cinque razze e otto classi e farli salire di livello esplorando il labirinto e combattendo mostri, trovando e acquistando oggetti nel processo.
Wizardry Nemesis - The Wizardry Adventure (Japan) (Disc 1)	Nemesis: The Wizardry Adventure from Saturn è un gioco di ruolo medievale che combina avventura e combattimento, il giocatore incarna un personaggio in cerca della sua eredità che dovrà salvare il mondo dalle forze del male. Il giocatore si muove punta e clicca in un universo 3D denso e di dimensioni consistenti, alternando fasi di puzzle e fasi di combattimento.
Wizardry VI & VII Complete (Japan) (3M)	Wizardry VI & VII Complete è una compilation per Sega Saturn contenente i giochi di ruolo Wizardry VI: Bane of the Cosmic Forge e Wizardry VII: Crusaders of the Dark Savant dal franchise di lunga data Wizardry. Questa compilation è stata pubblicata solo per Sega Saturn in Giappone.
Wolf Fang SS - Kuuga 2001 (Japan)	Fang SS Kuuga 2001 è un gioco sparatutto per il porting da un gioco arcade del 1991, Rohga: Armor Force. Il gioco è un insolito sparatutto orizzontale a scorrimento. Poiché i giocatori controllano un mech, i giocatori possono librarsi contro i muri inclinati sullo sfondo e occasionalmente atterrare su piattaforme più alte. I giocatori sono impostati con controlli simili a un platform mentre affrontano la direzione orizzontale che scelgono. I giocatori possono anche spostare e puntare la pistola in diverse direzioni.
World Advanced Daisenryaku - Koutetsu no Senpuu (Japan) (2M)	Questo è un gioco di strategia a turni molto tradizionale per Sega Saturn. Utilizza una mappa esadecimale e presenta nebbia di guerra, condizioni meteorologiche, esperienza delle unità, aggiornamento delle unità, veicoli e altre chicche che ti aspetti in una simulazione realistica della Seconda Guerra Mondiale. Aggiunge anche semplici filmati animati in 3D che mostrano cosa è successo durante ogni attacco. Sviluppato originariamente per PC da SystemSoft come parte della loro serie di giochi Daisenryaku (~ Great World War) (ancora in esecuzione), è stato portato su Sega Saturn da Sega per la sua versione giapponese. È stato quindi concesso in licenza da Working Designs e tradotto in inglese per il suo rilascio negli Stati Uniti.
World Advanced Daisenryaku - Sakusen File (Japan) (1M)	World Advanced Daisenryaku: Sakusen File è una voce della serie Daisenryaku rilasciata per Sega Saturn. Il gioco è simile a Iron Storm.
World Cup '98 France - Road to Win (Japan)	Fang SS Kuuga 2001 è un gioco sparatutto per il porting da un gioco arcade del 1991, Rohga: Armor Force. Il gioco è un insolito scorrimento orizzontale World Cup '98 France: Road to Win, da non confondere con FIFA Road to World Cup 98 è un gioco di calcio pubblicato per Sega Saturn. World Cup '98 France ricicla il suo motore principale e gran parte del suo contenuto dai precedenti giochi di calcio pubblicati da Sega, in particolare Sega Worldwide Soccer 98. La differenza principale è che questo è un prodotto concesso in licenza, approvato sia dalla Japan Football Association che dalla FIFA , consentendo quindi squadre reali e giocatori.l tiratore. Poiché i giocatori controllano un mech, i giocatori possono librarsi contro i muri inclinati sullo sfondo e occasionalmente atterrare su piattaforme più alte. I giocatori sono impostati con controlli simili a un platform mentre affrontano la direzione orizzontale che scelgono. I giocatori possono anche spostare e puntare la pistola in diverse direzioni.
World Cup Golf - In Hyatt Dorado Beach (Japan) (En,Ja)	Affronta il meglio con WORLD CUP GOLF: Professional Edition. Entra nel green in modalità Pratica e lavora su qualsiasi buca che ti dia problemi. In modalità Normale, sfida il percorso da solo o gioca contro qualcuno con 15 diversi tipi di gioco come skin e match play.
World Cup Golf - Professional Edition (USA) (RE2)	Affronta il meglio con WORLD CUP GOLF: Professional Edition. Entra nel green in modalità Pratica e lavora su qualsiasi buca che ti dia problemi. In modalità Normale, sfida il percorso da solo o gioca contro qualcuno con 15 diversi tipi di gioco come skin e match play.
World Evolution Soccer (Japan)	World Evolution Soccer è un gioco di calcio pubblicato esclusivamente in Giappone per Sega Saturn. Le modalità di gioco includono; Esibizione, modalità mondo, gioco di società e modalità di modifica.
World Heroes Perfect (Japan)	Nel capitolo finale della saga di World Heroes, tutti e sedici i combattenti dei giochi precedenti tornano per un altro torneo. Le nuove funzionalità includono:nnnn1. Una nuovissima modalità di attacco in cui usi tutti e quattro i pulsanti per attaccare un nemico. 2. Una barra del potere che ti garantisce abilità speciali a seconda del personaggio. 3. Nuovi palchi e musica ambientati in diversi luoghi nel passato e nel futuro della Terra. 4. Tre personaggi segreti tra cui scegliere, incluso un personaggio nuovo della serie
World League Soccer '98 (Europe)	Nella World League Soccer '98 il giocatore è in grado di muovere, calciare, chip, volley ed eseguire tecniche di passaggio avanzate, tra cui uno-due, ritorni di chip e palle lunghe sterzate. I giocatori possono anche torcere e dirigere la palla con il controllo totale. Inoltre, è possibile modificare il tipo di campo, le condizioni meteorologiche e il design dello stadio. Ci sono otto principali campionati europei più i campionati statunitense e giapponese, con 145 squadre disponibili tra cui scegliere, oltre a competizioni internazionali che possono essere progettate su misura. Il commento dal vivo è fornito da Peter Brackley e Ray Wilkins e il motion capture da Les Ferdinand.
World Series Baseball (USA)	I ragazzi dell'estate invadono il tuo salotto in WORLD SERIES BASEBALL. Gioca nei panni di una delle 28 squadre della Major League con elenchi completi e aggiornati. Prova a vincere il gagliardetto in una stagione di 162 partite, oppure salta la stagione e vai ai playoff. Se la tua parte preferita della stagione di baseball è l'All-Star Game, scegli di partecipare alla modalità All-Star. Scopri chi è il più grande battitore con l'Home Run Derby. Mentre suoni, le tue orecchie saranno trattate con un suono di qualità CD che include annunci play-by-play, inni da campo da baseball e risposte dinamiche della folla. Pensi di poter gestire l'azione dei grandi campionati? Scoprilo con le World Series Baseball.
World Series Baseball 98 (USA)	World Series Baseball per Sega Saturn fa parte del franchise World Series Baseball. Il gioco non è correlato ai giochi Mega Drive e Game Gear con lo stesso nome: è un'altra voce, nonostante non abbia un nome nuovo di zecca, che sfrutta la grafica 3D del sistema. È noto come Hideo Nomo World Series Baseball in Giappone, forse per fare questa distinzione, essendo sponsorizzato da Hideo Nomo.
World Series Baseball II (USA) (1S)	Scatenati con le World Series Baseball II! Le nuove funzionalità includono: Tutti i 28 campi da baseball con rendering dettagliato. Statistiche e roster aggiornati della MLB. Gioca nei panni dell'espansione del 1998 Arizona Diamondbacks o Tampa Bay Devil Rays. Crea il tuo elenco di squadre di espansione. Fantastici nuovi angoli di ripresa. Scegli tra 8 giocatori da richiamare dalla fattoria.
Worldwide Soccer '98 (USA) (En,Fr,Es)	Sega Worldwide Soccer è una serie di giochi di calcio di Sega inizialmente per Sega Saturn, ma in seguito è stata spostata su Dreamcast. Sono stati rilasciati tra il 1995 e l'anno 2000.
Worldwide Soccer - Sega International Victory Goal Edition (USA) (RE)	Le migliori squadre del mondo come Brasile, Stati Uniti, Germania, Francia, Spagna e altre sei squadre internazionali si preparano al volley, alla rovesciata e si dirigono verso un campionato! La grafica 3D renderizzata di Sega Saturn ti mette in campo! Modalità Esibizione, Lega mondiale, Torneo mondiale e Calcio di rigore. 12 prospettive di gioco dinamico. Ribalte, tiri al volo, colpi di testa al volo e parate spettacolari! Controllo completo della riproduzione da più visualizzazioni. Monitoraggio statistico completo.
Worms (USA)	Worms è un gioco d'azione strategico su Saturno. Il giocatore prende il controllo di una squadra di vermi che dovrà annientarne un altro con varie armi stravaganti. A turno, le diverse squadre hanno un minuto per sferrare un attacco grazie a uno dei loro lombrichi guerrieri. Devi scegliere il tuo obiettivo con attenzione e sapere come usare l'arma giusta per la situazione per fare il massimo danno. È necessaria molta precisione per mirare ai vermi dell'avversario.
WWF In Your House (USA)	Il WWF In Your House include 10 superstar che sbattevano il corpo, martellavano i tappetini, servivano suplex e distruggevano l'anello tra cui Bret &quot;The Hitman&quot; Hart, Ahmed Johnson, Vader, Goldust, The Ultimate Warrior, Owen Hart, Hunter Hearst Helmsley, British Bulldog, The Undertaker e Shawn &quot;The Heartbreak Kid&quot; Michaels. nnSperimenta un livello completamente nuovo di dolore con le mosse finali dei super pin, inoltre ogni superstar ha il suo luogo di combattimento personale! Con una casa piena di voci sonore superstar, WWF In Your House è una squadra di demolitori di 10 uomini... e hanno il tuo indirizzo!
WWF WrestleMania - The Arcade Game (USA)	WWF Wrestlemania: The Arcade Game fonde le personalità e l'azione dei famosi personaggi dei programmi TV WWF con un gioco di combattimento in stile Mortal Kombat. Questo titolo presenta la grafica digitalizzata di 8 superstar del WWF: Doink, Razor Ramon, Bret &quot;Hit Man&quot; Hart, Shawn Michaels, The Undertaker, Yokozuna, Bam Bam Bigelow e Lex Luger.
X Japan - Virtual Shock 001 (Japan) (3M)	X Japan Virtual Shock 001 è un gioco per Sega Saturn incentrato sulla band metal giapponese X Japan. L'utente ha il compito di scattare foto dei membri della band per produrre un piccolo video, anche se poiché non c'è modo di fallire, è strutturato più come un film che come un gioco.
X-Men - Children of the Atom (USA)	X-MEN SCATENATI! Una conversione al 100% del mega-hit arcade! È qui! Combattimento definitivo! Caos mutante! X-Power! Mosse speciali! Azione a mezz'aria! Grandi personaggi! Grafica frizzante! Esattamente come hai giocato nella sala giochi! Avrai bisogno di tutti i tuoi poteri mutanti, di tutta la tua velocità, di tutta la tua forza... perché questo è il combattimento definitivo! Ne hai abbastanza per sconfiggere Magneto, Omega Red e Sentinel? Sei abbastanza forte per Wolverine, abbastanza potente per Ciclope, abbastanza forte per Iceman... sei abbastanza bravo per unirti alla nuova generazione di eroi mutanti? X-Men Children of the Atom - il gioco di combattimento per porre fine a tutti loro!
X-Men vs. Street Fighter (Japan) (1M)	X-Men VS Street Fighter è uno dei migliori giochi di combattimento 2D su Saturn. È un adattamento del gioco Arcade. Combattiamo con tutti i migliori eroi della famiglia Capcom e i famosi mutanti del mondo X-Men in una lotta nervosa e dinamica. Hai la possibilità di creare squadre e scambiare i tuoi combattenti durante il combattimento.
Xianjian Qixiazhuan (Taiwan)	Senken Kigyouden è un gioco di ruolo del 1999 per Sega Saturn dello sviluppatore taiwanese Softstar Entertainment pubblicato in Giappone. Aveva anche una versione DOS. Il gioco è stato rilasciato anche a Taiwan in edizione limitata con scatola di plastica e organizer.
Yakyuuken Special, The - Kon'ya wa 12-kaisen!! (Japan) (1M)	Nonostante quello che dice il nome, non è una partita di baseball: è un gioco pornografico piuttosto semplicistico in cui l'obiettivo è convincere alcune giovani donne che ballano a spogliarsi per te battendole con le forbici di carta. Questa versione presenta 4 donne esclusive.
Yellow Brick Road (Japan) (3M)	Ispirato ai libri Il meraviglioso mago di Oz, Yellow Brick Road riguarda il tentativo del giocatore di contrastare un'invasione della Città di Smeraldo da parte del Re Gnomo. La struttura del gioco ricorda le avventure in prima persona: i giocatori interagiscono con l'ambiente e manipolano gli oggetti dell'inventario per procedere. Gli enigmi, tuttavia, sono ridotti al minimo, poiché il combattimento occupa una parte significativa del gioco.
Yoshimoto Mahjong Club (Japan)	Yoshimoto Mahjong Club è un gioco di mahjong basato su uno show televisivo giapponese in cui 26 famosi comici giapponesi giocano a mahjong in una sorta di torneo.
Yoshimura Shougi (Japan)	Yoshimura Shogi è un gioco di Shogi che presenta un tutorial completo e modalità di gioco vs computer e vs un altro giocatore umano. Il gioco include anche la recitazione vocale giapponese per ogni movimento del giocatore.
Yu-No - Konoyo no Hate de Koi o Utau Shoujo (Japan) (Disc A)	Takuya Arima è un giovane studente il cui padre, uno storico che ha condotto diversi progetti di ricerca, è recentemente scomparso. Durante le vacanze estive, Takuya scopre una strana sfera nella stanza del padre, insieme a una lettera contenente informazioni sull'esistenza di un mondo parallelo. All'inizio Takuya non prende la cosa sul serio, ma presto si rende conto di essere in possesso di un dispositivo che gli permette di viaggiare in un universo alternativo. Suo padre è davvero vivo? E se sì, dove si trova? Incontri e conversazioni con belle donne e un'indagine ricca di suspense attendono Takuya!
Yumimi Mix Remix (Japan)	Yumimi Mix Remix è una riedizione Sega Saturn del gioco Mega-CD, Yumimi Mix. Sebbene non sia basato su un manga o un anime, Yumimi Mix ha una trama e una grafica caratteristiche in stile anime ed è costruito come un film di cartoni animati interattivo con animazioni e voci fuori campo. A volte viene richiesto al giocatore di selezionare un'azione o una risposta da un menu a comparsa tra due o più disponibili.
Yuukyuu Gensoukyoku (Japan)	Il gioco è ambientato a Enfield, un paese risorto 50 anni dopo una tragica guerra. Il protagonista che lavora in un negozio di generi alimentari viene imprigionato per un crimine che non ha commesso. Il suo capo paga la tassa per liberarlo dalla prigione, ma ora deve ripagare il suo capo e trovare il vero criminale. Una legge particolare in città dice che se riesce a ottenere il favore della città, può richiedere un nuovo processo, e così il protagonista e molti dei suoi amici in città iniziano a fare lavoretti per guadagnarsi la fiducia dei cittadini.
Yuukyuu Gensoukyoku 2nd Album (Japan)	In questo gioco, il personaggio principale, ora membro della Terza Divisione Vigilante Corps, ha un anno per ripristinare la divisione prima che venga sciolta. Yūkyū Gensōkyoku: 2nd Album segue direttamente gli eventi del primo gioco, ed è ancora una volta un tradizionale gioco di avventura giapponese. I giocatori devono riunire il proprio gruppo per svolgere lavori per la gente di Enfield e interagire con i vari personaggi in giro per la città.
Yuukyuu Gensoukyoku Ensemble (Japan)	Yuukyuu Gensoukyoku ensemble 2 è una voce della serie Yuukyuu Gensoukyoku e il sequel di Yuukyuu Gensoukyoku ensemble, pubblicato nel 1999 per Sega Saturn.
Yuukyuu Gensoukyoku Ensemble 2 (Japan)	Yūkyū Gensōkyoku ensemble 2 è un fan disc per Yūkyū Gensōkyoku: 2nd Album e, come il precedente, presenta una nuova storia secondaria, diversi minigiochi e una galleria d'arte.
Yuukyuu no Kobako Official Collection (Japan)	Yūkyū no Kobako è uno dei tanti fan disc di Yūkyū Gensōkyoku. Questo contiene una varietà di video e illustrazioni del primo gioco, oltre a molte illustrazioni e informazioni come anteprima dell'allora in arrivo Yūkyū Gensōkyoku: 2nd Album. È inclusa anche una modalità quiz in cui i giocatori possono mettere alla prova la loro conoscenza dei personaggi e del mondo dei giochi.
Yuushun - Classic Road (Japan)	Yuushun Classic Road è un gioco di corse di cavalli per Sega Saturn. È stato il primo gioco di questo tipo ad un ambiente poligonale completamente 3D che simula realisticamente tutte le gare dall'inizio alla fine. I giocatori sono coinvolti in ogni aspetto dello sport, dalla competizione nei derby all'allevamento dei cavalli stessi.
Z (Europe)	Z è un gioco di strategia in tempo reale in cui combatti per il controllo dei settori, alcuni dei quali contengono fabbriche che possono farti guadagnare unità aggiuntive. Tocca la &quot;bandiera&quot; nel settore ed è tua. Conquista il settore prima che la nuova unità esca dalla manifattura e la nuova unità sia tua. Con sei diversi robot (diversi armamenti, armature e velocità), più veicoli (dalle jeep ai carri armati) che i robot possono utilizzare, il tuo obiettivo finale è distruggere la base dell'avversario e impedirgli di fare lo stesso con te.
Zanma Chou Ougi - Valhollian (Japan)	Zanma Chouougi Valhollian è un gioco di ruolo strategico del 1998 di Datt Japan per Sega Saturn. Il gioco contiene alcuni elementi originali e le tradizionali convenzioni SRPG basate su tessere, ma ne esagera alcuni espandendoli a livelli non tipicamente visti in un gioco del genere dell'epoca. I personaggi possono indossare fino a cinque pezzi di equipaggiamento, ottenere statistiche a tre cifre e spostarsi su distanze molto maggiori.
Zap! Snowboarding Trix '98 (Japan)	Zap! Snowboard Trix '98 è il seguito di Zap! Snow Boarding Trix ed è stato rilasciato anche per Sega Saturn esclusivamente in Giappone. È stato rilasciato anche su PlayStation, localizzato come Phat Air Extreme Snowboarding. È interessante notare che tutti i testi e le voci fuori campo nella versione Saturn provengono dalla localizzazione: interamente in inglese e con voci fuori campo americane.
Zap! Snowboarding Trix (Japan)	Zap! Snowboarding Trix è un gioco di snowboard di Sega Saturn rilasciato esclusivamente in Giappone. Il sequel è stato rilasciato sia per Saturn che per Playstation.
Zen Nihon Pro Wres featuring Virtua (Japan)	25 anni di All Japan Pro Wrestling arrivano su Sega Saturn e ora i guerrieri di Virtua Fighter sono saliti sul ring per sfidare i campioni del mondo! 12 lottatori competono per mostrare le loro abilità e vincere la Triple Crown. 3 modalità di gioco consentono agli amici di sfidarsi testa a testa e competere nell'ultima battaglia di spiriti!
Zenkoku Seifuku Bishoujo Grand Prix - Find Love (Japan)	Find love è un gioco di appuntamenti per Sega Saturn, funziona unicamente sulle console giapponesi o modificate
Zero Divide - The Final Conflict (Japan)	Zero Divide: The Final Conflict è il terzo e ultimo gioco della serie di combattimenti 3D originariamente iniziata su Playstation. Per quanto riguarda il gioco, Zero Divide è meglio descritto come un tipo di combattente Virtua Fighter. Il gioco utilizzava i due processori del Saturn, motivo per cui c'è scritto &quot;SH-2&quot; appena sopra il logo Zero Divide, con conseguente grafica ad alta risoluzione.
Zero4 Champ DooZy-J Type-R (Japan)	Zero 4 Champ Doozy J Type-R è un gioco di corse pubblicato nel 1997 su Saturn. Andiamo a gare folli in giro per il mondo, guidando un motore super potente. Vengono proposti diversi tipi di modalità di gioco, dalla classica modalità arcade a quella allenamento e ovviamente una modalità Campionato.
Zoku Gussun Oyoyo (Japan) (2M)	La trama è un po 'nuova con un po' di rialzo liberale dal secondo titolo SFC. Stranamente, George non è in questo gioco. La mappa del palcoscenico sembra carina, le tessere animate sono accattivanti, ecc. Apprezzerai tutte le piccole aggiunte che fanno risaltare l'intera esperienza dai suoi fratelli. Banpresto ha anche aggiunto alcune nuove fantastiche modalità. C'è una modalità Versus migliore con nuove idee remixate dal sequel SNES. Noterai che la modalità Puzzle fa un ritorno trionfante e gradito. C'è anche una modalità Sopravvivenza per giocatore singolo che completa l'allusione a Tetris. Questa modalità è piuttosto rilassata per quelli di voi che vogliono rilassarsi e allontanarsi. Per i masochisti, l'ultima nuova modalità presenta una sfida più incentrata sull'uccidere e sul rimanere in vita in un ambiente frenetico.
Zoku Hatsukoi Monogatari - Shuugaku Ryokou (Japan) (Disc 1) (Shougakusei Jidai)	Zoku Hatsukoi Monogatari: Shugaku Ryoku è un misto di avventura e &quot;simulazione d'amore&quot; - più specificamente, primo amore. Il giocatore assume il ruolo di uno studente maschio e può scegliere qualsiasi periodo di tempo tra la scuola elementare e l'università. Ogni periodo ha quattro ragazze diverse di cui l'eroe può innamorarsi. Il giocatore deve scegliere una di quelle ragazze come oggetto d'amore principale. L'ambientazione è la stessa in ogni periodo: la classe va in vacanza in diversi luoghi del Giappone. La maggior parte del gioco consiste nel viaggiare da un luogo all'altro, cercando di essere nel posto giusto al momento giusto e prendere la decisione giusta. Il giocatore deve assemblare un programma per ogni posizione. È possibile gestire le finanze del personaggio del giocatore, nonché acquistare oggetti che possono essere dati alle ragazze.
Zoop (Japan)	Zoop è un videogioco puzzle sviluppato da Hookstone Productions. Alcune delle sue regole assomigliano a quelle del gioco arcade Plotting (conosciuto in alcuni territori come Flipull), ma a differenza di Plotting, Zoop funziona in tempo reale. I giocatori controllano un triangolo colorato in piedi in un quadrato 4x4 al centro dello schermo. Linee di oggetti di colore diverso appaiono dalle quattro righe su ciascun lato della scatola. L'obiettivo è lo schermo. Linee di oggetti di colore diverso appaiono dalle quattro righe su ciascun lato della scatola. L'obiettivo è distruggere quegli oggetti prima che entrino nel tuo quadrato. A, B e C sparano. Se i giocatori sparano a un oggetto del loro stesso colore, l'oggetto verrà distrutto e passeranno all'oggetto successivo in quella riga. Quando i giocatori hanno esaurito la riga, torneranno al quadrato (rivolto nella direzione opposta). Se colpiscono un oggetto di un colore diverso, scambiano i colori con quell'oggetto e tornano al loro quadrato, permettendo loro di sparare a oggetti di colore diverso.
Zork I - The Great Underground Empire (Japan)	Zork I: The Great Underground Empire è un gioco di avventura testuale originariamente sviluppato da Infocom per vari computer nel 1980. È stato portato da Activision su Sega Saturn e pubblicato da Shoeisha nel 1996. Piuttosto che usare la Saturn Keyboard, questo gioco è giocato selezionando le parole da un elenco preparato di parole.
