#key	synopsis
5 in One FunPak (USA)	¡Cinco juegos de mesa de todos los tiempos y estrellas en FunPak para GameGear! Juega en cualquier momento, en cualquier lugar, a cualquier velocidad contra un oponente que no puede abandonar solo porque estás ganando. BACKGAMMON: Este juego estratégico ha sido un éxito desde el siglo XVII. Tres niveles de dificultad Retroceder y reproducir Swap Sides Duplicación CHECKERS: Un buen juego que es rápido y fácil para todos Tres niveles de dificultad Retroceder y reproducir CHESS: Una clásica batalla de ingenio y sabiduría para todos los niveles de juego. Six niveles de dificultad Retroceder y reproducir Pregunta por pistas REVERSI: un desafío analítico que es fácil de aprender, pero difícil de dominar. Tres niveles de dificultad Retroceder y reproducir YACHT: Estás en una tirada usando cinco dados para llenar cada una de las categorías de tipo de póker Ir por una casa recta, completa o cinco de un tipo
Aa Harimanada (Japan)	Aa Harimanada es un juego de lucha de sumo de Sega en 1993 para Sega Game Gear y Sega Mega Drive, hecho para unir el anime Aa Harimanada de TV Tokyo. El juego es un juego de lucha típico con varias combinaciones de botones haciendo algo diferente. La versión Mega Drive tiene un sistema de contraseñas y un modo contra dos jugadores.
Addams Family, The (World)	¡Han raptado a Morticia! El tío Fester ha perdido la memoria y está bajo el hechizo de Abigail Craven. Sólo Gómez puede levantar el día y enfrentarse al malvado Juez en un clímax de lo más grillado y fantasmal.
Adventures of Batman & Robin, The (USA, Europe, Brazil) (En)	Mientras los señores del crimen dominan cada vez más la ciudad de Gotham, el Caballero Oscuro se enfrenta al desafío de salvar a Robin de las garras del Jocker y sus compinches. Tendrás mucha acción y suspense durante esta aventura, sacada de la famosa serie de TV de dibujos animados, que cuenta con armas únicas puzzles y plataformas.
Aerial Assault (World)	Tu enemigo es la mortífera organización terrorista NAC. Vuela eludiendo sus defensas, destruye sus naves y enfréntate a su arma mas poderosa. Aerial Assault en Game Gear te coloca en la cabina de un F-15C Eagle, con el objetivo de eliminar a cualquier atacante circundante. Ya sean cazas, jeeps o incluso submarinos, algunos de tus enemigos te permitirán aumentar la fuerza de ataque de tus aviones gracias a algunas bonificaciones.
Aladdin (USA, Europe, Brazil) (En)	Aladino esquiva a los guardias en las calles de Agrabah, mientras intenta evitar las trampas disimuladas de la Cueva de las Maravillas y los peligros del Palacio del Sultán. Móntate en la Alfombra Mágica y cruza el imponente cielo. Luego desafía al Malvado Jafar a un duelo final de espadas y magia.
Alien 3 (USA, Europe)	Los Xenomorfos son rápidos, escupen ácido y están justo ¡detrás de ti! No se tiene mucha visibilidad en estos conductos de aire. Es difícil respirar. Los Estruja-caras pueden estar en cualquier parte. Debes encontrar el alien Nodriza. Cuanto más cerca estás más aliens encuentras..¡más vale que no sean ellos los que te encuentren a ti! Sigue diciéndote a ti mismo, &quot;todo esto na está pasando en realidad... ¡sólo es un juego!&quot;
Alien Syndrome (Europe)	Alien Syndrome para Game Gear es un juego de acción adaptado del título arcade del mismo nombre. Una vez más, los alienígenas están haciendo la vida imposible a los humanos. Tu misión es rescatar a todos los cautivos y escapar antes de que expire la cuenta atrás, o te hará explotar la bomba que has colocado. El final es una batalla épica contra la reina madre alienígena.
Andre Agassi Tennis (USA)	¡La derecha explosiva de Andre Agassi es tuya! Sé Agassi o juega contra Agassi. Por primera vez, gane grandes cantidades de dinero con el juego 'máscaras' donde las apuestas se duplican con cada devolución. Con 4 pistas, 8 jugadores emocionantes, cada uno con diferentes estilos de juego y un árbitro que convoca cada tiro, Andre Agassi Tenni no puede ser vencido.
Arcade Classics (USA)	Missile Command y Centipede han vuelto y están mejor que nunca. ¡Los juegos originales están aquí, más las versiones especialmente modificadas de Sega que traen estos clásicos de los años 80 a los años 90! Pero, ¿la diversión se detiene allí? De ninguna manera, también obtienes el videojuego original - ¡Pong! COMANDO MISIL - Derriba los ICBM entrantes o su apogeo. CENTIPEDE - ¡El juego tiene BUGS! PONG- ¡La madre de todos los videojuegos!
Arch Rivals - The Arcade Game (USA)	La verdadera acción de arcade entre los Arch Rivals está muy caliente, ¡porque esta noche no hay faltas! ¡¿QUÉ?! ¿NO FALTAS? Está bien. Sin faltas ¡Este es el baloncesto donde romper las reglas es parte de las reglas! Si no puedes bloquear un golpe, golpea el bloqueo de tu oponente. Arch Rivals también tiene habilidades reales como pasar, disparar, driblear, manejar pelotas, volcadas y tiros de 3 puntos. No es solo baloncesto ... ¡es basketBRAWL!
Archer Maclean's Dropzone (Europe)	Protege a los hombres que hay en la superficie del planeta IO frente a los extraterrestres invasores que quieren aniquilarlos. Llévalos de vuelta, de uno en uno, a la zona Dropzone. Disfruta de más de noventa niveles de frenética acción explosiva.
Arena (USA, Europe)	En este increíble juego de aventura isométrica en 3D, tú tendrás que luchar en una guerra individual donde debes derrotar a un gobierno corrupto. Tienes que atravesar 20 niveles y más de 100 habitaciones donde solo tendrás tus armas y tu inteligencia para salvar la tierra de la destrucción.
Ariel - The Little Mermaid (USA, Europe, Brazil) (En)	En el papel de Ariel, combate a las criaturas amarinas y derrota a Ursula, la Bruja del Mar, para salvar a Tritón. Como Tritón, el padre de Ariel, recata a Ariel y rompe la maldición de la bruja.
Asterix and the Great Rescue (USA, Brazil) (En)	Panorámix el Druida y Idéfix han sido capturados por las malvadas fuerzas romanas. Utiliza tus pociones mágicas para ayudar a Astérix y Obélix luchar a través de 5 niveles para llegar hasta Roma y liberar a sus amiguetes de las garras del César.
Asterix and the Secret Mission (Europe) (En,Fr,De)	¡Salve a la Galia de la invasión! Astérix y Obélix recorren el Imperio para arrebatar seis hierbas ante las narices de los malvados romanos del César.
Ax Battler - A Legend of Golden Axe (USA, Europe, Brazil) (En)	El hacha Dorada está en manos de la siniestra Víbora de la Muerte. ¡Recupérala, o de lo contrario Firewood estará condenado a la perdición! A diferencia de la serie Golden Axe en la que se basa, Ax Battler: A Legend of Golden Axe en Game Gear es un juego de rol. Las batallas ocurren aleatoriamente y cada victoria te otorga habilidades mágicas que te permiten lanzar ataques atronadores contra tus oponentes.
Ayrton Senna's Super Monaco GP II (USA, Europe, Brazil) (En)	Te encuentras en el asiento del conductor de un coche de carreras de Fórmula 1, y estás listo para correr. ¿Pero puedes tu destronar como conductor o igualar al campeón mundial de Fórmula 1 Ayrton Senna?
Baku Baku (USA)	Eres el cuidador del zoológico en un reino loco. Pero es mejor que tengas cuidado: una vez que te sumerjas en la guarida de Baku Baku, no hay marcha atrás ... Para ganar, combina cada animal con su comida favorita. Desafía a los personajes de la computadora o compite cara a cara en el modo para 2 jugadores. Hermosos gráficos en 3D y colores deslumbrantes llevan el enigma al siguiente nivel. La velocidad variable del juego te permite ir a cámara lenta o a máxima velocidad. Mejor ser inteligente: las sorpresas esperan a los verdaderos maestros de Bakú ...
Barbie Super Model (USA) (Proto)	Nadie dijo que convertirse en un Súper Modelo mundialmente famoso sería fácil. ¡Y eso es lo que descubren Barbie y tú cuando inicias una maravillosa gira de moda por las ciudades más populares de EE. UU.! La emoción comienza en Hollywood Boulevard al volante de tu descapotable descapotable deportivo ultra cool. ¿Puedes ir del restaurante al teatro a tiempo para tu primer gran desfile de moda? ¡Luego irá a Hawai, a Aspen y, finalmente, llegará a Nueva York para la competencia definitiva de pasarelas que tal vez le haga ganar el estatus de Super Model! Cada lugar exótico está lleno de una variedad de desafíos lúdicos y sorpresas deliciosas. Además, las secciones de bonificación de fantasía más importantes le brindan tiempo de sobra para practicar vestirse para cada desfile de moda, aplicar maquillaje y peinarse, ¡incluso caminando por la pista como un verdadero Supermodelo! El glamoroso mundo de la alta costura te está esperando. ¡Ve a por ello!
Batman Forever (World)	¡El verdadero juego comienza! ¡BATMAN FOREVER! ¡Prepárate para una acción interminable con BATMAN FOREVER! ¡BATMAN y ROBIN irrumpieron en GOTHAM CITY en un juego de lucha de dúo-jugador! Armados con toneladas de ataques increíbles, feroces movimientos de combate y un arsenal de artilugios, ¡DYNAMIC DUO está listo para luchar contra las mentes diabólicas de TWO-FACE y THE RIDDLER! Sin dudas ... ¡es BATMAN FOREVER!
Batman Returns (World)	Batman Returns de un juego de plataformas de desplazamiento lateral que adapta al videojuego la película de Tim Burton de 1992. Si bien es muy similar a la versión de Master System, la versión de Game Gear presenta niveles y mecánicas de juego ligeramente diferentes. Batman debe superar cinco fases para derrotar al Pingüino: las calles y tejados de Gotham City, los grandes almacenes de Max Shreck, las alcantarillas y la guarida del Pingüino. Para los primeros cuatro niveles, se puede seleccionar entre dos caminos alternativos diferentes, lo que incrementa la jugabilidad de este titulo y aumentando el desafío para completarlo totalmente.
Batter Up (USA)	Poder crudo en la placa. Batter Up te sumerge profundamente en el mundo del béisbol de campeonato: con acción contundente, carreras de gritos, atrapadas imposibles de bucear y lanzamientos chisporroteantes. Salta para atrapar bolas voladoras difíciles de alcanzar. ¡Snake tronando rápido bolas más allá del bateador! En Password Play, serás el capitán de tu equipo en una serie de campeonato. Usted controla la alineación! Llame a bateadores de pellizco y lanzadores de relevo. Bunt o robar una base. Elige entre catorce equipos, dos estadios, más largos de cinco o nueve entradas. Y aprovecha el modo de dos jugadores para crear tu propia serie mundial con un amigo.
Battleship - The Classic Naval Combat Game (USA)	¿Tienes lo que se necesita para comandar tu propia flota de seis naves? ¿Puedes sobrevivir a un combate despiadado y despiadado en alta mar? Acecha a tu enemigo a través de aguas hostiles. Trace en secreto su plan de ataque. Luego dispara. ¡Es un éxito! ¡Pero mantente en alerta roja! ¡Porque tu oponente quiere la victoria tanto como tú! Capsize un portador. Demoler un destructor. Hunde hasta seis barcos en la flota de tu oponente antes de que encuentres tus propios barcos y los hundas. ¡Explosión de los torpedos y máxima velocidad! Oculte estratégicamente sus propios barcos mientras formula un astuto plan de ataque contra su oponente. Disfruta de la estrategia de juego clásica en este eterno favorito de la guerra naval. Diez nuevas armas especiales con las que luchar, incluidas cargas de profundidad, sonar y misiles de crucero. Juega una y otra vez: ¡cada juego es diferente al último!
Battletoads (USA)	Cuando la malvada Reina de la Oscuridad secuestra a su mejor amigo y a la Princesa Angélica, es el momento de volverse loco para después desquitarse, así que prepara las armas nucleares porque las vas a necesitar para rescatar a tus amigos y salir con la piel verde intacta.
Beavis and Butt-Head (USA, Europe)	Queremos ir a ese concierto de GWAR, pero para ello tenemos que encontrar lo que sea. Dinero o algo así. Así que tienes que ayudarnos a conseguir un poco, porque tenemos que aparecer, eh, fenómenos, o algo así.
Berenstain Bears' Camping Adventure, The (USA)	Todos los Osos Berenstain favoritos se dirigen a las colinas en una aventura de campamento llena de sorpresas. ¡El hermano y la hermana Bear van demasiado lejos y terminan perdidos! ¡Necesitarán mucha &quot;pawful&quot; ayuda para encontrar el camino de regreso al campamento a través de ríos espumosos, cuevas de diamantes, huertos de miel y un bosque embrujado!
Berlin no Kabe (Japan)	El Muro de Berlín (también conocido como Berlin no Kabe) es un juego arcade de plataformas lanzado por Kaneko en 1991. El jugador toma el control de un niño que debe usar su martillo para romper los bloques que forman parte de los niveles de plataforma que forman cada etapa. Estos agujeros actúan como trampas para los muchos monstruos que patrullan y una vez que uno ha caído en un hoyo, el jugador puede usar el martillo sobre el monstruo para hacerlo caer por el agujero y bajar a la plataforma de abajo, causando que se convierta en fruta o potenciadores, que luego se pueden recoger. Este juego tiene una serie de similitudes con Space Panic, generalmente considerado como el primer videojuego de plataforma.
Bishoujo Senshi Sailor Moon S (Japan)	El juego está basado en la serie de animé del mismo nombre. La heroína de la serie es Tsukino Usagi, una colegiala que posee poderes únicos como Sailor Moon, uno de los luchadores del futurista Moon Kingdom. Su misión es proteger a la princesa del Reino de la Luna. Ella y sus amigos luchan contra las fuerzas de la oscuridad, dirigidas por la Reina Beryl y el Príncipe Diamante.
Bonkers Wax Up! (USA, Europe)	¡La terrorífica Madame Who-Said ha persuadido astútamente a Bonkers para que vaya a su escalofriante Museo de Cera, donde está convirtiendo a famosos personajes de dibujos animados en estatuas!... ¡Ayuda a Bonkers a escapar de los 6 complicados niveles hasta que se encuentre con su compañero Lucky y salvar a los personajes antes de que se conviertan en celebridades de cera!
Bram Stoker's Dracula (USA)	En la oscuridad de la noche acecha a sus víctimas inconscientes con la pasión de un príncipe y la elegancia de una fiera. Es el Príncipe de la Noche y ha hechizado hipnóticamente a tu encantadora Mina Murray. Tú, Jonathan Harker, tienes que clavarle una estaca a esa sanguijuela para salvar a Mina de una suerte peor que la muerte: ser una vampiresa para siempre.
BreakThru! (USA) (Proto)	BreakThru! se lanzó originalmente en otras plataformas como PC, SNES y Game Boy en 1994, y más tarde en Saturn y PlayStation en 1995. El juego es conocido por contar con el respaldo del creador de Tetris, Alexey Pajitnov, lo que le dio cierta notoriedad. Esta versión para Game Gear fue completada, pero nunca se lanzó por razones desconocidas.
Bubble Bobble (USA)	Bubble Bobble es la historia de dos humanos, Bub y Bob, que deambulan por la misteriosa cueva de los monstruos y mágicamente se convierten en dinosaurios. La única forma de transformarse es llegar al final de la cueva ... Bubble Bobble es un juego de plataformas, con cada nivel en una sola pantalla. Los enemigos deben ser eliminados de un nivel para pasar al siguiente. Con un jugador controlando a Bub y el otro controlando a Bob, el jugador puede saltar y recoger elementos para obtener puntos. Sin embargo, el verdadero poder que tienen Bub y Bob es la capacidad de hacer burbujas. Estas burbujas pueden ser plataformas para saltar o atrapar enemigos. Los enemigos atrapados en una burbuja deben explotar saltando sobre ellos, en donde se convertirán en fruta. Además, los power-ups a veces flotan en burbujas. Incluyen relámpagos, que vuelan horizontalmente hacia los enemigos, y agua, que arrastra al jugador y a los enemigos hacia abajo, fluyendo sobre las plataformas.
Bugs Bunny in Double Trouble (USA, Europe)	BUGS BUNNY ha soñado con convertirse en un problema doble. ¡Un científico loco está detrás del cerebro de Bugs! Para escapar, los insectos deben usar el Televisor del Científico para viajar a través de los países de los sueños y burlar a sus amigos LOONEY TUNES, incluidos DAFFY DUCK, ELMER FUDD y YOSEMITE SAM. Pero la pesadilla de Bugs no termina allí. Antes de que pueda descansar, Bugs debe volar a Marte para luchar contra MARVIN THE MARTIAN y su perro de confianza K-9. Muévete rápido o ... &quot;¡Eso es todo amigos!&quot;
Bust-A-Move (USA)	¿Cuál estallará primero: tu concentración o el nivel en el que estás trabajando? Se necesita algo más que balancear la torreta de burbujas y apuntar al techo que cae; ¡la planificación táctica y la destreza mental son la única forma de unir tres o más burbujas y 100 victorias para superar todas las rondas explosivas y explosivas de Bust-A-Move!
Buster Ball (Japan)	Nos enfrentamos aquí con una especie de hockey futurista que todavía contiene su pequeña variante. El campo está delimitado en 4 segmentos, cada jugador está confinado en uno de estos segmentos y, bajo ninguna circunstancia, puede pasar de un segmento a otro. Por lo tanto, debemos atrapar el disco magnético, avanzar hasta el límite de un segmento, pasar el relé a un jugador que está en el otro lado para continuar la progresión y la puntuación. Estas son las reglas de un juego simple, con una vista superior y gráficos bastante buenos. Un modo de campeonato te garantiza unas pocas horas de juego lo suficientemente divertidas una vez que dominas el control de los jugadores.
Buster Fight (Japan)	¡Elija uno de los cuatro colosales luchadores, cada cual con un nùmero de movimientos especiales y técnicas de lucha, y vaya mano a mano contra los otros tres! ¡Coja un amigo para que le acompañe en un combate de exhibiciòn o ábrase camino hasta la cima en el torneo para un solo jugador, donde deberá luchar por su vida y la de todos los habitantes de la tierra!
Caesars Palace (USA)	¡CAESARS PALACE extiende su entretenimiento al máximo con más acción de juego de casino que nunca antes disponible para GameGear! Con muchos juegos para elegir, experimentará la emocionante emoción de los juegos de casino en el mundialmente famoso CAESARS PALACE. Tablas VIP con invitación especial: gana mucho dinero y es posible que te inviten a jugar con los grandes. Compra en un solo lugar en los cajeros automáticos: retire dinero, haga un seguimiento de sus ganancias y juegue al momento en cualquier cajero automático disperso por el casino.
Captain America and the Avengers (USA)	Red Skull regresa con un siniestro dispositivo de control mental para comandar a los supervillanos más malvados de la tierra contra las fuerzas del bien. ¡Los supervillanos quieren controlar el universo! El Capitán América y los Vengadores son la última esperanza del mundo en esta batalla contra el mal Únete a Cabo, Iron Man y Hawkeye Vision, ya que combinan sus poderes especiales con tus habilidades en un último esfuerzo para vencer a Red Skill y sus malvados secuaces. Triunfa y eres un héroe. ¡Fallo, y revocaremos la autorización de seguridad de Avengers!
Car Licence (Japan)	Car License es un juego educativo de Sega Game Gear. Fue desarrollado para ayudar a los usuarios a pasar el examen del carnet de conducir.
Casino FunPak (USA)	¡LAS VEGAS EN TUS MANOS! Interplay trae la emoción de Las Vegas a tu JUEGO DEL MUCHACHO con Casino Fun Pak. Todos los famosos juegos de azar y habilidad están en tus manos siempre que quieras probar suerte. Dale un giro a las tragamonedas o juega grandes apuestas con Video Poker. Pase a la mesa de Dados, la Rueda de la Ruleta o enfrente al distribuidor con el Blackjack. O seleccione el modo Torneo y recorra el casino para obtener una serie de giros dramáticos del destino.
Castle of Illusion Starring Mickey Mouse (USA, Europe, Brazil) (En)	¡Ha empezado la búsqueda! Mickey está iras la pista de una malvada bruja'llamada Mizrabel, que ha raptado a Minnie. Mickey tendrá que encontrar siete joyas escondidas en las cámaras fantásticas del Castillo del Engaño de Mizrabel y emplearlas para salvar a Minnie. ¿Podrá Mickey encontrarlas? ¡Todo depende de usted!
Cave Dude (USA) (Proto)	Cave Dude para Game Gear, un prototipo inédito entre otros Innovation Tech intentó ser lanzado en Game Gear en los Estados Unidos. El juego funciona en modo de compatibilidad Master Syste. De alguna manera parece que algunos de esos cartuchos de Innovation Tech han estado haciendo la ronda entre los coleccionistas. El juego también fue desarrollado en coreano y conocido como Toto World 3 allí, y también es mejor conocido como parte de la compilación Australian 4 Pak All Action. Nuestro nuevo vertedero hoy en realidad es bastante idéntico a la versión en 4 Pak All Action, pero como derechos de autor y otra información adicional que fueron borrados para la compilación.
Chakan (USA, Europe)	&quot;La oscuridad cae sobre la tierra mientras espero el regreso de las visiones que han atormentado mis noches. Han pasado muchos años desde que mi arrogancia me condenó a esta vida que ahora vivo, porque estoy condenado a caminar por el campo hasta que pueda superar las visiones que me impide descansar ... solo puedo confiar en mis espadas y en mi conocimiento de la alquimia para liberarme de estos lazos de tiempo &quot;.
Championship Hockey (Europe)	Compite en un partido de hockey súper realista, con toda la frenética acción de Championship Hockey: patinaje maestro, contundentes faltas de cuerpo y fulminantes slap shots. En tu intento por ganar la Copa, tendrás que patinar bien para evitar las faltas de cuerpo de los defensas y las maniobras de despeje de los porteros.
Chase H.Q. (USA)	Nueva York, como ayuda para erradicar el crimen, la policía de Manhatam ha establecido un cuartel general de investigación especial. Se denominan CHASE H.Q., y su objetivo es arrestar a todos los criminales que escapen en automóviles de la escena de cualquier crimen.
Cheese Cat-Astrophe Starring Speedy Gonzales (USA, Europe, Brazil) (En,Fr,De,Es)	El álter ego de Sylvester, alias el Dr Cheesefinger ha sequestrado las provisiones de queso y a Carmel, la novia de Speedy Gonzales. ¿Podrá este ratón engañar al cruel gato Sylvester y salvar las provisiones de queso del pueblo?
Chessmaster, The (USA, Europe, Brazil) (En)	¿Crees ser bastante bueno, o no? Bien, aún falta que Chessmaster te enseñe un par de cosas. ¡Miles de jugadas clásicas!
Chicago Syndicate (USA, Brazil) (En)	Chicago 1920: la corrupción y la violencia se han apoderado del ciyu. Seis jefes de gángsters controlan las calles. Larcen Tyler debe tomar el control de Chicago por su cuenta, ¡o morir intentándolo! Presentando a Larcen Tyler, de Eternal Champions, en su mejor papel de la historia, ¡desde un gángster experto hasta un cruzado de limpieza! ¡Usa la gama completa de armas de Larcens y 60 movimientos de lucha diferentes para luchar contra los gangsters más duros de Chicago en seis territorios de la ciudad! Su plan de ataque depende de lo que está sucediendo actualmente en cada territorio. ¡Manténgase al tanto de los próximos movimientos de los sindicatos a través de los informantes y los eventos locales para planificar su ataque estratégicamente! ¡Ningún juego será igual!
Choplifter III (USA)	El sargento Wallen fue derribado por la guerrilla anoche mientras patrullaba las líneas enemigas. Está herido, sin dormir y desesperado por ayuda. No hay tiempo para la diplomacia: ¡VAS A ENTRAR!
Chuck Rock (World)	Chuck es un verdadero lanzador de rocas, y posee un devastador golpe de barriga... ¿Pero será esto suficiente para vencer a las extrañas bestias y encontrar a su amada?
Chuck Rock II - Son of Chuck (USA)	Dieciocho meses después de su victoria sobre Gary Gritter, Chuck Rock se ha convertido en el proprietario de la próspera 'Chuck Motors', ¡y ha tenido un hijo! Pero ahora ha sido raptado por Brick Jagger, su diabólico enemigo, y lo más probable es que éste le haga polvo a menos que alguien le rescate....¡Catacrock! ¡Es Chuck Junior, que ha salido de su parquecito! -&quot;Gu-gu, ga-ga, volveré&quot;.
CJ Elephant Fugitive (USA, Europe)	Acusado de un crimen que no cometió, &quot;CJ Elephant&quot; es encarcelado en un zoológico. Usando un armamento avanzado de propulsión a cacahuetes, una asombrosa habilidad para encontrar cargas explosivas y un práctico paraguas escapa rápidamente. Ahora debe huir a Londres, pasar por París, atravesar los Alpes y correr a través de El Cairo hasta que el finalmente logre llegar a su hogar en África.
Cliffhanger (USA)	Por 7 niveles que incluyen bosques, grutas y montañas traicioneras los jugadores deben intentar salvar a sus amigos de los locos terroristas utilizando una combinación de técnicas de lucha y alpinismo. Por suerte para ti, puedes utilizar una ametralladora Uzi, navajas y una selección de movimientos mortales de Kung-Fu, pero lo malo es que los terroristas y el terreno conspiran para abatirte.
Clutch Hitter (USA)	Es un High Fly Ball ... ¡Se va se va se fue! Entra en la caja de bateo y prepárate para un poco de calor! Muévete un poco más cerca del plato o sumérgete en la caja, depende del lanzamiento que creas que obtendrás a continuación. Comience su corredor base temprano para adelantarlo con un toque o robar un segundo plano. Mejor aún, taladre esa bola curva colgante en las gradas del jardín izquierdo para obtener una ventaja rápida de dos carreras. Cuando estás en el montículo, no es solo lo rápido que lanzas, pero donde tiras eso cuenta. Mueva su receptor fuera si desea pellizcar la esquina, o colóquelo dentro para atascar la mezcla para una ventana emergente fácil. Mantenga un ojo en el corredor de base ... una jugada de selección puede sacarlo de una entrada dura. Jugado en casa o en la carretera, tiene toda la acción y la estrategia de lo real. Las salchichas y los cacahuetes se venden por separado.
Columns (USA, Europe, Brazil) (En)	Regrese a la antigua Fenicia y acepte el reto de Columns, el juego predilecto de los antiguos mercaderes. Olvídese del tiempo y diviértase con este excelente juego de estrategia y habilidad.
Cool Spot (USA)	NO HAY MANERA! ¡Los amigos güays de los Cool SPOT están encerrados! ¡CLARO QUE HAY UNA MANERA! Los Cool SPOT están aquí para alegranos el día! Corta el rollo des maravilloso escenario, de la pasmosa animación y de los apetitosos sonidos de fondo y a jugar hombre, esto es la mar espeluznante...
Cosmic Spacehead (USA, Europe)	¡Sumerge tus sentidos en esta gigantesca odisea extraterrestre de descubrimiento cósmico! ¡Una aventura radical, un impresionante arcade y soberbios sub-juegos se combinan en la gesta de ciencia ficción de los años cincuenta que Cosmic Spacehead tiene que llevar a cabo para probar la existencia de la Tierra!
Crayon Shin-chan - Taiketsu! Kantam Panic!! (Japan)	Shinnosuke Nohara, conocido cariñosamente como Shin-chan, es un niño de 5 años que vive en la ciudad japonesa de Kasukabe en la prefectura de Saitama con sus padres: Hiroshi Nohara y Misae Nohara, y transcurrida gran parte de la serie con su hermana pequeña, Himawari Nohara. Es un niño muy travieso y rebelde que desconcierta a los adultos con sus ocurrencias y sus comportamientos desvergonzados poco propios de su edad, como su desmedido interés por las mujeres o el «baile del culo» (que ejecuta agachado con los pantalones bajados) interpretado al menor descuido de su madre. Con sus amigos del parvulario y su perro, Nevado, vive diversas aventuras, ya sea en su casa, la escuela o en las zonas de juego de los parques.
Crazy Faces (Europe) (Proto)	Crazy Faces es un juego inédito de Sega Game Gear desarrollado por el Kremlin y que será publicado por Domark. De haber sido lanzado, habría debutado alrededor de 1993. SMSPower lanzó un prototipo del juego en abril de 2012. Crazy Faces hace que el usuario presione las casillas alrededor de una pantalla para intentar hacer fotos en el menor tiempo posible. Las imágenes involucran IP populares de videojuegos propiedad de Domark en ese momento, así como algunas de Sega (es decir, Sonic the Hedgehog). El prototipo no tiene música.
Crystal Warriors (USA, Europe)	¡Tres de los cuatro cristales de Ariel han sido robados! La princesa Iris tiene el cuarto. ¡Ayúdala a recuperar las valiosas gemas!
CutThroat Island (USA)	Afila tu larga espada para la última batalla en alta mar. Mientras saqueas y descubres tesoros, piedras preciosas y lingotes de oro, te esperan batallas de piratas sanguinarios con cuchillos y pistolas. Traza tu rumbo a través de lugares peligrosos, pero piénsalo dos veces antes de zarpar, los muertos no cuentan historias en Cutthroat Island.
Daffy Duck in Hollywood (Europe, Brazil) (En,Fr,De,Es,It)	Presentando al famosísimo Investigador Privado. Daffy Duck (Pato Lucas). Armado con tu pistola letal de burbujas, busca en los platos de Hollywood el Premio de Oro del Mundo de los Dibujos Animados, que pertenece a Sam.
David Robinson's Supreme Court (USA) (Auto Demo)	En este juego, cada regate, pase, patada y codo es real: todo está digitalizado del baloncesto real. 24 disparos diferentes de jumpers para golpear, increíble velocidad y efectos de sonido que golpean el rebote hacen de estas cumbres una acción que se pliega. ¡Robinson demuestra su caso con golpes de monstruos con ambas manos y ataques netos impresionantes! Acción del torneo 3-en-3 o de inclinación total. Elige un escuadrón asesino de un tablero de 20 jugadores formado por especialistas en slam, snowboarders y asesinos de bolas. Captura los comentarios de color del Almirante en los descansos.
Deep Duck Trouble Starring Donald Duck (USA, Europe, Brazil) (En)	¡Viaje con el Pato Donald por Junglas llenas de peligros, misteriosos restos de naufragios de barcos piratas, y cavernas brillantes de hielo llenas de abominables hombres de las nieves! ¡Donald tiene que salvar of Tío Gilito, y usted tendrá que ayudarle!
Defenders of Oasis (USA, Europe)	En el papel del príncipe, tú deberás defender el reino de Oasis de las fuerzas del mal, en este entretenido y emocionante juego.
Desert Speedtrap Starring Road Runner and Wile E. Coyote (USA, Brazil) (En)	Road Runner es un pájaro que vive a su aire. Corriendo caminos y pensando en sus cosas. Pero Wile E. Coyote, el viejo enemigo de Road Runner, ha decidido que tiene ganas de comerse a Road Runner a la plancha. Wile E. hará lo imposible para cenarse a Road Runner, pero con un poco de suerte &quot; y un poco de ayuda por su parte &quot; ¡Road Runner podrá burlar al astuto coyote!
Desert Strike - Return to the Gulf (USA)	La simulación de helicópteros número uno' ¡Ahora para tu Game Gear Pilota tu helicóptero AH-64 Apache a través de la excitante acoon en 27 misiones. Destruye scuds, tanques, reactores nucleares y rescata a personas clave en esta prueba de velocidad y destreza a tope.
Devilish (USA)	Ábrete paso entre bestias y trampas explosivas, pasando por ocho emocionantes dimensiones. ¡Este juego te hará vivir una experiencia que sólo puede recibir el calificativo de diabólica!
Dinobasher Starring Bignose the Caveman (Europe) (Proto)	¡Únete a Bignose en una alocada carrera prehistórica para conseguir su cena! Coge tu garrote y hazte paso entre manadas de dinosaurios atravesando cuatro enormes islas, recolectando huesos y rocas, y comerciando con nativos. ¡Dibujos animados fantásticos, música genial y lo que es más importante, un excelente pasatiempo!
Donald no Magical World (Japan) (En,Ja)	Cuenta con Ronald McDonald, mascota de la cadena McDonald's de comida rápida. El juego solo se lanzó en Japón, aunque curiosamente si el jugador inserta el cartucho en un Game Gear occidental, se traducirá al inglés, revelando un título no utilizado en el proceso: Ronald in the Magical World. El juego tiene muchas similitudes con el juego Sega Mega Drive, McDonald's Treasure Land Adventure, aunque el diseño del juego, la historia y el nivel es ligeramente diferente. Sin embargo, parte de la música se comparte entre los dos.
Doraemon - Noranosuke no Yabou (Japan)	Juega con Doraemon por toda la ciudad en tu Game Gear explorando cada rincón consiguiendo diferentes objetos que te ayudarán a superar este reto. Este fenomenal de acción/plataformas revolucionará el género. ¡A qué esperas! ¡Juega con el gato cósmico!
Doraemon - Waku Waku Pocket Paradise (Japan)	Juega con Doraemon o con ayuda de tu amigo Nobita en este apasionante juego de acción y mini-juegos y descubre todo lo que está ocurriendo en la ciudad. Juega con otro amigo con el cable Gear-to-Gear y disfruta de este juego ambientado en el mundo de Doraemon.
Double Dragon (USA, Europe)	Empleando el antiguo arte marcial del Kenpo, ábrase camino por entre la jungla urbana controlada por despiadadas bandas de facinerosos. Mantenga la guardia alta, porque lucha para salvar a su prometida y devolver a las calles la tranquilidad y el orden.
Dr. Franken (Europe) (Demo)	Ayuda a tu cabeza hueca favorita a recuperar a su novia. Adelante. Tira el interruptor. Y ven a un viaje de monstruos con el buen viejo Freaky Franky. Está buscando todas las piezas del hermoso cuerpo de su Bitsy para que pueda volver a unirlas en la máquina de vida del Dr. Frankenbone. Excepto que parece que Itsy Bitsy se ha dispersado por todo el castillo. 7 niveles espeluznantes. Y hay 230 salas llenas de cosas esperando para atraparte. Entonces, ¿qué sucede de repente? No estarías asustado ahora, ¿verdad? No hay nada que temer. Es suficiente para conducir a cualquiera.
Dr. Robotnik's Mean Bean Machine (USA, Europe)	Usted tendrá que guardar la calma y pensar con rapidez para ganar en este fantástico juego cabezas. ¡Compita con un amigo, o pelee contra los robots más astutos secuaces de Robotnik!!
Dragon - The Bruce Lee Story (USA)	Entra en el mundo de Dragon, el lugar en el que vivió durante 32 difíciles años la leyenda de las artes marciales, Bruce Lee. Un lugar en el que te encontrarás con los enemigos más fieros y astutos que jamás se hayan visto en un juego para la GAME GEAR. Puedes disponer de una devastadora gama de 35 movimientos diferentes, y te aseguramos que vas a necesitarlos... Con tres estilos de lucha diferentes: Mantis, Fighter y Nunchuku. Numerosos movimientos especiales y secretos que tendrás que descubrir tú solo. Con el Multi Tap? pueden participar tres personas.
Dragon Crystal (USA, Europe)	Luche en innumerables batallas contra horribles criaturas según busca la salida de un extraño mundo de laberintos.
Dunk Kids (Japan) (En)	Dunk Kids es un juego deportivo, desarrollado y publicado por Sega, que se lanzó en Japón en 1994.
Dynamite Headdy (USA, Europe)	¡El escenario está preparado! Este personaje de dura cabeza ha de hacer valer sus increíbles cualidades deberás utilizar cualquiera de sus 6 cabezas intercambiables para combatir los enemigos mientras muerde, baila, salta y te lleva hasta el escuro castillo de los diablos.
Earthworm Jim (USA)	Jim es una lombriz normal y corriente que lleva un traje cuyas cualidades especiales no entiende muy bien. Para llevar a cabo la amedrantadora tarea de impedir que sus viciosos enemigos le pongan las garras encima al traje con poderes especiales, tendrás que utilizar todas las armas y poderes a tu disposición. Utiliza el látigo el arma de plasma y el hámster (mmmm) para luchar contra Chuck Fifi, Evil el Gato y el mayor Mucus.
Ecco - The Tides of Time (USA, Europe, Brazil) (En)	El malvado Vortex ha regresado y Ecco tiene que enfrentarse a una peligrosa aventura. Con ayuda de la hermosa Trellia guía a Ecco a través de más de 16 niveles de acción acuática incluyendo impresionantes escenas en 3D. ¡Observa como Ecco se convierte en un banco de peces, una medusa e incluso una gaviota mientras luchas en las mareas del tiempo!
Ecco the Dolphin (USA, Europe, Brazil) (En)	El mundo de Ecco ha sido devastado por un viento misterioso y fuerte. Ayúdele a restaurar la paz en su hogar que está en las profundidades del mar.
Ernie Els Golf (Europe) (En,Fr,De,Es,It)	Hay cuatro cursos diferentes de todo el mundo: St. Davids en Gran Bretaña, Sunny Lakes en los EE. UU., Hokkaido en Japón y Sydney en Australia. Los primeros dos tienen 18 hoyos, mientras que los dos últimos tienen nueve. El juego presenta siete modos de juego diferentes: práctica, stroke play, match play, trío, foursome, stableford y juego de máscaras.
Eternal Legend (Japan)	El jugador controla a un niño que tiene que salvar al mundo de los monstruos malvados que deambulan por las áreas fuera de las aldeas. El juego se considera un RPG de acción similar a Final Fantasy y Secret of Mana. Hasta tres personajes pueden estar en su grupo, estos tres miembros cambian dependiendo de la historia.
Evander Holyfield's 'Real Deal' Boxing (USA, Europe)	Levanta tus puños ... ... Y salir a luchar. En la otra esquina ... el Campeón indiscutido de peso pesado del mundo, Evander Holyfield, y está listo para dejarte como un mal hábito. Ahí está la campana! Él sale balanceándose, sus ojos lanzando fuego. Lanzas un gancho al cuerpo y una escalera a la cabeza. Bloquea y entrega un henificador que te hace besar el lienzo. No lo llaman &quot;Real Deal&quot; por nada. El boxeo de &quot;Real Deal&quot; de Evander Holyfield convierte tu Game Gear en el Circuito Mundial de Peso Completo. con 14 oponentes diferentes duking para el cinturón del campeonato. ¿Tienes lo que se necesita para derrocar al Campeón?
Excellent Dizzy Collection, The (Europe)	¡Tres juegos completos protagonizados por la superestrella del juego Dizzy! ¡Disfruta de la emoción de un juego de acción arcade, un juego de acertijos y un completo juego de aventuras todo en un solo paquete! 1. Dizzy the Adventurer - Juego de aventuras. 2. Panic Dizzy - Puzzle Game. 3. ¡Ve a Dizzy Go! - Juego de acción.
F-15 Strike Eagle (USA, Europe)	Colócate en la cabina del avión más caliente de Estados Unidos: ¡el F-15 Strike Eagle! ¡Con una increíble maniobrabilidad y potencia de fuego, el F-15 puede enfrentar cualquier desafío, en cualquier lugar, contra cualquier persona! F-15 Strike Eagle es tu oportunidad de pilotar el poderoso jet en misiones peligrosas en el Golfo Pérsico. Intenta destruir las plantas de guerra química y lidera un ataque contra el enemigo. Muchas aventuras gráficas emocionantes hacen que el juego sea siempre desafiante, ¡siempre nuevo!
F1 (USA, Europe)	F1 es un juego oficial de carreras de Fórmula Uno. Hay dos modos de juego disponibles: &quot;Arcade&quot;, &quot;Grand Prix&quot;. En ambos modos, completas una cierta cantidad de vueltas (4, 8 o 12) y seleccionas en qué circuito quieres correr. Los circuitos incluyen San Marino, Francia, Gran Bretaña, Alemania, Italia, Portugal, Japón y Australia. Algunos circuitos son fáciles, mientras que otros son difíciles. Hay ligeras diferencias entre los dos modos. Por ejemplo, &quot;Arcade&quot; le permite seleccionar el circuito en el orden que desee, mientras que &quot;Grand Prix&quot; solo le permite ajustar su automóvil antes de comenzar una carrera. También necesita correr un circuito en el orden en que aparecen en la pantalla de selección de circuito, pero puede omitir una pista si lo desea. F1 es un juego de 1-2 jugadores, lo que significa que si tienes a otro jugador a mano, puedes competir entre sí.
F1 - World Championship Edition (Europe)	F1 es un juego oficial de carreras de Fórmula Uno. También es el juego de carreras de Game Gear más rápido, auténtico y emocionante hasta la fecha. Lucha contra los verdaderos equipos de Fórmula Uno contra los equipos reales y los verdaderos pilotos del Campeonato Mundial de Fórmula Uno de la FIA.
Faceball 2000 (Japan) (En)	Bienvenido al nuevo y emocionante mundo de Faceball 2000, donde los gráficos en 3D, la perspectiva en primera persona y la maniobrabilidad de 360 grados te ponen a ti y hasta a tres amigos (¡o enemigos!) Dentro de tu Game Boy. Lo que ves es dónde estás, mientras trabajas en equipo, compites entre ellos o juegas solo contra oponentes controlados por computadora. Transpórtate dentro de las paredes de CyberScape, una serie de más de 70 laberintos traicioneros llenos de trucos, trampas y enemigos amenazantes. O bien, ingrese a la Arena donde &quot;Have a Nice Day&quot; adquiere un significado completamente nuevo en rondas rápidas de combate de alta tecnología. Donde quiera que vayas en Faceball 2000, es tu oportunidad de borrar las sonrisas de esas caras felices y molestas, ¡y tal vez algunos de tus amigos, de una vez por todas!
Factory Panic (Europe, Brazil) (En)	¡Infíltrate en las fábricas de un magnate vicioso y reparte los productos de calidad entre la gente que realmente lo merece!
Fantastic Dizzy (USA, Europe) (En,Fr,De,Es,It)	Esta es la aventura animada de Dizzy en Zakeria. Explora las misteriosas minas de diamantes, las fabulosas cavernas, la guarida del dragón y el castillo en las nubes. Te encontrarás con extraños magos, brujos, trolls, piratas, duendes y muchas otras criaturas extraordinarias.
Fantasy Zone (USA, Brazil) (En)	Los canallas de Menon se han llevado al padre de Opa-Opa como rehén. ¡Ayúdale a Opa-Opa a rescatar a su padre!
Fatal Fury Special (USA)	Prepárate para luchar contra todos los contendientes ya que ahora tienes en tu Game Gear el famoso juego de arcade Fatal Fury Special. Selecciona a tu jugador entre 9 legendarios campeones y entra en el Torneo del Rey de los Luchadores, o si no enchúfate a otra Game Gear* para una pelea de 2 jugadores. *Se vende por separado.
FIFA International Soccer (USA, Europe) (En,Fr,De,Es)	EA Sports se ha asociado con el organismo rector del fútbol internacional para ofrecerte el juego de fútbol más realista que se haya creado en GameGear. Increíble portero guarda - ¡embestir o zambullirse después de tiros difíciles en las esquinas! La ventana única de &quot;play-finder&quot; le permite enfocar el campo en patadas de esquina y tiros libres. ¡Encuentra al hombre abierto y golpea la pelota con el objetivo! Deja caer a tu oponente sobre el césped con un tackle deslizante. ¡Tenga cuidado, deslice las jarcias desde atrás y puede resultar en tarjetas amarillas!
FIFA Soccer 96 (USA, Europe) (En,Fr,De,Es)	¡El fútbol de la próxima generación está aquí! Las características incluyen: jugadores modelados de Silicon Graphics que utilizan la tecnología de animación MotionDesign. Nuevos movimientos incluyendo 1-2 pases, drible rápido, voleas, maniquíes, falsificaciones y nuez moscada! Más de 3.500 jugadores reales con fortalezas y debilidades precisas. Transfiere jugadores reales y personalizados para crear el equipo de tus sueños. 12 ligas internacionales, incluyendo inglesa, escocesa, italiana, alemana y francesa.
Foreman for Real (Japan, USA) (En)	PRESTE ATENCIÓN, PUG: ¡ESTA ES LA LUCHA MÁS GRANDE DE SU VIDA! ¡Enfrentando a 20 de los boxeadores más duros del mundo, y cada uno tiene un poderoso golpe! Si los superas, ¡tienes a &quot;George&quot; George Foreman y el título esperando! Esta no es una pelea de clubes: ¡la tecnología de captura de movimiento de Acclaim hace que esta sea la acción más auténtica que jamás hayas experimentado! Así que entra allí, ponte duro y ponte real: ¡FOREMAN FOR REAL!
Frank Thomas Big Hurt Baseball (USA)	Frank quería que la tecnología de Grandes Ligas coincidiera con su estilo ganador de dos premios MVP. Quería una mecánica de juego auténtica, como los lanzadores que pierden la fuerza del brazo. Quería efectos de sonido con calidad de CD, incluidas las llamadas de los árbitros, los aplausos de la multitud y el crujido de los murciélagos. Quería 8 selecciones de tono y 27 categorías de estadísticas. Quería 6 modos de juego que incluyen Season, All-Star Game, Home Run Derby, Playoffs y Batting Practice. Quería 28 estadios renderizados en 3D para generar jonrones. Quería sprites capturados por movimiento. Y quería una tonelada de ángulos de cámara para ver toda la acción ... ¡lo consiguió!
Fray - Shugyou Hen (Japan)	Se trata de un juego de disparos con vista desde arriba que puede clasificarse en la variedad de run and gun. Ambientado en un mundo medieval, Fray sólo puede usar su bastón que funciona como arma a distancia lanzando proyectiles. Pulsando el botón de acción es posible aumentar el tamaño y la potencia del proyectil lanzado. Como en la mayoría de los shooters de este tipo, Fray recibe daño cuando toca a un enemigo o es alcanzada por un disparo. Fray visita pueblos por el camino, donde puede comprar armas, armaduras, pociones y hechizos mágicos.
Fred Couples Golf (USA)	UN AGUJERO EN UNO!!! Comience contra las parejas de Fred &quot;Boom Boom&quot;,nndos veces jugador del año de PGA Tour,nno juega como Fred y lanza la pelota más de 300 yardas! Consejo personal de Fred Couples, gráficos increíblesnn¡y 4 niveles de dificultad hacen que el sueño de este golfista se haga realidad!
Frogger (USA) (Proto)	Esta actualización cancelada del clásico Frogger casi deja el Game Gear en una pila bastante solitaria de sistemas que nunca recibieron su requerimiento de autodefensa de anfibios. Afortunadamente, el lanzamiento de un prototipo completo lo rescató de los destinos más crueles.
From TV Animation Slam Dunk - Shouri e no Starting 5 (Japan)	Juega con tus personajes favoritos del anime, Slam Dunk, 5vs5 en la cancha y disfruta venciendo a todos tus rivales en tu Game Gear.
G-LOC - Air Battle (USA, Europe, Brazil) (En)	La &quot;Citizens Defence Force&quot; no confía en que las Naciones Unidas mantengan la paz en el convulso mundo del siglo XXI. Han confiscado una horda de aviones y buques de guerra y, como leal a la ONU, tu trabajo es derribarlos. El juego se divide en varias fases, a su vez divididas en subfases en tierra y mar, cada una con un estricto límite de tiempo y un número objetivo de aviones que derribar. Tienes misiles y armas estándar a tu disposición. Los aviones pueden sobrevivir a algunos impactos. Si no consigues completar una sección en el tiempo asignado, perderás una vida, pero el número de aviones derribados anteriormente no se reinicia, lo que facilita el segundo intento. A medida que destruyas más enemigos, tendrás acceso a mejores aviones.
Galaga 2 (Europe)	Galaga es un planeta ardiente que a menudo estalla con mutantes e inadaptados enojados. Como comandante galáctico del ejército federal, tienes la tarea de matarlos. ¡No es fácil! Porque vienen hacia ti como racimos como enjambres de abejas asesinas. Esta vez, volará el impresionante Triple Proton Fighter que se deforma a nuevas dimensiones y aumenta la potencia de fuego. Los matones de Galaga, tu cementerio te espera.
Gamble Panic (Japan)	Gamble Panic es un juego de Casino, encontrarás un modo de historia y un modo de exhibición con 7 minijuegos: billar, lotería, varios juegos de cartas, premios gordos, cartas, ruleta.
Gambler Jiko Chuushinha (Japan)	Gambler Jiko Chuushinha es un juego mahjong lanzado solo en Japón en Game Gear. Desde un manga, la aplicación te ofrece jugar el famoso juego japonés eligiendo uno de los 24 personajes disponibles. En cuanto a la jugabilidad, nada especial, excepto las pocas secuencias de animación para lanzar, es un juego de mahjong como los demás.
Garfield - Caught in the Act (USA, Europe)	Bienvenido al mundo de colores de Garfield y sus amigos! En este juego, el primero de 8 megas para Game Gear, encontrarás increíbles aventuras y tomarás parte en sus peripecias, que como en el cine combinan la acción, la comedia y mucho más. Garfield hace su espectacular debut como estrella del videojuego y la TV a todo color, a través de cientos de extensos niveles, en el juego más largo de Game Gear jamás creado.
Gear Stadium Heiseiban (Japan)	Una versión mejorada del título de béisbol Game Gear Gear Stadium (conocido como &quot;Batter Up&quot; en los Estados Unidos). Entre otros cambios, agregó la licencia de Nippon Professional Baseball, jugadores y estadios.
Gear Works (USA)	Gear Works es el último juego de rompecabezas que es fácil de aprender pero imposible de dominar. Ponte en marcha para fabricar muchos engranajes mientras creas relojes en 12 monumentos mundiales conectando estas ruedas dentadas juntas en los patrones correctos. Ten cuidado con el óxido y los enemigos oxidantes que intentarán destruir tus creaciones mecánicas y podrías convertirte en el extraordinario maestro de artes.
George Foreman's KO Boxing (USA, Europe)	Salta al cuadrilátero con George Foreman ? el Campeón Popular ? con la acción de boxeo ¡más realista que nunca! Compite por el título de Campeón mundial con los famosos contrincantes de los pesos pesados. Abrete camino hacia el título con uno de los extraordinarios Super Golpes del &quot;Gran George&quot;. Para la pelea final combate con un amigo usando el cable Gear a Gear.
GG Aleste (Japan) (En)	La Tierra está amenazada por vida vegetal mutante y sus seguidores humanos zombies. Una fuerza puede detener el arraigo de los malvados vegetales: Power Strike, el caza de combate más versátil del mundo. Destruya al enemigo en el aire y en tierra, y salve al planeta de la reptante amenaza verde.
GG Aleste 3 (Japan) (En) (Aleste Collection)	GG Aleste 3 es una secuela de la serie Aleste y una continuación directa de GG Aleste II, lanzado en diciembre de 2020 como un bono especial incluido en la Colección Aleste para Sony PlayStation 4 y Nintendo Switch y como parte de la edición limitada Game Gear Micro incluido con la edición premium de la colección. El juego fue desarrollado como un verdadero juego de Game Gear, no siendo una simple recreación de los aspectos técnicos del sistema.
GG Portrait - Pai Chan (Japan)	GG Portrait: Pai Chan es uno de los dos juegos de la serie GG Portrait. Contiene imágenes de Pai Chan de Virtua Fighter Kids.
GG Portrait - Yuuki Akira (Japan)	GG Portrait: Yuuki Akira es uno de los dos juegos de la serie GG Portrait. Contiene imágenes de Pai Chan de Virtua Fighter Kids.
GG Shinobi, The (Japan) (En)	Tú como Joe Musashi deberás usar tus habilidades especiales en el arte del Ninjutsu para liberar a tus camaradas shinobis y destruir la ciudad del miedo.
Global Gladiators (Europe)	Ponte el GooShooter y únete a Mick y Mack los Global Gladiators, en su aventura para aniquilar a los Monstruos del Slime World, The Mystical Forest, Toxi-Town y Artie World. ¡Échale un vistazo a los escenarios súper-guay, 1.250 gráficos de estupenda animación y el sonido más conseguido del momento!
Gojira - Kaijuu Daishingeki (Japan)	Godzilla: Kaijuu no Daishingeki es un juego de estrategia por turnos, con algunos elementos de arcade. Un jugador puede jugar como Godzilla o monstruos similares (kaiju), como Anguirus y Fire Rodan. Si los jugadores quieren apoyar a la humanidad, pueden jugar como la Fuerza G, una fuerza de defensa humana. Los humanos tienen herramientas para matar monstruos como tanques, artillería y aviones. Algunos monstruos son enemigos no reproducibles y ambos lados tendrán la oportunidad de luchar contra ellos. En el mapa, el juego es una estrategia de guerra típica. El jugador puede mover unidades en el mapa y atacar a los enemigos. Las batallas tienen su propia pantalla y animaciones. La lucha es bastante arcade y simple, que funciona de manera similar a los juegos de lucha. Cuando todas las unidades han usado sus puntos de acciones, termina un turno. Godzilla: Kaijuu no Daishingeki tiene cuatro mapas y un nivel secreto extra.
GP Rider (World)	¡Lo más emocionante en juego de carreras de motos! Muestra todo lo que vales y de lo que eres capaz compitiendo con los mejores pilotos y máquinas del mundo.
Greendog - The Beached Surfer Dude! (USA, Brazil) (En)	Greendog es un surfista desafortunado. Perdió su tabla y se quedó atrapado con un collar maldito. ¡Greendog tiene que luchar para vencer a muchas criaturas locas y monstruos para encontrar el tesoro azteca o nunca se librará de la maldición!
Griffin (Japan) (En)	Griffin es un juego de acción futurista en el que el jugador controla un tanque. El objetivo es vencer cuatro niveles de desplazamiento horizontal. El tanque se puede mover libremente para disparar a los enemigos y esquivar los obstáculos. Hay cuatro armas disponibles: disparos regulares, torpedos, granadas y un suministro limitado de bombas inteligentes. Recibir un golpe disminuye la energía de la vida, pero se puede rellenar acumulando potenciadores. La recompensa por superar un nivel es una imagen fija del piloto tanque femenino.
Gunstar Heroes (Japan)	El planeta Gunstar 9 estuvo en paz durante muchos años hasta que el cruel dictador coronel Red secuestró al hermano mayor de los gemelos Gunstar y utilizó el control mental para hacerlo su esclavo. Ahora, enfrenta a muchos enemigos y jefes diferentes en Gunstar Heroes, mientras luchas para evitar que el dictador desate &quot;Golden Silver the Destructor&quot; con consecuencias apocalípticas.
Halley Wars (USA, Europe, Brazil) (En)	Las fuerzas de Lord Halley están atacando por sexta vez la tierra. ¡Tú y tu nave espacial de ataque son el único obstáculo entre ellos y la tierra!
Head Buster (Japan)	Head Buster es un juego llamado &quot;deportes futuros&quot; sobre robots. En un campo de juego desplazado horizontalmente desde arriba hacia abajo, los robots armados se mueven de forma similar a los juegos de estrategia de Super Robot Taisen, aunque sin muchos de los refinamientos de esa serie. Cada juego comienza en la tienda, donde los robots de tu equipo son comprados y equipados de acuerdo a tus gustos y finanzas. Después de eso, el juego comienza en la arena del robot, el equipo azul contra el equipo rojo en una esquina cada uno. El objetivo no es destruir explícitamente a los robots del equipo contrario, sino destruir su base. Para llegar a su base y evitar que alcancen la tuya, se requiere una cierta cantidad de enfrentamientos. Cada turno se divide en una fase de movimiento y una fase de combate, y dado que las acciones de ambos lados solo se ejecutan cuando termina una fase, no puedes saber cuándo te mueves qué tan cerca llegarás a tus oponentes.
Home Alone (USA, Europe, Brazil) (En)	¡Oh no! Kevin está solo en casa y dos ladrones planean entrar en la casa y llevarse todo lo que valga algo. Kevin tendrá que arreglárselas por sí solo, primero protegiendo los objetos valiosos, y luego entreteniendo a los cacos hasta que llegue la policía.
Honoo no Toukyuuji - Dodge Danpei (Japan)	Dan Ichigeki es un niño pequeño en Japón, y tiene un don raro, él es un maestro de dodgeball a una edad tan joven. Su padre fue uno de los mejores jugadores de dodgeball en la historia, y parece que Dan heredó estas habilidades ...
Hook (USA)	En esta adaptación de videojuego de la película de Steven Spielberg Hook, el jugador toma el papel de un adulto Peter Pan, cuyos niños han sido secuestrados por el Capitán Garfio. Tinker Bell lleva a Peter de vuelta a el país de Nunca Jamás, donde debe estar de nuevo Pan y reclamar a sus hijos.
Hurricanes (Europe)	¿Así que pensabas que los balones de fútbol solo eran para jugar a?...¡Piénsalo más despacio! Embárcate en un viaje súper accidentado jugando a este juego de plataformas, atraviesa espeluznantes ciudades mineras, templos terroríficos, bosques mortales y selvas infestadas de enemigos. ¡Todo ésto es necesario para poder llegar al estadio, y tu única arma, un balón de fútbol!
Hyokkori Hyoutan-jima - Hyoutan-jima no Daikoukai (Japan)	Es un juego de mesa de estilo sugoroku para hasta cuatro jugadores basado en el popular programa infantil NHK Hyokkori Hy?tanjima. Cuatro personajes del programa deciden que quieren ser el presidente de la isla, por lo que parten para comenzar a hacer campaña. El objetivo de cada ronda es recoger la mayor cantidad de puntos; los puntos se pueden ganar o perder en función de los espacios en los que aterriza el jugador. La ronda termina cuando un jugador llega al destino establecido al comienzo de la ronda, lo que le da una bonificación de puntos. El jugador con más puntos después de un número determinado de rondas es el ganador.
Hyper Pro Yakyuu '92 (Japan)	Secuela y segundo juego de la saga de béisbol Pro Yakyuu, completamente actualizado y mejorado para tu Game Gear.
Incredible Crash Dummies, The (World)	¡Te vas a destornillar con este divertido juego de choque! Con avalanchas de risas en la pista de esquí, en el bulevar Rebotante después de un salto mortal o con el humor explosivo de las bolsas de aire comprimido. ¡The Incredible Crash Dummies es un juego loco y divertido! Puede que a los Dummies les falte algún tomillo ... pero The Incredible Crash Dummies no dudarán en hacerse pedazos para que te partas de risa.
Incredible Hulk, The (USA, Europe)	En el papel de The Incredible Hulk tendrás que derrotar a las malvadas fuerzas de The Leader. Se está organizando un destructivo ejército bioquímico y The Leader ha reclutado a tus más mortíferos enemigos: Tyrannus, Absorbing Man, Abomination y Rhino. ¡Es una empresa por la conquista del mundo! ¡The Leader te aguarda!
Indiana Jones and the Last Crusade (USA, Europe, Brazil) (En)	¡Usar su látigo! ¡Usar sus puños! ¡Usar su sentido comûn! Ya ha comenzado la caza. y seguirá hasta el fin. En búsquede del tesoro más grande de la historia, el Santa Grial. Gatear encima del retumbante tren del circo, pelear para escapar de un Zepelin gigantesco y competir contra el reloj y trampas antiguas. Vd. controla a Indy mientras pelea para sobrevivir un nivel lleno de acción después de otro que le pondrán a prueba.
Iron Man X-O Manowar in Heavy Metal (USA)	Los titanes del metal, Iron Man y X-O Manowar, se unen por primera vez para enfrentar una crisis cósmica de alto rendimiento. ¡Es una fusión apocalíptica de acción furiosa, con lo último en potencia y realismo de Superhéroe! ¡Con potencia de fuego bidireccional, explosiones Chest-Beam, combos de múltiples impactos y disparos en el eje Z, batallas finales contra jefes y potencia de armas mejorada!
Itchy & Scratchy Game, The (USA, Europe)	Prepárate porque Itchy y Scratchy (Pica y Rasca, como los conocemos aquí) van a irrumpir en tu casa dando tajos, mies y golpes. Este gato va a necesitar más de siete vidas para sobrevivir a los bazucas, dinamita, rayos y lanzallamas. ¡Hay más de una manera de despellejar a un gato!
J.League GG Pro-Striker '94 (Japan)	J. League GG Pro Striker '94 fue seguido por J. League Soccer Dream Once el año siguiente. Sin embargo, a pesar de las mismas compañías involucradas, Dream Eleven comparte con GG Pro Striker '94, optando por una perspectiva completamente diferente con un nuevo motor de juego.
J.League Soccer - Dream Eleven (Japan)	J.League Soccer - Dream Eleven es un juego de fútbol con licencia de la Japan League.
James Bond 007 - The Duel (Europe)	James bond ha vuelto, tendrá que medir su talento y puntería con muchos de sus viejos enemigos para rescatar a la hija del profesor Michael Jones. Las estupendas pantallas de mutti-scroll y la fantástica acción animada lo convierten en una hazaña del Game Gear.
James Pond 3 - Operation Starfi5h (Europe)	Después de su derrota en Robocod, el Dr. Quizás se entera del queso de alta calidad que se encuentra en la Luna. Contrata la mano de obra de las ratas, el Dr. Quizás comienza la la extracción del queso para que pueda conquistar los mercados mundiales y financiar sus operaciones. Con el fin de detener el Dr. Quizás, James Pond, junto con su nuevo compañero, Rana Finnius, el viaje a la luna con el fin de poner fin al Dr. Quizás y su explotación minera.
James Pond II - Codename RoboCod (USA)	El malvado &quot;Dr. Maybe&quot; ha trazado un plan para destruir todas las fábricas de juguetes del mundo ¡por medio de mortíferas bombas pingüino! La misión consiste en lanzarse al rescate en el papel de &quot;Robocod&quot; -el famoso agente subacuático con licencia para nadar- y esquivar balas supersónicas, escalar muros llenos de peligro y hacer filetes a orugas asesinas, en 8 niveles de susto.
Jeopardy! (USA)	Se necesita arte para ver JEOPARDY, como cualquier sabelotodo podría decirte. Solía significar gritarle a la televisión (en forma de pregunta) o dirigirse a cualquiera que estuviera cerca del alcance del oído, asintiendo con la cabeza y diciendo tranquilamente &quot;Lo sabía ...&quot; ¡Gametek cambia todo eso al darle a JEOPARDY! los fanáticos de todas partes tienen la oportunidad de entrar y salir. Alex Trebek presenta esta nueva versión del programa de juegos de mayor duración de la televisión. ¡Con el estudio de televisión digitalizado, la música de tema, la voz y la fotografía del propio Alex, este JEOPARDY! aprovecha al máximo las capacidades gráficas y de sonido de Sega Game Gear. Con más de 1,700 preguntas y respuestas (¿o son respuestas y preguntas?) Y 300 categorías, seguramente durará muchas temporadas sin repeticiones. Gametek's JEOPARDY !, es definitivamente una opción inteligente.
Jeopardy! - Sports Edition (USA)	¡Escucha a los fanáticos de los deportes! Esta es su oportunidad de demostrar que los atletas de sillón se divierten al máximo. Si eres un fanático de los deportes, o simplemente te encanta el desafío de un buen concurso, ¡entonces esta edición de Jeopardy! es solo para ti Sumérgete en el conocimiento pasado y actual en Béisbol, Baloncesto, Fútbol y Hockey o explora categorías como Tazón Juegos, Boxeo, Entrenadores, Destacados de la Universidad, Equipo, Golf Greats, Carreras de Caballos, Eventos Olímpicos, Pitchers, Jugadores, Novatos y Reglas. ¡La edición deportiva de Jeopardy! es un juego de pelota completamente nuevo! Con más de 1,700 preguntas en categorías relacionadas con los deportes, ¡Jeopardy! Sports Edition pondrá a prueba tus células cerebrales y te dejará animando. Esta nueva edición de Jeopardy! contiene una variedad de concursantes deportivos, fotografía del set de Jeopardy y voz digitalizada de Alex Trebek. Es un verdadero Jeopardy! experiencia.
Joe Montana Football (USA, Europe)	¡Ha llegado el fútbol americano! Joe Montana Football le brinda la estrategia y la dura acción del fútbol americano profesional, junto con ciertos consejos de Joe Montana ? ¡el mejor &quot;quarterback&quot; que ha existido! ¡Usted es el entrenador y la figura en este nuevo y emocionante juego deportivo de Sega!
Journey from Darkness - Strider Returns (USA, Europe)	¡Regresa Strider, fabuloso atleta y el mejor de los guerreros! Su misión consiste en superar 5 niveles llenos de peligro con et fin de llegar a la guarida del malvado Gran Maestro y salvar al planeta de una muerte segura. En esta ocasión ¡NO HABRÁ LÍMITE..., PIEDAD...NI RENDICIÓN!
Judge Dredd (USA, Europe)	Mega-City One está en ruinas. La corrupción es desenfrenada. Es hora de tomar la ley en sus propias manos. Armados con explosivo poder de fuego de Lawgiver - buscadores de calor, cohetes de rebote, misiles incendiarios y más - adquieren Mean Machine, el robot ABC y otras barreras brutales a la justicia. ¡Sube a los cielos con tu motocicleta Lawmaster de alta velocidad y apacigua incluso a los perversos más persistentes! No estás por encima de la ley. ¡ERES la ley!
Junction (USA)	Divertido de ver, y aún más divertido de jugar. ¡JUNCTION es una obra maestra del juego de acción! Al mover solo un bloque, todo el recorrido cambia y los enemigos parecen bloquear tu ruta... o tal vez un artículo valioso aparece para ayudarte a pasar. Hermosos gráficos y magníficos efectos de sonido han sido actualizados a la perfección.
Jungle Book, The (USA)	Cubre tus necesidades básicas y escolta a Mowgli a través de la jungla hasta dejarlo sano y salvo en el poblado de los humanos. ¡Lucha contra Kaa, ta serpiente de ojos saltones, y vence a Shere Khan, el tigre voraz, en esta excitante aventura basada en un clásico de Disney! ¡Haz el oso... te enloquecerá!
Jungle Strike (USA)	¡Ahora la tormenta golpea la jungla! The Desert Madman está muerto, ahora su hijo malvado planea un ataque nuclear contra Estados Unidos. Ha reclutado a un poderoso aliado: un despiadado Señor de la Droga sudamericano con un ejército de mercenarios de alta tecnología. ¡Es SU misión sacarlos! Convierta la noche en un día con sus explosiones en una misión nocturna mortal. Penetra en las defensas aéreas del Señor de la droga en un caza Stealth F-117A. Acechar a los terroristas desde las calles de Washington D.C. hasta las junglas, ríos y picos nevados de Sudamérica. Impresionantes cinemáticas y efectos de sonido digitalizados crean una espectacular experiencia similar a una película.
Jurassic Park (USA, Europe, Brazil) (En)	¡La computadora en Jurassic Park se ha roto y todos los animales han escapado! Eres lo único que se interpone entre los dinosaurios y la gente de la isla. ¿Tienes lo que se necesita para salvar el día?
Kaitou Saint Tail (Japan)	Kaitou Saint Tail es un juego de acción para Sega Game Gear. Está basado en la serie de anime Kaitou Sait Tail de 1994.
Kawasaki Superbike Challenge (USA)	Únase a la legendaria carrera de Kawasaki &quot;Team Green&quot; en los circuitos más emocionantes del mundo con la ZXR750R en el Campeonato Mundial de Superbikes de 750cc. Desarrollado en estrecha asociación con Kawasaki para garantizar la precisión y el realismo total, Kawasaki Superbikes es el juego de carreras de motos para dejar en pie a todos los demás.
Kenyuu Densetsu Yaiba (Japan)	El juego está basado en la serie animada &quot;The Legend of Swordsman Yaiba&quot;. Yaiba Kurogane fue criado por su padre en una jungla para convertirse en un guerrero samurai. Cuando Yaiba llega a Tokio para continuar su entrenamiento, se une a la casa del ex rival de su padre, Raizou. Más tarde, Yaiba se encontrará con Takeshi Onimaru, un talentoso aprendiz de espada, quien pronto se convertirá en su mayor rival. Un día, Onimaru descubre una escotilla que conduce a una habitación secreta donde encuentra dos enormes estatuas de dioses antiguos: Fuujin, el dios del viento, y Raijin, el dios del rayo. Onimaru se da cuenta de que las espadas de estos dioses tienen un inmenso poder, pero falta uno. Se embarca en un viaje para encontrar la otra espada que causa la aparición de las fuerzas del mal ...
Kinetic Connection (Japan) (En)	Como la versión original, Kinetic Connection es un juego de rompecabezas, donde las piezas están animadas. Esto hace que juntar las piezas para formar la imagen general sea más interesante y más difícil, ya que el jugador no puede analizar cada pieza a su propio ritmo cuando todo el rompecabezas se está moviendo. Las piezas también deben voltearse tanto en el eje X como en el eje Y para encajar. El juego tiene 7 acertijos, algunos de los cuales son transferidos de versiones anteriores, pero en su mayoría nuevos diseñados con personajes de Sega. Debido a la pequeña pantalla, las piezas no se guardan en una caja en la parte inferior de la pantalla como en el Kinetic original; en su lugar, ya están todos ubicados en la cuadrícula, en un orden aleatorio. Cada rompecabezas se puede jugar en tres modos diferentes.
Kishin Douji Zenki (Japan)	Hace más de mil años, una bruja llamada Ozuno (a veces Ozunu, o incluso Oz-Nay) luchó contra el mal con la ayuda de la deidad guardiana Zenki, y derrotaron al demonio Karuma. Hoy está presente el descendiente de Ozuno Chiaki y este es capaz de tomar la forma de un niño, ella debe usar un brazalete mágico para transformarlo en el estilo Super Saiyan - en su forma más poderosa del pasado. Un día, Karuma reaparece y vuelve a aparecer en forma de semillas que parecen ojos gigantes y debe destruir a Zenki ...
KLAX (USA, Europe)	KLAX lo hará moverse con rapidez y pensar con rapidez. Atrape los mosaicos de colores a medida que llegan en la cinta transportadora y ordénelos en pilas de a tres, ya sea en forma horizontal, vertical o diagonal. Parece fácil y lo es ... hasta que los mosaicos comienzan a llegar con tal velocidad que usted se volverá loco tratando de atraparlos, pensando a la vez dónde apilarlos antes de que ya no le quede lugar para hacerlo.
Krusty's Fun House (USA, Europe)	¡Hola chavales! ¡No os echéis atrás! ¡Ayudar a vuestro amigo el payaso Krusty! Mi parque de atracciones está ¡infestado de ratas! Mi buen amigo el jovencito Bart Simpson está vigilando las trampas, pero necesito que tú hagas caer en la trampa a esos asquerosos roedores. Luego podemos ¡explotarlas! ¡freírlas con el láser! y ¡Krustificar a los pequeños monstruos! ¡Ole chico! Limpiar el parque de atracciones de esa peste no es tarea fácil chavales, pero ¡hay que hacerlo!
Kuni-chan no Game Tengoku (Japan)	Kuni-chan no Game Tengoku (o Game Paradise de Kuni-chan) es una compilación estrafalaria de juegos con la actriz, novelista, presentadora y comedia japonesa mundialmente famosa, Kuniko Yamada, que ha aparecido en muchos programas y obras para muchas compañías (Fuji TV, TV Asahi, NTV, Disney, NHK Publishing, etc.) y es probablemente más conocido por su afiliación con OHTA Production. El juego se hizo en dos partes (a fines de 1991 y a fines de 1992, respectivamente), cada una con cuatro juegos de larga duración.
Kuni-chan no Game Tengoku Part 2 (Japan)	Kuni-chan no Game Tengoku (o Game Paradise de Kuni-chan) es una compilación estrafalaria de juegos con la actriz, novelista, presentadora y comedia japonesa mundialmente famosa, Kuniko Yamada, que ha aparecido en muchos programas y obras para muchas compañías (Fuji TV, TV Asahi, NTV, Disney, NHK Publishing, etc.) y es probablemente más conocido por su afiliación con OHTA Production. El juego se hizo en dos partes (a fines de 1991 y a fines de 1992, respectivamente), cada una con cuatro juegos de larga duración.
Land of Illusion Starring Mickey Mouse (USA, Europe, Brazil) (En)	Viaje con Mickey Mouse por castillos encantados en ruinas, por oscuras grutas y bosques encantados, y visite una juguetería que se ha vuelto loca. Utilice su ingenio y la magia de Mickey para escapar de amenazadoras trampas, para explorar pasajes secretos y restaurar la paz y la felicidad en el País de la ilusión.
Last Action Hero (USA)	Danny Madigan está viendo un adelanto de la última película de su héroe favorito, Jack Slater, cuando misteriosamente es catapultado dentro de la pantalla; ahora de pie junto a su ídolo favorito. Eres Jack Slater, un héroe de la película de acción, que enfrenta al maníaco del hacha El Destripador, que está sosteniendo una escuela bajo asedio, y a Benedict, un villano que quiere usar el boleto de Danny para llevar el terror al mundo real. El juego, basado en la película del mismo nombre, protagonizada por Arnold Schwarzenegger, es muy diferente para cada plataforma. Para la mayoría de ellos, la jugabilidad se puede dividir en dos partes: niveles de lucha de desplazamiento lateral y persecuciones de autos salvajes en las calles.
Legend of Illusion Starring Mickey Mouse (USA, Europe)	Érase una vez, en un mundo lejano, un reino gobernado por el Rey Pete. Él no era un Rey muy bueno, pero la vida en el reino era buena y sus habitantes eran felices. Pero un día, nubes oscuras tomaron los cielos del reino dejando a las personas muy tristes. &quot;Sólo un Rey, en una jornada real, conseguirá descubrir cuál es la solución de este problema y devolver la paz a los habitantes del reino&quot; avisó al consejero del Rey. El Rey Pete, con miedo de cumplir tal misión, decide hacer de un ayudante del lavadero real, un Rey Honorario. Ahora Mickey tiene en sus manos el destino del reino y la felicidad de sus habitantes. Ayuda a este intrépido ratón a cumplir su misión.
Lemmings (World)	¡Los Lemmings están apareciendo! Estas adorables pero estúpidas criaturas saltan desde los acantilados, caminan sin rumbo dentro de las llamas y se dejan caer como rocas dentro de charcos de agua. Ellos necesitan que usted los ayude para excavar, construir, y volar un camino hacia la seguridad que abarca más de 120 niveles.
Lemmings 2 - The Tribes (Europe) (Proto)	Érase una vez doce tribus lemmings que vivían feliz y pacíficamente en la Isla Lemming. Un día, sin embargo, una gran oscuridad cayó a su tierra, como se decía en la antigua profecía. Esta profecía decía que el único camino para que los lemmings pudieran sobrevivir sería la de evacuar la isla, usando el poder del Talismán del lemming. Este talismán consistía de doce piezas, una perteneciente a cada tribu. Con la ayuda del Guía que los ha ayudado antes, todos los lemmings debían ahora alcanzar el punto más céntrico de su isla para escapar de la perdición.
Lion King, The (USA, Brazil) (En)	Basado en el último éxito de la factoría Disney, &quot;El rey león&quot; da vida a la majestuosidad y al misterio de África a través de los ojos de Simba, un cachorro de león. Los animadores de los estudios Disney y la música de la banda sonora original han sido utilizados para llevarte a Pride Rock. Lleva a Simba a lo largo de 10 niveleshasta la última batalla contra su malvado tío Scar. Salta sobre las hilarantes hienas en Elephant's Graveyard, evita a la salvaje manada en la versión 3D con scroll frontal de la escena de la estampida. Juega con Pumbaa y con Timón, amigos de Simba en el exilio, en las pantallas de bonus. La colaboración entre Disney Software y Virgin Interactive Entertainment, combinada con Sega hace a este juego un nuevo clásico de la animación y del entretenimiento interactivo.
Lost World, The - Jurassic Park (USA)	Experimenta toda la emocionante aventura de The Lost World, la secuela de Jurassic Park, uno de los libros más vendidos y las películas más taquilleras de todos los tiempos. ¿Creías que los dinosaurios están extintos? Bueno, piensa de nuevo. Han vuelto, ¡y están todos aquí!
Lucky Dime Caper Starring Donald Duck, The (USA, Europe, Brazil) (En)	Atraviesa tierras traicioneras junto a Donald Duck para salvar a sus sobrinos y recuperar las monedas de la suerte de manos de la maléfica Magica De Spell.
Lunar - Sanposuru Gakuen (Japan)	Esta es una historia paralela, ambientada en el mismo mundo que los famosos juegos de rol Lunar: Silver Star y Eternal Blue. La ciudad de Burg está poblada por recolectores, y tú tomas el control de dos chicas, Ellie y Lena. Un día, los envían a la isla de Ien, donde deben estudiar magia, y ahí comienza su aventura. El juego es un juego de rol tradicional de estilo japonés. Navega a su grupo a través de un mundo de arriba hacia abajo, visitando ciudades y áreas hostiles. Los encuentros enemigos son aleatorios, las batallas se basan en turnos y se ven desde la perspectiva en primera persona.
Madden 96 (USA, Europe)	Los 30 equipos de la NFL, incluidos Jacksonville y Carolina. Los códigos ocultos revelan equipos y jugadores secretos. Crear jugador Combine Scouting - Juego dentro del juego. Gráficos y animaciones completamente renderizados en 3-D: inmersiones superpuestas, capturas arrodilladas, logotipos en la zona de anotación, tackles de ropa, QB / kickers zurdos. Función de Gerente General: intercambiar y firmar jugadores. Más de 20 nuevas jugadas ofensivas y defensivas. Temporada completa con Playoffs y Super Bowl.
Madden NFL 95 (USA)	¡ACCIÓN! Oponente de la computadora ultracompetitiva. Nuevo jugador renderizado en 3-D se mueve; brazos rectos, alto steppin ', QB diapositivas. Campo más grande PROFUNDIDAD! Completa las listas de la NFLPA de 1994. 48 listas de jugadores - sub cualquier jugador en cualquier formación. Más de 100 lesiones de jugadores. Temporada completa de la NFL, Playoffs y Super Bowl. 28 equipos de la NFL y All Madden. ¡ESTRATEGIA! La opción de pase sin ventanas obliga a los QB a leer las coberturas de zona o de hombre. Nuevas defensas diseñadas por Madden. ¡La mejor lógica de llamadas de juegos jamás realizada, basada en las estrategias de la NFL '94 -'95!
Madou Monogatari A - Dokidoki Vacation (Japan)	Arle Nadja, de cuatro años, entra en un bosque cerca de la casa de su abuela, pero se pierde al distraerse con Carbunclo. En el camino, se le otorgan poderes de las hadas del bosque mágico, que le enseñan hechizos múltiples. En la versión original, Owlbear es el jefe final con el que te encuentras constantemente. Este fue el único juego que se rehizo y portó al Sega Gamegear (conocido como Madou Monogatari: A Doki Doki Vacation), pero se realizaron cambios masivos como diferentes enemigos. También estaba Satanás como el principal villano y jefe final, y una introducción completamente diferente donde Skeleton-T, Sasori Man y Suketoudara hacen un cameo.
Madou Monogatari I - 3tsu no Madoukyuu (Japan)	En este juego, juegas a una joven aprendiz de hechicera llamada Arle. Estudia en una escuela de magia y está por realizar su examen más importante: ¡ve a la Torre de Satanás, vence a los enemigos y supera todos los obstáculos en el camino usando su poder mágico! Madou Monogatari I es una mezcla de rompecabezas / rol. Con personajes y acertijos de los juegos de Puyo Puyo, se encuentra en una mazmorra 3D que exploras desde la perspectiva en primera persona. El combate se lleva a cabo en una plataforma, y es una mezcla de estilos basados en turnos y en tiempo real. Los enemigos te atacan incluso si esperas, pero tienes tiempo para realizar tus movimientos. Debes mantener presionados los botones y presionar las flechas de dirección para ejecutar varios hechizos mágicos.
Madou Monogatari II - Arle 16-Sai (Japan)	Han pasado once años desde que Arle Nadja, la maga extraordinaria, derrotó al mal como parte de su examen en la escuela mágica. Ahora ella tiene dieciséis años y todavía puede recordar los hechizos que aprendió hace mucho tiempo. Un día conoce a un hombre joven y fresco que sin ninguna razón aparente ejerce un poderoso hechizo sobre ella. Arle se encuentra encerrada en una celda de la prisión. Agarrando la llave, ella sale corriendo de la celda, solo para descubrir que está aprisionada en una enorme mazmorra poblada de feroces monstruos ... Mado Monogatari II conserva el sistema de juego del juego anterior. Navegas por Arle a través de mazmorras 3D en primera persona. Los encuentros enemigos son aleatorios. Duranute las batallas por turnos, puedes atacar solo con varios tipos de magia. Como no ves tus propios puntos de golpe, la clave para ganar las batallas es elegir hechizos apropiados contra varios tipos de monstruos.
Madou Monogatari III - Kyuukyoku Joou-sama (Japan)	Un día, Arle sale a caminar y conoce a una mujer misteriosa. La mujer le dice que vengará la muerte de Satanás, a quien Arle derrotó al final de su primera aventura. La mujer entonces convoca al terrible monstruo Minotauro. Arle no tiene más remedio que huir, y ella cae a través de una trampa en una mazmorra. Parece que ahora está sola allí, porque la primera criatura que encuentra en esta mazmorra es un rey frosh. Él le pide a Arle que use sus poderes mágicos para derrotar a los monstruos en la mazmorra y para encontrar una forma de escapar de Minotauro y la misteriosa mujer. La jugabilidad de Madou Monogatari III es similar a los dos juegos anteriores. Todo el juego se ve desde la perspectiva en primera persona. Navegas por Arle a través de mazmorras 3D tipo laberinto, te encuentras con monstruos que aparecen aleatoriamente y luchas contra ellos en combates por turnos. En las batallas no puedes atacar físicamente, solo usar varios tipos de magia o elementos.
Magic Knight Rayearth (Japan)	En la tierra de Cephiro, el mundo se mantuvo en paz y armonía por los deseos de la Princesa Emauraude, el Pilar del Equilibrio. Pero el sacerdote malvado, Lord Zagato, ha secuestrado a Emauraude, y Cephiro está siendo invadido por bestias mortales. Si esto continúa, ¡Zagato obtendrá el control completo de Cephiro! Los únicos que pueden detenerlo son los legendarios Caballeros Mágicos ... Y esos Magic Knights son tres chicas jóvenes de la Tierra. Hikaru Shidou, Umi Ryuuzaki y Fuu Hououjii han sido arrancados de la Tokio moderna y llevados a Cephiro por Emauraude, y son los únicos que pueden vencer a Zagato ... ¡como los Caballeros Mágicos!
Magic Knight Rayearth 2 - Making of Magic Knight (Japan)	Mahou Kishi Rayearth 2: Making of Magic Knight es un juego diferente a los demás juegos de Magic Knight Rayearth, a pesar de tener el título de secuela. Mientras que los otros juegos son juegos de rol, este es un juego de estrategia / estilo de crianza. El trabajo de los jugadores es entrenar a Hikaru, Fuu y Umi para finalmente convertirse en Caballeros Mágicos. El juego se basa principalmente en menús con varias actividades en el juego que no se pueden controlar directamente.
Magical Puzzle Popils (World)	Secuestrada por el hechicero Popils, la bella princesa clama por tu ayuda. A medida que camina alrededor, debes destruir los bloques golpeándolos, pateándolos y golpeándolos con la cabeza en el orden correcto y en el momento adecuado para alcanzarla.
Magical Taruruuto-kun (Japan)	Esta es una de las adaptaciones del manga y anima a Talulu, el mago de Tatsuya Egawa. El mundo está representado por un mapa que proporciona acceso a 5 niveles de desplazamiento horizontal, así como a minijuegos. Talulu, el mago, puede atacar con la ayuda de su lengua. Él también puede comer Takoyaki a lo largo de los niveles.
Majors, The - Pro Baseball (USA)	Muévete a las Grandes Ligas. Estás en la carrera de Banderín con verdaderos jugadores de Grandes Ligas. todo el bateo y el campo según sus estadísticas reales. Sube al plato y enfrenta el calor de &quot;The Rocket&quot; Roger Clemens. Chase en Atlanta con Sheffield y McGriff martillando la pelota larga. Todas las Big Guns salen; Eckersley, Neon Deion, Glavine, Sandberg, Carter e incluso Big Barry Bonds. ¿Estás listo para el Show? Atrapa la fiebre, Pennant Fever!
Man Overboard! (Europe)	Ésta vez has caído hasta el fondo del agujero. El Steam Ship se encuentra en un viaje de ida al fondo del mar luego de una colisión con un iceberg. Está abarrotada de pasajeros afectados por el pánico esperando a su héroe, Kevin, para que vaya al rescate. En el papel de Kevin, debes guiar a los Pasajeros a través de algunos de los peores peligros encontrados en los juegos modernos antes de que los compartimentos se inunden y se acabe el tiempo.
Mappy (Japan)	Usted controla a Mappy un policía-ratón cuyo trabajo es recoger objetos de valor (productos electrónicos de consumo) de la casa de un gato. Estás siendo perseguido por una pandilla de cinco gatos rosados. Las puertas son tu única defensa contra los gatos. Usted obtiene de piso a piso saltando en uno de los trampolines. Los puntos se obtienen recuperando bienes robados. Otras formas de ganar puntos son rebotar en un trampolín, poner gatos en el microondas, golpear a un gato con una puerta, golpear gatos con una campana, recuperar tesoros del gato Goro del Jefe o dejar caer gatos a través de un agujero en el piso.
Marble Madness (USA, Europe)	Una adaptación del juego de arcade. Marble Madness es un juego de laberinto abstracto para uno o dos jugadores. El objetivo es guiar una pequeña canica de vidrio sobre un laberinto tridimensional y llegar a la meta antes de que termine el cronómetro. Los segundos que quedan en el cronómetro cuando se cruza la línea de meta se transfieren al siguiente nivel. Además de tener que sortear la canica por traicioneras pasarelas y rampas, numerosos obstáculos y criaturas hostiles tratarán de frenar el avance de la canica o derribarla por el borde de una plataforma, perdiendo aún más preciosos segundos hasta que aparece una canica de reemplazo.
Marko's Magic Football (Europe) (En,Fr,De,Es)	Bienvenido al mundo de Marko, un mundo de locura de dibujos animados. Experimenta la mezcla adictiva de habilidades de fútbol y acción de plataforma que se combinan para crear una experiencia de juego magnífica. Agregue los gráficos más increíbles que haya visto y el resultado es el Magic Football de Marko. Es como jugar una caricatura.
Mega Man (USA)	¡El loco científico, el Dr. Wily, ha creado un ejército de robots malvados y los está utilizando para conquistar el mundo! Un robot llamado Rock voluntarios se convertirá en un robot de combate, Mega Man. Como Mega Man, se enfrenta al Dr. Wily y sus poderosos robots
Megami Tensei Gaiden - Last Bible (Japan)	Revelaciones: The Demon Slayer protagoniza al joven héroe El y finalmente a sus dos compañeros, Kishe y Urano. En realidad, se describe muy poco acerca de estos personajes, aparte del hecho de que estás en una búsqueda para convertirte en un maestro de Gaia y salvar el mundo, y los otros dos están para llenar tu fiesta porque, oye, has salvado su vive. El juego es muy largo y contiene más de cien tipos de monstruos que puedes reclutar, al igual que Dragon Quest V.
Megami Tensei Gaiden - Last Bible Special (Japan)	Los humanos en esta aplicación pueden apelar al poder de Gaia. El héroe principal, El, aprende el arte de Gaia y tiene que salvar al mundo de un mal maestro Gaia ayudado por sus amigos Kishe y Urano.
Mickey's Ultimate Challenge (USA)	Cinco rompecabezas mágicos Lleno de diversión familiar! ¡El cielo está retumbando! ¡El cielo está retumbando! ¿Qué puede ser? &quot;, Gritan los ciudadanos de Beanwick. ¿Es una tormenta? ¿Es un monstruo? ¿Es el final del Reino?&quot; No lo sé, pero averiguaré, dice Mickey, &quot;si tengo que buscar en cada habitación del Castillo de Beanwick para resolver el misterio&quot;. En Mickey's Ultimate Challenge, voluntarios como Mickey o Minnie para ayudar al Reino de Beanwick a resolver el misterio de los rumores en el cielo. Pero primero debes demostrar que eres digno de este desafío: al pensar en una serie de acertijos diabólicamente ingeniosos, los jugadores de 4 a 104 pueden aprovechar al máximo las capacidades interactivas del juego para poner a prueba tus habilidades de pensamiento crítico. Cinco lugares increíbles!
Micro Machines (USA, Europe)	¡Esto es un caos en miniatura! Corre en bólidos, chóppers y lanchas! Recorre como una bala las mini-pistas a escala espectacular. ¡Eres capaz de conducir sobre rutas llenas de hoyos de arena, mesas de billar y pupitres de escuela! ¡Es excelente!
Micro Machines 2 - Turbo Tournament (Europe)	16 personajes locos para elegir! ¡Más grande, mejor, más rápido, más malo, más! ¡Están de vuelta! Codemasters le ofrece Micro Machines 2 - Turbo Tournament, con más micro-poder que nunca. Al pasar el ratón, seguir, andar en bicicleta, el juego explotó en todos los aspectos. Circuitos interactivos, lluvia, saltos salvajes y mucho más. Head to Head, Challenge, Knockouts, Super League. Más de 37 circuitos interactivos con peligros animados. Hasta 8 personas pueden jugar en un torneo. Música salvaje y FX. 12 nuevos vehículos increíbles para conducir!
Mighty Morphin Power Rangers (USA, Europe)	¡Es la hora de Morphin! Los Power Rangers deben salvar a la Tierra de las malvadas garras de Rita Repulsa. Hay dos cosas que tienen poder ilimitado: la actitud de los adolescentes y los Dinosaurios. Los Power Rangers poseen ambas cosas.
Mighty Morphin Power Rangers - The Movie (USA, Europe, Brazil) (En)	Basado en el éxito de taquilla de este verano, Power Rangers The Movie ofrece acción, lucha y aventura. ¡Ivan Ooze ha aparecido después de seis mil años, y está de mal humor! Depende de usted y de los Power Rangers detenerlo antes de que libere una corriente constante de destrucción en un universo desprevenido. Presentando por primera vez - ¡White Ranger! ¡Es hora de morfina!
MLBPA Baseball (USA)	Nunca antes se había creado un juego de béisbol que capturara los detalles del deporte como MLBPA Baseball. Descensos realistas, jugadas de corte precisas, doble cambio, alineaciones defensivas múltiples, lanzamientos rápidos, incluso saltos malos y bolas con botas. Incluye a todos los jugadores de Alamar a Zeile y tienes el único juego de béisbol que vale la pena jugar para Game Gear.
Moldorian - Hikari to Yami no Sister (Japan)	Los humanos y los demonios viven en cada extremo del mundo de Moldoria. Hasta el día en que Milia es secuestrada por un demonio. Eres Nabal, su amigo, y vas a buscarlo.
Monster Truck Wars (USA, Europe)	¡Agárrate al volante y arrasa en esta carrera! ¡Seis atronadores Monster Trucks pulverizan todo lo que encuentran a su paso, en los circuitos más duros de la redonda! Una turbofuerza impulsora, explosiones de óxido nitroso y una potencia de 1.500 caballos de vapor mantienen en acción a tu impresionante máquina monstruosa!
Mortal Kombat (USA, Europe)	PREPÁRATE... ¡El mayor éxito arcade ya está a tu disposición! ¡LOS GUERREROS DE KOMBAT! ¡ACABA CON EL! ¡VEN AQUÍ! ¡GORO VIVE!
Mortal Kombat 3 (Europe)	PREPÁRATE PARA LA PELEA DE TU VIDA... ¡Se pueden seleccionar 8 jugadores, incluyendo 6 personajes nuevos y un luchador escondido en alguna parte del juego! ¡Son los luchadores más grandes que se han visto nunca en le Game Gear, para que puedas meterte de lleno en la acción! Cinco escenarios copiados directamente de los de la versión para máquinas recreativas. ¡Entradas secretas que te permiten abrirte paso a golpes hacia nuevos escenarios y así pelear en una extraordinaria lucha bi-nivel! ¡Más Fatalities y Babalities! ¡Luchadores impactantes y completamente digitalizados que hacen posible que la acción tenga un realismo nunca visto! SUMÉRGETE EN LA OSCURIDAD DE MORTAL KOMBAT 3. ES TU PELEA, ES TU VIDA.
Mortal Kombat II (World)	Los duros Kombatientes del famoso juego, número 1 de máquinas recreativas, se han reunido para un nuevo desafío: Mortal Kombat® II. Y tú manejarás todas sus acciones: brutales movimientos, camaradería en el combate, Babalities, sopresas ocultas, demoledora combinación de movimientos (combos) y extraordinarios movimientos de remate. ¡Que kontinúe el Kombate...!
Ms. Pac-Man (USA)	¡La Srta. Pac-Man está aquí para volverlo totalmente loco y salvaje con más diversión de lo que jamás hayas imaginado! Cuatro fantasmas combativos están persiguiendo MS. PAC-MAN. Usa tu habilidad y estrategia para acumular puntos mientras superas a los fantasmas que devoran. Tome una píldora de energía y obtenga aún más puntos. ¡Ahora engullen a todos esos fantasmas intrépidos!
Nazo Puyo (Japan)	Nazo Puyo toma el &quot;modo de misión&quot; que se encuentra en muchos juegos de Puyo Puyo y lo divide en un juego propio. Mientras que el juego habitual de Puyo Puyo se centra en vencer a un oponente mediante una técnica de juego más hábil.
Nazo Puyo - Arle no Roux (Japan)	Un día, Arle, la linda chica que también es la protagonista de los juegos Puyo Puyo y Mado Monogatari, decide que ella tendrá arroz con curry para la cena. Ella se dirige al mercado, pero todos los puestos del mercado están a cargo de la multitud habitual de malvados de Puyo Puyo. ¡Y no tomarán efectivo! En cambio, antes de darle los ingredientes necesarios, debe resolver los puzzles Puyo que tienen en oferta.
Nazo Puyo 2 (Japan)	Nazo Puyo 2 continúa donde lo dejó el original. Contiene 200 nuevos acertijos para resolver, en comparación con los 100 del predecesor. Cada puzle se juega al estilo de Puyo Puyo, pero con un objetivo determinado de completar usando un conjunto preestablecido de puyos, p. &quot;destruir todos los puyos&quot;, &quot;eliminar 9 puyos a la vez&quot;, &quot;hacer un combo triple&quot; y así sucesivamente, lo que grava las habilidades y estrategias de Puyo Puyo de los jugadores. Otra nueva adición es una batería de respaldo, que permite a los jugadores no solo guardar su posición actual, sino también guardar todos los acertijos que puedan haberse creado en el modo de edición.
NBA Action Starring David Robinson (USA, Brazil) (En)	¡LA TEMPORADA DE LA NBA JUEGA EN EL GAME GEAR! Protagonizada por David Robinson y los 27 equipos de la NBA con listas reales. Este juego es una acción de 5 en 5 NBA sin parar. Los 27 equipos de la NBA: Suns, Bulls, Spurs, Knicks, Supersonics, Rockets - ¿Quién usará la corona de la NBA? Lista Real de la NBA. ¡Todas tus estrellas favoritas están aquí! L. Johnson, Ewing, Pippen, Mullin, Malone, Kemp, Olajuwon, Webber, Mushburn, ¡y más de 300 más! Protagonizada por David Robinson. ¡Game Gear es el vecindario del Sr. Robinson! Características de la NBA: Exposición, temporada de juego 26 o 82, Playoffs y Finales de la NBA. ¡Tiros de 3 puntos, estadísticas del juego y compatibilidad de Gear-to-Gear para el tiempo de show de 2 jugadores!
NBA Jam (USA, Europe)	¡Llega a tu Game Gear el increíble videojuego para máquinas recreativas NBA JAM! ¡Ahora puedes controlar los movimientos de las mejores estrellas de la NBA, con sus asombrosos tapones y espectaculares mates! Listas de jugadores actualizadas, incluyendo a nuevas estrellas como Hardaway, Webber, Mashburn, C. Robinson, Rider y Sprewell. Mates con auténtica suspensión: Cannonball, Tomahawk y Helicopter, entre otros.
NBA Jam - Tournament Edition (World)	NBA JAM Tournament Edition te trae la emoción de unos mates sin igual. Más del doble de estrellas de la NBA, aún más personajes secretos, puntos candentes, reforzadores de energía para súper mates, batería de seguridad y... alucina:¡nueve mates completamente nuevos, además de los que ya había antes! NBA Tournament Edition: ¡Lleva FUEGO en la sangre!
Neko Daisuki! (Japan)	¡Como los perros utilizados en el Inu Daisuki! juego, los gatos en este juego pueden llegar a ser muy distantes si se les descuida o se les da una cantidad excesiva de entrenamiento. Los elementos de entrenamiento incluyen seguir a un ratón de juguete además de dar un paseo en el parque de la ciudad. Todos los gatos se clasifican por su nombre, su edad (en años y meses), entre otros rasgos. Los jugadores también pueden disciplinar a sus animales, salir de la habitación (ya sea con o sin el gato) o darle una mascota a su gatito. Una batería de respaldo permite a los perros dejar de jugar en cualquier momento y reanudar el cuidado de su gato en cualquier sección del juego.
NFL '95 (USA)	¡PUNTUACIONES DE GAME GEAR! TODOS LOS 28 EQUIPOS DE LA NFL Y JUGADORES REALES. 1994 Team Rosters, ¡con los últimos fichajes! La nueva vista &quot;Detrás del QB&quot; te pone en el campo. Juego Real 16 Temporada, Playoffs y acción del Super Bowl. Los jugadores se basan en sus estadísticas reales. Anunciante se suma al realismo! Estadísticas del juego individual y del equipo! Listo para un poco de fútbol! Sega Sports inicia la temporada con un abandono imprudente y todos los palos de la Real NFL. Las estrellas están aquí: Montana, Young, Elway, E. Smith, Rice, Sanders, White ... en el juego de Game Gear Football más realista de todos los tiempos.
NFL Quarterback Club (World)	Es más que un juego, ¡Es NFL Quaterback Club! Nuevas características exclusivas, como la modalidad de simulación y el Quaterback Challenge. Más de 430 jugadas. 19 de los mejores quaterbacks de la NFL. NFL Quaterback Club ¡FÚTBOL AMERICANO AUTÉNTICO PARA AUTÉNTICOS JUGADORES!
NFL Quarterback Club 96 (USA)	Los mejores talentos del fútbol profesional están de vuelta con lo mejor en pandemonium de piel de cerdo. ¡Es un juego totalmente nuevo ya que NFL QUARTERBACK CLUB '96 da un paso de gigante en el futuro de los juegos de fútbol con todos los nuevos equipos de expansión, nuevas jugadas audaces y alucinantes gráficos! ¿Alguien dijo dinastía? Todas las herramientas y juguetes están aquí, 30 equipos, más de 40 jugadas y mucha acción, respaldados por impresionantes y significativas estadísticas. ¿Tus amigos dicen que su juego es genial? ¡Todavía están en el grupo del año pasado! ¡NFL QUARTERBACK CLUB '96 termina la discusión con una conmoción cerebral! Estás pegado, las almohadillas están en su lugar, las calas están encendidas. ¡Golpea el campo!
NHL All-Star Hockey (USA)	Patines en Game Gear Listo para un poco de hockey, ¿eh? Sega Sports te trae nuestro primer juego de hockey para Game Gear. Los 26 equipos NHL con jugadores NHL reales están listos para golpear el hielo. Bure patina por el ala izquierda, atrapa la cinta y aprieta el gatillo ... ¡Anota! Todos los 26 equipos de la NHL y jugadores reales. Exposición, Playoff y Stanley Cup * acción. Calificaciones de jugadores individuales en más de 10 categorías diferentes. Logotipos del equipo en el hielo central. Espectacular &quot;detrás de la vista skater&quot;.
NHL Hockey (USA, Europe)	Rápido y furioso en la acción de hielo con todos los equipos NHL y jugadores NHLPA. Los modos de juego Regular, Playoff y Shootout junto con las líneas de edición, las penalizaciones y las características manuales del portero le dan a dos jugadores la oportunidad de dominar el deporte de equipo más rápido del mundo.
Ninja Gaiden (USA, Europe, Brazil) (En)	Como Ryu, un ninja de nuestros días, deberás encontrar y destruir la misteriosa organización que anda tras la poderosa Espada del Dragón.
Ninku (Japan)	Ninku es un juego de lucha adaptado del manga de Koji Kiriyama. La peculiaridad de este título es que se trata de un juego de lucha altamente guionizado con muchos diálogos y escenas que presentan los desafíos de los duelos siguiendo el escenario del manga. Los enfrentamientos tienen lugar en el mismo plano horizontal y es posible atacar con combos de patadas y puños, así como con saltos y ataques especiales.
Ninku 2 - Tenkuuryuu-e no Michi (Japan)	Ninku 2 es un juego de lucha adaptado del manga de Koji Kiriyama, es la secuela de Ninku. La peculiaridad de este título es que se trata de un juego de lucha altamente guionado con muchos diálogos y escenas que presentan los desafíos de los duelos siguiendo el escenario del manga. Los enfrentamientos tienen lugar en el mismo plano horizontal y es posible atacar con combos de patadas y puños, así como con saltos y ataques especiales.
Ninku Gaiden - Hiroyuki Daikatsugeki (Japan)	Ninkuu Gaiden: Hiroyuki Daikatsugeki es un juego de acción descendente de Sega Game Gear basado en la franquicia de Ninku. El juego es en su mayoría idéntico al de Pengo, con algunas diferencias clave. El botón 2 se puede usar para aturdir momentáneamente a los enemigos, lo que reemplaza la capacidad de mover los bordes de la pantalla, y existen bloques especiales que pueden repeler el movimiento de los cubitos de hielo.
Off the Wall (USA) (Proto)	Off the Wall es un juego arcade lanzado por Atari Games en 1991. Comparte un juego similar al clásico de Atari, Breakout. Tengen desarrolló un port para Sega Game Gear, que se cree que se lanzo alrededor de 1993. Fue presentado en algunas revistas de juegos, así como en Summer CES 1993, pero fue cancelado en silencio sin ninguna explicación. Desde entonces se ha encontrado y arrojado un prototipo. Nunca se lanzaron otras versiones domésticas de Off the Wall (se planificó una versión para PC Engine antes de que también se cancelara), aunque Atari Corporation lanzó un juego de Atari 2600 similar (pero no relacionado) en 1989.
Olympic Gold (Japan, USA, Brazil) (En,Fr,De,Es,It,Nl,Pt,Sv)	Barcelona 1992. Son las Olimpíadas del verano y tienes una oportunidad única en la vida, pruébate a ti mismo en el mayor centro deportivo del mundo. Siente la adrenalina, Escucha a la multitud y prepárate a experimentar la última competición. ¡Bate un récord Olímpico! ¡Supera una marca mundial! Todo depende de ti... LANZAMIENTO DE MARTILLO La trayectoria, la velocidad, el ángulo de descenso, te das una idea. ¿No desearías haber prestado más atención a la física? CARRERA DE 100 M LISOS Necesitarás una salida ràpida y una velocidad supersónica para tener una oportunidad con el oro. SALTO DE TRAMPOLIN Cuatro saltos obligatorios y uno improvisado. La puntuación se basa en la dificultad, la elegancia y la entrada en el agua. 110M VALLAS Para saltar esas vallas se necesita un doble cronometraje al segundo, velocidad, energía y ritmo. SALTO DE PERTIGA Planta la pértiga y el tiempo de tu liberación para batir el record de alturas. 200 M NATACION ESTILO LIBRE Acompasa tus vueltas y conserva tu energía para nadar por el oro. TIRO AL ARCO Cuanto más tenses tu arco más difícil será acertar en el blanco.
Ottifants, The (Europe) (En,Fr,De,Es,It)	Un pequeño Otifant cree que su padre ha sido raptado. Una estela de dulces conduce desde juguetes espantosos hasta una oficina impresionante.
OutRun (Europe, Brazil) (En)	Usa tus habilidades de piloto para completar Outrun, ¡La carrera más grande de todos los tiempos!
OutRun Europa (USA)	Prepárese una travesía entre la vida y la muerte. En la persecución de agentes enemigos deje une estela humeante a través de toda Europa en los vehículos más poderosos. Sólo su pericia y determinación le permitirán llegar hasta su destino: Berlín!
Pac-Attack (USA)	Pac-Man tiene una apariencia rara fuera de un entorno de laberinto en Pac-Attack, un divertido y peculiar juego de rompecabezas. Esta entrada única en el género le da su propio giro a las convenciones establecidas y agrega uno de los personajes más emblemáticos del juego a la mezcla. El objetivo es simple: mantenga su pantalla libre de bloques y fantasmas que caen alineando bloques horizontalmente, haciendo que desaparezcan.
Pac-in-Time (USA) (Proto)	La malvada Bruja fantasma ha lanzado un hechizo cruel sobre Pac-Man y lo ha devuelto a tiempo para cuando era un Pac-Boy. Solo tú puedes salvarlo ahora. Baja algunos Pac-Pellets y prepárate para enfrentarte en una aventura totalmente supersónica de desplazamiento lateral. Viaja a través de las montañas nevadas y los bosques, recoge bolas de fuego y burbujas, atrapa Pac-Bats y fantasmas, nada como un pez y balancéate como un mono ... ¡y finalmente consigue que Pac-Man regrese al mundo real!
Pac-Man (USA)	Engullir, engullir, tragar! ¿Quién está comiendo Power Pellets? ¿Quién está recorriendo el laberinto a toda velocidad, masticando fantasmas y anotando puntos importantes? ¡Es Pac-Man, el personaje más hambriento del mundo! Devora un regalo de fruta y obtén una gran puntuación de bonificación. ¡Pero si te atrapan los pequeños perseguidores, eres un fantasma! Usa el túnel warp para un escape rápido. ¡Horas de acción fantasma!
Panzer Dragoon Mini (Japan) (En)	El jugador comienza eligiendo uno de los tres dragones, y desde allí debe disparar a los enemigos entrantes (aunque durante la mayor parte del tiempo, evitar el fuego entrante es una forma más fácil de progresar en el juego). Al final del nivel (cada uno con dos jefes), aparece una contraseña y permite que el juego se reanude más tarde. Debido a las limitaciones técnicas del Game Gear, la mecánica de juego de Panzer Dragoon Mini, es muy parecida a la del juego Space Harrier. También, es el primer juego (y el único hasta el momento) en la serie en la que el dragón no lleva un jinete. Debido a la falta de una historia y a la apariencia super deformada del dragón, este juego no se considera canónico de la serie.
Paperboy (USA, Europe)	Montar su bicicleta y ¡a las calles! Solamente destreza magnifica como ciclista y un brazo que puede tirar fuertemente le pueden ayudar a sobrevivir una semana de acción divertida. Evitar coches, trabajadores, borrachos y cortacéspedes - todos los cuales intentan detenerte y hacer que la gente, a quienes no entrega Vd. sus periódicos, paguen por su error.
Paperboy 2 (USA)	¡Levántate y brilla, amigo! Un gran día por delante, esperando que te conviertas en el terror del vecindario de un repartidor de periódicos. ¡pero es un trabajo completamente nuevo con el doble de diversión y el doble de emoción! Así es, ahora tiene casas en ambos lados de la calle, lo que significa que habrá aún más casas de clientes para entregar los documentos y daños a las viviendas de los no suscriptores. ¡También significa que debes cuidarte de muchos más obstáculos y malas maneras que te quitan la bici! Haga travesuras por la ciudad o haga buenas obras, como salvar al bebé y detener al ladrón. Al final del día, perfecciona tus habilidades en el nuevo curso de prueba estilo BMX. Agregue los nuevos gráficos increíbles, ¡y obtendrá una gran diversión en su bicicleta!
Pengo (Europe)	¡Eres el único que puede salvar a los Pengos de las Sno-bees, una banda de despiadados extraterrestres!
Pet Club - Inu Daisuki! (Japan)	El objetivo del juego es alimentar al perro desde su cachorro hasta la edad adulta e incluso la vejez. Hay muchas razas de mascotas y hay varios tipos diferentes de avatares femeninos jóvenes para controlar. Primero, el jugador debe darle un nombre al maestro; esto es seguido por darle un nombre al perro. Los nombres se insertan usando hiragana, katakana o usando las letras ASCII tradicionalmente dadas a la mayoría de los idiomas europeos; esto se aplica tanto para nombrar al perro como a su dueño.
Pete Sampras Tennis (USA)	Pete Sampras, actualmente el número uno en el ranking mundial *, es el tenista de nuestro tiempo. En 1993 y 1994 se convirtió en ganador de Wimbledon, ganó en dos ocasiones los EE. UU. Abierto, y sus otros títulos son difíciles de contar. Con solo 22 años, Sampras ya era campeón mundial de la Federación Internacional de Tenis, y en 1993 rompió el récord de la temporada del ATP Tour con más de 1000 ases. Pete Sampras, que puede recordar su victoria en el Abierto de Australia de 1994 además de su título de Wimbledon, está absolutamente convencido de la calidad del juego. Su opinión: &quot;¡Este es el mayor desafío de tenis que jamás encontrarás!&quot; PETE SAMPRAS
PGA Tour 96 (USA, Europe)	Aquí está tu oportunidad de experimentar los fairways y greens que siempre has soñado. ¡Camina el decimoctavo en el TPC en Sawgrass con los mejores en el PGA TOUR, luego pasa el campo a medida que avanzas para ganarlo todo! Mire los números, 5 cursos de TPC, 5 torneos nuevos y 3 modos de juego diferentes: Práctica, Habilidad y Torneo. ¡Si ganas un Torneo, ganas trofeos y premios! La lista actualizada incluye 8 profesionales destacados de PGA TOUR. Impresionantes gráficos nuevos y de última generación.
PGA Tour Golf (USA, Europe)	La multitud que rodea el hoyo número 18 enmudece. Después de 27.032 yardas, 71 hoyos y cuatro penosas vueltas, un golpe de 23 pies te dará el birdie que te separa de tu primera victoria en el torneo. Este es el gran momento. ¡PGA TOUR Golf pone en tus manos toda la emoción, diversión, desafío y recompensas del auténtico PGA TOUR!
PGA Tour Golf II (USA, Europe)	La gira de golfistas profesionales vuelve a Game Gear, ¡esta vez más grande y mejor que nunca! PGA TOUR Golf II ahora es un cartucho de 4 megabytes, dos veces más grande que el original. Esta vez obtendrás gráficos mejorados y una increíble pantalla que usa toda la pantalla de Game Gear. Verás un vuelo de pelota más realista y una vista 3D extendida. También jugarás en seis circuitos, ¡dos más que antes! Enfréntate a tres profesionales que vienen con el juego, o pon a jugar contra tres de tus amigos para conseguir dinero y prestigio para el torneo. De cualquier forma, ¡te espera la mejor experiencia de golf en movimiento disponible!
Phantasy Star Adventure (Japan)	Eres un agente de Paseo en Motavia. Un día, en diciembre de 1268 A.W, recibiste una carta en la base. El remitente fue Ken Miller. Era un científico y también un viejo amigo tuyo. Había emigrado a Dezolis para realizar su investigación años atrás. Estos fueron los contenidos de la carta: &quot;¿Cómo estás? He tenido éxito en el descubrimiento del siglo. Debes venir y verlo&quot;. Viaja al planeta Dezolis y visita una ciudad llamada Carsonville. Allí, descubres que el Dr. Miller ha inventado una máquina que puede hacer a los seres humanos inmensamente poderosos. El problema es que el Dr. Miller es secuestrado junto con su invento. Con la ayuda de su hermana Laila debes resolver este misterio.
Phantasy Star Gaiden (Japan)	Hace mucho tiempo, el malvado Cablon devastó el planeta Copto, a un año luz del sistema Algol. Cuando fue derrotado, fue sellado en un planeta descubierto por Alis, la heroína de la primera &quot;Estrella de Fantasía&quot;, un planeta que también era conocido como Alisland. En este gaiden (side-story) ambientado en el universo Phantasy Star, interpretas el papel de dos jóvenes del pueblo Tedo - Alec y Mina. Un día, Mina encuentra un viejo artefacto. Mientras se preguntaban qué podría ser, los jóvenes se enteran de que el padre de Alec fue atacado y secuestrado por bandidos. Decididos a encontrarlo, los dos héroes se embarcan en un peligroso viaje que eventualmente los llevará mucho más allá de lo que sospechan.
Phantom 2040 (USA, Europe)	Phantom eres TÚ. Con catorce armas en tu arsenal, que puedes usar de dos en dos, tu objetivo es aniquilar las fuerzas de Maximum, Inc. en un recorrido de 60 nivelazos con 20 posibles finales. Revive la leyenda de Phantom con los mismos personajes y escenarios que en la serie televisiva americana. El destino te ha convertido en Phantom, ¡vive la experiencia!
Pinball Dreams (USA)	Es rápido. Es una locura. Te va a dar codo de pinball. Puedes ser un mago de pinball, pero ¿eres lo suficientemente afilado para Arrow Roll-Overs? ¿Puedes disparar al Sun-Run sin que te quemen? ¿Puedes llegar a Medianoche por 5 millones de puntos? ¿Puedes elegir la función de inclinación y aún así mantener el equilibrio? Conéctate a tu Game Gear y elige el gran puntaje.
Pocket Jansou (Japan)	Ahora puedes jugar a Mahjong en tu Game Gear gracias a este fabuloso juego. ¡Disfruta del Mahjong desde cualquier sitio!
Poker Face Paul's Blackjack (USA)	Juega el juego de cartas donde la frase &quot;¡Golpéame&quot; puede ganarte una fortuna o borrarte con la vuelta de una carta! ¡Poker Face Pauls Blackjack te vuelve loco en las capitales de juego del mundo y te da una carrera por tu dinero! Las reglas de la casa le permiten seleccionar entre 4 casinos diferentes y 4 maneras diferentes de jugar. Apuesta por las apuestas altas en Londres, Atlantic City, Downtown Las Vegas y Las Vegas Strip. ¡Haga sus apuestas y gane en las mesas de los grandes con un bankroll de $ 10,000! El modo de Ayuda especial al alcance de su mano brinda consejos sobre reglas y tácticas.
Poker Face Paul's Gin (USA)	Lanza tus cartas ganadoras contra un trío de profesionales y conviértete en el Maestro de Meld. Si eres un genio GIN, o nunca has barajado un mazo, ¡este juego es una explosión de cartas! Elige entre 3 oponentes y 3 niveles de dificultad. Aprende las cuerdas GIN con Jack. Fortalece tu estrategia contra Jane. ¡Busca golpes de alto octanaje GIN contra Ming! ¡Cada juego es rápido y divertido! Nunca jugaste GIN antes? ¡Estupendo! GIN presenta un conjunto completo de reglas y puede ayudarte en cada carta que juegas. ¡La suerte del sorteo, el conteo de cartas y los golpes sorpresivos también desafían a los jugadores expertos! ¡Personaliza el juego! Gin Bonus, Underknock Bonus, Knock Limit y la cantidad de Boxes (juegos) necesarios para ganar son todos ajustables.
Poker Face Paul's Poker (USA)	Aproveche sus posibilidades contra viento y marea, jugando Five Card Stud o Video Poker. ¡Siente la emoción de una mano de monstruo! La tensión aumenta a medida que dibujas tu última carta. Ace ... ¡una escalera real! ¡Tú ganas! En Stud Poker, corte el mazo con otros tres jugadores de la computadora. Varíe la cantidad de manos jugadas de 10 a infinito. Mantenga sus mejores cartas, luego tome otro sorteo en Video Poker. Elija sabiamente para dibujar una mano ganadora. La función de ayuda te ofrece la mejor jugada. Vea las probabilidades, y obtenga el visto bueno para cuando fanfarronear.
Poker Face Paul's Solitaire (USA)	Cuatro diferentes juegos de Solitario adictivos te desafían a repartir las cartas. Baraja la baraja y diseña un conjunto prometedor. Lanza la siguiente carta: ¡es el As ganador! Cuanto más juegue mejor lo hace. No es suerte, es habilidad! ¡4 estilos de Solitario populares, desde el favorito de Klondike hasta Monte Carlo, aceleración de Elevens y el cálculo ultra desafiante! Juega con hasta 4 mazos, hasta 4 pases a través de la pila. Compita contra el reloj durante un juego de 2 a 10 minutos, o tómese su tiempo navegando a través de una oferta. La característica de Ayuda especial resume las reglas y estrategias. Los modos de pistas parpadean para dirigirte hacia un movimiento ganador.
Pop Breaker (Japan) (En)	Pop Breaker es un juego de rompecabezas con elementos de acción. El objetivo de cada nivel es destruir ciertas cosas. La forma básica de hacerlo es dispararles, pero hay varios obstáculos que deben sortearse, p. espejos que reflejan disparos; la dirección está indicada por pequeñas flechas en el piso. Los bloques destructibles se distinguen por su color, por ejemplo, un bloque violeta se vuelve azul cuando se dispara una vez y se vaporiza después de la siguiente. Los enemigos también son capaces de destruir bloques. Los disparos propios y enemigos reflejados (junto con las minas en el suelo) pueden matar a la nave espacial, pero se pueden ganar vidas extra mediante la recopilación de mejoras. Una especialidad es que el jugador puede cambiar la posición del arma; ya sea izquierda, derecha o central.
Popeye no Beach Volleyball (Japan)	Popeye Beach Volleyball es un juego de voleibol protagonizado por personajes de la serie de historietas Popeye, lanzada exclusivamente para Sega Game Gear en 1994. El jugador controla un equipo de dos personajes, emparejándose con varios miembros del elenco de Popeye. Aunque Popeye es una propiedad estadounidense, curiosamente este juego nunca abandonó Japón, presumiblemente debido a la mala situación financiera de Technos Japón en ese momento.
Power Drive (Europe)	Atraviesa como el rayo la ventisca en la noche de Monte Carlo; corre por el ardiente desierto de Kenia; ponte a prueba en un rally a través de bosques frondosos; cruza vertiginosos puertos de montaña y recorre lagos helados de 8 pistas internacionales... es POWER DRIVE ¡condúcelo si te atreves!
Power Strike II (Japan, Europe) (En)	El enemigo planea un gran ataque en nuestro sistema solar. Usted es nuestro mejor piloto. Deberá liderar el contraataque. ¡Vaya a por todas!
Predator 2 (USA, Europe)	¡¡¡El Predator está en la ciudad pasando unos días asesinos!!! Viene de un mundo lejano...es invisible y está armado con poderosas armas totalmente desconocidas para nosotros. Está al acecho de humanos para cazarlos despiadadamente...por diversión. Como el Teniente Harrigan, tu tarea es rescatar gente inocente de las garras de las malvadas bandas de traficantes de drogas ? antes de que se conviertan en trofeos del Predator. Búscale en las calles, tejados y subterráneos hasta que le hagas frente. ¡El Predator ha comenzado su caza... encuéntralo antes de que él te encuentre!
Primal Rage (USA, Europe)	¡El juego de máquinas recreativas nº 1 en todo el planeta anda suelto! Presenta por primera vez un sistema de animación perfecto, basado en imágenes en movimiento, un programa colosal que hace posible realizar increíbles combinaciones de de golpes y, además, un número enorme de movimientos normales, movimientos especiales y espectaculares movimientos finales. ¡Un juego de pelea madre!
Prince of Persia (USA, Europe)	Prince of Persia es un juego de plataformas ambientado en Oriente Medio. El jugador controla al Príncipe de Persia, que puede andar, correr, agacharse, saltar, agarrarse y luchar con espadas. El objetivo es completar todos los niveles para liberar a la princesa en el tiempo límite de una hora. Cada nivel consiste en una mazmorra cada vez más grande con muchas trampas (precipicios, losas que ceden bajo los pies, pinchos que sobresalen del suelo).
Pro Yakyuu '91, The (Japan)	El inicio de una de las mejores sagas de béisbol de la liga japonesa comienza con este juegazo para tu Game Gear.
Pro Yakyuu GG League '94 (Japan)	Pro Yakyuu GG League '94 es la secuela del mítico juego de béisbol del Game Gear. Con mejoras con respecto a su precuela, el juego con las licencias de la liga japonesa, hace que disfrutes del béisbol más a mano que nunca. ¡No te pierdas este juegazo!
Pro Yakyuu GG League (Japan)	Disfruta del mejor juego de Béisbol en tu Game Gear. Juega con los equipos oficiales de la liga japonesa.
Psychic World (Japan)	Cecilia ha sido secuestrada por unas malvadas criaturas, su hermana Lucia necesita su ayuda para salvarla.
Putt & Putter (USA, Europe, Brazil) (En)	Tiros con efecto, fosos de agua, ruedas y parachoques al estilo de las máquinas de bola loca. ¡De lejos la versión más loca de golf en miniatura que jamás se haya inventado!
Puyo Puyo (Japan) (En,Ja)	El objetivo del juego es derrotar al oponente en una batalla llenando su área de juego hasta la parte superior de la pantalla con basura. Los Puyos, pequeñas criaturas gelatinosas con ojos, caen desde la parte superior de la pantalla en pares de distintos colores.
Puyo Puyo Tsuu (Japan)	Las mejoras realizadas en Puyo Puyo Tsuu lo convirtieron en un estándar de oro para los torneos, y la base para todos los lanzamientos de Puyo Puyo en el futuro. A diferencia de sus predecesores, no existen modos de jugador único no competitivo en Tsuu (es decir, &quot;practicar&quot; o &quot;sin fin&quot;): el jugador siempre enfrenta a un oponente humano o AI.
Puzzle & Action - Ichidanto-R (Japan)	Ichidant-R es el segundo juego de la serie Puzzle & Action y la secuela de Tant-R. Veinte nuevos minijuegos están presentes, incluida la asamblea de cohetes, un concurso de bateo, y frena un automóvil que circula a gran velocidad. El juego una vez más incluye un modo arcade para uno o dos jugadores. Esta vez, el jugador está buscando rescatar a una princesa secuestrada de un malvado caballero. También hay un modo de misión que juega como un simple juego de rol, donde las batallas se pelean a través de minijuegos. Por supuesto, la competencia de cuatro jugadores y los modos gratuitos también hacen un retorno, completando el paquete.
Puzzle & Action - Tanto-R (Japan)	Tant-R es la primera entrada en la serie de juegos de variedad Puzzle & Action de Sega. El juego es una colección de minijuegos pequeños para uno a dos jugadores, como navegar un laberinto, detener un temporizador en el momento adecuado o recordar una secuencia de ruidos de animales. Hay un total de 20 minijuegos diferentes. El juego incluye el modo arcade original para uno o dos jugadores, donde el jugador debe completar con éxito minijuegos para rastrear a un par de fugitivos con atuendo completo de la prisión.
Quest for the Shaven Yak Starring Ren Hoek & Stimpy (USA, Europe)	¡Extraños peligros esperan a nuestros héroes de televisión Ren y Stimpy en su tortuosa búsqueda para devolver las pezuñas de Great Shaven Yak!
Quiz Gear Fight!!, The (Japan)	Juego concurso de preguntas para tu Game Gear. Disfruta y aprende contestando las preguntas que te ofrece este gran juego, eso sí en japones.
R.B.I. Baseball '94 (USA)	Por primera vez, este megahit de béisbol del Genesis está disponible para Game Gear. Solo Time Warner Interactive podría llevar este monstruoso título de Genesis a Game Gear. Con ilustraciones originales y animaciones tomadas de la versión de Génesis, ¡disfrutarás de una acción de béisbol impresionante y realista estés donde estés! RBI '94 tiene más de 800 jugadores reales de 28 equipos reales, completos con estadísticas reales de 1993. Use el calendario real de béisbol de 1994 para una temporada completa de 162 juegos, postemporada y campeonatos mundiales. RBI '94. ¡No vas a creer la cantidad real de béisbol que hemos puesto en tu Game Gear!
R.C. Grand Prix (USA)	¡Acaba de empezar una carrera de automóviles controlada por radio dentro de tu casa! Con este juego tú puedes gozar de la excitación de una carrera de automóviles real controlada por radio. Goza de la emoción de cambiar un número de diferentes circuitos de carreras, donde cuatro automóviles controlados por radio se adelantan chocando contra otros. Hay también una carrera de velocidad esperándote.
Rastan Saga (Japan) (En)	Viaje a las procelosas tierras de Semia, que nadie se atreve a hollar. Una princesa está cautiva. Si la rescata, recibirá riquezas sin cuento como recompensa. ¡Pero Vd. es un bárbaro. un señor del frío acero! Y, ¿quién controla realmente su destino?
Revenge of Drancon (USA, Brazil) (En)	¡El malvado rey Drancon ha raptado a Tanya! ¡Destruye a las feroces criaturas y rescata a tu novia!
Riddick Bowe Boxing (USA)	Está invicto y lleva dos cinturones de campeonato. Cada peso pesado en disputa quiere una pieza de Riddick Bowe ... ¡pero Big Daddy quiere revolcarse contigo! ¡PASA AL ANILLO ... CON EL REY PESADO! &quot;Únete con un amigo en el modo 2 jugadores y limpia su reloj con todo lo que tienes&quot;. &quot;Crea tu propio boxeador, desde el color de sus guantes hasta el poder de su golpe&quot;. &quot;Después de cada pelea, descarga en la bolsa de velocidad o ve por algunas rondas con el mega gimnasio&quot;. &quot;Sube de rango y recibe consejos útiles del campeón en el camino&quot;.
Rise of the Robots (USA, Europe)	Rise of the Robots es un juego de lucha en 2,5D. Juegas como el cyborg Eco35-2, mitad hombre mitad robot, creado por la empresa Electrocorp, para contrarrestar el motín que se está gestando en su fábrica Metrópolis 4, tras la reprogramación de ciertos robots inyectándoles el virus EGO, haciéndoles conscientes de su situación y, por tanto, agresivos. Tendrás que luchar contra ellos uno a uno en batallas de duelo para detener esta rebelión. El título pretendía ser gráficamente revolucionario. Pero aunque los robots luchadores son bastante simpáticos (con sprites en 3D transcritos en un universo 2D), los escenarios sólo están en aburrido 2D estático. Además, la animación en el juego es lenta, incluso bastante &quot;pesada&quot;, lo que repercute directamente en el manejo. La lentitud de tu robot y el poder variable de los enemigos (hasta el punto de que algunos robots son ultrapotentes y te atomizan en dos disparos) desequilibran rápidamente los combates.
Ristar (World)	El malvado Rey de Despair gobierna la constelación de Valjee bajo un dominio de terror, provocando la miseria y la oscuridad. Pero desde lo más profundo del espacio llega Ristar, una estrella fugaz destinada para la grandeza. Solamente con sus poderes especiales y sus brazos elásticos puede restaurar la felicidad a través de los 6 niveles.
Road Rash (USA)	Road Rash es un agresivo juego de carreras de motos en el que el jugador asume el rol de un motociclista que participa en una serie de carreras ilegales en EE. UU. Comenzando en la parte posterior del grupo, el objetivo siempre es terminar primero en un recorrido lineal, superando a los otros motociclistas. Esto se logra manejando muy bien o jugando sucio, golpeando a los oponentes usando palos, palancas o tus propias manos. Los otros corredores luchan de manera similar y también hay riesgos. Todas las carreras tienen lugar en la carretera regular con tráfico normal y la policía, así como ocasionalmente con manchas negras en el suelo y vacas callejeras. Al ganar carreras, puede ascender a una división más fuerte y ganar dinero con el que puede comprar una mejor bicicleta. Cada vez que te quiten la bicicleta o golpees algo, tendrás que volver corriendo a tu bicicleta y perder un tiempo valioso, además tu bicicleta sufrirá algún daño.
RoboCop 3 (World)	El viejo Detroit. Las calles son un peligro. Sólo un hombre puede enfrentarse a tales individuos. ROBOCOP! Con la tecnologia de las armas, piel y nervios de acero acecha a sus victimas... ¡malhechores por cualquier esquina!
RoboCop Versus The Terminator (USA, Europe)	En un futuro próximo, los mundos de RoboCop y Terminator se funden en una única realidad. Tú eres Robocop y debes salvar a la Humanidad destruyendo al Súper-Ordenador Skynet en un posible futuro en el que las máquinas gobiernan la Tierra y Skynet es el Jefe Supremo.
Royal Stone - Hirakareshi Toki no Tobira (Japan)	Royale Stone es la secuela de Crystal Warriors. El juego sigue la historia de Eva, un antiguo caballero de Martalia, exiliado de su reino por traicionar la confianza de la gente y volverlo contra su propio equipo.
Samurai Shodown (USA)	Iza To! En Garde! ¡Tipo! Doce de los más poderosos samuráis, ninjas, caballeros y guerreros de Japón, Francia, Estados Unidos y China encierran espadas en SAMURAI SHODOWN. Con espadas, nudillos desnudos, furia y varios Métodos de Caos, lucha para llegar a la batalla final con el Shogun de Satanás. ¡Usa todos los poderes a tu disposición para obtener una cabeza!
Sassou Shounen Eiyuuden - Coca-Cola Kid (Japan)	Coca Cola Kid es una plataforma protagonizada por la mascota homónima de la compañía Coca Cola en los años 90. En su camino a través de los niveles, el niño puede hacer uso de una patineta, pero tiene que continuar a pie si es derribado. Los enemigos pueden ser derrotados por patadas y patadas voladoras, la energía es restaurada -no sorprendentemente- al recoger latas de un cierto refresco.
Schtroumpfs Autour du Monde, Les (Europe) (En,Fr,De,Es)	LOS PITUFOS VIAJAN POR EL MUNDO El Pitufo Fisgón y Pitufita han roto el cristal mágico y entonces son transportados hacia otros lugares del planeta. Recoge todos los cristales que te encuentres en tu camino. Para que aparezcan, vas a tener que afrontar los elefantes de los mares del Polo Norte, los Indios de América, los pulpos de los océanos... Tan sólo cuando hayas pitufado todos estos desafíos, conseguirás volver al pueblo.
Scratch Golf (USA)	Es el hoyo 18, y necesitas un par para vencer al resto. Su par 4, 350 yardas, dogleg derecho. Hay agua a la izquierda y trampas de arena que rodean el green. El viento está detrás de ti, y debes cortar la pelota exactamente. Estás relajado mientras caminas hasta el tee, y tu concentración es del 100%. Recuéstate lentamente, desciende al punto óptimo, y mientras sigues hasta el final, ves que la pelota vuela justo donde se suponía que debía ir. Qué agujero será. ¡Scratch Golf, una experiencia increíble!
SD Gundam - Winner's History (Japan)	El jugador controla un pequeño ejército de robots y lucha contra el ejército enemigo. Las batallas tienen lugar en varios ambientes: espacio, atmósfera o superficie del planeta. El jugador debe ocupar puntos y fábricas específicos. Estos producen nuevos trabajos y naves espaciales más grandes. La batalla entre robots es un duelo 1 vs 1, el robot puede operar automáticamente o controlarse manualmente. Las naves espaciales más grandes pueden bombardear al enemigo desde un lugar seguro. El juego tiene una campaña, el jugador puede jugar en un solo mapa y contra otro jugador.
Sega Game Pack 4 in 1 (Europe)	Se incluyen cuatro juegos sin título: un clon Columns, en el que el jugador apunta a grupos de cuatro piezas en lugar de líneas de tres, un sencillo juego de lanzamiento de penaltis, un juego de rally básico y un simple juego de tenis.
Sensible Soccer - European Champions (Europe)	Póngase al mando de su selección nacional o club europeo preferido y participe en las diversas competiciones de copa y liga. Con todo el ambiente del fútbol europeo del más alto nivel, usted (con sus amistades) puede llevar a un equipo de 15 jugadores al podio de la victoria. ¡El juego de fútbol sin igual!
Shanghai II (Japan) (En)	Shanghai II es una variante del juego de rompecabezas también conocido como solitario mahjong. 144 fichas de mahjong están dispuestas en filas y apiladas unas sobre otras en varios patrones; el objetivo del jugador es eliminar pares de fichas iguales que no tengan fichas adyacentes desde ambos lados hasta que todo el tablero esté despejado. Esta variante presenta seis patrones con nombres de animales: tigre, escorpión, mono, serpiente, pantera y dragón. El jugador puede elegir mostrar sugerencias o invertir cualquier cantidad de movimientos. Un modo con un límite de tiempo está disponible también.
Shaq Fu (USA)	Como Shaq, utiliza tu shuriken rápido de iluminación y otras técnicas de artes marciales para imponer más de 5 guerreros intensamente malvados en la aplicación de la justicia. O elige cualquiera de los 6 guerreros y lucha cabeza a cabeza. ANIMACIÓN IMPRESIONANTE DE LOS DISEÑADORES DE FLASHBACK DESTRUYA A SU OPONENTE CON MOVIMIENTOS DE PODER SECRETO MODALIDADES DE TORNEOS, DUELOS Y HISTORIAS
Shikinjou (Japan) (En)	Shi-Kin-Joh (&quot;Ciudad Prohibida&quot;) es un juego de acertijos similar al Sokoban en el que el jugador debe alcanzar un objetivo empujando fichas mahjong de gran tamaño que bloquean el camino. Cuando dos fichas coincidentes se empujan una al lado de la otra, desaparecen. Otros tipos de fichas bloquearán cualquier ficha móvil que entre en contacto con ellos.
Shining Force - The Sword of Hajya (USA)	La historia gira entorno a Deanna y sus compañeros, los jóvenes soldados de la armada de Cypress. Nick, el Príncipe de Cypress, dejó el castillo con la orden de derrotar a Iom, una nación malvada. Sin embargo, se marcha sin la poderosa Espada de Hajya debido a no poder usarla, ya que su brazo se convirtió en piedra. Deanna y sus amigos deberán defender su castillo y la Espada, con la ayuda de Mayfair, amigo del Príncipe Nick. Cuando las fuerzas de Iom atacan y roban la espada, será Mayfair el que dirija a los jóvenes soldados para perseguir a los ladrones y recuperar la espada. Shining Force: The Sword of Hajya (Gaiden II) es la continuación directa de la historia Shining Force Gaiden, y toma lugar solo dos meses después.
Shining Force Gaiden - Ensei, Jashin no Kuni e (Japan)	El jugador controla a Nick, un visitante que va a Guardiana, que es elegido para ser el nuevo líder del ?equipo de la luz? de Guardiana. El grupo emprenderá el viaje rumbo al reino de Cypress para rescatar a los soldados cautivos y encontrar una manera de curar a la Reina Anri, quien se encuentra dormida bajo un hechizo lanzado por el embajador de Cypress, Woldol. Los eventos toman lugar 20 años después del segundo juego de la serie Shining, y es el predecesor directo del cuarto título de la serie, el Shining Force: The Sword of Hajya (?Shining Force Gaiden II?).
Shining Force Gaiden - Final Conflict (Japan)	Max, el líder de la Shining Force emprende la búsqueda de Mishaela (sirviente del villano presumiblemente muerto Darksol, del mismo juego). Uno de los compañeros de Max, el robot Adam, sale seriamente herido de una de las batallas con Mishaela. La tropa de Max se detiene para ayudar al robot, y solo Max y su compañero Ridion siguen la búsqueda. Desafortunadamente, Max y Ridion nunca regresan. Liderados por un hombre llamado Ian, los ex compañeros de Max emprenderán su búsuqeda, econtrando a su paso situaciones inesperadas... Tercero de la saga Shining Force GAiden y resulta ser la secuela de Shining Force (&quot;The Legacy of Great Intention&quot;) y la precuela de Shining Force II (&quot;Ancient Sealing&quot;).
Shinobi II - The Silent Fury (World)	La Ninja Negra tiene controlada la Neo- Ciudad y ha encarcelado a las Ninjas Elementales - ¡Joe Musashi es su única esperanza de supervivencia!
Side Pocket (USA)	Marca tu taco y acumula esas bolas. ¡Ahora prepárate, prepárate, rompe! Las bolas se dispersan y el partido está en ... ¡Son las finales del torneo Data East Pool y estás detrás del 8-ball! Tomará una mano firme y un ojo agudo para abrirse camino hasta la cima. Desafía a tus oponentes al último juego de habilidad, pero debes mantenerte fresco ... ¡Es una jungla de fieltro verde por ahí!
Simpsons, The - Bart vs. the Space Mutants (USA, Europe)	¡Hola, amigos humanos! Aquí Bartolomeo J. Simpson, con un secreto muy importante: ¿LOS MUTANTES DEL ESPACIO ESTÁN INVADIENDO SPRINGFIELD! Un grupo de delgados y putrefactos monstruos está invadiendo los cuerpos de la gente y quieren construir un arma que va a esclavizar al planeta entero. De todos modos este servidor es el único que los puede ver, gracias a mis gafas de rayos-X, así que es mi misión pararlos. ¡Salvar la Tierra! Comprar este juego. Gracias tío.
Simpsons, The - Bart vs. the World (World)	¡Eh! Te propongo un trato. Yo gané el concurso artístico del Payaso Krusty por eso mi familia y yo recorrimos a bordo de esta búsqueda super güay del tesoro universal China, Egipto, el Polo Norte y Hollywood. Pero necesito tu ayuda para recoger caras y productos Krusty si quiero llegar a mi último destino: ¡considérate invitado al Show de Rasca y Pica! ¿Alguna pregunta? Bueno, pues me largo. Tu amigo,nnBart Simpson.
Simpsons, The - Bartman Meets Radioactive Man (USA)	El héroe más grande de cómics de todos los tiempos, Radioactive Man, ha sido secuestrado ... y le toca a usted salvar al R-Man. Pondré a todos mis increíbles superpoderes al mejor nivel cuando pelee contra Swamp Hag, el malvado Dr. Crab y el malvado Lava Man. Una vez que elimine a estos villanos y restaure los poderes del Hombre Radiactivo, asumiremos los cerebros detrás de este feo esquema, Brain-O The Magnificent. Así que deja de leer y compra este juego O BIEN. Esa es una orden de Bartman, hombre! -THIS PARECE UN TRABAJO ... ¡PARA BARTMAN! ¿QUIZÁ UNA GRAN VENTILACIÓN DE FRÍO PONGA LA CONGELACIÓN EN SWAMP HAG? -¡LOS TERRORES DEL PROFUNDO NO SON PARTIDOS PARA EL PODEROSO BARTMAN! -¡DISPACADORES LUCES POR TODAS PARTES EN EL JUNKYARD! -FUERTE CONTRA LA GARGANTA EN EL MAL DR. CRAB'S LAIR!
Slider (USA, Europe)	Los Skweek vivieron en armonía durante siglos, un pueblo pacífico por naturaleza, hasta la llegada de Pitark. Arruinó su tierra de color rosa brillante quitándole el color, y sólo después de su muerte tuvieron la oportunidad de limpiarla. Tu trabajo consiste en viajar por los continentes y limpiar cada uno de ellos. Skweek puede moverse en las cuatro direcciones y va armado con una simple pistola, cuyos disparos rebotan antes de alcanzar a los enemigos: los Schnoreuls (con los que el contacto es instantáneamente mortal). Algunas casillas contienen flechas que te obligan a tomar una dirección determinada, también hay bloques que debes evitar. Los bloques bomba hacen explotar los bloques de alrededor. Los bloques de acceso directo te permiten moverte a otro bloque de tipo teletransporte.
Smurfs, The (Europe) (En,Fr,De,Es)	LOS PITUFOS ¡Pitúfase quien pueda! Gargamel ha decidido pitufar a TODOS los Pitufos. Ya se ha llevado a tres. Tu misión será arriesgada y peligrosa. Tendrá que afrontar toda clase de enemigos, entre otros al Ketekasko, los Pitufos negros, Azrael, y... Gargamel Sólo triunfarán los más pitufos...
Solitaire FunPak (USA)	Pruebe su suerte en Klondike, Pyramid, Free Cell, Golf, Aces Up, Poker, Florentine - 12 en total. Elija el juego que desee o seleccione el modo Torneo y pruébelos todos. En casa o en la carretera, Interplay's Solitaire te permite jugar en cualquier lugar y en cualquier momento. Juega como la cosa real (¡excepto que no puedes hacer trampa!). Si estás preparado para la tarea, ¡toma este paquete durante horas de diversión desafiante!
Solitaire Poker (USA, Europe)	¡Ponga sus manos en el juego de póker de vídeo más excitante! ¡Incluso los veteranos experimentados encontrarán Póker Solitario un reto bienveinido!
Sonic Blast (World)	¡Ha vuelto Sonic y está mejor que nunca! Sonic Blast ofrece los mejores gráficos y la jugabilidad más rápida que se haya visto hasta ahora en Game Gear. Puedes tomar el papel de Sonic o el poderoso Knuckles, cada uno con sus propios poderes especiales, mientras persigues al malvado Dr. Robotnik a través de 15 alucinantes fases que también incluyen múltiples áreas de bonus.
Sonic Chaos (USA, Europe, Brazil) (En)	¡Vuele a través de nuevas y fantásticas zonas con Tails the Fox, o únase a Sonic en una búsqueda veloz de las Esmeraldas del Caos perdidas!
Sonic Drift (Japan) (En)	Sonic Drift es un juego de carreras de Sonic the Hedgehog. El malvado Dr. Robotnik ha robado las esmeraldas del caos y tienes que volver a ganarlas en un torneo de carreras. En Sonic Drift, puedes jugar como Sonic, Tails, Amy o Robotnik. Sonic Drift también se puede encontrar en Sonic Adventure DX y Sega Mega Collection Plus. Hay seis niveles en cada juego y tres torneos diferentes, que suman 18 niveles.
Sonic Drift 2 (World)	Arranca los motores y prepárate para la carrera de tu vida. Elige entre 7 de tus personajes favoritos incluyendo Sonic, Knuckles y Robotnik, cada uno con su propio poder especial. Conecta el cable Gear to Gear y juega contra un amigo a través de 17 pistas en el último Chaos Grand Prix.
Sonic Labyrinth (World)	El Dr. Robotnik ha creado un mundo de laberintos en 3D, donde he arrojado a Sonic introduciéndole en una nueva dimensión. Ahora nuestro amigo puede rodar rápidamente en cualquier dirección - recogiendo llaves para acceder niveles ocultos y zonas de bonus a las que nunca antes había podido llegar. ¡Ayuda a Sonic a atravesar el laberinto para acabar con el nuevo clan de malvados Jefes y vencer al detestable Doctor!
Sonic Spinball (USA, Europe, Brazil) (En)	Desde cenagosas alcantarillas hasta la monstruosa sala de máquinas, la fortaleza más reciente del Dr. Robotnik es una gigantesca máquina de jugar con bolas. ¿Soportará ésta una invasión rotante de Sonic? Bote desde gigantescas aletas y silbantes salidas de vapor. Acelere a través de vertiginosas vueltas y elévese por rampas que desafían a la muerte.
Sonic The Hedgehog (Japan, USA) (En)	Gira por el espacio junto a Sonic, el imperturbable erizo. Da vueltas hasta quedar mareado, salva a los animales y ¡conviértete en el superhéroe!
Sonic The Hedgehog - Triple Trouble (USA, Europe, Brazil) (En)	¡Vuelven otra vez Sonic y Tails con el triple de diversión y el triple de problemas! El Dr. Robotnik está desarrollando el última súper arma con la ayuda de Knuckles y tu lo tienes que impedir. Atraviesa la nieve y el agua montado encima del nuevo turbo monopatín de Sonic o sumérgete en el &quot;Sea Fox&quot; de Tails.
Sonic The Hedgehog 2 (World)	¡El erizo más rápido del mundo ha regresado, corriendo por todas las nuevas Zonas, con más trucos, trampas y acción que antes!
Soukoban (Japan) (En)	Soukoban es un juego. Soukoban es un rompecabezas. Soukoban es el avance del cerebro para el sistema Game Gear que no puedes dejar de lado. El juego se basa en mover cajas en un almacén. Pero el trabajo manual no va a ganar el juego: se necesita energía mental para mover las cajas a sus espacios adecuados para limpiar la habitación y pasar a la siguiente pantalla ... ¡y la siguiente ... y la siguiente! Los acertijos siguen llegando: más de 100 pantallas diferentes en total. ¡Soukoban la mente! Además, puedes elegir tu rompecabezas o usar la función de edición para crear tus propias pantallas. ¡Nunca te aburrirás una vez que obtienes Soukoban!
Space Harrier (World)	Viaja a velocidades increíbles a través de Dragonland, destruyendo todo lo que se cruce en tu camino.
Spider-Man (USA, Europe)	El siniestro Kingpin ha colocado una bomba en Nueva york ¡y ha culpado de ello a Spidey! Ahora, con una recompensa de 1.000.000 dólares sobre la cabeza arácnida de Spider-Man, todos, tanto los ciudadanos decentes como sus peores enemigos: Dr. Octopus, The Lizard, Electro, Venom le persiguen. Así que, ¡pon tus telarañas en acción y resuelve esta situación!
Spider-Man - Return of the Sinister Six (USA, Europe)	El Dr Octopus está planeando el número cumbre de su carrera criminal para... ¡DOMINAR EL MUNDO! Ha reunido a The SinisterSix: Electro, Sandman, Mysterio, The Vulture y Hobgoblin ¡Los Seis Siniestros! Nada puede detener el avance de estos súper villanos reunidos... ¡excepto tu simpático vecino Spider-Man! ¿Podrá, nuestro amigo Spidey, salvar el mundo?. ¿Bastarán sus súper poderes para derrotar a los seis siniestros o es demasiado incluso para Spider-man? Sólo tú conoces la respuesta, porque ¡TU eres Spider-man, balanceándote en la más emocionante de las aventuras del momento para Game Gear!
Spider-Man - X-Men - Arcade's Revenge (USA)	Spider-Man y sus amigos mutantes necesitan tu ayuda para escapar del diabólico parque de atracciones de Arcade: lucha contra payasos asesinos, pirañas hambrientas, letales bolas de perdición y réplicas de robots mortales de supervillanos como Carnage y Juggernaut. ¿Las telarañas de Spidey, las garras de Wolverine, las cartas de energía de Gambit, los rayos de Storm y las explosiones ópticas de Cyclops significan GAME OVER para Arcade?
Spirou (Europe) (Proto)	Justo cuando está a punto de presentar sus inventos en un simposio de investigación científica en Nueva York, el Conde Champignac es secuestrado por Cyanida. El malvado robot tiene un solo objetivo: gobernar el mundo. No hay un momento para perder. Spirou tendrá que recorrer las calles, los metros y los rascacielos de Nueva York y volar a Palombia, una jungla pantanosa llena de sorpresas ... buenas y malas ... *No llegó a salir.
Sports Illustrated - Championship Football & Baseball (USA)	DOS GRANDES DEPORTES, UN JUEGO INCREÍBLE Juega los deportes favoritos de Estados Unidos, como solo Sports Illustrated te los puede ofrecer. Métete en el campo de juego sin parar y lucha contra la oposición: solo ganará el equipo más duro. Ponte los picos, recoge tu bate y prepárate para golpear la pelota fuera del estadio. Te sentirás como si estuvieras en el fragor de la acción, experimentando toda la emoción de los deportes como deberían ser jugados. Ambos deportes cuentan con gráficos súper realistas y secuencias animadas que celebran grandes jugadas. Blaze más allá de la oposición y anotar el touchdown final, golpear ese jonrón y anotar a lo grande con este dúo deportivo inmejorable.
Sports Trivia (USA)	Disfruta como nunca de un juego de preguntas sobre deporte. Ahora en tu Game Gear podrás aprender y/o demostrar lo que sabes sobre el mundo del deporte.
Sports Trivia - Championship Edition (USA)	Pon tu conocimiento a prueba! ¡El primer juego de trivia de deportes de Game Gear tiene cientos de preguntas, que cubren 11 categorías de deportes diferentes! ¡Todos tus deportes favoritos! Fútbol, baloncesto, béisbol, baloncesto universitario, fútbol americano universitario, golf, hockey, tenis, boxeo, carreras de autos y más. Tus respuestas se juegan en un campo de fútbol. ¡Ve por la bomba larga! ¡Cuantas más preguntas respondas a la vez, más yardas ganas! ¡Juego de 1 o 2 jugadores: desafía a un amigo y haz una copia de seguridad en el campo de juego!
Star Trek - The Next Generation - The Advanced Holodeck Tutorial (USA)	El Capitán Jean-Luc Picard le da la bienvenida, un cadete de primera categoría en la Academia de la Flota Estelar, a la sesión de entrenamiento más intensa que jamás haya experimentado: ¡el Tutorial de Holodeck Avanzado! Las simulaciones informáticas de la Holodeck lo ponen a usted al mando de Galaxy Class Starship Enterprise: toda su potencia y tripulación esperan sus órdenes. Te embarcarás en una serie de misiones asignadas por tu instructor, el Capitán Picard, pero solo tú puedes tomar las decisiones de vida o muerte que se requieren de un oficial de la Flota Estelar. Cuanto más éxito tengas en completar tus misiones, mayor será tu clasificación en la Academia y más complejas serán las misiones. Así que pon a prueba tus habilidades para tomar decisiones en una fracción de segundo e impulsa tu entrenamiento de la Flota hasta el límite: ¡las posibilidades son tan ilimitadas como el universo mismo! &quot;¡La empresa de los EE. UU. Es tuya!&quot;
Star Trek Generations - Beyond the Nexus (USA)	¡VIAJE A LA FRONTERA FINAL! ¡Vuelve a vivir la última aventura de STAR TREK en tu Sega Game Gear! Basado en la nueva película de STAR TREK GENERATIONS de Paramount Pictures, BEYOND THE NEXUS te sitúa en el centro de la misión más importante de los EE. UU. ¡Empresa! ¡En este viaje, un extraño fenómeno cósmico reúne a dos de las más honradas tripulaciones de la famosa nave estelar! Trabajarás lado a lado con personajes de la serie original de STAR TREK y el popular éxito sindicado STAR TREK: THE NEXT GENERATION. ¡Es una aventura Increíble en el siglo 24! ¡Vuela para el combate de Phaser con astutos guerreros romulanos! ¡Usa Photon Torpedoes para luchar contra Klingon Birds of Prey en un espacio tridimensional simulado! ¡Ayuda a Picard a alcanzar la prueba antes de que ocurra lo impensable!
Star Wars (USA, Europe)	La misión: Rescatar a la Princesa Leia de las MALVADAS garras de Darth Vader! Acudir en busca de ayuda a Obi-Wan Kenobi y Han Solo; pero, para eso primero habrás de encontrarlos. Por último, te corresponde detonar el mortífero misil final que acabará para siempre con el cuartel general del lado oscuro y ... QUE LA FUERZA TE ACOMPAÑE!
Stargate (World)	Experimenta la adicción tridimensional de este laberinto lleno de acción. A millones de años luz de la Tierra, tu única posibilidad de escapar es descifrar el misterio de la StarGate. Prepárate en este mundo de gráficos tridimensionales, para un encuentro muy reñido con el faraón Rá, o en una batalla contra otro jugador con la the Gear-to-Gear cable. Acepta el reto y descubre el secreto más allá de la StarGate.
Street Hero (USA) (Proto 2)	Janggun-ui Adeul es un juego de beat-'em-up sin licencia lanzado en Corea del Sur para el Sega Master System. En un momento se planeó un lanzamiento de Sega Game Gear en América del Norte como Street Hero, pero los planes fracasaron. Un prototipo ha surgido desde entonces. Juego basado en la película surcoreana con el mismo nombre, que puede traducirse como el Hijo del General (o Hijo del General).
Streets of Rage (World)	Únete a dos policías en una guerra sin cuartel para salvar a la ciudad de un siniestro sindicato del crimen.
Streets of Rage 2 (World)	¡Únete a Axel Stone, Blaze Fielding y Skate Hunter en una sucia y peligrosa lucha contra los desalmados de la mafia, y devuelve la paz a las calles!
Striker (Europe) (En,Fr,De,Es,It)	MÁS QUE AFICIÓN UNA PASIÓN IMPRESCINDIBLE EN TU LUDOTECA El único juego de fútbol que te ofrece más de 40 opciones, más de 340 equipos nacionales e internacionales, uno o dos jugadores, la Liga , el Mundial, equipos de 6 u 11 jugadores, penaltis, repetición del la jugada, 8 formaciones, 3 velocidades, 3 ángulos de vista, control del tiempo, terreno y más, mucho más.
Super Battletank (USA)	El 2 de agosto de 1991, Iraq invade su vecino país productor de petróleo, Kuwait. El 25 de agosto de 1991, una sesión conjunta del Consejo de Seguridad de las Naciones Unidas autoriza la intervención de la fuerza militar. ¡Durante las horas del crepúsculo del 16 de enero de 1992, comienza la liberación de Kuwait! Con SUPER BATTLETANK, estás al mando del vehículo blindado superior de defensa militar, el tanque de batalla M1A1 Abrams. Defiéndete contra el T72 construido por los soviéticos, el móvil S.K.U.D. lanzadores, y una variedad de helicópteros iraquíes armados mientras resplandecen sobre la abrasadora arena del desierto y conducen hacia la victoria.
Super Columns (USA, Europe)	Super Columns es una versión totalmente nueva del más famoso juego de puzzle. Agrupa las gemas mágicas por colores para hacerlas desaparecer, utiliza los nuevos giros y permanece atento a los gemas transparentes ¡te serán de gran ayuda! Conecta el cable gear to gear* y juega con un amigo para poner tus habilidades a prueba.
Super Golf (USA)	Let 'er Rip! Una simulación de golf a todo color con una rebanada de vida. Girarlo. dibujarlo, engancharlo, desvanecerlo, cortarlo, darle un poco de izquierda a derecha, golpear y correr, o romper un trozo de O.B. Este juego juega real. Con Super Golf para Game Gear, tienes control total sobre tu estilo de juego. Elija su club, coloque la camiseta y haga su tiro. ¡Todo depende de usted! Super Golf pondrá a prueba tu habilidad y te hará regresar. Para jugadores individuales a cuartetos, niños y adultos, y aficionados y profesionales. ¡Prepárese para el desafío con Super Golf!
Super Kick Off (Europe) (En,Fr,De,Es,It,Nl,Pt,Sv)	Un nuevo nivel de acción en fútbol. Tú eliges el tipo de campo, los jugadores, ¡e incluso los árbitros! ¡Participa en el Campeonato de la Liga o en la Copa del Mundo!
Super Momotarou Dentetsu III (Japan)	Super Momotaro Dentetsu III es el único lanzamiento de esta mítica saga en una consola de Sega y el cuarto juego en la serie de juegos de mesa de simulación de trenes. Juega de manera similar a Itadaki Street o Monopoly en que el jugador tiene que acumular riqueza comprando propiedades y haciendo otros negocios que a menudo dependen de la casilla en que terminan su turno. El modelo Momotaro Dentetsu recibió una multitud de pequeños ajustes y adiciones en esta cuarta entrada, pero por lo demás juega de forma idéntica a sus predecesores.
Super Monaco GP (USA, Europe, Brazil) (En)	¡La acción se pondrá al rojo a medida que trate de vencer a los mejores corredores del mundo para llevarse el trofeo a casa!
Super Off Road (USA, Europe)	¡Agárrete al volante y pisa a fondo el acelerador! ¡El reto acampo a través te espera! Esta conversión del clásico arcade americano está llena de emociones fuertes. El vértigo y la agitación de la carrera te convertirán en un formidable consolero estusiasta del todo-terreno 'off-road'. Juega en solitario o compite al volante con un amigo en ocho pistas en estadios diferentes con el cable Gear-to-Gear.
Super Smash T.V. (World)	¡Felicidades! Eres el próximo concursante afortunado en el juego espectáculo con lo último en premios....¡TU VIDA! Elige 6 armas futuristas y derrota a las hordas de mutantes ciborg, las poderosas esferas, los tanques de asalto y ¡a los hombres mutoides de 30 toneladas! Características: 1 o 2 jugadores con acción simultánea, 2 controladores de acción con un poder de disparo de 360°° Basado en el éxito arcade Williams/Bally.
Super Space Invaders (USA, Europe)	Oleada tras oleada de extraños y hostiles extraterrestres, fantásticos campos de acción donde la imagen puede trasladarse en dirección múltiple, enormes súper monstruos para finalizar cada nivel, y niveles secretos que sólo los mejores serán capaces de hallar. Te hará perder la razón pero... ¡No podrás resistir la tentación de seguir jugando!
Super Star Wars - Return of the Jedi (USA, Europe)	Toda la Aventura y la Excitación de un Juego de 16 bits -¿Estas preparado para desafiar al lado oscuro? Elige a tu Guerrero rebelde: Luke Skywalker, Leia Organa, Han Solo, Chewbacca o Wicket el Ewok. Revive la acción de la película mientras rescatas a Han de la garras de Jabba el Hutt, destruyes el generador de energía en el bosque de Endor, desafías a Darth Vader y al malévolo Emperador y ¡encabezas la flota de asalto Rebelde en la batalla final para destruir la nueva Estrella de la Muerte! ¡La Fuerza estará contigo mientras luchas por derrotar al Imperio de una vez por todas!
Superman - The Man of Steel (Europe)	&quot;Brainiac ha secuestrado a Lois Lane. La estrella de la suerte gira alrededor de la Tierra. Los más peligrosos adversarios que jamás ha tenido que enfrentar Superman se han desbocado ¡Qué reto más grande para The Man of Steel, su Termo-visión y el poderío de su Súper Puñetazo!&quot;
Surf Ninjas (USA, Europe, Brazil) (En)	¡Reclama tus derechos de nacimiento! ¡Encuentra la espada Kwantzu y destruye el ejército ninja del coronel Chi!
Sylvan Tale (Japan)	Toma el control de Zetts, un joven guerrero que pasea por el bosque y de repente se da cuenta de un misterioso objeto resplandeciente. Toca el objeto y es teletransportado a la tierra de Verda. Una misteriosa voz le habla, le dice que tiene que visitar seis fortalezas esparcidas por la tierra y recuperar seis gotas mágicas, que es la única manera de salvar a los habitantes de Verda de la muerte.
T2 - The Arcade Game (USA, Europe)	El número uno entre los juegos arcade &quot;a la caza de...&quot; hace una incursión en Game Gear. Eres un Terminator T-800 con un arsenal impresionante: ametralladoras de repetición, pistolas, misiles y un lanzagranadas M-79. ¡Destroza endoesqueletos y Helicópteros HK! ¡Acaba con el metal líquido del T-1000... o estás acabado!
Tails Adventure (World) (En,Ja)	Tails está a punto de empezar su propia aventura. Paseando por el bosque, se encontró una pequeña pieza de una gran máquina,¿qué es esto? Ahora empieza la diversión. Ayuda a Tails a recoger todas las piezas de la máquina, mientras lucha contra sus enemigos por el camino y encuentra la respuesta a la adivinanza.
Tails' Skypatrol (Japan) (En)	Los jugadores asumen el mando de Miles &quot;Tails&quot; Prower en un estado de vuelo permanente, que se une a una &quot;Sky Patrol&quot; con la esperanza de salvar una isla al derrotar a la villana malvada Witchcart, quien convierte a cualquiera que se oponga en cristales con su magia.
Taisen Mahjong HaoPai (Japan)	Posiblemente uno de los mejores juegos de Majhong de todo el catálogo de Game Gear. Cuenta con una secuela con algunas mejoras, Taisen Mahjong Haopai 2.
Taisen Mahjong HaoPai 2 (Japan)	Si su antecesor era posiblemente uno de los mejores juegos de Mahjong del Game Gear, éste renueva y mejora por completo al anterior.
Taisen-gata Daisenryaku G (Japan)	Daisenryaku G en Game Gear coloca al jugador en el centro de un conflicto ficticio entre la nación azul y la nación roja. Tienes una fase de producción de tus unidades (una docena de tipos diferentes), luego una fase de posicionamiento, antes de que comience la fase de combate. La estrategia depende en gran medida del terreno en el que estés luchando.
TaleSpin (USA, Europe, Brazil) (En)	Kit y Baloo luchan para ganar la competición de vuelo más estrafalaria del mundo, en el famoso Sea Duck de Higher for Hire. El premio: un lucrativo contrato de transporte aéreo.
Tama & Friends - 3 Choume Kouen Tamalympic (Japan)	Es la cuarta entrega de la saga Tama & Friends basada en el anime del mismo nombre.
Tarot no Yakata (Japan)	House of Tarot (o &quot;Tarot no Yakata&quot;) es un título de echar las cartas del tarot donde el jugador usa una lectura de tarot en japonés usando las cartas &quot;Tarot de Rider-Waite&quot;.
Tarzan - Lord of the Jungle (Europe)	Señor de la jungla LA SELVA TE ESPERA ... Domina a los animales salvajes y la vasta jungla con las habilidades del hombre primordial. Como Tarzán, usarás cuchillos, lanzas, arcos y flechas para proteger tu reino de los cazadores furtivos, los ladrones y los incendios forestales. Solo tú tienes los instintos y la fuerza para proteger el último y verdadero desierto, porque tú eres el Señor de la Jungla.
Tatakae! Pro Yakyuu Twin League (Japan)	Tatakae! Pro Yakyuu Twin League es un juego de béisbol con personajes al estilo cabezón.
Taz in Escape from Mars (USA, Europe, Brazil) (En)	Taz ha vuelto, y ¡tiene problemas! Marvin el Marciano ha encerrado a nuestro querido diablo en un zoo especial y tu debes devolverlo a la tierra, atravesando 6 niveles de cómica acción interplanetaria protagonizada por las mega estrellas Wile E. Coyote, Yosemite Sam y Speedy Gonzales.
Taz-Mania (USA, Europe, Brazil) (En)	Taz, el diablo de Tasmania tiene hambre y anda al acecho. ¡Únete a TAZ, con su rápido ataque, en la búsqueda de la tortilla más grande del mundo!
Tempo Jr. (World)	Tempo es un saltamontes muy simpático con un gran don para las notas. Su misión será devolver el poder al planeta de Rhythmias coleccionando sonidos y CD's, mientras lucha contra los enemigos utilizando sus rápidos movimientos de baile, y tirándoles notas. Tiene 6 niveles llenos de enérgica diversión.
Tengen World Cup Soccer (USA, Europe)	World Cup Soccer le permite al jugador elegir entre 24 equipos internacionales de fútbol donde el jugador puede participar en el torneo de la Copa del Mundo. El jugador competirá en una Elimination League donde el jugador debe ganar suficientes puntos, ya sea a través de victorias o sorteos, para calificar para el torneo de la Copa del Mundo donde los juegos son un formato de Muerte Súbita. Los amigos también pueden competir cara a cara en un modo de Exhibición usando el cable Gear-to-Gear.
Terminator 2 - Judgment Day (World)	Con toda la acción explosiva del éxito cinematográfico. Eres un Terminator enviado del futuro, equipado con un objetivo en pantalla y un impresionante arsenal de armas. ¿Estás preparado para enfrentarte al T-1.000 de metal líquido en la fábrica de acero? Salva el futuro o serás EXTERMINADO.
Terminator, The (USA, Europe)	Kyle Reese, guerrero solitario del futuro, regresa al pasado para proteger a la única mujer cuya existencia resulta clave para la supervivencia de la raza humana. Juntos deberán enfrentar no sólo todas las sorpresas que les depara la ciudad de Los Ángeles, sino también los aterradores poderes de un ente cibernético conocido con el nombre de Terminator, quien no se detendrá ante nada hasta lograr matarlos.
Tesserae (USA)	Despeja el tablero saltando un mosaico estampado de colores sobre otro. ¿Sonido fácil? Juzga por ti mismo. Un fascinante rompecabezas, Tesserae, plantea una variedad infinita en tres niveles de dificultad, en nueve tableros de mosaico distintos. Usa la lógica y el instinto para competir por la puntuación más alta. Pero ten cuidado: el cambio de fichas puede ser adictivo.
Tintin in Tibet (Europe) (En,Fr,De,Es,Nl,Sv)	Las aventuras de Tintín cuenta la historia de un reportero que no teme el peligro. En este juego basado en el cómic, Tintín está de vacaciones en los Alpes franceses y descubre a través del periódico un accidente de avión en la región del Tíbet. Por la noche, el reportero sueña que su amigo Chang está en el avión y necesita su ayuda. Tras confirmar sus sospechas, el joven se dispone a rescatar a su amigo afrontando etapas progresivas con rompecabezas en el camino. Tendrá que escalar acantilados, paredes de roca, lagos peligrosos e incluso escalar un glaciar con su amigo el capitán Haddock en busca de Chang.
Tom and Jerry - The Movie (USA, Europe) (En,Ja)	Tom necesita 9 vidas para agarrar al furtivo ratón. En 5 niveles superrápidos más uno adicional tendrá a esa alegre pareja persiguiéndose por toda la ciudad.
Torarete Tamaruka (Japan)	Disfruta de este grandísimo juego basado en la película nipona Torarete Tamaruka, y completamente en japonés.
True Lies (World)	Los jugadores controlan al agente secreto Harry Tasker, que trata de salvar al mundo libre del malvado Aziz, líder del grupo terrorista islámico Crimson Jihad. Todos los niveles están basados en escenas de acción de la película e incluyen la infiltración en el castillo, la persecución de Aziz por el centro comercial y el parque y el enfrentamiento final en el edificio de oficinas. En cada nivel, Harry tiene que realizar una tarea específica: conectar un módem a un ordenador para descargar datos, encontrar a Aziz o desactivar un dispositivo nuclear. Hordas de terroristas se interponen en su camino y deben ser eliminados con diversas armas. Harry comienza un nivel con una pistola estándar que tiene munición ilimitada pero que debe ser recargada después de 15 disparos. Tiene que conseguir armas más potentes como una ametralladora, una escopeta, granadas y minas.
Ultimate Soccer (Japan, Europe, Brazil) (En,Fr,De,Es,It)	Tiros y patadas espectaculares, pases maestros y combinaciones denomenales. ¿Posees la maestría necesaria para llegar a ser un gran campeón del fútbol?
Urban Strike (USA)	Salva las urbes e los EE.UU. de su total destrucción en 10 espectaculares misiones compuestas de múltiples etapas. Baja del helicóptero y ponte a luchar a pie. Nuevos helicópteros y vehículos de asalto en tierra. Nuevas pruebas contrarreloj, premios y paneles de mando interactivos.
Vampire - Master of Darkness (USA)	Deberás encontrar a Drácula, el señor de la oscuridad, y vencerlo antes de que toda Inglaterra quede bajo su aterrador poder.
Virtua Fighter Animation (USA, Europe)	Virtua Fighter Animation es un juego de lucha 2D en persona basado en la serie de anime Virtua Fighter. Tiene dos modos de juego: historia y versus. En el modo historia, el jugador sigue la trama del anime, con escenas de estilo anime antes y después de cada pelea. La historia está dividida en actos, cada uno de ellos corresponde a una pelea. El jugador comienza a controlar a Akira Yuki, mientras golpea a sus oponentes, cada uno de ellos se une a su grupo, para que puedan ser elegidos en las siguientes peleas. Además de Akira, los otros personajes que están disponibles son Pai Chan, Jacky Bryant, Wolf Hawkfield, Kage-Maru, Sarah Bryant y Lau Chan. En el acto final, el jugador debe luchar contra Dural. El modo versus permite a los jugadores elegir cualquiera de los siete personajes disponibles para luchar contra la CPU. En los dos jugadores contra el juego, Kage-Maru se elimina de la selección de personajes. La versión de Game Gear tiene 3 modos de visualización diferentes: Normal, Grande y Tiempo real. El modo de visualización Normal muestra los luchadores desde una posición más distante (sprites más pequeños) que el modo Grande (sprites más grandes). El modo en tiempo real simula los efectos de la cámara de zoom de los otros juegos Virtua Fighter, alternando entre los modos Normal y Grande. También tiene una secuencia de introducción extendida, con escenas de estilo anime. En cuanto a la jugabilidad, el juego no difiere mucho de cualquier otro juego de lucha 2D, ya que el jugador puede realizar golpes (botón 1), patadas (botón 2) y saltos (arriba), así como algunas maniobras especiales. La versión de Game Gear también tiene una función de bloqueo (botón START), ausente en la versión del Sistema Maestro. Las peleas son las mejores de 3 partidas regulares, y los jugadores perderán una ronda si se produce una de estas tres posibilidades: su energía se agota, se caen del ring o tienen menos energía que el oponente si se acaba el tiempo.
VR Troopers (USA, Europe, Brazil) (En)	Los populares héroes de la serie de televisión llegan a tu Game Gear a todo color para combatir a Grimlord y sus fuerzas diabólicas. Puedes elegir entre los tres personajes de la serie y en cada nivel encontrarás una fase especial de bonus, acción sin límites y una batalla final para alcanzar la victoria.
Wagyan Land (Japan)	El científico loco Dr. Devil está tratando de hacerse cargo de Wagan Land, y Wagan quiere proteger su hogar. Hay potenciadores llamados Waganizers, que hacen que las ondas de sonido de Wagan sean más poderosas, aturdendo a los enemigos durante un período de tiempo más largo.
Wheel of Fortune (USA)	El juego de juegos favorito de Estados Unidos ahora es más grande y mejor que nunca en el Sega Game Gear. Esta nueva versión presenta la hermosa Vanna White y más de 4.500 nuevos acertijos. Elija el concursante que desea ser, juegue contra la computadora o contra hasta dos amigos. Gira la rueda, compra una vocal o intenta resolver el rompecabezas. Solo Vanna White sabe qué hay detrás de las fichas. Ver tu programa de juegos favorito es divertido, pero GAMETEK'S WHEEL OF FORTUNE te sitúa justo en el escenario.
WildSnake (USA) (Proto)	Evita que el nido mortal de las serpientes se desate en WILDSNAKE, la alocada aventura de acertijos llena de reptiles listos para morder. A medida que las serpientes letales caen desde la parte superior, maniobras a las víboras venenosas para que se toquen y traguen entre sí. Pero si dejas que esas serpientes sigilosas tomen el control... ¡CORRE!
Wimbledon (World)	Increíbles Smashes, violentos saques, passing shots, un modo de práctica y cuatro prestigiosos campeonatos. ¡Este juego lo tiene todo!
Winter Olympics (USA, Europe) (En,Fr,De,Es,It,Pt,Sv,No)	WINTER OLYMPICS te ofrece la máxima experiencia en simulación de deportes. Correrás contra los mejores del mundo ... y el reloj ... luchando para ganar la MEDALLA DE ORO en un certamen en el que harás frente a 10 ACONTECIMIENTOS ESPECTACULARES en los que someterás a prueba tu velocidad, fuerza, destreza y resistencia, hasta el límite. Es tu oportunidad de ganar la MEDALLA DE ORO en el ESPECTÁCULO DE DEPORTES DE INVIERNO MAS MAGNIFICO DEL MUNDO.
Wizard Pinball (Europe)	¿Te atreves a enfrentarte al malvado mago? ¿Tienes el poder necesario para luchar contra él y derrocarlo? Prepárate para luchar contra el personaje más siniestro que haya visto tu Game Gear. El mago tiene el control de tu mesa de pinball y sólo con reflejos de relámpago y una determinación de acero conseguirás la victoria.
Wolfchild (Europe)	Los terroristas de Chimera han secuestrado al padre de Saul Morrow y han asesinado a su madre y hermano. ¿Será suficiente su capacidad metamórfica para liberar a su padre? ¿Bastarán los poderes psíquicos de un hombre-lobo para derrotar a un ejército?
Wonder Boy - The Dragon's Trap (Europe)	¡La maldición de un dragón puede ser peligrosa para tu humanidad! Únete a Wonder Boy y ayúdale a poner término a esta maldición y recuperar su forma humana.
Woody Pop (USA, Europe, Brazil) (En)	Únete a Woody Pop en su lucha contra las fuerzas de la celosa Máquina Loca. ¡Prepárate para rebotes y más rebotes, y acción ilimitada, mientras Woody Pop se convierte en un héroe rompe-ladrillos!
World Class Leaderboard (USA, Europe)	Cuatro de los campos de golf más difíciles en el mundo un rango de golpes de salida, un green para practicar los golpes rodados. ¡Este juego los tiene todo!
World Cup USA 94 (USA, Europe, Brazil) (En,Fr,De,Es,It,Nl,Pt,Sv)	Personalización del juego para satisfacer el estilo futbolístico del usuario usando las opciones previas al partido: regla de pase al portero, control del driblaje, regla de fuera de juego, duración del partido, velocidad, control de balón, tiempo, saque de falta, editor de formación y saque de esquina. Animación con más de 3.000 secuencias.
World Derby (Japan)	Juega a este estupendo juego de carreras de caballos en tu Game Gear y consigue ser el mejor.
World Series Baseball '95 (USA)	World Series Baseball '95 presenta la nueva &quot;Center Field View&quot; que te pone cara a cara con los mejores bateadores de la Liga Mayor. Elige hurlers como Maddux, Rijo, McDowell o Massina para enfrentarte a bateadores como Boads, Justice, González o Thomas. ¡Selecciona cualquiera de los 28 equipos de la Major League y juega una temporada completa con juegos de liga real, playoffs y la Serie Mundial!
World Series Baseball (USA)	El único juego de béisbol de Game Gear con los 28 equipos de la Major League, incluidos los Colorado Rockies y los Florida Marlins. Listas completas de equipos con los 700 jugadores de Major League. Envíe todas sus amenazas de bolas largas como Bonds, Thomas, Tartabull y McGriff contra los mejores jugadores de béisbol como Langston, McDowell, Glavine o Gooden. Imagine a los Yankees vs. Mets o Cubs vs. White Sox en el modo de exhibición. Juega el All-Star Game y la verdadera World Series.
WWF Raw (USA, Europe)	¡WWF RAW golpea tus sentidos con el caos más implacable! Las superestrellas más populares de la WWF, cada una con su propio movimiento característico, la acción salvaje del equipo de etiqueta y los agotadores combates de la Serie Survivor se interponen entre tú y el cinturón del Campeonato. Esto es WWF RAW... y Raw es Guerra!
WWF Wrestlemania - Steel Cage Challenge (USA, Europe)	Acepta el reto más duro de la lucha libre: el reto de la jaula de acero ¡WWF WrestleMania Steel Cage Challenge! Controla cada uno de los estupendos movimientos y maniobras llenas de acción - Lanzamiento contra las cuerdas, Codazos, Aplastamientos, Patadones. Cuando estés preparado para el reto final de la lucha libre, la jaula de acero estará lista para ti.
X-Men (USA)	Hijos del átomo. Mutantes. Héroes. Dedicado a luchar contra los males del mundo! Pero ahora, la mayoría de los X-Men han sido secuestrados. ¡Solo las garras de adamantio de Lobezno y los rayos explosivos de Cíclope pueden salvar a sus compañeros de equipo desaparecidos! Elige entre 7 personajes X-Men: Tormenta, Hombre de Hielo, Pícara, Rondador Nocturno y Mariposa Mental para que ellos también puedan liberar sus poderes mutantes. ¡6 niveles de guerra mutante, rompecabezas asesinos y salvajes efectos especiales! Combate contra los villanos: Sauron, Reina Brood, Callisto, Sebastian Shaw, Omega Rojo y Magneto.
X-Men - Gamemaster's Legacy (USA, Europe)	¡Una plaga Y una doble cruz mortal! El Virus Legacy está aniquilando Mutantkind y GamesMaster está sosteniendo la llave. Él ofrece a los X-Men la oportunidad de jugar su juego y ganar el secreto ... ¡PERO también ofrece lo mismo a sus archienemigos con la AGREGADA satisfacción de destruir a los X-Men! Los X-Men deben dividirse para encontrar la cura o perecer para siempre. 7 personajes jugables - Cíclope y Tormenta buscan a Lobezno, Gambito, Pícara, Bishop y Jean Grey. Completa cada nivel y vuelve a unir al equipo uno por uno. 8 niveles abrasadores de combate cuerpo a cuerpo desde el Ártico a las fortalezas egipcias y en un enclave lunar. Los X-Men luchan contra el Infierno: Mister Siniestro, Dyscordia, Sienna Blaze, Apocalipsis, Cronomante, Exodus, Shinobi Shaw y Fabian Cortez.
X-Men - Mojo World (USA)	Los X-Men enfrentan su aventura más brutal de todos los tiempos. Espiral, una bella productora de televisión con 6 brazos y habitante de Mojo World, enfrenta a los X-Men contra sus enemigos más difíciles de todos los tiempos en la última pelea televisada, &quot;The Greatest Battles of the X-Men&quot;. Si su esquema funciona, los ciudadanos de Mojo World se sintonizarán y ella se convertirá en su nuevo gobernante. X-Men del pasado, presente y futuro. Ten cuidado con Mojo, Magneto, Centinela, Cronomante y Agent. ¡Te destruiremos! ¡Aventúrate a través de Nueva Orleans, una futurista ciudad de Nueva York y Mojo World!
Yogi Bear in Yogi Bear's Goldrush (Europe) (Proto)	¡Aquí viene Yogi! El oso de dibujos animados favorito de Estados Unidos está llegando al Game Gear. Jellystone Park está en problemas. El malvado Jake ha robado todo el dinero del parque. Yogi debe abrirse camino a través de las diferentes áreas del parque, encontrar las 12 cajas fuertes secretas y vencer a Jake, de lo contrario el parque se cerrará. *No llegó a salir y fue cancelado.
Yu Yu Hakusho - Horobishimono no Gyakushuu (Japan) (En)	Eres el delincuente adolescente Yusuke Urameshi, que es nombrado &quot;Detective del mundo subterráneo&quot; después de ser asesinado en un accidente automovilístico mientras trataba de salvar un la vida del niño. Su tarea es investigar varios casos que involucran fantasmas y demonios en el mundo humano.
Yu Yu Hakusho II - Gekitou! Nanakyou no Tatakai (Japan)	Eres el delincuente adolescente Yusuke Urameshi, que es nombrado &quot;Detective del mundo subterráneo&quot; después de ser asesinado en un accidente automovilístico mientras trataba de salvar un la vida del niño. Su tarea es investigar varios casos que involucran fantasmas y demonios en el mundo humano. Con respecto a su precuela es totalmente diferente ya que deja de ser un Beat'em up y pasa a ser un juego de lucha 1vs1.
Zan Gear (Japan)	Magnífico juego de estrategia por turnos basado en una historia alternativa. Este juego perteneciente a la saga Zan ahora portátil en tu Game Gear.
Zool - Ninja of the 'Nth' Dimension (USA)	Cada año el mundo de los juegos se ve sacudido por un juego tan maravilloso, rápido, lleno de color, total, absorbente, 'mega', imponente, variado, increíble, y lleno de fabulosas características e inesperadas sorpresas, que todos se quedan pasma dos y dicen: ¡ESTE ES!; este año 'ZOOL, THE NINJA FROM THE Nth DIMENSIÓN' es ¡EL JUEGO!
Zoop (USA)	Aquí dentro de esta pequeña caja está la emoción que anhelas, el desafío que necesitas. Nivel tras nivel de acción para quemar el cerebro proveniente de todos lados, más y más rápido hasta que tus pulgares estén entumecidos, tus ojos te duelan y tu mente se derrita. Y solo hay UNA cosa que sabes ... &quot;¡No puedo dejar de jugar este juego!&quot;
