#key	synopsis
5 in One FunPak (USA)	Pack de 5 jeux : Backgammon, Dames, Reversi, Échec, yahtzee
Aa Harimanada (Japan)	Adapté d'un manga à succès de l'époque, &quot;Aah! Harimanada&quot; vous place dans la peau d'un lutteur sumo en route pour le fameux rang de Yokozuna.
Addams Family, The (World)	The Addams Family est un jeu de plates-formes sur Game Gear. L'histoire se situe vers la fin du film La Famille Addams alors que la famille est expulsée de son manoir par un avocat zélé. Comme si cela ne suffisait pas, on apprend que Morticia, Pugsley, Mercredi et les autres ont disparu ! Vous incarnez donc Gomez, seul rescapé, qui partira à la recherche de sa famille et affrontera tous ses ennemis jusqu'au dernier : l'avocat !
Adventures of Batman & Robin, The (USA, Europe, Brazil) (En)	The Adventures of Batman & Robin est un jeu de plates-formes sur Game Gear. Incarnez l'homme chauve-souris et son fidèle acolyte Robin, qui utiliseront tous deux leurs gadgets pour défaire l'infâme Mr. Freeze dans ce jeu inspiré du dessin animé. Mais ce ne sera pas le seul ennemi car d'autres méchants se joindront au combat avec parmi eux Le Joker ou encore Double Face.
Aerial Assault (World)	Aerial Assault sur Game Gear vous place dans le cockpit d'un F-15C Eagle, avec pour objectif d'éliminer tout assaillant environnant. Qu'il s'agisse de chasseurs, de jeeps, ou encore de sous-marins, certains de vos ennemis vous permettront d'augmenter la force de frappe de votre appareil grâce à quelques bonus.
Aladdin (USA, Europe, Brazil) (En)	Reprenant les différentes séquences du film d'animation de Disney, Aladdin sur Game Gear permet de retrouver tous les personnages de l'histoire. Ce jeu de plates-formes propose effectivement de suivre Aladdin des rues d'Agrabah aux couloirs du palais royal en passant bien sûr par la célèbre caverne aux merveilles. Le Génie est aussi de la partie et permet de gagner des bonus.
Alien 3 (USA, Europe)	Alien 3 sur Game Gear vous plonge directement après la fin du film &quot;Aliens&quot;. Ellen Ripley, personnage principal de la saga, est en sommeil cryogénique à bord du Sulaco. Un alien s'est infiltré à bord, décimant l'équipage et provoquant le crash du vaisseau sur la planète Fiorina 161. Aidez Ripley à survivre et sauvez les prisonniers des griffes des aliens en attendant que les secours arrivent.
Alien Syndrome (Europe)	Alien Syndrome sur Game Gear est un jeu d'action adapté du titre éponyme sorti sur bornes d'arcade. Une fois de plus, les extraterrestres font des misères aux humains. Votre mission est de sauver tous les individus captifs et de vous échapper avant le terme du compte à rebours, faute de quoi vous exploserez avec la bombe que vous avez placée. Le dénouement consiste en un combat épique avec la reine mère des extraterrestres.
Andre Agassi Tennis (USA)	André Agassi Tennis sur Game Gear vous propose d'incarner huit joueurs et joueuses, sur gazon, terre battue, ainsi que sur surface rapide. Le &quot;Kid de Las Vegas&quot; est le seul vrai joueur présent. Smashes, passing shots, vollées sont au programme. De la précision de votre placement et de votre timing dépend la réussite de vos coups dans ce jeu à la maniabilité exigeante.
Arcade Classics (USA)	Pack de 3 grands classiques du jeux vidéo : MISSILE COMMAND, CENTIPEDE et PONG
Arch Rivals - The Arcade Game (USA)	Arch Rivals est un jeu de basketball sur Game Gear. A la différence d'autres titres de sport, Arch Rival ne met pas un point d'honneur à respecter les règles. Au contraire, la triche est encouragée et tous les coups sont permis pour gagner ! Faites des fautes pour vous assurer le point et choisissez parmi 12 équipes différentes pour remporter la victoire.
Archer Maclean's Dropzone (Europe)	Dans Dropzone sur Game Gear, le joueur incarne un spationaute équipé d'un jetpack. Vous devez porter secours tout en évitant d'être vous-même victime des aliens qui usent de ruses pour vous éliminer. Votre ami n'est peut-être pas celui que vous croyez...
Arena (USA, Europe)	Nous sommes en 2026 et le pays est en paix. Le gouvernement est en place depuis 19 ans et la société audiovisuelle Astralnet abreuve les masses de sa messe cathodique. Sauf qu'en y regardant de plus près, la situation n'est pas si joyeuse que ça et le gouvernement s'accroche au pouvoir en contrôlant les médias. Un groupe de rebelles a d'ailleurs mis la main sur une cassette vidéo montrant les autorités et les dirigeants d'Astralnet décider des informations à diffuser et à censurer. Pour réveiller la population, il faudrait que la cassette soit diffusée via les émetteurs du centre d'Astralnet, baptisé &quot;The Arena&quot;, mais l'endroit est lourdement protégé. Il faudrait quelqu'un de courageux pour cette mission.
Ariel - The Little Mermaid (USA, Europe, Brazil) (En)	La Petite Sirène sur Game Gear vous propose d'incarner Ariel dans un jeu d'action où votre objectif sera de secourir vos amis, transformés par la diabolique Ursula. Prenez garde aux congres, clams et autres créatures marines, peu enclines à vous aider dans votre tâche.
Asterix and the Great Rescue (USA, Brazil) (En)	Dans Astérix and the Great Rescue sur Game Gear, vous incarnerez au travers d'un jeu de plates-formes, le petit héros gaulois ainsi qu'Obelix, son fidèle compagnon &quot;un peu enrobé&quot;. Baffez, martelez, lancez du Romain, afin de libérer Dogmatix et le village d'Orvio.
Asterix and the Secret Mission (Europe) (En,Fr,De)	Astérix and the Secret Mission sur Game Gear vous propose d'incarner les deux irréductibles Gaulois, chargés par Panoramix, à court de potion magique, d'aller chercher les ingrédients nécessaires à sa confection. Vous pouvez aussi tenter l'aventure à deux joueurs simultanément.
Ax Battler - A Legend of Golden Axe (USA, Europe, Brazil) (En)	La légendaire &quot;Golden Axe&quot; a été dérobée mais le roi a chargé un jeune guerrier de la récupérer, son nom est Ax Battler... Contrairement à la série Golden Axe dont il se décline, Ax Battler : A Legend of Golden Axe sur Game Gear est un jeu de rôle. Les batailles surviennent au hasard, chaque victoire vous apporte des capacités de magie et vous permettent ainsi de lancer des attaques tonitruantes sur vos adversaires.
Ayrton Senna's Super Monaco GP II (USA, Europe, Brazil) (En)	Défiez le sextuple vainqueur du GP de Monaco et triple champion du monde des pilotes dans Ayrton Senna's Super Monaco GP II sur Game Gear. Faites-vous un nom parmi les autres compétiteurs, sur les 16 circuits du championnat du monde FIA à travers le mode World Championship ou tentez votre chance en face-à-face contre Ayrton Senna lui-même, grâce au Senna GP.
Baku Baku (USA)	Le système de jeu s'apparente à un Tetris. Des blocs représentant des animaux (chien, panda, singe, lapin, souris) ou leurs nourritures respectives (os, bambou, banane, carotte, fromage) défilent par paire. Le but du jeu est de submerger l'écran de son adversaire (d'une contenance de 60 blocs) de ces blocs en les combinant le plus rapidement possible afin de créer des chaines. Ce jeu aux ressources inépuisables se base sur l'anticipation des joueurs. Celui-ci doit en effet combiner les blocs afin de déclencher des réactions en chaîne. Plus elles sont importantes plus le nombre de blocs tombant chez l'adversaire est important.
Barbie Super Model (USA) (Proto)	Barbie Super Model est un prototype de jeu annulé. Votre but est de promener Barbie (à pieds, en voiture, ..) pour la préparer pour son défilé de mannequin.
Batman Forever (World)	Batman Forever sur Game Gear est l'adaptation du film sorti en 1995. Vos ennemis sont l'Homme Mystère et Double-Face que vous rencontrerez à plusieurs reprises dans le jeu. Vous devez évoluer dans des niveaux mêlant combat et plates-formes, en tirant parti de tous les gadgets que vous pouvez assigner à Batman avant chaque nouvelle mission.
Batman Returns (World)	Dans Batman Returns sur Game Gear, vous défendez Gotham City et tentez de faire échouer les plans du Pingouin et ses hommes. Vous évoluez sur terre ainsi que dans les airs grâce aux gadgets que vous assignez à la ceinture de Batman.
Batter Up (USA)	Batter Up aussi connu sous le nom Gear Stadium est un jeu de baseball inspiré par la série Family Stadium sur NES. Il possède un mode 2 joueur en mode link. une version amélioré nommé Gear Stadium Heiseiban est sortie au japon en 1995.
Battleship - The Classic Naval Combat Game (USA)	Le jeu est basé sur le jeu de société de la bataille navale. Les règles restent les mêmes, le joueur doit faire couler la flotte de son adversaires.
Battletoads (USA)	Battletoads sur Game Gear vous met dans la peau de Zitz, crapaud aux pouvoirs qui sortent de l'ordinaire. Votre but : sauver vos deux frères enlevés par la Reine Noire. Débarrassez-vous de vos adversaires à travers diverses phases de jeu passant par la conduite de véhicules, le simple combat rapproché ou le jeu de plates-formes.
Beavis and Butt-Head (USA, Europe)	Aidez Beavis et Butt-Head à récupérer les tickets de concert du groupe GWAR
Berenstain Bears' Camping Adventure, The (USA)	Dans The Berenstain Bears' Camping Adventure sur Game Gear, vous incarnez les membres de la famille d'ours partis faire du camping en forêt. Vous explorerez les lieux à la recherche de friandises telles que du miel ou du bon poisson frais. Mais il vous faudra prendre garde aux autres animaux peuplant les bois.
Berlin no Kabe (Japan)	Berlin Wall est un jeu de plates-formes sur Game Gear. Le jeu vous propose d'incarner un jeune garçon équipé d'un marteau avec lequel vous devez détruire tous les blocs que vous trouvez sur votre chemin afin de pouvoir passer à l'étape suivante. Utilisez votre marteau pour tendre des pièges aux différents monstres que vous croisez et ainsi obtenir des power-up.
Bishoujo Senshi Sailor Moon S (Japan)	Sailor Moon S est basé sur la série animée Sailor Moon. Vous incarnez Tsukino Usagi, écolière dotée de pouvoirs lorsqu'elle devient Sailor Moon. Vous devez protéger le Royaume de la Lune en combattant les armées de la Reine Beryl et du Prince Diamant à travers un jeu mêlant plates-formes et action.
Bonkers Wax Up! (USA, Europe)	Bonkers : Wax Up ! sur Game Gear est un jeu de plates-formes où vous incarnez le personnage de Disney Bonker. Les Toons ont été changés en cire, retrouvez donc les pièces du Toaster à Toons qui permettra de leur redonner leur apparence normale. Il vous faudra collecter des indices à chaque niveau pour espérer accéder au suivant.
Bram Stoker's Dracula (USA)	Le joueur incarne Jonathan Harker qui, dans sa quête pour anéantir le vampire de Transylvanie, doit traverser neuf niveaux, en commençant par une taverne située près du château de Dracula, puis le château lui-même. De retour en Angleterre, il faudra chasser Dracula et ses sbires d'un couvent, d'une abbaye et de la maison de Mina, la fiancée de Jonathan, entre autres. nnnnL'une des tâches principales de chaque niveau consiste à trouver et à détruire plusieurs cercueils contenant de la terre de Transylvanie. Jonathan est gêné dans sa progression par des sbires ainsi que par des créatures sous le contrôle du vampire : chauves-souris, rats, serpents et bien d'autres encore. Le dernier cercueil de chaque lieu est généralement gardé par l'un des sbires les plus puissants de Dracula, parmi lesquels figurent ses trois épouses, le fou Renfield et l'amie de Mina, Lucy, désormais transformée en mort-vivante.nnnn
BreakThru! (USA) (Proto)	BreakThru ! Il a été initialement publié sur d'autres systèmes tels que PC, SNES, Game Boy, Saturn, Playstation. Le jeu est tristement célèbre pour avoir été approuvé par le créateur de Tetris, Alexey Pajitnov. Cette version Game Gear a été achevée mais n'a jamais été publiée pour des raisons inconnues.
Bubble Bobble (USA)	Le jeu met en scène Bub et Bob, deux enfants transformés en dragons et dont les fiancées ont été enlevées par le Baron von Blubba. Bub, aidé de Bob en mode deux joueurs, doit parcourir les quelque 100 niveaux du jeu pour les délivrer. Chaque niveau se compose d'un écran fixe avec pour environnement un ensemble de plates-formes plus ou moins alambiquées. Des monstres évoluent dans ce décor et le but est de tous les éliminer sans se faire toucher. Les dragons ont le pouvoir de cracher des bulles qui emprisonnent les ennemis pendant quelques secondes ; ils n'ont ensuite plus qu'à faire éclater la bulle pour tuer le monstre et faire apparaître un objet qui vient gonfler le score. Il y a différents paramètres qui entrent progressivement en jeu, venant complexifier le challenge : au-delà d'une certaine limite de temps, les monstres accélèrent brutalement ; la durée de « capture » des bulles est variable et des courants d'air peuvent altérer leur trajectoire.
Bugs Bunny in Double Trouble (USA, Europe)	Bugs Bunny doit arrêter Gossamer, le robot créé par Sam le Pirate, désormais hors de contrôle de son créateur. Bugs Bunny in Double Trouble sur Game Gear est un jeu de plates-formes où vous devrez tantôt guider un personnage vers un endroit sûr, échapper à un poursuivant, ou battre un monstre. Bugs révèle ses talents de lièvre grâce à sa course rapide et à de grands bonds dont vous devrez tirer profit !
Bust-A-Move (USA)	Retrouvez les deux petits dinosaures Bubble et Bobble dans le classique Bust-A-Move sur Game Gear. Explosez les bulles de couleur par groupe de trois minimum, en choisissant bien votre angle et en jouant avec les rebonds sur les murs, sans que les bulles ne s'accumulent et ne dépassent la limite imposée.
Buster Ball (Japan)	On fait face ici à un espèce de hockey futuriste qui contient quand même sa petite variante. Le terrain est délimité en 4 segments, chaque joueur est cantonné dans un de ces segments et il ne peut en aucun cas passer d'un segment à l'autre. On doit donc attraper le palet magnétique, avancer jusqu'à la limite d'un segment, passer le relais à un joueur qui se trouve de l'autre coté pour continuer la progression et marquer. Voilà qui pose les règles d'un jeu bien simple, doté d'une vue de dessus et de graphismes d'assez bonne facture. Un mode championnat vous assure quelques heures de jeu assez fun dès qu'on a apprivoisé le contrôle des joueurs.
Buster Fight (Japan)	Choisissez un des quatre colosses belliqueux qui ont chacun une série de mouvements spéciaux et de techniques de combat et affrontez de face les trois autres ! Invitez un copain pour un combat d'exhibition ou frayez votre chemin vers le sommet dans un tournoi à un joueur ou vous devrez lutter pour votre vie, mais aussi pour celle de tous les humains !
Caesars Palace (USA)	Visitez le célèbre Caesar's Palace et faite vous une place aux tables VIP en jouant gros et en gagnant gros aux multiples jeux que vous propose ce casino.
Captain America and the Avengers (USA)	Captain America and the Avengers sur Game Gear est la conversion du jeu d'action sorti en arcade. Incarnez les héros Marvel tels qu'Iron Man, Hawkeye et Vision. Vous pouvez choisir de jouer seul ou à deux simultanément, pour éliminer tout opposant qui osera se mettre en travers de votre super-chemin.
Car Licence (Japan)	Car Licence n'est pas réellement un jeu, mais une assistance pour ceux qui souhaite passer leur permis... Au japon...
Casino FunPak (USA)	Casino FunPak sur Game Gear vous permet de vous balader dans un casino virtuel et de participer aux jeux habituellement présents dans ce genre d'établissement. Vous pourrez donc jouer votre paye ou votre belle-mère à la roulette ou au poker, rester des heures durant devant une machine à sous, ou bien encore tenter une partie de black jack ou de craps.
Castle of Illusion Starring Mickey Mouse (USA, Europe, Brazil) (En)	Castle of Illusion starring Mickey Mouse sur Game Gear est un jeu de plates-formes où vous devez sauver Minnie des griffes de la sorcière Mizrabel. Incarnez Mickey dans cette aventure où chacune des portes du château renferme bien des surprises.
Cave Dude (USA) (Proto)	Cave Dude est un prototype tiré d'un jeu Master System. Sortie à Taiwan sous le nom de du jeu Toto World 3 il est aussi connu pour faire partie de la compilation australiene 4 Pak All Action compilation.
Chakan (USA, Europe)	Dans la nuit la plus profonde, il existe un aventurier en quête d'aventure et de combats. Il est tellement puissant qu'il arrive à terrasser tous ses adversaires. Mais comme son ambition est de devenir le plus fort il ose défier La Mort et se bat contre celle-ci. Après un rude combat, il réussit l'irréalisable et il terrassa la mort elle-même. Avant de mourir elle entraîna l'aventurier dans son monde qui n'est autre qu'un monde perdu dans un univers cauchemardesque. Pour le punir de son acte, Il reçoit la vie éternelle mais il doit respecter le temps qui lui est imparti pour s'échapper des donjons qu'il devra traverser car sinon il mourra et ressuscitera car la mort veux le faire souffrir a jamais. Chakan arrivera-t-il a déjouer les pièges et mettre en défaite les gardiens des donjons de La Mort ? Ou devra-t-il vivre pour l'éternité et souffrir a jamais ?
Championship Hockey (Europe)	Participez à un match de hockey hyper réaliste et bourré d'action passionnante avec Championship Hockey: tactiques de patinage sophistiquées, charges corporelles musclées et tirs frappés extrêmement puissants. Vous devrez patiner rapidement pour éviter les charges corporelles des défenseurs et prendre de vitesse les gardiens de but afin de remporter la Coupe.
Chase H.Q. (USA)	Dans Chase H.Q. sur Game Gear, vous incarnez un agent secret qui arpente les routes pour retrouver des fugitifs. Le profil du suspect est défini en amont de chaque mission et la tâche qui vous incombe est de le dénicher parmi la population civile. Pour l'appréhender, percutez son véhicule de manière à lui faire perdre le contrôle, en respectant le temps imparti.
Cheese Cat-Astrophe Starring Speedy Gonzales (USA, Europe, Brazil) (En,Fr,De,Es)	Cheese Cat-Astrophe starring Speedy Gonzales sur Game Gear, propose au joueur d'incarner la souris la plus rapide du Mexique dans un jeu de plates-formes. Grâce à l'aide d'autres personnages issus de l'univers Looney Tunes, vous devez retrouver Carmel, la fiancée de Speedy, enlevée par l'infâme docteur Cheesefinger.
Chessmaster, The (USA, Europe, Brazil) (En)	The Chessmaster sur Game Gear vous permet de faire des parties d'échecs contre l'intelligence artificielle de la cartouche. Seize niveaux de difficulté, dont deux pour débuter tranquillement, sont proposés. Un mode initiation vous donnera aussi l'occasion d'apprendre les règles de l'un des plus vieux jeux jamais créé.
Chicago Syndicate (USA, Brazil) (En)	Interprétez Larcen Tyler un ancien gangster de Chicago dans les années 20 qui tente de survivre à son ancien boss en étant dans une cellule anti-mafieuse.
Choplifter III (USA)	Troisième du nom dans la série, Choplifter III sur Game Gear vous confie la lourde tâche de piloter votre hélicoptère à travers le feu ennemi, pour secourir un nombre déterminé de camarades en mauvaise posture sur le champ de bataille. Bien évidemment, il s'agit de ramener l'hélicoptère rempli de vos précieux passagers jusqu'à la base en un seul morceau.
Chuck Rock (World)	Chuck Rock sur Game Gear est un jeu de plates-formes. Le joueur dirige un homme préhistorique prénommé Chuck, à la recherche de sa femme faite prisonnière par Garry Gritter. Pour se défendre, le héros peut donner des coups de ventre ou jeter des pierres sur ses ennemis. Il peut également leur monter dessus pour atteindre des zones inaccessibles.
Chuck Rock II - Son of Chuck (USA)	Chuck Rock II : Son of Chuck sur Game Gear est un jeu de plates-formes préhistorique. Chuck Rock, qui tient une usine d'automobiles, a été enlevé par l'un de ses rivaux. En incarnant Junior, le rejeton, le joueur doit traverser les niveaux pour retrouver Chuck. Armé d'un gourdin pour se défendre face aux dinosaures, Junior peut chevaucher certains animaux pour atteindre des zones inaccessibles.
CJ Elephant Fugitive (USA, Europe)	Ce titre obscur est l'une des deux suites de CJ's Elephant Antics, un jeu de plateformes édité par Codemasters sur Commodore 64 en 1991 ! Le titre n'a été adapté que sur les micro-ordinateurs de l'époque, une version NES existant sur une compilation non officielle. Ainsi, cette suite parue uniquement sur la portable de Sega en fait d'emblée une pièce de musée...
Cliffhanger (USA)	Voici l'adaptation du film du même nom où vous contrôlez un Silverster Stallone en 8 bits sur console GameGear. Vous devez sauter de roche en roche en éliminant les ennemis pour arriver à bout des niveaux.
Clutch Hitter (USA)	Clutch Hitter sur Game Gear est l'adaptation arcade du jeu de base-ball du même nom. Toutes les équipes de la Major League de 1991 y sont présentes, en revanche les noms des joueurs ne figurent pas. Il est possible de jouer contre un ami en connectant deux Game Gear.
Columns (USA, Europe, Brazil) (En)	Columns sur Game Gear est un puzzle-game dans lequel votre tâche consiste à disposer des blocs de sorte à les faire disparaître. Les blocs disparaissent lorsque trois éléments de couleur identique, au minimum, sont en contact, ceci de manière horizontale, verticale ou diagonale, cette dernière méthode rapportant le plus de points.
Cool Spot (USA)	Fonce, tire et franchis les obstacles dans cette aventure hilarante et effrénée sans perdre ton sang-froid… ni tes lunettes de soleil ! Dans la peau de COOL SPOT, tu ne reculeras devant rien pour sauver tes potes SPOT lorsqu'ils se feront enlever par des forces pas cool ! Tire sur la vague, déchaîne-toi sur un train fou et fonce à toute allure dans des montagnes russes à couper le souffle pour mettre tes ennemis K.O. ! 11 niveaux hilarants et 6 rounds bonus où tu devras éclater des bulles ! Des obstacles qui te sautent au visage, des manœuvres délicates et une portée de tir Cool Shot à 360 degrés ! Des graphismes tellement chauds que tu auras besoin de tes propres lunettes de soleil !
Cosmic Spacehead (USA, Europe)	Cosmic Spacehead est un jeu de plates-formes/aventure sur Game Gear. Vous incarnez Linus, un extraterrestre qui s'est écrasé sur la planète Terre. En rentrant chez lui personne ne le croit, il faut donc l'aider à retourner sur Terre pour ramener des preuves. Explorez les différents niveaux pour ramasser des objets et parler à des gens. Peut-être qu'après ça, les gens arrêteront de vous traiter de menteur !
Crayon Shin-chan - Taiketsu! Kantam Panic!! (Japan)	Basé sur le dessin animé japonais Crayon Shin-chan, ce jeu n'existe qu'en import
Crazy Faces (Europe) (Proto)	Puzzle game à base d'images provenant des jeux de Domark et sega, ce jeu n'a jamais été commercialisé. Il s'agit ici d'un prototype sans le son.
Crystal Warriors (USA, Europe)	Le royaume de Tyramus est menacé par l'invasion de l'Empire de Jyn qui veut utiliser le pouvoir des Quatre Cristaux à des fins funestes. Dans Crystal Warriors sur Game Gear, votre tâche consiste à escorter la Princesse Iris, détentrice de l'un des cristaux, et à renverser l'armée ennemie dans des batailles au tour par tour. Servez-vous à bon escient de vos guerriers, magiciens et guérisseurs.
CutThroat Island (USA)	Dans ce jeu, vous incarnez une pirate nommée Morgan, à qui son père a confié un morceau de carte avant de mourir. Vous partez à la recherche d'autres morceaux de la carte afin de découvrir le trésor caché enfoui sur l'île de Cutthroat. Le gameplay consiste à faire défiler l'écran et à affronter au corps à corps des pirates et autres scélérats à l'épée, en utilisant diverses attaques. Au fur et à mesure de votre progression, vous débloquez de nouveaux combos. Ce jeu est inspiré du film du même nom.
Daffy Duck in Hollywood (Europe, Brazil) (En,Fr,De,Es,It)	Daffy Duck in Hollywood est un titre de plates-formes au scrolling horizontal sur Game Gear. Le réalisateur récompensé Yosemite Sam appelle le détective Daffy Duck pour lui demander de l'aide : retrouver son trophée en or dérobé par l'immonde professeur Duckbrain. Armé de son pistolet à bulles, Daffy Duck part en investigation en plongeant dans les films de Sam ce qui justifie la variété des environnements du titre : western, science-fiction, horreur, jungle, etc. Daffy Duck peut sauter et transformer les ennemis en bulles. Pour progresser il doit réduire au silence certains adversaires sous peine de voir les accès bloqués. Dans les levels, récupérez un maximum de bulles afin d'augmenter votre puissance, votre score de points et votre protection sous la forme d'un fée qui virevolte autour de Daffy Duck.
David Robinson's Supreme Court (USA) (Auto Demo)	David Robinson's Supreme Court : Dans ce jeu, chaque dribble, passe, coup de pied et coup de coude est réel - tout est numérisé à partir du vrai basket. 24 coups différents de sauteurs aux claques, une vitesse incroyable et des effets sonores qui claquent le rebond font de ces sommets une action qui plie les cerceaux. Robinson prouve son cas avec des claquements de monstres à deux mains et des attacks nets impressionnants! Action de tournoi 3-sur-3 ou full-tilt. Procurez-vous une escouade de tueur à partir d'un tableau de 20 joueurs composé de spécialistes du slam, de planchistes et de voleurs de balles. Attrapez le commentaire de couleur de l'amiral aux pauses.
Deep Duck Trouble Starring Donald Duck (USA, Europe, Brazil) (En)	Dans le jeu de plates-formes Deep Duck Trouble Starring Donald Duck sur Game Gear, le joueur doit suivre le carnet de bord de Picsou pour inverser la malédiction qui le fait flotter dans les airs tel un ballon. En compagnie de Donald, traversez îles, jungles et volcans et battez un boss à chaque fin de niveau.
Defenders of Oasis (USA, Europe)	Basé sur d'anciens mythes Iraniens, Defenders of the Oasis sur Game Gear est un jeu de rôle où vous contrôlez le Prince de Shanadar et combattez les descendants du dragon Zahhark. Vous êtes accompagné par une princesse au joli minois, le génie de la lampe, ainsi que d'autres acolytes.
Desert Speedtrap Starring Road Runner and Wile E. Coyote (USA, Brazil) (En)	Desert Speedtrap sur Game Gear et un jeu de plates-formes où vous contrôlez BibBip et tentez d'échapper à son éternel poursuivant : Wile. E Coyote. Vous pouvez sauter et utiliser la légendaire vitesse de BipBip pour parvenir à la fin du niveau, avant que le temps qui vous est imparti ne soit écoulé.
Desert Strike - Return to the Gulf (USA)	Desert Strike : Return to the Gulf sur Game Gear est le premier jeu de la série Strike. L'histoire prend place un an après la guerre du Golf alors qu'un général tyrannique menace le Moyen-Orient et les Etats-Unis. Le président vous charge d'abattre le général Kilbaba et ses terroristes, avant qu'ils n'engagent un conflit nucléaire mondial. Vous pilotez un hélicoptère Apache et vos objectifs sont divers : porter secours, détruire des objectifs, détourner des missiles...
Devilish (USA)	Devilish sur Game Gear est un casse-briques amélioré. En effet, vous dirigez horizontalement et verticalement, deux barres, sur lesquelles rebondit votre bille casse-briques. Franchissez les obstacles, éliminez vos ennemis à coups de bille, et terrassez les boss de fin de niveau pour annuler la malédiction qui a frappé le prince et la princesse.
Dinobasher Starring Bignose the Caveman (Europe) (Proto)	Rejoignez Bignose dans une course préhistorique déjantée pour attraper son dîner ! Frayez-vous un chemin à travers des hordes de dinosaures sur quatre îles immenses, récupérez des os et des pierres et commercez avec les autochtones. Volez entre les îles en utilisant votre massue comme rotors d'hélicoptère et devenez le premier homme volant ! De superbes graphismes, une musique géniale et, surtout, un divertissement au top !
Donald no Magical World (Japan) (En,Ja)	Ronald Mc Donald et ses amis, Grimace, Birdie et Hambuglar, se baladaient sur les chemins, quand soudain... Un coffre magique apparaît ! Quel suspens, hein ? Bref, Grimace et les autres sont aspirés dans le pays magique et Ronald va devoir les retrouver au travers de 4 niveaux colorés.
Doraemon - Noranosuke no Yabou (Japan)	Doraemon: Nora no Suke no Yabou est un jeu éducatif basé sur la série animée japonaise Dorarmon de 1979
Doraemon - Waku Waku Pocket Paradise (Japan)	Joue avec Doraemon ou avec l'aide de ton ami Nobita dans ce jeu d'action et de mini-jeux passionnant et découvre ce qui se passe dans la ville. Jouez avec un autre ami grâce au câble Gear-to-Gear et profitez de ce jeu qui se déroule dans le monde de Doraemon.
Double Dragon (USA, Europe)	Double Dragon est un titre de beat'em all au scrolling horizontal sur Game Gear. Dans un New-York post-apocalyptique, Billy et Jimmy Lee partent au secours de Marian la fiancée de Billy. Double Dragon vous permet d'arpenter les rues en éliminant les adversaires qui croisent votre chemin avec des techniques de Sou-Setsu-Ken. Outre les combos de coups de poing et de pied, les frères Lee disposent de coups de pied sautés et autres coups de coude. L'originalité du soft est qu'il est possible de ramasser divers objets et armes des adversaires pour les retourner contre eux.
Dr. Franken (Europe) (Demo)	Dr. Franken est un prototype d'un jeu jamais publié ni terminé. Contrairement à ce que laisse penser son titre écrit un peu partout en lettres gothiques, le jeu ne nous propose pas d'incarner le docteur Frankenstein, mais bien sa création, affectueusement nommé... Franky. Avant de décéder, son maître avait apparemment prévu d'offrir à Franky une compagne pour qu'ils puissent vivre de nombreux jours heureux et pourquoi faire des trucs rigolos avec leurs corps pendant des siècles. Malheureusement Bitsy - c'est son petit prénom - est quelque peu en morceaux... Morceaux joyeusement éparpillés dans l'immense château du scientifique, curieusement infesté de bestioles démoniaques. Pas décidé à rester vieux garçon, Franky se lance à la recherche des fragments de sa bien aimée, mais aussi des éléments pour remettre en marche la célèbre machine à donner la vie.
Dr. Robotnik's Mean Bean Machine (USA, Europe)	Dr. Robotnik's Mean Bean Machine sur Game Gear est un puzzle-game où vous devez arranger des blocs de couleur de manière à les faire disparaître et à réaliser des enchaînements qui auront raison de votre opposant. Sauvez les habitants de BeanVille de la robotisation qu'Eggman veut leur faire subir !
Dragon - The Bruce Lee Story (USA)	Dragon : The Bruce Lee Story sur Game Gear est un beat'em up basé sur le film du même nom sorti en 93. Vous devez vous battre pour survivre et exploiter à bon escient la science de Bruce Lee. Des bonus sont disséminés à travers les niveaux, ils vous permettront de faire exploser votre fureur et ainsi décupler votre puissance.
Dragon Crystal (USA, Europe)	Dragon Crystal sur Game Gear est un jeu de rôle. Vous combattez vos ennemis au tour par tour, en traversant des niveaux où l'objectif initial est de trouver un téléporteur qui vous mènera au niveau suivant. Un oeuf vous accompagne, à vous de le choyer pour qu'il devienne un puissant dragon !
Dunk Kids (Japan) (En)	DUNK KIDS est un jeu de basket à 2 contre 2 supporté par le All Japan Street Basketball Association.
Dynamite Headdy (USA, Europe)	Dynamite Headdy sur Game Gear met en scène un jouet qui a la particularité de se battre avec sa tête amovible. Lancez-la sur vos adversaires pour vous en débarrasser dans ce jeu de plates-formes cartoonesque et défaites le maléfique Dark Demon qui tente de transformer les jouets de la ville en sbires à sa solde. Combattez également votre ennemi juré, l'ours Trouble Bruin et délivrez la ville du joug démoniaque.
Earthworm Jim (USA)	Earthworm Jim sur Game Gear met en scène Jim, un ver de terre ayant hérité d'un costume aux pouvoirs extraordinaires. Dans ce classique parmi les jeux de plates-formes, le joueur dispose d'un pistolet laser comme moyen de défense. Jim a aussi une large palette de mouvements pour parvenir à franchir des niveaux variés et colorés.
Ecco - The Tides of Time (USA, Europe, Brazil) (En)	Ecco : The Tides of Time sur Game Gear est la suite de la première aventure du courageux dauphin. L'océan est menacé par la Reine du Vortex et le cours du temps a été divisé en 2 futurs, l'un normal, et un autre où règnent les ténèbres instaurées par la Reine. Votre tâche consiste évidemment à rétablir le plus agréable des deux. La possibilité de se transformer en méduses ou en petits poissons-fourrage pour passer inaperçu a été ajoutée.
Ecco the Dolphin (USA, Europe, Brazil) (En)	Ecco the Dolphin sur Game Gear est un jeu d'action qui a l'originalité de mettre le joueur aux commandes d'un dauphin. L'histoire débute lorsque Ecco assiste impuissant à la disparition de tout l'écosystème, emporté par une mystérieuse tempête. 25 niveaux durant, explorez les abîmes et résolvez de nombreuses énigmes afin de ramener le calme au sein de la crique.
Ernie Els Golf (Europe) (En,Fr,De,Es,It)	Ernie Els Golf est un jeu de golf ou vous incarnez Ernis Els surnommé le « Big Easy », quadruple champion de tournois du Grand Chelem, l'open américain en 1994 et 1997, et l'Open britannique 2002 et 2012. Autant vous dire que vous n'avez d'autre choix que de ne faire que des un trou en un.
Eternal Legend (Japan)	Le joueur contrôle un jeune garçon qui doit sauver le monde de méchants monstres qui errent dans les zones en dehors des villages. Le jeu est considéré comme une action-RPG semblable à Final Fantasy et Secret of Mana. Jusqu'à trois personnages peuvent être dans votre groupe, ces trois membres changent en fonction de l'histoire.
Evander Holyfield's 'Real Deal' Boxing (USA, Europe)	Evander Holyfield's &quot;Real Deal&quot; Boxing est une simulation de boxe sur Game Gear. Choisissez un match rapide en mode exhibition ou optez pour le mode carrière où vous guidez votre poulain à travers toutes les étapes pour affronter Evander Holyfield. Jaugez bien la fatigue et les coups encaissés par votre boxeur et envoyez votre adversaire au tapis pour accéder à la gloire.
Excellent Dizzy Collection, The (Europe)	Dizzy's Excellent Adventures sur Game Gear est une compilation de trois jeux de la gamme Dizzy. Au programme : Dizzy the Adventurer, Panic Dizzy and Go Dizzy Go!. Dans chacun d'eux, vous incarnez Dizzy, le célèbre oeuf dur.
F-15 Strike Eagle (USA, Europe)	F-15 Strike Eagle sur Game Gear propose au joueur de piloter un chasseur F-15 dans des missions où le célèbre appareil est réellement intervenu. Vous évoluez donc au Moyen-Orient ainsi qu'en Asie, pour détruire des cibles sur terre et dans les airs.
F1 (USA, Europe)	F1 sur Game Gear dispose des circuits officiels du championnat du monde de l'époque, chacun avec ses difficultés inhérentes. Vous pouvez choisir d'effectuer, seul ou à deux, de 4 à 18 tours. Le mode Arcade vous permet de choisir le circuit sur lequel vous souhaitez tester vos talents de pilote tandis que le mode Grand Prix suivra l'ordre des courses du championnat du monde FIA.
F1 - World Championship Edition (Europe)	La F1 représente le défi ultime pour un pilote de course professionnel. Cette édition « World Championship » vous permet en effet de piloter pour l'une des 12 écuries réelles lors des 16 Grands Prix officiels, face à de véritables pilotes de F1. Si ce défi ne vous suffit pas, vous disposez de 3 niveaux de difficulté, de conditions météorologiques variables, d'un choix entre des défis de championnat ou à élimination directe, et pour couronner le tout, d'une option d'écran partagé incroyablement rapide qui vous permet de courir en face à face contre un ami ou même contre votre SNES ! Démarrez vos moteurs ! Préparez-vous à courir !
Faceball 2000 (Japan) (En)	Faceball 2000 sur Game Gear est un jeu de tir à la première personne dans lequel vous contrôlez un smiley qui doit tout bêtement en éliminer d'autres. Vous évoluez dans des environnements clos, dans une 3D réduite à sa plus simple expression. Le mode Single Player consiste à trouver la sortie tout au long des 70 niveaux. Le multijoueur est aussi possible, en connectant plusieurs Game Gear.
Factory Panic (Europe, Brazil) (En)	Vous voici dans la peau d'un jeune garçon (ou Gorbatchev dans la version Jap !) qui va venir en aide à une pauvre population (celle de l'ex-URSS...) qui réclame des vivres. Vous entrez donc dans la principale usine de distribution de ces vivres, et allez devoir faire en sorte de distribuer divers objets tels de la viande, du pain, des médicaments ou encore des Game Gear, à chaque personnage qui attend patiemment de l'autre côté des grilles son besoin propre...
Fantastic Dizzy (USA, Europe) (En,Fr,De,Es,It)	Fantastic Dizzy est un jeu de plates-formes/aventure sur Game Gear. Le méchant magicien Zaks a jeté un sort à tous les habitants du village et a kidnappé la fiancée de Dizzy. Le but du joueur sera bien évidemment de la récupérer mais également de sauver les villageois. La jouabilité repose sur un mélange de plates-formes et d'énigmes à résoudre (en ramassant différents objets et en les utilisant au bon endroit).
Fantasy Zone (USA, Brazil) (En)	Fantasy Zone est un shoot'em up sur Game Gear. Vous incarnez un vaisseau spatial, assailli par de nombreux ennemis volants non identifiés. Le jeu n'est pas linéaire et vous permet de vous déplacer vers la droite ou la gauche pour aller traquer de l'alien. Le design est coloré et les monstres originaux.
Fatal Fury Special (USA)	Fatal Fury Special sur Game Gear est un jeu de baston en 2D, qui est une version améliorée de Fatal Fury 2. 16 personnages au style unique s'affrontent ici. Battez-vous dans des décors variables et maîtrisez le système de combo qui permet de vider la barre de vie adverse en un clin d'oeil.
FIFA International Soccer (USA, Europe) (En,Fr,De,Es)	FIFA International Soccer sur Game Gear est une simulation de football. Premier titre de la série la plus vendue au monde, FIFA donne la possibilité à 1 ou 2 joueurs de prendre le contrôle d'équipes nationales et internationales lors de matches amicaux, de tournois ou de championnats. Privilégiant les courses et passes courtes, le jeu permet d'adopter une stratégie parmi 5 au choix afin de mieux contrer le jeu de l'adversaire.
FIFA Soccer 96 (USA, Europe) (En,Fr,De,Es)	FIFA Soccer 96 est un jeu de football sur Game Gear. Le jeu propose onze ligues officielles ainsi que cinquante-neuf équipes internationales. Il est possible de faire de simples matches amicaux, des tournois ou de participer à la Coupe du monde. Un éditeur d'équipes vous permet aussi de créer la sélection de vos rêves avec vos joueurs préférés.
Foreman for Real (Japan, USA) (En)	Non, George Foreman n'est pas qu'un simple vendeur de barbecues à la télévision mais un boxeur de haut niveau. Dans ce jeu de sport éponyme sur Game Gear vous combattez en vue à la troisième personne. Foreman for Real vous permet de réaliser nombre de coups classiques issus de la palette du boxeur idéal. Choisissez parmi les modes Exhibition ou Tournament, ou lancez-vous dans un mode Carrière et tentez de ravir le titre à George Foreman lui-même !
Frank Thomas Big Hurt Baseball (USA)	Frank Thomas Big Hurt Baseball sur Game Gear est comme son nom l'indique une simulation de base-ball. Faites des balles tournantes en tant que lanceur et tentez le homerun lorsque vous êtes en possession de la batte. Vous pouvez faire des matchs simples, disputer une saison entière ou participer aux play-offs.
Fray - Shugyou Hen (Japan)	Il s'agit d'un jeu que l'on peut qualifier de jeu de tir de type run and gun, même s'il se déroule dans un monde médiéval. Fray ne peut utiliser que son bâton, qui fonctionne comme une arme à distance et lance des projectiles. En appuyant sur le bouton d'action, il est possible d'augmenter la taille et la puissance du missile projeté. A l'exception des villes, l'écran défile verticalement lorsque Fray avance. Comme dans la plupart des jeux de tir de ce type, Fray reçoit des dégâts lorsqu'elle touche un ennemi ou qu'elle est touchée par son attaque . Fray visite des villes sur son chemin, où elle peut acheter des armes, des armures, des potions et des sorts magiques.
Fred Couples Golf (USA)	UN TROU-EN-UN !!! Prenez le départ contre Fred &quot;Boom Boom&quot; Couples, deux fois Joueur de l'Année du PGA Tour, ou jouez en tant que Fred et lancez la balle à plus de 300 yards ! Des conseils personnalisés de Fred Couples, des graphismes incroyables et 4 niveaux de difficulté font ce rêve de golfeur devenir réalité !!!
Frogger (USA) (Proto)	La version Game Gear de Frogger fut annulée pour des raisons de licence, heureusement cette version prototype à refait surface.
From TV Animation Slam Dunk - Shouri e no Starting 5 (Japan)	Slam Dunk est un jeu de basket japonais tiré de la série animée éponyme.
G-LOC - Air Battle (USA, Europe, Brazil) (En)	La Citizens Defence Force ne fait pas confiance aux Nations Unies pour maintenir la paix dans le monde troublé du 21e siècle. Elle confisque une horde d'avions et de navires de guerre et, en tant que loyaliste de l'ONU, vous avez pour mission de les abattre. Le jeu est divisé en plusieurs étapes, elles-mêmes divisées en sous-étapes sur terre et sur mer, chacune d'entre elles ayant une limite de temps stricte et un nombre cible d'avions à abattre. Vous disposez de missiles et d'armes standard. L'avion peut survivre à quelques coups. Si vous ne parvenez pas à terminer une section dans le temps imparti, vous perdrez une vie, mais le nombre d'avions abattus précédemment n'est pas réinitialisé, ce qui rend la seconde tentative plus facile. Au fur et à mesure que vous détruisez des ennemis, vous avez accès à de meilleurs avions.
Galaga 2 (Europe)	Le principe de jeu reste identique aux précédents opus : il s'agit d'un jeu de tir à écran fixe dans lequel le vaisseau contrôlé ne peut être déplacé que sur un axe horizontal au bas de l'écran. Le but du jeu est de détruire tous les insectes extra-terrestres qui se déploient à l'écran en évitant d'être percuté ou touché par leurs tirs. Cette opus implémente divers caractéristiques inédites et sa réalisation graphique et sonore est aussi plus attrayante.
Gamble Panic (Japan)	Gamble Panic est un jeu de Casino, vous y retrouverez un mode story et un mode exhibition avec 7 mini-jeux : billard, loto, différents jeux de cartes, jackpot, donne de cartes, la roulette.
Gambler Jiko Chuushinha (Japan)	Gambler Jiko Chuushin Ha est un jeu de mahjong sorti uniquement au Japon sur Game Gear. Tiré d'un manga, le soft vous propose de jouer au célèbre jeu Japonais en choisissant l'un des 24 personnages disponibles. En ce qui concerne le Gameplay, rien d'extraordinaire à part les quelques séquences d'animation de lancer de dès, il s'agit d'un jeu de mahjong comme les autres.
Garfield - Caught in the Act (USA, Europe)	Vous êtes Garfield, le chat paresseux, dans Garfield : Caught in the Act sur Game Gear. A trop regarder la télévision, vous voilà emprisonné dedans. Au cours des niveaux de plates-formes, vous devez désormais trouver les pièces de la télécommande qui vous permettra de vous échapper.
Gear Stadium Heiseiban (Japan)	Gear Stadium Heiseiban est une version améliorée de Gear Stadium (Battle Up) avec les licences japonaise officielle et les vrais noms des joueurs
Gear Works (USA)	Gear Works est un puzzle-game sur Game Gear dans lequel le but est de transformer 12 monuments connus en horloge. Pour ce faire, il faut placer judicieusement des rouages venant d'un générateur.
George Foreman's KO Boxing (USA, Europe)	Vous incarnez le champion George Foreman dans ce jeu de boxe sur Game Gear où vous devez battre des boxeurs fictifs pour remporter la ceinture dorée. George Foreman's KO Boxing propose une vue de côté et des matchs pouvant durer jusqu'à 10 rounds. A noter la possibilité de pouvoir effectuer des &quot;super punches&quot; pour envoyer l'adversaire dans les cordes et ainsi le bloquer tout en lui infligeant de sérieux coups.
GG Aleste (Japan) (En)	GG Aleste sur Game Gear est un classique du shoot'em up à défilement vertical. Détruisez tout assaillant dans des niveaux dont la configuration évolue au gré de vos tirs. De nombreuses armes sont disponibles, et il est possible d'augmenter leur puissance de feu en récupérant les bonus laissés par vos ennemis une fois détruits.
GG Aleste 3 (Japan) (En) (Aleste Collection)	GG Aleste 3 est une suite directe de GG Aleste II / Power Strike II sorti en tant que bonus spécial inclus sur la collection Aleste pour la PlayStation 4 ,Nintendo Switch et dans l'édition limitée Game Gear Micro incluse dans l'édition premium de la collection. Le jeu a été développé comme un véritable jeu Game Gear, sans être une simple re création des aspects techniques de la console.
GG Portrait - Pai Chan (Japan)	GG Portrait: Pai Chan fait partie de la série GG Portrait et contient une série d'image de Pai Chan de la série Virtua fighter Kids
GG Portrait - Yuuki Akira (Japan)	GG Portrait: Yuuki Akira fait partie de la série GG Portrait et contient une série d'image de Yuuki Akira de la série Virtua fighter Kids
GG Shinobi, The (Japan) (En)	Shinobi premier du nom sur Game Gear est un jeu d'action où vous incarnez un ninja en quête de vengeance. Vous devrez libérer d'autres camarades ninjas, qui deviendront ensuite jouables. Il vous faudra alors vous servir des spécificités propres à chacun, et choisir lequel sera le plus apte à compléter le niveau.
Global Gladiators (Europe)	Mick et Mack sont les Global Gladiators dans ce jeu de plates-formes sur Game Gear. Armés de fusils à ketchup, ils doivent éliminer les monstres dans les niveaux qu'ils traversent, tout en collectant un maximum de logos McDonald's pour pouvoir passer à la zone suivante, le tout en respectant le temps imparti.
Gojira - Kaijuu Daishingeki (Japan)	Ce jeu de stratégie est tout en japonais. Vous disposez d'une armée pour éliminer plusieurs Godzilla et autres dragons qui attaquent la ville. Il dispose de 5 niveaux fondés sur les films &quot;Godzilla Toho monster&quot;.
GP Rider (World)	Jeu de moto à la Hang-On. Seul ou à deux joueurs.
Greendog - The Beached Surfer Dude! (USA, Brazil) (En)	Greendog : The Beached Surfer Dude ! est un jeu de plates-formes sur Game Gear. Vous incarnez Greendog, un jeune surfer qui découvre un pendentif dans l'eau et décide de le porter. Manque de chance, le pendentif en question est maudit et condamne son porteur à se faire attaquer par les animaux. Greendog devra donc parcourir plusieurs niveaux tout en évitant de nombreux assauts pour lever cette malédiction.
Griffin (Japan) (En)	Griffin est un jeu dans lequel vous commandez un tank et devez tout détruire sur votre passage.
Gunstar Heroes (Japan)	Gunstar Heroes sur Game Gear est un subtil mélange de jeu de tir et de jeu de plates-formes. Vous incarnez seul ou à deux, les Gunstar Heroes, en charge d'empêcher le redoutable Colonel Red de libérer une créature immonde. Vous choisissez parmi quatre armes, qui peuvent être associées à d'autres. Vous avez aussi la possibilité de faire usage de vos poings et de balancer vos ennemis. Des boss colossaux seront à battre pour terminer le jeu.
Halley Wars (USA, Europe, Brazil) (En)	Halley Wars sur Game Gear se situe au milieu du 21ème siècle. Vous pilotez un vaisseau spatial spécialement étudié pour combattre le seigneur Halley et ses armées qui menacent la Terre. Vous devrez éliminer les boss, mais aussi détruire les comètes afin d'éviter toute menace pour la survie de l'humanité.
Head Buster (Japan)	Head Buster sur Game Gear vous propose de mener des robots dans un sport futuriste qu'est tout simplement le combat de robots. Chaque partie débute au magasin où vous faites vos emplettes, puis s'engage la phase tactique où vous disposez votre équipe sur le terrain. Lorsque les unités ennemies et les vôtres sont suffisamment proches, le combat débute.
Home Alone (USA, Europe, Brazil) (En)	Home Alone sur Game Gear, adapté du film &quot;Maman J'ai Râté l'Avion !&quot;, vous met dans la peau de Kevin McCallister, dont les parents sont partis en vacances en l'oubliant. Kevin se retrouve donc seul chez lui. Vous devez tendre des pièges dans et autour de la maison afin d'éviter que des cambrioleurs ne s'y introduisent.
Honoo no Toukyuuji - Dodge Danpei (Japan)	Dan Ichigeki est un petit garçon au Japon, et il a un don rare, il est un maître du dodgeball à un aussi jeune âge. Son père était l'un des plus grands joueurs de dodgeball de l'histoire, et il semble que Dan a hérité de ces capacités...
Hook (USA)	Hook sur Game Gear est un jeu de plates-formes inspiré du film Hook : La Revanche du Capitaine Crochet. Le joueur incarne Peter Banning (Peter Pan adulte) et doit sauver ses enfants, kidnappés par le Capitaine Crochet. 11 niveaux durant, traversez villages, plaines et forêts et usez de vos pouvoirs spéciaux afin de rendre aux enfants leur liberté.
Hurricanes (Europe)	Jeu sur la base de la bande dessinée Hurricanes. Vous jouez un des joueurs de l'équipe et détruisez vos ennemis en tirant dans un ballon.
Hyokkori Hyoutan-jima - Hyoutan-jima no Daikoukai (Japan)	Hyokkori Hyoutan-jima - Hyoutan-jima no Daikoukai est un jeu d'action qui prend place dans l'univers des marionnettes du show télévisé japonnais Hyokkori Hyoutanjima
Hyper Pro Yakyuu '92 (Japan)	Hyper Pro Yakyuu '92 est un jeu de baseball sortie uniquement au Japon
Incredible Crash Dummies, The (World)	Un jeu avec cascades et accidents garantis. Vous allez vous éclater! Une véritable avalanche de rires sur les pistes de ski, la chute sur le boulevard après le saut, une bouffée de bonne humeur pendant les tests des sacs à air comprimé. Vous vous éclaterez sans aucun doute avec The Incredible Crash Dummies! Ils sont peut-être un peu fous ... mais The Incredible Crash Dummies se mettront en quatre pour que vous vous amusiez bien.
Incredible Hulk, The (USA, Europe)	Dans le rôle de The Incredible Hulk, vous devez affronter et vaincre forces malefiques de The Leader. Des plans ont été élaborés pour produire une armée biochimique destructice, et The Leader s'est allié avec vous ennemis les plus redoutables: Tyrannus, Absorbing Man, Abomination, et Rhino! Tout cela pour dominer le monde! The Leader vous attend!
Indiana Jones and the Last Crusade (USA, Europe, Brazil) (En)	Indiana Jones and the Last Crusade sur Game Gear est un jeu de plates-formes tiré du film éponyme. Vivez les aventures du célèbre archéologue et combattez les nazis au poing ou au fouet. Au-delà de la quête principale, à savoir la recherche du Graal, Indiana traverse différentes scènes du film dans lesquelles il doit trouver la croix de Conorado, un bouclier ainsi que son journal.
Iron Man X-O Manowar in Heavy Metal (USA)	Iron Man and X-O Manowar in Heavy Metal sur Game Gear vous propose d'incarner les deux héros de comics dans un jeu d'action inspiré de leurs univers respectifs. Comme le veut la tradition dans ce type de jeu, il vous faudra en découdre avec de nombreux boss de fin de niveau.
Itchy & Scratchy Game, The (USA, Europe)	Ce jeu est basé sur les personnages Itchy et Scratchy, qui apparaissent dans la série Les Simpson. Il y a 7 niveaux dans le jeu : Juracid Bath (Monde Préhistorique) The Medieval Dead (Château Médiéval) Mutilation on the Bounty (Bateau de pirates) The Pusseidon Adventure (Sous la mer) The Magnificent Severed (Le vieil Ouest) A Site For Sawed Eyes (Site de construction) Disassembly Line (Usine)
J.League GG Pro-Striker '94 (Japan)	J.League GG Pro Striker '94 est un jeu de football avec les joueurs officiels de la league japonaise de 1994
J.League Soccer - Dream Eleven (Japan)	J.League Soccer - Dream Eleven est un jeu de football disposant de la licence de la Japan League
James Bond 007 - The Duel (Europe)	Armé de votre fidèle Walther PPK affrontez vos ennemis pour empêcher un professeur fou de devenir maître du monde...
James Pond 3 - Operation Starfi5h (Europe)	Vous contrôlez Pond, une créature marine, qui peut courir très vite et qui doit trouver la sortie des niveaux du jeu. Il faudra à nouveau affronter le savant maléfique Maybe qui fait encore des siennes. Plusieurs objets peuvent être ramassés pour améliorer les compétences de Pond pendant un cours moment et il faudra prendre garde à bien maîtriser son allure.
James Pond II - Codename RoboCod (USA)	Dans cette aventure, qui fait suite à James Pond: Underwater Agent, James Pond, alias RoboCod, doit déjouer les tours de Dr Maybe qui a plastiqué les fabriques de jouets situées au Pôle Nord.
Jeopardy! (USA)	Jeopardy! est un jeu vidéo de quiz basé sur l'émission Jeopardy!. Il est sorti sur plusieurs plates-formes sorti telle que la Nintendo Entertainment System, Mega Drive, Mega-CD et Super Nintendo, Nintendo 64, PlayStation, et PlayStation 2, ainsi que sur plusieurs consoles portables dont la Game Boy, la Game Gear et la Game.com. Des versions PC, Apple II et Commodore 64, CD-i ont également vu le jour.
Jeopardy! - Sports Edition (USA)	Jeopardy : Sports Edition est un jeu de réflexion sur Game Gear basé sur le célèbre jeu télévisé du même nom. Cette édition propose une variété de questions sur le thème du sport et il est possible d'y jouer seul contre l'ordinateur ou avec un ami. Le principe reste le même, on vous donne une question et à vous de trouver la réponse qui s'y rapporte. Vous perdez de l'argent à chaque erreur et vous choisissez vos réponses avec la manette à l'aide d'un clavier virtuel.
Joe Montana Football (USA, Europe)	Le football américain est arrivé! &quot;Joe Montana Football&quot; vous présente la stratégie et l'action trépignante du football professionnel, accompagnées de quelques conseils de Joe Montana, le meilleur quart-arrière jamais vu! Vous êtes l'entraîneur et la star dans ce nouveau sport plein de suspens que vous offre Sega!
Journey from Darkness - Strider Returns (USA, Europe)	Strider II sur Game Gear place le joueur dans la peau de Strider, guerrier émérite, appelé à la rescousse par le peuple de la planète Magenta. Vous devez progresser à travers forêts, bâtiments désaffectés et autres prisons. Vif et agile, Strider vous permet de vous accrocher et de grimper aux parois, tout en faisant usage de votre laser-gun.
Judge Dredd (USA, Europe)	Judge Dredd sur Game Gear est un jeu d'action tiré du comic du même nom. Les premiers niveaux de jeu suivent l'histoire du film de 1995 puis laissent la place à des aventures issues du comics. Le point d'orgue de l'aventure est la bataille contre les Dark Judges.
Junction (USA)	Junction est un jeu de réflexion sur Game Gear. Le but étant de faire parcourir un chemin à une boule qui avance constamment. Vous devez donc faire en sorte qu'il y ait toujours un chemin devant elle afin qu'elle puisse atteindre la sortie du niveau. Pour cela, vous devez placer des cases et préparer son parcours. Le déplacement des cases se fait suivant le principe du taquin.
Jungle Book, The (USA)	Le Livre de la Jungle sur Game Gear est l'adaptation du film de Disney de 1967, lui-même inspiré du livre écrit par Rudyard Kipling. Vous incarnez Mowgli et devez ramasser des fruits, grimper aux arbres et combattre les ennemis de l'histoire comme Sher Khan. Le jeu permet de replonger dans l'univers d'un des classiques de Disney en retrouvant tous ses personnages et ses décors.
Jungle Strike (USA)	Cette suite à Desert Strike reprend le même principe, mais ajoute de nouveaux décors et de nouveaux véhicules. Vous disposez au départ d'un hélicoptère de combat Apache, armé comme dans le premier épisode : deux types de missiles et un canon mitrailleur. Vous allez devoir mener à bien un certain nombre de campagnes, elles-mêmes découpées en missions. Vous devrez protéger des monuments historiques, détruire des radars mobiles, escorter l'hélicoptère présidentiel, etc. Au fil des missions, vous découvrirez deux autres véhicules : un hydroglisseur et un chasseur furtif. Mais n'espérez pas les contrôler dès le départ : ce n'est qu'après des heures de jeu que vous les aurez bien en mains. Heureusement, vous n'êtes pas seul, et votre copilote vous apportera toute l'aide possible pour mener à bien les différentes missions.
Jurassic Park (USA, Europe, Brazil) (En)	Jurassic Park sur Game Gear vous propose d'incarner le professeur Alan Grant que vous devrez guider à pied ou en véhicule, à travers l'île sur laquelle des dinosaures vivent désormais en liberté. Tous n'étant pas remplis de bonnes intentions à votre égard, il vous faudra, et Brigitte Bardot le déplore, user de votre arme à feu contre ces êtres d'un temps que les moins de 60 millions d'années ne peuvent pas connaître.
Kaitou Saint Tail (Japan)	Kaitou Saint Tail est un jeu d'action basé sur la série animée du même nom (1994).
Kawasaki Superbike Challenge (USA)	Kawasaki Superbike Challenge est une simulation de course de moto. Le jeu inclut la fameuse course d'endurance &quot;Suzuka 8 Hours&quot; en plus des circuits classiques disponibles dans les modes Entraînement et Championnat. La licence Kawasaki permet de jouer avec de véritables pilotes et écuries. Le mode Turbo est toujours présent pour encore plus de sensation.
Kenyuu Densetsu Yaiba (Japan)	Le jeu est basé sur la série animée &quot;The Legend of Swordsman Yaiba&quot;. Yaiba Kurogane a été élevé par son père dans une jungle pour devenir un guerrier samouraï. Lorsque Yaiba arrive à Tokyo pour poursuivre sa formation, il rejoint la maison de l'ancien rival de son père, Raizou. Plus tard Yaiba rencontrera Takeshi Onimaru, un apprenti épéiste au talent exceptionnel, qui deviendra bientôt son plus grand rival. Un jour Onimaru découvre une trappe menant à une pièce secrète où il trouve deux énormes statues de dieux antiques - Fuujin, le dieu du vent, et Raijin, le dieu de la foudre. Onimaru réalise que les épées de ces dieux détiennent un immense pouvoir mais il en manque une. Il se lance dans un voyage pour trouver donc l'autre épée provoquant l'apparition des forces du mal...
Kinetic Connection (Japan) (En)	Kinetic Connection est un jeu de puzzle Sega Game Gear sorti uniquement au Japon. Il semble faire partie d'une série de jeux de Sadato Taneda. Dans le jeu, vous devez reconstruire une boucle de vidéo brouillé en échangeant des tuiles en rotation.
Kishin Douji Zenki (Japan)	Il y a plus de mille ans une sorcière nommée Ozuno (parfois Ozunu, ou même Oz-Nay) a lutté contre le mal avec l'aide de la divinité gardienne Zenki, et ils ont vaincu le démon Karuma. Aujourd'hui est présent la descendante de Ozuno Chiaki et celle ci est capable de prendre la forme d'un enfant, elle doit utiliser un bracelet magique pour ce transformer dans le style Super Saiyan - dans sa forme la plus puissante du passé. Un jour, Karuma réapparaît et est donc de retour sous la forme de graines qui ressemblent à des yeux géants et qui doit détruire Zenki ...
KLAX (USA, Europe)	Klax sur Game Gear est un puzzle-game dans lequel il vous faut disposer des blocs de couleur arrivant sur un tapis, de manière précise visant à les éliminer. Il disparaissent par groupe de 3 minimum, et ce verticalement, horizontalement, et diagonalement. Plus vous avancez dans le jeu, plus le nombre de blocs de couleurs différentes s'accroit.
Krusty's Fun House (USA, Europe)	Krusty's Fun House sur Game Gear est un jeu de réflexion dans lequel vous incarnez le clown pathétique des Simpsons. La maison de Krusty a été envahie par des rats et il vous incombe la tâche de les faire partir en les dirigeant vers des pièges. Pour ce faire, manipulez judicieusement les éléments de l'environnement de manière à conduire les rongeurs dans la bonne direction.
Kuni-chan no Game Tengoku (Japan)	Kuni-chan no Game Tengoku et une compilation de jeux avec en guest star l'actrice japonaise Kuniko Yamada. Ce jeu est en 2 parties.
Kuni-chan no Game Tengoku Part 2 (Japan)	Kuni-chan no Game Tengoku Part 2 est la seconde parte de la compilation de jeux avec en guest star l'actrice japonaise Kuniko Yamada.
Land of Illusion Starring Mickey Mouse (USA, Europe, Brazil) (En)	Dans Land of Illusion starring Mickey Mouse sur Game Gear vous incarnez la célèbre souris qui se retrouve dans un étrange village fantasmagorique. Empêchez le fantôme du château d'imposer sa magie noire au village dans ce jeu de plates-formes où le temps vous est compté.
Last Action Hero (USA)	Last Action Hero sur Game Gear est inspiré du film du même nom mettat en scène Arnold Schwarzenegger. Vous êtes Jack Slater, un héros de films d'action, qui doit tout faire pour empêcher le cruel Benedict de s'emparer du ticket de cinéma magique, permettant de passer de l'écran à la réalité.
Legend of Illusion Starring Mickey Mouse (USA, Europe)	Legend of Illusion starring Mickey Mouse sur Game Gear met en scène la célèbre souris devant défendre un royaume victime d'une mystérieuse ombre. Le roi Pete vous charge de pénétrer dans celle-ci afin de l'explorer et de l'éloigner. Voici la trame de fond de ce jeu de plates-formes où vous serez armé d'un fusil pour vous défendre tout au long de niveaux variés.
Lemmings (World)	Votre tâche dans Lemmings sur Game Gear est de secourir les petites créatures aux cheveux verts sur 120 niveaux. Un pourcentage d'individus à maintenir en vie vous est indiqué pour chaque mission. A vous de vous adapter à la configuration du terrain de jeu en assignant des tâches telles que creuser, construire un escalier ou encore bloquer le passage dans l'optique de ramener à bon port vos infatigables Lemmings.
Lemmings 2 - The Tribes (Europe) (Proto)	Le principe du jeu reste inchangé par rapport à Lemmings : le joueur doit guider des lemmings - petites créatures humanoïdes - d'un bout à l'autre de niveaux à la difficulté croissante. Pour qu'ils puissent survivre aux difficultés du parcours (cul de sac, ravin, pièges...), le joueur doit leur attribuer des aptitudes : creuser, construire un escalier, utiliser un parachute, etc. Il existe un ensemble de niveaux d'entrainements permettant de se familiariser avec les nombreuses aptitudes.
Lion King, The (USA, Brazil) (En)	Le Roi Lion est l'adaptation sur Game Gear du film de Disney sorti en 1994. Vous parcourez la savane avec Simba, de son plus jeune âge jusqu'à son retour dans la tribu des lions à l'âge adulte. Tous les personnages et passages du film sont présents, de même que les musiques qui permettent aux nostalgiques de plonger pleinement dans l'univers d'un des classiques de Disney.
Lost World, The - Jurassic Park (USA)	Dans The Lost World: Jurassic Park, le ou les joueur(s) doivent rejoindre Ian et Sarah au laboratoire, afin de soigner un jeune dinosaure blessé. La route est longue et dangereuse, surtout quand on sait que les parents du dinosaure blessé veulent le récupérer à tout prix.
Lucky Dime Caper Starring Donald Duck, The (USA, Europe, Brazil) (En)	The Lucky Dime Caper starring Donnald Duck sur Game Gear vous propose d'incarner le canard facétieux à la recherche de Riri, Fifi et Loulou qui ont été enlevés. Vous traverserez la forêt canadienne, l'Amérique Centrale ou encore le Pôle Sud et l'Egypte dans ce jeu de plates-formes où les &quot;continues&quot; sont illimités.
Lunar - Sanposuru Gakuen (Japan)	Lunar: Sanposuru Gakuen, se détache considérablement de ses confrères sur Mega-CD, Saturn ou Playstation et nous offre le premier spin-off de la saga. Nous sommes en 1996, en fin de vie de la célèbre Game Gear. L'histoire débute dans le village de Burg, environ 300 ans avant les événements de The Silver Star, où nous retrouvons Ellie et Lena, nos deux héroïnes. Celles-ci ont la particularité de posséder d'excellentes prédispositions à la magie. C'est pourquoi un certain Glen leur demande de se rendre dans l'École Magique de Ien, une île volante, afin de développer leurs capacités. Une semaine plus tard, les voici sur l'île aux côtés de nombreux autres étudiants. Les cours peuvent commencer…...
Madden 96 (USA, Europe)	Madden NFL 96 sur Game Gear est en tout point similaire à sa version antérieure à l'exception évidente que vous aurez la possibilité de jouer avec les équipes présentes en NFL en 1995. Vous pouvez choisir d'effectuer un match simple, une saison complète ou de disputer le Super Bowl. Enfin, la principale nouveauté de cet opus réside dans l'ajout de voix digitalisées.
Madden NFL 95 (USA)	Madden NFL 95 sur Game Gear vous offre la possibilité de jouer avec toutes les équipes de la NFL de 1994. Vous pouvez choisir entre le match simple, le championnat, les playoffs ou encore le Super Bowl. Le jeu permet aussi de choisir les conditions climatiques dans lesquelles vous voulez jouer. Enfin, chose bien plus intéressante encore dans ce genre de simulation, plus de 100 blessures pourront être infligées !
Madou Monogatari A - Dokidoki Vacation (Japan)	Arle Nadja va dans une forêt près de la maison de sa grand-mère , mais, distraite, se perd en chemin. Dotée du pouvoirs des fées de la forêt magique , qui lui enseignent ses multiples sorts, elle devra retrouver sa route.
Madou Monogatari I - 3tsu no Madoukyuu (Japan)	Madou Monogatari I sur Game Gear vous permet d'incarner une jeune apprentie sorcière nommée Arle. Vous devez sortir vivant de la Tour du Diable que vous explorerez en 3D à la première personne. Les combats se déroulent au tour par tour.
Madou Monogatari II - Arle 16-Sai (Japan)	Onze années se sont écoulées depuis la dernière aventure d'Arle. Dans Madou Monogatari II : Arle 16-sai sur Game Gear, vous incarnez à nouveau la jeune fille apprentie sorcière qui a été enfermée dans un donjon peuplé de créatures pas vraiment sympathiques. La jouabilité est identique à la version précédente, en ce sens, vous évoluerez dans des lieux en 3D, en vue à la première personne. Les combats se déroulent toujours au tour par tour.
Madou Monogatari III - Kyuukyoku Joou-sama (Japan)	Arle Nadja est désormais une magicienne émérite. Madou Monogatari III : Kyuukyoku Joou-sama sur Game Gear vous met au défi, comme les deux jeux précédents, de sortir vivant d'un donjon peuplé de créatures qui tenteront de vous barrer la route. Vous devrez les battre dans des combats au tour par tour et évoluerez dans des dédales en 3D.
Magic Knight Rayearth (Japan)	La Princesse Emeraude, garante de la paix au Royaume Cephiro a été kidnappée. Magic Knight Rayearth sur Game Gear vous propose d'incarner trois chevaliers qui devront battre le seigneur Zagato et toutes les créatures qui ont envahi le royaume pour sauver la princesse et rétablir la paix.
Magic Knight Rayearth 2 - Making of Magic Knight (Japan)	Mahou Kishi Rayearth 2: Making of Magic Knight est un jeu différent des autres jeux de la série des Magic Knight Rayearth tout en étant considéré comme une suite. Alors que les autres jeux sont des RPG, ce jeu est un jeu de stratégie. Le principe des joueurs est de former Hikaru, Fuu, et Umi pour devenir en fin de compte un Magic Knights. Le jeu est surtout pilotée depuis un menu avec diverses activités dans le jeu qui ne sont pas directement contrôlables.
Magical Puzzle Popils (World)	Magical Puzzle Popils est un puzzle game dans lequel vous devez rejoindre (ou vous faire rejoindre) par votre princesse enfermée par le sorcier de la foret &quot;Popil&quot;. Pour cela vous pourrez détruire des blocs de pierre, escalader des échelles et passer au travers de portails.
Magical Taruruuto-kun (Japan)	Magical Taruruto-kun est un jeu d'action plates-formes en 2D. Il s'agit d'une des adaptations du manga et anime Talulu le magicien de Tatsuya Egawa. Le monde est représenté par carte qui donne accès à 5 niveaux à défilement horizontal ainsi qu'à des mini-jeux. Talulu le magicien peut attaquer à l'aide de sa langue. Il peut aussi manger des Takoyaki le long des niveaux.
Majors, The - Pro Baseball (USA)	The Majors Pro Baseball est un jeu de Baseball.
Man Overboard! (Europe)	Sink or Swim, connu également sous le nom S.S. Lucifer : Man Overboard !, est un jeu de réflexion sur Game Gear. Vous êtes Kevin Codner, secouriste à la rescousse des passagers du navire de croisière SS Lucifer. Dans chacun des 60 niveaux, vous devez ouvrir le chemin vers la sortie. Les passagers se déplacent sans prendre garde et il faut sans cesse les devancer pour n'en perdre aucun. Mais attention à ne pas confondre vitesse et précipitation, sous peine d'avoir des morts sur la conscience.
Mappy (Japan)	Dans Mappy, on dirige une souris policière qui doit récupérer des objets que des chats cambrioleurs (Mewkies) ont dérobé. Il faut donc se créer un chemin dans une demeure, tout en évitant de toucher ses ennemis sous peine de perdre une vie. Chaque tableau comporte des trampolines qui permettent d'accéder aux étages et surtout de ne pas se faire toucher par les chats. Cependant ces trampolines ont une durée de vie limitée et il faudra les utiliser avec parcimonie. Autre subtilité, en ouvrant certaines portes, un appel d'air se dégage permettant d'éliminer les ennemis en face de celles-ci. Mappy est certes un jeu arcade dont le but et de récolter le plus de points mais aussi résolument réfléchi demandant une bonne dose de réflexe pour se tirer de situation délicate.
Marble Madness (USA, Europe)	Une adaptation du jeu d'arcade. Marble Madness est un jeu de labyrinthe abstrait pour un ou deux joueurs selon la plateforme. Le but est de guider une petite bille de verre à travers un labyrinthe tridimensionnel et d'atteindre la ligne d'arrivée avant la fin du temps imparti. Les secondes restantes sur le chronomètre lorsque la ligne d'arrivée est franchie sont transférées au niveau suivant. En plus de devoir faire naviguer la bille sur des passerelles et des rampes dangereuses, de nombreux obstacles et des créatures hostiles tenteront de ralentir la progression de la bille ou de la faire tomber du bord d'une plate-forme, faisant perdre encore plus de précieuses secondes jusqu'à ce qu'une bille de remplacement apparaisse.
Marko's Magic Football (Europe) (En,Fr,De,Es)	Marko's Magic Football est un jeu de plates-formes sur Game Gear. Vous contrôlez Marko, qui doit à tout prix arrêter le Colonel Brown qui transforme les gens en mutants. Armé de votre ballon magique, il faudra traverser tous les niveaux du jeu en faisant plusieurs tricks de football pour vous débarrasser de vos ennemis.
Mega Man (USA)	L'édition Game Gear de Mega Man est un mélange des épisodes 4 et 5 sortis sur Nes. La cartouche se distingue également par un niveau de difficulté plus élevé puisqu'elle n'autorise pas la poursuite d'une partie après un game over. Dans ce jeu d'action plate-forme, le héros doit affronter une série de robots de combats, chacun doté d'un pouvoir différent. Une fois terrassé, Mega Man peut s'emparer dudit pouvoir pour l'utiliser à son compte dans la suite de son parcours.
Megami Tensei Gaiden - Last Bible (Japan)	Revelations : The Demon Slayer est un jeu de rôle sur Game Gear. Les humains dans ce soft peuvent faire appel à la puissance de Gaia. Le héros principal, El, apprend l'art de Gaia et doit sauver le monde d'un méchant maître Gaia aidé par ses amis Kishe et Uranus.
Megami Tensei Gaiden - Last Bible Special (Japan)	Megami Tensei Gaiden : Last Bible Special est un jeu de rôle sur Game Gear. Les humains dans ce soft peuvent faire appel à la puissance de Gaia. Le héros principal, El, apprend l'art de Gaia et doit sauver le monde d'un méchant maître Gaia aidé par ses amis Kishe et Uranus.
Mickey's Ultimate Challenge (USA)	Mickey s'est endormi en lisant un livre de conte de fées. Il se réveille dans le Royaume de Beanwick, victime d'incessants tremblements de terre. Dans sa grande gentillesse qui lui est propre, la souris offre ses services pour percer le mystère. Mickey's Ultimate Challenge sur Game Gear se présente comme un jeu à énigmes où Mickey rencontre des personnages du royaume qui ont tous un petit problème à régler. Un fois le service rendu, ceux-ci vous guideront dans votre quête.
Micro Machines (USA, Europe)	MicroMachines sur Game Gear vous propose de diriger les petits véhicules de la marque, dans des courses fun et variées au beau milieu d'une baignoire, d'un bureau, ou d'une table à manger. Les courses incluant jusqu'à 4 concurrents. Si l'un d'eux tombe du circuit où se fait trop distancer, il perd un point.
Micro Machines 2 - Turbo Tournament (Europe)	MicroMachines 2 : Turbo Tournament est un jeu de courses sur Game Gearqui vous met aux volants des fameux bolides miniatures. Le but est d'arriver premier en prenant soin de distancer les autres joueurs pour leur faire perdre des points.
Mighty Morphin Power Rangers (USA, Europe)	Mighty Morphin Power Rangers sur Game Gear vous propose d'incarner les héros de la série télévisée à succès des années 90. Vous incarnez l'un des cinq Power Rangers (dont le vert sera à débloquer) dans des phases de combat contre les monstres de Rita. La deuxième phase du combat démarre lorsque celle-ci décide de faire grandir son monstre. Vous invoquez alors le Megazord et prenez ses commandes dans un combat titanesque.
Mighty Morphin Power Rangers - The Movie (USA, Europe, Brazil) (En)	Le jeu Power Rangers The Movie reprend des passages clés du film, tel la 1re rencontre avec Ivan Ooze, l'obtention des Ninja Coins par les Rangers et le duel final du Film, mais aussi un retour sur l'épisode White Light dans lequel Tommy-Ranger Blanc apparait dans la série, un retour sur l'épisode Power Transfer qui se recentre sur la passation de pouvoir de Jason, Trini et Zack à Aisha, Adam et Rocky, et un niveau inédit où les rangers doivent battre successivement Goldar et Lord Zedd(non vu dans la série)
MLBPA Baseball (USA)	MLBPA Baseball est un jeu de baseball, n'ayant pas la licence officielle, le titre propose de faire des matches entre 28 équipes fictives représentant des villes des Etats-Unis.
Moldorian - Hikari to Yami no Sister (Japan)	Les humains et les démons vivent à chaque extrémité du monde de Moldoria. Jusqu'au jour ou Milia est enlevé par un démon. Vous êtes Nabal, son ami, et vous partez à sa recherche.
Monster Truck Wars (USA, Europe)	Monster Truck Wars est un jeu de course dans lequel vous êtes au volant de monstres d'acier gigantesques capables de rouler sur des voitures. Présenté en vue du dessus à la Micro Machines, le soft propose plusieurs tracés à travers l'Amérique du Nord et différents véhicules à l'apparence distincte. Jouable uniquement en solo, Monster Truck Wars permet également de customiser ou de réparer votre engin avec l'argent gagné en championnat si vous parvenez à vous qualifier aux différentes épreuves.
Mortal Kombat (USA, Europe)	Battez vos adversaires pour défier le guerrier Shokan nommé Goro, champion du tournoi depuis plus de 500 ans. Adaptation du célébrissime jeu d'arcade, Mortal Kombat sur Game Gear vous permet d'incarner 8 prétendants à la victoire finale, dont les protégés du seigneur Raiden, seuls remparts contre la menace qui pèse sur le Royaume de la Terre.
Mortal Kombat 3 (Europe)	Shao Kahn est sorti vainqueur du précedent Mortal Kombat. Le Royaume de la Terre n'est plus. Vous devrez dans Mortal Kombat 3, affronter à nouveau les poulains de Shang Tsung, ainsi qu'une redoutable adversaire, la Reine Sindel. De nouveaux mouvements et la possibilité de courir ont été ajoutés à cet opus qui clôt la trilogie sur Game Gear.
Mortal Kombat II (World)	Mortal Kombat II, est un jeu de combat sur Game Gear. Combos, fatalités et autres coups spéciaux, tels sont les ingrédients qui fondent le succès d'un jeu réputé pour la violence de ses affrontements. Le joueur incarne l'un des 12 personnages et doit vaincre un par un l'ensemble de ses concurrents directs pour gagner le tournoi et mettre un terme au règne du maléfique Shao Kahn.
Ms. Pac-Man (USA)	Ms. Pac-Man sur Game Gear est un jeu d'arcade dans lequel vous dirigez une petite boule jaune dans un labyrinthe infesté de fantômes à votre poursuite. A vous de leur échapper tout en ramassant les pac-gommes sur votre chemin. Attrapez des bonus afin de pourchasser les fantômes à votre tour et les dévorer pendant un court laps de temps. Mais attention à leur course aléatoire !
Nazo Puyo (Japan)	Nazo Puyo sur Game Gear est un puzzle-game dans lequel vous devez disposer des blocs de petits haricots colorés de manière à réaliser des regroupements de couleur qui vous rapporteront des points. Le jeu suit les lois de la pesanteur dans le sens où lorsqu'un haricot n'est plus soutenu, il tombe, ce qui permet de réaliser des enchaînements qui prennent tout leur sens en multijoueurs.
Nazo Puyo - Arle no Roux (Japan)	Le jeu de rôle japonais Nazo Puyo : Aruru No Ruuu sur Game Gear propose au joueur d'incarner Arle, une fillette qu'il va devoir aider à retrouver les ingrédients nécessaires à l'élaboration de son dîner. Le jeu mélange RPG et puzzle-game. Arle est également la protagoniste du jeu &quot;Puyoyo&quot;.
Nazo Puyo 2 (Japan)	Nazo Puyo 2 sur Game Gear poursuit dans la lignée de son prédécesseur. Il s'agit toujours de disposer des haricots multicolores de manière à les faire disparaître et à réaliser des enchaînements qui auront raison de votre adversaire.
NBA Action Starring David Robinson (USA, Brazil) (En)	NBA Action starring David Robinson sur Game Gear vous propose de jouer une saison entière en classique cinq contre cinq avec les 27 équipes de la NBA de 1994. Le jeu requiert une connaissance minimum des règles et des stratégies du basket-ball.
NBA Jam (USA, Europe)	NBA Jam sur Game Gear est le premier jeu de basket à proposer de jouer avec des joueurs professionnels mais avec les règles de la rue. Les matches se disputent donc en deux contre deux et les fautes sont presque absentes. En revanche, les actions sont volontairement irréalistes, afin de pouvoir admirer ses stars de NBA préférées réaliser des dunks de plusieurs mètres de hauteur, tout en faisant des figures spectaculaires.
NBA Jam - Tournament Edition (World)	NBA Jam : Tournament Edition sur Game Gear reprend le principe de NBA Jam sorti quelques mois plus tôt en ajoutant un mode tournoi. Les matches se disputent toujours en deux contre deux, avec des règles atténuées au profit de l'action. L'intérêt du mode tournoi réside dans les bonus à débloquer, à savoir deux nouveaux joueurs pour pratiquement toutes les équipes ainsi qu'un mode de difficulté supérieur.
Neko Daisuki! (Japan)	Pet Club: Neko Dai Suki! est un jeu de simulateur de chat domestique comme le célèbre Nintendogs mais avec des chats.
NFL '95 (USA)	NFL '95 sur Game Gear reprend la licence officielle de la National Football League, soit la Ligue US de Football Américain. Les équipes de l'époque, qui sont au nombre de 28, y sont donc toutes représentées. Vous pouvez contrôler le quarterback mais aussi le receveur dans les différentes phases de jeu.
NFL Quarterback Club (World)	NFL Quarterback Club '95 est un jeu de football américain sur Game Gear. Choisissez parmi la multitude d'équipes disponibles et foncez sur le terrain afin de remporter le championnat.
NFL Quarterback Club 96 (USA)	NFL Quarterback Club 96 est une simulation de football américain. Toutes les équipes NFL de la saison 1996 sont présentes. Le jeu contient 32 tactiques offensives et 16 défensives. Les différents modes de jeu sont : pré-saison, play-off ou saison complète, dans lequel vous devez battre 18 équipes avant de pouvoir accéder au Super Bowl.
NHL All-Star Hockey (USA)	NHL All-Star Hockey est un jeu de hockey sur glace sortie exclusivement aux états unis. Il s'agit de la version portable de NHL All-Star Hockey '95 sortie sur Megadrive allégée de quelques éléments pour coller au hardware de la Game Gear
NHL Hockey (USA, Europe)	NHL Hockey sur Game Gear vous permet de choisir parmi les 24 équipes et 500 joueurs de la NHL 94. Vous pouvez jouer une saison entière ou créer votre propre ligue qui peut inclure jusqu'à 24 équipes. A noter la présence des voix digitalisées qui contribuent à l'immersion dans le jeu.
Ninja Gaiden (USA, Europe, Brazil) (En)	Ninja Gaiden (Shadow Warriors sur d'autres supports) est un beat'em all sorti sur Game Gear. Vous êtes Ryu, un ninja moderne, et vous devez partir en Amérique pour découvrir qui a tué votre père. Vos recherches vous conduiront dans un scénario surnaturel.
Ninku (Japan)	Ninku est un soft de combat adapté du manga éponyme de Koji Kiriyama. La particularité de ce titre est qu'il s'agit d'un jeu de combat fortement scénarisé avec de nombreux dialogues et des scènes présentant les enjeux des duels retraçant le scénario du manga. Les personnages de la série sont tous jouables au fur et à mesure de la progression à commencer par le jeune héros de douze ans Fuusuke. Les affrontements se déroulent sur un même plan horizontal et il est possible d'asséner des combos de coups de pied et de poings ainsi que des attaques sautées et spéciales.
Ninku 2 - Tenkuuryuu-e no Michi (Japan)	Ninku 2: Tenkuryu-e no Michi et la suite de Ninku tiré du manga éponyme
Ninku Gaiden - Hiroyuki Daikatsugeki (Japan)	Ninku Gaiden - Hiroyuki Daikatsugeki est un jeu de reflexion à la &quot;Pengo&quot; ou vous devez pousser des blocks pour sortir d'une pièce. Il est aussi tiré du manga Ninku
Off the Wall (USA) (Proto)	Off the Wall est un jeu d'arcade d'Atari sorti en 1991, il partage le gameplay avec le classique d'Atari Breakout. Tengen a développé un portage sur Game Gear prévu pour une sortie en 1993. Il a été présenté dans quelques magazines de jeux video ainsi qu'au CES d'été de 1992 mais a été annulé sans aucune explication. Depuis un prototype a été trouvé et dumpé. Aucune autre version d'Off the Wall n'a été sortie (une version PC Engine était prévue mais a aussi été annulée) bien qu'un jeu similaire sur Atari 2600 (mais aucunement lié) soit sorti en 1989 par Atari Corporation.
Olympic Gold (Japan, USA, Brazil) (En,Fr,De,Es,It,Nl,Pt,Sv)	Olympic Gold : Barcelona '92 sur Game Gear est le jeu officiel des 25èmes olympiades qui se sont tenues à Barcelone en 1992. Vous pourrez concourir dans sept disciplines telles que : 100m, lancer de marteau, saut à la perche, plongeon, 200m nage libre, tir à l'arc et enfin le 110m haies. Vous devrez marteler le plus rapidement possible les boutons de votre pauvre console portable pour réaliser de bonnes performances.
Ottifants, The (Europe) (En,Fr,De,Es,It)	&quot;The Ottifants&quot;, le jeu, est basé sur le dessin animé éponyme en 13 épisodes, diffusé sur RTL, en Allemagne en 1993. Celui-ci est lui-même tiré d'une bande dessinée créée, dans les années 70, par Otto Waalkes. Bruno, le bébé Ottifant, est très ennuyé. Son père a été kidnappé par des étrangers ! Du moins c'est ce qu'il pense, en suivant la trace des bonbons tombés de la serviette de son père, sur le chemin du bureau (au passage, sachez qu'un niveau se déroule à la cave?). Avant qu'il ne termine sa mission de sauvetage, il devra braver une armée mutante de jouets, de machines et de plantes ? des monstres aux yeux du bébé Otti
OutRun (Europe, Brazil) (En)	OutRun sur Game Gear est l'adaptation de la célébrissime version arcade. Vous êtes au volant d'une rutilante Ferrari Testarossa, avec à vos côtés une jolie blonde que vous tenterez d'épater grâce à vos talents de pilote.
OutRun Europa (USA)	Le troisième jeu de la série Out Run, qui a révolutionné le style de jeu de course à la troisième personne. Les niveaux se déroulent à travers l'Europe, alors que l'agent secret Simeon Kurz tente de récupérer sa voiture volée (et, plus important encore, les documents top secrets qu'elle contenait) tout en échappant à la police qui le prend à tort pour un voleur de véhicules. Contrairement aux autres titres de la série, vous utilisez un véhicule différent à chaque niveau, avec des motos et des jet-skis qui ajoutent de la variété et nécessitent des compétences différentes. Vous devez terminer chaque niveau dans le temps imparti et les itinéraires sont parsemés d'autres véhicules à éviter et à dépasser.
Pac-Attack (USA)	Pac-Attack est un jeu à la Tetris sur Game Gear reprenant le personnage Pac-Man. Des blocs de différentes formes descendent, composés de morceaux de ligne unicolores, de fantômes et du fameux Pac-Man. Le but étant de faire des lignes avec les morceaux, tout en dévorant avec Pac-Man les fantômes qui font obstacle. Un mode Versus permet d'affronter l'ordinateur ou un autre joueur.
Pac-in-Time (USA) (Proto)	L'ennemi juré de Pac-Man, la sorcière fantôme, lui a lancé un sort qui le téléporte dans le passé. Pac-Man se voit contraint de devoir retrouver son chemin vers le présent.
Pac-Man (USA)	Pac-Man sur Game Gear est l'adaptation d'un des plus grands succès arcades de toute l'histoire du jeu vidéo. Vous contrôlez Pac-Man, petite boule jaune croque-tout, dans des labyrinthes peuplés de fantômes colorés. Le but du jeu consiste à manger tous les petits points jaunes. Le moindre contact avec un des ectoplasmes est fatal.
Panzer Dragoon Mini (Japan) (En)	Panzer Dragoon Mini sur Game Gear est un classique du shoot'em up. Choisissez votre monture parmi trois dragons. Le jeu consiste à résister aux assauts ennemis et à verrouiller un maximum de cibles en même temps pour réaliser le plus de points possible. Il vous faudra, comme le veut la tradition dans ce genre de jeu, en découdre avec de nombreux boss.
Paperboy (USA, Europe)	Paperboy sur Game Gear est l'adaptation du succès arcade du même nom. Vous incarnez un jeune livreur de journaux à vélo et devez effectuer votre tâche le plus rapidement possible. Prenez garde tout de même aux divers obstacles, à savoir les automobilistes, chiens, skaters et autres trous dans la chaussée.
Paperboy 2 (USA)	Reprenant le concept du premier épisode, Paperboy 2 vous emmène livrer les journaux sur Game Gear. Vous avez le choix entre Paperboy et Papergirl pour enjamber votre vélo et distribuer les journaux à travers la ville. Attention cependant à les donner aux bonnes personnes et à éviter les obstacles comme les chiens ou les voitures. Il est d'ailleurs possible d'inverser les rôles et de poser des pièges sur la chaussée pour empêcher l'autre joueur de faire son travail.
Pengo (Europe)	Adaptation d'un titre arcade, Pengo sur Game Gear est un puzzle-game dans lequel vous devez vous défaire de vos ennemis en les écrasant avec des blocs de glace. Prenez garde à ne pas vous piéger vous-même et gardez un oeil sur le temps qui vous est compté !
Pet Club - Inu Daisuki! (Japan)	Pet Club Inu Dai Suki! est un jeu de simulateur de chien domestique comme le célèbre Nintendogs
Pete Sampras Tennis (USA)	Pete Sampras Tennis sur Game Gear vous permet de jouer en simple et en double dans des matchs classiques ou en circuit ATP. Vous pouvez choisir d'incarner Pete Sampras ou bien l'un des 29 autres joueurs et joueuses fictifs. Le jeu à plusieurs est possible, une seule cartouche est nécessaire pour cela.
PGA Tour 96 (USA, Europe)	PGA Tour 96 est une simulation de golf qui a la particularité d'utiliser la licence officielle de ce sport, vous offrant la possibilité de jouer sur des parcours et avec des golfeurs qui existent vraiment.
PGA Tour Golf (USA, Europe)	PGA Tour Golf sur Game Gear est un classique parmi les jeux de golf de l'époque. Le système de frappe en trois temps (démarrer, puissance et effet) vous offre une palette de coups très variés. Dans le mode Tournament, vous serez opposé à 60 adversaires, représentant les meilleurs golfeurs US de l'époque.
PGA Tour Golf II (USA, Europe)	PGA Tour Golf II est un jeu de golf. Par rapport à l'opus précédent, cette mouture ajoute dix joueurs professionnels pour arriver à un total de soixante. La physique de la balle à également subi plusieurs améliorations et les statistiques des joueurs ont été mises à jour. Pas moins de cinq tournois différents vous attendent sur sept parcours complets. La jouabilité repose toujours sur une jauge et un timing en trois temps pour doser à la fois la puissance et la précision.
Phantasy Star Adventure (Japan)	Phantasy Star Adventure sur Game Gear est un jeu d'aventure qui se déroule dans un environnement futuriste. Vous voyagez de planète en planète et de ville en ville au gré de vos rencontres, à la recherche du Dr. Miller, un éminent scientifique, kidnappé dans le but d'exploiter son savoir à de sombres desseins. Des énigmes seront à résoudre mais la majorité du jeu est consacrée aux dialogues et aux décisions que vous prendrez suite à ces conversations.
Phantasy Star Gaiden (Japan)	Phantasy Star Gaiden est un jeu de rôle sur Game Gear, il fait suite au premier épisode Phantasy Star. Alors qu'un démon maléfique a été scellé dans le noyau d'une planète, l'héroïne Mina trouve un artefact qui le délivre malencontreusement. Il s'agit d'un jeu de rôle classique, constitué de villes et de donjons à purifier de toute présence démoniaque.
Phantom 2040 (USA, Europe)	Phantom 2040 est un jeu d'action, qui comme son nom l'indique, est l'adaptation en jeu vidéo du célèbre dessin animé Fantôme 2040 qui fût diffusé à la télévision dans les années 90. Au XVIe siècle, un justicier connu sous le nom du Fantôme fait régner l'ordre dans les dangereuses rues de Bengala. C'est sous ce nom que ce cache Walker Jr, le vingt-quatrième descendant du premier Fantôme, qui s'engage à éliminer un immense complot mené par le consortium Madison. Dans ce titre vous allez devoir traverser des niveaux infestés d'ennemis, qui essayeront de bloquer votre progression. Pour vous aider dans votre mission, vous pourrez compter sur votre grappin, mais aussi différents types d'armes à feu.
Pinball Dreams (USA)	Pinball Dreams est un jeu de Flipper développé à l'origine sur l'Amgia Commodore. Il manque dans la version gamegear la table &quot;Beat Box&quot; et les jackpots sont pour la majorité réduit ce qui baisse les high score par rapport aux autres version. Ce jeu est sortie uniquement au Etats Unis.
Pocket Jansou (Japan)	Pocket Jansou et un jeu de mahjong sortie exclusivement au Japon
Poker Face Paul's Blackjack (USA)	Poker Faced Paul's est une série de quatre jeux vidéo pour Game Gear qui simule différents jeux de carte, tous sorties en 1994. Les jeux individuels sont le Blackjack, le solitaire, le poker et le Gin.
Poker Face Paul's Gin (USA)	Poker Faced Paul's est une série de quatre jeux vidéo pour Game Gear qui simule différents jeux de carte, tous sorties en 1994. Les jeux individuels sont le Blackjack, le solitaire, le poker et le Gin.
Poker Face Paul's Poker (USA)	Poker Faced Paul's est une série de quatre jeux vidéo pour Game Gear qui simule différents jeux de carte, tous sorties en 1994. Les jeux individuels sont le Blackjack, le solitaire, le poker et le Gin.
Poker Face Paul's Solitaire (USA)	Poker Faced Paul's est une série de quatre jeux vidéo pour Game Gear qui simule différents jeux de carte, tous sorties en 1994. Les jeux individuels sont le Blackjack, le solitaire, le poker et le Gin.
Pop Breaker (Japan) (En)	Pop Breaker est un shooting puzzler; peu de power up pour augmenter vos tire, mais de nombreux obstacle pourront vous aider (ou vous bloquer). Par exemple un tir sur un bloc réfléchissant fera un rebond. Les ennemis ont tous un fonctionnement différent, à vous de résoudre le puzzle pour terminer le niveau.
Popeye no Beach Volleyball (Japan)	Ce jeu vidéo implique Popeye et le sport de beach-volley. Le but est de marquer 15 points tout en empêchant l'adversaire de faire de même.
Power Drive (Europe)	Power Drive est un jeu de rallye. Contrairement à la majorité des jeux de voitures, la vue est ici aérienne, comme si la caméra se situait dans un hélicoptère survolant la voiture que vous conduisez. Au tout début, vous avez seulement le choix entre deux véhicules de la plus basse catégorie, mais en gravissant les échelons et en enchaînant les performances, vous obtiendrez de nouveaux bolides.
Power Strike II (Japan, Europe) (En)	Power Strike II est une référence du shoot'em up de l'époque. Après avoir sélectionné l'arme que vous souhaitez pendant le cours du jeu, vous avez la possibilité d'augmenter sa puissance en collectant les bonus que vos adversaires vous laisseront une fois détruits. A chaque fin de niveau, vous devrez trouver la faille des nombreux boss du jeu.
Predator 2 (USA, Europe)	Predator 2 est un jeu vidéo d'action édité par Mirrorsoft en 1991. Il existe plusieurs versions du jeu. La version sur micro-ordinateurs, développée par Arc Developpements, est un jeu de tir de type shooting gallery. Les versions sur consoles Sega sont des jeux de tir de type run and gun en vue de dessus. Il s'agit d'une adaptation du film Predator 2, sorti en 1990.
Primal Rage (USA, Europe)	Primal Rage sur Game Gear est un jeu de combat se situant dans un monde post-apocalyptique. Une météorite a frappé la Terre de plein fouet et un grand chaos en résulte. Sept dieux des temps anciens se réveillent et souhaitent prendre le contrôle de la planète. Combattez avec des personnages aussi originaux que des singes géants ou des dinosaures pour sauver le monde.
Prince of Persia (USA, Europe)	Prince of Persia sur Game Gear est un jeu de plates-formes se déroulant dans le Moyen-Orient. Le joueur contrôle le Prince de Perse qui peut marcher, courir, se baisser, sauter, s'accrocher et combattre à l'épée. Le but est de terminer tous les niveaux pour libérer la princesse dans le temps imparti, c'est-à-dire une heure. Chaque niveau consiste en un donjon de plus en plus grand et parsemé d'embûches (précipices, dalles se dérobant sous les pieds, pics sortant du sol).
Pro Yakyuu '91, The (Japan)	The Pro Yakyuu '91 est un jeu de Baseball sur Game Gear. Entièrement en Japonais, le jeu vous propose d'incarner une équipe de Baseball dans différents modes de jeu.
Pro Yakyuu GG League '94 (Japan)	Pro Yakyuu GG League '94 est un jeu de baseball, suite directe de Pro Yakyuu GG League.
Pro Yakyuu GG League (Japan)	Pro Yakyuu GG League est un jeu de baseball édité par Sega.
Psychic World (Japan)	Psychic World sur Game Gear vous met dans la peau de l'assistante d'un scientifique, dotée de pouvoirs télékinétiques. Vous avez survécu à l'explosion d'une partie du laboratoire d'expériences, duquel des monstres se sont échappés. Votre mission est de retrouver la deuxième assistante du professeur.
Putt & Putter (USA, Europe, Brazil) (En)	Putt & Putter sur Game Gear est un jeu de mini-golf que l'on peut pratiquer seul ou à deux. La présence de nombreux ressorts sur les parcours en fait un mélange entre le jeu de flipper et le jeu de golf classique.
Puyo Puyo (Japan) (En,Ja)	Genre de Tetris mais à la place d'avoir des cubes et ben on a des Puyos. Qu'est ce qu'un Puyo ? Un Blob ? Un haricot ? Aucune idée...
Puyo Puyo Tsuu (Japan)	Puyo Puyo 2 ou Puyo Puyo Ts?? est un jeu vidéo de puzzle développé et édité par Compile, sorti en 1994 sur borne d'arcade, Mega Drive et Game Gear. Il a été adapté sur divers supports ensuite. Le jeu fait suite à Puyo Puyo. Le principe de ce nouveau mode de jeu est de pouvoir contrer les dommages envoyés par les adversaires. Une nouvelle règle, la règle Henka, fait que les puyos dommages sont des pièrres : Phase 1 : Pierre ; Phase 2 : Puyo dommage
Puzzle & Action - Ichidanto-R (Japan)	Puzzle and Action est une série de jeux vidéo développée par Sega entre 1992 et 1996 sur borne d'arcade. La série comprend quatre épisodes : Puzzle and Action: Tant-R, Puzzle and Action: Ichidant-R, Puzzle and Action: Sando-R (sous-titré Treasure Hunt en occident) et Taisen Tanto-R Sashissu!!. Les deux premiers épisodes ont également été édités sur Mega Drive. Nous sommes donc ici en présence du deuxième Opus Les jeux proposent une succession de mini-jeux mettant en ?uvre la logique et/ou les réflexes dans une ambiance décalé.
Puzzle & Action - Tanto-R (Japan)	Puzzle and Action est une série de jeux vidéo développée par Sega entre 1992 et 1996 sur borne d'arcade. La série comprend quatre épisodes : Puzzle and Action: Tant-R, Puzzle and Action: Ichidant-R, Puzzle and Action: Sando-R (sous-titré Treasure Hunt en occident) et Taisen Tanto-R Sashissu!!. Les deux premiers épisodes ont également été édités sur Mega Drive. Nous sommes donc ici en présence du premier Opus Les jeux proposent une succession de mini-jeux mettant en ?uvre la logique et/ou les réflexes dans une ambiance décalé.
Quest for the Shaven Yak Starring Ren Hoek & Stimpy (USA, Europe)	Quest for the Shaven Yak starring Ren Hoek & Stimpy sur Game Gear est un jeu de plates-formes dans lequel le joueur peut incarner Ren ou Stimpy dans leur quête pour ramener les sabots du tondeur de Yak. Vous pourrez choisir au début de chaque niveau quel personnage vous souhaitez incarner. Sachant que Ren saute haut et que Stimpy peut briser des obstacles. Vous devrez donc faire preuve de clairvoyance pour vous défaire de ces obstacles et éviter les embuches.
Quiz Gear Fight!!, The (Japan)	The Quiz Gear Fight!! est un jeu de Quizz
R.B.I. Baseball '94 (USA)	RBI Baseball '94 est un jeu de Baseball sur Game Gear.
R.C. Grand Prix (USA)	R.C grand prix est un jeu de course assez original, qui nécessite un peu d'entrainement. Les décors répétitifs est regrettables, mais le plaisir de la course est bien présent et c'est ça qui compte.
Rastan Saga (Japan) (En)	Rastan sur Game Gear est un jeu d'action où le combat prédomine. Vous devez sauver les Terres de Lograth d'une fin obscure en combattant à l'aide de haches et d'épées, chimères et autres démons menaçants. Vous aurez la possibilité d'améliorer la puissance de vos armes et de votre bouclier grâce aux bonus disséminés dans les niveaux.
Revenge of Drancon (USA, Brazil) (En)	Wonder Boy est en apparence un garçon des cavernes nommé Tom-Tom, armé d'une hachette en pierre qu'il peut lancer sur ses ennemis, et qui évolue dans un monde peuplé d'escargots, de fées, et d'un sorcier qui change de tête après chaque défaite. Avant de pouvoir affronter le sorcier dans son château, Tom Tom devra parcourir des forêts peuplées d'araignées, sauter de plateforme en plateforme au dessus de l'eau ou encore traverser une caverne remplie de chauves-souris. En guise de power up, Tom-Tom peut obtenir un skateboard, parfois délicat à guider. Le but du protagoniste est de secourir son amie Tanya.
Riddick Bowe Boxing (USA)	Riddick Bowe, triple champion du monde en poids lourds, donne son nom à un jeu de boxe sur Game Gear. Vous avez le choix parmi sept boxeurs fictifs et commencez en bas de la hiérarchie. Pour gravir les échelons vous affrontez les boxeurs mieux classés. En mode versus vous pouvez choisir l'un des 25 boxeurs du jeu, y compris Riddick Bowe. Comme dans la réalité, les matches s'étalent sur douze rounds de trois minutes, à moins de vaincre par KO en diminuant la jauge de l'adversaire.
Rise of the Robots (USA, Europe)	Rise of the Robots est un jeu de combat en 2,5D . On y incarne le cyborg Eco35-2, mi-homme mi-robot, créé par la société Electrocorp, afin de contrer la mutinerie qui se prépare dans leur usine de Metropolis 4, suite à la reprogrammation de certains robots en leur injectant le virus EGO, les rendant conscient de leur situation et donc agressif. Il faudra donc les affronter un par un dans des combats en duel pour arrêter cette rébellion. Le titre se voulait graphiquement révolutionnaire. Mais bien que les robots de combats sont assez jolis (avec des sprites 3D retranscrits dans un univers 2D), les décors ne sont qu'en 2D statique assez ternes. Aussi, l'animation en jeu est lente, voire assez &quot;lourde&quot; impactant directement la maniabilité. La lenteur de votre robot et la puissance des ennemis qui varie (au point que certains robots sont ultra puissants et vous atomisent en deux coups) rendent vite les combats déséquilibrés.
Ristar (World)	Vous contrôlez Ristar dans ce jeu d'action sur Game Gear, à la jouabilité unique. Servez-vous de vos bras élastiques pour éliminer vos ennemis et grimper où bon vous semble dans le but d'anéantir un tyran qui a pris le contrôle d'un système de planètes.
Road Rash (USA)	Road Rash est un jeu de course de moto agressif dans lequel le joueur joue le rôle d'un motard qui participe à une série de courses illégales à travers les États-Unis. En partant en queue de peloton, l'objectif est toujours de finir premier sur un parcours linéaire, en dépassant les autres motards. Pour y parvenir, il faut bien conduire et faire tomber les adversaires à l'aide de gourdins, de pieds-de-biche ou à mains nues. Les autres coureurs se défendent de la même manière et il y a aussi des dangers. Toutes les courses se déroulent sur route ouverte. Il y aussi les flics, des taches d'huile et des vaches errantes sur votre parcours. En gagnant des courses, vous pouvez être promu dans une division supérieure et gagner de l'argent avec lequel vous pouvez acheter une meilleure moto. Chaque fois que vous êtes éjecté de votre moto ou que vous percutez quelque chose, vous devez courir pour retrouver votre moto et perdez du temps, sans compter que votre moto subit des dommages.
RoboCop 3 (World)	RoboCop 3 sur Game Gear est un jeu mêlant plates-formes et tir. Vos missions consistent pour la plupart à porter secours à des collègues ou des civils en mauvaise posture. Vous trouverez en chemin des kits de réparation qui vous permettront de récupérer l'énergie que vous auront enlevée vos nombreux assaillants.
RoboCop Versus The Terminator (USA, Europe)	Robocop vs Terminator sur Game Gear est un jeu d'action combinant les univers des deux long métrages éponymes. L'histoire débute lorsque les soldats de John Connor découvrent que Skynet est issu de la technologie cybernétique utilisée pour fabriquer Robocop. Incarnez ce dernier, entrez dans la résistance et venez en aide à Connor pour sauver l'humanité des machines.
Royal Stone - Hirakareshi Toki no Tobira (Japan)	Royale Stone est la suite de Crystal Warriors. Le jeu suit l'histoire d'Eva, un ancien chevalier de Martalia, exilé de son royaume pour avoir trahi la confiance du peuple et vous être retourné contre votre propre équipe.
Samurai Shodown (USA)	Samurai Shodown sur Game Gear est un jeu de combat se déroulant au XVIIIème siècle au Japon. Le titre intègre des modifications par rapport aux classiques du genre telles que l'utilisation d'armes blanches, un système de zoom ainsi qu'une jauge POW se remplissant au fil du combat et débloquant des attaques puissantes.
Sassou Shounen Eiyuuden - Coca-Cola Kid (Japan)	Coca-Cola kid est un jeu de plateforme tiré du film australien réalisé par Dusan Makavejev, sorti en 1985.
Schtroumpfs Autour du Monde, Les (Europe) (En,Fr,De,Es)	Il s'agit de la suite du jeu Les Schtroumpfs et il est basé sur la bande-dessinée du même nom et de la série animée. Contrairement au jeu précédent, le joueur peut choisir quel personnage il souhaite incarner : la Schtroumpfette ou le Schtroumpf costaud (ainsi est-il nommé dans la notice du jeu). Le système de jeu est différent : le joueur doit aider les deux Schtroumpfs jouables à retrouver des cristaux dissimulés dans les niveaux. Ils sont au nombre de 10 (9 dans le premier niveau) par niveau.
Scratch Golf (USA)	Scratch Golf est un jeu de golf (comme son nom l'indique) vous incitant à jouer Scratch (Se dit d'un joueur jouant habituellement un parcours dans le Par) Bon courage.
SD Gundam - Winner's History (Japan)	Adaptation en jeu vidéo de la série basée sur l'anime Mobile Suit Gundam et notamment Super Deformed Gundam.
Sega Game Pack 4 in 1 (Europe)	Sega Game Pack 4 in 1 est une compilation de 4 mini-jeux. Vous avez le choix entre le puzzle-game Flash Columns, un jeu de football centré sur le shootout qui consiste en un simple duel joueur/gardien, un jeu de tennis et un jeu de courses de voitures.
Sensible Soccer - European Champions (Europe)	La mouture European Champions de Sensible Soccer sur Game Gear inclut les noms des joueurs présents en clubs européens lors de la saison 92/93. Vous pouvez aussi participer aux qualifications pour la Coupe du Monde 94. L'un des arguments majeurs du jeu à l'époque était la prise en compte des cartons.
Shanghai II (Japan) (En)	Shangai II est un énième jeu de Majhong dont le but est de faire des paires à l'aide des différentes pièces disposées aléatoirement par la Game Gear.
Shaq Fu (USA)	Shaq Fu est un jeu de combat ayant Shaquille O'Neal, l'un des plus grands basketteurs de tous les temps, comme personnage principal. Alors que Shaq se déplace pour un match de charité, il est aspiré dans une autre dimension où un vieil homme lui demande de sauver son petit-fils. Il devra alors affronter onze créatures pour y parvenir.
Shikinjou (Japan) (En)	Shi-Kin-Joh (&quot;Cité Interdite&quot;) est un jeu de puzzle similaire à Sokoban dans lequel le joueur doit atteindre un but en poussant des tuiles surdimensionnées de mahjong qui bloquent le chemin. Lorsque deux tuiles correspondantes sont poussées l'une à côté de l'autre, elles disparaissent. D'autres types de tuiles verrouilleront les tuiles mobiles qui entrent en contact avec elles.
Shining Force - The Sword of Hajya (USA)	Dans Shining Force II : Sword Of Hajya, les royaumes de Cypress et Gardiana ont uni leurs forces pour combattre le maléfique Empire Iom. Le héros, Nick, a vu sa main changée en pierre au cours de sa dernière bataille et ne peut pas décemment brandir sa légendaire Sword of Hajya. Vous devez l'aider à reconquérir son royaume à l'aide d'une équipe de braves combattants dans ce jeu de rôle sur Game Gear.
Shining Force Gaiden - Ensei, Jashin no Kuni e (Japan)	Premier volet de la trilogie Shining Force sur Game Gear, Shining Force Gaiden est un jeu de rôle stratégique. La majeure partie du titre est consacrée aux combats. Vous déplacez votre petite communauté sur la carte, le combat survient lorsque vous êtes en contact avec l'ennemi. Chaque confrontation rapporte des points d'expérience, à condition d'en sortir vivant, bien évidemment.
Shining Force Gaiden - Final Conflict (Japan)	Shining Force Gaiden : Final Conflict se situe chronologiquement entre le premier et le deuxième épisode de le série sortis sur Game Gear. Il s'agit toujours d'un jeu de rôle stratégique où les combats ont la part belle. Vette fois, vous et votre petite communauté devez combattre la sorcière Mishaela, qui a pris le contrôle des forces du Mal.
Shinobi II - The Silent Fury (World)	Shinobi II : The Silent Fury est le second volet des aventures du célèbre ninja sur Game Gear. Il s'agit d'un jeu de plates-formes en 2D. Votre objectif est de secourir les quatre ninjas, et de retrouver leurs cristaux respectifs. Vous aurez la possibilité d'incarner les ninjas libérés, dont les techniques diffèrent quelque peu.
Side Pocket (USA)	Side Pocket sur Game Gear est une simulation de billard/snooker. Vous parcourez les Etats-Unis à travers des défis et tournois. Le jeu offre la possibilité d'affronter un ami en connectant deux Game Gear, et ce en jeu traditionnel, ou bien en défi &quot;9-Ball Game&quot;, qui consiste à être le premier à empocher 9 billes.
Simpsons, The - Bart vs. the Space Mutants (USA, Europe)	The Simpsons : Bart vs the Space Mutants sur Game Gear est un jeu de plates-formes dans lequel vous incarnez Bart Simpson qui part en croisade contre les mutants envahisseurs venus de l'espace. Pour faire la part des choses entre les mutants et les simples autochtones, Bart utilise des lunettes à Rayons X. Sauvez Springfield et enrayez la conspiration visant à détruire la ville avec une arme secrète.
Simpsons, The - Bart vs. the World (World)	The Simpsons : Bart vs the World sur Game Gear, est une compilation de mini-jeux où vous incarnez le turbulent Bart Simpson. Vous avez le choix entre cinq jeux, dont un est à débloquer. Dans l'un d'entre eux, qui s'apparente à un jeu de plates-formes, vous devrez aider Bart à s'échapper d'un bateau. Il y a également un jeu de cartes, un puzzle, un questionnaire sur les Simpsons, et enfin, un jeu dans lequel vous ferez du skateboard sur la Muraille de Chine.
Simpsons, The - Bartman Meets Radioactive Man (USA)	Un soir, dans sa cabane. Bart s'aperçoit que Radioactive Man n'apparaît pas dans sa propre BD. C'est alors que surgit Fallout boy qui lui explique que Radioactive man est coincé dans une dimension parallèle créée par Brain-o et ses compères. Bartman devient leur dernier espoir.
Slider (USA, Europe)	Les Skweek ont vécu en harmonie pendant des siècles, un peuple pacifique par nature, jusqu'à l'arrivée de Pitark. Il a ruiné leur terre rose vif en enlevant la couleur, et ce n'est qu'après sa mort qu'ils ont eu l'occasion de nettoyer la terre. Votre travail consiste à parcourir les continents et à nettoyer chacun d'entre eux.nnSkweek peut se déplacer dans les quatre directions et est armé d'un simple pistolet, dont les tirs ricochent avant de toucher les ennemis : les Schnoreuls (avec qui le contact est instantanément fatal). Certaines cases contiennent des flèches qui vous obligent à prendre une direction particulière, il y a aussi des blocs que vous devez éviter. Les blocs de bombes font exploser les blocs environnants. Les blocs de raccourcis vous permettent de vous déplacer vers un autre bloc de type téléporteur.
Smurfs, The (Europe) (En,Fr,De,Es)	Dans Les Schtroumpfs sur Game Gear vous incarnerez un habitant du village Schtroumpf, désigné pour aller porter secours à trois de ses amis, capturés par le diabolique Garagamel, qui souhaite en faire son dîner. Tracez votre route à travers les forêts, montagnes, marais et autres grottes dans ce jeu de plates-formes au visuel fidèle à la BD.
Solitaire FunPak (USA)	Solitaire Funpak est comme son titre l'indique, une simulation de jeu de solitaire qui vous permet de jouer aux douze variations du jeu (Klondike, Tripeaks, Pyramid, Cruel, Freecell, Golf, Canfield, Aces Up, Scorpion, Poker, Stonewall and Florentine). Il vous est aussi donné la possibilité de participer à des tournois et des championnats.
Solitaire Poker (USA, Europe)	Solitaire Poker sur Game Gear est un jeu de réflexion. Vous disposez des cartes de poker sur une grille dotée de vingt cinq emplacements. Le but du jeu est d'atteindre le score nécessaire pour passer au prochain niveau en réalisant des combinaisons verticalement, horizontalement, ainsi que dans les deux grandes diagonales. Parviendrez-vous à placer une quinte flush royale ?
Sonic Blast (World)	Sonic Blast sorti sur Game Gear est le dernier épisode des aventures de la mascotte Sega sur sa console portable. Vous pouvez y jouer Sonic, et Knuckles, qui a la capacité de planer et d'escalader les parois, donnant un nouveau souffle au jeu.
Sonic Chaos (USA, Europe, Brazil) (En)	Sonic Chaos vous permet pour la première fois sur Game Gear, d'incarner soit Tails, le renard à deux queues, soit le hérisson supersonique. La possibilité de voler ajoute une nouvelle dimension d'exploration à ce classique parmi les classiques du jeu de plates-formes.
Sonic Drift (Japan) (En)	Sonic Drift sur Game Gear met en scène Sonic, Tails, Amy et Robotnik dans des courses de voitures. Vous avez le choix entre six circuits, issus des environements du jeu de plates-formes, chacun avec trois niveaux de difficulté.
Sonic Drift 2 (World)	Sonic Drift 2 sur Game Gear met en scène Sonic, Tails, Amy et Robotnik dans des courses de voitures. Vous avez maintenant un nouveau système de boss qui permet au dernier de rester dans la course !
Sonic Labyrinth (World)	Dans Sonic Labyrinth sur Game Gear vous devez aider le hérisson bleu à retrouver ses chaussures rouges et blanches que Robotnik lui a subtilisées. Votre seule arme sera de pouvoir vous mettre en boule afin d'éliminer vos ennemis et de retrouver 3 clefs par niveau permettant de passer au prochain.
Sonic Spinball (USA, Europe, Brazil) (En)	Accompagné de son ami Tails, Sonic le hérisson bleu le plus rapide de la galaxie doit à nouveau affronter le Dr Robotnik dans Sonic Spinball sur Game Gear. Le quartier général ennemi est installé en haut d'un volcan, et le mécanisme qui le protège est similaire à celui d'un flipper. Mettez-vous en boule et escaladez le Mont Mobius pour libérer les animaux transformés en robots par votre pire ennemi.
Sonic The Hedgehog (Japan, USA) (En)	Sonic the Hedgehog sur Game Gear est un jeu de plates-formes dont la principale caractéristique est l'incroyable vitesse de pointe de son héros, un hérisson bleu. L'histoire débute lorsque le docteur Robotnik capture les animaux de l'île et les enferme dans des robots. Le but du jeu est de libérer les animaux de l'île et de mettre à mal les plans de conquête du terrible Robotnik.
Sonic The Hedgehog - Triple Trouble (USA, Europe, Brazil) (En)	Dans Sonic The Hedgehog : Triple Trouble, titre exclusif à la Game Gear, la célèbre mascotte bleue de Sega doit composer avec trois adversaires en même temps, Knuckles, Eggman et Knack, tous trois à la recherche des Chaos Emeralds. La seule nouveauté par rapport aux autres épisodes Game Gear est qu'il vous reste quelques anneaux après qu'un ennemi vous ait touché.
Sonic The Hedgehog 2 (World)	Sonic the Hedgehog 2 sur Game Gear reprend la recette qui a fait le succès du précédent volet et ajoute la possibilité d'utiliser un deltaplane dans certaines phases de jeu. Collectez les anneaux pour gagner des vies supplémentaires et libérez les animaux condamnés à la robotisation.
Soukoban (Japan) (En)	Sokoban est un jeu de réflexion sur Game Gear. Ce titre remet sur le devant de la scène le vieux jeu de casse-tête : vous devez sortir plusieurs caisses des différents niveaux, parfois avec des mouvements limités. Le titre propose un tutoriel, un mode deux joueurs, trois niveaux de difficulté et 250 niveaux de jeu.
Space Harrier (World)	Space Harrier sur Game Gear est un shoot'em up. Le personnage dirigé à la troisième personne peut courir ou voler, et doit éviter les obstacles et tirs ennemis. Faites preuve d'adresse pour arriver au terme des 18 niveaux, chacun se terminant par un affrontement avec un boss.
Spider-Man (USA, Europe)	Spider-Man vs. The Kingpin sur Game Gear est un jeu d'action/plates-formes dans lequel vous incarnez l'homme-araignée. Wilson Fisk alias The Kingpin déclare à la presse qu'une bombe placée quelque part dans New York va exploser d'ici 24 heures. Il accuse directement Spider-Man, qui se retrouve avec la police sur le dos. Vous devez trouver la bombe et redorer votre blason, mais Octopus, Electro et Mysterio tenteront de vous barrer la route.
Spider-Man - Return of the Sinister Six (USA, Europe)	Spider-Man : Return of the Sinister Six sur Game Gear vous propose de revêtir la combinaison bleue et rouge de l'homme-araignée dans un jeu d'action où vous serez opposé aux Sinister Six (Electro, Sandman, Mysterio, Vulture, Hobgoblin et le docteur Octopus). Vous aurez parfois à résoudre des petites énigmes. Prenez garde, notre héros ne possède qu'une seule vie...
Spider-Man - X-Men - Arcade's Revenge (USA)	Spider-Man et les X-men unissent leurs forces dans Spider-Man and the X-Men : Arcade's Revenge sur Game Gear. Vous incarnez au début l'homme-araignée poursuivant Arcade, qui a enlevé les X-Men pour les emmener dans un parc diabolique tout droit sorti de son imagination morbide. Une fois à l'intérieur vous pourrez choisir entre Tornade, Cyclope ou Wolverine, chacun disposant de ses attaques respectives.
Spirou (Europe) (Proto)	Spirou est un jeu de plates-formes inspiré de l'univers gravitant autour du personnage de bandes dessinées de la maison Dupuis. Si une version SNES et Megadrive ont bien vue le jour uniquement en europe, la version Game Gear a été annulé. On se retrouve donc ici en présence d'un prototype.
Sports Illustrated - Championship Football & Baseball (USA)	Sports Illustrated Championship Football & Baseball est un double jeu de sport qui vous permet de jouer au Football américain (en vue du dessus) et au Baseball.
Sports Trivia (USA)	Sports Trivia est un jeu de Quizz Sportif sortie uniquement en Bundle avec la Game Gear aux Etats Unis. Une version boite existe sous le nom de Sports Trivia - Championship Edition
Sports Trivia - Championship Edition (USA)	Sports Trivia - Championship Edition est un jeu de Quizz Sportif, version boite du jeu Sports Trivia sortie uniquement en Bundle avec la Game Gear aux Etats Unis.
Star Trek - The Next Generation - The Advanced Holodeck Tutorial (USA)	Star Trek : The Next Generation - The Advanced Holodeck Tutorial est un jeu vidéo exclusivement en import US sur GameGear, de genre Stratégie tour par tour Futuriste
Star Trek Generations - Beyond the Nexus (USA)	Star Trek : Generations : Beyond The Nexus sur Game Gear est basé sur les sept films de la saga. Vous alternez entre phases de combat spatial aux commandes de l'Enterprise, des missions d'action au sol et des pans entiers du jeu dédiés à la résolution d'énigmes.
Star Wars (USA, Europe)	Star Wars sur Game Gear reprend à peu de détails près le scénario de l'Episode IV : Un nouvel espoir. Ce jeu propose plusieurs phases de jeux, principalement des niveaux de plates-formes, mais vous aurez aussi droit à quelques phases de shooting aux commandes du mythique Faucon Millenium.
Stargate (World)	Stargate est un jeu de tetris en 3D basé sur le film Stargate.
Street Hero (USA) (Proto 2)	Janggun ui adeul est un jeu de combats basé sur le film de gangster coréen du même nom. Il s'agit ici d'un prototype, le jeu n'ayant jamais été publié sur Game Gear
Streets of Rage (World)	Streets of Rage sur Game Gear vous propose de suivre l'histoire de trois jeunes agents de police aux prises avec une organisation criminelle, ménée de main de fer par un certain Mr.X. Le jeu consiste à éliminer tous vos opposants grâce à divers coups, pour progresser dans le niveau et défier le boss. Chaque combattant dispose de ses propres qualités et désavantages.
Streets of Rage 2 (World)	Un an après avoir défait Mr. X, les policiers Axel, Blaze et Adam ont repris le cours normal de leur existence, jusqu'à ce que ce dernier ne soit enlevé. Tel est le point de départ de Streets of Rage 2 sur Game Gear. Le jeu demeure un beat'em all classique, mais s'enrichit grandement en termes de jouabilité par rapport à son prédécesseur, ainsi qu'en termes d'interactivité des environnements.
Striker (Europe) (En,Fr,De,Es,It)	Striker reprend les influences de tous les jeux de football précédents publiés par Rage Software tout en ajoutant des caractéristiques propres. Il convient de noter les multiples perspectives de caméra sur le terrain et le large éventail de fonctionnalités ajoutées, y compris plus de 340 équipes locales et nationales (plus de cinq fois le nombre vu dans Ultimate Soccer). En raison de l'absence de licence de la FIFA (ou d'une autre instance footballistique), les équipes et les joueurs locaux ont des noms falsifiés mais reconnaissables (par exemple, Newcastle devient &quot;Oldcastle&quot;). Striker comprend également un jeu de baby-foot caché.
Super Battletank (USA)	Garry Kitchen's Super Battletank: War in the Gulf (souvent abrégé Super Battletank) est un jeu vidéo de simulation de tank sorti en 1992 sur Game Gear, Mega Drive et Super Nintendo. Le jeu a été développé et édité par Absolute Entertainment. La version Game Gear a été éditée par Majesco Sales.
Super Columns (USA, Europe)	Ce jeu vidéo de puzzle fait suite au jeu Columns.
Super Golf (USA)	Super Golf est un jeu de golf plutôt classique destiné à la Game Gear.
Super Kick Off (Europe) (En,Fr,De,Es,It,Nl,Pt,Sv)	Super Kick Off sur Game Gear vous permet de choisir parmi quarante équipes de football (16 nationales et 24 clubs). Après avoir exploré le complet mode Training vous pourrez vous lancer dans un championnat national ou une compétition internationale. Vous pouvez aussi créer votre propre compétition. A noter que tous les changements que vous apporterez aux équipes et leur composition, sont sauvegardés grâce à la mémoire intégrée à la cartouche.
Super Momotarou Dentetsu III (Japan)	Super Momotarou Dentetsu III est un jeu de plateau, qui reprend les personnages des RPG Momotarou Densetsu. Le but est de voyager de cases en cases autour d'un plateau de jeu après avoir jeté un dé et de devenir riche. Pour cela il faudra investir dans des commerces le long du voyage qui se déroulera en train, en bateau ou en avion. Certaines cases déclenchent des événements.
Super Monaco GP (USA, Europe, Brazil) (En)	Super Monaco GP sur Game Gear est l'adaptation du jeu arcade du même nom. Le jeu inclut les séances de qualifications, dans lesquelles il vous faut briller pour prendre le départ de la course en bonne position. Seul ou à 2 joueurs en écran partagé, testez vos réflexes sur les circuits officiels du championnat du monde FIA de l'époque.
Super Off Road (USA, Europe)	Super Off Road sur Game Gear est un jeu de rallye tout terrain reprenant la licence du pilote légendaire Ivan Stewart dit &quot;Ironman&quot;. Vous disputez des courses à quatre, dans des 4x4 spécialement construits pour les bosses et les sauts qui vous attendent sur les circuits. Vous avez la possibilité d'améliorer votre véhicule, à condition de remporter assez d'argent en gagnant des courses.
Super Smash T.V. (World)	Smash T.V. sur Game Gear vous place dans un morbide, mais heureusement fictif, jeu télévisé, où deux combattants armés jusqu'aux dents s'affrontent au travers de diverses arènes remplies d'individus mortellement dangereux. Le but est de faire plus de dégâts que votre adversaire, tout en récoltant un maximum de cadeaux.
Super Space Invaders (USA, Europe)	Super Space Invaders sur Game Gear reprend la recette ayant fait le succès de la version arcade. Vous dirigez latéralement un vaisseau doté d'un simple tir et vous devez vous débarrasser des vagues d'assauts aliens qui planent au-dessus de vous et se rapprochent au fur et à mesure que le temps passe.
Super Star Wars - Return of the Jedi (USA, Europe)	Super Star Wars : Return of the Jedi sur Game Gear, suit, comme son nom l'indique, l'intrigue du volet clôturant la première trilogie Star Wars. Vous aurez la possibilité de choisir entre Luke, Han Solo, Leia et Chewbacca au début de chaque mission, chacun disposant de caractéristiques lui étant propres. La majorité des missions est orientée jeu de plates-formes, quelques phases de conduite de véhicules interviennent épisodiquement.
Superman - The Man of Steel (Europe)	Superman: The Man of Steel, ou simplement Superman en Amérique du Nord, est un jeu vidéo de plates-formes basé sur le comics Superman. Lois Lane a été kidnappé par Brainiac, utilisez vos yeux lasers et vos super muscles pour en venir à bout.
Surf Ninjas (USA, Europe, Brazil) (En)	Plus qu'une apparition, on peut véritablement parler de placement de publicité pour la Game Gear, et pour le jeu Surf Ninjas, dans le film éponyme dont il est censé être adapté, fruit d'un accord entre SEGA of America et New Line Cinema, pour promouvoir la portable couleur ! Le jeu va jusqu'à montrer un personnage jouer à la Game Gear, comme dans le film, la boucle est bouclée ; ils sont forts ces Américains !
Sylvan Tale (Japan)	Sylvalant était un monde ou Humains, Animaux, Nature et Dieux vivaient en harmonie et paix. Mais l'équilibre du monde s'écroula... les monstres envahirent les terres de Verda, Flora puis Sylva... tuant et saccageant tout sur leur passage. Et devinez qui va devoir remettre de l'ordre dans tout ça ? C'est Bibi... c'est vous le héros ! C'est vous Zett, qui pour des raisons encore obscures, avez été choisi pour sauver le monde de Sylvalant. Pour cela pas 36 solutions, il vous faut retrouver les Six Larmes de Sylvalant, essences même du toute vie sur Terre.
T2 - The Arcade Game (USA, Europe)	T2 : The Arcade Game sur Game Gear est la conversion d'un jeu de tir sorti sur borne d'arcade. L'intrigue est celle du film Terminator 2 et deux joueurs peuvent jouer ensemble pour défaire les nombreux ennemis. Faites équipe et affrontez le redoutable T-1000 !
Tails Adventure (World) (En,Ja)	Le jeu de plates-formes Tails Adventure disponible sur Game Gear narre l'histoire du plus connu des compagnons de Sonic le hérisson : Tails l'écureuil volant. Alors que notre héros se repose sur son île, celle-ci est soudainement attaquée par une armée entière de canards. Seulement armé de bombes au départ, Tails pourra récupérer de nombreux gadgets par la suite comme un petit robot télécommandé, ainsi que les fameuses Emeraudes du Chaos afin de booster sa jauge de vol.
Tails' Skypatrol (Japan) (En)	Tails' Skypatrol sur Game Gear est un jeu de plates-formes spin-off de la série Sonic dans lequel vous incarnez le camarade du hérisson bleu, Tails. Ce dernier a fait la découverte d'une île abandonnée, toutefois une certaine Wendy Witchcart déclare que celle-ci lui appartient et qu'elle changera quiconque lui désobéit en cristal. Notre jeune héros est bien décidé à protéger les habitants de l'île de cette femme tyrannique.
Taisen Mahjong HaoPai (Japan)	Taisen Mahjong HaoPai est un jeu de ... Majhong.
Taisen Mahjong HaoPai 2 (Japan)	Taisen Mahjong HaoPai 2 et la suite de Taisen Mahjong HaoPai !!! Et en plus c'est un jeu de Majhong...
Taisen-gata Daisenryaku G (Japan)	Daisenryaku G sur Game Gear place le joueur au centre d'un conflit fictif entre la nation bleue et la nation rouge. Vous disposez d'une phase de production de vos unités (d'une douzaine de types différents), puis d'une phase de positionnement, avant que la phase de combat ne débute. La stratégie dépend grandement du terrain sur lequel vous combattez.
TaleSpin (USA, Europe, Brazil) (En)	Dans TaleSpin sur Game Gear, vous incarnez l'ours Baloo et devez l'aider à acheminer ses cargaisons. Le jeu alterne séquences de plates-formes et phases de pilotage aérien. Bravez les conditions climatiques, débarrassez-vous des pirates de l'air, mais surtout, prenez garde aux griffes acérées de Sher Khan !
Tama & Friends - 3 Choume Kouen Tamalympic (Japan)	Tama & Friends 3 Choume Kouen - Tamalympic est une adaptation de la série animée Tama et ses amis diffusé en France pour la première fois le 3 mars 2003 sur France 5 dans l'émission Debout les Zouzous.
Tarot no Yakata (Japan)	House of Tarot (ou &quot;Tarot no Yakata&quot;) est un titre de divination de tarot où le joueur utilise un lecture de tarot en japonais en utilisant les cartes du &quot;Rider-Waite tarot&quot;.
Tarzan - Lord of the Jungle (Europe)	Tarzan : Lord of the Jungle est un soft de plateforme/action qui n'est pas adapté du dessin animé éponyme de Disney sur ce support.
Tatakae! Pro Yakyuu Twin League (Japan)	Tatakae! Pro Yakyuu Twin League est un jeu de baseball avec des personnages tout mignon (style Super Deformed).
Taz in Escape from Mars (USA, Europe, Brazil) (En)	Taz in Escape From Mars sur Game Gear vous permet d'incarner le célèbre tigre de Tasmanie, capturé par Marvin le Martien, puis exposé dans un zoo. Dans ce jeu de plates-formes aux créatures loufoques, vous devez aider Taz à s'échapper du zoo extraterrestre, et surtout, trouver un moyen de rentrer sur Terre.
Taz-Mania (USA, Europe, Brazil) (En)	Dans ce jeu, Taz peut attaquer les ennemis en se transformant en tornade comme il le fait dans les dessins animés. Il peut creuser des tunnels et ainsi débloquer des passages secrets. Il peut également changer de taille dans certaines zones. En étant minuscule, il accède à des passages très étroits. En devenant gigantesque, il est invulnérable, mais ne peut plus sauter. Les niveaux sont non-linéaires et autorisent plusieurs chemins ainsi que des retours en arrière.
Tempo Jr. (World)	Le monde de Tempo Jr. vit sous l'influence de la musique. Les personnages qui habitent ce doux pays bougent en rythme et semblent exécuter une danse. Rien n'entame sa bonne humeur, pas même les méchantes bêtes qui occupent les lieux. Contre celles-ci, il se défend par l'envoi de notes de musique qui paralysent l'adversaire ou par un coup de pied s'il est proche de la bestiole.
Tengen World Cup Soccer (USA, Europe)	Tengen World Cup Soccer vous propose de jouer au foot avec 24 équipes mondiales des années 90 dans une compétition non officielle.
Terminator 2 - Judgment Day (World)	Terminator 2 : Judgment Day sur Game Gear reprend l'intrigue du film culte. Vous incarnez donc le T-800, en charge de protéger John Connor, menacé de mort par le T-1000. Eliminez tout opposant par les poings ou par les armes dans les différentes niveaux de jeu.
Terminator, The (USA, Europe)	The Terminator sur Game Gear est un jeu de plates-formes respectant fidèlement la trame du film du même nom. Vous incarnez Kyle Reese et devez sauver Sarah Connor du robot exterminateur. Chacun des six niveaux retrace l'une des scènes les plus mémorables du film, en commençant par le combat contre l'ordinateur Skynet.
Tesserae (USA)	Tesserae est Puzzle-game dans le style du jeu de GO mais en multicolor
Tintin in Tibet (Europe) (En,Fr,De,Es,Nl,Sv)	Tintin au Tibet sur Game Gear vous met dans la peau du plus célèbre reporter dans une histoire identique à celle de la BD. Alors qu'il est en vacances, Tintin apprend que son ami Tchang vient lui rendre visite mais l'avion avec lequel il doit partir s'écrase. En partant à sa recherche, Tintin se trouve embarqué dans une grande aventure. Ce jeu de plates-formes ne dispose d'aucun bouton d'attaque et se base uniquement sur de vos capacités de saut et d'esquive.
Tom and Jerry - The Movie (USA, Europe) (En,Ja)	Tom & Jerry : The Movie est un jeu de plates-formes sur Game Gear. Vous y incarnez Jerry qui tente encore une fois d'éviter de se faire croquer par Tom. Vous allez devoir éviter tous les pièges tendus par ce dernier si vous voulez rester en vie.
Torarete Tamaruka (Japan)	Torarete Tamaruka?! est un jeu d'action tiré du film japonais éponyme.
True Lies (World)	Les joueurs contrôlent l'agent secret Harry Tasker, qui cherche à sauver le monde libre du méchant Aziz, chef du groupe terroriste islamique Crimson Jihad. Tous les niveaux sont basés sur des scènes d'action du film et comprennent l'infiltration du château, la poursuite d'Aziz dans le centre commercial et dans le parc et la confrontation finale dans l'immeuble de bureaux. Dans chaque niveau, Harry doit accomplir une tâche précise : connecter un modem à un ordinateur pour télécharger des données, trouver Aziz ou désarmer un engin nucléaire. Des hordes de terroristes se dressent sur son chemin et doivent être éliminés à l'aide de diverses armes. Harry commence un niveau avec un pistolet standard qui a des munitions illimitées mais qui doit être rechargé après 15 tirs. Il doit se procurer des armes plus puissantes comme une mitrailleuse, un fusil à pompe, des grenades et des mines.
Ultimate Soccer (Japan, Europe, Brazil) (En,Fr,De,Es,It)	Ultimate Soccer est un jeu de football sur Game Gear. Le soft vous propose de choisir une formation au sein de nombreuses équipes internationales fantaisistes. Cinq modes de jeu sont disponibles : Match Amical, Penalty, Tournois, Exhibition et Ligue.
Urban Strike (USA)	Urban Strike sur Game Gear place le joueur aux commandes d'un hélicoptère Comanche armé jusqu'aux dents. Par rapport à ses prédécesseurs, cet épisode apporte la nouveauté des phases de jeu à pied. Votre mission sera de localiser un baron de la drogue, après lequel courent les services secrets américains.
Vampire - Master of Darkness (USA)	Dans Master of Darkness sur Game Gear, vous incarnez un psychologue qui tente d'éliminer Dracula et vous devrez donc progresser dans des endroits sombres et lugubres. Votre héros dispose d'armes blanches mais aussi d'armes à feu pour affronter les boss et parvenir à retrouver le comte sanguinaire.
Virtua Fighter Animation (USA, Europe)	Virtua Fighter Animation sur Game Gear, est un jeu de combat en 2D, basé sur l'animé Virtua Fighter. Le jeu propose un mode Story où les combats suivent l'ordre chronologique d'apparition des personnages de l'animé. L'adversaire vaincu est aussitôt jouable pour le prochain combat. Le mode versus vous permet d'affronter un adversaire géré par l'intelligence artificielle de la machine, ou bien d'affronter un ami en connectant deux Game Gear.
VR Troopers (USA, Europe, Brazil) (En)	Les trois héros de la célèbre série TV débarquent sur Game Gear et n'ont aucune pitié pour leurs ennemis. Plongés dans la réalité virtuelle d'un jeu réalisé par l'ignoble Grimlord, les VR Troopers vont devoir surmonter de nombreux obstacles. Aidez nos héros à venir à bout de la multitude de sbires commandés par Grimlord et surtout à sortir de son effroyable jeu !
Wagyan Land (Japan)	Wagyan Land est un jeu sortie uniquement au japon et qui est un portage légèrement amélioré d'un jeu sortie en 1989 sur NES. Il s'agit d'un jeu semi-éducatif composé de mini-jeu et de jeu de plateforme. La version Game Gear comprend des niveaux redessinés pour les écrans de petites taille, une histoire légèrement différente à la version NES et des powers ups provenant de Wagyan Land 2.
Wheel of Fortune (USA)	Wheel of Fortune sur Game Gear n'est ni plus ni moins que l'adaptation de la célèbre émission télévisée &quot;La Roue de la Fortune&quot;. Le but du jeu est donc de deviner, lettre après lettre, la phrase ou le mot mystère. Plusieurs types d'éléments sont à deviner : phrase, personne, titre, etc. Vous pouvez jouer contre deux autres joueurs, ordinateurs ou humains. Cette édition se distingue par l'intégration de Vanna White, l'hôtesse qui tourne les lettres.
WildSnake (USA) (Proto)	Seules les consoles Nintendo ont eu droit à WildSnake en 1994, et pas en Europe. Surfant clairement sur la popularité de Tetris, ce jeu de réflexion allait jusqu'à mettre en vedette Aleksei Pajitnov, alors qu'on doit son concept, similaire il est vrai, à Aleksei Lysogorov et Eugene Sotnikov. Celui-ci consiste à guider des serpents de taille différente jusqu'en bas de l'écran pour former des lignes. Ils présentent donc l'avantage d'être flexibles contrairement aux tetraminos, mais les diriger demande davantage de maîtrise.
Wimbledon (World)	Disputez le plus vieux des quatre tournois du Grand Chelem dans Wimbledon sur Game Gear. Vous avez la possibilité de jouer en simple et en double, pour un match uniquement, ou bien pour le tournoi complet. Dans ce dernier mode, vous disposez d'un capital de points à distribuer entre quatre capacités, vous permettant de personnaliser à votre guise le joueur fictif que vous incarnez.
Winter Olympics (USA, Europe) (En,Fr,De,Es,It,Pt,Sv,No)	Winter Olympics : Lillehammer '94 sur Game Gear est le jeu officiel des Jeux Olympiques d'hiver qui se sont déroulés en Norvège en 1994. Vous pouvez participer au biathlon, slalom, super G, ski de bosses, saut à ski, bobsleigh à deux et à quatre, luge ainsi qu'au patinage en ligne. Le jeu utilise la 3D pour certaines disciplines.
Wizard Pinball (Europe)	Wizard Pinball est un jeu de flipper offrant une table unique sur un theme fantasy avec de nombreux niveau bonus et toutes les options d'un flipper classique comme le multi-ball
Wolfchild (Europe)	Wolfchild est un jeu d'action/plates-formes sur Game Gear qui vous met dans la peau de Saul Morrow, à la recherche de son père, un expert en génétique récemment enlevé. En exploitant les recherches de ce dernier, vous pouvez vous transformer en loup-garou à condition d'avoir trouvé suffisamment de capsules d'énergie dans le niveau. Cette transformation vous confère des pouvoirs spéciaux.
Wonder Boy - The Dragon's Trap (Europe)	Wonder Boy III : The Dragon's Trap sur Game Gear vous place dans la peau de Wonder Boy, victime d'une malédiction l'ayant transformé en dragon. Vous devez retrouver la Salamander Cross pour inverser le sort. Vous prenez la forme de diverses créatures tout au long du jeu, et avez la possibilité d'acheter de quoi améliorer votre équipement.
Woody Pop (USA, Europe, Brazil) (En)	Woody Pop sur Game Gear est un casse-briques dans lequel vous contrôlez latéralement Woody, l'esprit du bois, sur qui rebondit votre bille. Les niveaux se déroulent dans une maison, ce qui vous vaudra d'être ennuyé par de nombreux jouets sur lesquels votre balle rebondira d'une manière plus ou moins prévisible. Une fois un stage terminé, vous avez la possibilité de choisir votre destination parmi trois niveaux, ce qui rend le jeu moins linéaire que les casse-briques ordinaires.
World Class Leaderboard (USA, Europe)	World Class Leader Board est un jeu de golf sur Game Gear. Testez vos compétences de golfeur sur des parcours aussi variés que techniques tels que Cypress Creek ou Saint-Andrews. Les effets et voix digitalisées contribuent à donner l'impression d'assister à une retransmission télévisée.
World Cup USA 94 (USA, Europe, Brazil) (En,Fr,De,Es,It,Nl,Pt,Sv)	World Cup USA 94 sur Game Gear est le jeu officiel de la Coupe du Monde de football 1994, à laquelle la France n'a pas participé. Qu'à cela ne tienne, vous pourrez changer le cours de l'histoire en tentant de qualifier les bleus, mais aussi nos amis Anglais, compagnons d'infortune en cette triste année. Bien que peu esthétique, le tacle est de rigueur dans ce jeu où il se révèle le moyen le plus efficace pour s'emparer du ballon.
World Derby (Japan)	World Derby est un simulateur de course hippique.
World Series Baseball '95 (USA)	Nomo Hideo no World Series Baseball est un jeu de baseball sortie uniquement au japon et faisant partie de la série &quot;World Series Baseball&quot;. Il inclu la super star japonaise Nomo Hideo dans une conversion du jeu World Series Baseball sortie uniquement au US.
World Series Baseball (USA)	World Series Baseball est un jeu de Baseball avec les équipes américaines de 1992. Le jeu contient un mode saison (de différente longueur), un mode exhibition et un mode link pour jouer avec 2 consoles.
WWF Raw (USA, Europe)	WWF RAW est un jeu vidéo basé sur l'émission télévisée et branche professionnelle du même nom dirigée par la World Wrestling Federation, commercialisé sur consoles Super Nintendo, Sega 32X, Mega Drive, Game Gear et Game Boy fin 1994 et début 1995 par Acclaim Entertainment. Il s'agit de la suite du jeu WWF Royal Rumble commercialisé en 1993, concluant la trilogie des jeux vidéo WWF de chez LJN. Le joueur peut combattre dans des matchs à un-contre-un, en tag team, bedlam (tornado tag), aux Survivor Series, au Royal Rumble, ou dans un match Raw Endurance. WWF RAW met en scène les différents catcheurs possédant chacun ses propres prises et coups. Le jeu ajoute également de nombreuses prises exclusives qui n'ont pas été ajoutées dans les jeux précédents, comme le DDT, fallaway slam, et autres types de souplesses. les catcheurs diffèrent selon leurs attributs en vélocité, force, stamina et poids.
WWF Wrestlemania - Steel Cage Challenge (USA, Europe)	WWF WrestleMania: Steel Cage Challenge est un jeu vidéo de catch professionnel basé sur la World Wrestling Federation. Les modes varient entre matchs à un contre un, tag team, WWF Championship (dans lequel le joueur choisit son personnage et combat les autres pour devenir WWF Champion) et Tag Team Championship. Retrouvez dix personnages tel que Hulk Hogan, Randy Savage, I.R.S., Ted DiBiase, Ric Flair, Tatanka, Bret Hart, Papa Shango, The Undertaker et Shawn Michaels. Chacun des catcheurs possèdent les mêmes types de mouvements qui consistent entre autres à donner des coups de poings et coups de pieds, faire des prises (body slam, throw, coups de boule), des attaques rapides (flying clothesline, dropkick) et des attaques au sol. Aucune prise de finition n'est exposée. Cependant, c'est le premier jeu vidéo pour console de salon basé sur la WWF à montrer des matchs en cage (les premiers matchs en cage étaient auparavant exposés dans jeu d'arcade WWF WrestleFest).
X-Men (USA)	Magneto a mis au point le plus meurtrier des virus informatique dans le monde. Son seul but : détruire les X -Men . Wolverine , Gambit , Cyclope et Nightcrawler rejoignent Storm, Iceman , Archangel, Jean Grey et Rogue pour l'arrêter. Leur cible est la base secrète de Magneto sur l'Asteroid M. Mais en Juggernaut , Sabretooth , Mojo et Deathbird sont en embuscade. Est-ce que les griffes d'adamantium de Wolverine et les cartes à jouer chargée d'énergie de Gambit seront suffisant pour vaincre les forces de Magneto ? C'est à toi de voir.
X-Men - Gamemaster's Legacy (USA, Europe)	X-Men: Gamesmaster's Legacy est un jeu de plateforme 2D prenant place dans l'univers des X-men de Marvel
X-Men - Mojo World (USA)	Dans un sombre futur, Mojo possède son propre show télévisé dans lequel deux concurrents doivent se battre jusqu'à la mort et il a malheureusement enfermé quelques X-Men pour recréer leurs grandes batailles. Dans X-Men : Mojo World sur Game Gear, vous devez aider Wolverine et Rogue à libérer leurs amis. Chaque niveau terminé libérera un X-Men qui sera aussitôt jouable. Lorsque vous mourez, vous devez choisir parmi ceux restants. Vous affronterez des boss tirés du comics tels que Magneto, Fitzroy
Yogi Bear in Yogi Bear's Goldrush (Europe) (Proto)	Un bon petit jeu de plateformes avec notre ami Yogi ! Cependant la maniabilité laisse un peu à désirer dans les moments axés sur l'agilité... Préférez la version Megadrive qui est bien plus intéressante.
Yu Yu Hakusho - Horobishimono no Gyakushuu (Japan) (En)	Yu Yu Hakusho: Horobishi Mono no Gyakushuu est un jeu d'action basé le manga et la série animé du même nom.
Yu Yu Hakusho II - Gekitou! Nanakyou no Tatakai (Japan)	Suite de Yu Yu Hakusho: Horobishi Mono no Gyakushuu Il s'agit toujours d'un jeu d'action basé le manga et la série animé du même nom.
Zan Gear (Japan)	Zan Gear est un jeu de stratégie pour 1 à 2 joueurs (alternativement) exclusivement sortie au japon
Zool - Ninja of the 'Nth' Dimension (USA)	Vous incarnez Zool dans ce jeu d'action/plates-formes sur Game Gear, un ninja de la &quot;Nième Dimension&quot; qui a la capacité de se déplacer très rapidement et de grimper aux parois. Le jeu vous offre la possibilité (originale pour l'époque), de choisir votre musique (Rock ou Funk) ainsi que la vitesse du jeu, qui est une composante essentielle.
Zoop (USA)	Zoop sur Game Gear est un puzzle-game dans lequel il faut assembler des blocs de couleur identique, de telle manière à éviter qu'ils ne vous submergent. L'originalité du jeu tient au fait que vous êtes placé au centre des blocs et devez gérer ces éléments de tos les côtés de l'écran. Des blocs de couleur apparaissent à allure régulière et font grimper les colonnes. Pour faire diminuer celles-ci, il vous faut absolument mettre en contact des blocs de couleur identiques.
