#key	synopsis
3D Lemmings (Europe)	Lemmings 3D ist ein Puzzlespiel auf Saturn. Ihr Ziel ist es, eine Lemmingkolonie bis zum Ende der 80 Level zu führen und dabei sicherzustellen, dass Sie mindestens die für jede Mission erforderliche Anzahl an Individuen retten. Geben Sie Ihren Lemmingen den Befehl, Mauern zu graben, Treppen zu bauen usw. Die wichtigste Neuerung in diesem Abschnitt ergibt sich aus der Umstellung auf 3D.
3D Mission Shooting - Finalist (Japan)	Tunnel B1 ist ein Actionspiel auf Saturn. Die Software lässt Sie in schwindelerregender Geschwindigkeit in eine Welt voller selten erreichter Empfindungen eintauchen. Am Ende des Tunnels erwartet Sie eine komplett 3D-Hölle, verstärkt durch atemberaubende Lichteffekte.
6 Inch My Darling (Japan)	6inch My Darling ist eine Visual Novel für den Sega Saturn. Die Geschichte folgt einem Oberschüler, der mit seinen Eltern und einer jüngeren Schwester zusammenlebt. Während seiner Schulferien hilft er seiner Mutter bei der Arbeit im Schnapsladen. Eines Tages stolpert er auf dem Heimweg von der Schule bei einem Spaziergang durch den Wald über eine vergrabene Kiste. Im Inneren befand sich eine seltsame Form, und auf der Innenseite des Deckels der Schachtel befand sich eine Nachricht. Da er sich nicht sicher war, was es war, ließ er sie auf dem Tisch liegen und schlief ein. Am nächsten Tag hörte er eine Stimme in seinem Zimmer und als er versuchte, die Quelle der Stimme zu bestimmen, stieß er auf ein Mädchen namens Etosera, das bedeutet eine Größe von 6 Zoll. Aber sie war nicht die einzige, die wegen der geheimnisvollen Schachtel auftauchte, zwei Mädchen, Minty und Pim, wurden ebenfalls zu ihren heimlichen Gefährtinnen.
Actua Golf (Europe) (En,Fr,De)	Actua Golf ist eine Golfsimulation mit vollständigem 3D-Gelände und Charakteren. Es gibt zwei Golfplätze (Country und Tropical), anpassbare Charaktere, Multi-View-Schlagverfolgung und Action-Replays. Actua Golf verwendet eine ähnliche Spielsteuerung wie ältere Golftitel. Mit einer Schwunganzeige, bei der Sie die richtige Zeit abpassen müssen, um den Ball richtig zu treffen.
Actua Soccer (Japan)	Im Jahr 1995 machte die zunehmende Leistungsfähigkeit der neuen Systeme 3D-Fußballspiele zu einer Möglichkeit, die mehrere Unternehmen untersuchten. Die meisten Funktionen, die man später in Fußballspielen als selbstverständlich ansah, wurden im ersten Actua Sports-Titel eingeführt oder waren zumindest relativ neu. Mehrere Kameraperspektiven standen zur Verfügung, um die Full-3D-Action zu betrachten, wobei 3 Spieler des Sheffield Wednesday FC als Motion Capture fungierten. 44 internationale Kader mit 22 Spielern, jeder mit 8 individuellen Fähigkeiten, wurden vorgestellt. BBC-Kommentator Barry Davies sorgte für einen flüssigen Kommentar über dem Spiel. Es gab eine ganze Reihe von individuell gestalteten Turnieren sowie Mehrspieler-Optionen, die sowohl das Spielen auf einem System als auch im Netzwerk ermöglichten.
Advanced V.G. (Japan)	Die Geschichte von Advanced V.G. folgt einer ähnlichen Vorlage wie die vorherigen Geo Varia-Spiele: Die stärksten jungen Frauen des Landes veranstalten ein Turnier, das von verschiedenen Restaurantketten gesponsert wird, die wiederum die konkurrierenden Mädchen bitten, sich zu Werbezwecken als Kellnerinnen auszugeben, die in diesen Restaurants arbeiten. Die Mädchen der Jahana-Gruppe aus den vorherigen Spielen kehren zurück. Die neue Protagonistin ist die junge Kampfsportlerin Yuka Takeuchi, die in einem abgelegenen Waldgebiet trainiert hat, bevor sie sich dem Wettbewerb anschloss. Wie seine Vorgänger ist Advanced V.G. ein Kampfspiel mit den grundlegenden &quot;Kick&quot;- und &quot;Punch&quot;-Moves, während die verschiedenen Spezialangriffe durch Tastenkombinationen ausgeführt werden.
Advanced World War - Sennen Teikoku no Koubou - Last of the Millennium (Japan) (2M)	Advanced World War Sennen Teikoku no Koubou: Last of the Millennium ist ein taktisches Strategiespiel mit Kriegsfahrzeugen für den Sega Saturn aus dem Jahr 1997. Das Spiel findet auf dem Höhepunkt des Krieges gegen die Nazis in einem Brettspielformat statt, der Spieler wählt seine Aktionen im Stil von FF Tatics, nachdem er die Aktionen gewählt und den Zug beendet hat, erscheint eine kleine Szene, um die Ergebnisse zu zeigen.
AI Igo (Japan)	Ai Igo ist ein japanisches Brettspiel aus dem Jahr 1997 für Sega Saturn. Bei den Spielen der GO-Serie geht es darum, das gegnerische Territorium einzukreisen und zu beherrschen. Man beginnt mit einem leeren Brett, mit 19×19 Schnittpunkten und mit schwarzen und weißen Steinen. Jeder Spieler setzt abwechselnd einen Stein auf eine Kreuzung und versucht, ein Gebiet einzukreisen. Die Steine verbleiben auf dem Spielbrett in der gleichen Position, in der sie platziert wurden, es sei denn, sie werden umzingelt und erobert. Es gewinnt der Spieler, der einen größeren Bereich des Spielbretts beherrschen kann.
AI Shougi (Japan)	AI Shogi, 1995 von &quot;Something Good&quot; für Sega Saturn veröffentlicht, ist als japanisches Schach bekannt. Das Ziel des Spiels ist das gleiche wie beim westlichen Schach, aber die Figuren und das Brett sind anders. Das Spiel wird von demjenigen gewonnen, der den gegnerischen König schlägt.
AI Shougi 2 (Japan)	AI Shogi 2 wurde 1998 von ASCII Something Good für Sega Saturn veröffentlicht und ist eine Fortsetzung von AI Shogi. AI Shogi ist als japanisches Schach bekannt. Das Ziel des Spiels ist das gleiche wie beim westlichen Schach, aber die Figuren und das Brett sind anders. Der Gewinner ist derjenige, der den gegnerischen König schlägt.
Air Management '96 (Japan)	Die Grundlagen des Spiels bestehen darin, sich durch Verhandlungen mit den Städten, die Sie anfliegen möchten, Zeitnischen am Flughafen zu sichern und in den Zielstädten Niederlassungen einzurichten, um Ihre Routen weiter auszubauen. Der Zweck besteht darin, eine Verbindung über den Seeweg herzustellen. Alle in der Geschichte vorkommenden Fluggesellschaften sind fiktive Firmennamen.
Airs Adventure (Japan)	Airs Adventure spielt in einer Umgebung, die an das Europa des 17. Jahrhunderts erinnert. Das Spiel erzählt die Geschichte eines aufstrebenden Ritters (Standardname Henry), dem ein Verbrechen angehängt wird und der hingerichtet werden soll. Doch die schöne Prinzessin des Dorfes zeigt Erbarmen und verhindert die Hinrichtung im letzten Moment. Während der Held versucht, die Wahrheit über seine Verurteilung herauszufinden, führt das Schicksal die beiden zusammen, und sie beginnen eine Reise, um ferne Länder auf der Suche nach Abenteuern zu entdecken und vielleicht Gefühle füreinander zu entwickeln...
Akumajou Dracula X - Gekka no Yasoukyoku (Japan) (2M)	Akumajo Dracula X: Gekka no Yasokyoku für Saturn ist ein Action-/Abenteuerspiel, in dem man Vampire jagen muss. Und nicht zuletzt: Dracula selbst. Sein Schloss ist wieder aufgetaucht, und es ist der geheimnisvolle Alucard, der sich ihm entgegenstellen und die Welt aus seinem nächtlichen Griff retten muss. Entdecke geheime Räume, bekämpfe gefährliche Feinde und rüste hunderte von Waffen aus, um das Geheimnis von Draculas Macht zu lüften, bevor es zu spät ist.
Albert Odyssey - Legend of Eldean (USA)	Das Spiel folgt den Abenteuern von Pike, einem kleinen Jungen, dessen Familie von einer Horde von Monstern ermordet wurde, als er noch ein Kleinkind war, und der von einer Familie geflügelter Humanoider, den Harpyien, aufgezogen wird. Zehn Jahre später wird seine Adoptivschwester von einem bösen Magier zu Stein verwandelt. Zusammen mit Cirrus, einem sprechenden Schwert, das den Geist eines der legendären Eldean-Geschwister beherbergt, reist Pike um die Welt, um nach einem Heilmittel zu suchen, und entdeckt dabei eine Verschwörung einer Gruppe böser Magier, die die Völker der Welt gegeneinander aufbringen und den alten Gott Vlag wiederbeleben wollen. Zusammen mit der Hilfe von Freunden, die er auf seiner Reise trifft, muss Pike die Wiederauferstehung des Bösen verhindern.
Albert Odyssey Gaiden - Legend of Eldean (Japan) (1M)	Das Spiel folgt den Abenteuern von Pike, einem kleinen Jungen, dessen Familie von einer Horde von Monstern ermordet wurde, als er noch ein Kleinkind war, und der von einer Familie geflügelter Humanoider, den Harpyien, aufgezogen wird. Zehn Jahre später wird seine Adoptivschwester von einem bösen Magier zu Stein verwandelt. Zusammen mit Cirrus, einem sprechenden Schwert, das den Geist eines der legendären Eldean-Geschwister beherbergt, reist Pike um die Welt, um nach einem Heilmittel zu suchen, und entdeckt dabei eine Verschwörung einer Gruppe böser Magier, die die Völker der Welt gegeneinander aufbringen und den alten Gott Vlag wiederbeleben wollen. Zusammen mit der Hilfe von Freunden, die er auf seiner Reise trifft, muss Pike die Wiederauferstehung des Bösen verhindern.
Album Club (Mune Kyun) - St. Paulia Jogakuin (Japan)	Album Club: Mune Kyun Saint Paulia Jogakuin ist eine Zusammenstellung von Minispielen, die 1997 für Sega Saturn veröffentlicht wurde. In dem Spiel bist du ein Roboter in einer Schule und musst Fotos von den Mädchen in ihren jeweiligen Schulclubs im Visual-Novel-Stil schießen und aufnehmen, du stöberst durch den Hub mit dem Roboter, der mit den Mädchen plaudert und von den Minispielen herausgefordert wird, wenn sie gewinnen, werden dabei Videos mit dem Thema des Clubs freigeschaltet.
Alien Trilogy (USA)	Alien Trilogy ist ein First-Person-Shooter, der auf den ersten drei Alien-Filmen basiert. Sie steuern Lieutenant Ripley in drei Abschnitten, die jeweils auf einem Film basieren: der Koloniekomplex auf LV426 (aus Aliens), der Gefängnisplanet (aus Alien³) und das verlassene Raumschiff (aus Alien). Jeder Abschnitt besteht aus etwa 10 Missionen. In jeder Mission müssen bestimmte Ziele erreicht werden, um fortzufahren. Dazu gehört das Töten einer bestimmten Anzahl von Feinden, das Finden von Gegenständen oder das Aktivieren von Schaltern. Zu den Gegnern gehört alles, was der Alien-Lebenszyklus zu bieten hat: Face Huggers, Chests, Warrior Aliens, Dog Aliens (aus Alien³) und Alien Queens, von denen eine in der letzten Mission jedes Abschnitts wartet. Neben den Aliens müssen Sie auch gegen die Mitarbeiter der Firma kämpfen, die von den Aliens infiziert wurden und nicht mehr zu retten sind oder die Ihre Mission aktiv behindern wollen.
All-Star Baseball '97 Featuring Frank Thomas (USA)	All-Star Baseball 1997 Featuring Frank Thomas ist ein Baseballspiel, das 1997 für den Sega Saturn veröffentlicht wurde. Featuring Frank Thomas ist ein gutes Beispiel für ein funktionslastiges Spiel, das über eine gute Spielsteuerung und angemessene Grafiken verfügt. All-Star Baseball bietet alle 30 Teams der Major League, einschließlich der neuen Teams von Tampa Bay und Arizona, über 700 echte MLB-Spieler, 28 Stadien zum Spielen, den kompletten Spielplan von 1997, einschließlich der neuen Interleague-Spiele, Spielertausch und 27 Kategoriestatistiken von STATS, Inc. Darüber hinaus gibt es sechs Spielmodi: Exhibition, Season, Playoffs, All-Star Game, Home Derby und Batting Practice. Was die Funktionen angeht, ist es definitiv auf Augenhöhe mit den anderen Titeln da draußen.
Alone in the Dark - Jack Is Back (Europe) (En,Fr,De,Es,It)	In Alone in the Dark 2 übernehmen Sie die Rolle des Detektivs Edward Carnby. Carnby muss nun gegen einen Alkoholschmuggler namens One Eyed Jack ermitteln, der angeblich die junge Grace Saunders entführt hat. Sein Partner Ted Stryker versucht, Jacks heruntergekommene Villa in Hell's Kitchen zu infiltrieren und das junge Mädchen zu retten, und verschwindet. Carnby erfährt bald, dass Jack und seine Gangster in Wirklichkeit Piraten aus dem 15. Jahrhundert sind, die Unsterblichkeit erlangt haben, nachdem Jack sich mit Elizabeth Jarret, einer Voodoo-Hexe, verbündet hatte. Die schwarze Magie, die es ihnen ermöglicht, unsterblich zu bleiben, zwingt Jack und seine Crew jedoch dazu, regelmäßig Menschenopfer zu bringen. Carnby muss sich nun einen Weg durch Hell's Kitchen bahnen, um einen Weg zu finden, den Zauber zu brechen. Die Grafik des Spiels ist ein 2D-3D-Hybrid. Du musst zahlreiche Rätsel lösen, während du mit deinen Waffen oder durch List gegen Zombie-Piraten kämpfst.
Alone in the Dark - One-Eyed Jack's Revenge (USA)	In Alone in the Dark 2 übernehmen Sie die Rolle des Detektivs Edward Carnby. Carnby muss nun gegen einen Alkoholschmuggler namens One Eyed Jack ermitteln, der angeblich die junge Grace Saunders entführt hat. Sein Partner Ted Stryker versucht, Jacks heruntergekommene Villa in Hell's Kitchen zu infiltrieren und das junge Mädchen zu retten, und verschwindet. Carnby erfährt bald, dass Jack und seine Gangster in Wirklichkeit Piraten aus dem 15. Jahrhundert sind, die Unsterblichkeit erlangt haben, nachdem Jack sich mit Elizabeth Jarret, einer Voodoo-Hexe, verbündet hatte. Die schwarze Magie, die es ihnen ermöglicht, unsterblich zu bleiben, zwingt Jack und seine Crew jedoch dazu, regelmäßig Menschenopfer zu bringen. Carnby muss sich nun einen Weg durch Hell's Kitchen bahnen, um einen Weg zu finden, den Zauber zu brechen. Die Grafik des Spiels ist ein 2D-3D-Hybrid. Du musst zahlreiche Rätsel lösen, während du mit deinen Waffen oder durch List gegen Zombie-Piraten kämpfst.
Alone in the Dark 2 (Japan)	In Alone in the Dark 2 übernehmen Sie die Rolle des Detektivs Edward Carnby. Carnby muss nun gegen einen Alkoholschmuggler namens One Eyed Jack ermitteln, der angeblich die junge Grace Saunders entführt hat. Sein Partner Ted Stryker versucht, Jacks heruntergekommene Villa in Hell's Kitchen zu infiltrieren und das junge Mädchen zu retten, und verschwindet. Carnby erfährt bald, dass Jack und seine Gangster in Wirklichkeit Piraten aus dem 15. Jahrhundert sind, die Unsterblichkeit erlangt haben, nachdem Jack sich mit Elizabeth Jarret, einer Voodoo-Hexe, verbündet hatte. Die schwarze Magie, die es ihnen ermöglicht, unsterblich zu bleiben, zwingt Jack und seine Crew jedoch dazu, regelmäßig Menschenopfer zu bringen. Carnby muss sich nun einen Weg durch Hell's Kitchen bahnen, um einen Weg zu finden, den Zauber zu brechen. Die Grafik des Spiels ist ein 2D-3D-Hybrid. Du musst zahlreiche Rätsel lösen, während du mit deinen Waffen oder durch List gegen Zombie-Piraten kämpfst.
Amagi Shien (Japan)	Amagi Shien wurde 1997 für Sega Saturn veröffentlicht und ist ein Abenteuer, ein leichter Roman, ein Konversationsspiel mit echten Schauspielern (im Videoformat) und etwas pseudo-erotisch. Die Aktionen des Spielers bestehen darin, einige Fragen zu beantworten und durch einige 3D-Labyrinthe zu navigieren, die denen in Fantasy Star sehr ähnlich sind.
America Oudan Ultra Quiz (Japan)	America Oudan Ultra Quiz, 1995 für Sega Saturn erschienen, ist ein japanisches Reality-TV-Spiel, in dem der Spieler Multiple-Choice-Fragen mit Themen rund um die amerikanische Kultur beantworten muss. Die Saturn-Version enthält zusätzliche Live-Action-Inhalte, die wahrscheinlich aus der Fernsehserie aufgezeichnet wurden.
Amok (USA)	Amok ist ein Third-Person-Actionspiel für Saturn. Zwei Konzerne (NONLUN und AZTK) gehen aus einem 47 Jahre währenden militärischen Konflikt auf dem Planeten Amok hervor. Ein Söldnerunternehmen heuert einen Piloten namens Gert Staun an, um den Friedensvertrag aus Profitgründen zu beenden. Sie spielen den Piloten des Slambird, eines geländegängigen Schiffes, das unter Wasser fahren kann, und müssen verschiedene Missionen erfüllen.
Andretti Racing (USA)	Übernimm zum ersten Mal in einem Arcade-Rennspiel die Kontrolle über einen NASCAR- oder Indy-Wagen und rase über 16 detaillierte Strecken. Es gibt 3 Ansichten, aus denen Sie fahren können. Sie können nicht nur einzelne Rennen, sondern auch eine komplette Karriere spielen. Derek Daly und Bob Jenkins liefern einen laufenden Kommentar. Äußere Faktoren wie Fehler der Boxencrew und mechanische Defekte können Ihre Rennen beeinflussen.
AnEarth Fantasy Stories - The First Volume (Japan)	AnEarth Fantasy Stories: The First Volume ist ein rundenbasiertes RPG, das von Hudson entwickelt und von MediaWorks 1997 in Japan veröffentlicht wurde. Das Spiel ist eine Portierung der PC Engine CD Version. Ein Baby liegt im Schnee vor einer Kirche, und mehrere Leute gehen vorbei. Der Spieler hat die Möglichkeit, die Aktionstaste zu drücken, wodurch das Baby weint und die Aufmerksamkeit der Leute auf sich zieht. Je nach Zeitpunkt der &quot;Baby-Aktion&quot; wird der Held von verschiedenen Personen adoptiert. Das Spiel bietet ein sehr interessantes Gameplay, alle Kämpfe sind voreingestellt, was bedeutet, dass es keine zufälligen Begegnungen gibt. Du steigst also nicht auf, aber stattdessen kann dein Held je nach deinen Aktionen während der Kämpfe bessere Werte erhalten. Der Schwerpunkt des Spiels liegt auf der Erkundung, und deshalb gibt es viele Gebiete zu erkunden und Gegenstände zu finden.
Angel Graffiti S - Anata e no Profile (Japan)	Angel Graffiti S - Anata E No Profile ist ein Visual Novel für Sega Saturn aus dem Jahr 1997, entwickelt von Astrovision und veröffentlicht von Coconuts Japan. Das Spiel ist voll von animierten Szenen, schöne Musik, muss der Spieler mit den Zeichen des Spiels im Stil der Anime-Harem zu interagieren.
Angel Paradise Vol. 1 - Sakaki Yuko - Koi no Yokan in Hollywood (Japan)	Angel Paradise Vol. 1 - Sakaki Yuko - Koi No Yokan In Hollywood erschien 1996 für den Sega Saturn, ein Puzzlespiel mit Hollywood-Thema. Das Spiel besteht darin, Fotos/Videos von Schauspielerinnen in pseudo-sinnlichen Positionen zu vervollständigen. Wenn der Spieler das gesamte Bild vervollständigt hat, wird er mit einem kurzen Live-Action-Video belohnt.
Angel Paradise Vol. 2 - Yoshino Kimika - Isshoni I-ta-i in Hawaii (Japan)	Angel Paradise Vol. 2: Yoshino Kimika: Isshoni I-ta-i in Hawaii ist ein von Scarab entwickeltes und von Sammy veröffentlichtes Puzzlespiel für den Sega Saturn. Das Spiel beinhaltet das Lösen von Kachelrätseln, während im Hintergrund Live-Action-Szenen von Models mit einem Hawaii-Thema abgespielt werden. Der Spieler wird mit Bildern und Videos belohnt, wenn er die Rätsel löst.
Angelique Duet (Japan)	Die Grundgeschichte der Serie dreht sich um eine Königin, die einen Kosmos gerecht und weise regiert. Indem sie die Kräfte der Elemente mit Hilfe von neun Wächtern ausgleicht, hält sie die verschiedenen Planeten in ihrem Reich stabil und ihr Volk zufrieden. Allerdings schwinden die Kräfte der Königin und der Wächter mit der Zeit, und es müssen Nachfolger ernannt werden. Im ersten Spiel und seinen verschiedenen Neuauflagen ist die Protagonistin ein 17-jähriges Mädchen namens Angelique Limoges, das von der derzeitigen Königin und ihrer Adjutantin Dia als eine von zwei Kandidatinnen der Royal Smallney Girls' Academy ausgewählt wurde, um die nächste Königin zu werden. Sie wird in die fliegende Stadt gebracht, um ihre Abschlussprüfung zu beginnen.
Angelique Special (Japan)	Angelique Special ist eine verbesserte Version des Originalspiels Angelique für Super Famicom (SNES). Am Gameplay (eine Mischung aus Abenteuer, Strategie und Dating-Simulation) und an der Geschichte (ein einfaches Mädchen namens Angelique Limoges muss sich mit neun Wächtern anfreunden, um Königin zu werden) hat sich nichts geändert. Diese Version bietet eine leicht verbesserte Grafik, Musik in CD-Qualität, Sprachaufnahmen und Szenen im Anime-Stil.
Angelique Special 2 (Japan)	Nach den Ereignissen des ersten Angelique-Spiels ist Angelique Limoges zur Königin von Cosmos geworden, und ihre frühere Rivalin Rosalie - ihre Helferin. Jetzt ist ein ganz neuer Kosmos entstanden, und es ist an der Zeit, eine neue Königin für ihn zu wählen. Die Kandidatinnen sind dieses Mal Angelique Collet (die Protagonistin des Spiels) und Rachel Hart. Das Spielsystem bleibt in dieser Fortsetzung weitgehend unverändert. Wieder muss Angelique Diplomatie anwenden, um die Neun Wächter dazu zu bringen, ihr ihre Kräfte zu leihen (was die Bewohner ihres Landes glücklich macht), oder um stärkere Gefühle für sie zu entwickeln. Neu in dieser Fortsetzung ist die Möglichkeit, mit drei verschiedenen Lehrern zu arbeiten, die den Verstand, den Sinn oder die Würde der Heldin entwickeln, was sich auf die Art und Weise auswirkt, wie sie mit anderen Charakteren interagiert und auch das Verhalten der Wächter beeinflusst.
Another Memories (Japan)	Another Memories, 1998 von Starlight Marry für Sega Saturn veröffentlicht, ist ein visuelles Romanspiel mit schönen Anime-Szenen und schönen musikalischen Arrangements. Das Spiel spielt in einer magischen Schule und das Gameplay folgt einer Geschichte im Stil eines visuellen Romans und einem Kartenkampf. Du hast die Möglichkeit, Schulclubs beizutreten, die ihre eigenen Eigenschaften mit Vor- und Nachteilen haben.
Aqua-world - Umi Monogatari (Japan)	Aqua World: Umibi Monogatari ist ein Aquariumsimulator. Die Benutzer können Fische, Delphine und so weiter beobachten, und das war's auch schon. Das Spiel wurde von Mashita veröffentlicht und kam 1996 in Japan heraus.
Aquazone - Desktop Life (Japan)	Aquazone Desktop Life ist ein Aquariumsimulator, der von 9003 als Teil der Aquazone-Spieleserie entwickelt und veröffentlicht wurde. Dies ist das Hauptspiel. Die Optionsdisketten enthalten neue Fische und Gegenstände.
Arcade Gears Vol. 1 - Pu-Li-Ru-La (Japan)	Pu-Li-Ru-La spielt in Radishland, einem Land, in dem die Zeit dank eines Schlüssels richtig läuft. Doch ein böser Mann ist aufgetaucht und hat den Schlüssel gestohlen, um den Fluss der Zeit zu stoppen. Eine Stadt nach der anderen wurde angegriffen und der Fluss der Zeit angehalten. Zac und Mel, die beiden spielbaren Charaktere, werden dann von einem alten Mann aufgefordert, ihre Stadt zu verteidigen. Um ihnen bei dieser Aufgabe zu helfen, gibt er ihnen einen Zauberstab, ihre einzige Waffe im Kampf gegen das Böse.
Arcade Gears Vol. 2 - Gun Frontier (Japan)	Gun Frontier ist das Prequel zu Metal Black, einem weiteren, weitgehend unbekannten Shooter, diesmal ein Darius-ähnlicher Horizontal-Blaster, der ebenfalls von einer anderen Firma namens Ving auf dem Saturn veröffentlicht wurde - was allerdings nichts mit den Herausgebern dieses Spiels zu tun hat. Gun Frontier wurde 1997 auf den Sega Saturn portiert (als Band 2 der Arcade Gears-Serie).
Arcade Gears Vol. 3 - Wonder 3 (Japan)	Wonder 3 Arcade Gears ist eine Sega Saturn-Konvertierung eines Arcade-Spiels von Capcom aus dem Jahr 1991, Wonder 3 (außerhalb Japans als Three Wonders bekannt). Es enthält drei Spiele: Roosters, Chariot und Donburu. Diese Saturn-Version wurde mit einem kostenlosen Gamest Gears-Magazin ausgeliefert.
Arcade Gears Vol. 4 - ImageFight & XMultiply (Japan)	Diese Zusammenstellung ist Teil der Arcade Gears-Serie und enthält zwei alte Irem-Scroller: Image Fight und X Multiply. ImageFight ist ein vertikal scrollender Space-Shooter, der ursprünglich 1988 veröffentlicht wurde. X Multiply ist ein 2D-Sidescrolling-Shooter, ein Nachfolger von Irems RType mit ähnlichem Gameplay.
Arcade's Greatest Hits - The Atari Collection 1 (USA)	Williams Arcade Classics ist eine Zusammenstellung, die die folgenden Spiele enthält: Defender, Defender II, Joust, Robotron: 2084, Sinistar. Die PC-, PlayStation- und Dreamcast-Versionen enthalten auch Bubbles. Die PC- und Playstation-Versionen enthalten FMV-Ergänzungen, darunter Interviews mit den ursprünglichen Programmierern.
Arcana Strikes (Japan)	Arcana Strikes ist ein Kartenspiel mit RPG- und Strategieelementen, das von RED Company entwickelt und 1997 von Takara veröffentlicht wurde. Das Spiel ist story-lite und konzentriert sich vor allem auf das Konzept der Reise in verschiedene Reiche herausfordernde verschiedene Feinde , während das Sammeln von Karten im Kampf zu verwenden. Der Spieler erhält eine Karte aus seinem Deck und wählt aus, welches Monster er in seinem Zug beschwören will. Er kann das beschworene Monster angreifen, verteidigen oder sogar verstärken.
Area 51 (USA)	Diese Heimversion bietet spezielle Boni und zusätzliche geheime Levels, die es in der Spielhalle nicht gibt. Mit einer Lichtpistole (oder einer Maus, falls vorhanden) bahnen Sie sich einen Weg durch die geheime Basis Area 51, die von mutierten Außerirdischen übernommen wurde. auf Ihrem Weg zu den Geheimnissen im Zentrum von Area 51 müssen Sie eine immer gefährlichere Reihe von Außerirdischen zerstören, Ihre Waffe aufrüsten und so viel Kollateralschaden wie möglich verursachen. Das Spiel belohnt den Spieler für die Zerstörung von Fenstern, Beleuchtungskörpern, Computern, explosiven Fässern und sogar Feuerlöschern. Mit jedem aufeinanderfolgenden Treffer erhöht sich Ihr Streak-Wert (und damit Ihre Punktzahl), und bestimmte Kombinationen von Treffern öffnen geheime Bonusräume.
Arthur to Astaroth no Nazo Makaimura - Incredible Toons (Japan)	Arthur To Astaroth No Nazomakaimura: Incredible Toons ist ein 1996 nur in Japan für den Sega Saturn veröffentlichtes Spiel. Es ist im Wesentlichen eine Portierung von Sid & Al's Incredible Toons von Dynamix mit einem Ghosts 'n Goblins-Thema. Es ist ein puzzleartiges Spiel und enthält viele Figuren aus den Ghosts 'n Goblins-Spielen. Im Spiel schickt Astaroth Satan aus, um die Prinzessin zu fangen, und Artus macht sich auf, sie zu retten.
Assault Rigs (Japan)	Assault Rigs für Saturn ist ein Actionspiel, bei dem du das Kommando über einen Panzer übernimmst, der sich in einer Art Arena entwickelt. Dein Ziel ist es, alles zu zerstören, was sich dir in den Weg stellt! Im Laufe des Spiels stehen viele Verbesserungen zur Verfügung, um die Kraft deiner Schüsse und ihr Verhalten zu verbessern. Du kannst zum Beispiel Granaten schießen, die abprallen!
Assault Suit Leynos 2 (Japan)	Assault Suit Leynos 2 versetzt Sie in das Cockpit eines riesigen Mecha-Roboters, mit dem Sie sich durch eine Reihe von 7 Einzelmissionen rollen und schießen, die durch eine generische Sci-Fi-Handlung lose miteinander verbunden sind. Das Spiel selbst spielt sich wie ein Side-Scrolling-Shooter auf verschiedenen Planeten und im Weltraum (wo Sie mit Ihren Sprungdüsen überall hinfliegen können). Du verfügst über eine Vielzahl von aufrüstbaren Waffen, mit denen du überall auf dem Bildschirm schießen und einzelne Feinde automatisch blockieren kannst. Je nachdem, wie gut du in den einzelnen Etappen abschneidest, erhältst du eine bestimmte Punktzahl, mit der du deinen Mech aufrüsten und anpassen kannst.
Astal (USA) (1S)	Astal ist ein Actionspiel für Saturn. Quartilia ist eine mystische Welt, die sich sehr von der Erde unterscheidet. Alles in dieser Welt ist aus Diamanten erschaffen, die von der Göttin Antowa geschaffen wurden. Sogar Astal, unser Held, und seine Freundin Leda waren aus Diamanten gemacht. Aber der böse Jerado hat beschlossen, diesen schönen Planeten zu übernehmen. Astal muss alles tun, um diesen Dämon daran zu hindern, seinen finsteren Plan der Herrschaft auszuführen. Das Spiel kann von zwei Spielern in Zusammenarbeit gespielt werden.
Astra Superstars (Japan)	Astra Superstars ist ein 2D-Einzelkampfspiel, in dem alle Champions des magischen Königreichs in einer Reihe von 3-Runden-Kämpfen gegeneinander antreten, um sich das Recht zu verdienen, den bösen Satan Volte herauszufordern und zu versuchen, seine Schreckensherrschaft zu beenden. Da alle Kämpfer über magische Fähigkeiten verfügen, finden die Kämpfe in der Luft statt. So können Sie und Ihr Gegner durch die Arena fliegen, während Sie versuchen, mit Ihren Grundangriffen, Spezialbewegungen (ausgelöst durch bestimmte Joystick-Bewegungen) und Superangriffen (die Ihre Energieleiste aufbrauchen, aber massiven Schaden verursachen) zu kämpfen. Grafisch verwendet das Spiel 2D-Sprites mit bunten, puppenähnlichen Designs. Zu den Spielmodi gehören 1P-Arcade, Vs 2P-Modus, eine Kunstgalerie mit Konzeptkunst und ein Story-Modus mit wählbaren Dialogoptionen, die den Schwierigkeitsgrad des Spiels beeinflussen.
Asuka 120% Limited - Burning Fest. Limited (Japan)	Asuka 120% BURNING Fest. ist eine japanische Bishojo-Kampfspielserie, die von Fill-in-Cafe produziert und von FamilySoft und Kodansha veröffentlicht und vertrieben wurde. Es spielt in einer Schule, in der die Mitglieder der Schulclubs in einem Kampfturnier gegeneinander antreten. Masatoshi Imaizumi leitete die Entwicklung und die Manga-Zeichnerin Aoi Nanase lieferte die Grafiken.
Athlete Kings (Europe)	Athlete Kings ist eine Umsetzung des Sega-Münzspiels Decathlete aus dem Jahr 1995, in dem man in allen 10 Disziplinen eines Zehnkampfs antreten kann. Das Spiel ist in zwei Modi unterteilt. Der erste ist der eigentliche Zehnkampf-Modus, in dem Sie alle 10 Disziplinen in der Standardreihenfolge durchspielen können. Für die Leistungen in den einzelnen Disziplinen werden Punkte vergeben, und nach Abschluss der Disziplinen erhalten Sie Ihre endgültige Decathlon-Punktzahl als Belohnung. Es gibt auch einen Arcade-Modus, der, wie nicht anders zu erwarten, eine direkte Übertragung des Arcade-Spiels ist. In diesem Modus können Sie vom ersten Tag an auswählen, welche der 5 Disziplinen Sie spielen möchten, müssen aber eine Qualifikationspunktzahl in dieser Disziplin erreichen, um weiterzukommen. Sobald Sie sich für alle fünf Events qualifiziert haben, können Sie an Tag 2 zu den nächsten fünf Events übergehen.
Atlantis - The Lost Tales (Europe) (En,De,Es) (Disc 1)	Atlantis: The Lost Tales ist ein 1997 von Cryo Interactive entwickeltes und veröffentlichtes Fantasy-Abenteuer-Videospiel. Interplay Productions veröffentlichte das Spiel in Nordamerika, wo es am 30. September 1997 veröffentlicht wurde. Das Spiel ist nach seinem ersten und wichtigsten Schauplatz, Atlantis, benannt. Atlantis ist ein Puzzlespiel in der Ego-Perspektive. Das gesamte Spiel ist in 3D, vorgerendert und panoramisch. Das HUD ist im Grunde ein Fenster in die Welt von Atlantis. Anstatt die Maus auf dem Bildschirm zu bewegen, bewegt sie den Bildschirm selbst. Um mit der Welt zu interagieren, muss der Spieler den Gegenstand, NPC oder das Ding in der Mitte des Bildschirms positionieren.
Ayakashi Ninden Kunoichiban Plus (Japan) (Disc 1)	Ayakashi Ninden Kunoichiban ist ein Visual Novel für Sega Saturn. Es gibt eine Welt, in der Shinobi (Ninja und Kunoichi) anerkannt werden. Die Geschichte dreht sich um Kaede, die die Princess Yuri High School betritt und ein Jahr lang drei Mädchen assistiert, die zufällig Vormunde sind. Der beste Absolvent erhält ein besonderes Privileg, ein freiberuflicher Shinobi zu werden. Kaede strebt nach seinem Beitritt danach, ein Jahr lang einer Lieblingsperson zu dienen.
Azel - Panzer Dragoon RPG (Japan) (Disc 1) (1M)	Ein perfekt animierter 3D-Action-Shooter auf 4 CDs mit mitreißenden Rollenspiel- und Adventure-Elementen. Erleben Sie das aufregende Gameplay und die faszinierende Hintergrundstory der Panzer Dragoon Saga! Erleben Sie den Rachefeldzug des Helden EDGE mit eigener Haut und reiten Sie mit Ihrem Flugdrachen durch atemberaubende Abenteuer und actionreiche Kampfszenen. Retten Sie die Welt vor der dunklen Herrschaft der Craymen Legion und befreien Sie die geheimnisvolle Frau AZEL aus den Fängen bösartiger Bio-Mutationen.
BackGuiner - Yomigaeru Yuushatachi - Hishou-hen - Uragiri no Senjou (Japan) (Disc 1)	BackGuiner: Yomigaeru Yuusha-tachi: Hishou-hen Uragiri no Senjou ist die Fortsetzung von Kakusei-hen Guiner Tensei. BackGuiner Act 2 setzt die Geschichte des ersten Aktes fort und bietet fesselnde FMVs, Story und Gameplay, solange die Spieler an simulationsähnlichen Spielen teilnehmen. Die Spiele sollten als Trilogie erscheinen, aber das letzte Kapitel wurde nicht veröffentlicht.
BackGuiner - Yomigaeru Yuushatachi - Kakusei-hen - Guiner Tensei (Japan) (Disc 1)	BackGuiner: Yomigaeru Yuusha-tachi: Kakusei-hen Guiner Tensei ist ein rundenbasiertes Strategiespiel mit Mechas (von Menschen gesteuerte Riesenroboter). Wenn ein Spieler am Zug ist, kann er gehen, schießen, schlagen, sich mit Gegenständen verteidigen, Siegpunkte verlieren usw. Nach dem Ende jeder Runde wird eine kleine Animation gezeigt, um die durchgeführte Aktion zu veranschaulichen. Die Spielgrafik ist in einer isometrischen 2D-Kamera gehalten, mit Anime-Animationen und Musik in CD-Qualität.
Baku Baku Animal - Sekai Shiiku Gakari Senshuken (Japan)	Baku Baku Animal on Saturn ist ein Puzzlespiel, bei dem du Früchte und Pflanzen in eine Reihe bringen musst, um sie verschwinden zu lassen, indem du das entsprechende Tier zu jedem Lebensmittel findest. Du gewinnst, wenn dein Gegner von den Folgen, die du ihm zufügst, überwältigt wird.
Baku Baku Animal - World Zookeeper Contest (USA)	Baku Baku Animal on Saturn ist ein Puzzlespiel, bei dem du Früchte und Pflanzen in eine Reihe bringen musst, um sie verschwinden zu lassen, indem du das entsprechende Tier zu jedem Lebensmittel findest. Du gewinnst, wenn dein Gegner von den Folgen, die du ihm zufügst, überwältigt wird.
Bakuretsu Hunter (Japan)	Bakuretsu Hunter wurde 1996 von I'MAX für Sega Saturn veröffentlicht und ist ein Visual Novel, der auf dem gleichnamigen Anime (Bakuretsu Hunter) basiert. Das Famille-Imperium vom Kontinent Spooner will das Vordringen der bösen Forschungen einiger Zauberer stoppen, die die Bevölkerung dominieren und sie unglücklich machen. Big Mama, Anführerin der Stellar Church und des Imperiums, will diejenigen verbannen, die ihr Wissen und ihre Kräfte für das Böse einsetzen, und setzt dafür eine Gruppe ein, die um die Welt reist, um sie zu bekämpfen, genannt Bakuretsu Hunters oder Sorcerer Hunters.
Bakuretsu Hunter R (Japan)	Bakuretsu Hunter R ist ein Rollenspiel, entwickelt von Star Child und veröffentlicht von King Records, wurde 1997 in Japan veröffentlicht, ist ein visueller Roman auf der Grundlage der Anime mit dem gleichen Namen (Bakuretsu Hunter R), aber dieses Mal das Spiel bringt RPG-Gameplay kann die Karte zu navigieren und zu sprechen, dieses Mal mit mehr animierte Szenen und alle Stimmen in Japanisch synchronisiert.
Bakushou!! All Yoshimoto Quiz-ou Ketteisen DX (Japan)	Bakushou!!! All Yoshimoto Quiz Ou Ketteisen DX wurde 1995 für Sega Saturn veröffentlicht und von Yoshimoto Kogyo entwickelt/veröffentlicht und ist ein japanisches Quizspiel. Im Spiel musst du Fragen zur japanischen Kultur beantworten (über Monster, Orte, Lebensmittel usw.), mit interessanten Stimmen und Animationen und spektakulärer Musik.
Baldy Land (Japan)	Das Ziel des Spiels ist es, alle Einheiten des gegnerischen Teams zu töten, in der Regel die haarigen Einheiten. Dies wird durch den Bau von Häusern erreicht, die Kahlheit erzeugen. Danach kann der Spieler eine Kaserne und/oder ein wissenschaftliches Labor bauen. In einer Kaserne werden Kugeln für die erste Stufe des Hauses und dann Granaten gebaut. Soldaten von außerhalb statten diese Gegenstände aus. Wissenschaftlerlabors forschen und entwickeln Erfindungen, die andere verbrennen, explodieren oder ertränken können Kahlheit und Haare. Nach dem Bau von 4 großen Häusern kann der Spieler den Glatzköpfen Flügel verleihen, mit denen sie fliegen können.
Baroque (Japan)	Das Armageddon ist gekommen. Eine riesige Hitzewelle hat den Planeten zerstört, die Menschen sind zu seltsamen Kreaturen mutiert, die fremde Götter anbeten und versuchen, sich gegenseitig in blutigen Kriegen auszurotten, und Ikei-Dämonen bevölkern die Oberfläche des Planeten. Mitten in der Einöde steht der Nerventurm. Niemand weiß, was er ist: das Symbol des Bösen oder die letzte Hoffnung auf Rettung, denn niemand hat es je gewagt, ihn zu betreten. Doch der Held des Spiels ist entschlossen, den Turm zu erforschen und vielleicht die Welt ein für alle Mal vom Bösen zu befreien. &quot;Baroque&quot; ist ein Survival-Horror-Abenteuer. Das ganze Spiel spielt sich im Turm ab: Du arbeitest dich langsam nach oben und bekämpfst dabei Dämonen. Du hast sowohl HP als auch eine Ausdaueranzeige. Wenn Ihre Ausdauer erschöpft ist, laufen Sie langsamer und können im Kampf nicht mehr richtig reagieren.
Baroque Report - CD Data File (Japan)	Das Armageddon ist gekommen. Eine riesige Hitzewelle hat den Planeten zerstört, die Menschen sind zu seltsamen Kreaturen mutiert, die fremde Götter anbeten und versuchen, sich gegenseitig in blutigen Kriegen auszurotten, und Ikei-Dämonen bevölkern die Oberfläche des Planeten. Mitten in der Einöde steht der Nerventurm. Niemand weiß, was er ist: das Symbol des Bösen oder die letzte Hoffnung auf Rettung, denn niemand hat es je gewagt, ihn zu betreten. Doch der Held des Spiels ist entschlossen, den Turm zu erforschen und vielleicht die Welt ein für alle Mal vom Bösen zu befreien. &quot;Baroque&quot; ist ein Survival-Horror-Abenteuer. Das ganze Spiel spielt sich im Turm ab: Du arbeitest dich langsam nach oben und bekämpfst dabei Dämonen. Du hast sowohl HP als auch eine Ausdaueranzeige. Wenn Ihre Ausdauer erschöpft ist, laufen Sie langsamer und können im Kampf nicht mehr richtig reagieren.
Bases Loaded '96 - Double Header (USA)	Bases Loaded '96: Double Header ist ein Sportspiel aus dem Jahr 1995 für den Sega Saturn. Es war das achte und letzte Spiel der Bases Loaded-Serie und das einzige, das von Jaleco selbst entwickelt wurde. Es handelt sich im Wesentlichen um ein Baseballspiel mit lizenzierten Teams und vorgerenderten 3D-Grafiken (kein echtes 3D) sowie Musik und Sounds, die direkt aus den Spielen übernommen wurden.
Batman Forever - The Arcade Game (USA)	Batman Forever: The Arcade Game auf Saturn ist die Adaption des Films von 1995. Ihre Feinde sind der Riddler und Two-Face, denen Sie im Laufe des Spiels mehrmals begegnen werden. Du musst dich in Levels entwickeln, in denen sich Kampf und Jump'n'Run mischen, und dabei alle Gadgets nutzen, die du Batman vor jeder neuen Mission zuweisen kannst.
Batsugun (Japan)	Batsugun war die letzte Veröffentlichung des Spielhallen-Entwicklungsstudios Toaplan und eines der frühesten, wenn nicht sogar das erste manische Shoot-'em-up oder &quot;Bullet Hell&quot;. Ein großer Teil des Teams arbeitete später bei CAVE Co. s.r.o., wo das Genre weiterentwickelt wurde. Batsugun für den Saturn integriert die beiden Überarbeitungen des ursprünglichen Arcade-Spiels von 1993, wobei die zweite, Batsugun Special Version, fertiggestellt, aber nie veröffentlicht wurde, weil die Firma bankrott war. Beide Versionen wurden für die Erstellung der Saturn-Version von Gazelle Toaplan verwendet. Es handelt sich um ein vertikales Schießspiel mit militärischer Thematik, bei dem der Spieler zwischen drei Waffen für sein Flugzeug wählen kann, wobei die Verbesserung der Waffen durch Erfahrungspunkte bestimmt wird, die man erhält, wenn man Feinde vernichtet, anstatt Power-Ups abzugeben.
Battle Arena Toshinden Remix (USA)	Toshinden Remix oder Toshinden S, wie es in Japan genannt wurde, ist eine Portierung von Takaras Kampfspiel Battle Arena Toshinden für den Sega Saturn. Es fügt einen zusätzlichen geheimen Charakter sowie einen Story-Modus für jeden Charakter hinzu. Diese Ergänzungen sind auch ein Hinweis auf einige der Wendungen in der Fortsetzung des Spiels Battle Arena Toshinden 2. Die Grafik der Spiele hatte einen großen Einfluss auf die Portierung. Allerdings sehen das Charaktermodell und die Arena für den oben erwähnten exklusiven Portierungs-Charakter deutlich besser aus als die portierten Grafiken. Toshinden Remix greift auch alle Sprachsamples aus den Spielen auf, mit leichteren Samples und übermäßig lauten und wohl auch unverschämten Klingeltönen. Wie die Grafik hat auch die Spielgeschwindigkeit einen großen Einfluss auf diesen Port, der deutlich langsamer läuft als das Playstation-Original.
Battle Arena Toshinden URA - Ultimate Revenge Attack (USA)	Überall auf der Welt verschwinden Kampfsportexperten. Polizeibeamte aus mehreren Ländern arbeiten in einer internationalen Fahndungsaktion zusammen, um den für die Morde verantwortlichen Täter zu finden. Es wurde jedoch kein Motiv ermittelt und es liegen nur wenige Beweise vor. Eine Welle des Terrors hat die Welt erfasst, und jetzt sind nicht einmal mehr die stärksten und mutigsten Kämpfer sicher. Die ehemaligen Teilnehmer des Toshinden-Turniers finden sich in einer verrückt gewordenen Welt wieder. Es ist nicht undenkbar, dass einer von ihnen für das derzeitige Chaos verantwortlich ist. Doch wer steckt hinter dem Verschwinden und zu welchem Zweck? Alle Kämpferinnen und Kämpfer sind aus unterschiedlichen Gründen zum Toshinden-Turnier gekommen, aber sie kämpfen jetzt alle aus demselben Grund: ÜBERLEBEN.
Battle Athletess Daiundoukai (Japan)	Battle Athletess Daiundoukai ist ein Simulationsspiel für den Sega Saturn. Es ist Teil des Battle Athletes-Multimediaprojekts von Anime International Company, zu dem auch ein Manga und eine Anime-Serie gehören.
Battle Garegga (Japan)	Battle Garrega ist ein 2D-Shooter für Saturn. Sie steuern das Flugzeug Ihrer Wahl aus insgesamt vier Flugzeugen. Jedes dieser Flugzeuge hat unterschiedliche Eigenschaften wie Schussreichweite, Feuerkraft und sogar seine Bewegungsgeschwindigkeit. Ihr Ziel ist es, die 7 Level des Spiels zu beenden, in denen der Schwierigkeitsgrad exponentiell zunimmt.
Battle Monsters (USA)	Versuchen Sie, in BATTLE MONSTERS die Kontrolle über die Unterwelt zu erlangen. Sie müssen aus einer Vielzahl von Monstern wählen und sich dann in einen Zweikampf begeben. Zwölf Charaktere stehen zur Verfügung (von einem Mensch-Vogel-Hybrid bis hin zu einer kopflosen Kreatur), jeder mit seinen eigenen Spezialfähigkeiten, wie z. B. das Jonglieren von Gegnern in der Luft und der Kampf Monster gegen Monster. Kämpfen Sie sich durch verschiedene Schauplätze, wobei der Boden jedes Levels aus mehreren Ebenen besteht, die es den Kämpfern ermöglichen, von einer Plattform zur nächsten zu springen, wobei zwei Angriffs- und zwei Sprungtasten die Aktion steuern.
Battle Stations (USA) (En,Fr,De)	In Battlestations übernehmen Sie die Kontrolle über Ihre eigene Flotte, von Patrouillenbooten und Minenlegern bis hin zu Kriegsschiffen und Flugzeugträgern. Sie können sofort eine von zehn Missionen wählen, die alle unterschiedliche Herausforderungen beinhalten, wie z. B. den Schutz Ihrer Basis vor Truppentransporten oder eine Mission, in der Sie Wilderer am Töten von Walen hindern müssen. Außerdem können Sie zwischen fünf Kommandanten wählen, die Sie bekämpfen können, alle mit stereotypen Stärken und Schwächen. Dann geht es direkt in die Mission, in der Sie die Silhouetten Ihres Schiffes auf einer 2D-Karte mit Radar navigieren können.
BattleSport (USA)	BattleSport on Saturn ist ein futuristisches Spiel, bei dem zwei Schiffe in einer von 50 verfügbaren Arenen gegeneinander antreten. Das Ziel besteht darin, einen sich noch bewegenden Ball zu fangen und ihn in die Tore zu befördern. Die Arenen sind alle unterschiedlich und jede bringt ihre Fallen und Boni mit sich. Im Turniermodus können Sie Geld verdienen, um neue Schiffe zu kaufen und die Leistung zu verbessern.
Beach de Riichi! (Japan)	Beach de Reach! Es ist ein Mahjong-Spiel oder ein Spiel mit Anime-Mädchen. Das Spiel wurde von Natsu System entwickelt und von Mainichi Communications für Sega Saturn veröffentlicht.
Big Ichigeki! Pachi-Slot Daikouryaku - Universal Museum (Japan) (1M)	Großer Ichigeki! Pachi-Slot Daikouryaku – Universal Museum, veröffentlicht für Sega Saturn, ist ein Casino-/Simulationsspiel mit Glücksspielen wie Slot Roulette, Schnäppchen und anderen dieser Art. Die Grafik des Spiels ist einfach und simuliert das Spielgefühl der Spielautomaten gut.
Big Thanks - Super Keirin - Dream with Keirin 50 Years (Japan)	Super Keirin ist ein Spiel für den Sega Saturn von Aspect und VAP. Es wurde nie im Handel verkauft, sondern (angeblich) an die Teilnehmer des 50-jährigen Jubiläums des japanischen Keirin-Radrennvereins verschenkt. Das genaue Jahr ist unbekannt. Es enthält einen Rennmodus (obwohl es als Simulationsspiel gilt) und Informationen über den Verband und die Sportart, bei der man mit Fahrrädern um eine ovale Bahn fährt.
Bio Hazard (Japan)	Ein Team von S.T.A.R.S.-Mitgliedern (Special Tactics And Rescue Squad) wird gerufen, um eine Reihe von Morden in der Nähe von Raccoon City zu untersuchen. Bei der Suche in den Wäldern nahe der Stadt wird das Team von blutrünstigen Hunden angegriffen und muss sich in ein nahe gelegenes Herrenhaus zurückziehen. Der Spieler wählt zwischen Jill Valentine und Chris Redfield und beginnt die Erkundung des Anwesens. Schon bald wird klar, dass es sich nicht um irgendein Herrenhaus handelt, sondern um einen höllischen Ort, an dem Untote durch die Gänge wandeln und andere Schrecken in der Dunkelheit darauf lauern, ein paar Köpfe zu fressen. Während der Spieler Rätsel löst, Schlüssel sammelt und Monster erschießt, muss er das Geheimnis dieses Hauses lüften und, wenn möglich, lebend entkommen.
Bishoujo Hanafuda Kikou - Michinoku Hitou Koi Monogatari Special (Japan)	„Bishoujo Hanafuda Kikou: Michinoku Hitou Koimonogatari Special“ ist ein Spiel, das in Japan veröffentlicht wurde und die Spieler in eine faszinierende Welt voller traditioneller Hanafuda-Karten und schöner Charaktere entführt. Die Kombination aus strategischem Gameplay und einer charmanten Erzählung sorgt für ein einzigartiges Erlebnis.
Bishoujo Senshi Sailor Moon SuperS - Various Emotion (Japan)	Sailor Moon Super S: Different Emotion ist ein Kampfspiel auf Saturn, in dem Sie die Charaktere aus der Zeichentrickserie Sailor Moon in gigantischen Schlachten gegeneinander antreten lassen. Der Story-Modus lässt Sie eine speziell für diesen Anlass erstellte Episode mit einem realen Szenario (unterstützt durch animierte Sequenzen), Zusammenstößen, Situationsumkehrungen und mehr erleben.
Black Dawn (USA)	Black Dawn ist ein Actionspiel für Saturn. Das Spiel bietet Ihnen die Möglichkeit, die Kontrolle über einen Kampfhubschrauber der Armee zu übernehmen. Immer mehr Terroristen tauchen in der Welt auf, und Sie sind auserwählt worden, um Frieden und Ordnung in allen betroffenen Ländern wiederherzustellen. Es erwarten Sie zahlreiche Kampagnen, in denen Sie Missionen erfüllen müssen, um Ihre Ausrüstung zu verbessern.
Black-Matrix (Japan)	Black/Matrix ist ein Abenteuerspiel, das für den Saturn veröffentlicht wurde. Nach dem kosmischen Kampf zwischen Engeln und Dämonen, der mit einem Sieg der dämonischen Seite endete, befinden Sie sich im Gefängnis, weil Sie eine der sieben Sünden begangen haben: Liebe. Sie spielen einen Engel namens Abel, dessen Ziel es ist, seinen Herrn zu retten. Dazu müssen Sie Ihre Feinde mit Ihren magischen Angriffen eliminieren.
BlackFire (USA) (2S)	Blackfire ist ein Shooter für Saturn. In diesem Spiel übernimmt der Spieler die Kontrolle über den fortschrittlichsten Hubschrauber der Welt und kämpft gegen Feinde, die sich außerirdische Technologien angeeignet haben, um die Welt zu beherrschen. Der Hubschrauber ist mit Maschinengewehren und Raketen ausgestattet, mit denen er die 15 Level des Spiels durchfliegt, um feindliche Ziele zu zerstören und verbündete Einheiten zu unterstützen.
Blam! Machinehead (Europe)	Blam! Machinehead ist im Grunde ein normaler 3D-Shooter, in dem man auf Feinde schießt und futuristische, karge Ödlandschaften und verlassene Fabriken erkundet, während man versucht, die Welt zu retten. Der Spieler steuert Kimberly Stride, die Wissenschaftlerin ist. Sie muss die Welt vor einer bösen DNA retten, die langsam alles &quot;auffrisst&quot;. nnAls Spieler steuert man ein Hovercraft, das als sicheres Fahrzeug für die Reise durch diese verseuchte Welt konzipiert wurde. Das Spiel hat eine schöne 3D-Grafik und eine ganz eigene Stimmung, die es von den üblichen Shootern unterscheidet.
Blast Chamber (USA)	Blast Chamber ist ein Third-Person-Actionspiel für Saturn. Sie befinden sich im Jahr 2096 und steuern eine Figur, die eine Bombe am Körper trägt. Machen Sie sich bereit für schreckliche Konfrontationen in zahlreichen Levels in einem futuristischen Universum, in dem der Boden zur Decke und die Decke zum Boden wird. Ihr Ziel ist es, einen Kristall zu finden, mit dem Sie überleben und ihn so lange wie möglich behalten können.
Blast Wind (Japan)	Blast Wind ist ein Shoot'em Up, das 1997 exklusiv in Japan auf Sega Saturn veröffentlicht wurde. Eine nukleare Schockwelle hat praktisch die gesamte Erdbevölkerung zerstört. Die verbliebenen Menschen auf dem Planeten wurden von einem prophetischen Mann namens Noah an Bord eines Schiffes namens Arche versammelt. Nachdem die Strahlung verschwunden war, verließ die Menschheit die Arche und begann mit dem Aufbau blühender Zivilisationen.
Blazing Dragons (USA)	Blazing Dragons ist ein Saturn-Abenteuerspiel, das auf dem gleichnamigen Zeichentrickfilm basiert, der eine Abwandlung der König-Artus-Sage ist. Du spielst einen Drachen namens Fliker, der ein Erfinder im Königreich Camelot ist. Er will Ritter werden und ein Turnier gewinnen, um die Hand der Prinzessin Flame zu bekommen. Das Gameplay ist hauptsächlich Point-and-Click mit einigen Arcade-Phasen.
Blood Factory (Japan)	Loaded ist ein Actionspiel auf Saturn, in dem Sie einen von sechs Charakteren steuern, die Ihnen zur Verfügung stehen. Sie alle haben die Besonderheit, gelinde gesagt geheimnisvoll und beängstigend zu sein. Das Spiel wird von oben nach unten gespielt und ist sehr blutig und gewalttätig. Sie müssen Ihre Feinde mit Maschinengewehren aller Art vernichten.
Blue Breaker - Ken yori mo Hohoemi o (Japan)	„Blue Breaker“ mit der Bezeichnung „Love Role-Playing“ ist ein genreübergreifendes Spiel, das traditionelles japanisches Rollenspiel mit der Erkundung von Städten und Dungeons, Gruppenkämpfen usw. mit „Love Adventure“ kombiniert, bei dem Ihr Verhalten gegenüber Mädchen das Spiel beeinflusst Geschichte. „Blue Breaker“ bietet einen verzweigten Handlungsverlauf: Ereignisse erscheinen abhängig von den Fortschritten, die Sie mit Ihren weiblichen Begleitern gemacht haben. Ihre typischen RPG-Aktivitäten werden Ihre Beziehung zu den Mädchen beeinflussen.
Blue Seed - Kushinada Hirokuden (Japan)	Blue Seed: Kushinada Hirokuden ist ein Saturn-Rollenspiel. Das Spiel ist eine direkte Adaption der Zeichentrickserie und ermöglicht es Ihnen, die ursprüngliche Geschichte des Mangas noch einmal zu erleben. Spielen Sie als junger Momoji, der sich kürzlich den Regierungstruppen angeschlossen hat, um die Mächte des Bösen zu bekämpfen. Es erwarten Sie viele dynamische Schlachten mit dem Kartensystem.
Bomberman Wars (Japan)	Bomberman Wars ist ein Videospiel der Bomberman-Reihe und wurde am 16. April 1998 für Sega Saturn und Playstation veröffentlicht. Der Hauptcharakter ist King Bomber, der über das Königreich herrscht. Ziel des Spiels ist es, alle Teile des Bomber-Landes zu erobern. Im Laufe des Spiels kämpft man zudem gegen den Hauptbösewicht Bagular und seine vier Diener. Wie bei Bomberman üblich gibt es einen Mehrspielermodus. Der Fokus liegt jedoch auf dem Story-Modus, was seinerzeit noch unüblich für die Bomberman-Reihe war. Bomberman Wars ist das dritte Bomberman-Spiel für den Saturn und das Zweite für die Playstation.
Break Point (Europe) (En,Fr)	Break Point ist ein einfaches Tennisspiel. Du kannst auf verschiedenen Plätzen spielen, die sich in Umgebung und Stil unterscheiden. Es gibt sowohl einige Fantasieplätze als auch einige reale Plätze. Der Spieler kann zwischen verschiedenen Motion-Capture-Spielern und Spielmodi wählen, darunter Training, Pokal, Turnier und so weiter. Das Besondere an diesem Spiel ist die Tatsache, dass man mit bis zu 8 Spielern in einem Turnier spielen kann.
Break Point Tennis (USA)	Break Point ist ein einfaches Tennisspiel. Du kannst auf verschiedenen Plätzen spielen, die sich in Umgebung und Stil unterscheiden. Es gibt sowohl einige Fantasieplätze als auch einige reale Plätze. Der Spieler kann zwischen verschiedenen Motion-Capture-Spielern und Spielmodi wählen, darunter Training, Pokal, Turnier und so weiter. Das Besondere an diesem Spiel ist die Tatsache, dass man mit bis zu 8 Spielern in einem Turnier spielen kann.
Bubble Bobble also featuring Rainbow Islands (USA)	Bubble Bobble, das auch Rainbow Islands auf Saturn enthält, vereint die beiden klassischen Arcade-Spiele auf einer CD. Spiele mit Bub und Bob, zuerst in ihrer Dinosaurierform in Bubble Bobble, dann als Jungen in Rainbow Islands, während sie sich ihren Weg durch die Levels blasen und regenbogen.
Bug Too! (USA)	Bug Too! für Saturn ist ein 3D-Plattformspiel, in dem der Spieler eine Grille ist, die das Überleben ihres Volkes sichern muss. Dazu muss er verschiedene Ebenen durchlaufen, die alle Parodien von Filmen sind.
Bug Too! Motto Motto Jump Shite, Funzukechatte, Petchanko (Japan)	Bug Too! für Saturn ist ein 3D-Plattformspiel, in dem der Spieler eine Grille ist, die das Überleben ihres Volkes sichern muss. Dazu muss er verschiedene Ebenen durchlaufen, die alle Parodien von Filmen sind.
Bug! (USA)	Bugs krabbelnde Insektenfreunde müssen aus den Fängen der bösen Witwenkönigin Cadavra gerettet werden. Kämpfen Sie sich durch sechs Welten, um sie zu retten und die Spinnenkönigin zu finden und zu besiegen. In jeder Welt der 3D-Plattform-Action gibt es drei Level zu bewältigen. Bugs Hauptangriff ist sein Käferhüpfen, aber er kann auch Purzelbäume schlagen, spucken und zappen, wenn er unter Strom steht. Das Spiel enthält auch einige einfache Rätselelemente.
Bug! Jump Shite, Funzukechatte, Petchanko (Japan)	Bugs krabbelnde Insektenfreunde müssen aus den Fängen der bösen Witwenkönigin Cadavra gerettet werden. Kämpfen Sie sich durch sechs Welten, um sie zu retten und die Spinnenkönigin zu finden und zu besiegen. In jeder Welt der 3D-Plattform-Action gibt es drei Level zu bewältigen. Bugs Hauptangriff ist sein Käferhüpfen, aber er kann auch Purzelbäume schlagen, spucken und zappen, wenn er unter Strom steht. Das Spiel enthält auch einige einfache Rätselelemente.
Bulk Slash (Japan)	Bulk Slash besitzt ein Neo-Tokyo-Gefühl ala Neon Genesis Evangelion. Du beginnst mit missionsbasierten Zielen, die dir anhand von 3D-Karten der Gebiete erklärt werden. Ihr Mech ist mit Maschinengewehren, Granaten, einem Laserschwert für den Nahkampf und der Fähigkeit, sich in einen Jet zu verwandeln, ausgestattet. Der Jet hat zwei Maschinengewehre und kann sechs Zielsuchraketen gleichzeitig abfeuern, was an das Gameplay von Panzer Dragoon erinnert. Mit einem echten Bewegungsradius von 360 Grad können Sie zu Fuß überall hingehen und im Jet-Modus überall hinfliegen. Überall gibt es Powerups, von Flammenwerfern über Ziellaser bis hin zu elektrischen Blendgranaten. Jedes Ziel ist anders, von der Zerstörung von Hauptzielen bis zum Schutz eines Schiffes vor der Zerstörung. Aber in jedem Level gibt es einen Bosskampf. Die meisten Bosse sind riesig und nehmen den größten Teil des Bildschirms ein.
Burning Rangers (USA)	Als Mitglied der Burning Rangers ist es Ihre Aufgabe, eine Reihe von Bränden zu löschen und Menschen zu retten, die in der Hitze der Flammen gefangen sind. Während jedes Levels informiert Sie Ihr Quad-Leader über die kritischen Bereiche in bestimmten Gebäuden, wie z. B. mehrstöckige Lagerhäuser. Seinem Rat folgend, müssen Sie Ihren kybernetischen Schutzanzug einsetzen, um die Flammen in jedem Bereich zu löschen. Auf dem Weg dorthin treffen Sie auch auf Endgegner, die es auf die Stadt und Sie abgesehen haben. Deine Leistung wird danach bewertet, wie schnell du die Ziele erreicht hast, wie viele Leben du gerettet hast usw. Je besser du abschneidest, desto höher ist die Bewertung.
Bust-A-Move 2 - Arcade Edition (USA)	Bust-A-Move 2: Arcade Edition, in Japan bekannt als Puzzle Bobble 2X, ist die Fortsetzung der Arcade-Version von Bust-A-Move. Wie sein Vorgänger begann auch Bust-A-Move 2 in den Spielhallen, wurde aber 1996 auf Heimkonsolen wie dem Sega Saturn veröffentlicht. Bust-A-Move 2 fügt der Serie Grundelemente hinzu, wie z. B. das verzweigte, turnierähnliche Gameplay, wenn man gegen den Computer spielt. Außerdem gibt es einen Level-Editor. Trotz seines Namens ist Bust-A-Move 2: Arcade Edition eine leichte Verbesserung des Standard-Bust-A-Move 2, das für andere Konsolen veröffentlicht wurde. Sie enthält einen alternativen Satz von Levels sowie das Original
Bust-A-Move 3 (USA)	Bust-A-Move 3 auf Saturn ist ein Puzzlespiel, bei dem es darum geht, alle Blasen auf dem Bildschirm zu zerstören, um in den nächsten Level zu gelangen. Mit einer Kanone muss der Spieler drei gleichfarbige Blasen zusammenbringen, um sie verschwinden zu lassen. Ziel des Spiels ist es, zu verhindern, dass sich zu viele Blasen ansammeln und ein Limit am unteren Rand des Bildschirms überschritten wird.
Can Can Bunny Extra (Japan)	In diesem Can Can Bunny möchte der einsame Held eine Freundin finden und mit verschiedenen Mädchen Sex haben. Wieder einmal steht ihm die wohlwollende und wunderschöne Göttin Swatty mit ihren Gefolgsleuten, den sieben Glücksgöttern aus der japanischen Mythologie, zur Seite. Obwohl die Geschichte fast dieselbe ist wie im vorherigen Spiel, wurde das Gameplay erheblich verbessert. Die Benutzeroberfläche besteht immer noch aus traditionellen Menübefehlen im japanischen Stil, aber es gibt jetzt viel mehr Orte, von denen viele auf der Hauptkarte frei zugänglich sind. Sobald der Spieler den Punkt erreicht hat, an dem er ein Mädchen verführen kann, wechselt die Benutzeroberfläche auf Point-and-Click, mit einem kontextsensitiven Cursor zum Berühren, Küssen usw. Man muss verschiedene Aktionen mehrmals ausprobieren, um zu verstehen, was das Mädchen als angenehm empfindet, sonst kann das Mädchen wütend werden und das Spiel endet.
Can Can Bunny Premiere (Japan) (1M)	Der Spieler schlüpft in die Rolle eines gewöhnlichen japanischen Jungen, der in einem Restaurant arbeitet. Eines Tages kommt er nach Hause und findet sieben seltsame Kreaturen an seinem Tisch sitzen, dann erscheint eine schöne Frau mit grünem Haar. Es handelt sich um die Göttin Swatty, die über die sieben glücklichen Götter (die an Ihrem Tisch sitzen) gebietet. Swatty hat Mitleid mit dem einsamen Helden und beschließt, ihm bei der Suche nach einer Freundin zu helfen. Can Can Bunny Premier ist die vierte Episode der Can Can Bunny-Reihe. Es handelt sich um ein Abenteuer im reinsten japanischen Stil, ohne die strategischen Teile des vorherigen Spiels. Der Spieler wählt verbale Kommandos sowie kontextabhängige Kommandos und Dialogauswahlen, um im Spiel voranzukommen. An mehreren Stellen ist es möglich, die Geschichte zu verzweigen, was sich hauptsächlich darauf auswirkt, wie gut der Held bei einem Mädchen ankommt.
Can Can Bunny Premiere 2 (Japan) (Disc 1)	In diesem Spiel spielen die Spieler die Rolle eines einsamen Typen, der sich eine Freundin wünscht. Am Tag, an dem er nach Hause kommt, gibt es eine riesige Explosion. In seinem Zimmer sah er sieben kleine Zwerge, die japanischen Glücksgötter. Bei ihnen war ein schönes Mädchen mit grünen Haaren und sie gab ihm etwas, das sie den &quot;Stern der Orientierung&quot; nannte. Am nächsten Tag traf er auf ein hübsches Mädchen und auf mysteriöse Weise leuchtete der «Star of Guidance»...
Casper (USA)	Casper ist die Saturn-Verfilmung des Films von 1995, der wiederum auf dem Zeichentrickfilm Casper the Friendly Ghost von 1945 basiert. Kat und ihr Vater kommen in einem alten Spukhaus an und treffen dort auf Casper und seine drei nicht gerade freundlichen Onkel. Casper, der es leid ist, allein zu sein, muss versuchen, Kat zu seiner Freundin zu machen. Dazu muss er durch das riesige Haus gehen und seine Onkel überwinden.
Cat the Ripper - 13Ninme no Tanteishi (Japan)	Cat the Ripper 13-ninme no Tanteishi ist ein altmodisches First-Person-Abenteuerspiel. Das Spiel wird wie die meisten Abenteuerspiele auf der Konsole mit der Point-and-Click-Methode gespielt. Die Spieler müssen ermitteln, um herauszufinden, wer hinter den Verbrechen steckt, die mit dem Zeichen Catis begangen werden.
Center Ring Boxing (USA)	Center Ring Boxing ist ein Saturn-Kampfspiel, in dem Sie Ihren eigenen Kämpfer erstellen und entwickeln. Sie müssen Ihre Kampffähigkeiten wie Geschwindigkeit, Ausdauer und Kraft verbessern, um im Rang aufzusteigen und Champion zu werden.
Chaos Control (Europe) (En,Fr,De)	Chaos Control hat drei separate Veröffentlichungen auf dem Saturn erlebt. Seine ursprüngliche japanische Inkarnation, Chaos Control, wurde im Dezember 1995 veröffentlicht und stieß bei Kritikern auf gemischte Ansichten. Bei der Einführung nach Europa im Jahr 1996 wurden viele der zugrunde liegenden Probleme behoben, was zu schnelleren Ladezeiten, verbesserten Grafiken und Zwischensequenzen sowie Unterstützung für die Virtua Gun führte. Im November desselben Jahres wurde es dann in Japan als Chaos Control Remix erneut veröffentlicht. In Nordamerika wurden nie Versionen des Spiels veröffentlicht.
Chelnov (Japan) (Proto) (1997-07-23)	Atomic Runner sollte in seiner ursprünglichen Arcade-Form einmal für den Sega Saturn erscheinen. Es erschien 1997 auf der Tokyo Game Show und in verschiedenen Spieleläden im Akihabara-Bezirk von Tokio, wurde aber aus unbekannten Gründen abgesagt. Ein Prototyp ist seitdem ins Internet gelangt.
Christmas Nights into Dreams... (USA)	Christmas NiGHTS into Dreams ist eine &quot;Demo&quot; von NiGHTS into Dreams mit einem Level. Es wurde ursprünglich im November 1996 für den Sega Saturn veröffentlicht. Aufgrund des kostenlosen Charakters ist Christmas NiGHTS ein viel kleineres Spiel als NiGHTS into Dreams - es gibt nur einen Level (Spring Valley - fast identisch mit dem Level im regulären NiGHTS), aber im Gegensatz zum Original ist es sowohl als Elliot als auch als Claris spielbar. Wenn man als Elliot spielt, ist die Bühne gespiegelt. Das Weihnachts-NiGHTS ist weihnachtlich gestaltet, daher wurden die Grafiken und die Musik durch winterliche Versionen der Originalbühne ersetzt (allerdings nur im Winter). Zum Beispiel sind die Ideya Captures jetzt riesige schwebende Weihnachtsbäume, und NiGHTS trägt rote statt lila Kleidung. Das Gameplay ist weitgehend identisch mit dem des Originalspiels, einschließlich des A-Life-Systems, das durch das Besiegen von Feinden verändert wird.
Clockwork Knight - Pepperouchau no Daibouken Gekan (Japan) (2M)	Clockwork Knight 2 ist das zweite (und bis heute letzte) Spiel mit den Abenteuern von Sir Tongara de Pepperouchau III. Es behält den gleichen Spielstil (eine Mischung aus 2D-Side-Scrolling-Plattformer mit 3D-Elementen, mäßig im Stil von Sega Saturn's Bug!), bunte Musik und Gameplay seines Vorgängers. Allerdings wird deine Mission diesmal etwas anders sein (obwohl sie immer noch mit Clockwork Princess Chelsea zusammenhängt), da die Schlussszene des ersten Spiels nicht so gut war wie erwartet und du deshalb versuchen solltest, wieder dein Bestes zu geben, um Chelsea für Pepperouchau vollständig zu retten.
Clockwork Knight - Pepperouchau no Daibouken Joukan (Japan)	Phantstische Graphik, die zum größten Teil mit Silicon Graphics-Workstation erstellt wurde, schafft eine kino-ähnliche Atmosphäre inmitten dieser einzigartigen 3-D Spielzeugwelt. Turmhohe Gebäude, die kurz vor ihm einstürzen und flinke Bösewichte forden halsbrecherische Ausweichmanöver von dem mutigen Aufziehritter Pepperouchau.
Clockwork Knight - Pepperouchau's Adventure (USA) (3S)	Phantstische Graphik, die zum größten Teil mit Silicon Graphics-Workstation erstellt wurde, schafft eine kino-ähnliche Atmosphäre inmitten dieser einzigartigen 3-D Spielzeugwelt. Turmhohe Gebäude, die kurz vor ihm einstürzen und flinke Bösewichte forden halsbrecherische Ausweichmanöver von dem mutigen Aufziehritter Pepperouchau.
Clockwork Knight 2 - Pepperouchau's Adventure (USA, Brazil)	Clockwork Knight 2 ist das zweite (und bis heute letzte) Spiel mit den Abenteuern von Sir Tongara de Pepperouchau III. Es behält den gleichen Spielstil (eine Mischung aus 2D-Side-Scrolling-Plattformer mit 3D-Elementen, mäßig im Stil von Sega Saturn's Bug!), bunte Musik und Gameplay seines Vorgängers. Allerdings wird deine Mission diesmal etwas anders sein (obwohl sie immer noch mit Clockwork Princess Chelsea zusammenhängt), da die Schlussszene des ersten Spiels nicht so gut war wie erwartet und du deshalb versuchen solltest, wieder dein Bestes zu geben, um Chelsea für Pepperouchau vollständig zu retten.
Command & Conquer (USA) (Disc 1) (GDI Disc)	Command & Conquer entwickelte Ideen aus Westwoods früherem Dune 2 weiter und schuf ein Echtzeit-Strategiespiel, das viele beeinflusst hat. Das Steuerungssystem, bei dem die Einheiten mit der Maus ausgewählt und dann gelenkt werden, ähnelt zukünftigen Titeln wie Total Annihilation. Im Mittelpunkt des Spiels steht ein Krieg zwischen zwei Organisationen, der Bruderschaft von Nod und der Global Defense Initiative. Sie können beide Seiten in über 15 Missionen steuern. Beide haben unterschiedliche Einheiten und Strukturen, darunter Artillerie, Panzer und leichte Infanterie.
Command & Conquer - Teil 1 - Der Tiberiumkonflikt (Germany) (Disc 1) (GDI)	Command & Conquer entwickelte Ideen aus Westwoods früherem Dune 2 weiter und schuf ein Echtzeit-Strategiespiel, das viele beeinflusst hat. Das Steuerungssystem, bei dem die Einheiten mit der Maus ausgewählt und dann gelenkt werden, ähnelt zukünftigen Titeln wie Total Annihilation. Im Mittelpunkt des Spiels steht ein Krieg zwischen zwei Organisationen, der Bruderschaft von Nod und der Global Defense Initiative. Sie können beide Seiten in über 15 Missionen steuern. Beide haben unterschiedliche Einheiten und Strukturen, darunter Artillerie, Panzer und leichte Infanterie.
Contra - Legacy of War (USA)	Kontra: Legacy of War ist ein von Konami produziertes und von Appaloosa Interactive entwickeltes 3D-Action-Spiel, das ursprünglich 1996 für die PlayStation und Sega Saturn veröffentlicht wurde. Es war das erste von zwei Contra-Spielen, die extern von Appaloosa entwickelt wurden, gefolgt von C: The Contra Adventure im Jahr 1998. Das Spiel markiert den Sprung der Serie zu dreidimensionalen Grafiken und kontroversen Änderungen im Gameplay. Legacy of War wurde zusammen mit einer 3D-Anaglyphenbrille veröffentlicht, die das Spiel unterstützte. Legacy of War zeichnet sich dadurch aus, dass es das erste Konsolenspiel der Serie ist, das sowohl den Contra-Titel als auch menschliche Charaktere während der Veröffentlichung in Europa und Australien (wo die Konsolenserie seit dem ersten NES-Spiel und bis zu Contra: Hard Corps als Probotector bekannt ist) beibehalten hat. Das Spiel sollte auch in Japan veröffentlicht werden, wurde aber verworfen.
Courier Crisis - The Saga of the Modern Fatalist (USA)	Courier Crisis ist ein Rennspiel auf Saturn. Sie agieren in Umgebungen wie Chinatown oder Skid Row. Darüber hinaus müssen Sie den Polizisten ausweichen, die Sie im dichten Verkehr verfolgen, und gleichzeitig Fußgängern ausweichen. Sie haben die Möglichkeit, mehrere Transportmittel wie ein Auto oder ein Fahrrad zu nutzen. Wirst du der Schnellste sein?
Crimewave (USA)	Crime Wave ist ein Actionspiel für Saturn. Sie spielen einen Polizisten, dessen Ziel es ist, eine kriminelle Organisation zu zerschlagen, die die einzige Tochter des Präsidenten der Vereinigten Staaten entführt hat. Für Ihren Einsatz steht Ihnen ein hochentwickeltes Arsenal zur Verfügung. Ihr Auftrag führt Sie in die Slums oder in die Stadt.
Criticom (USA)	Criticom ist ein Eins-gegen-Eins-Kampfspiel, in dem 8 verschiedene Kämpfer aus der ganzen Galaxie um ein Kristallartefakt kämpfen. Das Spiel bietet eine Science-Fiction-Hintergrundgeschichte mit Geheimnissen und Intrigen rund um den Kristall, und jeder der 8 Kämpfer erhält eine eigene Geschichte, um zu erklären, warum sie so sehr an dem Artefakt interessiert sind. Zu den farbenfrohen Charakteren gehören ein riesiger Echsenmann namens Gorm, eine Ninja-Frau namens Yenji, ein mörderischer Roboter namens SID und ein mysteriöses vampirähnliches Wesen namens Demonica, das wenig Wert auf Kleidung legt.
Criticom - The Critical Combat (Japan)	Criticom ist ein Eins-gegen-Eins-Kampfspiel, in dem 8 verschiedene Kämpfer aus der ganzen Galaxie um ein Kristallartefakt kämpfen. Das Spiel bietet eine Science-Fiction-Hintergrundgeschichte mit Geheimnissen und Intrigen rund um den Kristall, und jeder der 8 Kämpfer erhält eine eigene Geschichte, um zu erklären, warum sie so sehr an dem Artefakt interessiert sind. Zu den farbenfrohen Charakteren gehören ein riesiger Echsenmann namens Gorm, eine Ninja-Frau namens Yenji, ein mörderischer Roboter namens SID und ein mysteriöses vampirähnliches Wesen namens Demonica, das wenig Wert auf Kleidung legt.
Croc - Legend of the Gobbos (USA)	Croc ist ein Actionspiel für Saturn. Hilf Croc, dem Krokodil, seine Freunde auf Gobbo Island zu retten, die vom bösen Magier Baron Dante entführt wurden. Reisen Sie durch verschiedene 3D-Umgebungen voller Monster wie Vulkane, Wälder, Gletscher und überflutete Höhlen. Viele Hindernisse werden sich Ihnen in den Weg stellen.
Croc! Pau-Pau Island (Japan)	Croc ist ein Actionspiel für Saturn. Hilf Croc, dem Krokodil, seine Freunde auf Gobbo Island zu retten, die vom bösen Magier Baron Dante entführt wurden. Reisen Sie durch verschiedene 3D-Umgebungen voller Monster wie Vulkane, Wälder, Gletscher und überflutete Höhlen. Viele Hindernisse werden sich Ihnen in den Weg stellen.
Cross Tantei Monogatari (Japan) (Demo 1)	Cross Tantei Monogatari: Motsureta Nanatsu no Labyrinth ist ein Abenteuerspiel. Der Spieler schlüpft in die Rolle eines 18-jährigen Detektivs (Koruso Ken), der von seiner Partnerin, einer 19-jährigen (Nishiyama Tomoko), unterstützt wird und eine Detektei betreibt. Das Spiel bietet 7 verschiedene Fälle, die an verschiedenen Orten in und außerhalb der Stadt spielen, mit unterschiedlichen Charakteren und Verdächtigen in jeder Episode. Das Spiel bietet auch japanische Synchronisationen für alle Charaktere. Das Gameplay besteht darin, jede Geschichte zu beobachten, bis das Verbrechen geschieht. Dann wechselt das Gameplay, sodass der Spieler den Tatort untersuchen und nach Hinweisen suchen kann, die ihm helfen, jeden Fall zu lösen.
Cross Tantei Monogatari - Motsureta Nanatsu no Labyrinth (Japan) (Disc 1)	Cross Tantei Monogatari: Motsureta Nanatsu no Labyrinth ist ein Abenteuerspiel. Der Spieler schlüpft in die Rolle eines 18-jährigen Detektivs (Koruso Ken), der von seiner Partnerin, einer 19-jährigen (Nishiyama Tomoko), unterstützt wird und eine Detektei betreibt. Das Spiel bietet 7 verschiedene Fälle, die an verschiedenen Orten in und außerhalb der Stadt spielen, mit unterschiedlichen Charakteren und Verdächtigen in jeder Episode. Das Spiel bietet auch japanische Synchronisationen für alle Charaktere. Das Gameplay besteht darin, jede Geschichte zu beobachten, bis das Verbrechen geschieht. Dann wechselt das Gameplay, sodass der Spieler den Tatort untersuchen und nach Hinweisen suchen kann, die ihm helfen, jeden Fall zu lösen.
Crow, The - City of Angels (USA)	The Crow ist ein Third-Person-Actionspiel für Saturn. Der Titel ist vom gleichnamigen Film inspiriert. Ziel des Spiels ist es, die vier Mörder aufzuspüren und aufzuspüren, die Ihrem Leben und dem Ihres Sohnes ein Ende gesetzt haben. Dazu stehen Ihnen mehrere Waffen wie Schrotflinten oder Brecheisen zur Verfügung.
Crows - The Battle Action for SegaSaturn (Japan)	Crows: The Battle Action ist ein Actionspiel auf Saturn. Das direkt von japanischen Mangas inspirierte Spiel lädt Sie ein, als junger Straftäter mitten auf den Straßen der Stadt gegen zahlreiche rivalisierende Banden anzutreten. Insgesamt stehen vier Charaktere zur Verfügung, von denen zwei im Laufe des Spiels freigeschaltet werden können. Um deine Feinde zu besiegen, stehen dir zahlreiche Moves zur Verfügung, darunter auch der legendäre „Deutsche Souplex“.
Crusader - No Remorse (USA)	Crusader: No Remorse ist ein Actionspiel, das von Origin Systems entwickelt und von Electronic Arts veröffentlicht wurde. Es wurde erstmals 1995 für den PC DOS veröffentlicht, die Portierungen für Sony PlayStation und Sega Saturn folgten im Jahr 1997. Das Spiel spielt in einer dystopischen Welt des 22. Jahrhunderts und handelt von einem Elite-Supersoldaten, der von der tyrannischen Weltregierung, dem World Economic Consortium (WEC), abtrünnig wird und sich den Widerstandsrebellen anschließt. Auf das von der Kritik gut aufgenommene No Remorse folgte die PC-exklusive Fortsetzung Crusader: No Regret im Jahr 1996.
Crypt Killer (USA)	Crypt Killer ist ein Horror-Light-Gun-Shooter. Als unermüdlicher Abenteurer sind Sie auf der Suche nach den „Augen der Führung“, uralten Kristallen mit geheimnisvoller Kraft. Um sie zu finden, musst du dich durch Horden von Monstern schießen.
Cyber Speedway (USA)	Cyber Speedway ist ein Schwebeschlitten-Rennspiel, das in einer fernen Zukunft spielt. Die Zivilisationen vieler Planeten haben beschlossen, alle Kriege zu beenden. Stattdessen werden sie ihre Differenzen im Cyber Race austragen. Du bist die beste Hoffnung, um die Macht der Erde zu schützen und zu erweitern. Das Hauptspiel von Cyber Speedway ist der Story-Modus. Die Geschichte folgt Ihrem Charakter, wie er sich als Fahrer der Erde qualifiziert und sich seinen Weg durch eine Reihe von Planetenrennen bahnt, um der Champion zu werden. In jedem der Rennen müssen Sie den ersten Platz belegen, um weiterzukommen.
Cyberia (USA) (En,Fr,De)	Cyberia für Saturn ist ein Third-Person-Action-/Erkundungsspiel mit First-Person-Shooter. Die Geschichte spielt im Jahr 2027 in einer Welt, die von zwei Supermächten kontrolliert wird. Der Spieler schlüpft in die Rolle von Zak, einem renommierten Hacker, der eigens für eine bestimmte Mission aus dem Gefängnis entlassen wurde, die ihn zur Cyberia-Basis führt, wo eine mysteriöse neue Waffe entwickelt wird.
D (USA) (Disc 1)	D ist ein Puzzlespiel, bei dem Laura esoterische Inventarrätsel innerhalb eines sehr engen Zeitlimits lösen muss. Jede der vier Discs des Spiels muss in etwa dreißig Minuten abgeschlossen werden, und Speichern ist nicht möglich. Die Zeit wird mit Lauras Taschenuhr überwacht. Die Taschenuhr kann auch dazu verwendet werden, Hinweise für Rätsel zu geben, aber nach dreimaligem Gebrauch zerbricht das Glas und funktioniert nicht mehr. Das Spiel hat auch mehrere Endungen. Die Geschichte beginnt im Jahr 1997. Es ist spät in der Nacht in der Stadt Los Angeles, und in einem allgemeinen Krankenhaus am Rande der Innenstadt hat sich ein Massenmord ereignet. Der Täter ist der Direktor des Krankenhauses, Richter Harris.
D no Shokutaku (Japan) (Disc 1)	D ist ein Puzzlespiel, bei dem Laura esoterische Inventarrätsel innerhalb eines sehr engen Zeitlimits lösen muss. Jede der vier Discs des Spiels muss in etwa dreißig Minuten abgeschlossen werden, und Speichern ist nicht möglich. Die Zeit wird mit Lauras Taschenuhr überwacht. Die Taschenuhr kann auch dazu verwendet werden, Hinweise für Rätsel zu geben, aber nach dreimaligem Gebrauch zerbricht das Glas und funktioniert nicht mehr. Das Spiel hat auch mehrere Endungen. Die Geschichte beginnt im Jahr 1997. Es ist spät in der Nacht in der Stadt Los Angeles, und in einem allgemeinen Krankenhaus am Rande der Innenstadt hat sich ein Massenmord ereignet. Der Täter ist der Direktor des Krankenhauses, Richter Harris.
Daikoukai Jidai Gaiden (Japan)	In „Daikoukai Jidai Gaiden“ schlüpfst du in die Rolle eines Kapitäns und führst eine maritime Flotte, um Handel zu betreiben, Schätze zu suchen, neue Gebiete zu erkunden oder dich der Piraterie hinzugeben. Während das Spiel viele Freiheiten bietet, folgt die Handlung dennoch einem bestimmten Verlauf, und Abweichungen können den Fortschritt der Geschichte beeinflussen. Die Geschichte dreht sich um zwei Hauptcharaktere und vertieft die übergreifende Handlung der Reihe.
Daikoukai Jidai II (Japan)	Im ersten Uncharted Waters-Spiel wurde im 15. Jahrhundert die „Neue Welt“ entdeckt. Jetzt, in New Horizons, ist es das frühe 16. Jahrhundert und das Zeitalter der Erforschung sowie der Seehandel im Gange. Als Spieler können Sie aus sechs Abenteuer (Szenarien) auswählen, die jeweils ihre eigene, aber miteinander verflochtene Handlung haben. Unabhängig vom gewählten Charakter ist Uncharted Waters eine Top Segelsimulation.
Darius Gaiden (USA)	Darius Gaiden auf Saturn ist ein Side-Scrolling-Shooter, der der Handlung von Darius I folgt. Sie sind auf der Suche nach einem sicheren Zufluchtsort, nachdem Sie wegen des Konflikts gegen Darius von der Erde fliehen mussten. Sie sind auf der Suche nach einem Zufluchtsplaneten, nachdem Sie wegen des Konflikts mit Darius von der Erde fliehen mussten. Darius ist nicht tot und will dich daran hindern, dein Ziel zu erreichen, also beschließt du, in deinem Raumschiff zu kämpfen! Dieses Schiff verfügt über verschiedene Waffen, die sich je nach den Boni, die Sie im Laufe des Spiels sammeln, weiterentwickeln.
Darius II (Europe)	Darius II findet einige Zeit nach dem ersten Darius-Spiel statt. Der kolonisierte Planet Darius erholt sich von der Invasion der außerirdischen Belser-Armee dank der Helden Proco und Tiat aus diesem Spiel. Die Bewohner von Darius haben sich inzwischen auf dem Planeten Olga niedergelassen, während die Gesellschaften, die Architektur und die angegriffenen Gebiete von Darius repariert werden. Das auf Olga eingerichtete Raumflug-Hauptquartier empfängt ein SOS-Signal, das von der Erde kommt, wo die ersten Kolonisten herkamen, bevor sie Darius kolonisierten. Das Signal enthielt die Beschreibung von außerirdischen Schiffen, die denen der Belser-Armee ähnelten. In der Annahme, dass es sich um ihre verbliebenen Vorfahren von der Erde handelt, schickt das Volk von Darius sowohl Proco Jr. als auch Tiat Young, um ihnen zu helfen.
Dark Legend (USA)	Dark Legend oder Suiko Enbu (Outlaws of the Lost Dynasty) ist ein 1-gegen-1-2D-Kampfspiel, das im mittelalterlichen China spielt und auf den Mythen der klassischen chinesischen Geschichte „Shuihuzhuan“ basiert. Wählen Sie aus einer Gruppe von 11 Kämpfern und treten Sie mit Ihren speziellen Moves und Angriffen gegeneinander an. Außerdem kämpft jeder Charakter mit seiner eigenen einzigartigen Waffe, aber je nachdem, wie stark Sie blocken, kann Ihre Waffe zerbrechen und Sie müssen den Kampf mit bloßen Händen und mit einem anderen Moveset und im Allgemeinen schnelleren (aber weniger starken) Angriffen beenden. Enthält den Standard-Vs-Kopf-an-Kopf-Modus sowie einen Originalmodus, der wie das Arcade-Original gespielt wird, und einen Spezialmodus mit arrangierten Moves und optimierter Balance.
Dark Savior (USA)	Du schlüpfst in die Rolle von Garian auf der Suche nach Bilan, einem entflohenen Gefangenen. Erforschen Sie mehr als 300 üppige 3D-Umgebungen und lösen Sie eine Vielzahl von Rätseln. Sobald Sie einige Rätsel gelöst haben, werden neue Waffen und Gegenstände verfügbar. Diese Gegenstände und Artillerie sind sehr nützlich gegen die Monster und Feinde, denen Garian begegnet. Wenn ein Kampf ausbricht, muss Garian einen Feind in einem dreirundigen Kampf besiegen. Über 8 verschiedene Enden!
Dark Seed II (Japan)	Die Geschichte spielt ein Jahr nach den Ereignissen, die sich im ersten Teil ereignet hatten. Mike Dawson, der durch seine Erlebnisse in Woodland Hills traumatisiert ist, hat Kalifornien verlassen und sich in Crowley niedergelassen. Da er sich immer wieder an seine Begegnung mit der dunklen Welt erinnert, leidet Mike psychisch. Fast hätte er wieder etwas Schwung bekommen, als er sich seiner Jugendfreundin Rita näherte, in die er heimlich verliebt ist. Doch Rita wurde brutal ermordet. Der Mord ereignete sich am Abend des College-Abschlussballs und Mike war die letzte Person, die mit ihr gesehen wurde. Da er des Mordes verdächtigt wird, fällt es Mike schwer, ein Alibi vorzuweisen, denn er kann sich an nichts mehr erinnern. Ein schwarzer Bildschirm hat seine Erinnerungen ausgelöscht. Sind die Ältesten, die Kreaturen der dunklen Welt, zurückgekehrt? Die Albträume und Migräneanfälle beginnen wieder. Sie müssen die Ermittlungen aufnehmen, um sich selbst zu entlasten.
Darklight Conflict (USA) (En,Fr,De,Es,It,Sv)	Darklight Conflict on Saturn ist ein Weltraum-Rollenspiel, in dem Sie als der einzige Mann schlüpfen, der die Menschheit an Bord seines Schiffes vor der Invasion nicht nur einer, sondern zweier außerirdischer Rassen schützen will! Erforschung des Weltraums auf der Suche nach einer Möglichkeit, diese Invasionen zu stoppen.
Darkseed (Japan)	Dark Seed ist ein Third-Person-Adventure-Spiel, in dem Sie die Rolle von Mike Dawson übernehmen. Dieser brillante Werbefachmann ist auf der Suche nach Einsamkeit, um sich dem Schreiben zu widmen. Seine Suche führt ihn nach Woodland Hills, wo er ein wunderschönes viktorianisches Haus für einen Spottpreis erwirbt. Doch kaum ist er in der Villa gelandet, zwingt ihn ein unwiderstehliches Schlafbedürfnis dazu, einzunicken. Das Spiel beginnt, als Mike aufwacht, mit einer stechenden Migräne, die ihn am Denken hindert: ein quälender Albtraum, mysteriöse Vermisstenfälle, Bewohner, die sich in ihren Häusern verbarrikadieren, unkooperative Polizisten. Sie haben drei Tage Zeit, um herauszufinden, was vor sich geht, und um die Verschwörung der Aliens aufzuhalten, die in einer dunklen Welt leben, die durch einen Spiegel mit unserer Welt verbunden ist. Der Spiegel, der in Mike Dawsons Wohnzimmer hängt, ist derselbe.
Daytona USA (USA)	Daytona USA auf Saturn ist eine Portierung des gleichen Nascar-Rennspiels, das auf Arcade-Terminals gespielt wurde. Sie finden 3 Titel, die Sie in verschiedenen Modi spielen können, z. B. im Spiegelmodus. Diese Version enthält auch einen neuen Modus speziell für den Saturn. Sie können verschiedene Arten von Rennen spielen, von normalen Rennen bis hin zu Grand Prix und Ausdauerrennen, die die Anzahl der zu absolvierenden Runden stark beeinflussen.
Daytona USA - Championship Circuit Edition (USA)	Alles von seinem Vorgänger und noch einiges mehr. Mehr Strecken, viel mehr Autos (auch versteckte Autos), intelligentere KI, mehr Musik (auch keine Texte mehr für die Rennmusik im Spiel), breiteres 2-Spieler-Gameplay, verfeinerte Arcade-Physik... und zu allem Überfluss - BESSERE GRAFIK! Das erste Daytona auf dem Saturn hatte eine beeindruckende Grafik, die den Massen bei der Geburt der Konsole die Leistungsfähigkeit des Saturn vor Augen führte; aber damit der Saturn für alles, was er war, verehrt werden konnte, musste Sega (und AM2) etwas Auffälligeres entwickeln. Alle Grafiken im Spiel wurden aktualisiert... sowohl die Autos als auch die Strecken haben eine höhere Polygonzahl, besseres Texture Mapping; die Framerate ist SEHR deutlich verbessert, alles ist sehr flüssig.
Daytona USA - Circuit Edition (Japan)	Alles von seinem Vorgänger und noch einiges mehr. Mehr Strecken, viel mehr Autos (auch versteckte Autos), intelligentere KI, mehr Musik (auch keine Texte mehr für die Rennmusik im Spiel), breiteres 2-Spieler-Gameplay, verfeinerte Arcade-Physik... und zu allem Überfluss - BESSERE GRAFIK! Das erste Daytona auf dem Saturn hatte eine beeindruckende Grafik, die den Massen bei der Geburt der Konsole die Leistungsfähigkeit des Saturn vor Augen führte; aber damit der Saturn für alles, was er war, verehrt werden konnte, musste Sega (und AM2) etwas Auffälligeres entwickeln. Alle Grafiken im Spiel wurden aktualisiert... sowohl die Autos als auch die Strecken haben eine höhere Polygonzahl, besseres Texture Mapping; die Framerate ist SEHR deutlich verbessert, alles ist sehr flüssig.
Dead or Alive (Japan) (1M)	Der erste Teil der Dead or Alive-Reihe, der viele der Merkmale aufweist, die die DoA-Reihe heute so beliebt gemacht haben: einigermaßen realistische Kämpfe, gutes Charakterdesign und spärlich bekleidete Frauen, deren Brüste viel wackeln. Das Spiel hält sich nicht allzu sehr mit einer Hintergrundgeschichte auf - es ist ein 3D-Einzelkämpfer, der in einer Arena mit begrenztem Raum stattfindet. Jeder Charakter hat seine eigene Art zu kämpfen, seine eigenen Fähigkeiten und sogar seine eigenen Hobbys und Vorlieben. (Ryu Hayabusa - ja, der berühmte Ninja Gaiden - mag zum Beispiel Sushi, Bergsteigen und Angeln).
Deadalus (Japan) (1M)	Robotica ist ein Actionspiel für Saturn. Du entwickelst dich in einem Universum, in dem Roboter von einem Virus befallen sind und rebelliert haben, um die Welt zu erobern. Sie sind der Einzige, der die Macht hat, sie aufzuhalten! Ausgestattet mit verschiedenen Hightech-Waffen bewegen Sie sich durch verschiedene Level, um die bösen Roboter zu vernichten.
DecAthlete (USA)	Athlete Kings ist eine Umsetzung des Sega-Münzspiels Decathlete aus dem Jahr 1995, in dem man in allen 10 Disziplinen eines Zehnkampfs antreten kann. Das Spiel ist in zwei Modi unterteilt. Der erste ist der eigentliche Zehnkampf-Modus, in dem Sie alle 10 Disziplinen in der Standardreihenfolge durchspielen können. Für die Leistungen in den einzelnen Disziplinen werden Punkte vergeben, und nach Abschluss der Disziplinen erhalten Sie Ihre endgültige Decathlon-Punktzahl als Belohnung. Es gibt auch einen Arcade-Modus, der, wie nicht anders zu erwarten, eine direkte Übertragung des Arcade-Spiels ist. In diesem Modus können Sie vom ersten Tag an auswählen, welche der 5 Disziplinen Sie spielen möchten, müssen aber eine Qualifikationspunktzahl in dieser Disziplin erreichen, um weiterzukommen. Sobald Sie sich für alle fünf Events qualifiziert haben, können Sie an Tag 2 zu den nächsten fünf Events übergehen.
DecAthlete for SegaNet (Japan)	Athlete Kings ist eine Umsetzung des Sega-Münzspiels Decathlete aus dem Jahr 1995, in dem man in allen 10 Disziplinen eines Zehnkampfs antreten kann. Das Spiel ist in zwei Modi unterteilt. Der erste ist der eigentliche Zehnkampf-Modus, in dem Sie alle 10 Disziplinen in der Standardreihenfolge durchspielen können. Für die Leistungen in den einzelnen Disziplinen werden Punkte vergeben, und nach Abschluss der Disziplinen erhalten Sie Ihre endgültige Decathlon-Punktzahl als Belohnung. Es gibt auch einen Arcade-Modus, der, wie nicht anders zu erwarten, eine direkte Übertragung des Arcade-Spiels ist. In diesem Modus können Sie vom ersten Tag an auswählen, welche der 5 Disziplinen Sie spielen möchten, müssen aber eine Qualifikationspunktzahl in dieser Disziplin erreichen, um weiterzukommen. Sobald Sie sich für alle fünf Events qualifiziert haben, können Sie an Tag 2 zu den nächsten fünf Events übergehen.
Deep Fear (Europe) (Disc 1)	Deep Fear ist ein Shooter/Survival-Horrorspiel für Saturn. In den tiefen Gewässern des Pazifiks wird ein nicht identifiziertes Objekt gesichtet. Das U-Boot Seafox wird sofort zum Eingreifen geschickt. Leider reagiert der Seafox nicht... Können Sie den Horror überleben?
Defcon 5 (Europe)	DefCon 5 auf Saturn ist ein Actionspiel mit einigen Rollenspielelementen. In der nahen Zukunft spielen Sie einen Ingenieur, der für die Automatisierung der Computersysteme einer Verteidigungsbasis zuständig ist, wenn diese angegriffen wird. Es liegt an Ihnen, einen Ausweg zu finden, die richtigen Schlüssel in die Hände zu bekommen und Ihre Ausrüstung zu verwalten, um aus dieser verzwickten Situation herauszukommen.
Defcon 5 - Peace Has a Price... (USA)	DefCon 5 auf Saturn ist ein Actionspiel mit einigen Rollenspielelementen. In der nahen Zukunft spielen Sie einen Ingenieur, der für die Automatisierung der Computersysteme einer Verteidigungsbasis zuständig ist, wenn diese angegriffen wird. Es liegt an Ihnen, einen Ausweg zu finden, die richtigen Schlüssel in die Hände zu bekommen und Ihre Ausrüstung zu verwalten, um aus dieser verzwickten Situation herauszukommen.
DeJig - Lassen - Art Collection (Japan)	Dieser Band von Dejig zeigt 20 Kunstwerke von Christian Riese Lassen, die die Spieler in Form eines Puzzles zusammensetzen müssen. Die Puzzles sind vom Typ Standard-Rechteck und vom Typ Rund. Als Bonus gibt es eine Videodokumentation über Christian Riese Lassen.
DeJig - McKnight - Art Collection (Japan)	In diesem Band von Dejig werden 20 Werke von Thomas McKnight vorgestellt, die die Spieler in Form eines Puzzles zusammensetzen müssen. Als Bonus gibt es ein Videointerview mit Thomas McKnight und seiner Frau, die über die Bilder sprechen.
Deka 4-ku - Tough the Truck (Japan)	Hard Core 4x4 auf Saturn ist ein Rennspiel, bei dem Sie sich hinter das Steuer eines Lastwagens oder eines großen Geländewagens setzen. Spüren Sie in jedem Gelände, insbesondere auf Trails, die Federung Ihres Fahrzeugs und kommen Sie als Erster ins Ziel. Halten Sie Ihr Fahrzeug bei jedem Wetter intakt.
Dennou Senki - Virtual On - Cyber Troopers (Japan)	In der Zukunft wird eine alte, fortschrittliche Hochtechnologie entdeckt. Mit ihrer Hilfe ist die Firma DN in der Lage, Mechas, sogenannte VRs (VirtuaRoids), zu bauen, die bei verschiedenen Aufgaben helfen. Um ihre Forschung zu erleichtern, hat DN ihr Forschungszentrum auf dem Mond eingerichtet. Leider drehen die Computer in diesem Zentrum durch und DN sieht sich gezwungen, von Menschen gesteuerte VRs von der Erde zu schicken, um die Situation wieder unter Kontrolle zu bringen, bevor der Mond das Unwiederbringliche tut. In diesem Kampfspiel haben Sie die Wahl, einen von acht Robotern zu steuern. Jeder von ihnen hat seine eigenen Fähigkeiten und Techniken. Du musst gegen jeden Roboter sowie gegen zwei Endgegner antreten, was im Arcade-Modus insgesamt 10 Kämpfe ergibt.
Dennou Senki - Virtual On - Cyber Troopers for SegaNet (Japan)	In der Zukunft wird eine alte, fortschrittliche Hochtechnologie entdeckt. Mit ihrer Hilfe ist die Firma DN in der Lage, Mechas, sogenannte VRs (VirtuaRoids), zu bauen, die bei verschiedenen Aufgaben helfen. Um ihre Forschung zu erleichtern, hat DN ihr Forschungszentrum auf dem Mond eingerichtet. Leider drehen die Computer in diesem Zentrum durch und DN sieht sich gezwungen, von Menschen gesteuerte VRs von der Erde zu schicken, um die Situation wieder unter Kontrolle zu bringen, bevor der Mond das Unwiederbringliche tut. In diesem Kampfspiel haben Sie die Wahl, einen von acht Robotern zu steuern. Jeder von ihnen hat seine eigenen Fähigkeiten und Techniken. Du musst gegen jeden Roboter sowie gegen zwei Endgegner antreten, was im Arcade-Modus insgesamt 10 Kämpfe ergibt.
Densetsu no Ogre Battle (Japan)	Führe die Rebellion an und führe deine Armee, um dein Land in diesem Echtzeit-Strategiespiel vom bösen Zenobian-Reich zurückzuerobern. Befreie Städte und sammle Gegenstände und Tarotkarten, um deine Macht zu erhöhen, und rekrutiere Verbündete für deinen Kreuzzug. Aber wenn du am Ende den Sieg davonträgst, wirst du dann ein wohlwollender Anführer sein oder selbst ein böser Despot? Du musst dich entscheiden.
Desire (Japan) (Disc 1)	Auf einer abgelegenen Insel befindet sich ein Forschungsinstitut. Offenbar haben die dort durchgeführten Forschungen eine inoffizielle Verbindung zum Militär. Der Journalist Albert Macdgul wird daher losgeschickt, um Nachforschungen anzustellen und zu sehen, was er herausfinden kann. Zur gleichen Zeit strandet Tina, ein junges Mädchen, auf der Insel, ohne sich daran zu erinnern, was ihr passiert ist oder wer sie ist. Unterdessen scheint der technische Leiter Makoto Izumi zu glauben, dass bei den durchgeführten Forschungen etwas Seltsames vor sich geht. Desire ist ein Abenteuerspiel im japanischen Stil. Das Spiel wird über eine standardmäßige textbasierte Benutzeroberfläche gespielt, bei der der Spieler Befehle aus einem Menü auswählt und mit anderen Charakteren und Orten interagiert. Das Spiel besteht aus vier Kapiteln, die die gleiche Handlung darstellen, aber aus der Sicht verschiedener Charaktere betrachtet werden. In jedem Kapitel wird der Spieler die Ereignisse und Situationen aus verschiedenen Blickwinkeln betrachten und Schichten der Haupthandlung entdecken.
Destruction Derby (Europe)	Wahrscheinlich fühlst du dich wie ein Crashtest-Dummy, wenn du dieses Spiel spielst - es ist nicht nur ein Rennspiel, sondern du bekommst auch Punkte dafür, dass du deine Gegner zu Schrott fährst! Die Anzahl der Punkte, die du bekommst, hängt davon ab, wie du sie triffst ... z. B. bekommst du mehr Punkte, wenn du sie dazu bringst, eine 360°-Drehung zu machen, als mit hoher Geschwindigkeit in ihre Seiten zu fahren. Das Spiel hat noch mehr zu bieten: einen Kopf-an-Kopf-Modus mit nur zwei Autos oder das legendäre Zerstörungs-Derby selbst - eine riesige Arena, jedes Auto startet am Rande davon, und dann - einen schönen Crash!
Die Hard Arcade (USA)	Die Hard Arcade ist in vielerlei Hinsicht mit Virtua Fighter vergleichbar und ist ein 3D-Beat-'em-up, obwohl die Action hauptsächlich auf einer 2D- (oder &quot;2,5D&quot;-) Ebene stattfindet, ähnlich wie bei alten Sega-Veröffentlichungen wie Golden Axe und Streets of Rage. Stirb Langsam Arcade legt jedoch mehr Wert auf den Einsatz von Waffen und Gegenständen, die auf dem Boden gefunden werden können, und die Level sind mit Quick-Time-Events durchsetzt, die den Spieler bei erfolgreichem Abschluss vor weiteren Kämpfen bewahren können.
Die Hard Trilogy (USA)	Die Hard Trilogy ist in drei Spiele aufgeteilt, wobei jedes Spiel natürlich einen der Filme darstellt. Stirb Langsam 1 ist ein Third-Person-Shooter in einem ähnlichen Stil wie Tomb Raider. Sie sind John McClane und müssen sich durch zwanzig Stockwerke voller Terroristen im Nakatomi Plaza kämpfen. Das Spiel verfügt über einen unsichtbaren Wandeffekt, der es Ihnen ermöglicht, John auch in kleinen Gängen zu sehen. Stirb langsam 2 ist ein Ego-Shooter in der Art von Virtua Cop oder Mad Dog McCree. Wieder schlüpfen Sie in die Rolle von John McClane und schießen auf Terroristen, die auf der Suche nach einem südamerikanischen Diktator und Drogenbaron den Flughafen von Washington/Dulles plündern. Stirb Langsam 3 ist ein rasanter Taxirenner durch die Stadt. Diesmal muss John hinter dem Steuer eines Taxis durch New York City rasen, um Bomben zu entschärfen und Bösewichte von der Straße zu drängen.
Digital Pinball (Europe) (4S)	Digital Pinball: Last Gladiators ist ein Flipper-Spiel für Saturn. Der Titel bietet 4 Flippertische mit unterschiedlichen Einstellungen: Gladiators, Knight of the Roses, Dragon Showdown und Warlock. Jeder Tisch wird in etwa 10 Spielen gespielt und verfügt über einen Multiball-Modus, um die Herausforderung noch zu erhöhen. Das Ziel des Spiels ist es, mit jedem Ball die höchstmögliche Punktzahl zu erreichen!
Digital Pinball - Last Gladiators (Japan)	Digital Pinball: Last Gladiators ist ein Flipper-Spiel für Saturn. Der Titel bietet 4 Flippertische mit unterschiedlichen Einstellungen: Gladiators, Knight of the Roses, Dragon Showdown und Warlock. Jeder Tisch wird in etwa 10 Spielen gespielt und verfügt über einen Multiball-Modus, um die Herausforderung noch zu erhöhen. Das Ziel des Spiels ist es, mit jedem Ball die höchstmögliche Punktzahl zu erreichen!
Digital Pinball - Last Gladiators Ver.9.7 (Japan)	Diese Neuveröffentlichung von Digital Pinball: Last Gladiators bietet ein neu ausbalanciertes Gameplay, eine angepasste Ballphysik und die Möglichkeit, mehrere Punkte pro Tisch statt nur einen zu speichern. Es enthält auch eine spielbare Demo ihres kürzlich veröffentlichten Flipperspiels Digital Pinball: Necronomicon.
Discworld (Japan)	Discworld ist ein Abenteuerspiel, das für den Saturn veröffentlicht wurde. Die Stadt wird von einem schrecklichen Drachen verwüstet und kein Held meldet sich, um sie zu retten. Nur Rincewind, der unglaubliche lokale Zauberer, ist verfügbar. Und wir müssen damit klarkommen!
Discworld II - Missing Presumed...! (Europe) (En,Fr,De,Es,It)	Discworld II: Missing Presumed...!: Nach einem Angriff auf seine Person weigert sich der Tod, zur Arbeit zurückzukehren und beschließt, einen wohlverdienten Urlaub zu nehmen! Sie, Rincewind, ein gescheiterter Zauberer, begleitet von Ihrem treuen Gepäck, sind dafür verantwortlich, den Reaper im verrückten Point-and-Click-Modus Discworld II auf Saturn wieder zur Besinnung zu bringen.
DoDonPachi (Japan)	DoDonpachi ist ein Shoot'em Up für den Saturn. Deine Aufgabe ist einfach: Du musst auf alles schießen, was sich auf dem Bildschirm bewegt, in der Hoffnung, den Highscore in möglichst kurzer Zeit zu erreichen. Du wirst gegen riesige Endgegner kämpfen.
DonPachi (Japan)	DonPachi ist ein Shoot-'em-up für den Saturn. Deine Mission ist simpel: Du musst alles auf dem Bildschirm abschießen, was sich bewegt – und dabei gegen gewaltige Endgegner kämpfen –, in der Hoffnung, in kürzester Zeit die höchste Punktzahl zu erzielen.
Doom (USA)	Doom auf Saturn ist ein Ego-Shooter. Der Planet Mars ist infolge mehrerer wissenschaftlicher Experimente von höllischen Kreaturen überfallen worden. Sie spielen einen Space Marine, der zu Zwangsarbeit auf dem roten Planeten verurteilt wurde. Er findet sich allein in der menschlichen Basis wieder und versucht zu überleben, indem er alle Monster um sich herum eliminiert.
Double Switch (USA) (Disc 1)	Double Switch ist ein Abenteuerspiel für Saturn. Die Animation besteht aus Full Motion Video (FMV) und umfasst die elektronische Überwachung eines Gebäudes in Verbindung mit bestimmten Eingriffen, die im entscheidenden Moment durchgeführt werden müssen, um den Sieg Ihrer Feinde zu verhindern. Die Handlung spielt in einem Wohnkomplex, in dem sich ein wertvolles ägyptisches Artefakt befinden soll, das die Mafia an sich reißen möchte.
Doukyuusei - if (Japan) (1M, 2M)	In Doukyuusei if übernimmt der Spieler die Rolle eines Oberschülers in einer japanischen Stadt. Seine Eltern sind gerade in ein großes Herrenhaus in einer guten Gegend gezogen. Der Junge muss in die neue Schule gehen, aber sein Geist beschäftigt sich nur mit einem einzigen Thema: hübsche Mädchen. Anstatt ernsthaft zu lernen, beschließt Takurou, die Stadt zu erkunden und mehr über ihre Bewohnerinnen zu erfahren. Doukyuusei ist interaktiver als die meisten anderen japanischen Abenteuerspiele. Es verwendet die Point-and-Click-Oberfläche (mit kontextabhängigen Symbolen zum Sprechen, Berühren usw.) und bietet eine freie Navigation von oben nach unten durch die Stadt und das Schulgebäude. Der Held kann Restaurants, Geschäfte, Cafés usw. betreten. Es ist auch möglich, mit einem Zug in einen anderen Stadtteil zu fahren und diesen zu erkunden.
Doukyuusei 2 (Japan) (Disc A)	Doukyuusei 2 ist ein klassisches &quot;Liebesabenteuer&quot;. Sie sind ein Oberschüler, Ihr Vater ist ein berühmter Archäologe, der durch die Welt reist, und Ihre Mutter starb in Ihrer Kindheit. Es ist nun Ihr drittes Jahr an der High School 88 und Ihre größte Sorge ist Ihr Liebesleben. Werden Sie es schaffen, erfolgreich auszugehen und ein Happy End mit einer der fünfzehn charmanten Mitschülerinnen zu erleben? Die Spielmechanik ähnelt stark der eines klassischen Abenteuerspiels, aber die Handlung konzentriert sich ausschließlich auf Ihre Beziehung zu den Mädchen. Sie können sich mit Ihrer Figur auf einer &quot;Stadtkarte&quot; bewegen und dabei verschiedene Orte besuchen. Sie können Verabredungen treffen und sich zu einer bestimmten Zeit an verschiedene Orte begeben. Die Entscheidungen, die Sie treffen, beeinflussen die Geschichte.
Dragon Ball Z - Idainaru Dragon Ball Densetsu (Japan)	Dragon Ball Z: Legends auf Saturn ist ein weiteres Kampfspiel, wenn man die Serie kennt. Es bringt jedoch eine gewisse Originalität mit sich, da es möglich ist, in Dreierteams zu kämpfen. Zu Beginn sind sechs Charaktere spielbar, im Laufe des Spiels können Sie diese Zahl auf 35 erhöhen.
Dragon Ball Z - La Grande Legende des Boules de Cristal (France, Spain)	Dragon Ball Z: Legends auf Saturn ist ein weiteres Kampfspiel, wenn man die Serie kennt. Es bringt jedoch eine gewisse Originalität mit sich, da es möglich ist, in Dreierteams zu kämpfen. Zu Beginn sind sechs Charaktere spielbar, im Laufe des Spiels können Sie diese Zahl auf 35 erhöhen.
Dragon Ball Z - Shinbutouden (Japan)	Dragon Ball Z: Shin Butouden on Saturn ist ein Kampfspiel, das auf dem Original-Manga von Akira Toriyama basiert. Der Titel hat die Besonderheit, dass er die gesamte Serie abdeckt, von der ersten Kampfsport-Weltmeisterschaft bis zu Buus Niederlage. Die Kämpfe sind energisch und wütend über einen Bildschirm, der sich teilt, wenn die beiden Gegner weit entfernt sind. Ein Spielmodus mit Monsieur Satan ermöglicht es Ihnen, auf die Kämpfe zu wetten und mit den Kämpfern zu verhandeln, damit diese aussteigen.
Dragon Force (USA)	Tritt hervor, tapferer Krieger. Das Schicksal der Welt von Legendra liegt allein in deinen Händen. Spiele als einer von acht Kriegsherren, jeder mit einer einzigartigen Geschichte, um die bösen Mächte von Madruk in diesem unglaublichen Rollenspiel/Strategiespiel zu besiegen.
DragonHeart - Fire & Steel (USA)	DragonHeart: Fire & Steel ist ein Saturn-Actionspiel, das auf dem gleichnamigen Film von 1996 basiert. In einer Welt, die einst voller Drachen war, haben verängstigte Menschen sie vertrieben und nur noch ein Vertreter dieser fantastischen Spezies ist übrig. Du spielst Bowen, einen ehemaligen Drachenjäger und pensionierten Ritter, und versuchst zusammen mit deinem Drachenfreund das Land von einem tyrannischen Prinzen zu befreien.
Duke Nukem 3D (USA)	Außerirdische sind im futuristischen Los Angeles gelandet, und es ist an Duke, ihnen das Leben schwer zu machen und ihnen die Tür zu weisen. Nach den anfänglichen seitwärts scrollenden Plattformspielen führte Duke Nukem 3D eine Ego-Perspektive in die Serie ein und machte das Spiel zu einem vollwertigen Shooter mit 2,5D-Grafik. Zu Dukes Arsenal gehören Pistolen, Rohrbomben, Laserminen, Nordenfelt-Gewehre, eine Kettenpistole und verschiedene Raketenwerfer, aber auch sein kräftiger Fuß, mit dem er seine Gegner tritt. Das Spiel zeichnet sich durch ein hohes Maß an Interaktivität aus. Viele Objekte in der Umgebung können zerstört oder manipuliert werden, z. B. Billardtische, Spielautomaten, Glas, Lichtschalter und Überwachungskameras. Als erwachsenes Spiel ist der Protagonist auch in der Lage, Stripperinnen einen Dollar zu geben, damit sie sein Oberteil ausziehen.
Dungeons & Dragons Collection (Japan) (Disc 1) (Tower of Doom)	Dungeons & Dragons Collection ist eine Zusammenstellung von zwei zuvor veröffentlichten Arcade-Spiel-Discs, darunter Dungeons & Dragons: Tower of Doom und Dungeons & Dragons: Shadow over Mystara. Es wurde nur in Japan am 4. März 1999 veröffentlicht, exklusiv für den Sega Saturn. Es können nur zwei Spieler spielen, während die Arcade-Version 4 Spieler zulässt.
Dynamite Deka (Japan)	Die Hard Arcade ist in vielerlei Hinsicht mit Virtua Fighter vergleichbar und ist ein 3D-Beat-'em-up, obwohl die Action hauptsächlich auf einer 2D- (oder &quot;2,5D&quot;-) Ebene stattfindet, ähnlich wie bei alten Sega-Veröffentlichungen wie Golden Axe und Streets of Rage. Stirb Langsam Arcade legt jedoch mehr Wert auf den Einsatz von Waffen und Gegenständen, die auf dem Boden gefunden werden können, und die Level sind mit Quick-Time-Events durchsetzt, die den Spieler bei erfolgreichem Abschluss vor weiteren Kämpfen bewahren können.
Earthworm Jim 2 (USA)	Earthworm Jim 2 ist ein Jump'n'Run- und und Ballerspiel, in dem ein Regenwurm namens Jim in einem Roboteranzug das Böse bekämpft. Es ist eine Fortsetzung des ursprünglichen Earthworm Jim und das zweite und letzte Spiel der Earthworm Jim-Reihe, das von den ursprünglichen Entwicklern Doug TenNapel, David Perry und Shiny Entertainment entwickelt wurde. Das Gameplay ähnelt dem des ersten Spiels, in dem Jim durch die Levels springt und läuft. Es gibt 5 weitere Waffen als im Originalspiel zu sammeln. Charaktere wie Prinzessin Wie-heißt-sie-noch und Psy-Crow haben Auftritte.
Elevator Action^2 - Returns (Japan)	Elevator Action Returns, in Nordamerika als Elevator Action II veröffentlicht, ist ein Side-Scrolling-Actionspiel der Taito Corporation, das ursprünglich 1994 als Fortsetzung des Arcade-Spiels Elevator Action von 1983 für die Spielhallen veröffentlicht wurde. Elevator Action Returns behält das auf einem Aufzug basierende Gimmick des Originals bei, erweitert und verbessert aber das Spielsystem und ersetzt das Spionagemotiv durch ein neues Szenario, in dem ein paramilitärisches Team gegen eine terroristische Gruppe kämpft. Das größtenteils gut aufgenommene Spiel wurde auf den Sega Saturn portiert und 1997 nur in Japan als Elevator Action² Returns veröffentlicht. Später wurde es in die Taito Legends 2 Compilation für die PlayStation 2, Windows und Xbox im Jahr 2006 aufgenommen.
Elf o Karu Monotachi - Hanafuda-hen (Japan)	Elf Wo Karu Monotachi - Hanafuda-hen conhecido também como Those Who Hunt Elves é um jogo de simulação/aventura para o Sega Saturn, que foi desenvolvido e publicado pela Altron em 1997 exclusivamente para o mercado japonês. Caçadores de elfos procuram cinco fragmentos de feitiços que foram colocados na pele dos elfos, semelhantes a tatuagens, em todo o mundo mágico para o qual foram transportados. Quando os encontrarem, poderão voltar ao Japão. O jogo baseado na série de anime, repleto de clipes de filmes animados e mini-jogos, nessa versão do jogo as cenas de violência são mais explicitas porém não é recomendado para crianças.
Emit Vol. 1 - Toki no Maigo (Japan)	Emit ist ein visueller Roman, der in drei Teile gegliedert ist und Japanern beim Lernen der englischen Sprache helfen soll. Das Spiel kann sowohl auf Englisch als auch auf Japanisch gespielt werden. Es gibt zwei Spielmodi: den Storymodus und den englischen Spielmodus. Der Story-Modus ist das in Kapitel unterteilte Hauptspiel, in dem die Spieler der Geschichte folgen und nach jedem Kapitel eine bestimmte Anzahl von Übungen machen können. Im Story-Modus können die Spieler das Spiel jederzeit unterbrechen, um einen Begriff nachzuschlagen, den sie nicht verstanden haben, oder um die Sprache zu wechseln. Die erste Episode des Spiels handelt von Yuris zufälliger Begegnung mit einem alten Mann und den darauf folgenden Ereignissen.
Emit Vol. 2 - Inochigake no Tabi (Japan) (Rev A)	Emit ist ein visueller Roman, der in drei Teile gegliedert ist und Japanern beim Lernen der englischen Sprache helfen soll. Das Spiel kann sowohl auf Englisch als auch auf Japanisch gespielt werden. Es gibt zwei Spielmodi: den Storymodus und den englischen Spielmodus. Der Story-Modus ist das in Kapitel unterteilte Hauptspiel, in dem die Spieler der Geschichte folgen und nach jedem Kapitel eine bestimmte Anzahl von Übungen machen können. Im Story-Modus können die Spieler das Spiel jederzeit unterbrechen, um einen Begriff nachzuschlagen, den sie nicht verstanden haben, oder um die Sprache zu wechseln. Das zweite Spiel handelt von Yuris Reise in eine andere Welt, in der sie jeden Tag um ein Jahr altert und einen Weg finden muss, um in ihre eigene Welt zurückzukehren.
Emit Vol. 3 - Watashi ni Sayonara o (Japan) (Rev A)	Emit ist ein visueller Roman, der in drei Teile gegliedert ist und Japanern beim Lernen der englischen Sprache helfen soll. Das Spiel kann sowohl auf Englisch als auch auf Japanisch gespielt werden. Es gibt zwei Spielmodi: den Storymodus und den englischen Spielmodus. Der Story-Modus ist das in Kapitel unterteilte Hauptspiel, in dem die Spieler der Geschichte folgen und nach jedem Kapitel eine bestimmte Anzahl von Übungen machen können. Im Story-Modus können die Spieler das Spiel jederzeit unterbrechen, um einen Begriff nachzuschlagen, den sie nicht verstanden haben, oder um die Sprache zu wechseln. Das Spiel schließt die Geschichte von Yuri ab, der seine Reise zurück in seine Welt nur knapp überlebt. Yuri sucht seinen &quot;Doppelgänger&quot;, um in seine Welt zurückzukehren und seinen Sohn zu finden. Diese Episode enthält ein neues englischsprachiges Spiel namens &quot;Ghost Sweeper&quot;, in dem man Geister besiegen und in Spukhäusern nach Gegenständen suchen muss.
Enemy Zero (USA) (Disc 0)	Enemy Zero ist einer der Horrortitel von Warp, der eng mit D verwandt ist und in dem dieselbe Heldin wie in der D-Serie auftritt. Das Spiel besteht aus zwei Genres: Rätselabenteuer und Shooter. Wenn Sie einen Raum betreten, können Feinde Sie nicht angreifen, und Sie können ihn aus der Perspektive einer Person erkunden, Gegenstände aufheben und Rätsel lösen. Wenn Sie durch die Korridore des Schiffes wandern, gelangen Sie in den Ego-Shooter-Modus. Da die Feinde unsichtbar sind, müsst ihr auf ihre Geräusche achten. Ein lautes Geräusch bedeutet, dass der Feind direkt vor Ihnen steht; ein mittleres Geräusch bedeutet, dass er von der Seite angreift; ein leises Geräusch sagt Ihnen, dass er hinter Ihnen steht. Sie können die Entfernung zwischen Ihnen und dem Feind anhand der Intensität des Geräuschs feststellen.
Eve - Burst Error (Japan) (Disc 1) (Kojiroh Disc)	Eve burst error spielt im zeitgenössischen Japan. Der Spieler steuert zwei Charaktere: den jungen Privatdetektiv Kojiroh und die Spezialagentin Marina. Kojiroh hat sich seinen Lebensunterhalt als einsamer Privatdetektiv erkämpft, aber das Glück scheint ihm hold zu sein: Der Direktor der Eldian International School, Herr Ko, bittet ihn, ein verschwundenes Gemälde zu finden, das angeblich von großem Wert ist. Gleichzeitig wird Marina vom Botschafter einer fiktiven Republik im Nahen Osten, Eldia, angeheuert, um seine Tochter Mayako vor Terroristen zu schützen. Während der Spieler von Kojiroh zu Marina wechselt, entdeckt er nach und nach die Verbindung zwischen den beiden Fällen und gerät immer tiefer in ein Mysterium, das politische Kämpfe, wissenschaftliche Entdeckungen und grausame Morde miteinander verbindet. Das Spiel ist ein traditionelles japanisches Abenteuer: Der Spieler interagiert mit der Welt, indem er die entsprechenden Befehle aus dem Menü auswählt.
Exhumed (Europe) (En,Fr,De,Es)	Zielort: Die altägyptische Stadt Karnak. Außerirdische Mächte, die über schreckliche Kräfte verfügen, haben die einst blühende Gemeinschaft von jedem Kontakt mit der Außenwelt abgeschottet. Als Spezialist für verdeckte Operationen wurden Sie für alle möglichen Eventualitäten ausgebildet. Nichts kann Sie jedoch auf den Alptraum vorbereiten, der Sie erwartet. Mehr als zwanzig Levels mit Non-Stop-Gameplay durch eine altägyptische Stadt und das Grab des Pharaos Ramses. Das vollständig in 3D gerenderte Echtzeit-Gameplay ermöglicht es Ihnen, sich innerhalb eines Levels zwischen mehreren Ebenen zu bewegen. Überqueren Sie Brücken, kriechen Sie durch Tunnel und schwimmen Sie durch Unterwassergrotten.
F-1 Challenge (Europe)	F1 Challenge für Saturn ist ein Formel-1-Rennspiel, in dem Sie als fünf weltberühmte Fahrer wie Michael Schumacher oder Jean Alesi am Steuer ihres Wagens auf sechs Rennstrecken, von denen drei echt sind (Hockenheim, Monte Carlo und Suzuka), spielen können. Das Spiel verfügt auch über die Lizenz, so dass alle Fahrer und Teams, die an der Saison 1995 teilgenommen haben, enthalten sind.
F-1 Live Information (Japan)	F1 Challenge für Saturn ist ein Formel-1-Rennspiel, in dem Sie als fünf weltberühmte Fahrer wie Michael Schumacher oder Jean Alesi am Steuer ihres Wagens auf sechs Rennstrecken, von denen drei echt sind (Hockenheim, Monte Carlo und Suzuka), spielen können. Das Spiel verfügt auch über die Lizenz, so dass alle Fahrer und Teams, die an der Saison 1995 teilgenommen haben, enthalten sind.
F1 Challenge (USA)	F1 Challenge für Saturn ist ein Formel-1-Rennspiel, in dem Sie als fünf weltberühmte Fahrer wie Michael Schumacher oder Jean Alesi am Steuer ihres Wagens auf sechs Rennstrecken, von denen drei echt sind (Hockenheim, Monte Carlo und Suzuka), spielen können. Das Spiel verfügt auch über die Lizenz, so dass alle Fahrer und Teams, die an der Saison 1995 teilgenommen haben, enthalten sind.
Farland Saga (Japan)	In „Farland Saga“ retten drei Krieger die Prinzessin Fam vor einem Angriff und begleiten sie in den Palast. Dort erfahren sie, dass ein Held, der Frieden zwischen Menschen und magischen Völkern schaffen wollte, ermordet wurde – und Fam des Verbrechens beschuldigt wird. Die Ritter helfen ihr bei der Flucht, doch der Herrscher der magischen Völker, Kaiser, erklärt daraufhin den Menschen den Krieg. Gemeinsam suchen die Prinzessin und ihre Verbündeten Zuflucht in einem anderen Land, während der unvermeidliche Konflikt beginnt.
FEDA Remake! The Emblem of Justice (Japan)	Feda: The Emblem of Justice est un jeu de rôles tactique originellement développé pour la Super Famicom en 1994. Le jeu est centré autour de deux soldats forcés à se battre contre l'empire aujourd'hui corrompu dont ils furent autrefois au service. Le jeu est composé de deux modes de jeu primaires : exploration et batailles. Le jeu présente des scènes cinématiques de batailles similaires à la série Shining Force.
FIFA - Die WM-Qualifikation 98 (Germany) (En,Fr,De,Es,It,Nl,Sv)	FIFA 98 ist ein Fußballspiel für den Saturn. Die Profis sind noch auf dem Spielfeld und kämpfen um die Ehre, den Ball als Erster im Netz zu versenken. Sie können mit Ihren Freunden im Mehrspielermodus spielen.
FIFA - En Route pour la Coupe du Monde 98 (France) (En,Fr,De,Es,It,Nl,Sv)	FIFA 98 ist ein Fußballspiel für den Saturn. Die Profis sind noch auf dem Spielfeld und kämpfen um die Ehre, den Ball als Erster im Netz zu versenken. Sie können mit Ihren Freunden im Mehrspielermodus spielen.
FIFA - Road to World Cup 98 (USA) (En,Fr,De,Es,It,Nl,Sv)	FIFA 98 ist ein Fußballspiel für den Saturn. Die Profis sind noch auf dem Spielfeld und kämpfen um die Ehre, den Ball als Erster im Netz zu versenken. Sie können mit Ihren Freunden im Mehrspielermodus spielen.
FIFA - Rumbo al Mundial 98 (Spain) (En,Fr,De,Es,It,Nl,Sv)	FIFA 98 ist ein Fußballspiel für den Saturn. Die Profis sind noch auf dem Spielfeld und kämpfen um die Ehre, den Ball als Erster im Netz zu versenken. Sie können mit Ihren Freunden im Mehrspielermodus spielen.
FIFA 97 (Europe) (En,Fr,De,Es,It,Sv)	FIFA 97 ist ein Fußballspiel auf Saturn. Diese Version bietet erweiterte Animationen, die auf David Ginolas Bewegungsweise basieren. Es ist möglich, einen Arcade- oder Simulationsmodus zu wählen und drinnen sechs gegen sechs zu spielen. Auch viele Multiplayer-Optionen stehen zur Verfügung.
FIFA Soccer 96 (USA) (En,Fr,De,Es,It,Sv)	FIFA Soccer 96 ist ein Fußballspiel auf Saturn. Das Spiel bietet elf offizielle Ligen sowie 59 internationale Teams. Es ist möglich, einfache Freundschaftsspiele, Turniere oder die Teilnahme an der Weltmeisterschaft zu spielen. Ein Teameditor ermöglicht es Ihnen außerdem, mit Ihren Lieblingsspielern die Auswahl Ihrer Träume zu erstellen.
FIFA Soccer 97 (USA) (En,Fr,De,Es,It,Sv)	FIFA 97 ist ein Fußballspiel auf Saturn. Diese Version bietet erweiterte Animationen, die auf David Ginolas Bewegungsweise basieren. Es ist möglich, einen Arcade- oder Simulationsmodus zu wählen und drinnen sechs gegen sechs zu spielen. Auch viele Multiplayer-Optionen stehen zur Verfügung.
Fighters Megamix (USA)	Hier kommt die ultimative Kampfsport-Erfahrung! 32 Fighter aus legendären Spielen wie Virtua Fighter, Fighting Vipers, VF Kids, Virtua Cop, u.a. treten an und lassen die Arena erbeben. Neue Waffen, neue Moves (z.B. aus Virtua Fighter 3!), 5 Spielmodi und zusätzliche, versteckte Kämpfer machen Fighters Megamix zur Martial-Arts-Sensation für SEGA SATURN! Natürlich von AM2 - SEGAs Martial Arts-Profis!
Fighting Vipers (USA) (5S, 6S)	Stadt Armstone, Jahr unbekannt. Der Bürgermeister hat beschlossen, ein Kampfturnier zu veranstalten, dessen großes Finale auf der Spitze des Stadtturms ausgetragen werden soll. Die Vipers, junge urbane Krieger, beschließen, gegeneinander zu kämpfen, jeder mit seinem eigenen Ziel vor Augen. Die acht Vipers kommen aus unterschiedlichen Verhältnissen, wie z. B. der Hardrocker Raxel, das Waisenkind, das sich danach sehnt, seinen Vater Bahn zu treffen, der ehemalige Bandenchef Tokyo, die Laufstegkönigin Grace, der Riese mit unbekannter Vergangenheit Sanman, ... In Fighting Vipers umgab eine Mauer die Kampffläche und stattete jeden Kämpfer mit einer zweiteiligen Rüstung aus, die nur durch kräftige Schläge durchbrochen werden konnte. Sobald die Rüstung zerstört ist, ist der unglückliche Kämpfer anfälliger für die Schläge des Gegners, und der Schaden kann auch gesammelt werden, wenn er nach einem Wurf die Wand oder den Boden trifft.
Fire Prowrestling S - 6Men Scramble (Japan) (1M)	In „Fire Pro Wrestling S: 6 Man Scramble“ betrittst du den Ring für actiongeladene Wrestling-Kämpfe mit einer beeindruckenden Auswahl an Wrestlern und Kämpfern. Dank der umfangreichen Animationen wirkt jede Bewegung lebendig und dynamisch. Mit der Möglichkeit, packende Matches mit bis zu sechs Teilnehmern zu erleben, bleibt der Spielspaß auch nach unzähligen Kämpfen erhalten. Bereite dich auf Chaos im Ring vor!
Firestorm - Thunderhawk 2 (Europe) (En,Fr)	Ihr Name ist General John T. Maclaine und Sie sind der Pilot von Firestorm 1, dem Leithund für spezielle Angriffsmissionen in verschiedenen Teilen der Welt. Ihr Hubschrauber ist extrem leistungsstark und verfügt über folgende Waffen: 30-mm-Kettenkanone, Firestorm-Zielsuchrakete, Raketenpod, Runaway Cratering System (Bomben), die Mk-84 500-Pfund-Bombe, Streubomben und die Anti-Schiffsrakete. Diese Waffen - sowie hervorragende Ausweich- und Angriffsmanöver - sollten ausreichen, um bei Angriffen auf Drogenhändler und Terroristen von Kolumbien bis zum Irak erfolgreich zu sein. Thunder Strike 2 ist die Fortsetzung von Core's AH-3 Thunderstrike. Wie das vorherige Spiel der Serie ist dies ein Hubschrauber-Simulator/Shooter. Es bietet realistische Funktionen wie die Auswahl mehrerer Waffen, volle Bewegungsfreiheit und eine missionsbasierte Struktur. Auf der anderen Seite gibt es jede Menge feindliche Panzer und Hubschrauber, die man in die Luft jagen kann.
Formula Karts - Special Edition (Europe) (En,Fr,De,Es)	Formula Karts, das sowohl für Sega Saturn als auch für PC veröffentlicht wurde, ist ein halbrealistischer Renntitel, der versucht, den Geist des Kart-Rennens mit seinem niedrigen Geschwindigkeitsgefühl und dem beeindruckenden Handling (und dem unvermeidlichen Rutschen) einer Kurve nach der anderen einzufangen. Der Titel unterstützt sowohl Simulations- als auch Arcade-Modi und bietet einige effektive Renn-KI für Nicht-Spieler-Fahrzeuge.
Frank Thomas Big Hurt Baseball (USA)	Frank Thomas Big Hurt Baseball ist ein Multiplattform-Baseball-Simulationsspiel, das von der Major League Baseball Players Association lizenziert wurde und das Abbild, bewegungserfasste Bewegungen und das „Big Hurt“-Branding des Spielers Frank Thomas enthält. Alle Teams, Statistiken und Spieler sollen die Major League Baseball-Saison 1995 simulieren. Acclaim veröffentlichte einen Nachfolger des Spiels, in dem auch Thomas und jetzt echte Major-League-Teams mitspielen: All-Star Baseball '97 featuring Frank Thomas.
Frankenstein - Through the Eyes of the Monster (Europe)	Dieser interaktive Film gibt der Frankenstein-Geschichte eine neue Wendung: Du bist das Monster! Sie wurden fälschlicherweise des Mordes beschuldigt und hingerichtet. Doch der Wissenschaftler Dr. Frankenstein (gespielt von Tim Curry) hat einen Weg gefunden, Sie wieder zum Leben zu erwecken. Sie wachen in seinem Labor auf und Ihr Ziel ist es herauszufinden, was genau mit Ihnen passiert ist und welche Rolle Frankenstein bei Ihrer Auferstehung gespielt hat. Werden Sie in der Lage sein, zu Ihrem früheren Selbst zurückzukehren?
Funky Fantasy (Japan)	In den fernen Weiten des Weltraums existiert eine Gesellschaft, in der Magie und Technologie nebeneinander bestehen. Der Frieden wird durch vier große Karten repräsentiert, die menschliche Emotionen verkörpern: Freude, Wut, Trauer und Vergnügen. Das Königreich Yoshimole, das die Karte der Freude schützt, wird plötzlich vom Rokuna-Imperium, dem Hüter der Karte der Wut, angegriffen. Gleichzeitig tauchen überall seltsame Monster auf. Königin Bunny Bee flieht mit ihren Gefährten Riki und Alter und kämpft darum, das Rokuna-Imperium zurückzuschlagen und ihre Heimat zu retten. Viele der Charaktere und Ereignisse sind humorvolle Parodien auf bekannte Spiele und Medien.
Fushigi no Kuni no Angelique (Japan)	Dieses Spiel unterscheidet sich stark von den anderen Spielen der &quot;Angelique&quot;-Saga.Ein gewöhnliches Schulmädchen namens Angelique wird in einen Kampf verwickelt, um Königin des Kosmos zu werden. Um das zu werden, ist es notwendig, sich mit den schönen und mächtigen Wächtern der Elemente anzufreunden. Im Gegensatz zu anderen &quot;Angelique&quot;-Spielen wird Fushigi no Kuni no Angelique wie ein Brettspiel gespielt, wobei das Königreich in Felder aufgeteilt ist, auf denen sich Angelique bewegt.Es gibt keine sichtbaren Würfel, aber die Menge der Felder, auf denen Angelique laufen kann, wird zufällig bestimmt, indem man auf die Schaltfläche &quot;move&quot; klickt.
G Vector (Japan)	G Vector ist ein On-Rail-Shooter, der in Japan exklusiv für den Sega Saturn erschienen ist. Es wird als eine Mischung aus Space Harrier (oder Panzer Dragoon) und Layer Section beschrieben. Der Spieler durchquert an Bord eines Raumschiffs mehrere Level, die vollständig aus Polygonen bestehen.
Galactic Attack (USA)	Galactic Attack ist ein Shoot'em Up. Es ist die Saturn-Adaption des japanischen Arcade-Spiels RayForce, in den europäischen Spielhallen auch als GunLock bekannt. Sie haben das Kommando über ein Schiff und müssen durch 7 verschiedene Ebenen mit unterschiedlichen Höhen reisen, von hoch in der Atmosphäre bis tief in den Bergen, wobei jede Ebene ihr eigenes Endziel hat.
Galaxy Fight (USA)	Galaxy Fight ist ein Action-/Kampf-/Strategiespiel für Saturn. Du spielst einen großen Kriegsherrn. Sie müssen ein Imperium aufbauen, indem Sie Flotten und Infrastrukturen errichten. Das ultimative Ziel ist es, die Galaxie durch Kolonisierung zu beherrschen.
Galaxy Fight - Universal Warriors (Japan)	Galaxy Fight ist ein Action-/Kampf-/Strategiespiel für Saturn. Du spielst einen großen Kriegsherrn. Sie müssen ein Imperium aufbauen, indem Sie Flotten und Infrastrukturen errichten. Das ultimative Ziel ist es, die Galaxie durch Kolonisierung zu beherrschen.
GeGeGe no Kitarou - Gentou Kaikitan (Japan)	In „GeGeGe no Kitarō: Gentō Kaikitan“ erlebst du eine spannende Geschichte, in der Kitarō und seine Freunde mit einem ungewöhnlichen Winter konfrontiert werden, bei dem Schnee in ihrem Wald fällt. Kitarō vermutet, dass etwas nicht stimmt, und begibt sich auf die Suche nach Antworten. Die Handlung entwickelt sich durch Entscheidungen, die den Verlauf der Geschichte beeinflussen. Es gibt drei mögliche Szenarien: die Untersuchung verschwundener Leichen, die Erforschung des mysteriösen Schnees und das Auftauchen eines Doppelgängers von Kitarō, mit mehreren Enden abhängig von deinen Entscheidungen.
Gekka Mugentan Torico (Japan) (Disc B) (Houkai-hen) (1M)	Torico ist ein Abenteuerspiel auf Saturn, in dem Sie die Rolle von Fred spielen, einem Reisenden, der sein Gedächtnis verloren hat. Der einzige Hinweis, den Sie auf Ihre Vergangenheit haben, ist ein mysteriöses Tattoo auf Ihrer Stirn, das Sie in eine seltsame Stadt namens „Stadt unter dem Nebel“ führt. Dann werden Sie in die Fußstapfen Ihrer Herkunft treten und die Pläne des bösen Lord Gordon vereiteln.
Gensou Suikoden (Japan)	Suikoden ist ein Rollenspiel über Satrun. Es entführt den Spieler in eine fantastische Welt, die an das chinesische Reich erinnert und in der man die Heldentaten eines jungen Helden, eines erfahrenen Kampfstock-Benutzers, verfolgt. Er ist der Auserwählte einer Prophezeiung, die der Welt Wohlstand bringen soll. Die Originalität des Titels ergibt sich aus der Anzahl der Gefährten, die während des Abenteuers rekrutiert werden können, nämlich 108! Genug, um Ihre Taktik an jeden Kampf anzupassen.
Gex (USA)	Steig in deinen Fernseher ein und besiege den bösen Rez, indem du Fernbedienungen sammelst, um Welten in deinem Fernseher zu öffnen. Du bist ein Gecko mit den üblichen Fähigkeiten eines Plattformhelden wie Springen, Schießen und Nahkampf, aber auch mit Saugnäpfen, mit denen du Wände hochklettern kannst, einer Zunge, mit der du knifflige Power-Ups aufheben kannst und eine Menge kluger Sprüche, um dich zu unterhalten. Nutze sie alle, um dir deinen Weg durch das Fernsehland zu bahnen, indem du nach den Fernbedienungen suchst, Aufputschmittel und Power-Ups einsammelst und Fernsehgeräte zerstörst.
Ghen War (USA)	Ghen War ist ein klassischer First-Person-Shooter. Das Sonnensystem wird von einer bösen Macht von Außerirdischen angegriffen, die als Ghen bekannt sind. Der Spieler ist ein Oberflächentechniker in einem Hypersuit, und es ist seine Aufgabe, diese Außerirdischen in zwanzig Leveln aus Ihrer Welt zu vertreiben. Vom Cockpit dieses Hypersuits aus bedient die Spielfigur Laser, Granaten, Minen, Raketen und mehr, während sie sich ihren Weg über Planetenoberflächen und durch Städte bahnt, um die menschliche Rasse zu schützen. Er verfügt auch über eine Klaue, mit der er Elemente in der Umgebung bedienen und einen Köder aussenden kann, um Gegner zu verwirren. Das Spiel ist auch eines der ersten, das ein verformbares Terrain bietet. Durch Explosionen entstehen Krater, und wenn man auf die Umgebung schießt, kann sie sich abnutzen.
Ginga Ojousama Densetsu Yuna - Mika Akitaka Illust Works (Japan)	In „Ginga Ojousama Densetsu Yuna Mika Akitaka Illust Works“ erhältst du eine Sammlung von Illustrationen und Informationen zu den verschiedenen „Galaxy Fraulein Yuna“-Spielen. Neben beeindruckenden Kunstwerken bietet die Disc auch Details zu den Sprecherinnen und Sprechern, die den Charakteren ihre Stimmen verliehen haben, und gewährt einen umfassenden Einblick in die Welt von Yuna.
Ginga Ojousama Densetsu Yuna Remix (Japan)	In „Ginga Ojousama Densetsu Yuna Remix“ erlebst du die Abenteuer von Yuna, einem intergalaktischen Idol und Retterin des Lichts, in einer weit entfernten Zukunft. Das Spiel ist eine Neuauflage des PC Engine CD-Klassikers „Galaxy Fraulein Yuna“ und kombiniert spannende Geschichten mit gelegentlichen Entscheidungen, die den Verlauf der Handlung beeinflussen. Begleite Yuna auf ihrem Weg durch eine faszinierende galaktische Welt voller Charme und Abenteuer.
Gokujou Parodius Da! Deluxe Pack (Japan)	Parodius: Deluxe Pack ist eine Zusammenstellung für Saturn, die die Spiele Parodius Da! und Gokujyou Parodius enthält, beides verrückte, farbenfrohe Side-Scrolling-Shooter.
Golden Axe - The Duel (USA)	Viele Jahre sind seit dem letzten Krieg mit Death Adder vergangen. Doch während die Erinnerungen an diese dunklen Zeiten zu verblassen beginnen, steht ein neuer Krieg bevor. Aus den Nebeln der Zeit wird eine magische Axt entdeckt. Die Legende dieser Axt ist im ganzen Land bekannt, denn es heißt, dass Gillius Thunderhead mit dieser Axt die Todesotter erschlug. Im Laufe der Zeit haben die Kräfte der Axt zugenommen. Es heißt, dass das Artefakt seinem Besitzer alles geben kann, was sein Herz begehrt. Jung und alt, gut und böse, viele werden von der Macht der Waffe angezogen. So beginnt der Krieg um die Goldene Axt.
Gotha II - Tenkuu no Kishi (Japan)	„Heir of Zendor: The Legend and The Land“ ist ein rundenbasiertes Strategiespiel, das auf Zendor spielt, wo Wasser nach den Großen Kriegen die wichtigste Ressource ist und nur noch auf dem Kontinent Terra Sancta vorkommt. Der Spieler übernimmt die Rolle des Kommandanten der Zendorianischen Staffel der Königlichen Allianz-Expeditionsstreitkräfte und muss die „Fünf Könige“ besiegen, um die Kontrolle über die lebenswichtigen Ressourcen zu sichern.
Gouketsuji Ichizoku 3 - Groove on Fight (Japan)	Auch dieses Spiel dreht sich um das Kampfturnier, das über das Schicksal des Gouketsuji-Clans entscheidet, die Handlung spielt jedoch Jahrzehnte nach dem letzten Turnier in einer düsteren, retro-futuristischen Welt. Da die Blutlinien des Gouketsuji-Clans inzwischen ausgedünnt sind, wurde das Turnier für andere Familien geöffnet, was zu einer neuen Riege von Kämpfern führt, die die ursprünglichen Kämpfer weitgehend ersetzen. Spielerisch präsentiert sich Groove on Fight als teambasiertes 2-gegen-2-2D-Kampfspiel: Jeder Spieler wählt zwei Kämpfer aus und kann – ähnlich wie bei X-Men vs. Street Fighter – jederzeit im Kampf frei zwischen ihnen wechseln. Das Ziel ist es, alle gegnerischen Teams zu besiegen und anschließend gegen den eigenen Teamkollegen anzutreten, um zu entscheiden, wer das neue Oberhaupt des Clans wird. Zudem wurden die grundlegende Steuerung um Ausweichmanöver und K.o.-Angriffe erweitert, und der Versus-Modus ermöglicht das gleichzeitige Spielen von bis zu vier Personen.
Gradius Deluxe Pack (Japan)	Dieses Paket enthält die beiden Arcade-Klassiker Gradius I und II. Die Bakterien greifen den Planeten Gradius an und in einem hochmodernen Kampfschiff musst du sie aufhalten. Beide Spiele haben ein ähnliches Gameplay und eine ähnliche Grafik, wobei sie sich nur durch unterschiedliche Musik und Level-Layout unterscheiden. Obwohl an den Spielen viele kleine Modernisierungsmaßnahmen vorgenommen wurden, gibt es immer noch keine Möglichkeit zum Speichern. Seien Sie bereit, viel Zeit einzuplanen, um die Arbeit am Stück fertigzustellen.
Gran Chaser (Japan) (3M)	Cyber Speedway ist ein Schwebeschlitten-Rennspiel, das in einer fernen Zukunft spielt. Die Zivilisationen vieler Planeten haben beschlossen, alle Kriege zu beenden. Stattdessen werden sie ihre Differenzen im Cyber Race austragen. Du bist die beste Hoffnung, um die Macht der Erde zu schützen und zu erweitern. Das Hauptspiel von Cyber Speedway ist der Story-Modus. Die Geschichte folgt Ihrem Charakter, wie er sich als Fahrer der Erde qualifiziert und sich seinen Weg durch eine Reihe von Planetenrennen bahnt, um der Champion zu werden. In jedem der Rennen müssen Sie den ersten Platz belegen, um weiterzukommen.
Grandia (Japan) (Disc 1) (1M)	Grandia ist ein Action-Adventure-Spiel für Saturn. Das Ende der Welt, eine unzugängliche Grenze, die die Welt von Grandia in zwei Teile trennt, der eine von Menschen bewohnt, der andere von einer wilden Rasse, die Magie der Technologie vorzieht. Offensichtlich braut sich ein großer Konflikt zwischen den beiden Fraktionen zusammen, und die Geheimnisse einer alten und vergessenen Rasse stehen kurz davor, wieder ans Tageslicht zu kommen. Sie müssen versuchen, diesem Krieg ein Ende zu setzen. Das Spiel ist ein reines Einzelspielerspiel.
Grandia - Prelude (Japan)	Grandia ist ein Action-Adventure-Spiel für Saturn. Das Ende der Welt, eine unzugängliche Grenze, die die Welt von Grandia in zwei Teile trennt, der eine von Menschen bewohnt, der andere von einer wilden Rasse, die Magie der Technologie vorzieht. Offensichtlich braut sich ein großer Konflikt zwischen den beiden Fraktionen zusammen, und die Geheimnisse einer alten und vergessenen Rasse stehen kurz davor, wieder ans Tageslicht zu kommen. Sie müssen versuchen, diesem Krieg ein Ende zu setzen. Das Spiel ist ein reines Einzelspielerspiel.
Grid Run (Europe)	Aliens haben Sie gefangen genommen und Sie sind gezwungen, ein tödliches Spiel zu spielen, das wie eine Kombination aus Flaggeneroberung und Fangen aussieht. Rennen Sie durch das Gebiet und erobern Sie die erforderliche Anzahl von Flaggen, bevor Sie von Ihrem Gegner berührt werden. Wenn er dich berührt, musst du ihn finden und berühren, bevor er die richtige Anzahl von Flaggen erobert. Derjenige, der &quot;es&quot; ist, kann keine Flaggen erobern, bis sein Gegner markiert ist. Es gibt eine Story und einen 2-Spieler-Vergleichsmodus. In der Story trifft man auf viele verschiedene Feinde mit unterschiedlichen Geschwindigkeiten und Feuerkräften (Schusswaffen verlangsamen nur den Getroffenen, es gibt keine Gesundheitsleiste).
Grid Runner (USA)	Aliens haben Sie gefangen genommen und Sie sind gezwungen, ein tödliches Spiel zu spielen, das wie eine Kombination aus Flaggeneroberung und Fangen aussieht. Rennen Sie durch das Gebiet und erobern Sie die erforderliche Anzahl von Flaggen, bevor Sie von Ihrem Gegner berührt werden. Wenn er dich berührt, musst du ihn finden und berühren, bevor er die richtige Anzahl von Flaggen erobert. Derjenige, der &quot;es&quot; ist, kann keine Flaggen erobern, bis sein Gegner markiert ist. Es gibt eine Story und einen 2-Spieler-Vergleichsmodus. In der Story trifft man auf viele verschiedene Feinde mit unterschiedlichen Geschwindigkeiten und Feuerkräften (Schusswaffen verlangsamen nur den Getroffenen, es gibt keine Gesundheitsleiste).
Guardian Force (Japan)	Guardian Force stellt einen radikalen Bruch mit dem Stil der Cotton Reihe von Success dar – einer charakterzentrierten Cute-'em-up Serie. Der Spieler steuert einen futuristischen Panzer, und menschliche Figuren sind kaum zu sehen. Die Gegner bestehen aus realistisch gestalteten Panzern, Hubschraubern, Jets und gepanzerten Fahrzeugen, und die visuelle Gestaltung setzt auf einen düsteren, rauen Ton. Dies ist eine ungewöhnliche Wahl für ein Unternehmen, das sich seinen Ruf mit großäugigen Hexen und Feen im Bikini aufgebaut hat.
Guardian Heroes (USA)	Guardian Heroes ist viel mehr als nur ein Beat 'em-up, es ist die perfekte Mischung aus Action und Abenteuer. Hacke, schlage und brenne dich durch Horden von Androiden, Zombie-Kriegern und Goblins, während du deinen Weg durch über 30 fesselnde Levels wählst, oder kämpfe im rasanten 6-Spieler-Modus mit über 45 Charakteren, aus denen du wählen kannst!
Gun Griffon (Europe)	Steuern Sie einen riesigen, beweglichen Mech und erfüllen Sie Missionen, die überall auf der Welt im Krieg des späten 21. Die Missionen, die bei unterschiedlichem Wetter und zu verschiedenen Tageszeiten stattfinden, haben in der Regel bestimmte Ziele, sei es Suchen und Zerstören, Beschützen von Verbündeten oder Töten von allem. Es stehen vier Waffen zur Verfügung: die Hauptkanone, ein schwaches Maschinengewehr, das bei längerem Gebrauch überhitzt, Granatenbündel und ein begrenzter Vorrat an Zielsuchraketen. Schadensbehebung und zusätzliche Munition gibt es von Versorgungshubschraubern, die jedoch anfällig für Angriffe sind. Verbündete Mechs können nützlich sein, aber der Spieler muss bei weitem die meiste Arbeit leisten und gegen Mechs kämpfen, die manchmal schneller und wendiger sind, was ein gewisses Maß an Strategie und Planung erfordert.
GunBlaze-S (Japan)	In „GunBlaze S“ gerät der junge Privatdetektiv Mark Flint in eine gefährliche Verschwörung, als er ein Mädchen namens Jewel vor einem Überfall rettet. Sie wird von der geheimnisvollen Rosenkreuz-Gesellschaft verfolgt, die hinter einer mächtigen Ätherhalskette her ist – einem Relikt aus den Forschungen ihres Vaters. Während Mark und seine Gefährten versuchen, die finsteren Pläne der skrupellosen Anführerin Irene zu durchkreuzen, entbrennt ein Wettlauf um die Kontrolle über eine revolutionäre Technologie.
Gungriffon (USA)	Steuern Sie einen riesigen, beweglichen Mech und erfüllen Sie Missionen, die überall auf der Welt im Krieg des späten 21. Die Missionen, die bei unterschiedlichem Wetter und zu verschiedenen Tageszeiten stattfinden, haben in der Regel bestimmte Ziele, sei es Suchen und Zerstören, Beschützen von Verbündeten oder Töten von allem. Es stehen vier Waffen zur Verfügung: die Hauptkanone, ein schwaches Maschinengewehr, das bei längerem Gebrauch überhitzt, Granatenbündel und ein begrenzter Vorrat an Zielsuchraketen. Schadensbehebung und zusätzliche Munition gibt es von Versorgungshubschraubern, die jedoch anfällig für Angriffe sind. Verbündete Mechs können nützlich sein, aber der Spieler muss bei weitem die meiste Arbeit leisten und gegen Mechs kämpfen, die manchmal schneller und wendiger sind, was ein gewisses Maß an Strategie und Planung erfordert.
Gungriffon - The Eurasian Conflict (Japan)	Steuern Sie einen riesigen, beweglichen Mech und erfüllen Sie Missionen, die überall auf der Welt im Krieg des späten 21. Die Missionen, die bei unterschiedlichem Wetter und zu verschiedenen Tageszeiten stattfinden, haben in der Regel bestimmte Ziele, sei es Suchen und Zerstören, Beschützen von Verbündeten oder Töten von allem. Es stehen vier Waffen zur Verfügung: die Hauptkanone, ein schwaches Maschinengewehr, das bei längerem Gebrauch überhitzt, Granatenbündel und ein begrenzter Vorrat an Zielsuchraketen. Schadensbehebung und zusätzliche Munition gibt es von Versorgungshubschraubern, die jedoch anfällig für Angriffe sind. Verbündete Mechs können nützlich sein, aber der Spieler muss bei weitem die meiste Arbeit leisten und gegen Mechs kämpfen, die manchmal schneller und wendiger sind, was ein gewisses Maß an Strategie und Planung erfordert.
Gungriffon II (Japan)	Gungriffon II ist ein 3D-FPP-Mecha-Simulator, ähnlich wie Armored Core oder Mechwarrior, die Fortsetzung von Gungriffon, der nur in Japan veröffentlicht wurde. Der Spieler ist Pilot eines riesigen, menschlich aussehenden, schwer bewaffneten Roboters. Er muss verschiedene Missionen erfüllen (suchen und zerstören, verschiedene Objekte bewachen usw.) und gegen andere Roboter und Panzer kämpfen. Für den Kampf können verschiedene Roboter und Ausrüstungsgegenstände ausgewählt werden. Das Spiel hat außerdem zwei zusätzliche Spielmodi, einen speziellen virtuellen Trainingsmodus und einen Überlebensmodus. Gungriffon II unterstützt bis zu 2 Spieler an einem Computer und 4 mit Kabelverbindung für Mehrspieler.
Hang On GP '95 (Japan) (1M)	Hang-On GP enthält drei Titel: Albatross Cliff Reef, Great Crimson Wall und New Dwells. Jede Strecke enthält eine zusätzliche Route, die nach einer hohen Platzierung verfügbar wird. Insgesamt gibt es also sechs mögliche Rennen. Die Spieler können zwischen zehn Motorrädern wählen, die sie während eines Rennens benutzen wollen, sowie zwischen einem automatischen und einem manuellen Getriebe für jedes Motorrad. Die Spieler können auch entscheiden, wie das Motorrad gesteuert werden soll: Highsider oder Power Slide. Eine Platzierung unter den ersten drei auf einer der ersten drei Strecken schaltet die zusätzlichen Strecken frei. Wenn die Spieler auf den zusätzlichen Strecken unter die ersten drei kommen, wird ein Ausdauermodus freigeschaltet. Im Ausdauermodus versuchen die Spieler, in 10 Minuten so viele Runden wie möglich zu fahren.
Hang On GP '96 (Europe)	Hang-On GP enthält drei Titel: Albatross Cliff Reef, Great Crimson Wall und New Dwells. Jede Strecke enthält eine zusätzliche Route, die nach einer hohen Platzierung verfügbar wird. Insgesamt gibt es also sechs mögliche Rennen. Die Spieler können zwischen zehn Motorrädern wählen, die sie während eines Rennens benutzen wollen, sowie zwischen einem automatischen und einem manuellen Getriebe für jedes Motorrad. Die Spieler können auch entscheiden, wie das Motorrad gesteuert werden soll: Highsider oder Power Slide. Eine Platzierung unter den ersten drei auf einer der ersten drei Strecken schaltet die zusätzlichen Strecken frei. Wenn die Spieler auf den zusätzlichen Strecken unter die ersten drei kommen, wird ein Ausdauermodus freigeschaltet. Im Ausdauermodus versuchen die Spieler, in 10 Minuten so viele Runden wie möglich zu fahren.
Hang-On GP (USA)	Hang-On GP enthält drei Titel: Albatross Cliff Reef, Great Crimson Wall und New Dwells. Jede Strecke enthält eine zusätzliche Route, die nach einer hohen Platzierung verfügbar wird. Insgesamt gibt es also sechs mögliche Rennen. Die Spieler können zwischen zehn Motorrädern wählen, die sie während eines Rennens benutzen wollen, sowie zwischen einem automatischen und einem manuellen Getriebe für jedes Motorrad. Die Spieler können auch entscheiden, wie das Motorrad gesteuert werden soll: Highsider oder Power Slide. Eine Platzierung unter den ersten drei auf einer der ersten drei Strecken schaltet die zusätzlichen Strecken frei. Wenn die Spieler auf den zusätzlichen Strecken unter die ersten drei kommen, wird ein Ausdauermodus freigeschaltet. Im Ausdauermodus versuchen die Spieler, in 10 Minuten so viele Runden wie möglich zu fahren.
Hardcore 4x4 (Europe) (En,Fr,De)	Hard Core 4x4 auf Saturn ist ein Rennspiel, bei dem Sie sich hinter das Steuer eines Lastwagens oder eines großen Geländewagens setzen. Spüren Sie in jedem Gelände, insbesondere auf Trails, die Federung Ihres Fahrzeugs und kommen Sie als Erster ins Ziel. Halten Sie Ihr Fahrzeug bei jedem Wetter intakt.
Hebereke's Popoitto (Europe)	Hebereke's Popoitto ist eine Variante von Tetris. Das Ziel in jedem Level ist es, die bereits vorhandenen Blöcke, die die Charaktere des Franchise darstellen, zu entfernen. Andere Blöcke fallen vom oberen Rand des Bildschirms und müssen an die richtige Stelle gelenkt werden, bevor sie den Boden oder einen anderen Block berühren. Wenn vier oder mehr gleiche Blöcke zusammenkommen, verschwinden sie. Der Trick bei dieser Variante ist, dass sich die Blöcke, die verschwinden sollen, bewegen. Der Spieler schlüpft in die Rolle des Pinguins Hebereke, der ein Turnier gegen seine Freunde gewinnen will.
Heir of Zendor - The Legend and the Land (USA)	„Heir of Zendor: The Legend and The Land“ ist ein rundenbasiertes Strategiespiel, das auf Zendor spielt, wo Wasser nach den Großen Kriegen die wichtigste Ressource ist und nur noch auf dem Kontinent Terra Sancta vorkommt. Der Spieler übernimmt die Rolle des Kommandanten der Zendorianischen Staffel der Königlichen Allianz-Expeditionsstreitkräfte und muss die „Fünf Könige“ besiegen, um die Kontrolle über die lebenswichtigen Ressourcen zu sichern.
Henry Explorers (Japan)	Crypt Killer ist ein Horror-Light-Gun-Shooter. Als unermüdlicher Abenteurer sind Sie auf der Suche nach den „Augen der Führung“, uralten Kristallen mit geheimnisvoller Kraft. Um sie zu finden, musst du dich durch Horden von Monstern schießen.
Herc's Adventures (USA) (RE)	Herc's Adventures ist ein Actionspiel für Saturn. Hades entführte Persephone, die Göttin des Frühlings. Aus Angst, dass Griechenland für immer im Winter feststecken wird, ruft Zeus drei Helden auf: Herkules, Atlanta und Jason, um Persephone zu retten. Nachdem Sie einen der drei Helden ausgewählt haben, müssen Sie sich auf die Suche nach der Göttin machen, indem Sie in mehr als 40 verschiedenen Umgebungen kämpfen. Jeder Charakter hat seine Stärken und Schwächen.
Hexen (USA)	Während Sie gegen die bösen Mächte von D'Sparil kämpften, waren die anderen Schlangenreiter damit beschäftigt, die Saat der Zerstörung in anderen Dimensionen zu säen. Eine dieser Dimensionen ist die verfallende Welt, in der Hexen spielt. Eine Welt, die mit den verstümmelten Leichen der Ungläubigen übersät ist. Nur drei Menschen - ein Krieger, ein Magier und ein Kleriker - sind dem bösartigen Bann des Anführers entkommen. Jetzt haben diese drei mutigen Seelen geschworen, das böse Regime zu vernichten, das die Welt für immer zu zerstören droht.
Hexen - Beyond Heretic (Japan)	Während Sie gegen die bösen Mächte von D'Sparil kämpften, waren die anderen Schlangenreiter damit beschäftigt, die Saat der Zerstörung in anderen Dimensionen zu säen. Eine dieser Dimensionen ist die verfallende Welt, in der Hexen spielt. Eine Welt, die mit den verstümmelten Leichen der Ungläubigen übersät ist. Nur drei Menschen - ein Krieger, ein Magier und ein Kleriker - sind dem bösartigen Bann des Anführers entkommen. Jetzt haben diese drei mutigen Seelen geschworen, das böse Regime zu vernichten, das die Welt für immer zu zerstören droht.
Hi-Octane (Europe) (En,Fr,De,Es)	Das Spiel spielt in einer Science-Fiction-Welt, in der der Spieler an Hovercraft-Rennen teilnimmt. Der Spieler hat die Wahl zwischen sechs Fahrzeugen mit unterschiedlichen Eigenschaften in Bezug auf Stärke, Geschwindigkeit und Feuerkraft. Der Spieler tritt mit seinem Hovercraft in Rennen gegen computergesteuerte Fahrer oder andere Spieler an. Sechs dreidimensional dargestellte Rennstrecken sind im Spiel verfügbar. Sie sind gespickt mit Waffen und Boni, die es dem Spieler ermöglichen, die Leistung seines Fahrzeugs zu verbessern oder seine Gegner anzugreifen, um sie Zeit verlieren zu lassen. Jede Strecke ist außerdem mit Boxen ausgestattet, die es dem Spieler ermöglichen, Treibstoff oder Munition zu tanken und Reparaturen durchzuführen.
Hi-Octane - The Track Fights Back! (USA) (En,Fr,De,Es)	Das Spiel spielt in einer Science-Fiction-Welt, in der der Spieler an Hovercraft-Rennen teilnimmt. Der Spieler hat die Wahl zwischen sechs Fahrzeugen mit unterschiedlichen Eigenschaften in Bezug auf Stärke, Geschwindigkeit und Feuerkraft. Der Spieler tritt mit seinem Hovercraft in Rennen gegen computergesteuerte Fahrer oder andere Spieler an. Sechs dreidimensional dargestellte Rennstrecken sind im Spiel verfügbar. Sie sind gespickt mit Waffen und Boni, die es dem Spieler ermöglichen, die Leistung seines Fahrzeugs zu verbessern oder seine Gegner anzugreifen, um sie Zeit verlieren zu lassen. Jede Strecke ist außerdem mit Boxen ausgestattet, die es dem Spieler ermöglichen, Treibstoff oder Munition zu tanken und Reparaturen durchzuführen.
Hideo Nomo World Series Baseball (Japan)	Die Jungs des Sommers erobern in WORLD SERIES BASEBALL dein Wohnzimmer. Spielen Sie als eines der 28 Teams der Major League mit kompletten aktuellen Spielplänen. Versuchen Sie, in einer Saison mit 162 Spielen den Wimpel zu gewinnen, oder überspringen Sie die Saison und nehmen Sie an den Playoffs teil. Wenn Ihr Lieblingsteil der Baseball-Saison das All-Star-Spiel ist, dann nehmen Sie am All-Star-Modus teil. Finde beim Home Run Derby heraus, wer der beste Schlagmann ist. Während du spielst, werden deine Ohren mit Sound in CD-Qualität verwöhnt, der Play-by-Play-Ansagen, Ballpark-Hymnen und dynamische Publikumsreaktionen beinhaltet. Glauben Sie, dass Sie die Action der großen Ligen bewältigen können? Finden Sie es mit World Series Baseball heraus.
High Velocity - Mountain Racing Challenge (USA)	In High Velocity: Mountain Racing Challenge wählst du dein Traumauto und rast den Berg hinauf, um deine Geschwindigkeit unter Beweis zu stellen. Du kannst dein Fahrzeug anpassen, indem du die Farbe, den Motor, den Turbo-Lader auswählst und das Auto für die perfekte Leistung durch Einstellung von Aufhängung und Reifen tunst. Das Spiel bietet drei verschiedene Strecken, die auf realen Alpenstraßen basieren. Zudem kannst du dich im Zweispielermodus auf dem geteilten Bildschirm mit einem Freund messen.
Highway 2000 (USA)	Haben Sie nie davon geträumt, einen riesigen Sportwagen und ein tolles Mädchen an Ihrer Seite zu haben? Wenn ja, ist dieses Spiel genau das Richtige für Sie. Holen Sie sich das Auto und vielleicht kommt das Baby, wenn Sie gut genug sind. Und vielleicht lässt sie dich ein bisschen mehr von ihr sehen... Je nach dir...
Honkaku Shougi Shinan - Wakamatsu Shougi Juku (Japan)	In „Honkaku Shougi Shinan: Wakamatsu Shougi Juku“ erhältst du eine Einführung in Shogi und kannst dein Können von den Grundlagen bis zur fortgeschrittenen Spielweise verbessern. Besonders für Einsteiger ist der Kurs gut geeignet, da viele Partien auf einem anfängerfreundlichen Schwierigkeitsgrad basieren. Neben klassischen Partien gibt es auch ungewöhnliche Modi, wie ein Spiel zu dritt oder eine Variante mit verdecktem Spielbrett, bei der du die Figuren nicht sehen kannst. Während die KI für Anfänger und Fortgeschrittene herausfordernd ist, zeigt sie Schwächen im Umgang mit unkonventionellen Strategien und bei der Vermeidung eines unvermeidlichen Schachmatts.
Hop Step Idol (Japan)	Hop Step Idol ist ein Idol-Simulator für Mädchen. Als Produzentin in einer Talentagentur erschaffen die Spielerinnen ihr eigenes Idol nach ihren Wünschen.
Horde, The (USA)	Als Chauncey, ein junger Diener des königlichen Schlosses, seinen König vor dem Ersticken rettete, verdiente er sich dessen Anerkennung, sein magisches Schwert und ein Stück Land, auf dem er Nahrung anbauen kann. Das Problem ist, dass die königlichen Ländereien regelmäßig von Horden von Monstern angegriffen werden. Das Ziel des Spiels ist es, diese Horden zurückzudrängen, bevor sie zu viel Schaden anrichten. Das Spiel selbst besteht aus zwei Phasen: einer Verwaltungsphase, in der Sie die Verteidigung Ihrer Stadt aufbauen und organisieren können, je nachdem, wie viele Goldressourcen Sie ansammeln, und einer Aktionsphase, in der Sie die Kreaturen der Horde besiegen müssen, bevor sie Ihrer Stadt und Ihrer Wirtschaft zu viel Schaden zufügen können.
Houkago Ren'ai Club - Koi no Etude (Japan) (Disc 1)	In „Houkago Ren'ai Club: Koi no Etude“ schlüpfst du in die Rolle eines Teenagers, der dem Casual Romance Club beitritt, um neue Leute kennenzulernen und vielleicht die Liebe zu finden. Zwölf Mädchen mit jeweils eigener Schönheit und Persönlichkeit stehen zur Wahl. Du hast einen Monat Zeit, um dein Ziel zu erreichen und am Ende des Spiels eines der Mädchen zu bitten, dich weiterhin zu treffen. Jeder Tag beginnt im Starry Sky Restaurant, wo dir das Club-Notizbuch zur Verfügung steht. Dieses enthält wichtige Informationen wie Statistiken, Bilder, Horoskope sowie Vorlieben und Abneigungen der Mädchen. Zudem notieren die Mädchen dort ihre Gedanken und Reaktionen auf Ereignisse, was dir helfen kann, die richtige Wahl zu treffen. Nutze deine Zeit klug, um mehr als nur eine flüchtige Romanze zu erleben.
House of the Dead, The (USA)	House of the Dead ist ein einfacher Rail-Shooter. Gehen Sie durch die verzweigten Levels und töten Sie alle Zombies, vermeiden Sie es, die Menschen zu töten und retten Sie das Mädchen. Schießen verschiedene spezielle Ziele auf dem Weg oder in einem bestimmten Zeitraum geben Sie temporäre Gesundheit und Waffen-Upgrades.
Hyper 3-D Pinball (USA)	Hyper 3D Pinball, auch bekannt als Tilt!, ist ein Flipperspiel. Spieler können zwischen 6 Spieltischen wählen, im 3D-Vollbildmodus oder im klassischen 2D-Scroll-Modus. Die Themen der Flipper sind Science Fiction (Star Quest), Horror (Monster), Racing (Road King), Underworld (Gangster), Fantasy (Myst & Majik) und Fair (Funfair). Jeder Flipper verfügt über Multi-Ball-Gaming, Animationen während des Spiels und Intermezzos im Wertungsfeld.
Hyper 3D Pinball (Japan)	Hyper 3D Pinball, auch bekannt als Tilt!, ist ein Flipperspiel. Spieler können zwischen 6 Spieltischen wählen, im 3D-Vollbildmodus oder im klassischen 2D-Scroll-Modus. Die Themen der Flipper sind Science Fiction (Star Quest), Horror (Monster), Racing (Road King), Underworld (Gangster), Fantasy (Myst & Majik) und Fair (Funfair). Jeder Flipper verfügt über Multi-Ball-Gaming, Animationen während des Spiels und Intermezzos im Wertungsfeld.
Hyper Duel (Japan)	Hyper Duel ist ein horizontal scrollendes Shoot'em-Up-Spiel, das 1996 exklusiv in Japan für den Sega Saturn veröffentlicht wurde. Es wurde erstmals 1993 in Spielhallen veröffentlicht. Das Spiel enthält eine originalgetreue Portierung der Arcade-Version (minimale Klangunterschiede und obligatorische Ladezeiten abgesehen) und eine überarbeitete Saturn-Version. Im Gegensatz zu anderen Technosoft-Spielen wurde dieses Spiel ausschließlich auf den Sega Saturn portiert. Vom Design her ähnelt es den späteren Einträgen von Technosoft in der Thunder Force-Reihe. Es gibt insgesamt 8 Stufen in vorgegebener Reihenfolge. In typischer Genre-Manier kämpft der Spieler gegen normale, kleine Feinde und mittelgroße Unterbosse und weicht Hindernissen aus. Am Ende der meisten Level erwartet Sie ein Boss.
Hyper Golf, The - Devil's Course (Japan)	Valora Valley Golf ist eine übertriebene Herangehensweise an die Welt des Golfsports. Während es traditionelle Golfplatzhindernisse wie Wasserhindernisse und Bunker gibt, gibt es auch Lavagruben und Grüns auf einem Berggipfel. Die Golfplätze reichen von einfach aussehenden Golfplätzen mit langen gemähtem grün (Fairway), auf denen der Spieler den Ball 450 Meter in einem Schlag und riesigen Wasserhindernissen umfahren kann, bis zu antiken Ruinen und einem Platz im Inneren eines Vulkans. Die Steuerung ist simpel. Klicken Sie einmal, um einen Zähler aufzurufen. Klicken Sie erneut, um den Winkel festzulegen. Am Ende des Zählers wird erneut angezeigt, wie viel Kraft zum Antreiben des Balls mit Spezialschüssen erforderlich ist. Es gibt keine echten Golfer oder Plätze.
Impact Racing (USA)	Impact Racing ist ein Rennspiel auf Saturn. Der Titel bietet Ihnen sowohl Zeitrennen mit hoher Geschwindigkeit als auch die Möglichkeit, andere Fahrzeuge mit Raketen, Lasern und Minen zu zerstören. Es sind 5 Autos verfügbar und aufrüstbar, jedes mit eigenen Statistiken und Bordwaffen.
In the Hunt (USA)	Ein 2D-Side-Scrolling-Shooter, in dem du die Kontrolle über ein kleines Angriffs-U-Boot übernimmst und dich im Unterwasserkampf engagierst. Die Streitkräfte der Dark Anarchy Society drohen, die wichtigsten Städte der Erde zu zerstören, und nur Sie können ihre Verteidigungsanlagen überwinden und ihr geheimes Unterwasserversteck zerstören. In the Hunt folgt der klassischen Vorlage für 2D-Shooter, mit der zusätzlichen Möglichkeit, die Scrollgeschwindigkeit zu kontrollieren. Das Spiel bietet sieben Levels mit Unterwasser-Action (und halten Sie Ausschau nach Bedrohungen von über der Wasseroberfläche), aufrüstbare Waffen und kooperatives Gameplay für zwei Spieler.
Incredible Hulk, The - The Pantheon Saga (USA)	„The Incredible Hulk: The Pantheon Saga“ ist ein Actionspiel auf Saturn. Der Titel ist vom berühmten Marvel-Helden inspiriert und lädt Sie ein, in die Rolle eines Mannes zu schlüpfen, der, wenn er wütend ist, völlig grün und muskulös wird. Das Ziel des Spiels ist es, alle Feinde zu vernichten, die Sie mit Ihren großen Armen angreifen. So kann Hulk Panzer heben und auf arme Soldaten werfen, völlig unbewaffnet angesichts der Wut einer solchen Kreatur.
Independence Day (USA)	Independence Day ist ein Action-/Simulationsspiel für Saturn. Das Spiel basiert auf dem gleichnamigen Film und besteht darin, einen Jet zu steuern, um gigantische Raumschiffe zu zerstören, die Städte auf der ganzen Welt angreifen. Sie müssen feindliche Generatoren und Kommunikationsgeräte sowie die Kampfschiffe der Aliens zerstören.
Independence Day - The Game (Europe) (En,Fr,De,Es,It,Sv)	Independence Day ist ein Action-/Simulationsspiel für Saturn. Das Spiel basiert auf dem gleichnamigen Film und besteht darin, einen Jet zu steuern, um gigantische Raumschiffe zu zerstören, die Städte auf der ganzen Welt angreifen. Sie müssen feindliche Generatoren und Kommunikationsgeräte sowie die Kampfschiffe der Aliens zerstören.
International Victory Goal (Europe)	International Victory Goal ist ein Fußballspiel auf Saturn. Sie können aus zwölf Nationalmannschaften in drei Spielmodi wählen, darunter auch die Weltmeisterschaft, bei der Sie 44 Spiele absolvieren müssen, bevor Sie das Finale erreichen können! Das Gameplay des Titels ist sehr Arcade-ähnlich.
Iron Man & X-O Manowar in Heavy Metal (USA)	Die Marvel Comics-Stars Iron Man und X-O Manowar haben sich zusammengetan, um die Welt vor ihren rücksichtslosen Feinden zu retten. Wählen Sie einen der beiden Charaktere und machen Sie sich bereit, durch acht Levels zu jagen, die sich über mehrere Zonen erstrecken: Nuclear Plant, Stark Enterprises, New York City, Rain Forest, Isle, Drill Platform, Dromak Ship und Cyberspace. Jedes Gebiet ist mit Truppen wie Spider Alien Soldiers (bewaffnet mit Laserblastern) und verschiedenen Verteidigungsanlagen wie Lasertürmen, Kanonen und elektrischen Fallen gefüllt. Beide können aus ihren Armen schießen, schweben, schlagen und treten, Brustwaffen abfeuern und Gegenstände aufheben und werfen. Es gibt Power-Ups, wie Erste-Hilfe-Kits und One-Ups. Das Spiel bietet auch mehrere Boss-Charaktere am Ende jeder Zone, wie Goliath, Yellowjacket, Titania, Mr. Hyde und viele mehr. Bringen Sie einen zweiten Spieler für gleichzeitige Action mit!
Iron Storm (USA)	Iron Storm on Saturn ist ein rundenbasiertes Strategiespiel, das Sie zurück in die Mitte der Schlachten des Zweiten Weltkriegs führt. In dieser komplexen Simulation müssen viele Elemente verwaltet werden: der Nebel des Krieges, das Wetter, die Erfahrung der Einheiten, ihre Verbesserungen, die Fahrzeuge ...
Ishin no Arashi (Japan)	Dieses Strategiespiel ähnelt in gewisser Weise der bekannteren Romance of the Three Kingdoms-Reihe und anderen historischen Simulationsspielen desselben Unternehmens, unterscheidet sich aber auch von ihnen, indem es viel weniger komplexe Diplomatieoptionen bietet und das Spielgeschehen auf die Navigation und einzelne Begegnungen konzentriert. Vor Spielbeginn wählt der Spieler einen General aus und passt seine Parameter an (Ausdauer, Angriffskraft, Charisma, Wissen). Der Spieler steuert dann den General mit Soldaten seiner Wahl und navigiert ihn rundenbasiert auf Rastern, die Städte und Landschaften Japans darstellen. Die Felder können mit Geschäften, Schulen (zur Ausbildung des Generals), freundlichen und feindlichen Charakteren und Gruppen belegt werden. Kämpfe, Verhandlungen und diplomatische Verhandlungen werden automatisch durchgeführt, und ihr Ausgang hängt von den Statistiken der Charaktere ab.
J.League Victory Goal '96 (Japan) (2M)	Victory Goal '96, la secuela directa de Victory Goal (que no debe confundirse con International Victory Goal, que a diferencia del juego en cuestión se distribuyó para todas las regiones), es el juego que sentó las bases para un mayor desarrollo de Sega Worldwide Soccer 97 y el secuelas De los juegos anteriores de la serie, este juego de fútbol solo mantuvo el título, porque el motor del juego, la música, las escenas de video y casi todo lo demás, todos tenían los mismos ingredientes que en Occidente se podían ver por primera vez con el posterior Worldwide Soccer 97 Además, al igual que su precuela, este juego incluye todos los equipos de la J.League japonesa (de los cuales tenía una licencia oficial), pero por otro lado, no incluye ningún equipo internacional. El juego presenta pistas de comentarios de dos de los comentaristas más famosos de Japón.
Jewels of the Oracle (Europe) (En,Ja,Fr,De)	Jewels of the Oracle on Saturn ist eine Reihe von Puzzlespielen, die nicht unbedingt durch eine Geschichte miteinander verbunden sind. Ihr Ziel besteht einfach darin, 24 Rätsel zu lösen, um Edelsteine ​​zu sammeln, die Sie zum Orakel bringen können.
Johnny Bazooka (Japan)	Johnny Bazookatone für Saturn ist ein Jump'n'Run, in dem der Spieler in die Rolle einer Rocklegende schlüpft, die zu Unrecht von El Diablo eingesperrt wird, der neidisch auf sein Talent ist. Johnny benutzt seine Gitarren-Bazooka, um durch die Levels des Spiels zu kommen, springt und dreht sich, um seine Feinde in die Luft zu schicken. Er ist verzweifelt auf der Suche nach Anita, seiner gestohlenen Gitarre.
Johnny Bazookatone (USA)	Johnny Bazookatone für Saturn ist ein Jump'n'Run, in dem der Spieler in die Rolle einer Rocklegende schlüpft, die zu Unrecht von El Diablo eingesperrt wird, der neidisch auf sein Talent ist. Johnny benutzt seine Gitarren-Bazooka, um durch die Levels des Spiels zu kommen, springt und dreht sich, um seine Feinde in die Luft zu schicken. Er ist verzweifelt auf der Suche nach Anita, seiner gestohlenen Gitarre.
Jonah Lomu Rugby (Europe)	Jonah Lomu Rugby ist ein Rugby-Simulationsspiel auf Saturn. Die App bietet die schnellsten und härtesten Aktionen des stärksten Flügelspielers der Welt. Darüber hinaus sind die 32 besten internationalen Teams anwesend. Die fünf Spielmodi sind: Freundschaftsspiel, Turnier, Weltmeisterschaft, Territorial-Cup und klassische Spiele.
Junclassic C.C. & Rope Club (Japan) (2M)	Junclassic C.C. & Rope Club ist ein Golfspiel für den Sega Saturn. Jun Classic bietet eine Fülle von Optionen, durch die Spieler schnell navigieren können. Das Spiel läuft deutlich schneller als die anderen T & E Soft Golf-Spiele und es scheint ein Facelifting erhalten zu haben. Das Spiel verfügt über 2 Plätze und 108 Löcher.
Jung Rhythm (Japan)	„Jung Rhythm“ ist eines der wenigen musikbasierten Spiele für den Sega Saturn. Ähnlich wie bei „Space Channel 5“ muss der Spieler Musiksequenzen anhören und sie anschließend korrekt wiederholen. Während die Musik läuft, scrollen die erforderlichen Tasten am unteren Bildschirmrand, und der Spieler drückt sie im richtigen Moment. Die Grafik kombiniert 3D-Modelle der Charaktere mit einem einzigartigen Cartoon-Stil, der perfekt zum Spiel passt. Die Musik besticht durch ihren eigenwilligen japanischen Pop-Stil, mit eingängigen Melodien, die einem noch lange im Ohr bleiben. Die Texte sind größtenteils auf Japanisch, was den Spielspaß jedoch nicht beeinträchtigt.
Jungle Park - Saturn Shima (Japan) (Rev A)	„Jungle Park: Saturn Jima“ versetzt den Spieler in eine abenteuerliche Welt, in der zusätzlich zur regulären Version eine limitierte Edition mit einem Affen-Schlüsselanhänger und einem speziellen Booklet veröffentlicht wurde, ohne dass sich der Inhalt des Spiels selbst unterscheidet.
Kaitei Daisensou (Japan)	Ein 2D-Side-Scrolling-Shooter, in dem du die Kontrolle über ein kleines Angriffs-U-Boot übernimmst und dich im Unterwasserkampf engagierst. Die Streitkräfte der Dark Anarchy Society drohen, die wichtigsten Städte der Erde zu zerstören, und nur Sie können ihre Verteidigungsanlagen überwinden und ihr geheimes Unterwasserversteck zerstören. In the Hunt folgt der klassischen Vorlage für 2D-Shooter, mit der zusätzlichen Möglichkeit, die Scrollgeschwindigkeit zu kontrollieren. Das Spiel bietet sieben Levels mit Unterwasser-Action (und halten Sie Ausschau nach Bedrohungen von über der Wasseroberfläche), aufrüstbare Waffen und kooperatives Gameplay für zwei Spieler.
Kakyuusei (Japan) (Disc 1) (1M)	In Kakyūsei schlüpft der Spieler in die Rolle eines jungen japanischen Oberschülers namens Kentarou. Während der Sommerferien hat Kentarou in einem Restaurant gearbeitet, das von einem Familienmitglied geführt wird. Nun, da der Sommer vorbei ist, kann Kentarou endlich sein Gehalt beziehen und sich auf die Schulsaison vorbereiten, die bald beginnen wird. Mit etwas Geld in der Tasche und viel Interesse an den Vertreterinnen des schönen Geschlechts ist der Junge entschlossen, dieses Schuljahr zu einem unvergesslichen Erlebnis zu machen ... Das Spiel ist ein &quot;love adventure&quot;, d. h. ein Abenteuerspiel im japanischen Stil mit Schwerpunkt auf Begegnungen, ähnlich wie Dōkyūsei, ein anderes beliebtes Spiel dieser Art, das von Elf hergestellt wurde. Junge Mädchen sind das Hauptziel des Spiels. Es ist jedoch auch möglich, sich mit anderen Frauen als den Klassenkameradinnen des Helden zu verabreden, und sogar mit einer Lehrerin.
Keio Flying Squadron 2 (Europe)	Dies ist ein verrückter japanischer 2D-Plattformer im Anime-Stil mit Schießphasen. Das Spiel bietet viele verschiedene Gameplay-Stile und einige der bizarrsten Bosse, die Sie jemals in einem Spiel finden werden. Die wunderschönen Plattformabschnitte nutzen die 2D-Hardware des Saturn mit Skalierung, Rotation und Transparenzen. Ihr Protagonist ist Rami, eine niedliche, dürre Blondine, die sich wie ein Häschen kleidet und Waschbären mit einem rosafarbenen Schläger tötet.
Keiou Yuugekitai - Katsugeki-hen (Japan)	Dies ist ein verrückter japanischer 2D-Plattformer im Anime-Stil mit Schießphasen. Das Spiel bietet viele verschiedene Gameplay-Stile und einige der bizarrsten Bosse, die Sie jemals in einem Spiel finden werden. Die wunderschönen Plattformabschnitte nutzen die 2D-Hardware des Saturn mit Skalierung, Rotation und Transparenzen. Ihr Protagonist ist Rami, eine niedliche, dürre Blondine, die sich wie ein Häschen kleidet und Waschbären mit einem rosafarbenen Schläger tötet.
Kindaichi Shounen no Jikenbo - Hoshimitou Kanashimi no Fukushuuki (Japan)	„Kindaichi Shounen no Jikenbo: Hoshimitou Kanashimi no Hukushuuki“ ist ein Visual-Novel- und Adventure-Spiel, das auf der Anime-Serie „Kindaichi Case Files“ basiert. Hajime Kindaichi, der Enkel des berühmten Detektivs Kosuke Kindaichi, gerät in eine Serie von Mordfällen, die er mit seinem scharfsinnigen Verstand löst und so der Polizei hilft. Begleitet wird er von Miyuki, seiner Kindheitsfreundin, die heimlich in ihn verliebt ist.
King of Boxing, The (Japan)	Center Ring Boxing ist ein Saturn-Kampfspiel, in dem Sie Ihren eigenen Kämpfer erstellen und entwickeln. Sie müssen Ihre Kampffähigkeiten wie Geschwindigkeit, Ausdauer und Kraft verbessern, um im Rang aufzusteigen und Champion zu werden.
King of Fighters '95, The (Europe)	The King of Fighters '95 ist ein 2D-Kampfspiel, das auf dem Saturn läuft. Hier wetteifern 26 Charaktere mit unterschiedlichen Stilen um den Titel des &quot;King of Fighters&quot;. Sehr schnell werden die Teilnehmer des Turniers feststellen, dass die Einsätze bei diesem Turnier ganz anders sind, als sie es sich vorgestellt haben.
King of Fighters '96, The (Japan) (1M)	Nach dem Tod von Omega Rugal, dessen Körper der Macht von Orochi nicht standhalten konnte, wird ein neues Turnier von einer gewissen Chizuru Kagura organisiert. Diese stellt sich als Hüterin des Spiegels vor, der den Dämon Orochi versiegelt, spürt aber, dass etwas nicht stimmt. Sie bittet Kyo und Lori, ihr zu helfen, das Siegel im Falle eines Angriffs zu verteidigen. Tatsächlich kommt Goenitz, Orochis Bote, um seinen Meister zu befreien. Doch Kyo und Lori nahmen ihre Kräfte zusammen, um ihn zu besiegen. Als Goenitz starb, trank Iori von seinem Blut, bevor er sich seltsam verhielt. Er ging in den Riot of the Blood über und tötete Vice und Mature, die an seiner Seite waren.The King of Fighters '96 ist eine wichtige Episode in der Geschichte der KOF. Die Legende von Orochi wird immer präsenter und wir bekommen mit Goenitz einen der härtesten Bosse in Prügelspielen zu Gesicht. Was das eigentliche Spiel angeht, so hat es eine schöne grafische Entwicklung durchgemacht.
Kisuishou Densetsu Astal (Japan) (3A)	Astal ist ein Actionspiel für Saturn. Quartilia ist eine mystische Welt, die sich sehr von der Erde unterscheidet. Alles in dieser Welt ist aus Diamanten erschaffen, die von der Göttin Antowa geschaffen wurden. Sogar Astal, unser Held, und seine Freundin Leda waren aus Diamanten gemacht. Aber der böse Jerado hat beschlossen, diesen schönen Planeten zu übernehmen. Astal muss alles tun, um diesen Dämon daran zu hindern, seinen finsteren Plan der Herrschaft auszuführen. Das Spiel kann von zwei Spielern in Zusammenarbeit gespielt werden.
Krazy Ivan (Europe)	Im frühen 21. Jahrhundert wird die Erde von Außerirdischen angegriffen. In fünf Bereichen des Planeten haben sie Energiegeneratoren errichtet und ein Feld geschaffen, das langsam die gesamte Planetenoberfläche umfasst. Sie haben auch Hunderte von Menschen gefangen genommen. Jemand muss sie aufhalten. Betreten Sie den russischen Kommandanten Ivan Popovich mit dem Spitznamen &quot;Krazy Ivan&quot;. Er ist ein paranoider Schizophrener, der jederzeit dazu neigt, in Gewalt auszubrechen. Mit anderen Worten, er ist perfekt für den Job. Auf den dreidimensionalen Schlachtfeldern steuert der Spieler Ivans Kraftanzug „Steel Cossack“. In jedem der fünf Bereiche des Spiels können zwei Arten von Feinden gefunden werden: Drohnen und Sentients. Drohnen sind kleinere Luft- und Bodenfahrzeuge, die oft respawnen. Sentients sind Mechs, die in Größe und Fähigkeiten dem Stahlkosaken ähneln. Jeder der Sentients muss eliminiert werden, bevor der Energiefeldgenerator zerstört werden kann, um die Mission abzuschließen.
Kuro no Danshou - The Literary Fragment (Japan) (2M)	&quot;The Literary Fragment&quot; ist das erste Spiel der Mystery-/Horror-/Erwachsenenserie Detective Suzusaki. Im Mittelpunkt der Geschichte steht Satoshi Suzusaki, ein Privatdetektiv mit einer tragischen Vergangenheit, die eine bleibende Narbe in seinem Leben und seinen geistigen Fähigkeiten hinterlassen hat. Der erste Fall ist der grausame Tod einer ganzen Familie in seinem Haus, die Umstände lassen vermuten, dass es sich um einen rituellen Selbstmord oder Mord handelt. Suzusaki, seine charmante Sekretärin Asuka und sein junger Freund, der Psychologe Kusanagi, müssen alles in ihrer Macht Stehende tun, um den Fall zu lösen, während die mysteriöse Vergangenheit des Helden ihn weiterhin verfolgt...
Kyuukyoku Tiger II Plus (Japan)	Kyuukyoku Tiger II Plus ist ein vertikal scrollendes Shoot-'em-up, das 1997 exklusiv in Japan für den Sega Saturn erschien. Es ist der Nachfolger von Kyuukyoku Tiger, das auch unter dem Namen Twin Cobra bekannt ist. Das Spiel kam ursprünglich 1995 unter dem Titel Kyuukyoku Tiger II (außerhalb Japans: Twin Cobra II) in die Spielhallen und gilt als das „letzte“ Shoot-'em-up, das von Mitarbeitern des inzwischen aufgelösten Unternehmens Toaplan entwickelt wurde. Toaplan stellte den Betrieb ein, noch bevor das Spiel fertiggestellt war; Taito – Inhaber der Rechte an der Tiger-Heli-Reihe – beauftragte jedoch die Takumi Corporation mit der Vollendung des Projekts. Naxat Soft wurde mit der Portierung des Spiels auf den Saturn beauftragt, dabei wurde der Titel um den Zusatz „Plus“ erweitert und das Spiel um CGI-Zwischensequenzen, einen neuen Soundtrack, Anpassungen der Farbpalette sowie ein zusätzliches Level ergänzt.
Last Bronx (USA)	Der Anführer der Soul Crew, der härtesten Gang in Tokio, wurde brutal ermordet. Kurz darauf erschien eine anonyme Aufforderung in Graffiti-Schmierereien in der ganzen Stadt, die alle Bandenchefs der Stadt zu einem Kampfturnier einlud, bei dem entschieden werden sollte, welche Gruppe die Macht hat, Tokio zu regieren. Jedem war klar, dass eine Ablehnung der Teilnahme keine Option war. Genau wie in Virtua Fighter 2 kämpft man in 3D-Stadien und jeder Charakter hat seinen eigenen Stil und sein eigenes Gefühl. Aber anders als in der PC-Version von Virtua Fighter 2, wo der Hintergrund jeder Stage ein flaches Bild ist, ist in Last Bronx die gesamte Szenerie in 3D gehalten. Außerdem kannst du deinen Gegner während des Kampfes verhöhnen!
Last Gladiators - Digital Pinball (USA) (3S)	Digital Pinball: Last Gladiators ist ein Flipper-Spiel für Saturn. Der Titel bietet 4 Flippertische mit unterschiedlichen Einstellungen: Gladiators, Knight of the Roses, Dragon Showdown und Warlock. Jeder Tisch wird in etwa 10 Spielen gespielt und verfügt über einen Multiball-Modus, um die Herausforderung noch zu erhöhen. Das Ziel des Spiels ist es, mit jedem Ball die höchstmögliche Punktzahl zu erreichen!
Layer Section (Japan) (3M)	Galactic Attack ist ein Shoot'em Up. Es ist die Saturn-Adaption des japanischen Arcade-Spiels RayForce, in den europäischen Spielhallen auch als GunLock bekannt. Sie haben das Kommando über ein Schiff und müssen durch 7 verschiedene Ebenen mit unterschiedlichen Höhen reisen, von hoch in der Atmosphäre bis tief in den Bergen, wobei jede Ebene ihr eigenes Endziel hat.
Layer Section II (Japan)	Layer Section II (in der Arcade-Version als RayStorm bekannt) wurde für die Playstation und Saturn-Konsolen portiert. Obwohl keine direkte Story-Verbindung besteht, gilt es oft als geistiger Nachfolger von RayForce, das ein ähnliches Gameplay bot. Dir stehen zwei Waffen zur Verfügung: ein Vulcan-Gewehr und ein Zielraketen-Angriff. Außerdem kannst du durch spezielle Nutzung des Zielsystems zwei besondere Angriffe ausführen. Die Grafik ist vollständig in 3D gestaltet, während die Spielmechanik auf 2D-Ebene bleibt. Es gibt sieben Levels, die jeweils mit einem riesigen Endgegner abschließen.
Legend of Oasis, The (USA)	Eigentlich als Vorgänger zu diesem Spiel, jedoch erst danach erschienen, ist The Story of Thor 2 (Thor Seirei-? Kiden, in Nordamerika als The Legend of Oasis veröffentlicht), welches 1996 für den Sega Saturn veröffentlicht wurde. Der Spielinhalt ist im Prinzip identisch mit Teil 1 auf dem Mega Drive, auch die erzählte Hintergrundgeschichte unterscheidet sich nur in Namen und Feinheiten der Handlung. Deutlich verbessert wurde die Grafik und der Umfang des Spiels, zudem verschob sich der Schwerpunkt etwas mehr zu den Rätseln, die viel mit den neuen Möglichkeiten zur Interaktion mit der Umgebung zu tun haben. Sowohl die Waffenauswahl als auch die Zahl der sammelbaren Dschinns wurde erhöht, das Angriffsystem dafür etwas vereinfacht.
Loaded (USA) (En,Fr)	Loaded ist ein Actionspiel auf Saturn, in dem Sie einen von sechs Charakteren steuern, die Ihnen zur Verfügung stehen. Sie alle haben die Besonderheit, gelinde gesagt geheimnisvoll und beängstigend zu sein. Das Spiel wird von oben nach unten gespielt und ist sehr blutig und gewalttätig. Sie müssen Ihre Feinde mit Maschinengewehren aller Art vernichten.
Lode Runner - The Legend Returns (Japan)	Lode Runner: The Legend Returns ist ein Eintrag in der Lode Runner-Serie. Es ist der erste von mehreren Titeln, die von Presage Software entwickelt wurden, andere sind Lode Runner Extra, Lode Runner On-Line und Lode Runner 2: The Mad Monks' Revenge und Lode Runner 2. Ursprünglich wurde es 1994 für DOS/Windows-PCs und Macintosh-Computer veröffentlicht. 1996 wurde es auf den Sega Saturn portiert und von Patra in Japan veröffentlicht. Im Gegensatz zu früheren Fortsetzungen von Lode Runner (z. B. Championship Lode Runner) erweitert The Legend Returns die Grundformel des ersten Spiels, indem es eine Vielzahl neuer Werkzeuge wie Bohrer und Bomben sowie Teleporter hinzufügt. Der Level-Editor wurde beibehalten, aber es gibt auch Unterstützung für zwei Spieler. Die Saturn-Version von Lode Runner: The Legend Returns wurde außerhalb Japans nicht veröffentlicht.
Lost Vikings 2 - Norse by Norsewest (Europe) (En,Fr,De)	The Lost Vikings 2 ist ein Puzzle-Plattform-Videospiel, das von Blizzard Entertainment entwickelt und von Interplay veröffentlicht wurde. In der Fortsetzung von The Lost Vikings gibt es die ursprünglichen drei Charaktere sowie zwei neue spielbare Charaktere, Fang den Wolf und Scorch den Drachen. Damit das Spiel jedoch nicht zu komplex wird, kann der Spieler in jedem Level nur drei der fünf Charaktere steuern. Das Gameplay bleibt weitgehend gleich, obwohl die bereits vorhandenen Charaktere alle über neue oder veränderte Fähigkeiten verfügen.
Lost World, The - Jurassic Park (USA)	The Lost World: Jurassic Park ist ein Actionspiel für Saturn. Der Titel ist von dem gleichnamigen Film inspiriert. Sie können in die Rolle einiger der Figuren aus dem Film schlüpfen und verschiedene Waffen wie eine Schrotflinte oder einen Raketenwerfer benutzen. Ziel des Spiels ist es, ein Funkgerät zu finden, um die Rettungsdienste zu alarmieren und von der Insel zu entkommen. Tatsächlich wimmelt es auf der Insel von Dinosauriern, von denen einer gefräßiger ist als der andere.
Lunacy (USA) (Disc 1)	Torico ist ein Abenteuerspiel auf Saturn, in dem Sie die Rolle von Fred spielen, einem Reisenden, der sein Gedächtnis verloren hat. Der einzige Hinweis, den Sie auf Ihre Vergangenheit haben, ist ein mysteriöses Tattoo auf Ihrer Stirn, das Sie in eine seltsame Stadt namens „Stadt unter dem Nebel“ führt. Dann werden Sie in die Fußstapfen Ihrer Herkunft treten und die Pläne des bösen Lord Gordon vereiteln.
Lunar - Silver Star Story (Japan)	Lunar: Silver Star Story ist ein Remake des japanischen Sega-CD-Rollenspiels Lunar: Silver Star. Sie spielen einen kleinen Jungen namens Alex, der davon träumt, wie sein Idol Dyne ein Drachenmeister zu werden. Begleitet von Nall, einer fliegenden sprechenden Katze, und Luna muss unser junger Freund die vier legendären Drachen treffen, um Drachenmeister zu werden und so seinen Traum zu verwirklichen.
Lunar - Silver Star Story Complete (Japan)	Lunar: Silver Star Story ist ein Remake des japanischen Sega-CD-Rollenspiels Lunar: Silver Star. Sie spielen einen kleinen Jungen namens Alex, der davon träumt, wie sein Idol Dyne ein Drachenmeister zu werden. Begleitet von Nall, einer fliegenden sprechenden Katze, und Luna muss unser junger Freund die vier legendären Drachen treffen, um Drachenmeister zu werden und so seinen Traum zu verwirklichen.
Lunar 2 - Eternal Blue (Japan) (Disc 1)	Die Geschichte spielt 1000 Jahre nach dem ersten Werk. Hiro ist ein junger Mann mit einer Leidenschaft für Mythologie. Er lebt mit seinem Großvater Gwyn und seiner besten Freundin, einem kleinen rosafarbenen Drachen namens Ruby, in der Nähe der Drachenruinen. Wie jeder junge Abenteurer mit Selbstachtung und trotz der Warnungen seines Großvaters erkundet er sie regelmäßig und löst am Ende ein Ereignis aus, das sein Schicksal verändern wird. Zur gleichen Zeit erwacht Lucia, die Wächterin des Blauen Mondes, und durchbricht ihr Eisgefängnis, weil sie das Gefühl hat, dass es wieder einmal an der Zeit ist, das Volk der Göttin Althena zu beschützen, die einst vor dem Blauen Mond geflohen ist, um sein Volk zu holen nach Lunar, um sie vor Zophar zu schützen. Hiro muss Lucia dabei helfen, die Göttin Althena aufzuwecken, um die Bewohner des Planeten erneut zu retten. Während dieses Abenteuers treffen sie Lémina, Ronfar, Jean und viele andere, die die Geschichte jeder Person entwickeln.
Machi (Japan) (Demo) (4M)	„Machi“ ermöglicht es den Spielern, fünf Tage im Leben von acht verschiedenen Charakteren zu erleben. Jeder Charakter lebt in der Stadt und ist mit seinen eigenen Problemen beschäftigt. Ihre Wege können sich kreuzen, ohne dass sie es bemerken. Spieler können jederzeit zwischen den Charakteren wechseln, wobei der Tag und die Uhrzeit des anderen Charakters mit dem aktuellen Zeitpunkt übereinstimmen.
Machine Head (USA)	Blam! Machinehead ist im Grunde ein normaler 3D-Shooter, in dem man auf Feinde schießt und futuristische, karge Ödlandschaften und verlassene Fabriken erkundet, während man versucht, die Welt zu retten. Der Spieler steuert Kimberly Stride, die Wissenschaftlerin ist. Sie muss die Welt vor einer bösen DNA retten, die langsam alles &quot;auffrisst&quot;. nnAls Spieler steuert man ein Hovercraft, das als sicheres Fahrzeug für die Reise durch diese verseuchte Welt konzipiert wurde. Das Spiel hat eine schöne 3D-Grafik und eine ganz eigene Stimmung, die es von den üblichen Shootern unterscheidet.
Madden NFL 97 (USA)	Madden NFL 97 ist ein American-Football-Spiel für den Saturn. Finden Sie mehr als hundert offizielle Mannschaften der National Football League, aber auch legendäre Teams. Nehmen Sie Ihren Favoriten mit zum Super Bowl oder spielen Sie seine gesamte NFL-Saison und Playoffs noch einmal. Madden und Summerall kommentieren während des Spiels.
Madden NFL 98 (USA)	Madden NFL 98 ist ein American-Football-Spiel für den Saturn. Finden Sie mehr als 120 offizielle Teams der aktuellen Saison, aber auch legendäre Teams. Diese 98er-Edition bringt außerdem mehr Abwechslung ins Spiel mit neuen Aktionen für den Quarterback und fortschrittlicherer künstlicher Intelligenz. Nehmen Sie Ihr Lieblingsteam und entwickeln Sie es weiter, um es ins Super Bowl-Finale zu bringen!
Magic Carpet (USA)	In Magic Carpet on Saturn steuern Sie einen Zauberer auf seinem fliegenden Teppich, der die örtliche Bevölkerung für seine Sache gewinnen, Mana ansammeln muss, um eine immer imposantere Burg zu bauen, aber auch darauf achten muss, die Konkurrenz auszuschalten.
Magic Knight Rayearth (USA)	„Magic Knight Rayearth“ erzählt die Geschichte von Hikaru, Umi und Fuu, drei Schülerinnen, die während eines Klassenausflugs auf den Tokyo Tower in die Parallelwelt Cephiro gezogen werden. Dort erfahren sie, dass es ihre Bestimmung ist, die legendären Mashin zu erwecken und als Magic Knights Prinzessin Emeraude zu befreien, um Cephiro zu retten und in ihre Welt zurückzukehren. Mit magischen Kräften ausgestattet, stellen sie sich dem dunklen Priester Zagato und seinen Dienern, begleitet von Mokona, einem Fabelwesen. Ihre Freundschaft und die Stärke ihrer Herzen sind ihre größten Waffen in einer Welt, die von innerer Kraft bestimmt wird. Doch am Ende decken sie die tragische Wahrheit auf: Zagato und Emeraude waren ein Liebespaar, und Zagato wollte sie von ihrem schicksalhaften Opfer als Pfeiler von Cephiro befreien. Um die Welt zu retten, müssen die Magic Knights beide töten und kehren mit schwerem Herzen in ihre eigene Welt zurück.
Magical Drop (Japan)	Zerstöre die fallenden Ballons, indem du Gruppen von drei oder mehr Ballons fallen lässt. Lerne clevere Bewegungskombinationen und dein Bildschirm wird sich in eine Wolke aus bunten Explosionen verwandeln. Wenn Sie erst einmal hinter die Geheimnisse der Ice- und Arrow-Ballons gekommen sind, werden Sie nicht mehr aufhören können, dieses Meisterwerk der Puzzlespiele zu spielen.
Magical Hoppers (Japan)	Die junge Zauberin Nikki, der Hofnarr Fargus und sein Kumpel Sid, die Puppe, sind die drei Hauptfiguren dieses 3D-Plattformspiels. Während der Teilnahme an einem Seminar &quot;Zauberer in Ausbildung&quot; spricht Nikki versehentlich einen mächtigen Zauberspruch, der dazu führt, dass ein riesiges Monster das ganze Dorf verschlingt. Die drei Freunde müssen nun zu einem Ort namens &quot;Wishing Engine&quot; reisen und sich einen Wunsch erfüllen, um die Welt wieder ins Lot zu bringen. Die Charaktere haben jeweils eine spezielle Bewegung, mit der sie Feinde besiegen. Das Ziel des Spiels ist es, die verschiedenen Level zu bewältigen, dabei Stacheln und Feinden auszuweichen und Münzen für zusätzliche Leben zu sammeln.
Magical Night Dreams - Cotton 2 (Japan)	Cotton 2 ist ein Spiel, das an den ersten Teil anknüpft, in dem Sie Cotton und Appli in einem neuen Abenteuer wiedertreffen. Bereite dich darauf vor, gegen zahlreiche und mächtige Feinde anzutreten. Setze deine magischen Zaubersprüche und dein Arsenal ein, um deine Gegner zu besiegen. Außerdem kannst du die Stärke deiner Zaubersprüche und Waffen mithilfe von Erfahrungskristallen verbessern.
Magical Night Dreams - Cotton Boomerang (Japan)	Es handelt sich um einen horizontalen Shoot-'em-up, der für den Sega Saturn und Sega Titan Video Arcade-Hardware als Remix von Cotton 2 veröffentlicht wurde, mit mehr Charakteren, recolored Tiles, geänderten Stage Layouts usw.
Mahou Shoujo Pretty Samy - Heart no Kimochi (Japan)	In „Mahou Shoujo Pretty Samy: Heart no Kimochi“ erlebst du zwei magische Abenteuer: „Nazo no Shinheiki!? Codename wa Kirakira Rakuda“ und „Moero! Honou no Choco Valentine made ato 3 hi“. In diesen Geschichten begleitest du Pretty Samy auf ihren aufregenden Missionen, während sie sich neuen Herausforderungen stellt und ihre magischen Kräfte einsetzt.
Manoir des Ames Perdues, Le (France)	The Mansion of Hidden Souls, in Japan bekannt als Shinsetsu Yumemi Yakata: Tobira no Oku ni Dareka ga..., ist eine Sega Saturn-Fortsetzung von Yumemi Mystery Mansion. Pikanterweise heißt das Prequel in Nordamerika Mansion of Hidden Souls, was zu einiger Verwirrung führen kann. Es wurde 1996 von Torico gefolgt.
Mansion de las Almas Ocultas, La (Spain)	The Mansion of Hidden Souls, in Japan bekannt als Shinsetsu Yumemi Yakata: Tobira no Oku ni Dareka ga..., ist eine Sega Saturn-Fortsetzung von Yumemi Mystery Mansion. Pikanterweise heißt das Prequel in Nordamerika Mansion of Hidden Souls, was zu einiger Verwirrung führen kann. Es wurde 1996 von Torico gefolgt.
Mansion of Hidden Souls, The (USA)	The Mansion of Hidden Souls, in Japan bekannt als Shinsetsu Yumemi Yakata: Tobira no Oku ni Dareka ga..., ist eine Sega Saturn-Fortsetzung von Yumemi Mystery Mansion. Pikanterweise heißt das Prequel in Nordamerika Mansion of Hidden Souls, was zu einiger Verwirrung führen kann. Es wurde 1996 von Torico gefolgt.
Manx TT SuperBike (USA)	Manx TT Superbike ist ein Motorrad-Rennspiel im Arcade-Stil für Saturn. Der Spieler wird auf 2 verschiedenen Strecken gegeneinander antreten können und die Möglichkeit haben, diese im Spiegelmodus zu spielen. Um den Schwierigkeitsgrad dieser 2 Tracks zu erhöhen, ist es möglich, sie in einer kurzen oder langen Version zu spielen. Neben dem Arcade-Modus gibt es einen Time Trial-Modus und einen Online-Modus.
Maria - Kimitachi ga Umareta Wake (Japan) (Disc 1)	In „Maria“ schlüpfen die Spieler in die Rolle von Takano, einer jungen Psychiaterin. Eines Tages wird eine neue Patientin in das Krankenhaus eingeliefert, in dem Takano arbeitet: Maria, eine junge Frau, die einen Suizidversuch unternommen hat und unter Amnesie leidet. Takano versucht, mehr über Maria herauszufinden, indem sie sie besucht und mit ihr spricht. Schon bald entdeckt sie, dass Maria an Schizophrenie leidet und eine böse Persönlichkeit in ihr lauert, die droht, die Kontrolle zu übernehmen.
Marie no Atelier Ver. 1.3 - Salburg no Renkinjutsushi (Japan)	„Marie no Atelier Ver. 1.3 - Salburg no Renkinjutsushi“ erzählt die Geschichte von Marie, einer Alchemiestudentin in der Stadt Salburg, die kurz vor dem Ausschluss aus ihrer Akademie steht. Als letzte Chance erhält sie ein eigenes Atelier und fünf Jahre Zeit, um etwas Außergewöhnliches zu schaffen. Diese Version des Spiels bietet verbesserte Inhalte und zusätzliche Features, die das Erlebnis bereichern. Tauche ein in Maries Welt und hilf ihr, ihre alchemistischen Fähigkeiten zu perfektionieren und ihr Ziel zu erreichen.
Mario Mushano no Chou Shougi Juku - Mario Mushano's Hyper Shogi School (Japan)	„Mario Mushano no Chou Shougi Juku“ ist ein Spiel, das sich dem traditionellen japanischen Schach, Shougi, widmet.
Marvel Super Heroes (USA)	Marvel Super Heroes ist ein 2D-Kampfspiel und der zweite Capcom-Titel mit Figuren aus dem Marvel-Comic-Universum. Das Spiel ist X-Men: Children of the Atom sehr ähnlich, allerdings mit einer vereinfachten Super-Kombi-Anzeige und dem unbegrenzten Edelsteinen. Jeder Kämpfer beginnt mit einigen Edelsteinen welche während des Kampfes aktiviert werden können, um Geschwindigkeit, Kraft und Verteidigung zu verbessern oder Spezialfähigkeiten freizuschalten. Die Verwendung der Edelsteine ist von der Comic-Serie Infinity Gauntlet inspiriert. Es gibt zehn spielbare Charaktere. Die Helden sind Captain America, der Hulk, Iron Man, Psylocke, Spider-Man und Wolverine. Die Schurken sind Blackheart, Juggernaut, Magneto und Shuma-Gorath. Anita aus der Darkstalkers-Serie ist eine versteckte Figur in der japanischen Version. Die Endgegner sind Doctor Doom und Thanos. Während des Bosskampfes stiehlt Thanos alle Edelsteine des Spielers (außer dem Geist) und verwendet sie mit neuen Effekten.
Marvel Super Heroes vs. Street Fighter (Japan)	Marvel Super Heroes Vs Street Fighter ist ein Kampfspiel, das auf dem Saturn erschienen ist. Wie der Name schon sagt, wird dieses Spiel die üblichen Street Fighter-Charaktere gegen die berühmten amerikanischen Marvel-Comics antreten lassen. Sie werden Kämpfe zwischen Spiderman und Ryu, Hulk und Dhalsim oder Captain America gegen Ken organisieren können. Insgesamt stehen zu Beginn des Spiels 17 Charaktere zur Verfügung, 9 aus der Street Fighter-Welt und 8 aus den Marvel-Comics.
Mass Destruction (USA)	Mass Destruction versetzt die Spieler hinter die Steuerung eines Ein-Mann-Panzers. Die Umgebungen reichen von der Arktis über die Wüste bis zur Stadt. Der Spieler kann Bäume, Gebäude und Mauern in die Luft jagen - was immer ihm nicht gefällt. Die Feinde kommen in Panzern, Flugzeugen, Hubschraubern und zu Fuß auf dich zu. Jede der verschiedenen Waffen, die dem Spieler zur Verfügung stehen, wirkt am besten auf einen bestimmten Feind. Der Spieler kann Lenkraketen für die Hubschrauber verwenden und Infanteristen mit dem Panzer überfahren.
Mass Destruction - Otousan ni mo Dekiru Soft (Japan)	Mass Destruction versetzt die Spieler hinter die Steuerung eines Ein-Mann-Panzers. Die Umgebungen reichen von der Arktis über die Wüste bis zur Stadt. Der Spieler kann Bäume, Gebäude und Mauern in die Luft jagen - was immer ihm nicht gefällt. Die Feinde kommen in Panzern, Flugzeugen, Hubschraubern und zu Fuß auf dich zu. Jede der verschiedenen Waffen, die dem Spieler zur Verfügung stehen, wirkt am besten auf einen bestimmten Feind. Der Spieler kann Lenkraketen für die Hubschrauber verwenden und Infanteristen mit dem Panzer überfahren.
Maximum Force (USA)	Maximum Force on Saturn ist ein On-Rail-Shooter, der die Fortsetzung von Area 51 darstellt. Der Spieler übernimmt die Rolle eines namenlosen Antiterroristen, der durch drei Hauptgebiete navigiert. Diese Gebiete stehen unter dem Joch zahlreicher Terroristen, die natürlich getötet werden müssen, um voranzukommen. Seien Sie jedoch vorsichtig mit den zahlreichen Geiseln, die hier und da verstreut sind und Sie sonst den Verstand verlieren könnten.
Mechanical Violator Hakaider - Last Judgement (Japan)	In „Mechanical Violator Hakaider: Last Judgement“ steuerst du den Hakaider in einem Arcade-ähnlichen On-Rail-Shooter, in dem alle Ziele auf dem Bildschirm zerstört werden müssen, um voranzukommen. Deine Punkte basieren auf Genauigkeit und dem Prozentsatz der getroffenen Gegner. Die Hauptwaffe, der Hakaider Shot, kann mit vier verschiedenen Munitionstypen ausgestattet werden, die unterschiedlich schnell nachgeladen werden, was eine taktische Auswahl in Gefechten erfordert. Zwischen den Action-Sequenzen gibt es Erkundungsbereiche, in denen du Upgrades kaufen oder Aufgaben erfüllen kannst, um die Geschichte weiterzuführen.
MechWarrior 2 (Japan)	Im Actionspiel Mechwarrior 2 auf Saturn müssen Sie zwischen zwei Clans (den Wölfen und den Jadefalken) wählen, die in einen offenen Krieg verwickelt sind, um zu versuchen, die innere Sphäre zu retten. Wenn Sie in dieser App andere Mechas besiegen, die stärker sind als Sie, steigen Sie schneller im Rang auf und schalten immer mächtigere Upgrades frei.
MechWarrior 2 - 31st Century Combat - Arcade Combat Edition (USA)	Im Actionspiel Mechwarrior 2 auf Saturn müssen Sie zwischen zwei Clans (den Wölfen und den Jadefalken) wählen, die in einen offenen Krieg verwickelt sind, um zu versuchen, die innere Sphäre zu retten. Wenn Sie in dieser App andere Mechas besiegen, die stärker sind als Sie, steigen Sie schneller im Rang auf und schalten immer mächtigere Upgrades frei.
Mega Man 8 (USA)	Der Kampf gegen Dr. Wily ist noch nicht vorbei, denn er geht in Mega Man 8 auf Saturn weiter. Dieser Action-Platformer feiert das zehnjährige Jubiläum der Serie und bringt den blauen Helden und seine Rüstung mit mehreren Kräften zurück. Diese Saturn-Edition enthält einige Bonuselemente, die in der Playstation-Version nicht enthalten sind, wie zum Beispiel die feindlichen Roboter Cut Man und Wood Man aus dem ersten und zweiten Teil der Saga.
Mega Man X3 (Europe)	Nachdem die Mavericks in den vorangegangenen Folgen besiegt wurden, leben die Roboter in Frieden mit den Menschen. Aber die ursprünglichen Mavericks kehren zurück und bedrohen das Gleichgewicht. Mega Man und Zero werden an die vorderste Front zurückgerufen, um den neuen Angriff abzuwehren. Mega Man X3 auf dem Saturn bietet 8 Levels voller Jump'n'Run-Action, die alle zu einem anderen Boss führen, dem man sich stellen muss.
Mega Man X4 (USA)	Mega Man X, der reploide Anführer der 17. Einheit Maverick Hunters, und sein bester Freund Zero müssen eine Rebellion der Reploiden aufhalten. Jeder von ihnen wird auf eine andere Art und Weise involviert und Sie können als einer der beiden Charaktere durch die parallelen Geschichten spielen.
Metal Black (Japan) (1M)	Metal Black ist eine nur in Japan erhältliche Portierung des ursprünglichen Arcade-Spiels von Taito aus dem Jahr 1991. Das Spiel trägt auch den Titel Project Gun Frontier 2, obwohl es inhaltlich keine Verbindung zu Gun Frontier gibt. Angeblich wurden für dieses Spiel auch Inhalte aus einer abgesagten Fortsetzung von Darius wiederverwendet, unterstützt durch die im Spiel vorkommenden Fische und Krustentiere.
Metal Slug - Super Vehicle-001 (Japan)	Metal Slug ist ein Actionspiel für Saturn. Sie spielen als Marco Rossi und Tarma Roving, Mitglieder der Wanderfalken, auf der Mission, zahlreiche Gefangene zu befreien. Vor Ihnen liegt eine Horde Feinde, die Ihre Haut haben wollen und die Sie daher vernichten müssen, insbesondere dank der Waffen und Fahrzeuge, die Sie unterwegs finden können.
Mighty Hits (Europe)	Mighty Hits ist ein Actionspiel für Saturn. Das Prinzip ist einfach: Sie haben eine Waffe in der Hand und müssen, sobald die Anweisungen für jede Mission aufgezeichnet wurden, der Reihe nach Intelligenz zeigen, um bei jeder Reise, die Ihnen auferlegt wird, erfolgreich zu sein.
Minami no Shima ni Buta ga Ita - Lucas no Daibouken (Japan) (2M)	Minami no Shima ni Buta ga Ita: Lucas no Daibouken ist eine Sammlung von Mini-Puzzlespielen, die ein Schwein abschließen muss, um zum nächsten zu gelangen.
Mizubaku Daibouken (Japan)	In Mizubaku Daibouken spielen Sie Hipopo, das Nilpferd, das sich auf der Suche nach seiner vermissten Freundin durch eine große Anzahl von Levels voller Feinde wagen und dabei auch andere nilpferdähnliche Kreaturen retten muss. Das Spiel bietet bewegliche Plattformen, zusammenklappbare Böden, Boote, Wasserräder und Pflanzen, die gegossen werden können, damit sie wachsen und Sie viel höhere Plattformen erreichen können. Hipopo ist mit magischen Wasserkugeln ausgestattet, die auf Feinde geworfen werden können, um sie einzufrieren. Sobald sie eingefroren sind, können die Feinde getreten und vollständig zerstört werden. Wenn sie einige Sekunden inaktiv sind, tauen sich die Feinde von selbst auf und setzen ihre Arbeit fort. Alle zwei Level gibt es einen Boss, der besiegt werden muss, um zum nächsten zu gelangen.
Moero!! Pro Yakyuu '95 - Double Header (Japan)	Dieses Baseballspiel enthält echte MLBPA-Spieler aus der Baseball-Saison 1994. Das Spiel hat einen Exhibition-Modus, einen Regular Season-Modus und einen Championship Game-Modus. Im Regular Season-Modus kann der Spieler wählen, ob er eine Saison mit 13, 26, 52 oder 162 Spielen spielen möchte, während er im Championship Game-Modus entweder eine Meisterschaftsspielserie mit 3, 5 oder 7 Spielen gegen ein gegnerisches Team spielen kann.
Mortal Kombat II (USA)	Mortal Kombat II ist ein Kampfspiel für Saturn. Combos, Fatalities und andere Special Moves sind die Zutaten für den Erfolg eines Spiels, das für die Gewalt seiner Kämpfe bekannt ist. Der Spieler verkörpert einen von 12 Charakteren und muss alle seine direkten Konkurrenten einen nach dem anderen besiegen, um das Turnier zu gewinnen und der Herrschaft des bösen Shao Kahn ein Ende zu setzen.
Mortal Kombat II Kanzenban (Japan) (4S)	Mortal Kombat II ist ein Kampfspiel für Saturn. Combos, Fatalities und andere Special Moves sind die Zutaten für den Erfolg eines Spiels, das für die Gewalt seiner Kämpfe bekannt ist. Der Spieler verkörpert einen von 12 Charakteren und muss alle seine direkten Konkurrenten einen nach dem anderen besiegen, um das Turnier zu gewinnen und der Herrschaft des bösen Shao Kahn ein Ende zu setzen.
Mortal Kombat Trilogy (USA)	Alle Charaktere aus den ersten drei Mortal Kombat-Spielen kehren für den ultimativen Kampf zurück. Du kannst als Kano, Reptile, Mileena, Kung Lao, Shang Tsung, Sindel, Sketor, Stryker, Nightwolf, Sheeva, Kitana, Scorpion, Sonya, Smoke (Cyber Ninja), Rain, Jade spielen, Baraka, Johnny Cage, Ermac, Noob Saibot, Sub-Zero (Unmaskiert), Sub-Zero (Klassisch), Jax, Rayden, Cyrax, Liu Kang, Smoke (Mensch), Kabal, Goro, Kintaro, Motaro, oder Shao Kahn. Bei diesem Spiel handelt es sich um einen Eins-gegen-Eins-Kampfsport. Der Spieler kann aus über dreißig verschiedenen Charakteren wählen, die alle ihren eigenen Kampfstil und ihre eigenen Spezialbewegungen haben. Die Trilogie unterscheidet sich von den anderen Spielen dadurch, dass man Kombinationen von Personen spielen kann, die sonst nicht möglich sind, z. B. der alte Liu Kang gegen den neuen Liu Kang usw.
Mr. Bones (USA) (Disc 1)	Mr. Bones ist ein einzigartiges Spiel, das exklusiv für den Saturn erscheint. Es kombiniert mehrere verschiedene Arten von Gameplay. Einige Levels sind Side-Scrolling-Action, einige haben eine Top-Down-Perspektive, und wieder andere sind Single-Screen-Minispiele. Die Geschichte ist als humorvolles Schauermärchen gedacht. Ein böser Zauberer namens Dagoulian hat eine Armee von Skelettkriegern erschaffen, die er zur Eroberung der Welt einsetzen will. Zu unserem Glück gehorcht eines der von ihm gezüchteten Skelette, Mr. Bones, seinen Befehlen nicht. Du spielst die Rolle von Mr. Bones, der versucht, sowohl Dagoulian zu entkommen als auch seinen Plänen ein Ende zu setzen.
Myst (USA)	Myst auf Saturn ist ein Ego-Adventure, in dem der Spieler in eine ihm unbekannte Welt eintaucht. Auf Ihrer Reise durch verschiedene Umgebungen müssen Sie nach und nach herausfinden, wie diese Welt funktioniert und vor allem, warum zwei Brüder in Gefängnisbüchern eingesperrt sind. Die seltsame Welt von Myst wartet auf Sie.
Mystaria - The Realms of Lore (USA)	Mystaria: The Realms of Lore ist ein Saturn-Rollenspiel/Abenteuerspiel. Sie müssen zwölf Charaktere verwalten und ihre Fähigkeiten Kampf für Kampf weiterentwickeln. Das Hauptziel besteht darin, den bösen Lord Bane zusammen mit 50 anderen Feinden zu besiegen.
Mystery Mansion - Das Haus der verlorenen Seelen (Germany)	The Mansion of Hidden Souls, in Japan bekannt als Shinsetsu Yumemi Yakata: Tobira no Oku ni Dareka ga..., ist eine Sega Saturn-Fortsetzung von Yumemi Mystery Mansion. Pikanterweise heißt das Prequel in Nordamerika Mansion of Hidden Souls, was zu einiger Verwirrung führen kann. Es wurde 1996 von Torico gefolgt.
NASCAR 98 (USA)	Nascar Racing 98 ist ein Rennspiel für Saturn, das den berühmten &quot;Nascar&quot;-Autowettbewerb in den Vereinigten Staaten zum Leben erweckt, bei dem leistungsstarke Autos auf ovalen Strecken mit schwindelerregenden Geschwindigkeiten gegeneinander antreten. Das Spiel basiert auf der Saison 1998.
NBA Action (USA)	NBA Action (angeblich einst als NBA Action '96 bekannt) ist ein Basketballspiel für den Sega Saturn. Es ist technisch gesehen der vierte Eintrag in der Serie, nach NBA Action '94 und NBA Action '95 Starring David Robinson auf dem Sega Mega Drive, und NBA Action Starring David Robinson auf dem Sega Game Gear. Im Gegensatz zu früheren Versionen wird NBA Action auf dem Saturn komplett in 3D dargestellt.
NBA Action 98 (USA)	Mit NBA Action 98 auf Saturn können Sie die berühmte NBA-Meisterschaft mit allen offiziellen Teams und Spielern oder mit Ihrem eigenen Team (mithilfe eines bestimmten Bearbeitungsmodus) erleben. Bis zu 5 Spieler können in diesem mit künstlicher Intelligenz und realistischen Bewegungen (Motion Capture) ausgestatteten Spiel gegeneinander antreten.
NBA Jam - Tournament Edition (USA) (3S)	NBA Jam: Tournament Edition für Saturn übernimmt das Prinzip von NBA Jam, das ein paar Monate zuvor veröffentlicht wurde, und fügt einen Turniermodus hinzu. Die Spiele werden nach wie vor im Modus zwei gegen zwei ausgetragen, wobei die Regeln zu Gunsten der Action abgeschwächt wurden. Der Reiz des Turniermodus liegt in den freizuschaltenden Boni, nämlich zwei neue Spieler für fast alle Teams sowie ein höherer Schwierigkeitsmodus.
NBA Jam Extreme (USA)	NBA Jam Extreme ist ein lustiges Basketballspiel für Saturn. Anders als bei einer Simulation steht bei NBA Jam der Spaß im Vordergrund. Du kannst verrückte Dunks von einem Ende des Spielfelds zum anderen machen oder dich selbst in Brand setzen, wenn dein Spieler richtig heiß ist.
NBA Live 97 (USA)	Hier kommt die 97er Ausgabe der nordamerikanischen Basketballmeisterschaft mit NBA Live 97 auf Saturn. Wie in den Vorgängerversionen können Sie mit den 29 offiziellen Teams der Profimeisterschaft spielen und eine komplette Saison absolvieren. Wenn echte Spieler nicht Ihr Ding sind, können Sie auch Ihr eigenes Team aus fiktiven Spielern Ihrer Fantasie zusammenstellen.
NBA Live 98 (USA)	NBA Live 98 ist ein Basketball-Videospiel, das auf der National Basketball Association und dem vierten Teil der NBA Live-Serie basiert. Das Cover zeigt Tim Hardaway von der Miami Heat. Das Spiel wurde von EA Sports entwickelt und 1997 veröffentlicht. am 30. November 1997 für die PlayStation, am 31. Oktober 1997 für den PC und am 31. Dezember 1997 für den Sega Saturn veröffentlicht. Es war die endgültige Version von NBA Live und diese Version wurde auf der Megadrive nur in Nordamerika veröffentlicht.Das Spiel führte verschiedene Neuerungen in die Serie ein, einschließlich der jetzt üblichen Funktion, mit einem einzigen Knopfdruck an jeden Teamkollegen weiterzugeben. Am Spiel wurden auch verschiedene grafische Verbesserungen vorgenommen, wobei neue Spieler und Gesichter den tatsächlichen Spielerfotos nachempfunden sind.
NFL '97 (USA)	NFL 97 ist eine American-Football-Simulation für Saturn, bei der Sie mit einem Football-Team Ihrer Wahl ein Stadion erobern können. Spiele gegen die größten Mannschaften der Fußballliga, und wenn du keine findest, die dir gefällt, kannst du dein eigenes Team erstellen. Jedes Team hat ein Spielbuch mit 150 Taktiken, sowohl für die Offensive als auch für die Defensive. Sie können auch Ihre eigene Taktik entwickeln, wenn Sie Lust auf einen Coach haben.
NFL Quarterback Club '96 (USA) (5S)	NFL Quarterback Club 96 ist eine American-Football-Simulation auf Saturn. Alle NFL-Teams der Saison 1996 sind anwesend. Das Spiel enthält 32 Offensiv- und 16 Defensivtaktiken. Die verschiedenen Spielmodi sind: Pre-Season, Play-off oder komplette Saison, in der Sie 18 Teams schlagen müssen, bevor Sie in den Super Bowl aufsteigen können.
NFL Quarterback Club '97 (USA)	NFL Quarterback Club 97 ist eine American-Football-Simulation auf Saturn, die im Vergleich zum Vorgänger eine bessere Grafik, realistischere Action und neue Optionen wie das T-Meter bietet. Das Spiel bietet außerdem neue Spieltaktiken, die vom berühmten Brett Favre entwickelt wurden. Es ist möglich, mit allen 30 NFL-Teams zu spielen.
NHL 97 (USA)	NHL 97 ist ein Eishockeyspiel auf Saturn. Die „Virtual Stadium“-Technologie, die 3D-Rendering ermöglicht, wurde in diesem Werk verfeinert und es erscheinen neue Kameraperspektiven. Mit einem Adapter können nun bis zu acht Spieler auf dem Eis gegeneinander antreten und es besteht auch die Möglichkeit, einen eigenen Spieler zu erstellen. Finden Sie alle Ihre Lieblingsteams in NHL 97 und spielen Sie die gesamte Saison noch einmal durch, um die Geschichte neu zu schreiben.
NHL 98 (USA)	Mit NHL 98 auf Saturn können Eishockeyfans die gesamte Meisterschaftssaison 1998 mit allen Teams und Spielern erleben. Es werden mehrere Schwierigkeitsgrade und Spielmodi angeboten. Im Gegensatz zu den meisten Sportspielen wählen Sie im Verlauf einer Saison nicht eine Mannschaft aus, sondern die Spiele, die Sie jeden Tag spielen möchten.
NHL All-Star Hockey (USA) (1S)	NHL All-Star Hockey ist ein Eishockeyspiel auf Saturn. Finden Sie dank der offiziellen NHL-Lizenz alle Ihre Lieblingsteams und führen Sie Ihren Favoriten zum Sieg, indem Sie die Saison auf Ihre eigene Art nachspielen. Ziehen Sie die Trainerjacke an und führen Sie Ihr Team nach Ihren Wünschen, indem Sie während des Spiels Spielertransfers durchführen oder über Auswechslungen entscheiden.
NHL All-Star Hockey 98 (USA)	NHL All-Star Hockey 98 auf Saturn ist ein Hockeyspiel, das die 26 NHL-Teams zusammenbringt. Sie können bis zu acht Personen spielen, wenn Freunde dabei sind und Sie einen Adapter haben. Das Spiel nutzt neue Kamerawinkel für intensive Action, von der Sie keinen einzigen Moment verpassen werden!
NHL Powerplay '96 (USA)	In NHL Powerplay 96 auf Saturn haben Sie die Wahl zwischen allen NHL-Teams, von denen es 26 gibt, plus einigen Olympia-Teams, die ebenfalls im Spiel sind. Sie haben die Möglichkeit, neue Spieler zu erstellen oder Spieler zwischen Teams auszutauschen. Sie können mit bis zu vier Spielern gleichzeitig spielen. Oder wenn Sie alleine sind, können Sie ein globales Turnier starten.
Night Warriors - Darkstalkers' Revenge (USA)	Die Vampierjäger kehren zurück und sehnen sich nach der Wut eines nächtlichen Kampfes. In dieser Kopf-an-Kopf-Herausforderung kämpfen Kreaturen aus deinen dunkelsten Alpträumen um die ewige Kontrolle der Nacht. Tückische, klassische Favoriten stellen sich vier neuen Herausforderern, um die totale Herrschaft zu erlangen. Donovan, der Dunkle Jäger. Huitzil, die Killermaschine. Hsien-Ko, der chinesische Geist. Und Pyron, der ultimative Alien-Herrscher. Der Kampf war noch nie so intensiv, mit höheren Geschwindigkeiten, faszinierenderen Bewegungen und noch unglaublicheren Grafiken. Nachtkrieger; das Spiel deiner Träume und Alpträume!!
Nights into Dreams... (USA, Brazil)	Die Spieler schlüpfen entweder in die Rolle von Claris oder Elliot, zwei Kindern, die in der Stadt Twin Seeds leben. In ihren Träumen betreten sie die Welt von Nightopia, in der sich alle menschlichen Träume abspielen. Eine böse Kreatur, bekannt als Wizeman, sammelt Macht, um die Kontrolle über Nightopia zu übernehmen. Die Kinder schließen sich mit NiGHTS zusammen, einem schurkischen Nightmaren (Alptraumbewohner), der versucht, Wizeman aufzuhalten.
No-appointment Gals Olympos (Japan)	Ein Highschool-Schüler namens Noboru hat eine seltsame Fähigkeit: Wenn er träumt, erscheint er in einem seltsamen Reich, das fast so real zu sein scheint wie die wache Welt. Normalerweise verschwinden diese Reisen aus seinen Gedanken wie jeder andere Traum, aber eines Nachts trifft er eine mysteriöse Frau, die ihn zu erkennen scheint und ihm sagt, dass er gehen und nie wieder zurückkehren soll. Da sie ihm bekannt vorkommt, verfolgt er sie in der Hoffnung, mehr über sie zu erfahren, doch er wacht auf, bevor er sie findet. Zusammen mit seiner Feengefährtin Nirvana beschließt Noboru, nach dieser Frau zu suchen und mehr über das seltsame Reich zu erfahren, in dem er sich immer wieder befindet.
Nobunaga no Yabou - Sengoku Gunyuuden (Japan)	Nobunaga's Ambition II ist die Fortsetzung von Nobunaga's Ambition. Der Schauplatz ist das feudale Japan des 16. Jahrhunderts, eine Zeit, in der rücksichtslose Daimyo (Feudalherren) miteinander um die Vorherrschaft ringen. Letztendlich wird der Gewinner dieses Kampfes Shogun und hat die tatsächliche Macht über die Inseln, während er nominell dem Kaiser untersteht. Im Spiel schlüpft der Spieler in die Rolle eines der Daimyo und hat die Freiheit, das Schicksal und die Zukunft des feudalen Japans durch Diplomatie und schließlich durch Krieg zu bestimmen. Das Ziel ist es, Japan unter der Herrschaft des Spielers zu vereinen. Scheitert der Spieler durch Tod auf dem Schlachtfeld, Ermordung durch einen Ninja oder einen natürlichen Tod, kann er einen Nachfolger wählen und weiterspielen. Funktionell besteht die erste Aufgabe darin, das Lehen unter der Kontrolle des Spielers durch landwirtschaftliche Entwicklung und Investitionen in Städte zum Blühen zu bringen.
Nonomura Byouin no Hitobito (Japan)	Der Leiter des Nonomura-Krankenhauses hat Selbstmord begangen. So scheint es zumindest auf den ersten Blick. Doch der Privatdetektiv Takumaro Kaibara ist sich da nicht so sicher. Es könnte sich um einen Selbstmord handeln, aber vielleicht auch um Mord. Um herauszufinden, was wirklich passiert ist, begibt sich Kaibara in das Nonomura-Krankenhaus. Kaibara ist nicht nur für seine detektivischen Fähigkeiten berühmt, sondern auch für seine Verführungskünste. Außerdem ist bekannt, dass es im Nonomura-Krankenhaus von schönen Krankenschwestern nur so wimmelt. Um zwei Fliegen mit einer Klappe zu schlagen, versucht Kaibara, sich in die Herzen der sexy Krankenschwestern zu schleichen und gleichzeitig Informationen für die kriminalistischen Ermittlungen zu sammeln. Wird es ihm gelingen, beides zu tun?
Noon (Japan) (Rev A)	In „Noon“ trittst du in packenden Duellen an, bei denen es dein Ziel ist, das Spielfeld deines Gegners mit Bomben zu füllen. Sobald das gesamte Spielfeld bedeckt ist, beginnt ein Countdown von zehn Sekunden. Erreicht er null, gewinnst du das Match. Schafft es dein Gegner jedoch, die meisten Bomben rechtzeitig zu entfernen, stoppt der Countdown. Wird das Feld erneut gefüllt, setzt sich der Countdown an der letzten Stelle fort. Das Spiel kombiniert die klassische Draufsicht eines bekannten Arcade-Stils mit taktischen Puzzle-Elementen für spannende Herausforderungen.
Norse by Norsewest - The Return of the Lost Vikings (USA)	The Lost Vikings 2 ist ein Puzzle-Plattform-Videospiel, das von Blizzard Entertainment entwickelt und von Interplay veröffentlicht wurde. In der Fortsetzung von The Lost Vikings gibt es die ursprünglichen drei Charaktere sowie zwei neue spielbare Charaktere, Fang den Wolf und Scorch den Drachen. Damit das Spiel jedoch nicht zu komplex wird, kann der Spieler in jedem Level nur drei der fünf Charaktere steuern. Das Gameplay bleibt weitgehend gleich, obwohl die bereits vorhandenen Charaktere alle über neue oder veränderte Fähigkeiten verfügen.
Off-World Interceptor Extreme (USA)	Off-World Interceptor Extreme ist ein Action-/Rennspiel für Saturn. Sie spielen als Kopfgeldjäger und müssen Ihre Gegner an Bord Ihres Buggys verfolgen und eliminieren. Mit fortschreitendem Abenteuer sammelt Ihr Held Erfahrung und kann sich somit weiterentwickeln. Die Geschichte wird durch kurze Videosequenzen erzählt.
Olympic Soccer (USA)	Olympic Soccer ist ein Fußballspiel, das an die Olympischen Spiele 1996 in Atlanta anknüpft. Der Spieler kann eines der 33 Teams auswählen und an Ausstellungsspielen, Arcade-Spielen (ein Pokal-KO-Spiel mit 32 Teams), Olympischen Spielen (das 16-Teams-Turnier, das das eigentliche Turnier nachahmt) oder an einer All-gegen-Alle-Liga (ab 3) teilnehmen bis 16 Mannschaften). Die Spiele bieten die üblichen Optionen moderner Spiele, wie z. B. Spiellänge und Auslosungsregeln, und definieren außerdem verschiedene Wettermuster.
Oracle no Houseki - Jewels of the Oracle (Japan) (En,Ja,Fr,De)	Jewels of the Oracle on Saturn ist eine Reihe von Puzzlespielen, die nicht unbedingt durch eine Geschichte miteinander verbunden sind. Ihr Ziel besteht einfach darin, 24 Rätsel zu lösen, um Edelsteine ​​zu sammeln, die Sie zum Orakel bringen können.
P.T.O. - Pacific Theater of Operations II (USA)	P.T.O. II: Pacific Theater of Operations ist ein rundenbasiertes Strategiespiel. Die zweite Episode der Serie baut auf den Stärken der ersten auf und fügt drei neue große und sieben kürzere Szenarien hinzu. Alle Schlachten finden wieder während des Zweiten Weltkriegs statt, genauer gesagt im Pazifischen Ozean. Wie in der vorherigen Episode musst du deine gesamte Armee führen und die feindlichen Streitkräfte vernichten. Beachte, dass du wieder mit einem zweiten Spieler spielen kannst.
Pandemonium! (USA)	Die junge Zauberin Nikki, der Hofnarr Fargus und sein Kumpel Sid, die Puppe, sind die drei Hauptfiguren dieses 3D-Plattformspiels. Während der Teilnahme an einem Seminar &quot;Zauberer in Ausbildung&quot; spricht Nikki versehentlich einen mächtigen Zauberspruch, der dazu führt, dass ein riesiges Monster das ganze Dorf verschlingt. Die drei Freunde müssen nun zu einem Ort namens &quot;Wishing Engine&quot; reisen und sich einen Wunsch erfüllen, um die Welt wieder ins Lot zu bringen. Die Charaktere haben jeweils eine spezielle Bewegung, mit der sie Feinde besiegen. Das Ziel des Spiels ist es, die verschiedenen Level zu bewältigen, dabei Stacheln und Feinden auszuweichen und Münzen für zusätzliche Leben zu sammeln.
Panic-chan (Japan) (Rev A) (10M)	Kengo arbeitet Teilzeit in einer Videothek. Als ihn der Filialleiter eines Tages bittet, ein Faltblatt für die Anwerbung neuer Mitarbeiter zu erstellen, erscheint plötzlich ein hübsches Mädchen auf dem Bildschirm. Sie sprang vom Bildschirm auf den Boden und stellte sich als Panic-chan vor. Das eintönige Leben von Kengo und dem Filialleiter wird von nun an vielen Veränderungen unterworfen sein.
Panzer Dragoon (USA) (1S)	Betreten Sie eine gefährliche 360°-Welt tausend Jahre in der Zukunft. Ihre Leute leben in Furcht vor dem Dark Dragon. Mit einer tödlichen Waffe aus grauer Vorzeit ausgerüstet und unter Führung Ihres gepanzerten Drachen müssen Sie Ihren Gegnern in engen Höhlen, lebensgefährlichen Wüsten und phantastischen, versunkenen Städten gegenübertreten. Erleben Sie die Action aus jeder Perspektive: Zoomen Sie näher heran oder fahren Sie weiter weg, während Sie von riesigen Sanwürmern, menschengroßen Wespen und todbringenden, fliegenden Kampfschiffen angegriffen werden.
Panzer Dragoon II Zwei (USA)	Springen Sie einige Jahre zurück in die Zeit vor der grausamen Schlacht gegen das Imperium in Panzer Dragoon 1. Im Land Machania werden Drachen gezüchtet, die ausschließlich von den Dragonern, den Rittern, benutzt werden. Drachen mit Flügeln werden normalerweise hingerichtet, da sie von den Bürgern als schlechtes Omen angesehen werden. Im Krieg mit dem Imperium hat Machania begonnen, sich auf die alten Methoden zu besinnen, anstatt zu versuchen, einen aussichtslosen Krieg mit technologischen Fortschritten zu führen. Das Imperium ist technologisch weiter fortgeschritten. Randy, der Held, und sein neu gewonnener Freund, der Drache, den er gerettet hat, wollen das Blatt im Kampf wenden.
Panzer Dragoon Saga (USA) (Disc 1)	Ein perfekt animierter 3D-Action-Shooter auf 4 CDs mit mitreißenden Rollenspiel- und Adventure-Elementen. Erleben Sie das aufregende Gameplay und die faszinierende Hintergrundstory der Panzer Dragoon Saga! Erleben Sie den Rachefeldzug des Helden EDGE mit eigener Haut und reiten Sie mit Ihrem Flugdrachen durch atemberaubende Abenteuer und actionreiche Kampfszenen. Retten Sie die Welt vor der dunklen Herrschaft der Craymen Legion und befreien Sie die geheimnisvolle Frau AZEL aus den Fängen bösartiger Bio-Mutationen.
Parodius (Europe)	Parodius: Deluxe Pack ist eine Zusammenstellung für Saturn, die die Spiele Parodius Da! und Gokujyou Parodius enthält, beides verrückte, farbenfrohe Side-Scrolling-Shooter.
Pebble Beach Golf Links (USA)	True Golf Classics: Pebble Beach Golf Links ist, wie der Name schon sagt, ein Golfspiel für Saturn. Wählen Sie Ihren Caddy und nehmen Sie an einem der berühmtesten Golfplätze der Welt teil. Pebble Beach und sein berühmter Platz direkt am Strand erwarten Sie mit achtzehn Löchern, die sowohl Kraft als auch Präzision erfordern. Der Spieler muss seinen Golfer zum Sieg führen, indem er im richtigen Moment auf die verschiedenen Lehren drückt.
Pebble Beach Golf Links - Stadler ni Chousen (Japan)	True Golf Classics: Pebble Beach Golf Links ist, wie der Name schon sagt, ein Golfspiel für Saturn. Wählen Sie Ihren Caddy und nehmen Sie an einem der berühmtesten Golfplätze der Welt teil. Pebble Beach und sein berühmter Platz direkt am Strand erwarten Sie mit achtzehn Löchern, die sowohl Kraft als auch Präzision erfordern. Der Spieler muss seinen Golfer zum Sieg führen, indem er im richtigen Moment auf die verschiedenen Lehren drückt.
PGA Tour 97 (USA)	PGA Tour 97 ist ein Sportspiel für Saturn. Es zeigt Golfsterne auf dem Grün. Schlagen Sie dann Ihre Gegner, indem Sie so wenig Schläge wie möglich machen, um das Loch zu erreichen.
Photo Genic (Japan)	In „Photo Genic“ schlüpfst du in die Rolle eines Jungen, der als Fotograf arbeitet und versucht, das Herz einer der Mädchen in der Stadt zu gewinnen. Durch verschiedene Aktivitäten wie Sport, Lernen oder Nebenjobs kannst du deine Fähigkeiten und Statistiken verbessern. Jede Woche triffst du Entscheidungen darüber, wie du deine Zeit verbringst, um dich weiterzuentwickeln und deine Chancen zu erhöhen.
Pia Carrot e Youkoso!! We've Been Waiting for You (Japan)	In Pia Carrot e Yokoso!! steuert der Spieler Yusuke Kinoshita, einen 18-jährigen japanischen Oberschüler. Er hat vor, einen schönen Sommerurlaub zu verbringen, muss aber feststellen, dass er kein Geld hat. Da er keine andere Wahl hat, nimmt er einen Job im Restaurant seines Vaters, &quot;Pia Carrot&quot;, an. Damit beginnt ein Abenteuer, das viel aufregender ist als der Sommerurlaub, von dem er geträumt hat: Er lernt im Restaurant viele schöne Mädchen kennen und muss sich entscheiden, welche von ihnen die Liebe seines Lebens ist ... Das Spiel ist eine echte Dating-Simulation mit einem Gameplay, das sich auf die Erstellung von Zeitplänen und die Auswahl von Aktivitäten für den Protagonisten konzentriert. Zu Beginn eines jeden Tages wählt der Spieler eine Aktion aus, bevor er zur Arbeit geht. Bei der Arbeit muss der Spieler einen Zeitplan für Yusuke erstellen, indem er ihn zur Arbeit an verschiedene Orte schickt. Nach der Arbeit ist es an der Zeit zu entscheiden, mit welchem Mädchen man sprechen möchte.
PictFlash Don Don (Japan)	Pict Flash Dondon ist eine Lernsoftware für Kinder im Alter von 1 bis 6 Jahren.
Pinball Graffiti (Europe)	Pinball Graffiti ist ein Flipperspiel von Sega Saturn. Im Gegensatz zu seinen anderen Saturn-Konkurrenten wird Pinball Graffiti vollständig in 3D gerendert und kann daher mehrere interessante Kameramodi (z. B. eine „Ballkamera“) bieten, die die meisten anderen Flipperspiele nicht bieten können. Pinball Graffiti ist weiterhin ein Saturn-Exklusivprodukt und wurde bisher noch nicht auf andere Plattformen portiert.
Policenauts (Japan) (Disc 1)	Im Jahr 2010 gründete die Menschheit ihre erste Weltraumkolonie, Beyond Coast. Nach drei Jahren glauben die Gründer der Kolonie, dass sie geschützt werden muss und wählen die fünf besten Polizisten der Welt: Gatse Becker von Scotland Yard, den Japaner Sadaoki Tokugawa, Salvatore Toscanini aus New York und zwei Polizisten aus Los Angeles: Jonathan Ingram , der Held des Spiels, und sein bester Freund Ed Brown. Eines Tages passiert während einer Routinepatrouille auf Beyond Coast etwas mit Jonathans Raumanzug. Er wird in den Weltraum gesaugt und für tot gehalten. Doch 25 Jahre später wird er auf wundersame Weise in seiner Lebenskapsel entdeckt – lebend. Er sieht immer noch wie ein junger Mann aus, aber in Wirklichkeit ist er 55 Jahre alt.
Popoitto Hebereke (Japan)	Hebereke's Popoitto ist eine Variante von Tetris. Das Ziel in jedem Level ist es, die bereits vorhandenen Blöcke, die die Charaktere des Franchise darstellen, zu entfernen. Andere Blöcke fallen vom oberen Rand des Bildschirms und müssen an die richtige Stelle gelenkt werden, bevor sie den Boden oder einen anderen Block berühren. Wenn vier oder mehr gleiche Blöcke zusammenkommen, verschwinden sie. Der Trick bei dieser Variante ist, dass sich die Blöcke, die verschwinden sollen, bewegen. Der Spieler schlüpft in die Rolle des Pinguins Hebereke, der ein Turnier gegen seine Freunde gewinnen will.
Powerslave (USA)	Zielort: Die altägyptische Stadt Karnak. Außerirdische Mächte, die über schreckliche Kräfte verfügen, haben die einst blühende Gemeinschaft von jedem Kontakt mit der Außenwelt abgeschottet. Als Spezialist für verdeckte Operationen wurden Sie für alle möglichen Eventualitäten ausgebildet. Nichts kann Sie jedoch auf den Alptraum vorbereiten, der Sie erwartet. Mehr als zwanzig Levels mit Non-Stop-Gameplay durch eine altägyptische Stadt und das Grab des Pharaos Ramses. Das vollständig in 3D gerenderte Echtzeit-Gameplay ermöglicht es Ihnen, sich innerhalb eines Levels zwischen mehreren Ebenen zu bewegen. Überqueren Sie Brücken, kriechen Sie durch Tunnel und schwimmen Sie durch Unterwassergrotten.
Primal Rage (USA)	Ein Meteor schlug auf der Erde ein und verursachte ein großes Chaos. Sieben Götter aus alten Zeiten erwachten und versuchen nun, die Kontrolle über die post-apokalyptische Welt zu übernehmen. Primal Rage ist ein Eins-gegen-Eins-Kampfspiel mit Dinosauriern und riesigen Affen als Kämpfer. Die Grafik wurde mit digitalisierten Stop-Motion-Animationen erstellt. Das Gameplay ähnelt Mortal Kombat insofern, als es aus einer seitlichen Perspektive betrachtet wird und am Ende des Kampfes tödliche Finishing Moves bietet.
Princess Crown (Japan) (1M)	Im Fantasiereich Valendia besiegt die Kriegerkönigin Elfaran de Valendia einen bösen Dämon, der königliches Blut benötigte, um seinen Meister Lalva wiederzuerwecken. Fünfundzwanzig Jahre später besteigt ihre dreizehnjährige Tochter Gradriel den Thron. Nach Berichten über Probleme in Valendia beschließt Gradriel, heimlich ihr Schloss zu verlassen, um ihrem Volk persönlich zu helfen. Auf ihrer Reise begegnet sie zahlreichen Dämonen und trifft drei bemerkenswerte Begleiter: den Ritter Edward Glowstar, den edlen Piraten Portgus und die freche Hexenschülerin Proserpina. Gemeinsam stellen sie sich den Herausforderungen, die das Reich bedrohen.
Princess Quest (Japan)	Fünf Prinzessinnen aus den umliegenden Königreichen besuchen Schloss Granmalnie, aber der junge Prinz Tapioca zeigt kein großes Interesse. Währenddessen macht sich jemand mit einem wertvollen Gegenstand davon. Königin Madeleine beauftragt einen jungen Schwertkämpfer namens Willow, den Diebstahl zu untersuchen. Willow wird von Pal begleitet, einem magischen Wesen, das Willow in ein Mädchen namens Will verwandelt. In dieser Verkleidung versucht Willow, das Vertrauen der Prinzessinnen zu gewinnen, in der Hoffnung herauszufinden, wer für den Diebstahl verantwortlich ist.
Prisoner of Ice - Jashin Kourin (Japan)	In Prisoner of Ice schlüpfen Sie in die Rolle von Lt. Ryan, einem amerikanischen Agenten, der an Bord des U-Boots H.M.S. Victoria auf einer Rettungsmission in der Antarktis stationiert ist. Während der Rettungsaktion sammelt die Victoria zwei mysteriöse Kisten ein. Ehe du dich versiehst, wird der Kapitän bei lebendigem Leib von der Ladung gefressen, einem schrecklichen Monster, mit dem du an Bord des U-Boots gefangen bist. Und das ist nur der Anfang Ihrer Probleme. Prisoner of Ice bietet eine sehr vereinfachte Version der klassischen Adventure-Schnittstelle, bei der Sie mit der linken Maustaste auf ein Objekt klicken können, um es zu bedienen, oder mit der rechten Maustaste, um es zu betrachten. Das Programm lässt Sie mit diesen Objekten nichts anderes tun als die wenigen Aktionen, die für das Vorankommen im Spiel notwendig sind.
Private Idol Disc - Data-hen - Race Queen F (Japan)	Dieses digitale Fotoalbum bietet Fotos und Profile von Mie Nanamori, Minami Shiina und Tomoko Suzuki, die damals als Race Queens aktiv waren. Es enthält eine „Foto-Galerie“ mit Bildern, eine „Video-Galerie“ mit Filmmaterial und eine „Informations-Galerie“ mit Profilen und weiteren Fotos der drei. Zusätzlich gibt es einen „Omake“-Bereich mit weiteren Extras.
Private Idol Disc - Data-hen - Race Queen G (Japan)	In „Private Idol Disc Data Hen Race Queen G“ erhältst du einen digitalen Einblick in das Leben von drei damaligen Race Queens: Takako Nanakataishi, Chie Goto und Miyuki Sugiura. Das Album enthält eine Foto-Galerie mit Bildern, eine Video-Galerie mit Filmszenen und eine Informations-Galerie, die Profile und weitere Fotos präsentiert. Zusätzlich gibt es einen Omake-Bereich mit weiteren Inhalten.
Private Idol Disc Vol. 10 - Mai Masaki (Japan)	Es handelt sich um eine digitale Fotosammlung von Mai Masaki, die zur damaligen Zeit als Gravure-Idol aktiv war. Die Sammlung umfasst ein „Fotostudio“, in dem du Bilder aus verschiedenen Situationen wie Outdoor, Studio und Privat auswählen und ansehen kannst.
Pro-Pinball (USA)	Das Pro Pinball: Das Web-Flipperspiel auf Saturn zielt auf eine realistische Simulation ab und bietet daher eine Physik, die den Maschinen, die Sie gewohnt sind, sehr nahe kommt. Was das Spiel selbst betrifft, müssen Sie den Ball immer in verschiedene Öffnungen, Rampen und andere Fallen schicken, um Missionen freizuschalten und schließlich Zugang zur „Schwarzen Königin“ zu erhalten.
Pro-Pinball - The Web (Europe)	Das Pro Pinball: Das Web-Flipperspiel auf Saturn zielt auf eine realistische Simulation ab und bietet daher eine Physik, die den Maschinen, die Sie gewohnt sind, sehr nahe kommt. Was das Spiel selbst betrifft, müssen Sie den Ball immer in verschiedene Öffnungen, Rampen und andere Fallen schicken, um Missionen freizuschalten und schließlich Zugang zur „Schwarzen Königin“ zu erhalten.
Puyo Puyo Tsuu (Japan) (3M)	Diese Fortsetzung von Puyo Puyo ist wie sein Vorgänger ein Fallblockspiel, bei dem das Ziel darin besteht, vier oder mehr Blöcke (Puyos) derselben Farbe zu kombinieren, die dann verschwinden. Die verbleibenden Puyos fallen dann herunter und können Kombos erzeugen, die schädliche Spezialblöcke auf dem Feld des Gegners erscheinen lassen.
Puzzle Bobble 2X (Japan) (2M2)	Bust-A-Move 2: Arcade Edition, in Japan bekannt als Puzzle Bobble 2X, ist die Fortsetzung der Arcade-Version von Bust-A-Move. Wie sein Vorgänger begann auch Bust-A-Move 2 in den Spielhallen, wurde aber 1996 auf Heimkonsolen wie dem Sega Saturn veröffentlicht. Bust-A-Move 2 fügt der Serie Grundelemente hinzu, wie z. B. das verzweigte, turnierähnliche Gameplay, wenn man gegen den Computer spielt. Außerdem gibt es einen Level-Editor. Trotz seines Namens ist Bust-A-Move 2: Arcade Edition eine leichte Verbesserung des Standard-Bust-A-Move 2, das für andere Konsolen veröffentlicht wurde. Sie enthält einen alternativen Satz von Levels sowie das Original
Puzzle Bobble 3 (Japan) (1M)	Bust-A-Move 3 auf Saturn ist ein Puzzlespiel, bei dem es darum geht, alle Blasen auf dem Bildschirm zu zerstören, um in den nächsten Level zu gelangen. Mit einer Kanone muss der Spieler drei gleichfarbige Blasen zusammenbringen, um sie verschwinden zu lassen. Ziel des Spiels ist es, zu verhindern, dass sich zu viele Blasen ansammeln und ein Limit am unteren Rand des Bildschirms überschritten wird.
Puzzle Bobble 3 for SegaNet (Japan)	Bust-A-Move 3 auf Saturn ist ein Puzzlespiel, bei dem es darum geht, alle Blasen auf dem Bildschirm zu zerstören, um in den nächsten Level zu gelangen. Mit einer Kanone muss der Spieler drei gleichfarbige Blasen zusammenbringen, um sie verschwinden zu lassen. Ziel des Spiels ist es, zu verhindern, dass sich zu viele Blasen ansammeln und ein Limit am unteren Rand des Bildschirms überschritten wird.
Quake (USA)	Bei geheimen Experimenten mit der Slipgate-Technologie werden Portale in eine andere Dimension geöffnet. Eine dämonische Macht, die mit dem Codenamen Quake bezeichnet wird, hat die Portale nun zu einem Überfall auf die militärische Forschungsbasis genutzt und die gesamte Besatzung überwältigt. Der Spieler ist die einzige überlebende Person auf der Basis und macht sich auf, durch die Portale die fremden Dimensionen zu betreten und den unbekannten Feind zu bekämpfen. Die Welt von Quake wurde insbesondere durch den von H. P. Lovecraft erschaffenen Cthulhu-Mythos inspiriert, was an der Gestaltung der Monster, der archaisch-fremdartigen Architektur und der Namensgebung der Level sichtbar wird. Der Spielercharakter aus Quake findet sich mit dem Namen „Ranger“ unter den wählbaren Spielfiguren in Quake III Arena (1999) und in Quake Champions (2016) wieder.
Quarterback Attack (USA)	In diesem halb-FMV-Spiel übernimmst du die Rolle eines Rookies, der sein erstes Spiel als Start-Quarterback in einem fiktiven Team bestreitet, und das ist das große Endspiel. Zu Beginn siehst du ein Video von einem Kickoff und Return und kannst aus 110 Spielzügen wählen, wobei der Schwerpunkt auf den Passspielzügen liegt. Dabei wechselst du in eine 3rd-Person-Ansicht hinter dem Quarterback, um die heranrückenden Abwehrspieler zu sehen. Du kannst auf jeden Receiver zoomen und mit einem Zielcursor Pässe werfen oder selbst laufen, wenn du keinen offenen Mann findest.
Radiant Silvergun (Japan)	Die Geschichte von Radiant Silvergun beginnt mit dem Ende der Welt. Als Pilot des Starfighters Radiant Silvergun werden Sie auf der Suche nach dem Schlüssel zur Rettung des Planeten in der Zeit zurückgeschickt. In verschiedenen Zeitepochen kämpfen Sie gegen Horden von Feinden auf der Suche nach einem außerirdischen Wesen, das als der Ursprung bekannt ist. Nur durch die Zerstörung des Ursprungs kann die düstere Zukunft des Planeten geändert werden. Radiant Silvergun ist ein Top-Down-Shooter aus dem japanischen Codeshop Treasure (Gunstar Heroes, Silhouette Mirage), der 1998 in Japan für den Sega Saturn erschien. Um die Schwärme von Feinden zu bekämpfen, die Ihren Bildschirm füllen, haben Sie drei verschiedene Angriffsmöglichkeiten. Einen geraden Schuss, einen zielsuchenden Laser und einen verheerenden Streuschuss.
Rampage - World Tour (USA)	Rampage: World Tour on Saturn ist ein Actionspiel oder genau genommen ein echtes Toben. Der Spieler spielt eine von drei riesigen Kreaturen seiner Wahl (Gorilla, Eidechse oder Werwolf). Das Ziel besteht darin, eine Stadt zu plündern, indem man die Gebäude dem Erdboden gleichmacht und die Polizei niedertrampelt, die es wagt, sich Ihnen in den Weg zu stellen. Gutes Gemetzel.
Rayman (USA) (R2)	In der Welt von Rayman leben die Natur und ihre Bewohner in Frieden, und der Große Protoon sorgt für das Gleichgewicht und die Harmonie in diesem Universum. Bis zu dem Tag, an dem der furchtbare Mister Dark sie stiehlt und die Welt in Chaos und Dunkelheit stürzt. Rayman muss alle Toons finden und retten und dann Mister Dark vernichten, um das Große Protoon zu liefern. Rayman auf Saturn ist eine der Referenzen des Plattformspiels.
Real Bout Garou Densetsu Special (Japan)	Ein 1997 veröffentlichtes Kampfspiel aus der Arcade-Reihe Fatal Fury. Um größere Vielfalt an Strategien zu ermöglichen, wurde zusätzlich zum schon bekannten Spielprinzip aus vorangegangenen Spielen das zwei Ebenen-Kampfprinzip weiterentwickelt, das Energiebalken-System verbessert und das Ring-Out-System dieses Mal weggelassen. Zu den schon bekannten 15 Kämpfern (mit Ausnahme von Geese), werden dieses Mal vier weitere Kämpfer vorgestellt, die dem Namen Special alle Ehre bereiten: Tung Fu Rue, Cheng Sinzan, Laurance Blood und Wolfgang Krauser. Sie werden gegeneinander um den Titel des stärksten Kämpfers antreten.
Resident Evil (USA)	Ein Team von S.T.A.R.S.-Mitgliedern (Special Tactics And Rescue Squad) wird gerufen, um eine Reihe von Morden in der Nähe von Raccoon City zu untersuchen. Bei der Suche in den Wäldern nahe der Stadt wird das Team von blutrünstigen Hunden angegriffen und muss sich in ein nahe gelegenes Herrenhaus zurückziehen. Der Spieler wählt zwischen Jill Valentine und Chris Redfield und beginnt die Erkundung des Anwesens. Schon bald wird klar, dass es sich nicht um irgendein Herrenhaus handelt, sondern um einen höllischen Ort, an dem Untote durch die Gänge wandeln und andere Schrecken in der Dunkelheit darauf lauern, ein paar Köpfe zu fressen. Während der Spieler Rätsel löst, Schlüssel sammelt und Monster erschießt, muss er das Geheimnis dieses Hauses lüften und, wenn möglich, lebend entkommen.
Return to Zork (Japan) (1M)	Der Legende nach wurde das Große Unterirdische Reich von Zork zerstört und alle bösen Kräfte zerstreut. Doch die IT&L Corporation behauptet, die dunklen und mythischen Pfade unter dem Valley of the Sparrows entdeckt zu haben. Seit dieser Entdeckung beginnen die Albträume von neuem, Menschen sind verschwunden, Gebäude haben sich in Luft aufgelöst, und du als Reisender musst das unterirdische Reich vor diesen bösen Mächten retten.
Revolution X - Music Is the Weapon (USA) (1S)	Mit Revolution X auf Saturn können Sie im Rhythmus von Aerosmiths Rock'n'Roll auf alles schießen, was sich bewegt. In einem Land, das junge Menschen daran hindert, sich auszudrücken, und in dem Rockmusik verboten ist, kann nur eine Gruppe von Rockstars die Situation wiederherstellen. Ausgestattet mit einem Gewehr müssen Sie die Mitglieder von Aerosmith retten, die von der New Order Nation entführt wurden. Indem Sie mit dem Visier zielen, müssen Sie alle Gegner auf dem Bildschirm eliminieren, um durch die Level zu kommen.
Riglordsaga (Japan) (Made in Japan) (1M)	Mystaria: The Realms of Lore ist ein Saturn-Rollenspiel/Abenteuerspiel. Sie müssen zwölf Charaktere verwalten und ihre Fähigkeiten Kampf für Kampf weiterentwickeln. Das Hauptziel besteht darin, den bösen Lord Bane zusammen mit 50 anderen Feinden zu besiegen.
Rise 2 - Resurrection (USA) (En,Fr,De,Es,It)	Rise 2: Resurrection ist ein Kampfspiel für Saturn. Spielen Sie als einer von 18 Charakteren mit Dutzenden verschiedener Kombinationen und kämpfen Sie in der Arena.
Riven - A Sequencia de Myst (Brazil) (Disc 1)	Betreten Sie eine trügerisch schöne Welt, die von uralten Konflikten zerrissen ist... wo Geheimnisse auf Schritt und Tritt verborgen liegen... und nichts so ist, wie es scheint. Sie müssen suchen. Du musst erforschen. Du musst jeden Funken Intellekt und Intuition aufbringen. Nur dann wirst du die Wahrheit über dieses unruhige Land und seine Bewohner erfahren. Du musst Riven zu deiner Welt werden lassen - bevor eine ganze Welt verloren geht.
Riven - The Sequel to Myst (Europe) (Disc 1)	Betreten Sie eine trügerisch schöne Welt, die von uralten Konflikten zerrissen ist... wo Geheimnisse auf Schritt und Tritt verborgen liegen... und nichts so ist, wie es scheint. Sie müssen suchen. Du musst erforschen. Du musst jeden Funken Intellekt und Intuition aufbringen. Nur dann wirst du die Wahrheit über dieses unruhige Land und seine Bewohner erfahren. Du musst Riven zu deiner Welt werden lassen - bevor eine ganze Welt verloren geht.
Road & Track Presents - The Need for Speed (USA) (En,De)	The Need for Speed ​​ist ein Autorennspiel für Saturn. Wählen Sie Ihr Lieblingsauto, das Spiel bietet Ihnen Autos wie den Dodge Viper oder einen Lamborghini, aber auch einen Porsche oder einen Ferrari. Einige Strecken sind nicht gesperrt und Sie müssen nur von einem Ende zum anderen gehen und dabei vermeiden, von der Polizei erwischt zu werden. Denn genau darum geht es bei The Need for Speed: Geschwindigkeitsrekorde zu brechen und natürlich eine Strafe dafür zu vermeiden!
Road Rash (USA)	Road Rash auf Saturn ist ein Motorrad-Rennspiel, in dem alles erlaubt ist, um die Ziellinie zu überqueren. Du trittst gegen dreizehn andere Konkurrenten an und hast zwei Möglichkeiten: Entweder du tust dein Bestes, um als Sieger hervorzugehen, oder du benutzt die Waffen, die du hast, um die anderen &quot;Road Rashers&quot; zu Fall zu bringen. Es stehen fünf Strecken zur Auswahl, jede mit ihren eigenen Gesetzeshütern, Fußgängern und anderen Autos, denen man ausweichen muss.
Robo Pit (USA)	Robo Pit ist ein Actionspiel auf Saturn. Sie bauen Ihren Roboter und müssen in Deathmatches gegen andere bis an die Zähne bewaffnete Maschinen kämpfen. Die Kämpfe basieren auf Skripten und sind Teil eines konstruierten Abenteuers. Man kämpft also nicht umsonst, sondern als Teil einer Geschichte. Im Laufe Ihres Fortschritts können Sie Ihren Roboter aufrüsten, um ihn stärker, schneller oder leistungsfähiger zu machen.
Robotica (USA)	Robotica ist ein Actionspiel für Saturn. Du entwickelst dich in einem Universum, in dem Roboter von einem Virus befallen sind und rebelliert haben, um die Welt zu erobern. Sie sind der Einzige, der die Macht hat, sie aufzuhalten! Ausgestattet mit verschiedenen Hightech-Waffen bewegen Sie sich durch verschiedene Level, um die bösen Roboter zu vernichten.
Robotica - Cybernation Revolt (Europe)	Robotica ist ein Actionspiel für Saturn. Du entwickelst dich in einem Universum, in dem Roboter von einem Virus befallen sind und rebelliert haben, um die Welt zu erobern. Sie sind der Einzige, der die Macht hat, sie aufzuhalten! Ausgestattet mit verschiedenen Hightech-Waffen bewegen Sie sich durch verschiedene Level, um die bösen Roboter zu vernichten.
Rockman 8 - Metal Heroes (Japan)	Der Kampf gegen Dr. Wily ist noch nicht vorbei, denn er geht in Mega Man 8 auf Saturn weiter. Dieser Action-Platformer feiert das zehnjährige Jubiläum der Serie und bringt den blauen Helden und seine Rüstung mit mehreren Kräften zurück. Diese Saturn-Edition enthält einige Bonuselemente, die in der Playstation-Version nicht enthalten sind, wie zum Beispiel die feindlichen Roboter Cut Man und Wood Man aus dem ersten und zweiten Teil der Saga.
Rockman X3 (Japan) (2M)	Nachdem die Mavericks in den vorangegangenen Folgen besiegt wurden, leben die Roboter in Frieden mit den Menschen. Aber die ursprünglichen Mavericks kehren zurück und bedrohen das Gleichgewicht. Mega Man und Zero werden an die vorderste Front zurückgerufen, um den neuen Angriff abzuwehren. Mega Man X3 auf dem Saturn bietet 8 Levels voller Jump'n'Run-Action, die alle zu einem anderen Boss führen, dem man sich stellen muss.
Rockman X4 (Japan) (1M)	Mega Man X, der reploide Anführer der 17. Einheit Maverick Hunters, und sein bester Freund Zero müssen eine Rebellion der Reploiden aufhalten. Jeder von ihnen wird auf eine andere Art und Weise involviert und Sie können als einer der beiden Charaktere durch die parallelen Geschichten spielen.
Romance of the Three Kingdoms IV - Wall of Fire (USA)	Romance of the Three Kingdoms IV: Wall of Fire (in Japan als Sangokushi IV veröffentlicht) ist der vierte Teil der Romance of the Three Kingdoms-Serie von rundenbasierten Strategiespielen, die von Koei produziert werden und auf dem historischen Roman Romance of the Three Kingdoms basieren. Romance of the Three Kingdoms IV: Wall of Fire war das letzte Spiel der Serie, das in den Vereinigten Staaten auf dem PC veröffentlicht wurde, bis Romance of the Three Kingdoms XI erschien.
Roommate - Inoue Ryouko (Japan)	Roommate: Inoue Ryouko ist Teil der Roommate-Reihe. Das Spiel dreht sich um die 17-jährige Ryoko. Ihre Familie ist von Tokio nach New York gezogen und sie bleibt dort, um die Schule zu beenden. Ihr Vater (ein Freund des Vaters des Spielers) hat sie gebeten, bei ihm in seiner Wohnung einzuziehen (wo er ein freies Zimmer hat), damit sie ihr Studium beenden kann. Aber Ryoko vermisst ihre Familie und ist emotional verletzlich – also ist es für ihn an der Zeit, selbst einzuziehen.
Ruriiro no Yuki (Japan)	Der Protagonist des Spiels ist ein Highschool-Schüler, der seine Eltern bei einem Autounfall verloren hat. Das Leben mit Adoptiveltern war schwierig, und er beschloss, das Zimmer in dem Haus zu mieten, das seinen echten Eltern gehörte, weil er dachte, dass ihre Geister ihm auf diese Weise näherkommen würden. Kurz darauf begann der Junge jedoch, seltsame Träume zu haben. Bei seiner Ankunft entdeckt er in einem Loch unter dem Boden seines Zimmers einen Krug, und dieser Krug bringt auf wundersame Weise eine junge Frau namens Ruri hervor, die auf eine Weise Teil seines Lebens wird, die er sich nie hätte vorstellen können. Obwohl einige Ereignisse unabhängig von den Handlungen des Spielers eintreten, wird ein Großteil der Handlung durch die Entscheidungen des Spielers bestimmt, die z. B. Orte beinhalten können, die besucht werden müssen, oder Handlungen, die gewählt werden müssen, wenn sie verlangt werden.
Sakamoto Ryouma - Ishin Kaikoku (Japan)	In „Sakamoto Ryouma: Ishin Kaikoku“ erlebst du die turbulente Zeit der Meiji-Restauration und triffst auf über 500 historische Persönlichkeiten. Während du dein Reich aufbaust, kannst du Armeen rekrutieren, diplomatische Abkommen schließen, Waffen der Epoche nutzen und strategische Entscheidungen treffen, um deine Position in dieser entscheidenden Phase der Geschichte zu festigen.
Sakura Taisen (Japan) (Disc 1) (6M)	Sakura Taisen, auch Sakura Wars, ist ein Saturn-Rollenspiel, dessen Geschichte während der Taisho-Ära (1912-1926) in Japan spielt. Ein neuer Kult droht nicht nur Japan, sondern auch den Rest der Welt zu zerstören. Die kaiserliche Regierung beschließt, eine Gruppe von sechs jungen Frauen zusammenzustellen, um gegen diese Sekte zu kämpfen. Die Entwicklung der Dialoge zwischen den Charakteren beeinflusst das Ende des Spiels, bestimmte Dialoge und sogar Parameter während des Kampfes.
Salamander Deluxe Pack Plus (Japan)	Salamander Deluxe Pack Plus ist eine Spielesammlung für den Saturn, die die verschiedenen, bislang veröffentlichten Versionen des Shooters Salamander vereint: die Arcade-Version von Salamander, dessen amerikanische Adaption Life Force sowie Salamander 2 – das hier erstmals seit seiner Veröffentlichung in der Spielhalle erhältlich ist. In jedem dieser Spiele steuern Sie einen Sternenjäger und ziehen in den Kampf gegen die Armee von Zelos – einer furchterregenden Kreatur, die droht, die gesamte Galaxie zu verschlingen!
Samurai Spirits - Amakusa Kourin (Japan) (En,Ja,Es,Pt)	Samurai Shodown IV: Amakusa's Revenge on Saturn ist ein Kampfspiel, das im Japan des Jahres 1789 spielt. Amakusa wurde während des dritten Opus zerstört, ist wiederauferstanden und entschlossen, sich zu rächen. Dieser Titel bringt einige Änderungen am Spielsystem mit sich, insbesondere die Möglichkeit, im Kampf Selbstmord zu begehen, und Todeskombinationen, um den Gegner zu erledigen.
Samurai Spirits - Zankurou Musouken (Japan)	Samurai Shodown III sollte den Auftakt zu einer mutigen neuen Ausrichtung der Spielereihe bilden. Der offensichtlichste Unterschied zu den anderen Titeln der Serie ist die deutlich düstere Ästhetik. Die eher humorvollen Charaktere früherer Spiele (wie Earthquake, Cham Cham und Gen-an) wurden entfernt, und selbst der Kabuki-Meister Kyoshiro Senryo wurde optisch überarbeitet: Vom exzentrischen Entertainer wandelte er sich zu einem muskulösen Mann mit grimmigem Gesichtsausdruck. Jeder Charakter wurde von Grund auf neu gestaltet. Die Animationen aller Figuren sind bemerkenswert flüssig – ein weiterer Bruch mit dem Grafikstil des zweiten Teils.
Sangokushi IV (Japan)	Romance of the Three Kingdoms IV: Wall of Fire (in Japan als Sangokushi IV veröffentlicht) ist der vierte Teil der Romance of the Three Kingdoms-Serie von rundenbasierten Strategiespielen, die von Koei produziert werden und auf dem historischen Roman Romance of the Three Kingdoms basieren. Romance of the Three Kingdoms IV: Wall of Fire war das letzte Spiel der Serie, das in den Vereinigten Staaten auf dem PC veröffentlicht wurde, bis Romance of the Three Kingdoms XI erschien.
Sanguozhi IV (Taiwan)	Romance of the Three Kingdoms IV: Wall of Fire (in Japan als Sangokushi IV veröffentlicht) ist der vierte Teil der Romance of the Three Kingdoms-Serie von rundenbasierten Strategiespielen, die von Koei produziert werden und auf dem historischen Roman Romance of the Three Kingdoms basieren. Romance of the Three Kingdoms IV: Wall of Fire war das letzte Spiel der Serie, das in den Vereinigten Staaten auf dem PC veröffentlicht wurde, bis Romance of the Three Kingdoms XI erschien.
Sankyo Fever - Jikki Simulation S Vol. 2 (Japan)	„Sankyo Fever Jikki Simulation S Vol. 2“ ist ein Pachinko-Spiel für den Sega Saturn und die Fortsetzung von „Sankyo Fever Jikki Simulation S“. Es wurde speziell für den Sanyko-FF-Controller entwickelt.
Saturn Bomberman (USA) (1S)	In diesem Saturn-exklusiven Partyspiel steuern Sie den kleinen blauen Bomber zusammen mit bis zu 10 anderen Bombenkumpels, die Bomben legen, um feindliche Charaktere in die Falle zu locken. Obwohl es keinen Story-Modus gibt, können Sie gegen eine Vielzahl von anderen Charakteren in Einzelkämpfen antreten, um zu sehen, wer der Meister der Bombe ist. 10 Spieler können dann auf einem Bildschirm gleichzeitig spielen, entweder gegeneinander oder in Teams. Saturn Bomberman kann auch mit dem Sega Saturn NetLink-Internetsystem verbunden werden, so dass zwei Personen von entgegengesetzten Enden der Erde gegeneinander antreten können.
Saturn Bomberman Fight!! (Japan)	Saturn Bomberman Fight!! ist ein Eintrag in der Bomberman-Serie von Spielen, die exklusiv für den Sega Saturn in Japan veröffentlicht. Trotz seines Namens ist es keine direkte Fortsetzung von Saturn Bomberman, obwohl das Gameplay wie bei den meisten anderen Bomberman-Spielen sehr ähnlich ist. Saturn Bomberman Fight!! ist insofern ungewöhnlich, als das Spiel in einer isometrischen Perspektive gespielt wird, mit einem stärkeren Fokus auf den Standard-Bomberman-Kampfmodus. Die Charaktere können nun über Hindernisse springen und Bomben werfen, ohne Powerups zu benötigen, und jeder Charakter hat eine Gesundheitsanzeige, die bei jedem Treffer abgezogen wird. Außerdem gibt es mehr Sprachausgabe als in früheren Titeln, was vielleicht erklärt, warum das Spiel nie in die westliche Welt kam.
Scorcher (USA)	Wie wäre es mit einer Fahrt mit 450 km/h bei unglaublichen 30 Bildern pro Sekunde? Das Adrenalin geht bis zum Äußersten. Verlieren Sie völlig den Verstand, wenn 32.000 Farben in atemberaubender Grafikqualität an Ihnen vorbeiziehen. In diesem 3D-Rennen übernehmen Sie das Kommando über ein Cyber-Cycle und manövrieren durch Kurven, Rampen, Hindernisse, Tunnel, Brücken, Schikanen, Barrieren und Betonmauern, und das alles in einer futuristischen Umgebung in der dritten Dimension.
Scud - The Disposable Assassin (USA)	Scud: The Disposable Assassin ist ein Actionspiel für den Saturn, das auf dem gleichnamigen Comic basiert und von einem Roboter handelt, der darauf programmiert ist, zu töten und sich anschließend selbst zu zerstören. Gerade als er ein Ziel ausschalten will, wird sich der Roboter seiner eigenen Lage bewusst; das Ziel – das den Roboter angeschossen hatte, um sich selbst zu retten – beschließt, ihn ins Krankenhaus zu bringen, damit auch er gerettet werden kann. Ein Wettlauf gegen die Zeit beginnt: Scud muss Geld verdienen, um die Krankenhauskosten des Roboters zu bezahlen und dessen Tod zu verhindern.
Sea Bass Fishing (Europe) (En,Fr,De)	Sea Bass Fishing ist eine Angelsimulation auf dem Saturn. Sie nehmen an einem Wettbewerb teil und müssen ihn natürlich gewinnen. Sie können entweder zuerst trainieren oder direkt am Wettbewerb teilnehmen, bei dem Sie drei Herausforderungen gewinnen müssen, um der Champion zu werden. Wählen Sie einen Kapitän für Ihr Schiff. Sobald Sie vor der Küste sind, können Sie mit dem Angeln beginnen.
SeaBass Fishing (Japan)	Sea Bass Fishing ist eine Angelsimulation auf dem Saturn. Sie nehmen an einem Wettbewerb teil und müssen ihn natürlich gewinnen. Sie können entweder zuerst trainieren oder direkt am Wettbewerb teilnehmen, bei dem Sie drei Herausforderungen gewinnen müssen, um der Champion zu werden. Wählen Sie einen Kapitän für Ihr Schiff. Sobald Sie vor der Küste sind, können Sie mit dem Angeln beginnen.
SeaBass Fishing 2 (Japan)	Seabass Fishing 2 ist ein Angelsimulationsspiel für Saturn. Du nimmst an einem Wettbewerb teil, den du gewinnen musst. Du kannst entweder zuerst trainieren oder an einem Wettbewerb teilnehmen, bei dem du drei Herausforderungen gewinnen musst, um Champion zu werden. Du fischst von Land aus. Es gibt einen Kochbereich, in dem Sie Tipps für die Zubereitung köstlicher Gerichte sammeln können, komplett mit Fotos und Erklärungen.
Sega Ages - Columns Arcade Collection (Japan)	In „Sega Ages Columns Arcade Collection“ erlebst du eine Sammlung klassischer Columns-Spiele, die exklusiv in Japan für den Sega Saturn veröffentlicht wurde. Die Kollektion umfasst „Columns“, „Columns II: The Voyage Through Time“, „Stack Columns“ und „Columns '97“ und bietet dir stundenlangen Puzzlespaß mit den beliebten Arcade-Titeln der Serie.
Sega Ages - Fantasy Zone (Japan)	Die Fantasy Zone ist ein Sonnensystem, das aus acht bunten, fantastischen Planeten besteht. Die bösen Menons versuchen, alle Planeten in der Fantasy Zone zu übernehmen, indem sie unterschlagene Fremdwährung verwenden, um ihre Streitkräfte aufzubauen. Es ist die Aufgabe des Spielers, alle Münzen zurückzuholen und das Sonnensystem zu retten! Fantasy Zone ist ein Shooter im Arcade-Stil für einen oder zwei Spieler. Das Ziel besteht darin, alle Kreaturen auf jedem Planeten zu zerstören und so viele der verlorenen Münzen wie möglich einzusammeln. Am Ende jedes Levels wartet ein großer Feind, den man besiegen muss, bevor man in die nächste Welt vordringen kann. An verschiedenen Stellen im Spiel kann der Spieler einen Ersatzteilladen finden, in dem er Verbesserungen für sein Raumschiff kaufen kann, darunter bessere Waffen und schnellere Motoren.
Sega Ages - Galaxy Force II (Japan)	Galaxy Force II ist ein shoot'em up auf der Sega Megadrive. Sie befinden sich in einem Raumschiff und müssen 5 verschiedene Situationen meistern, von feindlichem Feuer bis zum harten Eis. Sie werden frei fliegen, Tunnels und Schluchten überwinden, bis sie am Ende eine außerirdische Basis zerstören müssen. Ihre Energieanzeige beginnt bei 1200 und nimmt ab, wenn Sie von Schüssen getroffen werden oder wenn sie eine Wand oder einer Blockade berühren. Sie haben unendlich viele Kanonen und Lenkwaffen, die Ihnen weiterhelfen. Sie können regelmäßig Energie aufladen und die Leistung verbessern, indem Sie die Trägerkapseln abschießen und dann einsammeln.
Sega Ages - OutRun (Japan)	OutRun ist ein Rennspiel, bei dem der Spieler in einem leicht zugänglichen Ferrari mit einer Beifahrerin über eine Reihe von kurzen Strecken durch abwechslungsreiches Gelände rast. Das Spiel wird aus der Perspektive über und hinter dem Auto gespielt. Die Straßen sind voller scharfer Kurven und Hindernisse, bei deren Berührung der Wagen ins Schlingern geraten und der Spieler Zeit verlieren kann. Auf jedem Streckenabschnitt gibt es eine Weggabelung, an der der Spieler die Richtung wählen kann, in die er fahren möchte. Der Spieler muss insgesamt fünf der fünfzehn Streckenabschnitte des Spiels bewältigen.
Sega Ages Volume 1 (USA)	Eine Sammlung von drei der beliebtesten Arcade-Spiele von Sega aus den 1980er Jahren, übersetzt für den Sega Saturn - Outrun, After Burner II und Space Harrier. In Outrun setzen Sie sich hinter das Steuer Ihres Ferraris und erreichen die Kontrollpunkte rechtzeitig. Wählen Sie Ihr Ziel, wenn sich die Straße gabelt, und stellen Sie sicher, dass Sie die Ziellinie erreichen, bevor der Timer Null anzeigt. In After Burner II können Sie den gefürchtetsten Düsenjäger am Himmel fliegen - die SSF-14 - und den Feind vernichten. Mit zwei Vulcan-Kanonen, Hitzeschutzraketen und einem Nachbrenner sowie der Unterstützung durch die Besatzung des Flugzeugträgers Sega Enterprise geht es darum, den Feind vom Himmel zu schießen - bevor er Sie erwischt.
Sega International Victory Goal (Japan) (5M)	International Victory Goal ist ein Fußballspiel auf Saturn. Sie können aus zwölf Nationalmannschaften in drei Spielmodi wählen, darunter auch die Weltmeisterschaft, bei der Sie 44 Spiele absolvieren müssen, bevor Sie das Finale erreichen können! Das Gameplay des Titels ist sehr Arcade-ähnlich.
Sega Rally Championship (USA)	Sega Rally war ein großer Erfolg in den Spielhallen und brachte den Rallye-Stil noch vor den Colin McRae-Spielen unter die Leute. Es wurden vier detaillierte Strecken mit einer Reihe von kniffligen Kurven und Sprüngen erstellt, und Sie können aus 3 verschiedenen Autos wählen. Neben der Hauptmeisterschaft gibt es auch einen Zeitfahrmodus mit einem Geisterauto, das es zu schlagen gilt, so dass Sie immer wissen, wie Ihre Fahrt im Vergleich zu Ihrer bisherigen Bestleistung abschneidet. Für den Mehrspielermodus können zwei Maschinen miteinander verbunden werden. Das Handling der Autos ist unrealistisch, um den Fokus auf Action und sofortige Spielbarkeit zu legen.
Sega Rally Championship Plus (Japan)	Sega Rally war ein großer Erfolg in den Spielhallen und brachte den Rallye-Stil noch vor den Colin McRae-Spielen unter die Leute. Es wurden vier detaillierte Strecken mit einer Reihe von kniffligen Kurven und Sprüngen erstellt, und Sie können aus 3 verschiedenen Autos wählen. Neben der Hauptmeisterschaft gibt es auch einen Zeitfahrmodus mit einem Geisterauto, das es zu schlagen gilt, so dass Sie immer wissen, wie Ihre Fahrt im Vergleich zu Ihrer bisherigen Bestleistung abschneidet. Für den Mehrspielermodus können zwei Maschinen miteinander verbunden werden. Das Handling der Autos ist unrealistisch, um den Fokus auf Action und sofortige Spielbarkeit zu legen.
Sega Rally Championship Plus Netlink Edition (USA)	Sega Rally war ein großer Erfolg in den Spielhallen und brachte den Rallye-Stil noch vor den Colin McRae-Spielen unter die Leute. Es wurden vier detaillierte Strecken mit einer Reihe von kniffligen Kurven und Sprüngen erstellt, und Sie können aus 3 verschiedenen Autos wählen. Neben der Hauptmeisterschaft gibt es auch einen Zeitfahrmodus mit einem Geisterauto, das es zu schlagen gilt, so dass Sie immer wissen, wie Ihre Fahrt im Vergleich zu Ihrer bisherigen Bestleistung abschneidet. Für den Mehrspielermodus können zwei Maschinen miteinander verbunden werden. Das Handling der Autos ist unrealistisch, um den Fokus auf Action und sofortige Spielbarkeit zu legen.
Sega Saturn de Hakken!! Tamagotchi Park (Japan)	In „Sega Saturn de Hakken!! Tamagotchi Park“ kannst du verschiedene Tamagotchi-Kreaturen aufziehen, darunter spezielle Versionen ikonischer Sega-Charaktere wie Sonic, Pengo, Opa-Opa, Alex Kidd und Flicky. Das Spiel wurde mit einer Saturn Backup Memory Cartridge ausgeliefert und bietet eine einzigartige Mischung aus klassischem Tamagotchi-Gameplay und Sega-Nostalgie.
Sega Touring Car Championship (USA)	Sega Touring Car Championship ist ein Rennspiel für Saturn. Wähle zu Beginn zwischen 4 Autos, um an verrückten Rennen teilzunehmen. Beherrsche dein Auto und gewinne die 3 von der Software angebotenen Rennstrecken. Behalten Sie den Tacho im Auge, denn Sega Touring Car Championship wird Sie zum Explodieren bringen!
Sega Worldwide Soccer '97 (USA)	Sega Worldwide Soccer 97 ist ein Sportspiel für den Saturn. Sie können mit einem von 48 internationalen Teams spielen. Nach dem Spiel kümmern Sie sich um Verletzungen und Sperren von Spielern. Außerdem können Sie die Statistiken Ihrer Spieler in über 25 Kategorien einsehen.
Sega Worldwide Soccer '98 (Japan)	Sega Worldwide Soccer '98 für Saturn ist eine Fußballsimulation. Die meisten europäischen Wettbewerbe sind vertreten, ebenso wie die anderen nationalen Ligen. Das Spiel ist vollständig lizenziert, d. h. die Namen der Spieler und Mannschaften sind identisch mit denen des echten Spiels.
Sega Worldwide Soccer '98 - Club Edition (Europe) (En,Fr,Es)	Sega Worldwide Soccer '98 für Saturn ist eine Fußballsimulation. Die meisten europäischen Wettbewerbe sind vertreten, ebenso wie die anderen nationalen Ligen. Das Spiel ist vollständig lizenziert, d. h. die Namen der Spieler und Mannschaften sind identisch mit denen des echten Spiels.
Sega Worldwide Soccer 97 (Europe)	Sega Worldwide Soccer 97 ist ein Sportspiel für den Saturn. Sie können mit einem von 48 internationalen Teams spielen. Nach dem Spiel kümmern Sie sich um Verletzungen und Sperren von Spielern. Außerdem können Sie die Statistiken Ihrer Spieler in über 25 Kategorien einsehen.
Seireki 1999 - Pharaoh no Fukkatsu (Japan)	Zielort: Die altägyptische Stadt Karnak. Außerirdische Mächte, die über schreckliche Kräfte verfügen, haben die einst blühende Gemeinschaft von jedem Kontakt mit der Außenwelt abgeschottet. Als Spezialist für verdeckte Operationen wurden Sie für alle möglichen Eventualitäten ausgebildet. Nichts kann Sie jedoch auf den Alptraum vorbereiten, der Sie erwartet. Mehr als zwanzig Levels mit Non-Stop-Gameplay durch eine altägyptische Stadt und das Grab des Pharaos Ramses. Das vollständig in 3D gerenderte Echtzeit-Gameplay ermöglicht es Ihnen, sich innerhalb eines Levels zwischen mehreren Ebenen zu bewegen. Überqueren Sie Brücken, kriechen Sie durch Tunnel und schwimmen Sie durch Unterwassergrotten.
Senkutsu Katsuryu Taisen - Chaos Seed (Japan) (Disc 2) (Omake Disc)	In „Senkutsu Katsuryu Taisen: Chaos Seed“ erkundest du riesige unterirdische Labyrinthe, um mit Hilfe der Geisterwelt neues Leben auf einen sterbenden Planeten zu bringen. Das Spiel kombiniert Rollenspiel-, Action- und Strategie-Elemente, wobei kluges Ressourcenmanagement und der geschickte Einsatz von Feng Shui entscheidend für den Fortschritt sind.
Senryaku Shougi (Japan)	Senryaku Shōgi ist eine digitale Umsetzung des traditionellen japanischen Brettspiels Shogi für einen oder zwei Spieler. Es bietet zwei Hauptspielmodi: einen Modus, in dem man gegen einen anderen Spieler oder den Computer auf sieben verschiedenen Schwierigkeitsstufen spielt, und einen &quot;Eroberungs&quot;-Modus, in dem der Spieler eine Reihe zunehmend schwieriger Computergegner besiegen muss. Es gibt verschiedene Optionen, wie Startaufstellungen, Zeitlimits für Züge und die Möglichkeit, bis zu vier vergangene Partien vollständig zu speichern und später zu überprüfen.
Sentimental Graffiti (Japan) (Disc 1) (Game Disc) (4M)	In „Sentimental Graffiti“ schlüpft der Spieler in die Rolle von Tanaka Ichirou, einem Oberschüler, der kurz vor den Frühlingsferien seines dritten Schuljahres einen rätselhaften Brief mit den Worten „Ich möchte dich treffen“ erhält. Während seiner Mittelschulzeit führte ihn das häufige Wechseln der Schulen zu besonderen Begegnungen mit verschiedenen Mädchen. Auf der Suche nach dem Absender reist er durch das ganze Land und trifft die 12 Mädchen aus seinen Erinnerungen erneut.
Shellshock (USA)	Shellshock ist ein Action-/Shooter-Spiel für Saturn. Der Spieler übernimmt die Kontrolle über Team-A, eine Söldnerbande, die für Wahrheit, Gerechtigkeit und ... Hip-Hop kämpft. Gut versteckt in Ihrem Panzer erfüllen Sie Missionen mit vielfältigen Zielen in offenen Umgebungen und versuchen, so viel Geld wie möglich zu sammeln, um Ihre Maschine zu verbessern.
Shellshock - Jus' Keepin' da Peace (Japan)	Shellshock ist ein Action-/Shooter-Spiel für Saturn. Der Spieler übernimmt die Kontrolle über Team-A, eine Söldnerbande, die für Wahrheit, Gerechtigkeit und ... Hip-Hop kämpft. Gut versteckt in Ihrem Panzer erfüllen Sie Missionen mit vielfältigen Zielen in offenen Umgebungen und versuchen, so viel Geld wie möglich zu sammeln, um Ihre Maschine zu verbessern.
Shichisei Toushin Guyferd - Crown Kaimetsu Sakusen (Japan)	Shichisei Tōshin Guyferd: Crown Kaimetsu Sakusen ist ein interaktives FMV-Spiel, das auf der TV-Serie Shichisei Tōshin Guyferd basiert, bei der Capcom als Hauptsponsor fungierte. Der Spieler navigiert durch ein Labyrinth, löst Rätsel, sammelt Gegenstände und kämpft gegen Mitglieder von Crown. Die Kämpfe ähneln denen eines Rollenspiels, wobei der Spieler und der Gegner mit Karten gegeneinander antreten. Durch Chips kann der Spieler seine Werte verbessern.
Shienryuu (Japan)	Das Spiel spielt in einer fernen Zukunft, in der die Menschen auf der Erde nach neuen Planeten suchen, die sie kolonisieren können, insbesondere nach solchen, die der Erde ähnlich sind. Die Kolonieschiffe, bekannt als Karawanen, reisen tief in den Weltraum, bis Karawane 7861 einen geeigneten vierten Planeten in der Nähe einer fremden Sonne entdeckt. Doch keine der anderen Karawanen war ihnen gefolgt. Nach 93 Jahren Zivilisation auf dem neuen Mutterplaneten führt die Untersuchung der verschwundenen Karawanen schließlich zu einer schrecklichen Entdeckung: Die früheren Karawanen wurden von einem mächtigen Regime außerirdischer Menschen angegriffen und erobert. Unter dem Kommando des mysteriösen Shienryu dringt die außerirdische Raumflotte in den Mutterplaneten ein und errichtet überall auf der Welt Festungen, die jeglichen menschlichen Einfluss zerstören und ersetzen. Als Reaktion darauf wird ein Verteidigungsteam namens &quot;Burn Dragoon&quot; gegründet, das die besten Piloten und Navigatoren aufruft, um den neuen Planeten gegen das eindringende Regime zu verteidigen. Die Spieler steuern eines von zwei Schiffen mit einer zweiköpfigen Besatzung, die gegen die Basen des Regimes sowohl auf dem neuen Mutterplaneten als auch im Weltraum vorgehen.
Shin Shinobiden (Japan)	Blut ist dicker als Wasser. Nicht in dieser Familie. Die Zwillingsbrüder Sho und Kazuma geben der Geschwisterrivalität einen schlechten Namen. Während Sho all die netten Dinge tut, die seine Shinobi-Vorfahren stolz machen würden, lässt Kazuma sie auf dem Familiengrundstück umdrehen. Kazumas erbarmungslose Söldnerbande hat es sich zum Ziel gesetzt, die Zahl der Familienmitglieder um einen zu verringern. In der Zwischenzeit entführt Kazuma seine eigene Schwester Aya, um sicherzustellen, dass Sho etwas zum Nachdenken hat, bevor er auf seinen Bruder losstürmt. Manchmal entwickeln sich Kinder einfach nicht so, wie man es sich wünscht.
Shining Force III (USA)	Shining Force III ist ein rundenbasiertes taktisches Rollenspiel für den Saturn. Die ruhige Stadt Saraband ist zwischen zwei rivalisierenden Mächten gefangen: der Republik und dem Imperium. In Begleitung einer Gruppe junger Krieger müssen Sie die aufkommenden Unruhen eindämmen und diesen unnötigen Konflikt beenden.
Shining Force III - Scenario 1 - Outo no Kyoshin (Japan)	Shining Force III, in seiner westlichen Form, ist nur ein Drittel der gesamten Shining Force III Geschichte. In Japan wurde das Spiel in drei Teile (oder &quot;Szenarien&quot;) aufgeteilt - Shining Force III Szenario 1: Outo no Kyoshin, Shining Force III Szenario 2: Nerawareta Miko und Shining Force III Szenario 3: Hyouheki no Jashinguu. Im Westen wurden die beiden letztgenannten Szenarien jedoch nicht veröffentlicht, und der Untertitel des ersten wurde entfernt. Dies kann zu einiger Verwirrung führen, da der Name Shining Force III sowohl die Sammlung der drei Shining Force III-Szenarien als auch nur Outo no Kyoshin bedeuten kann. Die Trilogie ist das letzte Spiel, das von Sonic! Software Planning entwickelt wurden, bevor das Unternehmen mit Camelot Software Planning fusionierte, das als Mitentwickler fungierte.
Shining Force III - Scenario 2 - Nerawareta Miko (Japan)	Scenario 2, Target: Child of God, handelt von Medion, Prinz von Destonia und jüngster von drei Söhnen des Kaisers Domaric. Obwohl er seinem Vater und seinem Land gegenüber loyal ist, spürt er, dass hinter den Spannungen zwischen Aspinia und Destonia andere Kräfte am Werk sind. Zusammen mit seinen Brüdern Arrawnt und Mageron nimmt er im Namen von Destonia an der Konferenz in Saraband teil. Wie in Szenario 1 herausgefunden wurde, stammt ein Großteil dieses Einflusses von der Bulzome-Sekte sowie von kollaborierenden separatistischen Gruppierungen sowohl in Destonia als auch in Aspinia. Medion arbeitet parallel zu Synbios von Aspinia und entledigt sich oft abtrünniger aspinischer Elemente, um Synbios' Streitkräfte vor dem Kampf gegen seine eigenen Landsleute zu bewahren. Am Ende des Spiels ist Medion gezwungen, mit Synbios' Truppen zu kämpfen, als Julian eingreift, um sie aufzuhalten.
Shining Force III - Scenario 3 - Hyouheki no Jashinguu (Japan)	Scenario 3, Bulzome Rising, handelt von Julian, einem Söldner, der sowohl in Szenario 1 als auch in Szenario 2 als Nebenfigur auftritt. Er ist in jeder Hinsicht die eigentliche Hauptfigur von Shining Force III. Seine anfängliche Motivation zu Beginn der Geschichte ist es, Galm aufzuspüren und zu töten, eines der, wenn nicht sogar das mächtigste Mitglied der Vandalen, einer mächtigen Rasse von Wesen, die vor über 1.000 Jahren existierte. Julian glaubt, dass Galm seinen Vater getötet hat und will sich rächen. Dieser Handlungsstrang wird erstmals in einem früheren Shining-Spiel, Shining the Holy Ark, eingeführt, in dem Julian als kleiner Junge auftaucht, der die Gruppe bittet, nach seinem verschwundenen Vater zu suchen.
Shining Force III Premium Disc (Japan)	Shining Force III: Premium Disc ist eine Fan-Disc für die Shining Force III-Serie. Dieses Spiel erhielt man, wenn man sich für den Kauf von Scenario1, Scenario2 und Scenario3 bewarb. Wenn du Shining Force III nicht kennst oder einfach kein Fan bist, wird die Premium Disc für dich wenig Bedeutung haben. Wenn Sie jedoch ein Fan sind, ist die Shining Force III Premium Disc wahrscheinlich die größte und interessanteste Bonus-Disc, die bisher für ein Spiel veröffentlicht wurde.
Shining the Holy Ark (USA)	Als Teil des Shining-Universums ist &quot;Shining the Holy Ark&quot; ein reines Konsolen-RPG. Du spielst die Rolle des jungen Schwertkämpfers Arthur, der sich entschlossen hat, als Söldner für verschiedene Leute zu arbeiten, die seine Dienste benötigen. Bei seinem ersten Auftrag schickt ihn der König von Enrich in eine Mine, um einen abtrünnigen Ninja zu finden und zu bestrafen, der ihm entkommen ist. Doch dann geschieht ein Unfall, der Arthur erkennen lässt, dass er viel mehr tun muss als seinen üblichen Söldnerauftrag, und dass es ein wahres Übel in der Welt gibt, das um jeden Preis besiegt werden muss. Das Spiel bietet 3D-Grafik und nutzt die Ego-Perspektive für die Dungeons und Kämpfe. Die rundenbasierten Kämpfe sind von der traditionellen japanischen RPG-Art, mit Ausnahme des zusätzlichen &quot;Pixie-Systems&quot;. An verschiedenen Stellen im Spiel kann man Feen finden, die später als Verbündete in Kämpfen eingesetzt werden können.
Shining Wisdom (USA)	Shining Wisdom ist das 4. Spiel der Shining-Reihe, unterscheidet sich aber völlig von den anderen. Es ist weder ein Dungeon Crawl wie Shining in the Darkness noch ein taktisches Kampf-RPG wie Shining Force, sondern spielt sich sehr ähnlich wie Zelda mit seinen Action-RPG-Elementen. Im Spiel sammelt man verschiedene Gegenstände, die man in den Kerkern findet, und kombiniert sie dann mit magischen Kugeln, um verschiedene Zaubereffekte zu erzeugen, mit denen man Gegner bekämpfen und die Rätsel lösen kann, die man lösen muss, um jedes Labyrinth zu überwinden.
Shinobi Legions (USA)	Blut ist dicker als Wasser. Nicht in dieser Familie. Die Zwillingsbrüder Sho und Kazuma geben der Geschwisterrivalität einen schlechten Namen. Während Sho all die netten Dinge tut, die seine Shinobi-Vorfahren stolz machen würden, lässt Kazuma sie auf dem Familiengrundstück umdrehen. Kazumas erbarmungslose Söldnerbande hat es sich zum Ziel gesetzt, die Zahl der Familienmitglieder um einen zu verringern. In der Zwischenzeit entführt Kazuma seine eigene Schwester Aya, um sicherzustellen, dass Sho etwas zum Nachdenken hat, bevor er auf seinen Bruder losstürmt. Manchmal entwickeln sich Kinder einfach nicht so, wie man es sich wünscht.
Shinobi-X - Shin Shinobi Den (Europe)	Blut ist dicker als Wasser. Nicht in dieser Familie. Die Zwillingsbrüder Sho und Kazuma geben der Geschwisterrivalität einen schlechten Namen. Während Sho all die netten Dinge tut, die seine Shinobi-Vorfahren stolz machen würden, lässt Kazuma sie auf dem Familiengrundstück umdrehen. Kazumas erbarmungslose Söldnerbande hat es sich zum Ziel gesetzt, die Zahl der Familienmitglieder um einen zu verringern. In der Zwischenzeit entführt Kazuma seine eigene Schwester Aya, um sicherzustellen, dass Sho etwas zum Nachdenken hat, bevor er auf seinen Bruder losstürmt. Manchmal entwickeln sich Kinder einfach nicht so, wie man es sich wünscht.
Shinrei Jusatsushi Taroumaru (Japan)	Der Ninja Taromaru und sein Partner Enkai machen sich auf den Weg, die übernatürlichen Kräfte zu besiegen, die die japanische Landschaft bedrohen. Sie müssen sich im feudalen Japan durch mehrere Level mit Side-Scrolling-Action kämpfen, sich allen möglichen untoten Schrecken stellen und Dörfer vor wütenden Dämonen retten.
Shinsetsu Yumemi Yakata - Tobira no Oku ni Dareka ga... (Japan) (Rev A) (1M)	The Mansion of Hidden Souls, in Japan bekannt als Shinsetsu Yumemi Yakata: Tobira no Oku ni Dareka ga..., ist eine Sega Saturn-Fortsetzung von Yumemi Mystery Mansion. Pikanterweise heißt das Prequel in Nordamerika Mansion of Hidden Souls, was zu einiger Verwirrung führen kann. Es wurde 1996 von Torico gefolgt.
Shockwave Assault (USA)	Shock Wave Assault ist ein futuristischer Weltraum-Shooter auf dem Saturn. Im Jahr 2019 dringen Außerirdische in die Erde ein und vernichten alle Streitkräfte. Die letzte Hoffnung der Menschheit ist das Omaha-Schiff mit F-177-Kampfflugzeugen. Als junger Rekrut liegt die Zukunft des Planeten in Ihren Händen. Im Inneren der F-177 können Sie die auftauchenden Außerirdischen mit Lasern oder Raketen zerstören.
Sid Meier's Civilization - Shin Sekai Shichidai Bunmei (Japan)	Sid Meier's Civilization ist ein rundenbasiertes Strategiespiel. Das Spiel beginnt im Jahr 4000 vor Christus. Der Spieler schlüpft in die Rolle des Herrschers einer Zivilisation, die mit nur einer Siedlereinheit und einem Krieger beginnt, und versucht, im Wettbewerb mit einer bis elf anderen Zivilisationen ein Imperium aufzubauen. Das Spiel erfordert ein gewisses Maß an Mikromanagement (wenn auch weniger als andere Simulationsspiele). Neben den größeren Aufgaben der Erkundung, Kriegsführung und Diplomatie muss der Spieler Entscheidungen darüber treffen, wo neue Städte gebaut werden sollen, welche Verbesserungen oder Einheiten in jeder Stadt gebaut werden sollen, welche Wissensfortschritte angestrebt werden sollen (und in welchem Tempo) und wie das Land um die Städte herum umgestaltet werden soll, um maximalen Nutzen zu erzielen. Von Zeit zu Zeit werden die Städte des Spielers von Barbaren bedroht, Einheiten ohne spezifische Nationalität und ohne Anführer.
Silhouette Mirage (Japan)	Silhouette Mirage zeigt, wie man einen actiongeladenen 2D-Plattformer schreibt! Schlüpfen Sie in die Rolle von Shyna Nera Shyna, einer Botin, die sich in einer apolokalyptischen Zukunft auf die Suche nach dem wütenden Edo Computer begibt, um ihn zu zerstören. Aber Vorsicht! Das Land ist voll von verrückten Feinden und Mutanten, die entweder von Silhouette- oder Mirage-Kräften gesteuert werden, und sie alle wollen Shyna aufhalten! Es liegt an dir, die Kräfte von Shyna zu nutzen, die sowohl eine Silhouette als auch ein Mirage ist, um ihre Feinde zu besiegen und das Land zu retten!
SimCity 2000 (USA)	SimCity 2000 ist die Saturn-Fortsetzung von SimCity aus dem Jahr 1989. Wie im Vorgängerspiel spielst du den Bürgermeister einer Stadt, die du aufbauen und verwalten musst. In einem Szenariomodus können Sie die Führung einer bereits errichteten Stadt übernehmen und ein bestimmtes Ziel erreichen. Der Bau von Infrastrukturen, die Anbindung der Stadt an den Rest der Welt, das Lesen von Zeitungen, um die Meinung der Bürgerinnen und Bürger einzuholen - es gibt so viele Aufgaben, die dich die harte Arbeit eines Bürgermeisters lehren werden.
Skeleton Warriors (USA)	Skeleton Warriors ist ein Actionspiel auf Saturn. Sie spielen als Prinz Lightstar, der den gleichnamigen Kristall vom Schwarzen Baron zurückholen muss; Tatsächlich verwandelt dieser mit diesem Ziel alle Menschen, deren Herzen schlecht sind, in Skelette und macht sie zu seinen Sklaven. Sie durchqueren 21 Side-Scrolling-Level mit hundert verschiedenen Feindtypen, bevor Sie sich dem Baron selbst stellen.
Skull Fang - Kuuga Gaiden (Japan)	Skull Fang ist ein Weltraum-Shooter für Saturn. Basierend auf dem gleichnamigen Arcade-Spiel bietet die Software die Möglichkeit, zwischen mehreren Schiffen und mehreren Piloten zu wählen und in vertikal scrollenden Levels die feindlichen Bataillone anzugreifen. Dazu stehen mehrere Waffen wie Laser oder Raketen zur Auswahl.
Sky Target (USA)	Sky Target wurde ursprünglich 1995 als Arcade-Spiel veröffentlicht. Das Spiel ist ein Rail-Shooter mit einer Reihe von Flugzeugen, darunter die Standard-F-14D Super Tomcat. Es ist am besten für seine halboffizielle Verbindung zu Segas früherem Hit After Burner in Erinnerung geblieben. Die Saturn-Portierung behält das Gameplay des Originals bei, hat aber komplett überarbeitete Zwischensequenzen, eine Option zur Auswahl des Schwierigkeitsgrades und einen neuen Ranglistenmodus.
Slam 'n Jam '96 featuring Magic & Kareem (Japan)	Slam'n Jam 96 ist ein Basketballspiel für Saturn. Diese App bietet sehr dynamische und sehr nervöse Fünf-gegen-Fünf-Spiele. Obwohl der Titel keine offiziellen NBA-Lizenzen besitzt, wird er von den Legenden Magic Johnson und Kareem Abdul-Jabbar unterstützt. Jeder Spieler hat seine eigenen Statistiken, die dem offiziellen Modell weitestgehend ähneln. Darüber hinaus können Sie im Ausstellungs-, Saison- oder Playoff-Modus spielen.
Slam 'n Jam '96 featuring Magic & Kareem - Signature Edition (USA)	Slam'n Jam 96 ist ein Basketballspiel für Saturn. Diese App bietet sehr dynamische und sehr nervöse Fünf-gegen-Fünf-Spiele. Obwohl der Titel keine offiziellen NBA-Lizenzen besitzt, wird er von den Legenden Magic Johnson und Kareem Abdul-Jabbar unterstützt. Jeder Spieler hat seine eigenen Statistiken, die dem offiziellen Modell weitestgehend ähneln. Darüber hinaus können Sie im Ausstellungs-, Saison- oder Playoff-Modus spielen.
Snatcher (Japan)	Snatcher spielt in der futuristischen Neo Kobe City, einer Stadt des Wahnsinns und der Dekadenz. Wir schreiben das Jahr 2047 (oder 2042, je nach der japanischen Originalversion). Die Menschheit steht vor ihrer schwersten Krise. Eine mysteriöse bio-roide Lebensform ist aufgetaucht. Ihre wahre Natur und ihr Zweck sind unbekannt. Handelt es sich um die Geheimwaffe eines Landes oder um einen Außerirdischen aus einer anderen Welt? Sie tauchen im Winter auf, töten Menschen und nehmen ihren Platz in der Gesellschaft ein. Sie tragen eine künstliche Haut und können schwitzen und sogar bluten. Sie werden &quot;Snatchers&quot; genannt, weil sie sich ihre Opfer &quot;schnappen&quot;, bevor sie deren Platz einnehmen.Es wurde eine neue Polizeitruppe gebildet, die speziell für den Kampf gegen die Snatchers ausgebildet wurde. Sie heißen JUNKERs . Jedes Mal, wenn man jemandem begegnet, muss man sich eine schwierige Frage stellen: Ist es ein Mensch oder ein Snatcher?
Sokkou Seitokai - Sonic Council (Japan)	In „Sokkou Seitokai: Sonic Council“ dreht sich alles um eine elitäre Gruppe kampferprobter Schüler, die als Sonic Council bekannt sind. Während des Cosmic Life Festival erhalten zahlreiche Kampfkünstler eine Einladung zu einem mysteriösen Turnier, bei dem angeblich die Macht des Universums auf den Sieger wartet. Doch misstrauisch gegenüber dieser Ankündigung werfen die meisten ihre Einladung weg. Die vier Mitglieder des Sonic Council hingegen können es kaum erwarten und entscheiden, dass der Kampf dennoch stattfinden wird – ob die anderen wollen oder nicht. So entbrennt ein unerwarteter und gnadenloser Wettstreit zwischen den stärksten Kämpfern der Schule.
Sol Divide (Japan)	Vor einem mittelalterlichen Fantasy-Hintergrund spielt Sol Divide, ein 2D-Side-Scrolling-Shooter, in dem ein oder zwei Spieler gegen eine Horde fliegender Feinde antreten. Es gibt drei verschiedene Charaktere, die gespielt werden können, jeder mit seiner eigenen Waffe und seinem eigenen Kampfstil. Durch das Besiegen von Feinden können verschiedene magische Schriftrollen gefunden werden, mit denen der Spieler verschiedene Arten von Zaubersprüchen, darunter Blitz- und Feuerzauber, wirken kann. Für das Besiegen von Feinden erhält der Spieler verschiedene Gegenstände, die ihm auf seiner Reise helfen, darunter die bereits erwähnten magischen Schriftrollen, Heiltränke, Zauberflaschen (nur im Arcade-Modus) und Schutzzubehör (im Originalmodus).
Solar Eclipse (USA) (2S)	Titan Wars (oder Solar Eclipse in den USA) ist ein 3D-Shoot'em-up auf dem Saturn, wobei die Action in der Nähe der Saturnmonde stattfindet. Sie spielen als fliegendes Ass mit bewegter Vergangenheit, das zum Mond Janus geschickt wurde, um den Aufstand der Bergleute niederzuschlagen. Das Spiel wird in der Third-Person-Perspektive hinter Ihrem Schiff oder direkt vom Cockpit aus gespielt.
Solo Crisis (Japan) (1M)	„Solo Crisis“ wird oft als spiritueller Nachfolger von Quintets „ActRaiser“ und „ActRaiser 2“ betrachtet, konzentriert sich jedoch ausschließlich auf den Aspekt des Weltaufbaus, im Gegensatz zu der Mischung aus Plattform-Action und Weltgestaltung der Originalspiele. Das Gameplay erinnert an „Populous“ und legt den Schwerpunkt auf strategisches Management und die Entwicklung der Welt.
Sonic 3D - Flickies' Island (Europe)	Sonic 3D Blast, auch bekannt als Sonic 3D: Flickies 'Island, ist ein Plattform-Videospiel aus dem Jahr 1996, das von Traveller's Tales und Sonic Team entwickelt und von Sega für den Genesis, Saturn und Windows veröffentlicht wurde. Als Teil der Sonic the Hedgehog-Reihe verlässt das Spiel den Side-Scrolling-Stil früherer Sonic-Spiele zugunsten eines isometrischen Gameplays und verwendet einige vorgerenderte 3D-Modelle, die in Sprites umgewandelt werden. Das Spiel enthält Kreaturen, die als Flickies bekannt sind und erstmals 1984 in dem Arcade-Spiel Flicky auftauchten. Der Spieler steuert nur Sonic und hat die Aufgabe, Flickies einzusammeln und in Sicherheit zu bringen. Dabei trainiert er regelmäßig mit dem Seriengegner Dr. Robotnik, der sie in Robotern gefangen hält.
Sonic 3D Blast (USA)	Sonic 3D Blast, auch bekannt als Sonic 3D: Flickies 'Island, ist ein Plattform-Videospiel aus dem Jahr 1996, das von Traveller's Tales und Sonic Team entwickelt und von Sega für den Genesis, Saturn und Windows veröffentlicht wurde. Als Teil der Sonic the Hedgehog-Reihe verlässt das Spiel den Side-Scrolling-Stil früherer Sonic-Spiele zugunsten eines isometrischen Gameplays und verwendet einige vorgerenderte 3D-Modelle, die in Sprites umgewandelt werden. Das Spiel enthält Kreaturen, die als Flickies bekannt sind und erstmals 1984 in dem Arcade-Spiel Flicky auftauchten. Der Spieler steuert nur Sonic und hat die Aufgabe, Flickies einzusammeln und in Sicherheit zu bringen. Dabei trainiert er regelmäßig mit dem Seriengegner Dr. Robotnik, der sie in Robotern gefangen hält.
Sonic Jam (USA)	Eine Zusammenstellung der größten 2D-Abenteuer von Sonic. Auf der Diskette befinden sich das Original Sonic the Hedgehog, Sonic 2 (mit Tails), Sonic 3 sowie Sonic & Knuckles. In jedem Spiel übernimmst du die Kontrolle über Sonic (und später in der Serie auch über Tails und Knuckles), der sich mit seiner Geschwindigkeit durch Level um Level kämpfen und seine tierischen Freunde vor dem bösen Dr. Robotnik retten muss. Auf dem Weg dorthin kommen Sie auch in den Genuss von 3-Personen-Bonusrunden und nehmen es mit einer Reihe von Endbossen auf.
Sonic R (USA, Brazil)	Im Urlaub stoßen Tails und Sonic auf eine Rekrutierungsanzeige für das World Grand Prix-Rennen, und als er erfährt, dass Dr. Robotnik daran teilnehmen wird, beschließt er, mitzumachen. Robotnik ist nur an dem Rennen interessiert, weil er die Chaos Emeralds gefunden hat und nun die Chance hat, Sonic zu schlagen, während er sie bekommt. Knuckles und Amy nehmen ebenfalls an dem Rennen teil. -Grand Prix: Du trittst auf jeder Strecke gegen die anderen Charaktere an und hast die Chance, gegen den Boss des Levels anzutreten, um einige der zusätzlichen spielbaren Charaktere freizuschalten. -Zeitangriff: Fahre auf einer der Strecken so schnell wie möglich, sammle 5 Ballons oder markiere 4 Charaktere. -Mehrspieler: 4 Spieler auf einem geteilten Bildschirm oder über ein Netzwerk. Du kannst gegen bis zu drei Spieler antreten oder sie zu einem Ballon-Suchspiel herausfordern. Der Bildschirm kann für 2-Spieler-Spiele horizontal oder vertikal geteilt werden.
Sonic Wings Special (Japan)	Eine Geheimorganisation namens Fata Morgana entwickelt eine Waffe, die in der Lage ist, zwei Drittel der Weltbevölkerung zu töten oder zu verletzen. Um den ruchlosen Machenschaften von Fata Morgana entgegenzuwirken, wurde eine internationale Gruppe von Kampfspezialisten unter dem Namen Project Blue ins Leben gerufen. Sonic Wings Special ist eine verbesserte und erweiterte Umsetzung von Aero Fighters Special (in Japan als Sonic Wings Limited bekannt), einem Arcade-Shooter mit vertikalem Bildlauf. Das ursprüngliche Arcade-Spiel integriert modifizierte Levels, Grafiken sowie zahlreiche Elemente aus Aero Fighters, Aero Fighters 2 und Aero Fighters 3. Die Heimkonsolen-Version bietet zusätzlich neue Charaktere und Endsequenzen, neue Bossgegner, überarbeitete Grafiken sowie freischaltbare Flugzeuge. Zudem sind ein Zeitfahrmodus und ein Modus für zwei Spieler enthalten. Das Spiel nutzt ein verzweigtes Levelsystem, wodurch es unmöglich ist, alle Levels in einem einzigen Spieldurchgang zu sehen.
Sotsugyou Album (Japan)	„Sotsugyou Album“ ist ein Fan-Disc zur „Sotsugyou“-Serie, die Illustrationen, Videoclips der Synchronsprecher und weitere Inhalte bietet.
Soukyuu Gurentai (Japan)	Soukyugurentai, auch bekannt als Terra Diver, ist ein Vertical-Scrolling-Shooter, der ursprünglich 1996 von Raizing als Arcade-Spiel für die ST-V-Plattform veröffentlicht wurde. Die Umsetzung für den Sega Saturn erschien fünf Monate nach dem Arcade-Start. Da die ursprüngliche Arcade-Hardware direkt auf der Architektur des Sega Saturn basierte, handelt es sich um eine originalgetreue Portierung des Spiels. Zudem wurden verschiedene Optionen und Funktionen ergänzt, darunter die Unterstützung für den Multi-Controller und den Mission Stick.
Soukyuu Gurentai - Otokuyou (Japan)	Soukyu Gurentai Otokuyo ist ein Vertical-Scrolling-Shooter für den Saturn. Du kannst aus drei Raumschiffen wählen, die jeweils über ein einzigartiges, aufrüstbares Waffensystem verfügen. Zudem hast du die Möglichkeit, deinen Zielerfassungs-Laser einzusetzen, um alles zu vernichten, was dir im Weg steht.
Sound Novel Machi (Japan) (Disc 1) (10.11-10.13 Incl.) (1M)	„Machi“ ermöglicht es den Spielern, fünf Tage im Leben von acht verschiedenen Charakteren zu erleben. Jeder Charakter lebt in der Stadt und ist mit seinen eigenen Problemen beschäftigt. Ihre Wege können sich kreuzen, ohne dass sie es bemerken. Spieler können jederzeit zwischen den Charakteren wechseln, wobei der Tag und die Uhrzeit des anderen Charakters mit dem aktuellen Zeitpunkt übereinstimmen.
Soviet Strike (USA)	1991 brach die UdSSR (Union der Sozialistischen Sowjetrepubliken), die sich der größten Militärmacht der Geschichte rühmte, plötzlich und unerwartet zusammen. Seitdem ist das untergegangene Reich leblos: eine reiche Leiche, die darauf wartet, gesäubert zu werden. Jetzt führt ein finsterer ehemaliger KGB-General mit dem Codenamen Shadowman einen Schwarm von Geiern an, die aus allen Teilen Osteuropas herabstürzen und Russlands Atomsprengköpfe und Massenvernichtungswaffen an sich reißen. Während er diese &quot;Befreiungskriege&quot; führt, beabsichtigt Shadowman, das demokratische Russland in seinen Grundfesten zu erschüttern, was zu einer Rückkehr zum Kalten Krieg führen würde... oder schlimmer.
Space Hulk - Vengeance of the Blood Angels (USA)	Space Hulk: Vengeance of the Blood Angels on Saturn ist ein Spiel, das Ego-Shooter, Action und Strategie vereint. Die Handlung entfaltet sich, während ein Krieg zwischen den Imperialen Terminator-Orden und den Tyranid Gene Stealers tobt. Du kontrollierst bis zu zehn Terminatoren und erteilst ihnen auf dem Schlachtfeld Befehle. Während der Aktionsphasen drückst du selbst den Abzug gegen die Gene Stealers!
Space Invaders (Japan)	Seine Version von Space Invaders basiert auf dem Arcade-Spiel Space Invaders DX von 1994, es fehlt jedoch der Parodiemodus dieses Spiels. Was bleibt, ist der klassische Modus, in dem der Spieler den Typ des Arcade-Schranks (aufrecht, schwarz-weiß usw.) als Hintergrund für die Aktion sowie den Versus-Modus für zwei Spieler auswählen kann. Der Versus-Modus ist ein geteilter Bildschirm. Jeder Spieler versucht zu überleben und mehr Eindringlinge als der Gegner zu eliminieren.
Space Jam (USA)	Space Jam on Saturn basiert auf dem gleichnamigen Film und erzählt die Geschichte der berühmtesten Looney Tunes-Figuren, die von winzigen Außerirdischen angegriffen werden. Das Schicksal der Tunes wird durch ein einfaches Basketballspiel entschieden. Am Anfang ist es einfach, aber dann verwandeln sich die kleinen Aliens in riesige Monster! Zum Glück können Sie in einer Reihe von Minispielen, von denen die meisten im Mehrspielermodus gespielt werden, auf die unerwartete und lebensrettende Hilfe von Michael Jordan zählen.
Spot Goes to Hollywood (USA)	„Spot Goes to Hollywood“ folgt dem kleinen roten Maskottchen Spot, bekannt aus der 7-Up-Werbung, das in einem Filmprojektor gefangen ist. Spot springt durch verschiedene Filmgenres, die die Level des Spiels darstellen, darunter ein Piratenfilm, ein Abenteuerfilm und ein Horrorfilm. Bonusfilme können zusätzlich freigeschaltet werden. Das Spiel wird aus einer isometrischen Perspektive gespielt, und der Spieler sammelt pro Level fünf Hollywood-Sterne, um versteckte Bereiche zu entdecken und das Spiel zu 100% abzuschließen.
Stakes Winner 2 - Saikyouba Densetsu (Japan)	Stakes Winner 2 ist ein Sportspiel, in dem du in den Sattel steigst, um an Pferderennen in Europa und den USA teilzunehmen. Beschleunigen und den Sprint im richtigen Moment starten, während Sie die Müdigkeit des Pferdes managen - das sind die Schlüssel zu einer ansehnlichen Leistung. Wenn du gewinnst, kannst du mit deinem Gewinn Zubehör kaufen, um noch besser zu werden. Die Steuerung ist etwas geschmeidiger als in der ersten Episode. Auch die Umsetzung ist etwas besser, obwohl das Spiel immer noch sehr nah am ersten Teil ist.
Star Bowling Vol. 2, The (Japan) (Disc 1)	„The Star Bowling Vol. 2“ ist ein weiteres Bowling-Spiel für die Sega Saturn, das exklusiv in Japan veröffentlicht wurde. Es folgt dem gleichen Konzept wie der Vorgänger.
Star Fighter (USA)	Sie sind der einzige erfahrene Pilot, der das fortschrittlichste Schiff testen kann, das je zur FedNet-Flotte gestoßen ist. Machen Sie sich bereit, Ihr Leben in die Hände der F&E-Leute zu legen. 60 schwierige Missionen stellen Ihr Metall gegen Hunderte von Feinden auf die Probe. Tauchen Sie ein in eine riesige 3D-Welt. steigen Sie auf. Erforschen. Brennen Sie sich durch Tausende von feindlichen Zielen. Kämpfe an Land, auf See, in der Luft und im Weltraum - selbst der Himmel ist für dieses mächtige Schiff keine Grenze. Aber verliere nicht den Kopf, sonst findest du phantasievolle Aliens, die ihn als Aschenbecher für Souvenirs benutzen.
StarFighter 3000 (Europe) (En,Fr,De,Es,It)	Sie sind der einzige erfahrene Pilot, der das fortschrittlichste Schiff testen kann, das je zur FedNet-Flotte gestoßen ist. Machen Sie sich bereit, Ihr Leben in die Hände der F&E-Leute zu legen. 60 schwierige Missionen stellen Ihr Metall gegen Hunderte von Feinden auf die Probe. Tauchen Sie ein in eine riesige 3D-Welt. steigen Sie auf. Erforschen. Brennen Sie sich durch Tausende von feindlichen Zielen. Kämpfe an Land, auf See, in der Luft und im Weltraum - selbst der Himmel ist für dieses mächtige Schiff keine Grenze. Aber verliere nicht den Kopf, sonst findest du phantasievolle Aliens, die ihn als Aschenbecher für Souvenirs benutzen.
Steam-Heart's (Japan)	Steam Hearts ist ein vertikal scrollender Shooter, der auf subtile Weise (oder auch nicht) Actionszenen mit jungen Mädchen in knappen Kleidern vermischt. Das Spiel ist nur für ein erfahrenes Publikum geeignet. Das Spiel setzt auf dieses sanfte Paradoxon, um die Spieler und ihre Hormone zu verführen. Die besonders schwülen Actionszenen unterbrechen einen klassischen Shooter, bei dem das Ziel darin besteht, möglichst viele Punkte zu erzielen und den Luftraum von allen feindlichen Schiffen zu befreien.
Steep Slope Sliders (USA)	Surfen Sie in dieser Snowboardsimulation, die 1997 auf Saturn veröffentlicht wurde, an den schönsten Orten der Welt. Dieses Arcade-Spiel führt Sie von Kanada über Japan nach Italien. Fahren Sie an außergewöhnlichen Orten und steigern Sie Ihren Punktestand, indem Sie Rodeos und Backflips ausführen!
Stellar Assault SS (Japan)	Stellar Assault SS ist die Fortsetzung des Sega 32X-Spiels Stellar Assault (Shadow Squadron in den USA). Es wurde 1998 exklusiv für den Sega Saturn veröffentlicht, allerdings nur in Japan. Wie sein Vorgänger ist Stellar Assault SS ein Ego-Shooter (oder Third-Person), der im Weltraum spielt. Während das Spielprinzip im Wesentlichen gleich geblieben ist, ist Stellar Assault SS mehr auf die Geschichte ausgerichtet, mit Nebencharakteren und Sprachausgabe. Schiffe und Umgebungen sind ebenfalls mit Texturen versehen, und einige Levels finden auf Planeten statt.
Story of Thor 2, The (Europe)	Eigentlich als Vorgänger zu diesem Spiel, jedoch erst danach erschienen, ist The Story of Thor 2 (Thor Seirei-? Kiden, in Nordamerika als The Legend of Oasis veröffentlicht), welches 1996 für den Sega Saturn veröffentlicht wurde. Der Spielinhalt ist im Prinzip identisch mit Teil 1 auf dem Mega Drive, auch die erzählte Hintergrundgeschichte unterscheidet sich nur in Namen und Feinheiten der Handlung. Deutlich verbessert wurde die Grafik und der Umfang des Spiels, zudem verschob sich der Schwerpunkt etwas mehr zu den Rätseln, die viel mit den neuen Möglichkeiten zur Interaktion mit der Umgebung zu tun haben. Sowohl die Waffenauswahl als auch die Zahl der sammelbaren Dschinns wurde erhöht, das Angriffsystem dafür etwas vereinfacht.
Street Fighter - Real Battle on Film (Japan) (2M)	Street Fighter: The Movie ist ein Kampfspiel für Saturn. Es handelt sich um die Street Fighter-Verfilmung mit Jean-Claude Van Damme. Das Spiel verfügt über digitalisierte Charaktere und legt großen Wert auf Charakter-Spezialitäten und die Combos, die sie erreichen können.
Street Fighter - The Movie (USA)	Street Fighter: The Movie ist ein Kampfspiel für Saturn. Es handelt sich um die Street Fighter-Verfilmung mit Jean-Claude Van Damme. Das Spiel verfügt über digitalisierte Charaktere und legt großen Wert auf Charakter-Spezialitäten und die Combos, die sie erreichen können.
Street Fighter Alpha - Warriors' Dreams (USA)	Street Fighter Alpha: Warriors' Dreams für Saturn ist ein 2D-Kampfspiel, das viele der bekannten Charaktere aus der Serie zusammenbringt. Wählen Sie aus über 30 Kämpfern und schalten Sie mehrere neue Kämpfer frei. Der Titel ermöglicht es Ihnen, gegen einen Freund zu kämpfen.
Street Fighter Alpha 2 (USA)	Street Fighter Alpha 2 ist eine neue Episode des berühmten Kampfspiels für Saturn. Die Geschichte spielt vor Street Fighter II, so dass viele der 18 Charaktere in jüngeren Versionen verfügbar sind. Die wichtigste Neuerung sind die Kombos, die man mit seinem Charakter ausführen kann. Zusätzlich zu den vielen bereits angebotenen Techniken sind auch neue dabei. Was die Grafik betrifft, so orientiert sich das Universum eher am Manga.
Street Fighter Collection (USA) (Disc 1)	Street Fighter Collection ist ein Paket, das mehrere verschiedene Spiele der Street Fighter-Serie enthält. Es enthält: 1. Super Street Fighter II: Die neuen Herausforderer 2. Super Street Fighter II Turbo 3. Street Fighter Alpha 2 Gold (aktualisiertes Street Fighter Alpha 2 mit Balancing-Korrekturen: Evil Ryu und Cammy als spielbare Charaktere hinzugefügt, Timing einiger Charaktere geändert)
Street Fighter Zero (Japan) (1M)	Street Fighter Alpha: Warriors' Dreams für Saturn ist ein 2D-Kampfspiel, das viele der bekannten Charaktere aus der Serie zusammenbringt. Wählen Sie aus über 30 Kämpfern und schalten Sie mehrere neue Kämpfer frei. Der Titel ermöglicht es Ihnen, gegen einen Freund zu kämpfen.
Street Fighter Zero 2 (Japan)	Street Fighter Alpha 2 ist eine neue Episode des berühmten Kampfspiels für Saturn. Die Geschichte spielt vor Street Fighter II, so dass viele der 18 Charaktere in jüngeren Versionen verfügbar sind. Die wichtigste Neuerung sind die Kombos, die man mit seinem Charakter ausführen kann. Zusätzlich zu den vielen bereits angebotenen Techniken sind auch neue dabei. Was die Grafik betrifft, so orientiert sich das Universum eher am Manga.
Street Fighter Zero 2' (Japan)	Street Fighter Alpha 2 ist eine neue Episode des berühmten Kampfspiels für Saturn. Die Geschichte spielt vor Street Fighter II, so dass viele der 18 Charaktere in jüngeren Versionen verfügbar sind. Die wichtigste Neuerung sind die Kombos, die man mit seinem Charakter ausführen kann. Zusätzlich zu den vielen bereits angebotenen Techniken sind auch neue dabei. Was die Grafik betrifft, so orientiert sich das Universum eher am Manga.
Street Fighter Zero 3 (Japan)	Street Fighter Alpha 3, der dritte Teil der Alpha-Reihe, bietet mit 31 Kämpfern die bisher größte Auswahl der Serie. Zu den neuen Charakteren gehören die alten Favoriten E. Honda, Blanka, Vega, Cammy, T. Hawk, Dee Jay, Juni und Juli. Neu dabei sind unter anderem ein ehemaliger Final-Fight-Charakter Cody, Karin Kanzuki und Rainbow Mika. Der größte Unterschied zu den beiden Vorgängern sind die neuen Spielmodi Welttournee, Arcade, VS, Training und Einstieg. Wähle deinen Kämpfer und reise um die Welt, um gegen die Helden deiner Heimatstadt anzutreten. Je mehr Kämpfe du gewinnst, desto stärker wird dein Kämpfer. Du kannst außerdem neue Moves lernen und vor jeder Runde aus drei Stufen von Super-Moves, den sogenannten Ismen, wählen.
Street Racer (Europe)	Street Racer ist ein Rennspiel für Saturn, bei dem alle Bewegungen erlaubt sind. Es werden acht Zeichen vorgeschlagen, die unterschiedliche Merkmale für ihr Fahrzeug aufweisen. Einige sind schneller, während andere widerstandsfähiger gegen gegnerische Angriffe sind. Neben den Rennen, bei denen es darauf ankommt, auf jeden Fall zu gewinnen, gibt es noch weitere Modi für das Solo- oder Gruppenspiel: Rumble und Soccer.
Street Racer Extra (Japan)	Street Racer ist ein Rennspiel für Saturn, bei dem alle Bewegungen erlaubt sind. Es werden acht Zeichen vorgeschlagen, die unterschiedliche Merkmale für ihr Fahrzeug aufweisen. Einige sind schneller, während andere widerstandsfähiger gegen gegnerische Angriffe sind. Neben den Rennen, bei denen es darauf ankommt, auf jeden Fall zu gewinnen, gibt es noch weitere Modi für das Solo- oder Gruppenspiel: Rumble und Soccer.
Striker 96 (USA) (En,Fr,De,Es,It)	1996er Ausgabe der Striker-Fußballserie von Rage Software. Grafiken kombinieren einen 3D-Pitch mit 2D-Spieler-Sprites. Das Spiel beinhaltet mehrere Kamerawinkel sowie verschiedene Wettereffekte. Sie können die Aufstellung jedes Teams ändern, Grundformationen, Zeitlimits, Schwierigkeitsgrad usw. auswählen. Wählen Sie aus 41 internationalen Teams und nehmen Sie entweder an Freundschaftsspielen, Liga- oder Pokalturnieren teil. Ebenfalls enthalten ist ein 6-gegen-6-Indoor-Modus und Multiplayer-Unterstützung für bis zu 4 Spieler über das GrIP-System von Gravis oder über ein Netzwerk. Das Spiel enthält Kommentare des schottischen Kommentators Andy Gray.
Strikers 1945 (Japan)	Strikers 1945 für den Saturn ist ein Shoot-'em-up, bei dem man eines von sechs verfügbaren historischen Flugzeugen steuert. Ob P-38 Lightning, Flying Pancake, Spitfire, Zero Fighter oder ein anderes Modell – man muss mit einer der drei verfügbaren Waffen ganze Schwärme von Gegnern ausschalten.
Strikers 1945 II (Japan)	Strikers 1945 II ist ein Shoot-'em-up mit vertikalem Bildlauf, das ursprünglich 1997 von Psikyo als Nachfolger von Strikers 1945 für Spielhallen entwickelt und veröffentlicht wurde. Es erschien unter anderem auch für den Sega Saturn. Die Handlung knüpft direkt an den Vorgänger an: Nachdem die Streitkräfte von C.A.N.Y. von den Strikers besiegt wurden, ist eine Fraktion namens F.G.R. in den Besitz der C.A.N.Y.-Technologie gelangt und plant nun, mithilfe gewaltiger Mecha-Technologie einen weltweiten Krieg auszulösen. Erneut werden die Strikers zum Einsatz gerufen, um die Welt zu retten.
Suiko Enbu (Japan)	Dark Legend oder Suiko Enbu (Outlaws of the Lost Dynasty) ist ein 1-gegen-1-2D-Kampfspiel, das im mittelalterlichen China spielt und auf den Mythen der klassischen chinesischen Geschichte „Shuihuzhuan“ basiert. Wählen Sie aus einer Gruppe von 11 Kämpfern und treten Sie mit Ihren speziellen Moves und Angriffen gegeneinander an. Außerdem kämpft jeder Charakter mit seiner eigenen einzigartigen Waffe, aber je nachdem, wie stark Sie blocken, kann Ihre Waffe zerbrechen und Sie müssen den Kampf mit bloßen Händen und mit einem anderen Moveset und im Allgemeinen schnelleren (aber weniger starken) Angriffen beenden. Enthält den Standard-Vs-Kopf-an-Kopf-Modus sowie einen Originalmodus, der wie das Arcade-Original gespielt wird, und einen Spezialmodus mit arrangierten Moves und optimierter Balance.
Suikoden - Tenmei no Chikai (Japan) (2M)	In „Suikoden: Tenmei no Chikai“ übernimmst du die Rolle eines aufstrebenden Anführers, dessen Ziel es ist, den tyrannischen Herrscher Chinas, Gao Qiu, zu stürzen. Statt ein Land zu erobern, arbeitest du dich durch die Eroberung kleinerer Präfekturen, das Schmieden von Allianzen und das Ausfechten kleiner Schlachten nach oben. Erst wenn du genügend Macht gesammelt hast, erhältst du die Möglichkeit, Gao Qius Heimatpräfektur anzugreifen und dich der entscheidenden Herausforderung zu stellen.
Super Puzzle Fighter II Turbo (USA)	Ein Tetris-ähnliches Puzzlespiel mit beliebten Figuren aus vielen Capcom-Spielen. Farbige Edelsteine fallen paarweise vom oberen Rand des Bildschirms, aber diesmal reicht es nicht aus, die Edelsteine der gleichen Farbe aneinanderzureihen. Um die Edelsteine zu zerstören und deinen Gegner mit Gegensteinen zu bestrafen, musst du einen Crash-Edelstein der gleichen Farbe neben den Edelsteinen platzieren. Wenn du einen Block aus Edelsteinen der gleichen Farbe bildest, verschmelzen sie und bilden einen Power-Edelstein. Wenn du einen Power-Edelstein zerbrichst, erhält dein Gegner mehr Gegen-Edelsteine als wenn du die gleiche Anzahl von Edelsteinen in einer anderen Konfiguration zerbrichst. Der ultimative Angriff ist jedoch das Brechen von Power Edelsteinen in einer Kette.
Super Puzzle Fighter II X (Japan)	Ein Tetris-ähnliches Puzzlespiel mit beliebten Figuren aus vielen Capcom-Spielen. Farbige Edelsteine fallen paarweise vom oberen Rand des Bildschirms, aber diesmal reicht es nicht aus, die Edelsteine der gleichen Farbe aneinanderzureihen. Um die Edelsteine zu zerstören und deinen Gegner mit Gegensteinen zu bestrafen, musst du einen Crash-Edelstein der gleichen Farbe neben den Edelsteinen platzieren. Wenn du einen Block aus Edelsteinen der gleichen Farbe bildest, verschmelzen sie und bilden einen Power-Edelstein. Wenn du einen Power-Edelstein zerbrichst, erhält dein Gegner mehr Gegen-Edelsteine als wenn du die gleiche Anzahl von Edelsteinen in einer anderen Konfiguration zerbrichst. Der ultimative Angriff ist jedoch das Brechen von Power Edelsteinen in einer Kette.
Super Robot Taisen F - Kanketsu-hen (Japan) (4M)	Das Super Robot Wars F-Finale knüpft dort an, wo Super Robot Wars F aufgehört hat, und beginnt bei Stufe 35. F und F Final waren ursprünglich als ein einzigartiges Spiel gedacht, aber aufgrund von Produktionsverzögerungen beschlossen die Produzenten, das Spiel in zwei Teile zu teilen. Die Spielmechanik ist dieselbe wie bei Super Robot Wars 4 (und natürlich auch bei Super Robot Wars F).
Super Tempo (Japan)	Das Spiel bietet 2D-Jump-and-Run-Abschnitte sowie rhythmische Abschnitte mit musikalischen Themen. Die Spieler übernehmen die Kontrolle über die Figur Tempo, die Blasen erzeugen kann, um Gegner zu besiegen. In den Levels werden Musiknoten gesammelt, und wenn genügend gefunden wurden, können sie in einer Spielhalle eingetauscht werden, um Minispiele zu spielen. Das Spiel ist Teil der Tempo-Serie, deren dritte und letzte Episode es ist.
Swagman (Europe) (En,Fr,De)	Swagman ist auf Saturn erhältlich und ein Abenteuerspiel, in dem Sie Zac steuern, einen kleinen Jungen, der durch Swagmans Schuld in seinem Albtraum gefangen ist. Tatsächlich hat Letzterer alle Feen von Dreamlight gefangen genommen und plant, mit bösen Kreaturen an seiner Seite in die Welt einzudringen. Es liegt an Ihnen, die Welt der Träume zu retten, indem Sie durch die vielfältigen Umgebungen des Spiels wie Ihr eigenes Zuhause reisen!
Tactics Ogre - Let Us Cling Together (Japan)	Tactics Ogre ist ein taktisches Rollenspiel für Saturn. Basierend auf einer rundenbasierten Strategie mit einer isometrischen 3D-Ansicht überlässt Ihnen Tactics Ogre das Kommando über eine Truppe von Abenteurern und Kriegern. Ihre Kriegstaktiken werden sich im Szenario widerspiegeln, da Ihnen 8 verschiedene Enden zur Verfügung stehen.
Taklamakan - Tonkou Denki (Japan)	In „Karma: Curse of the 12 Caves“ begibst du dich in die mystischen Höhlen von Dun-Huang, um eine uralte Aufgabe zu erfüllen. Ein mächtiger Dämon wurde in einer Falle gefangen, die jedoch auch die Steinmetze einschloss, die diese Falle errichteten. Deine Mission ist es, die Steinmetze zu befreien, indem du verschiedene Rätsel löst, die auf chinesischer Mythologie und Überlieferungen basieren. Die spannende Reise fordert Logik und Geschick, während du das Geheimnis der Höhlen entschlüsselst.
Tama - Adventurous Ball in Giddy Labyrinth (Japan)	Tama: Adventurous Ball in Giddy Labyrinth ist eine Videospielversion des klassischen Holzlabyrinths. Die Spieler müssen Tama, ein ballförmiges Wesen, durch verschiedene Labyrinthe zum Ziel führen. Dabei wird das gesamte Labyrinth in verschiedene Winkel geneigt, um Tama zu steuern. Die größte Herausforderung ist der ständig ablaufende Timer, der den Spielern eine begrenzte Zeit gibt, um das Ziel zu erreichen. Ein weiteres Ziel ist es, eine hohe Punktzahl zu erzielen, indem die Level, die im Spiel als Wellen bezeichnet werden, so schnell wie möglich abgeschlossen werden.
Teitoku no Ketsudan II (Japan)	P.T.O. II: Pacific Theater of Operations ist ein rundenbasiertes Strategiespiel. Die zweite Episode der Serie baut auf den Stärken der ersten auf und fügt drei neue große und sieben kürzere Szenarien hinzu. Alle Schlachten finden wieder während des Zweiten Weltkriegs statt, genauer gesagt im Pazifischen Ozean. Wie in der vorherigen Episode musst du deine gesamte Armee führen und die feindlichen Streitkräfte vernichten. Beachte, dass du wieder mit einem zweiten Spieler spielen kannst.
Teitoku no Ketsudan III (Japan)	Teitoku no Ketsudan III ist das dritte Spiel in Koeis Strategiespielserie zum Thema des Zweiten Weltkriegs (in den USA Pacific Theatre of Operations genannt) und das zweite, das für die Playstation One-Konsole veröffentlicht wurde. Es konzentriert sich auf Seekämpfe in den Seetheatern des Zweiten Weltkriegs, die den Pazifischen Ozean, das Mittelmeer, den Atlantik und den Indischen Ozean umfassen, mit der Option, als eine der vier großen Seemächte der Zeit zu spielen: Deutschland, Japan, die Vereinigtes Königreich oder die Vereinigten Staaten. Indem Sie Ihre Flotten verwalten und neue Kriegsschiffe bestellen, können Sie viele verschiedene Seiten des Konflikts kontrollieren. (Schiffsentwicklung, Basisverteidigung, Flottenanordnung, direkte Kampfkontrolle, ...) In PTO gibt es viele verschiedene Spieloptionen. Sie können aus einer von vielen verschiedenen berühmten Schlachten wählen oder die Kampagne spielen. Sie können eine Seite oder beide steuern.
Tekkyuu - True Pinball (Japan)	True Pinball ist eine Konsolenversion von Pinball Illusions, die 4 verschiedene Tische mit den Namen &quot;Extreme Sports&quot;, &quot;Vikings - The Tales&quot;, &quot;Ricochet&quot; und &quot;Babewatch&quot; enthält. Sowohl 2D- als auch 3D-Ansichten (nicht verfügbar in den Computer-Versionen) sind verfügbar und mit über 32.000 Farben in hohen Auflösungen wird es visuell aufgewertet.
Tempest 2000 (USA)	Tempest 2000 ist ein Shoot'em-up auf dem Saturn. Sie steuern ein Raumschiff und müssen alle Feinde vernichten, die Ihrem Raumschiff etwas zu nahe kommen. In mehr als 100 Leveln sammelst du verschiedene Boni, die es dir ermöglichen, neue Spezialwaffen zu erhalten. Der Titel bietet 4 verschiedene Spielmodi.
Tenchi o Kurau II - Sekiheki no Tatakai (Japan)	Tenchi Wo Kurau II ist ein Actionspiel, das für den Sega Saturn veröffentlicht wurde. Die Software basiert stark auf der Legende der Drei Königreiche und ermöglicht es Ihnen, mit einer Auswahl von fünf Charakteren mit unterschiedlichen Fähigkeiten und Waffen durch Level zu spielen, in denen Sie von allen Seiten angegriffen werden. Jeder Charakter verfügt über einen Spezialangriff, außerdem ist das Spiel mit originellen Bonusstufen durchsetzt, um Ihre Punktzahl zu erhöhen.
Tengai Makyou - Daiyon no Mokushiroku - The Apocalypse IV (Japan) (Disc 1)	New Orleans, Louisiana, 1893. Ein Junge namens Rizing erkundet mit einigen Freunden die Gegend um seine Heimatstadt. Sie entdecken ein geheimnisvolles altes Haus, gehen hinein und entdecken etwas, das wie eine Mumie in einem Sarg aussieht. Sie sind sich nicht bewusst, dass sie in diesem Moment einen mächtigen Dämon in die Welt entlassen haben und dass dieser Dämon bereits die Seele eines der Jungen besessen hat ... Das Gameplay folgt weitgehend dem allgemeinen Muster japanischer RPGs. Wie in früheren Spielen müssen Zaubersprüche gesucht und erworben werden, anstatt sie zu lernen oder zu kaufen. Eine bemerkenswerte Änderung ist das Fehlen von zufälligen Gegnern. Zu den weiteren Neuerungen im Spiel gehören Spezialangriffe, die auch von mehreren Gruppenmitgliedern als Kombo ausgeführt werden können, und das Verdienen von Geld durch den Verkauf von Trophäen, die man in Kämpfen erhält.
Terra Phantastica (Japan)	In „Terra Phantastica“ führst du eine weibliche Kriegerin, die nicht nur einen jungen Prinzen aufzieht, sondern auch die Welt vom Bösen befreien muss. Jede Figur verfügt über eine Gruppe von Soldaten, die du selbst auswählen kannst und die die Fähigkeiten wie Reichweite, Geschwindigkeit und Stärke beeinflussen. Zu den Soldaten gehören Kavallerie, Katapulte, Riesen, Krähen und Affen. Das Spiel kombiniert strategische Elemente mit tiefgründigen Charakterentwicklungen und spannenden Schlachten.
Terry Pratchett's Discworld (Europe) (En,Fr,De,Es,It)	Discworld ist ein Abenteuerspiel, das für den Saturn veröffentlicht wurde. Die Stadt wird von einem schrecklichen Drachen verwüstet und kein Held meldet sich, um sie zu retten. Nur Rincewind, der unglaubliche lokale Zauberer, ist verfügbar. Und wir müssen damit klarkommen!
Tetris Plus (USA)	Dies ist eine weitere aktualisierte Version von Tetris, die für PlayStation, Saturn und Game Boy veröffentlicht wurde. Diese Version bietet Classic-Modus, Puzzle-Modus, Versus-Modus und Edit-Modus. Im Puzzle-Modus müssen Sie den Professor, der seinen Weg nach oben klettert, retten. Um das zu tun, musst du die Blöcke wegnehmen und ihn auf den Boden bringen. Versus-Modus bringt Sie Kopf an Kopf mit einem anderen Spieler. Im Bearbeitungsmodus können Sie eigene benutzerdefinierte Ebenen erstellen und speichern.
Tetris S (Japan)	In „Tetris S“ steuerst du fallende Blöcke, um am Boden Linien zu bilden und Punkte zu sammeln, während du verhinderst, dass die Blöcke den oberen Rand erreichen. Das Spiel bietet sowohl einen klassischen Einzelspielermodus als auch Multiplayer-Duelle gegen einen KI-Gegner oder einen anderen Spieler. Mit vertrauten Rotationsregeln und der Möglichkeit, nach einem Game Over an der aktuellen Stelle fortzufahren, bietet es ein intensives und unterhaltsames Tetris-Erlebnis.
Theme Park (USA)	In Theme Park muss der Spieler seinen eigenen Vergnügungspark leiten. Um ihn zu vergrößern, muss er so viele Besucher wie möglich anlocken, die sich einen unterhaltsamen, aber sauberen Park wünschen. Um dies zu erreichen, kann er eine Vielzahl von Attraktionen bauen, von Hüpfburgen bis zu Achterbahnen ... Der Spieler kann auch Geschäfte wie Getränke-, Pommes- und Eisverkäufer bauen. Er muss dann die Preise, Lagerbestände und andere Parameter verwalten. Die Suche nach neuen Attraktionen und Geschäften ist möglich, indem man in die Forschung investiert. Man kann auch nach neuen Dekorationen (Bäume, Blumen) oder Infrastrukturen (Mülleimer, Toiletten ...) suchen. Auch das Personalmanagement gehört dazu. Man muss Mechaniker, Sicherheitspersonal, Animateure und Reinigungskräfte einstellen. Die Qualität ihrer Arbeit hängt natürlich von ihrer Bezahlung ab.
Thor - Seireioukiden (Japan)	Eigentlich als Vorgänger zu diesem Spiel, jedoch erst danach erschienen, ist The Story of Thor 2 (Thor Seirei-? Kiden, in Nordamerika als The Legend of Oasis veröffentlicht), welches 1996 für den Sega Saturn veröffentlicht wurde. Der Spielinhalt ist im Prinzip identisch mit Teil 1 auf dem Mega Drive, auch die erzählte Hintergrundgeschichte unterscheidet sich nur in Namen und Feinheiten der Handlung. Deutlich verbessert wurde die Grafik und der Umfang des Spiels, zudem verschob sich der Schwerpunkt etwas mehr zu den Rätseln, die viel mit den neuen Möglichkeiten zur Interaktion mit der Umgebung zu tun haben. Sowohl die Waffenauswahl als auch die Zahl der sammelbaren Dschinns wurde erhöht, das Angriffsystem dafür etwas vereinfacht.
Three Dirty Dwarves (USA) (RE)	Three Dirty Dwarves ist ein Side-Scrolling-Actionspiel mit einer interessanten Handlung: Genetisch veränderte &quot;Superkinder&quot;, die Dungeons & Dragons spielen, öffnen ein Portal, durch das ihre &quot;Alter-Egos&quot; (die drei schmutzigen Zwerge) in unsere Welt gelangen und versuchen, sie aus der Gefangenschaft ihrer bösen Army Base zu befreien. nnSobald die Zwerge angekommen sind, plündern sie die örtliche &quot;Waffenkammer&quot; (ein Sportartikelgeschäft) nach Waffen und machen sich auf den Weg, um die Kinder zu retten. Das Portal lässt auch eine Reihe von Fantasy-Bösewichten herein, die auf dem Weg zerquetscht werden müssen. nnDie Spielmechanik erlaubt es dem Spieler, zwischen den einzelnen Zwergen zu wechseln und deren Spezialangriffe zu nutzen (z. B. Baseballschläger und Basebälle, Bowlingpins und Bowlingkugeln sowie eine Schrotflinte). Zusätzlich gibt es den DwarfMorph&quot;-Angriff, bei dem die Zwerge als ein einziger agieren.
Thunder Force Gold Pack 1 (Japan)	Thunder Force: Gold Pack 1 ist eine Zusammenstellung von Shoot-'em-up-Spielen aus der Thunder-Force-Reihe, die 1996 von Technosoft exklusiv für den Sega Saturn veröffentlicht wurde. Das Paket enthält Thunder Force II und Thunder Force III, die beide zuvor für das Sega Mega Drive erschienen waren. Die Sammlung wurde nicht außerhalb Japans veröffentlicht.
Thunder Force Gold Pack 2 (Japan) (Rev A)	Das Paket enthält Thunder Force AC und Thunder Force IV, beide Titel waren zuvor für Arcade-Hardware Sega System C beziehungsweise für das Sega Mega Drive erschienen. Die Sammlung wurde nicht außerhalb Japans veröffentlicht. Dies ist die einzige Möglichkeit, Thunder Force AC auf einem Heimkonsolensystem zu spielen – abgesehen von Thunder Spirits, einer Portierung für das Super Famicom. Die in der Sammlung enthaltene Version von Thunder Force IV weist einige Änderungen gegenüber dem Original auf: Es treten keine Verlangsamungen auf, die Soundeffekte sind klarer, aber leiser, und das Raumschiff Styx aus Thunder Force III – samt seiner Bewaffnung – lässt sich auswählen, nachdem man alle Level mit einem einzigen Credit (ohne Continues) abgeschlossen und einen speziellen Code eingegeben hat, der nach dem Abspann angezeigt wird.
Thunder Force V (Japan)	In einer düsteren Zukunft, in der sich eine einst gütige außerirdische Technologie gegen die Menschheit gewandt hat, kann nur eine bunt zusammengewürfelte Gruppe von Piloten-Assen die Erde vor der totalen Vernichtung retten. Codename: Thunder Force! Erleben Sie den ersten 32-Bit-Teil der äußerst beliebten Shooter-Serie! Mit fünf spektakulären Waffen und mehreren Power-Up-Levels können Sie sich durch Wellen von metallischen Raubtieren prügeln und dabei auch noch gut aussehen. Ein ständiger Schwall innovativer Feinde hält Sie in Atem, während Sie um Ihr Überleben kämpfen. Ein lautstarker Soundtrack sorgt dafür, dass Ihr Fuß wippt, während Sie mit den Fingern hämmern. Unglaubliche, gerenderte Zwischensequenzen ziehen dich in das Geschehen hinein und lassen dich nicht mehr los. Einfach gesagt, es ist das ultimative Hardcore-Gaming-Blast-O-Rama!
Thunderhawk II (Japan)	Ihr Name ist General John T. Maclaine und Sie sind der Pilot von Firestorm 1, dem Leithund für spezielle Angriffsmissionen in verschiedenen Teilen der Welt. Ihr Hubschrauber ist extrem leistungsstark und verfügt über folgende Waffen: 30-mm-Kettenkanone, Firestorm-Zielsuchrakete, Raketenpod, Runaway Cratering System (Bomben), die Mk-84 500-Pfund-Bombe, Streubomben und die Anti-Schiffsrakete. Diese Waffen - sowie hervorragende Ausweich- und Angriffsmanöver - sollten ausreichen, um bei Angriffen auf Drogenhändler und Terroristen von Kolumbien bis zum Irak erfolgreich zu sein. Thunder Strike 2 ist die Fortsetzung von Core's AH-3 Thunderstrike. Wie das vorherige Spiel der Serie ist dies ein Hubschrauber-Simulator/Shooter. Es bietet realistische Funktionen wie die Auswahl mehrerer Waffen, volle Bewegungsfreiheit und eine missionsbasierte Struktur. Auf der anderen Seite gibt es jede Menge feindliche Panzer und Hubschrauber, die man in die Luft jagen kann.
Thunderstrike 2 (USA)	Ihr Name ist General John T. Maclaine und Sie sind der Pilot von Firestorm 1, dem Leithund für spezielle Angriffsmissionen in verschiedenen Teilen der Welt. Ihr Hubschrauber ist extrem leistungsstark und verfügt über folgende Waffen: 30-mm-Kettenkanone, Firestorm-Zielsuchrakete, Raketenpod, Runaway Cratering System (Bomben), die Mk-84 500-Pfund-Bombe, Streubomben und die Anti-Schiffsrakete. Diese Waffen - sowie hervorragende Ausweich- und Angriffsmanöver - sollten ausreichen, um bei Angriffen auf Drogenhändler und Terroristen von Kolumbien bis zum Irak erfolgreich zu sein. Thunder Strike 2 ist die Fortsetzung von Core's AH-3 Thunderstrike. Wie das vorherige Spiel der Serie ist dies ein Hubschrauber-Simulator/Shooter. Es bietet realistische Funktionen wie die Auswahl mehrerer Waffen, volle Bewegungsfreiheit und eine missionsbasierte Struktur. Auf der anderen Seite gibt es jede Menge feindliche Panzer und Hubschrauber, die man in die Luft jagen kann.
Tilt! (Europe) (En,Fr,De)	Hyper 3D Pinball, auch bekannt als Tilt!, ist ein Flipperspiel. Spieler können zwischen 6 Spieltischen wählen, im 3D-Vollbildmodus oder im klassischen 2D-Scroll-Modus. Die Themen der Flipper sind Science Fiction (Star Quest), Horror (Monster), Racing (Road King), Underworld (Gangster), Fantasy (Myst & Majik) und Fair (Funfair). Jeder Flipper verfügt über Multi-Ball-Gaming, Animationen während des Spiels und Intermezzos im Wertungsfeld.
Titan Wars (Europe)	Titan Wars (oder Solar Eclipse in den USA) ist ein 3D-Shoot'em-up auf dem Saturn, wobei die Action in der Nähe der Saturnmonde stattfindet. Sie spielen als fliegendes Ass mit bewegter Vergangenheit, das zum Mond Janus geschickt wurde, um den Aufstand der Bergleute niederzuschlagen. Das Spiel wird in der Third-Person-Perspektive hinter Ihrem Schiff oder direkt vom Cockpit aus gespielt.
TNN Motor Sports HardCore 4X4 (USA)	Hard Core 4x4 auf Saturn ist ein Rennspiel, bei dem Sie sich hinter das Steuer eines Lastwagens oder eines großen Geländewagens setzen. Spüren Sie in jedem Gelände, insbesondere auf Trails, die Federung Ihres Fahrzeugs und kommen Sie als Erster ins Ziel. Halten Sie Ihr Fahrzeug bei jedem Wetter intakt.
Tomb Raider (USA) (2S)	Tomb Raider ist ein Plattform-Abenteuerspiel für den Saturn. Sie spielen die süße und dralle Lara Croft, die ihr Abenteuer mit der Suche nach einem Artefakt in einer Höhle in Peru beginnt. Es stellt sich heraus, dass das Objekt atlantischen Ursprungs ist. Nun gilt es, die anderen Artefakte zu finden und zu verhindern, dass sie in die falschen Hände geraten.
Tomb Raiders (Japan)	Tomb Raider ist ein Plattform-Abenteuerspiel für den Saturn. Sie spielen die süße und dralle Lara Croft, die ihr Abenteuer mit der Suche nach einem Artefakt in einer Höhle in Peru beginnt. Es stellt sich heraus, dass das Objekt atlantischen Ursprungs ist. Nun gilt es, die anderen Artefakte zu finden und zu verhindern, dass sie in die falschen Hände geraten.
Torico (Europe) (Disc 1)	Torico ist ein Abenteuerspiel auf Saturn, in dem Sie die Rolle von Fred spielen, einem Reisenden, der sein Gedächtnis verloren hat. Der einzige Hinweis, den Sie auf Ihre Vergangenheit haben, ist ein mysteriöses Tattoo auf Ihrer Stirn, das Sie in eine seltsame Stadt namens „Stadt unter dem Nebel“ führt. Dann werden Sie in die Fußstapfen Ihrer Herkunft treten und die Pläne des bösen Lord Gordon vereiteln.
Touge King the Spirits (Japan)	In High Velocity: Mountain Racing Challenge wählst du dein Traumauto und rast den Berg hinauf, um deine Geschwindigkeit unter Beweis zu stellen. Du kannst dein Fahrzeug anpassen, indem du die Farbe, den Motor, den Turbo-Lader auswählst und das Auto für die perfekte Leistung durch Einstellung von Aufhängung und Reifen tunst. Das Spiel bietet drei verschiedene Strecken, die auf realen Alpenstraßen basieren. Zudem kannst du dich im Zweispielermodus auf dem geteilten Bildschirm mit einem Freund messen.
Tournament Leader (Japan)	Virtual Golf ist ein Sportspiel auf Saturn. Wählen Sie bis zu 4 Spieler aus und üben Sie die Überwindung der verschiedenen Schwierigkeiten, auf die Sie stoßen können. Bevor Sie Profi werden und auf den Profiplätzen spielen, müssen Sie sich beweisen, indem Sie eine ganze Reihe von Turnieren gewinnen.
Toushinden S (Japan)	Toshinden Remix oder Toshinden S, wie es in Japan genannt wurde, ist eine Portierung von Takaras Kampfspiel Battle Arena Toshinden für den Sega Saturn. Es fügt einen zusätzlichen geheimen Charakter sowie einen Story-Modus für jeden Charakter hinzu. Diese Ergänzungen sind auch ein Hinweis auf einige der Wendungen in der Fortsetzung des Spiels Battle Arena Toshinden 2. Die Grafik der Spiele hatte einen großen Einfluss auf die Portierung. Allerdings sehen das Charaktermodell und die Arena für den oben erwähnten exklusiven Portierungs-Charakter deutlich besser aus als die portierten Grafiken. Toshinden Remix greift auch alle Sprachsamples aus den Spielen auf, mit leichteren Samples und übermäßig lauten und wohl auch unverschämten Klingeltönen. Wie die Grafik hat auch die Spielgeschwindigkeit einen großen Einfluss auf diesen Port, der deutlich langsamer läuft als das Playstation-Original.
Toushinden URA (Japan)	Überall auf der Welt verschwinden Kampfsportexperten. Polizeibeamte aus mehreren Ländern arbeiten in einer internationalen Fahndungsaktion zusammen, um den für die Morde verantwortlichen Täter zu finden. Es wurde jedoch kein Motiv ermittelt und es liegen nur wenige Beweise vor. Eine Welle des Terrors hat die Welt erfasst, und jetzt sind nicht einmal mehr die stärksten und mutigsten Kämpfer sicher. Die ehemaligen Teilnehmer des Toshinden-Turniers finden sich in einer verrückt gewordenen Welt wieder. Es ist nicht undenkbar, dass einer von ihnen für das derzeitige Chaos verantwortlich ist. Doch wer steckt hinter dem Verschwinden und zu welchem Zweck? Alle Kämpferinnen und Kämpfer sind aus unterschiedlichen Gründen zum Toshinden-Turnier gekommen, aber sie kämpfen jetzt alle aus demselben Grund: ÜBERLEBEN.
Trash It (Europe) (En,Fr,De,Es,It)	Trash ist ein Arcade-Actionspiel, bei dem Spieler Gebäude mit riesigen Hämmern zerstören müssen. Als Spieler übernehmen Sie die Rolle eines Bauarbeiters, der nur eine Mission hat: alles in Stücke zu brechen. Münzen fliegen und Häuser stürzen ein, während sich die Spieler durch die Level bewegen und dabei Punkte sammeln. Sehr schnell, energisch und effizient!
True Pinball (USA)	True Pinball ist eine Konsolenversion von Pinball Illusions, die 4 verschiedene Tische mit den Namen &quot;Extreme Sports&quot;, &quot;Vikings - The Tales&quot;, &quot;Ricochet&quot; und &quot;Babewatch&quot; enthält. Sowohl 2D- als auch 3D-Ansichten (nicht verfügbar in den Computer-Versionen) sind verfügbar und mit über 32.000 Farben in hohen Auflösungen wird es visuell aufgewertet.
Tryrush Deppy (Japan)	Tryrush Deppy ist ein 2D-Platformer, der sich ähnlich wie Sonic- und Mario-Spiele spielt. Der Spieler steuert ein Cartoon-Taxi und muss verschiedene Levels bewältigen, die meist in städtischen Umgebungen spielen. Einige Feinde kann man besiegen, indem man einfach auf sie springt, aber andere haben Stacheln und Feuer an ihrem Körper. Um sie zu besiegen, muss der Spieler den Super-Dash-Move einsetzen, der ihm für kurze Zeit eine erhöhte Geschwindigkeit verleiht. Die Super Dash-Anzeige verbraucht Gas, aber es ist möglich, sie so oft aufzuladen, bis sie ihr Maximum erreicht hat. Neben dem Töten von Gegnern und Bossen kann man mit Super Dash auch bestimmte Wände einreißen, die zu geheimen Gegenständen führen. Jeder Boss hat irgendwo an seinem Körper eine Schwachstelle, die kurz vor dem Kampf sichtbar wird.
Tunnel B1 (USA)	Tunnel B1 ist ein Actionspiel auf Saturn. Die Software lässt Sie in schwindelerregender Geschwindigkeit in eine Welt voller selten erreichter Empfindungen eintauchen. Am Ende des Tunnels erwartet Sie eine komplett 3D-Hölle, verstärkt durch atemberaubende Lichteffekte.
UEFA Euro 96 - England (Europe) (En,Fr,De,Es,It,Pt)	Ein offiziell lizenziertes Spiel der Europameisterschaft 1996 in England. Zur Auswahl stehen alle 16 Mannschaften und die folgenden Spielarten: Europameisterschaft, Freundschaftsspiel, Übungsstrafen und Übungsspiel (nur der gegnerische Torwart steht auf dem Spielfeld). Ein paar bemerkenswerte Optionen sind variabler/einstellbarer Wind und eine Auswahl an Schiedsrichtern mit jeweils zwei Schwierigkeitsgraden: „Sicht“ und „Disziplin“ (letzteres ist nur für Freundschaftsspiele verfügbar). Der langjährige BBC-Sportkommentator Barry Davies liefert den Kommentar. Das Spiel basiert auf der Actua Soccer-Engine von Gremlin Interactive.
Ultimate Mortal Kombat 3 (USA)	Ultimate Mortal Kombat 3 vereint das Beste aus allen Mortal Kombats in einem einzigen Spiel. Es gibt 23 spielbare Charaktere, darunter Reptile, Cyrax, Scorpion, Sub-Zero, Jax, Katana, Sonya und viele mehr, die sofort nach dem Kauf verfügbar sind. Es gibt zwei Bosse, die freigeschaltet werden können, sowie zusätzliche Charaktere. Es gibt eine Vielzahl neuer Level, von denen einige interaktiv sind. Die Charaktere können jemanden umstoßen, so dass dieser hart auf dem Boden aufschlägt und in die Tiefe stürzt, oder sie können jemanden von einer Brücke stoßen, so dass er in einer Stachelgrube landet. Die Spieler können gegen den Computer eins-zu-eins oder zwei-zu-zwei antreten oder an einem 8-Kämpfer-Turnier teilnehmen.
Universal Nuts (Japan)	Universal Nuts ist ein Science-Fiction-Roman mit den Protagonisten Yui und Ai, die an Bord einer Raumstation in einen Zwischenfall verwickelt werden. Im weiteren Verlauf der Geschichte beginnt sich das Mysterium der Ereignisse zu entfalten. Das Spiel wird in einem typischen visuellen Romanstil gespielt, indem Text und Dialoge auf dem Bildschirm gelesen werden, um die Geschichte voranzutreiben. Das Spiel bietet für nicht japanische Sprecher ein ziemlich zugängliches Feld dennoch gibt es immer wieder sprachliche Hürden.
Uno DX (Japan)	Uno DX ist eine Videospiel-Interpretation des Uno-Kartenspiels und wurde exklusiv in Japan für den Sega Saturn veröffentlicht. Die Spieler nehmen eine Seite oder eine Ecke, je nachdem, wie viele es gibt. Jeder hat seine Karten vor sich. Ihre Karten werden angezeigt. Das Zentrum hat auch einen Ablagestapel und einen Ziehstapel. Der Pfeil in der Mitte zeigt die aktuelle Reihenfolge der Spielrichtung. Der Finger zeigt auf die Karten des aktiven Spielers.
Unsolved, The (Japan) (Disc 1)	The Unsolved ist ein filmisches Textabenteuer, in dem die Spieler die Rolle eines Stadtdetektivs übernehmen, der die bizarren Morde an Frauen in der Region aufklären muss. Möglicherweise hängen die Morde mit der Existenz eines intelligenten außerirdischen Lebens auf der Erde zusammen. Das Spiel verwendete englische Live-Schauspieler für die Charaktere und Standbilder, um die Geschichte visuell zu erzählen. Die Geschichte wurde von Akio Aska geschrieben, während die Filmteile von Brian Yuzna geleitet wurden.
Valora Valley Golf (USA)	Valora Valley Golf ist eine übertriebene Herangehensweise an die Welt des Golfsports. Während es traditionelle Golfplatzhindernisse wie Wasserhindernisse und Bunker gibt, gibt es auch Lavagruben und Grüns auf einem Berggipfel. Die Golfplätze reichen von einfach aussehenden Golfplätzen mit langen gemähtem grün (Fairway), auf denen der Spieler den Ball 450 Meter in einem Schlag und riesigen Wasserhindernissen umfahren kann, bis zu antiken Ruinen und einem Platz im Inneren eines Vulkans. Die Steuerung ist simpel. Klicken Sie einmal, um einen Zähler aufzurufen. Klicken Sie erneut, um den Winkel festzulegen. Am Ende des Zählers wird erneut angezeigt, wie viel Kraft zum Antreiben des Balls mit Spezialschüssen erforderlich ist. Es gibt keine echten Golfer oder Plätze.
Vampire Hunter - Darkstalker's Revenge (Japan) (En,Ja) (Demo)	Die Vampierjäger kehren zurück und sehnen sich nach der Wut eines nächtlichen Kampfes. In dieser Kopf-an-Kopf-Herausforderung kämpfen Kreaturen aus deinen dunkelsten Alpträumen um die ewige Kontrolle der Nacht. Tückische, klassische Favoriten stellen sich vier neuen Herausforderern, um die totale Herrschaft zu erlangen. Donovan, der Dunkle Jäger. Huitzil, die Killermaschine. Hsien-Ko, der chinesische Geist. Und Pyron, der ultimative Alien-Herrscher. Der Kampf war noch nie so intensiv, mit höheren Geschwindigkeiten, faszinierenderen Bewegungen und noch unglaublicheren Grafiken. Nachtkrieger; das Spiel deiner Träume und Alpträume!!
Vampire Hunter - Darkstalkers' Revenge (Japan) (1M)	Die Vampierjäger kehren zurück und sehnen sich nach der Wut eines nächtlichen Kampfes. In dieser Kopf-an-Kopf-Herausforderung kämpfen Kreaturen aus deinen dunkelsten Alpträumen um die ewige Kontrolle der Nacht. Tückische, klassische Favoriten stellen sich vier neuen Herausforderern, um die totale Herrschaft zu erlangen. Donovan, der Dunkle Jäger. Huitzil, die Killermaschine. Hsien-Ko, der chinesische Geist. Und Pyron, der ultimative Alien-Herrscher. Der Kampf war noch nie so intensiv, mit höheren Geschwindigkeiten, faszinierenderen Bewegungen und noch unglaublicheren Grafiken. Nachtkrieger; das Spiel deiner Träume und Alpträume!!
Vampire Savior - The Lord of Vampire (Japan)	Darkstalkers 3, in Japan als Vampire Saviour: The Lord of Vampire betitelt, ist die zweite Fortsetzung der Darkstalkers-Reihe von Capcom, die 1997 in den Spielhallen veröffentlicht wurde. Das Spiel behält die Charakterliste von Darkstalkers: The Night Warriors z.B. Donovan, Huitzil und Pyron bei. An ihre Stelle traten vier neue Charaktere: Jedah, Lilith, Q-Bee und B. B. Hood. Es gibt auch einen geheimen Charakter / Modus, Shadow, in dem der Spieler die Identität des besiegten Charakters für den nächsten Kampf annimmt (z. B. wenn Morrigan besiegt wird, spielt der Spieler den nächsten Kampf als Morrigan). Vampire Saviour verzichtet auf das traditionelle rundenbasierte System zugunsten des so genannten &quot;Damage Gauge System&quot;, bei dem während einer Runde Kämpfe stattfinden und jeder Kämpfer zwei &quot;Lebensmarken&quot; (entsprechend zwei Lebensbalken) hat Standardeinstellung, die abnimmt, wenn ein Charakter keine Vitalität mehr hat. Der Spieler kann auch während des Kampfes einen Teil seines Lebens zurückgewinnen, wenn er keine weiteren Treffer mehr einstecken muss. Das Spiel führt auch das &quot;Dark Force System&quot; ein, mit dem Spieler für einen begrenzten Zeitraum spezielle Fähigkeiten ausführen können, die für jeden Charakter einzigartig ist.
Victory Boxing (Europe)	Center Ring Boxing ist ein Saturn-Kampfspiel, in dem Sie Ihren eigenen Kämpfer erstellen und entwickeln. Sie müssen Ihre Kampffähigkeiten wie Geschwindigkeit, Ausdauer und Kraft verbessern, um im Rang aufzusteigen und Champion zu werden.
Victory Goal Worldwide Edition (Japan)	Sega Worldwide Soccer 97 ist ein Sportspiel für den Saturn. Sie können mit einem von 48 internationalen Teams spielen. Nach dem Spiel kümmern Sie sich um Verletzungen und Sperren von Spielern. Außerdem können Sie die Statistiken Ihrer Spieler in über 25 Kategorien einsehen.
Virtua Cop (USA) (7S)	Virtua Cop für Saturn ist ein Shooter, in dem Sie in die Rolle eines Polizisten schlüpfen, dessen Ziel es ist, eine Bande von Banditen zu dezimieren, von denen einer furchtbarer ist als der andere. Mit Revolvern oder Maschinengewehren bewaffnet, müssen Sie in typischen Arcade-Sessions aufräumen. Kannst du Virtua City Frieden bringen?
Virtua Cop 2 (USA)	Virtua Cop 2 folgt dem gleichen Gameplay-Muster wie sein Vorgänger. Sie sind ein Polizist, der Verbrecher jagt, von der U-Bahn über eine Bank bis hin zum Hubschrauber. Das Spiel bewegt Sie automatisch, obwohl Sie Verstecke finden können, um aus einem sicheren Winkel zu schießen. Ihre Hauptaufgabe besteht darin, mit Ihrer Waffe zu zielen und zu feuern, um die Bösewichte auszuschalten und Punkte zu sammeln. Vermeiden Sie die Unschuldigen, denn auf sie zu schießen, kostet Sie Punkte. Die Feinde haben eine stärkere Feuerkraft als im Original.
Virtua Fighter (USA)	Virtua Fighter war das erste Spiel seiner Art: Ein Eins-gegen-Eins-Kampfspiel mit vollständig in 3D gestalteten Umgebungen und Charakteren. Die Kämpfer und Arenen werden in flach schattierten Polygonen gerendert. Im Gegensatz zu vielen anderen Kampfspielen konzentriert sich Virtua Fighter auf ein tiefgründiges Gameplay, das auf tatsächlichen Kampfstilen basiert, und nicht auf ausgefallene Special Moves und Storylines. In Virtua Fighter stehen 8 Kämpfer zur Auswahl und eine ebenso große Anzahl von Kampfkulissen, in denen man antreten kann. Jeder Kämpfer hat einen unverwechselbaren Kampfstil und eine eigene Reihe von Spezialbewegungen.
Virtua Fighter 2 (USA)	Virtua Fighter 2 ist ein Kampfspiel sowie die direkte Fortsetzung von Virtua Fighter. Es ist, wie der Name schon sagt, das zweite Spiel der Virtua Fighter Serie und wurde ursprünglich 1994 für Sega Model 2A CRX Arcade Hardware veröffentlicht. Virtua Fighter 2 war bekannt für seine bahnbrechenden Grafiken und Animationen, die 3D-Charaktere und Hintergründe mit gefiltertem Textur-Mapping darstellen und die Motion-Capture-Animationstechnologie in der Spieleindustrie einführen.
Virtua Fighter CG Portrait Series Vol. 4 - Pai Chan (Japan) (2M)	Virtua Fighter CG Portrait Series Vol. 4: Pai Chan ist eine Sammleredition, die sich auf die beliebte Kampfkünstlerin Pai Chan aus der Virtua Fighter-Reihe konzentriert. Diese Ausgabe enthält eine Sammlung von digitalen Porträts, die die detaillierten 3D-Darstellungen des Charakters zeigen. Sie spiegelt das zunehmende Interesse an Charakterkunst der 90er Jahre wider und ist ein einzigartiges Beispiel für die multimediale Entwicklung der Videospielbranche in dieser Zeit.
Virtua Fighter Kids (USA)	Virtua Fighter Kids ist eine modifizierte Version von Virtua Fighter 2 für Sega Saturn. Alle Charaktere wurden gleich gelassen, aber der Unterschied ist, dass sie nicht mehr Erwachsene sind, sondern Kinder mit traditionellen Anime großen Köpfen und kurzen Armen und Beinen. Eine Vielzahl von neuen Features wurde hinzugefügt, um das Gameplay zu verbessern, wie die Möglichkeit, bestimmte Moves für jeden Charakter zu programmieren oder neue Endungen.
Virtua Fighter Remix (USA)	Akira Yuki, der einzige aktive Meister der mächtigen Kung-Fu-Technik Hakkyoku ken (&quot;Die Acht-Punkte-Faust&quot;), bereist die Welt auf der Suche nach Erleuchtung und würdigen Gegnern. Er hat sie im Weltkampfturnier gefunden, bei dem die stärksten Kämpfer den Meister des Nahkampfes ermitteln. Alle Techniken sind erlaubt, solange die Kämpfer keine anderen Waffen als ihren eigenen Körper benutzen. Nach wochenlangen Prüfungen sind nur noch sieben Kämpfer übrig: Sarah Bryant und ihr Bruder Jacky, Lau Chan und seine Tochter Pai, Jeffry McWild, Wolf Hawkfield und der Ninja Kagemaru. Virtua Fighter Remix ist eine verbesserte Portierung des Arcade-Hits Virtua Fighter von Sega. Sie enthält die Original-Charaktere und -Stadien mit höherer Polygonzahl und Textur-Mapping (a la Virtua Fighter 2) sowie verschiedene kleinere Gameplay-Änderungen.
Virtua Racing (USA) (12S)	Virtua Racing für Saturn ist ein Rennspiel mit drei Fahrzeugkategorien: Formel 1, Stock Cars und Prototyp-Fahrzeuge. Es stehen fünf Strecken und drei Spielmodi zur Verfügung: ein Einzelrennen, ein Zeitfahren und ein Versus-Modus, in dem Sie im geteilten Bildschirm gegen einen Gegner antreten können.
Virtual Casino (USA)	„Virtual Casino“ bietet ein realistisches Casino-Erlebnis in vollständiger 3D-Darstellung, inklusive authentischer Geräusche wie das Klappen von Karten, das Klirren von Münzen in den Spielautomaten und die charmanten Casino-Girls, die versuchen, den Spielern das Geld abzuluchsen. Es stehen drei Orte zur Auswahl: Las Vegas, Atlantic City und Monte Carlo. Zu den spielbaren Casino-Klassikern gehören Seven Card Stud, Baccarat, Blackjack, Roulette und die allseits bekannte einarmige Banditen (Slotmaschinen).
Virtual Golf (Europe)	Virtual Golf ist ein Sportspiel auf Saturn. Wählen Sie bis zu 4 Spieler aus und üben Sie die Überwindung der verschiedenen Schwierigkeiten, auf die Sie stoßen können. Bevor Sie Profi werden und auf den Profiplätzen spielen, müssen Sie sich beweisen, indem Sie eine ganze Reihe von Turnieren gewinnen.
Virtual Hydlide (USA) (P4H)	Virtual Hydlide ist ein 3D-Remake des Originalspiels Hydlide für das NES. Du musst den bösen Dämon Varalys besiegen, der eine schöne Prinzessin in drei Feen verwandelt hat. Bevor du dich dem ultimativen Unhold stellst, musst du die drei Feen finden und die Prinzessin in ihr normales Selbst zurückversetzen, indem du drei Juwelen sammelst. Du durchstreifst die 3D-Welt von Hydlide, kämpfst in Echtzeit gegen Monster, findest Waffen und Rüstungen, steigst in Verliese hinab, suchst nach Schätzen und sammelst Punkte, nachdem du deine Feinde besiegt hast, die du dann gegen Gegenstände eintauschen kannst. Die Rollenspielelemente sind sehr gering, da man erst nach Abschluss eines Teils des Spiels aufsteigt. Sie können auch selbst zufällige Karten erstellen und den Helden dieselbe Aufgabe in Ihrer eigenen Welt erfüllen lassen.
Virtual On - Cyber Troopers (USA)	In der Zukunft wird eine alte, fortschrittliche Hochtechnologie entdeckt. Mit ihrer Hilfe ist die Firma DN in der Lage, Mechas, sogenannte VRs (VirtuaRoids), zu bauen, die bei verschiedenen Aufgaben helfen. Um ihre Forschung zu erleichtern, hat DN ihr Forschungszentrum auf dem Mond eingerichtet. Leider drehen die Computer in diesem Zentrum durch und DN sieht sich gezwungen, von Menschen gesteuerte VRs von der Erde zu schicken, um die Situation wieder unter Kontrolle zu bringen, bevor der Mond das Unwiederbringliche tut. In diesem Kampfspiel haben Sie die Wahl, einen von acht Robotern zu steuern. Jeder von ihnen hat seine eigenen Fähigkeiten und Techniken. Du musst gegen jeden Roboter sowie gegen zwei Endgegner antreten, was im Arcade-Modus insgesamt 10 Kämpfe ergibt.
Virtual On - Cyber Troopers Net Link Edition (USA)	In der Zukunft wird eine alte, fortschrittliche Hochtechnologie entdeckt. Mit ihrer Hilfe ist die Firma DN in der Lage, Mechas, sogenannte VRs (VirtuaRoids), zu bauen, die bei verschiedenen Aufgaben helfen. Um ihre Forschung zu erleichtern, hat DN ihr Forschungszentrum auf dem Mond eingerichtet. Leider drehen die Computer in diesem Zentrum durch und DN sieht sich gezwungen, von Menschen gesteuerte VRs von der Erde zu schicken, um die Situation wieder unter Kontrolle zu bringen, bevor der Mond das Unwiederbringliche tut. In diesem Kampfspiel haben Sie die Wahl, einen von acht Robotern zu steuern. Jeder von ihnen hat seine eigenen Fähigkeiten und Techniken. Du musst gegen jeden Roboter sowie gegen zwei Endgegner antreten, was im Arcade-Modus insgesamt 10 Kämpfe ergibt.
Virtual Open Tennis (USA)	Virtual Open Tennis ist ein Sportspiel, das auf Saturn veröffentlicht wurde. Sie können als 10 Spieler mit unterschiedlichen Eigenschaften in drei Spielmodi (Exhibition, Tournament und Training) spielen. Sie haben auch die Möglichkeit, Doppel oder Einzel zu spielen.
VR Golf '97 (USA)	Actua Golf ist eine Golfsimulation mit vollständigem 3D-Gelände und Charakteren. Es gibt zwei Golfplätze (Country und Tropical), anpassbare Charaktere, Multi-View-Schlagverfolgung und Action-Replays. Actua Golf verwendet eine ähnliche Spielsteuerung wie ältere Golftitel. Mit einer Schwunganzeige, bei der Sie die richtige Zeit abpassen müssen, um den Ball richtig zu treffen.
VR Soccer (USA)	Im Jahr 1995 machte die zunehmende Leistungsfähigkeit der neuen Systeme 3D-Fußballspiele zu einer Möglichkeit, die mehrere Unternehmen untersuchten. Die meisten Funktionen, die man später in Fußballspielen als selbstverständlich ansah, wurden im ersten Actua Sports-Titel eingeführt oder waren zumindest relativ neu. Mehrere Kameraperspektiven standen zur Verfügung, um die Full-3D-Action zu betrachten, wobei 3 Spieler des Sheffield Wednesday FC als Motion Capture fungierten. 44 internationale Kader mit 22 Spielern, jeder mit 8 individuellen Fähigkeiten, wurden vorgestellt. BBC-Kommentator Barry Davies sorgte für einen flüssigen Kommentar über dem Spiel. Es gab eine ganze Reihe von individuell gestalteten Turnieren sowie Mehrspieler-Optionen, die sowohl das Spielen auf einem System als auch im Netzwerk ermöglichten.
Wangan Dead Heat (Japan)	Haben Sie nie davon geträumt, einen riesigen Sportwagen und ein tolles Mädchen an Ihrer Seite zu haben? Wenn ja, ist dieses Spiel genau das Richtige für Sie. Holen Sie sich das Auto und vielleicht kommt das Baby, wenn Sie gut genug sind. Und vielleicht lässt sie dich ein bisschen mehr von ihr sehen... Je nach dir...
WarCraft II - The Dark Saga (USA)	Warcraft II: The Dark Saga ist ein Echtzeit-Strategiespiel für Saturn. Der Titel ist in der Tat eine Wiedervereinigung von Warcraft II: Tides of Darkness und seiner Erweiterung Beyond The Dark Portal. In zwanzig Missionen führen Sie entweder die Menschen und Elfen oder die Orkhorde an und kämpfen um die Kontrolle über Azeroth.
Whizz (Europe)	Whiz ist ein Saturn-Plattformspiel mit einer isometrischen 3D-Ansicht. In jedem Level arbeitet die Zeit gegen den Spieler und es gibt 4 verschiedene Arten von Türen, durch die man gehen kann. Für jeden von ihnen muss der richtige Schlüssel gefunden werden. Es ist möglich, Feinden auszuweichen, was oft effektiver ist, da das Töten ein wenig Energie kostet.
Wing Arms (USA) (4S)	Wing Arms ist ein Action-/Shooter-Spiel mit Flugzeugen, hauptsächlich aus der Zeit des Zweiten Weltkriegs. Es gibt hier nur sehr wenig Simulation, denn Sie schießen sich Ihren Weg durch die Levels, in denen Ihre Aufgabe normalerweise darin besteht, alle abzuschießen oder bestimmte Ziele zu bombardieren. Nachtmissionen sorgen für zusätzliche Abwechslung. Das Gameplay ähnelt der Wing Commander-Serie und soll einfach zu spielen, aber schwer zu meistern sein.
Wing Arms - Kareinaru Gekitsuiou (Japan) (Rev A)	Wing Arms ist ein Action-/Shooter-Spiel mit Flugzeugen, hauptsächlich aus der Zeit des Zweiten Weltkriegs. Es gibt hier nur sehr wenig Simulation, denn Sie schießen sich Ihren Weg durch die Levels, in denen Ihre Aufgabe normalerweise darin besteht, alle abzuschießen oder bestimmte Ziele zu bombardieren. Nachtmissionen sorgen für zusätzliche Abwechslung. Das Gameplay ähnelt der Wing Commander-Serie und soll einfach zu spielen, aber schwer zu meistern sein.
Winning Post 2 - Program '96 (Japan)	Winning Post 2 Program 96 ist das erste Update zu Winning Post 2. Das Spiel beinhaltet viele Pferde Rasen zum Züchten, trainieren und mit ihnen Rennen zu bestreiten und Preise zu gewinnen. Der Spieler kann alle Mitarbeiter bestimmen und welche Pferde in seinen Stallungen stehen. Alle Daten wurden auf das Jahr 1996 aktualisiert.
Winter Heat (USA)	Winter Heat ist ein Wintersportspiel für Saturn. In den Modi Arcade, Saturn oder Training kannst du eine von elf Sportarten mit acht verschiedenen Athleten aus acht verschiedenen Ländern spielen. Skeleton, Skispringen, Slalom und Bob werden angeboten.
Wipeout (USA)	Wipeout ist ein futuristisches Rennspiel, das im Jahr 2052 spielt. Für eines von vier Teams tritt der Spieler in der F3600 Anti-Gravity Racing League auf sechs Strecken an. Die Rennhovercrafts der einzelnen Teams haben unterschiedliche Werte für Geschwindigkeit, Beschleunigung und Kurvenfahrt. Neben Hochgeschwindigkeitsrennen bietet das Spiel auch Schießübungen mit verschiedenen Waffen wie Raketen und Minen, um die Gegner zu verlangsamen. Schilde können ebenfalls eingesammelt werden und können die Wirkung von Waffen blockieren.
Wipeout 2097 (Europe)	In WipEout 2097 für Saturn steuert der Spieler ultraschnelle Rennschiffe auf verrückten Strecken, auf denen der erste Platz nur durch Raketen und andere zerstörerische Waffen erreicht werden kann. Es gibt einen Mehrspielermodus, in dem man sich mit Freunden messen kann.
Wipeout XL (Japan)	In WipEout 2097 für Saturn steuert der Spieler ultraschnelle Rennschiffe auf verrückten Strecken, auf denen der erste Platz nur durch Raketen und andere zerstörerische Waffen erreicht werden kann. Es gibt einen Mehrspielermodus, in dem man sich mit Freunden messen kann.
Wizardry Nemesis - The Wizardry Adventure (Japan) (Disc 1)	Nemesis: The Wizardry Adventure ist ein mittelalterliches Rollenspiel, das Abenteuer und Kampf miteinander verbindet. Der Spieler schlüpft in die Rolle eines Charakters, der auf der Suche nach seinem Erbe ist und die Welt vor bösen Mächten retten muss. Der Spieler bewegt sich per Point-and-Click durch eine dichte und große 3D-Welt, wobei sich Rätsel- und Kampfphasen abwechseln.
World Advanced Daisenryaku - Koutetsu no Senpuu (Japan) (2M)	Iron Storm on Saturn ist ein rundenbasiertes Strategiespiel, das Sie zurück in die Mitte der Schlachten des Zweiten Weltkriegs führt. In dieser komplexen Simulation müssen viele Elemente verwaltet werden: der Nebel des Krieges, das Wetter, die Erfahrung der Einheiten, ihre Verbesserungen, die Fahrzeuge ...
World Cup Golf - In Hyatt Dorado Beach (Japan) (En,Ja)	Nehmen Sie es mit den Besten mit der WORLD CUP GOLF: Professional Edition auf. Gehen Sie im Übungsmodus auf das Grün und bearbeiten Sie jedes Loch, das Ihnen Probleme bereitet. Fordern Sie im Normalmodus den Platz alleine heraus oder spielen Sie gegen jemanden mit 15 verschiedenen Spieltypen wie Skins und Matchplay. Der Turniermodus bietet Ihnen die Möglichkeit, Ihr eigenes Event zu erstellen. Unabhängig davon, wie Sie den Platz spielen, haben Sie die volle Kontrolle über die Haltung Ihres Spielers sowie über das Wetter und die Bodenbedingungen. Während Sie spielen, wird Ihr Hörsinn mit Musik in CD-Qualität und digitalisierter Sprache verwöhnt. Finden Sie heraus, wie lange Sie als Experte in WORLD CUP GOLF: Professional Edition durchhalten würden.
World Cup Golf - Professional Edition (USA) (RE2)	Nehmen Sie es mit den Besten mit der WORLD CUP GOLF: Professional Edition auf. Gehen Sie im Übungsmodus auf das Grün und bearbeiten Sie jedes Loch, das Ihnen Probleme bereitet. Fordern Sie im Normalmodus den Platz alleine heraus oder spielen Sie gegen jemanden mit 15 verschiedenen Spieltypen wie Skins und Matchplay. Der Turniermodus bietet Ihnen die Möglichkeit, Ihr eigenes Event zu erstellen. Unabhängig davon, wie Sie den Platz spielen, haben Sie die volle Kontrolle über die Haltung Ihres Spielers sowie über das Wetter und die Bodenbedingungen. Während Sie spielen, wird Ihr Hörsinn mit Musik in CD-Qualität und digitalisierter Sprache verwöhnt. Finden Sie heraus, wie lange Sie als Experte in WORLD CUP GOLF: Professional Edition durchhalten würden.
World League Soccer '98 (Europe)	In der World League Soccer '98 ist der Spieler in der Lage, sich zu bewegen, zu treten, zu chippen, zu volleyen und fortgeschrittene Passtechniken auszuführen, einschließlich Doppelpass, Chip-Return und ausweichende lange Bälle. Spieler können den Ball auch mit der Brust und dem Kopf völlig kontrolliert spielen. Außerdem ist es möglich, den Spielfeldtyp, die Wetterbedingungen und das Stadiondesign zu ändern. Es gibt acht große europäische Ligen sowie die Ligen der USA und Japans mit 145 Teams zur Auswahl sowie internationalen Wettbewerben, die individuell gestaltet werden können. Live-Kommentare stammen von Peter Brackley und Ray Wilkins, Motion Capture von Les Ferdinand.
World Series Baseball (USA)	Die Jungs des Sommers erobern in WORLD SERIES BASEBALL dein Wohnzimmer. Spielen Sie als eines der 28 Teams der Major League mit kompletten aktuellen Spielplänen. Versuchen Sie, in einer Saison mit 162 Spielen den Wimpel zu gewinnen, oder überspringen Sie die Saison und nehmen Sie an den Playoffs teil. Wenn Ihr Lieblingsteil der Baseball-Saison das All-Star-Spiel ist, dann nehmen Sie am All-Star-Modus teil. Finde beim Home Run Derby heraus, wer der beste Schlagmann ist. Während du spielst, werden deine Ohren mit Sound in CD-Qualität verwöhnt, der Play-by-Play-Ansagen, Ballpark-Hymnen und dynamische Publikumsreaktionen beinhaltet. Glauben Sie, dass Sie die Action der großen Ligen bewältigen können? Finden Sie es mit World Series Baseball heraus.
World Series Baseball II (USA) (1S)	Mit World Series Baseball 2 auf Saturn können Spieler eine komplette Baseball-Saison in den Vereinigten Staaten noch einmal erleben. Es werden mehr als zwanzig Teams und zugehörige Spieler sowie verschiedene Spielmodi angeboten, darunter das Hom Run Derby oder ein Trainingsmodus.
Worldwide Soccer '98 (USA) (En,Fr,Es)	Sega Worldwide Soccer '98 für Saturn ist eine Fußballsimulation. Die meisten europäischen Wettbewerbe sind vertreten, ebenso wie die anderen nationalen Ligen. Das Spiel ist vollständig lizenziert, d. h. die Namen der Spieler und Mannschaften sind identisch mit denen des echten Spiels.
Worldwide Soccer - Sega International Victory Goal Edition (USA) (RE)	International Victory Goal ist ein Fußballspiel auf Saturn. Sie können aus zwölf Nationalmannschaften in drei Spielmodi wählen, darunter auch die Weltmeisterschaft, bei der Sie 44 Spiele absolvieren müssen, bevor Sie das Finale erreichen können! Das Gameplay des Titels ist sehr Arcade-ähnlich.
Worms (USA)	Worms ist ein strategisches Actionspiel für Saturn. Der Spieler übernimmt die Kontrolle über ein Team von Regenwürmern, die ein anderes Team mit verschiedenen verrückten Waffen auslöschen müssen. Abwechselnd haben die verschiedenen Teams eine Minute Zeit, um einen Angriff mit einem ihrer Kriegerwürmer zu starten. Sie müssen Ihr Ziel sorgfältig auswählen und wissen, wie Sie die richtige Waffe für die jeweilige Situation einsetzen, um maximalen Schaden anzurichten. Es ist viel Präzision erforderlich, um auf die Maden des Gegners zu zielen.
WWF In Your House (USA)	WWF In Your House ist ein Wrestlingspiel, das 1996 für Saturn veröffentlicht wurde. Es bietet dem Spieler die Möglichkeit, in der Rolle der größten Kämpfer der Gegenwart zu kämpfen, wie Bret „The Hitman“ Hart, Ahmed Johnson, Vader, Goldust, The Ultimate Warrior, Owen Hart oder sogar Hunter Hearst Helmsley. Das Spiel bietet verheerende neue Bewegungen und blutige Abschlüsse, die für jeden Kämpfer unterschiedlich und einzigartig sind.
WWF WrestleMania - The Arcade Game (USA)	WWF Wrestlemania: The Arcade Game on Saturn ist ein von der berühmten TV-Show lizenziertes Wrestlingspiel. Der Spieler kann aus acht Superstars der Disziplin wählen. Das Gameplay ähnelt dem eines klassischen Kampfspiels mit seinem Anteil an zerstörerischen Schlägen. Es sind ein Arcade-Modus und ein Turniermodus vorhanden. Es ist auch möglich, im Versus-Modus gegen einen Freund anzutreten.
X-Men - Children of the Atom (USA)	X-MEN UNLEASHED! Eine 100%ige Umsetzung des Arcade-Mega-Hits! Hier ist sie! Ultimativer Kampf! Mutanten-Chaos! X-Power! Spezial-Moves! Action in der Luft! Große Charaktere! Knisternde Grafiken! Genau so, wie du es in der Spielhalle gespielt hast! Du wirst all deine Mutantenkräfte brauchen, deine ganze Geschwindigkeit, deine ganze Kraft... denn dies ist der ultimative Kampf! Hast du genug, um Magneto, Omega Red und den Sentinel zu besiegen? Bist du stark genug für Wolverine, mächtig genug für Cyclops, cool genug für Iceman ... bist du gut genug, um dich der neuen Generation von Mutantenhelden anzuschließen? X-Men Children of the Atom - das Kampfspiel, um sie alle zu beenden!
X-Men vs. Street Fighter (Japan) (1M)	X-Men VS Street Fighter ist eines der besten 2D Fighting Games auf dem Saturn. Es ist eine Adaption des Arcade-Spiels. Kämpfen Sie mit den besten Helden aus der Capcom-Familie und den bekannten Mutanten aus der X-Men-Welt in nervösen und dynamischen Kämpfen. Sie haben die Möglichkeit, Teams zu erstellen und Ihre Kämpfer während des Kampfes auszutauschen.
Yakyuuken Special, The - Kon'ya wa 12-kaisen!! (Japan) (1M)	Ungeachtet dessen, was der Name schon sagt, handelt es sich nicht um ein Baseballspiel, sondern um ein eher simples pornografisches Spiel, bei dem das Ziel darin besteht, junge, tanzende Frauen dazu zu bringen, sich für Sie auszuziehen, indem Sie sie mit einer Schere aus Stein und Papier schlagen. Diese Version zeigt 4 exklusive Frauen. Es gibt keine Sega-Bewertung; In der oberen rechten Ecke der Titelseite ist eine kleine Warnung angebracht (in der Masterliste von Sega of Japan ist dies mit einem X gekennzeichnet).
Yu-No - Konoyo no Hate de Koi o Utau Shoujo (Japan) (Disc A)	Takuya Arima ist ein junger Student, dessen Vater, ein Historiker, der verschiedene Forschungen betrieben hat, vor kurzem verschwunden ist. Während der Sommerferien entdeckt Takuya im Zimmer seines Vaters eine seltsame Kugel und einen Brief, der Informationen über die Existenz einer Parallelwelt enthält. Zunächst nimmt Takuya die Sache nicht ernst, doch bald merkt er, dass er ein Gerät besitzt, mit dem er in ein alternatives Universum reisen kann. Lebt sein Vater noch? Und wenn ja, wo ist er? Begegnungen und Gespräche mit schönen Frauen sowie eine spannungsgeladene Ermittlung warten auf Takuya!
Yumimi Mix Remix (Japan)	Yumimi Mix Remix ist eine Sega Saturn-Neuauflage des Mega-CD-Spiels Yumimi Mix. Obwohl es nicht auf einem Manga oder Anime basiert, hat Yumimi Mix eine charakteristische Handlung und Grafik im Anime-Stil und ist wie ein interaktiver Zeichentrickfilm mit Animationen und Sprachausgabe aufgebaut. Der Spieler wird manchmal aufgefordert, eine Aktion oder eine Antwort aus einem Pop-up-Menü aus zwei oder mehr verfügbaren auszuwählen.
Yuukyuu no Kobako Official Collection (Japan)	„Yūkyū no Kobako“ ist eine Fan-Disc zu „Yūkyū Gensōkyoku“, die eine Sammlung von Videos und Illustrationen aus dem ersten Spiel sowie Vorschauen und Informationen zu „Yūkyū Gensōkyoku: 2nd Album“ enthält. Zusätzlich gibt es einen Quiz-Modus, in dem Spieler ihr Wissen über die Charaktere und die Welt der Spiele testen können.
Z (Europe)	Z on Saturn ist ein etwas ungewöhnliches Echtzeit-Strategiespiel: Man baut keine Stützpunkte, sondern muss Gebiete mit Produktionsfabriken erobern. Sobald das erledigt ist, müssen Sie dem Gegner nur noch zeigen, wer der Boss ist.
Zen Nihon Pro Wres featuring Virtua (Japan)	Die Krieger von Virtua Fighter sind in den Ring gestiegen, um die Champions der Welt herauszufordern! 12 Wrestler treten gegeneinander an, um ihre Fähigkeiten zu zeigen und die Triple Crown zu gewinnen. 3 Spielmodi ermöglichen es Freunden, gegeneinander anzutreten und im ultimativen Kampf der Geister anzutreten!
